image_name,hand_idx,lm_0_x,lm_0_y,lm_1_x,lm_1_y,lm_2_x,lm_2_y,lm_3_x,lm_3_y,lm_4_x,lm_4_y,lm_5_x,lm_5_y,lm_6_x,lm_6_y,lm_7_x,lm_7_y,lm_8_x,lm_8_y,lm_9_x,lm_9_y,lm_10_x,lm_10_y,lm_11_x,lm_11_y,lm_12_x,lm_12_y,lm_13_x,lm_13_y,lm_14_x,lm_14_y,lm_15_x,lm_15_y,lm_16_x,lm_16_y,lm_17_x,lm_17_y,lm_18_x,lm_18_y,lm_19_x,lm_19_y,lm_20_x,lm_20_y
EK_0003_P01_107_frame_0000002908_r.jpg,0,1126.36,906.53,1070.23,861.09,1050.55,804.68,1036.05,755.51,1025.21,715.66,1146.66,770.50,1181.02,696.69,1176.64,658.69,1167.33,635.53,1187.87,791.68,1232.17,717.75,1236.93,678.61,1233.37,652.81,1210.01,816.27,1242.42,753.65,1244.72,715.74,1240.44,692.23,1215.98,838.42,1232.68,792.31,1227.61,763.18,1219.83,747.62
EK_0003_P01_107_frame_0000005267_r.jpg,0,1309.81,407.86,1241.61,396.00,1194.72,357.39,1157.93,337.66,1138.42,338.45,1215.55,260.93,1155.24,268.17,1145.68,300.39,1155.83,325.28,1257.55,251.59,1196.91,269.97,1185.33,305.52,1189.44,330.33,1290.81,262.99,1235.19,278.36,1220.61,305.79,1225.63,331.06,1311.89,281.78,1262.46,292.92,1248.40,312.68,1249.78,333.35
EK_0003_P01_107_frame_0000005328_l.jpg,0,1276.06,478.22,1216.60,491.90,1176.56,488.82,1150.88,498.06,1129.57,514.13,1172.73,401.50,1152.95,369.15,1144.62,353.04,1138.80,343.01,1209.69,379.15,1208.85,370.87,1215.17,385.97,1223.19,401.72,1248.14,376.28,1249.76,371.38,1255.43,385.60,1260.92,400.62,1281.65,383.18,1285.05,380.12,1288.46,392.68,1292.61,406.88
EK_0003_P01_107_frame_0000005701_r.jpg,0,1114.42,794.56,1039.79,832.79,968.11,831.28,902.26,825.57,856.86,836.73,933.96,728.56,859.44,750.00,868.13,778.41,886.02,788.59,950.81,683.59,873.49,704.70,883.21,738.12,904.19,750.62,976.41,660.34,902.09,664.48,901.47,692.74,921.47,710.25,1001.68,653.03,947.22,648.63,938.53,667.27,948.98,680.68
EK_0003_P01_107_frame_0000005701_r.jpg,1,657.13,1019.84,733.50,997.56,782.70,921.92,820.14,859.43,844.67,817.20,719.67,836.90,792.14,775.57,838.93,787.10,863.24,805.68,679.96,822.51,743.40,744.54,779.57,767.82,792.45,797.38,659.83,827.91,717.36,770.33,752.44,788.99,767.83,810.30,656.44,844.11,699.66,798.92,730.43,806.68,748.05,821.63
EK_00084_P04_06_frame_0000001555_l.jpg,0,1193.21,870.82,1127.75,860.78,1096.35,815.23,1082.25,769.29,1064.51,740.84,1108.59,761.55,1099.52,698.20,1104.85,685.54,1112.13,687.31,1147.90,751.04,1132.61,690.48,1128.20,689.55,1128.32,699.35,1183.16,753.76,1164.38,716.53,1152.73,727.14,1150.83,741.77,1213.38,763.05,1190.53,743.99,1178.44,750.25,1177.42,763.90
EK_00084_P04_06_frame_0000003296_l.jpg,0,677.25,897.36,662.83,824.53,665.24,789.72,685.57,777.88,697.98,764.93,667.08,812.98,672.96,791.06,680.66,783.75,688.85,778.88,681.51,839.63,677.47,822.88,672.61,818.35,671.96,823.41,692.06,864.89,689.25,850.50,685.26,846.90,688.03,841.74,701.51,887.14,702.42,877.15,700.65,874.52,700.91,876.56
EK_00084_P04_06_frame_0000003560_r.jpg,0,1026.40,1045.11,1069.90,974.60,1096.15,930.64,1110.78,898.04,1120.45,871.27,1048.84,904.51,1072.46,886.41,1096.97,884.51,1112.21,889.45,1052.29,933.63,1095.78,919.75,1128.59,931.48,1145.10,950.36,1059.95,961.82,1105.00,956.20,1133.02,966.09,1144.83,982.10,1067.73,986.73,1101.92,987.10,1121.32,991.75,1132.10,1000.25
EK_00084_P04_06_frame_0000004126_l.jpg,0,975.95,988.48,1046.00,936.91,1076.64,863.24,1108.69,811.33,1148.18,784.25,963.38,807.25,1012.07,726.56,1050.67,692.89,1078.73,671.87,927.16,809.42,964.72,718.66,1011.69,692.84,1046.50,683.48,911.64,821.26,935.58,743.05,974.48,719.76,1005.86,711.51,910.05,831.38,925.11,772.51,949.05,748.88,972.56,737.89
EK_00084_P04_06_frame_0000004126_l.jpg,1,1508.55,895.91,1434.97,838.54,1373.90,774.81,1322.60,727.28,1283.21,690.80,1445.76,690.24,1364.26,658.16,1311.38,676.79,1278.07,703.26,1447.70,714.00,1358.90,708.68,1324.37,758.50,1314.92,804.86,1442.57,744.02,1366.96,737.86,1341.01,785.11,1339.32,828.78,1438.72,767.46,1384.33,773.85,1361.76,801.47,1358.16,825.34
EK_00084_P04_06_frame_0000004648_l.jpg,0,1033.67,1076.86,1083.07,1010.91,1118.40,966.72,1142.29,937.98,1154.18,912.37,1076.99,946.41,1079.13,910.58,1091.74,897.52,1101.99,894.90,1081.06,974.24,1116.83,958.77,1141.36,967.50,1155.06,979.68,1086.17,1004.27,1129.74,1006.54,1146.11,1018.98,1152.15,1032.89,1090.68,1031.41,1122.16,1038.91,1132.52,1047.03,1134.09,1057.67
EK_00084_P04_06_frame_0000006190_r.jpg,0,1312.03,1059.15,1355.27,1010.79,1346.33,953.75,1317.55,913.98,1290.58,891.94,1286.23,967.08,1256.86,903.35,1245.46,860.06,1240.21,830.65,1249.95,980.82,1228.61,914.23,1225.70,873.51,1226.98,846.28,1229.65,992.13,1219.67,932.92,1224.82,898.40,1232.76,877.56,1221.87,1000.16,1222.36,954.22,1236.37,931.09,1250.91,923.89
EK_00084_P04_06_frame_0000009087_l.jpg,0,729.26,742.33,797.58,733.02,844.55,689.05,866.79,642.42,875.02,609.93,826.73,629.40,849.97,551.30,862.62,518.38,870.97,494.92,799.39,613.95,832.67,541.09,849.79,511.68,863.62,492.84,775.83,609.06,809.55,542.18,829.31,509.04,845.30,485.94,760.00,608.82,787.95,551.87,807.01,522.29,822.77,501.76
EK_00084_P04_06_frame_0000009310_r.jpg,0,1070.61,1090.20,1120.54,1096.01,1165.67,1090.09,1200.47,1079.35,1229.39,1069.88,1137.83,1077.97,1189.47,1030.63,1218.51,1010.78,1239.90,1002.19,1106.39,1053.43,1157.62,993.49,1192.66,972.02,1216.04,966.02,1077.74,1033.30,1118.09,977.49,1151.06,959.86,1175.16,954.74,1056.69,1019.90,1082.67,976.25,1105.92,959.48,1123.51,955.31
EK_00084_P04_06_frame_0000009310_r.jpg,1,1478.24,1111.41,1439.05,1072.86,1414.02,1018.10,1396.17,975.18,1378.70,940.22,1461.44,982.24,1424.65,936.84,1395.78,918.92,1373.63,908.76,1464.08,1001.48,1427.51,965.45,1394.01,946.89,1365.11,939.97,1459.58,1023.38,1419.84,1003.59,1383.32,993.67,1351.21,988.56,1452.52,1043.55,1409.30,1035.22,1375.63,1034.52,1345.62,1035.87
EK_00084_P04_06_frame_0000010271_l.jpg,0,738.63,740.52,808.41,707.38,841.58,641.68,867.26,586.56,884.77,548.14,775.69,581.94,834.04,526.53,869.23,538.77,883.21,558.18,758.93,588.38,818.62,546.68,854.14,562.24,871.48,582.07,755.43,606.49,813.25,579.59,845.55,592.24,862.77,611.11,760.11,626.25,804.72,607.14,833.66,616.08,851.80,633.49
EK_00084_P04_06_frame_0000011826_r.jpg,0,684.07,793.93,779.03,789.47,854.60,743.78,916.64,710.32,965.66,690.74,807.01,626.66,901.35,640.67,914.92,683.95,906.45,704.57,777.05,618.66,869.73,641.28,887.61,681.79,884.12,709.53,754.90,632.70,838.16,653.53,860.02,688.77,861.90,716.36,742.37,651.70,809.13,664.19,829.05,691.92,834.35,715.82
EK_00084_P04_06_frame_0000011826_r.jpg,1,1346.29,912.90,1302.66,860.85,1255.26,798.35,1193.87,762.07,1147.81,738.50,1299.77,727.75,1222.36,689.05,1205.43,719.52,1212.78,747.76,1283.89,747.75,1214.42,721.39,1199.43,754.53,1202.85,782.09,1271.55,774.73,1213.45,752.59,1202.13,777.04,1206.71,797.70,1265.56,799.06,1218.21,782.89,1210.12,799.66,1218.02,815.82
EK_00084_P04_06_frame_0000012523_r.jpg,0,778.77,779.39,862.91,778.00,928.16,767.70,979.21,763.72,1023.09,755.05,908.91,678.15,956.15,652.20,988.19,658.55,1004.73,666.44,890.39,690.10,941.69,669.51,971.61,682.45,986.79,699.78,875.78,705.90,916.78,693.22,947.47,700.66,966.71,714.83,865.88,726.43,899.91,718.21,923.21,724.81,940.13,734.98
EK_00084_P04_06_frame_0000013049_l.jpg,0,707.74,695.10,783.84,712.10,833.98,700.51,866.14,689.57,889.09,690.01,835.53,610.21,873.40,588.64,887.54,596.39,890.28,607.01,806.71,605.19,847.49,601.28,864.21,619.68,873.82,634.68,782.94,609.91,817.42,608.83,836.13,627.15,845.53,645.10,763.98,616.59,794.50,619.32,811.11,634.50,819.81,650.98
EK_00084_P04_06_frame_0000014060_r.jpg,0,577.77,577.81,670.19,603.50,741.86,563.59,795.03,520.52,838.46,502.97,732.93,456.26,820.18,417.94,846.35,450.74,846.29,482.64,694.64,427.71,774.37,428.94,791.65,471.25,789.36,496.98,660.66,424.49,722.60,438.41,737.85,473.09,734.34,499.12,634.57,429.71,685.35,440.09,700.66,466.83,700.48,490.07
EK_00084_P04_06_frame_0000017084_r.jpg,0,1414.82,691.80,1344.25,668.71,1290.87,630.73,1249.51,604.18,1211.85,587.81,1333.72,545.85,1283.03,506.49,1254.10,512.03,1241.90,528.65,1354.28,549.57,1304.56,512.96,1274.26,517.53,1256.94,529.00,1363.82,563.70,1321.18,534.28,1291.18,532.81,1272.34,541.32,1368.42,578.89,1331.61,554.27,1307.99,550.61,1291.75,556.08
EK_00084_P04_06_frame_0000018536_l.jpg,0,891.89,697.42,975.58,652.68,1005.43,577.79,1021.14,521.16,1040.96,478.36,919.36,516.21,926.99,433.93,943.85,411.93,956.06,408.54,876.20,522.54,894.18,446.77,918.56,429.69,936.39,425.77,850.21,537.81,873.72,475.36,897.91,459.36,915.39,455.46,840.33,556.14,861.47,506.16,885.08,491.00,901.47,491.55
EK_00084_P04_06_frame_0000019118_l.jpg,0,1198.80,1062.33,1271.27,1020.40,1321.92,943.10,1326.62,868.17,1297.82,815.35,1268.96,879.67,1263.82,824.28,1276.07,820.32,1288.03,838.13,1225.32,881.74,1210.02,815.26,1235.02,837.78,1256.14,878.60,1184.22,891.95,1175.41,832.84,1208.41,861.14,1232.35,904.76,1142.45,912.66,1143.86,863.39,1167.05,865.56,1187.76,884.21
EK_00084_P04_06_frame_0000021119_r.jpg,0,1563.00,993.98,1474.54,980.06,1425.83,920.78,1417.60,868.15,1410.50,839.30,1457.84,850.08,1409.32,797.43,1381.83,772.89,1361.97,753.25,1505.44,842.57,1462.02,803.34,1445.16,817.70,1441.34,836.15,1542.12,851.02,1498.08,827.39,1476.48,840.52,1472.54,855.38,1572.27,864.71,1534.35,847.92,1512.46,854.57,1505.82,869.87
EK_00084_P04_06_frame_0000022296_r.jpg,0,1262.91,722.62,1201.35,690.91,1169.41,611.96,1150.00,541.41,1131.51,486.81,1253.15,550.63,1207.67,455.64,1166.52,419.90,1127.62,396.24,1261.70,549.05,1203.72,471.46,1145.46,446.15,1095.95,441.58,1256.07,556.38,1201.66,487.84,1149.85,468.25,1106.34,460.51,1244.85,563.21,1204.16,513.01,1164.40,493.86,1129.23,486.62
EK_00084_P04_06_frame_0000022420_r.jpg,0,993.50,821.78,923.08,856.64,858.50,843.55,808.45,803.39,772.06,772.85,856.13,759.14,784.57,715.23,740.92,692.85,713.37,678.00,886.15,719.85,817.15,669.65,776.83,649.96,754.41,639.68,918.23,696.72,864.15,649.98,837.84,646.32,828.86,653.41,950.60,687.23,917.06,645.41,896.01,645.52,889.29,657.03
EK_00084_P04_06_frame_0000022420_r.jpg,1,704.99,1038.04,734.72,970.06,711.82,895.41,690.90,834.85,675.93,781.89,618.30,897.98,663.15,830.64,706.44,849.73,721.16,876.81,605.02,909.11,663.08,852.19,702.71,874.81,716.01,901.88,609.89,921.66,662.72,869.09,696.38,890.03,706.80,910.90,616.46,927.28,655.24,884.74,680.22,901.59,690.04,917.04
EK_00084_P04_06_frame_0000023349_l.jpg,0,733.55,846.30,801.98,813.50,833.73,759.61,835.88,710.39,847.63,678.35,781.20,694.79,801.80,627.76,818.84,624.89,825.49,637.59,737.52,692.69,761.30,629.07,782.24,630.50,792.65,641.93,706.90,703.01,726.91,646.96,749.53,641.38,764.09,647.84,686.29,721.53,703.24,678.17,725.10,668.98,740.29,672.30
EK_00084_P04_06_frame_0000023674_l.jpg,0,799.09,657.43,867.80,668.87,919.53,644.38,943.97,608.75,957.25,587.95,897.63,575.10,939.42,515.94,962.70,494.97,977.01,487.40,863.78,552.41,911.50,491.27,938.92,474.03,955.83,472.86,833.56,543.62,870.63,482.30,898.32,464.72,916.50,463.27,807.95,546.94,831.43,507.25,848.39,504.16,859.24,512.54
EK_00084_P04_06_frame_0000023674_l.jpg,1,1486.49,703.13,1393.36,730.37,1330.10,699.51,1302.45,652.37,1296.34,616.99,1278.41,639.83,1215.22,618.26,1186.88,614.37,1165.89,614.10,1308.91,591.05,1263.28,546.68,1270.45,549.13,1283.83,562.69,1355.23,560.08,1331.91,543.55,1342.54,566.55,1358.61,587.31,1402.69,540.77,1384.63,542.27,1390.17,563.40,1403.60,583.36
EK_00084_P04_06_frame_0000023820_r.jpg,0,1497.51,834.57,1442.28,794.10,1377.84,767.66,1328.56,751.65,1294.49,731.97,1378.17,724.83,1323.13,704.89,1279.92,699.68,1247.28,694.64,1376.35,759.17,1322.00,777.54,1339.81,805.68,1372.81,818.83,1379.94,791.40,1336.31,812.70,1368.32,839.37,1401.70,849.11,1387.49,816.94,1360.31,838.05,1384.07,857.02,1410.08,859.09
EK_00084_P04_06_frame_0000026043_r.jpg,0,1807.30,911.32,1722.45,921.33,1633.27,890.79,1569.18,867.85,1517.14,848.78,1630.09,787.86,1533.14,790.85,1481.08,798.48,1438.27,794.75,1651.08,785.70,1563.92,797.85,1503.11,809.97,1454.83,819.25,1666.84,801.38,1602.22,834.18,1576.93,868.11,1561.04,886.93,1676.73,812.42,1627.41,845.06,1608.39,876.00,1597.46,899.03
EK_00084_P04_06_frame_0000026043_r.jpg,1,898.53,906.34,982.88,873.29,1025.18,823.97,1034.28,780.30,1013.82,767.13,967.71,730.96,990.56,696.72,1004.31,728.69,1002.60,758.12,920.90,733.27,950.54,696.60,969.40,723.27,970.74,750.50,883.84,751.26,913.77,726.31,933.17,746.65,935.96,774.39,858.15,777.21,883.17,759.07,901.27,773.81,906.64,796.45
EK_00084_P04_06_frame_0000026658_r.jpg,0,688.99,828.07,748.62,789.53,772.22,741.28,783.85,703.28,805.59,681.30,712.96,684.14,746.21,652.86,770.59,658.91,785.76,669.89,679.70,691.89,713.73,666.08,739.59,673.74,755.64,685.73,658.27,711.60,685.33,684.68,710.10,687.74,728.58,699.90,647.46,734.33,665.27,712.95,686.36,712.95,702.50,722.40
EK_00084_P04_06_frame_0000027166_l.jpg,0,711.13,881.89,770.51,845.29,797.82,803.23,820.54,769.95,849.04,756.33,749.79,738.10,781.09,696.29,800.32,694.15,812.24,698.85,713.17,738.06,744.90,703.89,765.74,710.11,777.66,720.11,687.28,751.51,712.08,720.19,733.54,721.94,748.33,731.72,671.40,769.12,689.25,744.30,709.08,741.99,723.48,748.74
EK_00084_P04_06_frame_0000033123_l.jpg,0,708.94,847.12,787.82,793.39,814.51,708.99,830.64,635.25,856.30,589.20,714.30,685.68,774.26,591.65,823.97,576.96,857.64,579.53,668.24,677.43,739.88,587.90,790.92,588.02,820.16,602.21,648.04,678.97,718.82,602.53,762.10,604.17,785.42,618.91,642.97,686.53,694.26,629.25,731.81,625.03,755.29,635.20
EK_00084_P04_06_frame_0000033695_r.jpg,0,1384.24,398.29,1311.04,396.97,1265.44,365.32,1241.14,331.38,1229.69,309.72,1272.43,304.03,1237.85,289.65,1240.50,315.39,1250.36,332.56,1307.18,278.89,1283.38,281.62,1282.77,308.18,1292.57,324.84,1344.45,272.19,1321.86,276.48,1318.76,302.92,1327.72,317.28,1377.27,276.84,1353.93,278.28,1346.89,301.17,1350.68,318.05
EK_00084_P04_06_frame_0000034235_r.jpg,0,1462.83,440.17,1398.51,470.00,1349.80,458.28,1320.86,435.86,1309.86,409.94,1306.01,430.61,1270.60,392.42,1281.79,382.02,1296.35,382.82,1315.31,393.05,1259.10,357.34,1272.82,351.77,1292.06,356.38,1337.62,359.82,1275.97,325.64,1288.59,325.57,1305.49,332.70,1372.42,333.88,1319.20,301.98,1322.23,306.76,1336.80,318.52
EK_00084_P04_06_frame_0000035679_r.jpg,0,1349.76,857.84,1289.87,862.42,1260.75,840.27,1252.94,825.39,1254.55,817.43,1288.42,766.09,1283.06,723.13,1276.66,704.82,1273.32,701.80,1322.23,761.42,1315.63,716.71,1308.90,701.70,1303.82,697.18,1350.96,766.53,1347.68,728.20,1339.33,713.61,1335.15,706.19,1372.62,783.64,1366.54,756.50,1357.11,749.15,1350.78,748.44
EK_00084_P04_06_frame_0000041953_r.jpg,0,1320.11,719.40,1247.12,736.18,1195.67,703.99,1176.17,655.07,1171.50,625.48,1198.92,622.22,1165.51,569.57,1154.62,557.71,1153.27,559.40,1238.96,600.18,1202.14,546.00,1183.42,539.13,1172.76,541.88,1272.59,596.40,1242.16,551.71,1220.87,547.82,1213.21,552.27,1305.05,601.58,1277.32,564.41,1257.82,560.29,1249.42,564.20
EK_00084_P04_06_frame_0000041953_r.jpg,1,721.56,1058.07,791.87,1018.60,815.74,958.70,830.77,906.52,854.97,873.08,774.06,887.14,777.66,824.98,789.94,814.20,798.51,822.57,730.97,887.22,741.03,831.74,757.52,830.16,768.48,835.93,696.99,900.26,709.08,855.49,728.34,850.03,740.56,858.00,672.27,921.92,688.26,895.98,709.34,892.35,722.96,900.94
EK_00084_P04_06_frame_0000042463_l.jpg,0,1013.16,665.11,1089.38,602.46,1131.16,500.83,1164.59,407.76,1189.99,342.30,997.44,442.81,1061.60,340.43,1128.59,308.65,1171.70,301.69,972.19,444.91,1050.75,358.90,1111.64,377.19,1137.47,407.89,973.00,455.12,1051.01,390.78,1101.69,422.54,1119.59,463.70,980.57,465.38,1040.84,419.18,1087.33,436.41,1107.64,466.24
EK_00084_P04_06_frame_0000042714_r.jpg,0,1282.20,841.72,1213.05,831.46,1169.90,792.26,1144.12,754.16,1130.73,724.35,1211.62,735.03,1207.49,667.67,1198.13,637.98,1188.19,619.83,1246.18,727.11,1229.25,667.20,1207.72,643.17,1190.27,634.44,1275.37,730.77,1262.71,675.51,1249.35,647.09,1237.04,631.45,1299.79,740.27,1298.26,697.30,1295.15,672.11,1291.05,654.06
EK_0016_P07_101_frame_0000000776_l.jpg,0,1336.65,865.57,1274.95,827.41,1253.23,778.44,1247.45,738.59,1243.92,716.23,1329.16,716.20,1316.14,687.36,1297.99,700.30,1289.90,719.02,1369.23,733.80,1341.08,717.64,1319.82,730.13,1313.81,748.11,1391.38,760.85,1367.58,745.80,1350.29,755.37,1343.61,773.29,1406.29,788.06,1384.79,772.57,1371.35,781.62,1365.78,796.82
EK_0016_P07_101_frame_0000002469_r.jpg,0,840.50,988.72,893.93,998.55,933.95,970.77,953.29,942.32,968.55,923.37,912.04,879.60,939.27,843.61,959.36,859.27,966.32,883.33,878.68,868.85,911.57,821.08,935.79,840.43,944.53,867.10,848.19,872.62,876.50,831.56,900.81,845.55,911.15,866.62,824.82,888.82,848.00,858.99,869.69,864.93,879.79,878.12
EK_0016_P07_101_frame_0000002469_r.jpg,1,1330.82,932.26,1289.93,894.19,1262.27,844.99,1237.70,805.09,1215.30,769.12,1306.50,799.68,1282.95,753.69,1259.34,728.06,1237.60,717.76,1307.45,818.18,1288.48,775.90,1259.70,754.01,1233.19,740.63,1302.86,839.48,1278.44,812.80,1253.05,792.99,1229.97,779.52,1294.91,861.64,1269.01,846.71,1251.91,839.33,1238.07,834.34
EK_0016_P07_101_frame_0000003151_l.jpg,0,877.67,747.66,853.49,758.95,826.77,763.93,808.79,764.19,794.75,769.25,842.28,746.82,849.51,731.11,851.58,734.77,852.04,742.42,858.68,733.59,863.86,712.80,862.73,719.97,861.04,729.13,872.72,723.16,878.05,700.41,879.42,708.17,880.05,718.01,886.40,716.82,896.43,696.27,899.71,699.31,901.05,706.64
EK_0016_P07_101_frame_0000004586_l.jpg,0,771.77,663.82,844.15,669.18,897.09,628.75,935.10,585.25,968.16,562.55,883.58,583.21,941.76,520.16,967.66,487.18,982.71,464.63,840.73,552.83,904.35,485.63,936.47,457.73,954.15,443.28,800.23,535.03,854.07,469.67,891.00,447.13,915.38,436.07,767.41,530.66,811.77,488.85,841.51,475.73,864.43,469.76
EK_0016_P07_101_frame_0000004586_l.jpg,1,1275.91,836.57,1173.72,839.05,1116.30,777.07,1101.23,712.12,1099.08,673.13,1158.52,670.41,1108.60,608.00,1072.13,578.62,1047.99,557.15,1216.76,660.28,1156.12,661.72,1142.18,696.76,1155.28,717.51,1257.45,674.86,1203.89,672.76,1189.19,700.82,1200.97,717.38,1284.93,695.99,1245.73,689.75,1235.41,708.35,1244.51,729.91
EK_0016_P07_101_frame_0000005488_l.jpg,0,872.65,643.59,921.10,665.15,957.66,672.15,986.46,679.37,1012.79,688.34,963.20,595.90,1008.77,561.77,1034.93,540.89,1055.40,524.43,933.98,568.91,974.50,522.17,1000.22,494.53,1020.67,474.61,898.60,555.83,930.85,509.46,951.59,480.91,969.36,459.15,864.00,554.60,874.15,515.39,881.14,489.25,889.68,466.43
EK_0016_P07_101_frame_0000005488_l.jpg,1,1280.12,620.32,1222.81,643.05,1176.27,622.09,1150.59,589.71,1138.02,567.90,1185.18,568.97,1130.83,537.44,1122.89,555.62,1135.04,571.27,1211.99,540.75,1155.12,501.33,1134.19,519.64,1135.57,537.78,1237.11,526.69,1188.24,491.21,1168.90,509.65,1172.21,525.16,1260.72,524.45,1225.29,503.00,1210.06,516.36,1215.25,530.48
EK_0016_P07_101_frame_0000007678_r.jpg,0,1264.64,1055.45,1193.81,1063.05,1137.86,1033.25,1096.50,1008.45,1063.91,991.53,1152.61,934.16,1089.77,923.38,1063.38,940.01,1054.73,959.23,1184.29,921.04,1119.19,912.17,1088.03,930.87,1072.38,951.84,1205.28,925.10,1145.19,916.82,1114.06,929.02,1096.16,946.11,1218.32,937.17,1166.29,925.46,1137.68,931.14,1119.42,945.41
EK_0016_P07_101_frame_0000008786_l.jpg,0,1477.33,923.04,1394.46,898.64,1343.55,841.84,1319.21,791.63,1306.59,754.85,1392.77,765.45,1356.76,711.30,1334.84,696.34,1318.32,689.59,1441.19,755.26,1394.56,718.14,1373.49,733.24,1369.29,753.65,1479.49,761.71,1438.28,722.15,1415.20,733.53,1407.16,752.66,1508.14,773.79,1476.44,737.26,1453.01,738.78,1442.56,753.14
EK_0016_P07_101_frame_0000009901_l.jpg,0,1280.90,739.34,1231.74,702.40,1205.09,649.33,1173.64,612.00,1148.29,587.20,1286.13,590.24,1231.31,543.45,1188.92,550.05,1160.87,562.11,1297.84,603.23,1231.24,568.08,1188.41,581.01,1160.98,600.20,1297.20,619.82,1235.62,593.35,1197.94,603.08,1172.26,618.32,1293.47,633.55,1246.27,617.05,1215.19,620.77,1191.89,628.78
EK_0016_P07_101_frame_0000009901_l.jpg,1,940.75,685.61,1001.35,677.57,1055.51,642.68,1098.79,624.30,1131.10,619.22,998.68,544.49,1057.69,522.08,1095.43,544.09,1114.44,569.02,975.43,544.75,1047.71,547.57,1086.02,582.39,1105.16,614.09,960.83,559.30,1024.97,575.13,1063.16,604.23,1083.09,634.35,952.75,577.01,1002.34,590.83,1034.56,609.89,1053.74,631.33
EK_0016_P07_101_frame_0000011086_r.jpg,0,1356.90,727.93,1311.83,671.57,1283.34,621.71,1257.10,592.68,1230.47,567.26,1375.97,597.90,1385.58,561.58,1368.13,554.66,1352.83,561.49,1389.56,617.55,1389.39,589.04,1371.41,579.21,1357.73,580.63,1391.32,639.27,1383.12,615.88,1371.52,601.88,1357.98,599.82,1386.00,659.93,1380.85,634.05,1370.77,622.58,1360.53,620.09
EK_0016_P07_101_frame_0000011276_l.jpg,0,787.09,804.79,828.06,803.80,859.45,783.33,879.26,768.85,892.85,759.47,846.34,713.68,867.18,693.54,880.82,706.06,884.53,723.82,822.60,707.76,844.10,687.09,858.46,699.17,864.97,715.74,801.79,710.88,823.40,694.16,839.65,701.61,846.46,715.63,786.86,723.43,805.82,709.95,820.76,714.56,828.35,723.72
EK_0016_P07_101_frame_0000011621_r.jpg,0,1357.74,824.85,1295.54,845.70,1253.07,834.06,1227.58,819.20,1219.93,807.09,1243.19,741.48,1198.41,694.80,1178.85,689.88,1176.78,696.60,1277.48,718.55,1230.05,666.04,1213.24,671.84,1207.72,683.88,1309.35,709.96,1268.61,665.80,1250.24,672.52,1245.13,682.95,1335.37,712.43,1302.50,679.40,1284.88,682.54,1282.14,691.64
EK_0016_P07_101_frame_0000012176_r.jpg,0,1371.27,676.31,1297.21,701.48,1240.93,683.79,1201.50,663.30,1170.85,651.45,1262.12,581.99,1220.84,540.06,1196.15,519.65,1180.04,509.23,1304.08,557.24,1267.55,502.07,1241.25,478.11,1223.99,467.34,1340.90,553.19,1312.31,495.61,1289.70,471.53,1270.67,460.67,1370.96,563.96,1372.62,525.38,1365.60,506.13,1355.14,496.73
EK_0016_P07_101_frame_0000012176_r.jpg,1,743.57,883.55,830.77,876.12,864.70,835.19,879.31,795.68,900.32,765.94,867.08,768.26,902.35,717.03,924.03,700.89,931.69,703.69,824.47,750.24,860.06,682.54,884.82,678.86,895.46,691.39,786.41,747.22,826.77,698.16,852.72,698.11,861.73,705.10,756.57,752.34,793.58,726.13,817.95,726.12,827.83,732.86
EK_0016_P07_101_frame_0000012329_l.jpg,0,1369.68,992.04,1259.65,969.38,1181.89,911.74,1121.95,851.37,1080.01,810.83,1224.66,791.46,1121.77,736.68,1071.29,738.47,1038.27,749.90,1281.73,755.23,1194.23,662.25,1142.57,652.08,1107.20,664.30,1331.95,751.23,1261.92,665.56,1208.45,644.75,1170.43,650.66,1371.06,770.77,1333.46,695.16,1291.30,676.04,1259.93,681.78
EK_0016_P07_101_frame_0000012329_l.jpg,1,833.67,842.28,894.31,857.00,956.69,820.68,1010.66,778.49,1049.67,750.67,888.78,728.18,944.57,682.28,976.62,704.74,982.71,726.51,870.77,703.91,941.69,651.11,980.44,682.19,987.39,712.72,866.40,697.24,930.68,653.95,966.22,683.67,974.59,710.43,870.43,702.13,921.73,671.55,949.81,691.08,959.03,712.70
EK_0016_P07_101_frame_0000012621_l.jpg,0,1189.40,924.81,1131.26,872.79,1108.98,804.43,1089.25,750.22,1066.69,704.27,1179.28,744.51,1117.18,705.93,1081.23,707.15,1066.50,715.38,1195.13,759.47,1131.18,724.49,1090.79,740.02,1068.54,760.53,1196.03,779.40,1137.09,758.00,1098.05,776.28,1078.97,799.54,1193.67,792.05,1145.58,780.07,1113.28,790.28,1093.47,804.09
EK_0016_P07_101_frame_0000012621_l.jpg,1,845.66,975.48,911.33,953.41,958.50,906.81,993.92,871.97,1026.79,840.76,916.46,825.28,950.22,779.62,982.64,769.09,1003.32,770.81,904.84,842.32,936.14,798.48,967.15,795.97,991.56,795.31,900.09,865.36,928.63,833.45,956.78,827.31,978.25,829.34,897.81,890.44,925.27,864.10,944.67,858.90,961.65,859.50
EK_0016_P07_101_frame_0000013513_l.jpg,0,769.68,645.20,840.63,623.09,886.39,570.58,911.92,514.10,947.65,485.83,828.98,503.38,888.29,450.39,923.74,444.03,943.05,446.10,791.44,483.28,845.31,404.75,877.73,417.33,891.89,440.79,769.97,479.75,816.33,412.23,847.86,423.18,861.37,441.50,760.93,487.16,794.93,434.12,822.13,434.89,837.14,444.32
EK_0016_P07_101_frame_0000015562_r.jpg,0,968.07,883.86,972.04,811.42,1005.57,757.84,1044.86,730.13,1070.81,713.48,1012.38,760.56,1051.71,731.93,1058.53,727.02,1059.69,726.13,1031.40,794.41,1060.31,765.96,1057.06,757.62,1050.70,757.99,1044.53,824.33,1066.97,794.12,1061.48,781.04,1052.62,778.10,1052.99,849.81,1065.35,819.53,1059.55,805.89,1051.30,802.44
EK_0016_P07_101_frame_0000016025_r.jpg,0,1148.67,890.07,1171.96,821.64,1211.37,773.78,1252.56,756.55,1278.70,742.13,1208.75,771.60,1247.09,767.70,1239.94,780.30,1228.64,786.68,1215.50,811.74,1241.78,812.77,1222.63,823.46,1204.85,824.88,1222.46,849.98,1241.63,851.73,1221.61,859.60,1203.55,859.91,1227.86,885.53,1243.80,892.17,1229.61,897.84,1215.66,898.70
EK_0016_P07_101_frame_0000016025_r.jpg,1,1289.56,1033.15,1250.07,975.85,1248.95,910.15,1252.35,857.27,1254.72,821.03,1344.35,888.40,1329.75,817.03,1302.48,789.12,1278.13,771.29,1360.58,900.62,1339.22,831.22,1304.40,804.97,1272.37,793.85,1359.00,913.93,1337.23,854.75,1305.18,832.71,1275.84,822.13,1350.96,921.98,1331.13,879.83,1308.58,861.59,1285.12,853.03
EK_0016_P07_101_frame_0000016611_l.jpg,0,1261.99,511.91,1397.62,539.76,1518.90,463.31,1637.54,410.01,1752.32,410.51,1485.56,266.81,1634.36,234.66,1678.88,285.57,1689.07,326.23,1437.46,232.96,1586.56,210.84,1642.74,257.58,1667.98,296.16,1399.64,232.03,1540.22,216.92,1598.17,255.94,1629.21,291.60,1380.14,252.78,1493.04,236.84,1547.79,264.77,1578.26,293.59
EK_0016_P07_101_frame_0000016734_l.jpg,0,1269.27,1082.83,1271.78,999.07,1261.73,934.92,1240.98,884.34,1232.50,845.91,1265.98,920.57,1239.23,878.26,1228.16,868.23,1228.80,869.63,1236.88,945.44,1195.72,907.60,1202.01,923.22,1219.86,945.99,1212.81,973.04,1177.08,945.61,1190.49,966.99,1209.90,988.26,1194.46,1001.92,1167.86,975.64,1178.58,991.37,1196.71,1007.48
EK_0016_P07_101_frame_0000016778_r.jpg,0,592.36,902.96,625.80,852.75,623.66,795.56,620.97,753.67,621.82,721.12,563.88,778.17,571.04,729.19,590.92,709.67,604.61,701.21,549.80,787.08,557.97,737.90,576.98,717.01,592.19,702.55,546.59,796.11,556.25,751.18,570.74,728.27,584.11,709.98,552.95,804.54,558.69,762.82,571.26,741.20,583.85,728.40
EK_0016_P07_101_frame_0000016822_l.jpg,0,628.14,883.06,686.31,833.86,697.66,765.75,700.02,713.54,712.13,676.70,626.71,732.83,655.41,668.20,690.05,659.59,714.38,663.88,602.85,740.84,643.08,688.50,678.40,685.42,702.65,691.00,596.74,753.40,638.62,711.29,670.12,707.86,692.97,710.74,600.40,765.18,632.99,730.51,658.05,726.17,677.56,731.02
EK_0016_P07_101_frame_0000016850_l.jpg,0,758.16,820.14,824.14,798.96,856.24,742.09,880.27,694.58,903.68,661.98,790.13,680.70,835.35,619.59,871.93,618.70,893.87,628.16,763.79,674.84,816.36,614.72,855.28,624.33,876.04,644.65,752.86,679.60,801.83,631.71,838.34,642.08,858.61,662.00,753.08,689.77,788.80,656.71,817.89,658.64,837.51,669.61
EK_0016_P07_101_frame_0000018553_r.jpg,0,1194.41,438.85,1165.50,372.91,1148.66,327.36,1120.12,297.10,1097.25,280.96,1206.46,290.10,1209.85,266.15,1196.57,261.96,1184.81,266.22,1181.71,316.33,1156.37,305.30,1131.59,312.77,1115.11,326.35,1160.85,347.02,1129.58,338.62,1110.78,346.93,1099.04,352.83,1143.85,372.32,1117.48,367.68,1108.38,374.61,1109.52,379.22
EK_0016_P07_101_frame_0000018586_l.jpg,0,1326.88,902.98,1263.48,867.88,1231.99,807.90,1207.36,765.77,1181.88,739.04,1305.83,742.07,1297.11,699.54,1276.81,689.60,1263.58,687.08,1320.58,754.17,1290.80,723.96,1260.96,731.38,1246.83,741.46,1323.82,772.17,1288.62,747.20,1261.63,755.49,1247.01,766.84,1324.59,787.77,1289.61,769.78,1266.06,771.68,1251.21,780.13
EK_0016_P07_101_frame_0000019226_r.jpg,0,870.82,797.52,953.06,809.52,1018.53,787.27,1060.88,754.29,1084.36,731.43,1035.91,695.41,1087.90,686.26,1077.97,716.56,1056.96,737.23,1004.60,667.06,1056.40,668.13,1056.58,693.77,1040.89,713.59,969.00,655.30,1008.64,663.74,1009.84,687.26,993.06,706.22,934.06,653.56,967.85,660.98,969.83,679.76,958.07,695.63
EK_0016_P07_101_frame_0000019226_r.jpg,1,1185.98,950.66,1130.49,905.07,1107.32,840.92,1088.05,794.84,1073.97,762.80,1203.37,800.45,1142.04,753.45,1101.08,754.53,1074.95,756.32,1223.83,807.72,1156.76,771.04,1115.27,776.10,1089.35,785.43,1226.21,822.12,1160.64,793.85,1124.45,799.15,1101.92,807.55,1220.93,833.53,1171.84,814.39,1141.34,816.84,1120.21,824.62
EK_0016_P07_101_frame_0000021876_l.jpg,0,851.07,691.97,830.35,614.90,845.81,555.90,882.27,523.19,922.13,518.07,869.29,524.32,915.73,461.92,931.47,466.67,929.51,480.85,912.30,539.88,960.05,486.13,956.99,511.03,943.60,536.25,953.36,568.57,996.15,511.22,987.01,532.16,970.83,555.68,985.65,604.90,1020.68,562.77,1004.67,573.95,984.74,590.12
EK_0016_P07_101_frame_0000022418_l.jpg,0,663.44,816.35,726.90,835.73,785.66,799.98,832.64,766.85,873.30,746.45,750.62,708.67,820.26,677.60,855.93,690.69,875.06,708.74,719.87,684.10,799.34,648.49,829.79,674.76,841.01,702.53,697.26,679.53,769.12,652.73,801.85,675.54,815.73,698.26,683.68,686.68,737.59,665.85,766.51,679.92,782.52,695.71
EK_0018_P07_110_frame_0000000743_r.jpg,0,968.12,1073.81,900.76,1040.72,864.18,997.82,835.12,973.65,816.37,955.79,918.97,921.30,872.43,901.34,838.11,918.76,824.21,941.53,941.73,935.77,894.43,912.63,861.42,933.42,847.54,954.51,952.70,953.42,908.84,933.63,877.33,948.97,865.21,969.66,957.02,968.06,921.66,955.75,895.30,962.92,880.50,977.41
EK_0018_P07_110_frame_0000002076_r.jpg,0,1394.82,920.69,1278.29,909.44,1203.54,843.43,1157.94,797.61,1114.54,775.39,1230.23,737.75,1165.87,723.36,1164.81,763.98,1174.98,786.52,1280.85,722.77,1210.67,723.87,1198.75,762.60,1204.07,791.56,1321.56,731.78,1254.67,733.33,1238.71,761.87,1240.74,787.22,1346.61,745.66,1293.44,746.67,1276.28,768.86,1277.50,793.09
EK_0018_P07_110_frame_0000002076_r.jpg,1,1001.08,1082.96,1054.85,1072.31,1107.43,1045.02,1152.05,1014.93,1185.06,986.98,1074.62,950.29,1115.10,902.96,1143.95,919.75,1158.32,946.27,1055.83,960.12,1094.76,927.18,1127.88,945.02,1148.21,973.02,1043.73,975.73,1080.28,960.48,1109.25,976.22,1126.83,1000.05,1037.86,995.19,1070.02,979.64,1094.75,990.15,1112.99,1005.62
EK_0018_P07_110_frame_0000003176_l.jpg,0,1179.05,1014.65,1077.64,994.19,1026.95,917.50,1013.20,846.77,997.94,801.76,1078.71,832.48,1031.42,775.34,1014.02,801.20,1020.05,826.13,1128.53,824.52,1078.98,818.45,1066.83,852.83,1076.32,874.36,1165.25,836.70,1113.40,829.66,1100.40,855.51,1106.52,879.44,1187.62,852.04,1143.73,847.70,1133.06,868.05,1139.44,886.95
EK_0018_P07_110_frame_0000003176_l.jpg,1,725.06,988.74,752.36,918.52,784.12,840.71,821.70,782.51,853.01,733.94,697.87,779.34,759.14,723.91,811.37,700.45,852.60,685.53,724.83,799.88,784.62,748.46,837.66,728.53,884.34,713.76,752.98,821.28,795.77,778.92,843.15,760.94,886.97,748.89,776.56,842.90,809.17,803.96,843.89,789.35,876.08,778.41
EK_0018_P07_110_frame_0000003521_l.jpg,0,1257.05,1003.10,1183.72,998.66,1146.89,959.72,1126.11,922.60,1105.92,901.00,1152.33,882.29,1115.15,824.13,1101.76,824.86,1105.14,844.35,1194.39,862.18,1154.38,798.79,1134.45,798.55,1128.62,814.45,1231.64,859.11,1203.39,793.29,1177.40,784.31,1162.29,794.74,1265.79,868.70,1265.93,814.45,1245.08,800.53,1226.26,810.21
EK_0018_P07_110_frame_0000003675_r.jpg,0,751.08,532.46,810.66,565.01,862.21,556.24,892.01,534.10,914.66,522.06,880.08,467.71,926.76,443.38,943.28,439.28,945.01,445.69,851.28,432.30,896.06,378.45,917.46,374.40,925.15,384.88,816.47,415.13,854.87,363.54,871.82,365.57,879.42,377.31,781.13,416.34,806.90,387.12,817.87,393.09,819.62,407.91
EK_0018_P07_110_frame_0000005676_r.jpg,0,1433.96,919.67,1333.01,898.40,1272.28,832.87,1233.09,760.82,1206.85,704.75,1339.44,764.94,1267.48,679.95,1258.17,694.95,1267.78,721.47,1395.12,735.14,1357.78,628.70,1326.18,624.72,1303.69,641.17,1428.96,725.10,1401.55,635.25,1369.03,626.22,1347.01,638.17,1444.25,728.95,1421.78,661.47,1393.03,650.93,1373.32,661.08
EK_0018_P07_110_frame_0000006712_r.jpg,0,841.46,1016.55,927.28,1027.28,988.81,992.87,1039.12,944.68,1095.88,917.11,936.17,903.26,983.10,804.98,1031.14,774.29,1061.58,776.95,895.50,866.80,975.92,788.17,1025.87,781.88,1052.44,792.95,871.01,843.66,948.29,788.15,990.14,790.27,1012.38,802.07,856.86,832.85,922.54,802.83,956.15,806.49,974.76,820.46
EK_0018_P07_110_frame_0000006967_r.jpg,0,1256.72,814.16,1263.55,729.38,1269.87,652.50,1252.55,593.12,1226.46,537.82,1299.64,623.81,1269.33,581.06,1239.95,565.09,1221.50,563.17,1272.14,654.97,1239.35,616.93,1212.09,620.65,1197.74,629.68,1241.07,679.38,1211.10,645.19,1195.89,644.29,1189.87,651.16,1207.33,697.57,1179.46,665.55,1164.51,653.06,1159.24,645.89
EK_0018_P07_110_frame_0000007851_l.jpg,0,406.70,997.95,495.08,1022.33,574.31,972.59,646.10,914.52,717.79,858.72,509.34,798.71,628.71,709.08,700.00,726.62,721.09,768.94,474.00,768.41,610.03,704.25,674.24,749.69,691.35,800.71,460.61,761.80,585.98,712.53,645.06,754.08,662.10,801.89,459.38,764.64,556.07,725.28,609.76,751.38,630.73,785.51
EK_0018_P07_110_frame_0000008926_l.jpg,0,1330.35,876.78,1462.06,921.05,1581.60,878.16,1687.58,847.27,1782.81,848.54,1557.62,698.43,1651.76,619.48,1707.25,597.13,1742.47,592.55,1493.18,660.08,1576.10,570.44,1635.38,561.28,1673.50,579.41,1439.84,653.84,1521.10,588.76,1576.14,580.01,1612.89,587.05,1408.44,671.60,1479.06,616.70,1519.17,610.03,1548.56,616.20
EK_0018_P07_110_frame_0000010692_l.jpg,0,803.60,846.44,861.89,792.39,881.02,740.10,895.62,703.85,915.44,676.92,799.85,701.46,811.25,657.91,839.49,669.74,851.38,690.25,780.18,717.34,804.00,682.19,835.12,692.15,853.38,708.85,770.82,738.66,798.82,713.74,827.95,715.45,846.35,727.97,768.41,759.69,795.02,732.45,819.11,735.56,833.84,746.41
EK_0018_P07_110_frame_0000010692_l.jpg,1,1160.70,594.61,1073.27,585.98,1010.19,539.12,967.68,500.39,928.63,470.50,1058.08,435.98,1010.02,389.09,981.96,370.92,960.45,362.50,1096.58,432.78,1042.85,398.14,1006.30,394.91,981.17,399.00,1120.95,446.43,1069.04,425.12,1032.87,424.91,1010.95,434.66,1135.11,462.03,1088.79,447.83,1055.51,448.31,1034.52,458.64
EK_0018_P07_110_frame_0000011113_l.jpg,0,1239.77,585.16,1153.79,590.04,1081.38,556.22,1025.58,528.34,980.78,514.89,1120.07,439.43,1053.58,403.84,1024.08,417.98,1003.54,441.68,1152.88,425.42,1075.55,432.15,1041.99,467.58,1023.01,501.64,1174.45,432.70,1102.49,449.94,1069.42,479.54,1049.47,508.79,1187.04,445.14,1130.94,458.67,1101.13,480.95,1084.34,506.79
EK_0018_P07_110_frame_0000011113_l.jpg,1,833.48,911.02,909.37,878.06,943.61,822.86,961.38,781.39,983.85,753.12,880.57,753.00,892.47,733.05,903.82,754.81,906.21,776.53,840.77,763.61,857.91,758.65,872.74,778.67,878.41,797.76,808.61,791.17,824.37,785.99,841.14,798.83,850.86,815.09,787.49,822.98,795.26,813.50,809.67,823.28,817.86,836.34
EK_0018_P07_110_frame_0000011515_r.jpg,0,1485.49,992.73,1384.68,963.82,1301.15,898.06,1238.20,851.82,1182.90,819.93,1420.87,775.79,1343.74,677.22,1303.12,644.62,1268.48,620.57,1469.53,760.26,1387.54,662.51,1332.24,634.76,1292.58,629.09,1491.36,763.87,1417.82,685.38,1365.22,665.54,1326.83,663.35,1492.79,771.20,1436.91,711.27,1393.01,692.41,1358.42,688.39
EK_0018_P07_110_frame_0000011515_r.jpg,1,930.99,1035.53,972.98,997.12,1002.60,932.80,1038.95,887.73,1075.42,846.99,923.68,835.72,931.40,766.78,957.34,735.84,981.62,719.98,928.47,848.92,943.14,786.61,979.28,759.95,1015.91,750.78,941.56,867.36,960.84,815.58,989.50,790.96,1019.88,774.09,960.05,889.56,983.70,852.28,1004.71,837.73,1026.70,826.48
EK_0018_P07_110_frame_0000012480_r.jpg,0,1181.48,652.07,1152.59,630.96,1121.64,590.36,1095.20,555.55,1058.52,536.07,1144.22,542.44,1114.94,496.48,1083.12,483.28,1059.86,487.47,1143.53,551.43,1118.30,509.00,1085.73,498.69,1063.30,499.59,1141.00,563.44,1119.43,532.12,1092.54,521.04,1071.56,518.49,1137.24,576.98,1113.68,554.15,1093.61,545.31,1077.73,539.74
EK_0018_P07_110_frame_0000012619_r.jpg,0,523.26,1048.38,552.28,985.52,585.98,910.75,618.94,850.05,646.83,807.40,532.06,840.37,585.92,782.80,637.09,777.99,680.46,786.98,551.33,857.56,607.71,803.82,657.92,807.51,700.24,820.70,570.96,877.58,619.67,837.34,665.54,840.99,698.93,859.58,585.11,898.87,620.49,867.37,653.82,870.17,680.96,883.36
EK_0025_P09_103_frame_0000000492_r.jpg,0,1059.22,639.84,997.10,640.86,949.10,608.55,913.60,587.14,882.92,573.15,986.29,522.63,961.93,476.57,938.65,473.79,923.31,485.61,1015.30,519.85,982.94,482.70,957.15,483.71,940.05,493.17,1035.53,528.36,1004.23,503.47,979.28,501.97,962.16,509.76,1048.15,541.85,1020.11,521.54,997.41,520.41,983.09,527.67
EK_0025_P09_103_frame_0000000626_l.jpg,0,1436.56,1072.64,1360.99,1072.66,1299.56,1009.75,1249.43,933.74,1201.00,883.83,1374.16,925.03,1302.70,820.96,1244.88,804.82,1206.23,806.79,1407.57,900.05,1329.09,794.16,1263.08,797.80,1222.60,817.43,1415.71,893.43,1343.27,806.94,1284.26,810.03,1247.15,829.05,1409.16,894.85,1351.59,836.50,1301.27,832.50,1267.47,843.35
EK_0025_P09_103_frame_0000000934_r.jpg,0,1576.13,294.39,1537.35,208.87,1545.58,154.63,1587.08,117.74,1622.36,104.87,1636.78,91.78,1715.35,72.36,1724.81,95.14,1715.80,115.33,1701.47,123.44,1791.00,65.59,1777.08,82.39,1751.76,99.78,1744.24,161.27,1814.00,108.27,1791.19,123.51,1769.84,140.68,1763.36,211.91,1808.41,166.83,1793.49,167.19,1775.21,176.29
EK_0025_P09_103_frame_0000005959_r.jpg,0,879.14,710.78,953.28,688.52,993.59,634.61,1006.08,579.90,1023.69,547.00,944.54,554.21,985.56,510.89,1003.38,526.77,1003.71,543.99,902.34,543.33,946.19,487.77,973.53,498.34,983.09,515.10,872.99,547.53,907.89,491.17,937.64,493.71,951.80,505.63,855.46,561.05,882.03,513.91,906.50,509.36,921.77,514.90
EK_0025_P09_103_frame_0000015151_r.jpg,0,1558.03,957.42,1473.22,922.52,1424.65,851.24,1416.55,784.03,1422.50,741.88,1482.98,797.75,1438.22,709.29,1407.15,673.01,1383.51,647.29,1531.57,785.87,1504.27,687.85,1465.11,679.77,1437.81,695.95,1561.99,791.55,1525.02,730.21,1490.12,731.46,1473.33,749.65,1575.93,804.47,1540.35,768.10,1508.66,768.17,1491.76,783.37
EK_0025_P09_103_frame_0000017434_l.jpg,0,1493.76,893.93,1413.36,877.39,1369.29,811.08,1356.30,740.97,1347.94,695.97,1428.77,752.39,1412.41,658.18,1381.49,643.08,1364.07,657.15,1476.40,744.76,1484.49,643.30,1447.93,634.86,1420.71,654.55,1503.92,748.73,1494.56,681.55,1458.32,677.91,1436.77,692.47,1516.53,758.44,1492.83,715.41,1461.17,708.43,1442.80,715.53
EK_0025_P09_103_frame_0000017434_l.jpg,1,660.81,938.78,753.29,910.37,814.46,865.48,870.07,835.54,918.22,821.00,775.91,755.51,817.61,685.23,839.42,679.58,851.42,691.56,725.23,747.55,773.57,696.87,799.14,707.79,807.77,726.22,685.47,758.44,731.19,724.67,756.51,732.87,765.66,749.14,653.87,775.77,689.99,753.19,714.94,756.74,726.08,770.56
EK_0025_P09_103_frame_0000018894_r.jpg,0,1227.03,586.35,1152.38,582.13,1084.70,550.11,1049.70,526.23,1059.50,510.99,1132.50,453.99,1074.60,465.92,1064.12,501.78,1063.49,522.61,1166.71,448.20,1113.26,476.50,1101.13,510.17,1103.17,533.55,1192.22,459.64,1145.09,482.55,1127.36,507.63,1127.93,530.63,1208.26,474.92,1171.96,492.63,1156.59,510.97,1156.18,530.92
EK_0025_P09_103_frame_0000019294_l.jpg,0,794.33,669.38,874.98,658.38,923.68,608.94,947.79,563.04,972.02,542.25,900.10,519.88,936.73,506.69,937.35,533.75,926.01,555.69,858.82,507.05,896.52,504.53,898.90,532.11,888.34,551.46,823.54,510.92,856.99,500.65,864.03,522.21,857.29,541.49,793.03,522.94,819.85,512.46,828.71,529.12,824.70,546.30
EK_0025_P09_103_frame_0000022576_l.jpg,0,1467.53,773.46,1330.26,779.47,1238.90,730.19,1169.95,656.00,1115.52,604.83,1285.57,578.17,1180.30,546.69,1185.02,605.46,1215.93,641.38,1346.75,541.55,1238.47,530.60,1238.76,587.48,1265.96,619.19,1396.21,539.63,1300.74,537.44,1298.57,583.94,1323.71,617.67,1432.32,551.46,1360.36,547.80,1353.75,584.39,1371.56,613.28
EK_0025_P09_103_frame_0000027507_l.jpg,0,1704.00,1025.56,1594.01,997.24,1517.11,917.44,1462.00,847.63,1409.59,796.02,1607.50,803.26,1499.75,758.02,1457.84,790.88,1448.86,818.64,1653.69,801.06,1548.46,789.21,1513.39,831.06,1513.04,866.04,1677.61,820.61,1582.33,813.29,1545.99,846.31,1537.78,878.19,1689.02,838.67,1614.97,830.55,1579.60,854.92,1565.45,881.69
EK_0025_P09_103_frame_0000029076_r.jpg,0,1061.40,889.93,1055.43,820.06,1080.44,764.11,1123.24,734.21,1157.52,714.19,1091.83,746.65,1137.69,719.73,1168.42,711.11,1188.70,706.48,1109.44,777.50,1154.13,758.37,1183.84,748.43,1209.66,741.41,1120.01,805.74,1160.46,787.88,1187.37,776.81,1214.81,767.82,1127.51,834.80,1161.73,814.18,1182.12,802.04,1204.54,789.37
EK_0025_P09_103_frame_0000033480_l.jpg,0,1666.47,940.60,1537.21,933.65,1437.64,866.69,1389.39,793.25,1376.84,751.19,1490.38,722.74,1466.46,624.63,1441.28,655.83,1430.67,695.45,1561.33,702.04,1521.39,635.24,1490.37,664.03,1483.28,701.94,1619.67,710.68,1572.73,671.58,1540.27,691.74,1534.27,725.56,1666.92,728.14,1616.28,699.18,1587.28,715.51,1582.55,741.99
EK_0026_P09_104_frame_0000000326_r.jpg,0,1377.43,723.57,1322.81,679.10,1290.92,627.93,1253.93,598.90,1220.64,575.44,1397.10,579.07,1407.34,520.62,1382.80,496.33,1359.40,490.78,1420.99,597.64,1411.62,548.55,1380.39,530.54,1357.34,531.84,1428.53,618.88,1409.98,576.75,1384.03,561.69,1359.74,561.39,1425.61,635.52,1406.16,597.97,1382.67,587.11,1360.90,587.99
EK_0026_P09_104_frame_0000000363_l.jpg,0,762.18,902.51,837.06,882.81,881.99,824.45,921.44,774.62,951.05,731.19,804.60,741.60,867.94,677.53,914.10,665.22,947.22,660.14,782.75,743.34,857.41,695.69,909.90,690.11,949.28,695.31,774.87,756.98,848.02,725.78,895.31,719.45,931.33,724.77,779.27,772.98,837.02,748.67,875.12,743.31,905.59,747.13
EK_0026_P09_104_frame_0000000363_l.jpg,1,1452.01,1088.95,1387.27,1040.71,1351.78,980.37,1316.16,932.49,1286.81,886.72,1447.76,917.57,1454.38,846.17,1431.38,810.20,1406.11,789.94,1454.75,930.79,1447.27,863.62,1410.30,830.07,1378.32,814.27,1451.71,948.33,1434.57,896.33,1401.07,869.48,1372.38,855.45,1443.05,967.66,1417.26,932.47,1388.75,917.14,1364.52,910.77
EK_0026_P09_104_frame_0000003683_l.jpg,0,822.97,1081.13,843.39,1019.20,885.12,962.10,935.76,917.69,974.77,872.57,885.33,942.47,932.72,911.76,967.27,901.40,989.59,898.19,896.79,977.60,946.05,960.47,963.05,963.05,975.88,964.68,906.18,1014.59,949.63,1006.70,957.94,1013.21,963.04,1013.96,912.82,1048.24,947.50,1038.85,951.74,1041.52,951.21,1040.94
EK_0026_P09_104_frame_0000003942_r.jpg,0,1565.01,857.59,1483.30,839.66,1423.39,783.17,1378.32,740.86,1346.27,708.31,1499.14,691.77,1414.54,671.31,1363.58,689.04,1328.69,709.63,1527.26,692.91,1427.88,697.13,1375.58,729.53,1345.52,763.00,1540.53,709.44,1447.01,723.17,1400.87,752.85,1375.28,780.34,1546.32,726.01,1474.85,743.15,1434.61,767.67,1411.06,790.97
EK_0026_P09_104_frame_0000003942_r.jpg,1,565.99,669.08,617.87,644.88,678.35,630.73,734.14,624.89,782.62,623.35,678.83,571.78,734.70,583.14,759.06,609.67,770.33,634.60,672.14,600.77,719.21,627.28,730.10,666.61,721.30,700.77,665.27,626.74,705.08,653.98,712.92,686.60,696.28,714.47,658.19,648.14,684.07,665.49,684.61,687.53,669.74,706.52
EK_0026_P09_104_frame_0000004271_l.jpg,0,1009.79,685.21,1064.50,665.86,1083.53,626.98,1092.48,597.42,1096.92,583.50,1030.72,574.78,1043.98,527.14,1064.32,528.69,1074.97,544.28,995.18,577.69,1008.52,524.99,1030.07,533.48,1039.56,551.28,970.46,592.79,981.87,551.14,1002.95,555.21,1011.24,570.46,957.01,616.88,968.67,590.13,988.86,596.29,998.35,612.77
EK_0026_P09_104_frame_0000004771_r.jpg,0,1428.85,794.18,1372.24,769.35,1346.09,742.67,1326.96,724.32,1317.34,715.09,1414.96,684.14,1422.60,633.58,1410.78,631.06,1403.04,648.14,1453.09,697.13,1463.81,646.70,1441.72,647.44,1426.99,662.35,1476.55,721.15,1489.66,683.57,1472.25,682.24,1458.31,693.87,1488.20,750.14,1488.67,735.20,1475.33,736.80,1464.23,746.71
EK_0026_P09_104_frame_0000005559_r.jpg,0,1456.60,708.40,1375.32,727.31,1295.49,687.61,1224.30,643.23,1183.91,606.35,1348.89,562.56,1232.39,538.63,1206.67,582.99,1206.83,617.64,1366.62,539.50,1251.26,522.59,1226.14,576.91,1230.91,616.05,1374.63,539.40,1274.45,536.91,1258.30,583.12,1271.37,617.28,1374.36,544.31,1304.10,552.65,1289.42,589.46,1298.81,615.07
EK_0026_P09_104_frame_0000005559_r.jpg,1,775.78,845.45,867.43,851.89,933.26,797.30,978.11,745.32,997.95,701.70,856.26,701.27,874.66,583.23,934.09,577.66,969.50,601.75,831.55,689.19,864.41,572.14,926.96,576.77,959.83,604.58,825.87,691.82,891.19,625.57,942.03,652.32,955.53,681.09,831.35,699.57,890.82,675.21,932.00,697.14,941.33,723.65
EK_0026_P09_104_frame_0000006080_l.jpg,0,1336.51,813.70,1260.58,834.06,1184.71,805.97,1122.50,773.11,1077.31,750.09,1221.13,694.44,1134.27,678.96,1088.86,699.96,1060.98,713.96,1246.60,666.69,1167.81,613.45,1132.82,646.47,1124.46,682.61,1263.18,664.54,1195.64,624.66,1163.55,656.25,1156.20,685.32,1270.37,672.86,1221.75,658.65,1192.74,687.45,1183.04,713.96
EK_0026_P09_104_frame_0000006080_l.jpg,1,901.11,736.29,980.33,737.27,1038.49,712.22,1060.16,682.09,1047.75,665.72,1010.60,591.20,1027.89,593.80,1022.70,619.85,1009.60,635.96,960.68,570.00,981.08,542.53,985.36,566.04,976.64,593.37,913.72,570.28,928.34,532.16,938.26,556.74,935.34,584.61,873.46,585.56,885.59,554.16,895.99,569.29,895.71,588.10
EK_0026_P09_104_frame_0000006517_r.jpg,0,1232.96,884.87,1171.05,850.11,1143.48,806.64,1138.94,773.92,1150.17,774.31,1211.18,744.20,1221.86,679.92,1214.07,661.81,1205.54,666.50,1252.62,751.64,1265.99,679.37,1254.48,649.65,1239.33,641.50,1282.41,771.80,1306.88,711.14,1300.08,683.72,1284.48,673.33,1298.97,801.25,1327.82,767.63,1323.02,751.92,1307.26,748.94
EK_0026_P09_104_frame_0000006917_r.jpg,0,1239.31,973.53,1198.18,934.18,1137.08,889.03,1071.57,864.97,1014.03,845.56,1131.04,858.05,1058.33,843.09,1013.73,840.85,976.98,840.49,1128.17,879.24,1070.02,867.45,1021.60,873.76,983.36,885.07,1127.49,900.45,1079.93,901.39,1053.05,928.08,1030.31,950.35,1126.38,916.86,1091.07,920.02,1075.02,939.81,1061.18,957.63
EK_0026_P09_104_frame_0000009617_l.jpg,0,914.06,896.71,980.84,874.05,1013.50,838.04,1028.80,815.79,1027.36,813.64,960.52,777.95,976.93,741.97,1002.56,749.35,1019.78,764.54,936.31,788.40,971.91,776.57,994.58,791.28,1004.74,803.99,922.90,804.24,963.26,803.81,985.89,821.86,995.65,834.97,916.91,818.50,950.53,819.61,970.65,834.92,978.03,846.71
EK_0026_P09_104_frame_0000009617_l.jpg,1,1127.79,880.04,1115.83,844.53,1127.63,815.68,1142.99,798.02,1155.36,787.87,1143.85,810.34,1157.48,783.58,1157.51,782.46,1155.27,789.52,1161.30,821.82,1177.74,794.87,1173.71,795.69,1167.83,802.47,1173.36,836.49,1188.85,813.07,1183.05,813.16,1177.06,819.20,1180.40,853.61,1191.65,835.74,1187.79,832.79,1182.58,836.10
EK_0026_P09_104_frame_0000010121_r.jpg,0,1321.64,1041.12,1225.49,1050.86,1158.22,997.80,1109.25,920.14,1075.72,857.11,1228.22,873.59,1120.49,809.06,1118.05,868.16,1152.14,899.21,1266.61,845.61,1151.49,790.00,1139.06,844.16,1165.59,873.10,1286.72,842.37,1178.91,801.68,1166.96,848.05,1193.27,870.94,1293.82,847.03,1204.65,817.13,1195.17,853.48,1221.93,873.87
EK_0026_P09_104_frame_0000010407_r.jpg,0,1387.40,886.44,1313.38,932.52,1222.10,895.73,1146.62,841.52,1092.18,796.85,1245.76,768.78,1158.15,700.06,1106.05,712.56,1079.63,740.14,1267.67,739.56,1171.79,689.25,1115.41,717.13,1092.79,753.05,1278.57,737.82,1189.69,703.81,1141.29,730.38,1121.97,763.08,1280.93,744.99,1217.87,725.87,1176.77,748.24,1155.20,775.69
EK_0026_P09_104_frame_0000010407_r.jpg,1,522.78,844.45,618.68,816.81,685.28,755.21,749.57,713.14,810.15,680.61,616.22,655.01,655.98,580.82,694.16,569.85,713.37,576.64,568.44,658.42,613.95,600.16,650.57,607.01,670.24,623.76,532.06,675.36,579.60,639.64,613.24,647.84,633.09,666.67,513.20,701.17,554.47,670.65,586.93,676.62,601.74,693.77
EK_0026_P09_104_frame_0000010526_l.jpg,0,1431.65,832.91,1354.76,917.25,1259.27,915.14,1184.47,857.83,1140.15,807.54,1236.65,786.18,1132.00,730.67,1145.90,769.95,1185.78,787.68,1265.02,727.09,1155.95,673.48,1166.86,719.95,1199.96,738.40,1292.31,693.74,1193.44,641.16,1198.93,683.22,1226.22,700.93,1315.54,677.77,1235.46,639.67,1232.11,668.54,1257.08,686.02
EK_0026_P09_104_frame_0000011051_l.jpg,0,997.65,1024.37,1070.33,1016.63,1110.77,977.99,1131.34,935.99,1141.38,903.23,1065.07,892.80,1074.13,812.93,1086.14,801.59,1092.00,810.40,1022.15,880.88,1036.04,801.95,1053.15,800.01,1060.70,814.57,986.09,882.00,997.71,811.24,1016.65,805.20,1026.05,815.58,957.53,891.89,962.47,831.25,978.11,818.00,989.66,821.46
EK_0026_P09_104_frame_0000011301_l.jpg,0,950.64,852.00,970.56,796.42,1000.03,755.72,1041.86,724.01,1074.14,699.17,975.86,701.32,1005.33,668.02,1016.07,689.82,1017.90,718.28,996.85,729.99,1029.25,706.79,1030.36,730.00,1020.96,755.15,1016.18,760.16,1042.32,751.69,1035.60,771.57,1023.39,789.73,1029.24,787.08,1052.88,781.93,1053.80,789.83,1050.58,799.78
EK_0026_P09_104_frame_0000012976_l.jpg,0,1479.58,905.52,1388.32,881.31,1334.55,802.30,1308.47,715.14,1298.21,651.60,1410.54,725.56,1374.67,614.28,1343.08,560.81,1312.51,519.21,1448.80,712.35,1403.28,606.26,1357.62,558.50,1317.66,530.59,1465.16,711.67,1416.22,623.59,1370.81,588.08,1333.37,572.01,1464.86,714.36,1424.16,648.58,1383.75,619.14,1350.36,603.83
EK_0026_P09_104_frame_0000013063_r.jpg,0,1423.89,649.19,1339.05,635.23,1288.96,572.00,1260.58,511.54,1239.21,462.59,1364.89,498.56,1339.53,404.81,1307.36,374.49,1281.21,363.98,1406.51,488.40,1373.50,398.47,1328.88,386.77,1296.95,397.06,1427.77,492.38,1391.84,422.74,1352.81,413.86,1324.56,419.69,1434.69,500.08,1401.32,455.39,1367.15,442.43,1343.71,443.84
EK_0026_P09_104_frame_0000015496_r.jpg,0,736.69,824.24,822.17,783.34,858.01,715.67,871.70,635.38,873.79,576.93,779.08,659.23,805.60,560.97,835.31,588.19,835.72,624.50,720.62,653.72,760.14,557.99,790.92,588.10,790.41,622.90,684.11,661.60,732.22,594.19,757.96,621.06,753.47,651.60,661.64,674.26,712.16,634.05,732.03,654.16,729.13,676.72
EK_0026_P09_104_frame_0000017901_l.jpg,0,1506.69,717.43,1407.89,731.39,1333.99,671.75,1294.69,608.42,1280.55,562.09,1386.86,585.13,1337.06,486.97,1293.02,454.94,1261.74,439.52,1439.31,554.62,1382.81,457.46,1342.77,471.66,1329.50,502.14,1476.03,547.72,1417.85,502.43,1380.50,523.12,1370.30,545.58,1499.52,551.78,1449.85,531.05,1416.85,547.20,1408.48,566.80
EK_0026_P09_104_frame_0000019201_r.jpg,0,1324.69,472.15,1248.61,454.00,1209.17,411.42,1206.55,368.47,1230.16,358.98,1259.55,332.07,1272.61,287.51,1278.09,264.50,1283.44,247.05,1308.52,321.46,1299.06,334.84,1293.04,355.89,1293.72,374.76,1346.54,335.31,1330.18,349.25,1323.97,367.16,1324.61,382.51,1378.31,355.36,1367.68,360.50,1360.97,376.12,1358.33,391.31
EK_0026_P09_104_frame_0000019226_r.jpg,0,1311.56,502.00,1233.20,473.18,1193.68,415.01,1190.06,363.04,1208.42,342.76,1247.42,336.96,1240.78,290.20,1233.95,280.04,1231.43,279.91,1295.34,338.06,1271.71,340.68,1261.46,361.38,1264.30,383.27,1333.08,357.86,1303.40,361.48,1293.98,381.90,1296.07,401.73,1360.19,380.71,1336.85,383.70,1326.77,398.64,1326.31,416.35
EK_0026_P09_104_frame_0000023201_r.jpg,0,525.08,617.03,573.93,621.79,617.53,595.79,649.18,570.84,671.06,551.88,615.99,528.98,646.03,496.27,646.64,507.90,636.40,531.92,580.78,505.54,611.67,451.84,610.96,463.47,603.70,489.86,541.33,498.19,553.69,435.58,557.34,441.12,558.45,460.88,499.36,504.99,501.35,458.83,505.88,467.06,507.97,488.96
EK_0026_P09_104_frame_0000023696_r.jpg,0,946.63,929.07,1039.79,912.11,1107.08,847.82,1152.87,803.52,1188.78,776.69,1012.31,739.62,1078.98,656.81,1132.16,661.83,1165.26,681.35,981.31,742.14,1063.11,682.12,1119.66,696.93,1156.01,720.99,968.03,757.45,1041.60,714.22,1091.35,722.48,1127.89,744.09,970.12,776.00,1023.66,743.30,1063.42,746.59,1094.85,762.85
EK_0026_P09_104_frame_0000023696_r.jpg,1,1368.38,1015.00,1266.15,1008.97,1193.23,923.51,1164.07,837.98,1151.17,784.60,1256.47,833.41,1223.38,706.89,1180.82,673.13,1149.54,661.64,1307.92,821.46,1285.15,689.30,1238.14,660.53,1204.75,663.47,1336.19,828.24,1296.58,745.07,1245.07,735.29,1213.24,745.51,1347.28,839.51,1307.04,787.32,1265.33,778.48,1238.55,786.04
EK_0026_P09_104_frame_0000025882_l.jpg,0,815.05,1055.81,841.52,993.98,880.83,938.32,923.89,896.43,958.60,860.29,858.42,909.54,887.86,867.41,911.76,849.26,931.31,838.18,871.47,938.08,921.23,923.05,938.79,943.49,942.57,963.65,883.49,968.82,928.82,968.59,936.22,990.13,933.36,1007.80,894.15,996.72,927.44,1000.41,928.32,1015.31,919.59,1027.38
EK_0026_P09_104_frame_0000025882_l.jpg,1,1356.73,568.01,1268.43,628.17,1189.56,627.94,1149.67,607.14,1143.44,589.22,1132.94,515.61,1087.48,562.63,1115.41,593.14,1143.87,595.12,1174.25,478.50,1136.63,537.28,1160.16,565.53,1185.04,565.82,1221.97,468.61,1182.41,516.40,1194.47,543.48,1214.63,543.76,1263.29,471.60,1226.35,511.29,1234.32,534.30,1253.56,536.89
EK_0026_P09_104_frame_0000026803_r.jpg,0,1371.35,657.50,1296.35,633.46,1260.31,578.84,1242.09,528.88,1236.53,494.49,1305.35,498.89,1294.61,468.41,1284.90,489.92,1283.91,511.89,1351.31,501.72,1329.88,483.18,1315.76,500.66,1314.67,523.57,1385.22,519.60,1362.82,503.44,1349.99,516.45,1349.49,537.12,1409.44,540.40,1389.78,527.39,1378.57,536.92,1377.68,553.55
EK_0026_P09_104_frame_0000027001_r.jpg,0,1519.99,598.10,1473.35,526.74,1414.85,505.44,1368.22,519.42,1350.52,543.96,1377.27,584.97,1346.47,571.74,1364.66,551.10,1384.39,546.10,1392.83,621.76,1370.53,601.68,1385.07,581.36,1403.95,576.05,1413.94,647.15,1395.39,629.44,1407.62,611.71,1423.64,605.15,1439.03,661.99,1418.16,659.62,1425.98,655.31,1438.26,655.76
EK_0026_P09_104_frame_0000027061_r.jpg,0,1756.61,558.06,1659.66,509.15,1598.90,443.88,1568.49,400.73,1585.30,393.56,1714.49,347.21,1648.49,331.90,1607.46,355.05,1578.93,374.38,1762.52,360.90,1687.16,361.86,1643.85,388.45,1619.44,419.37,1790.72,388.12,1723.70,382.57,1686.64,397.48,1663.36,424.52,1801.46,420.10,1750.29,412.72,1718.68,419.82,1693.16,442.99
EK_0027_P09_106_frame_0000002634_r.jpg,0,685.82,967.95,754.02,920.10,809.17,855.11,859.57,806.59,883.15,775.26,736.91,765.36,825.26,738.46,859.94,767.35,867.30,791.06,728.22,779.65,821.60,780.39,837.11,826.92,825.86,858.91,728.38,805.36,814.55,813.56,826.10,854.29,816.74,879.99,730.03,830.96,795.32,838.68,808.19,865.95,804.67,886.85
EK_0027_P09_106_frame_0000002882_l.jpg,0,1136.78,1064.56,1196.71,1046.00,1240.07,1001.11,1287.20,963.28,1324.47,937.83,1155.72,913.20,1156.34,819.84,1186.75,790.76,1213.71,790.71,1117.74,909.82,1139.78,818.09,1184.02,798.87,1217.53,809.26,1097.36,914.28,1123.82,836.13,1163.19,818.54,1193.08,822.53,1089.98,920.49,1115.47,859.15,1144.48,840.12,1168.42,839.03
EK_0027_P09_106_frame_0000003501_l.jpg,0,1181.77,959.21,1150.52,926.64,1144.33,891.31,1144.95,867.26,1148.47,851.02,1156.90,879.19,1155.44,840.58,1156.65,835.94,1157.53,843.45,1180.44,879.18,1182.70,840.23,1180.94,837.00,1176.37,842.78,1201.79,886.09,1204.62,853.54,1199.46,848.31,1194.42,852.97,1221.74,899.34,1224.32,874.51,1218.48,867.90,1212.20,870.74
EK_0027_P09_106_frame_0000004221_r.jpg,0,1330.61,491.58,1245.73,517.36,1188.01,496.17,1156.75,484.59,1136.81,490.63,1164.02,394.90,1126.38,411.33,1135.63,436.20,1152.16,446.98,1201.79,374.21,1161.06,390.96,1164.90,420.95,1175.13,437.13,1234.16,375.26,1198.55,390.98,1193.71,420.00,1202.88,437.95,1259.48,378.51,1228.16,397.69,1223.29,420.79,1229.85,440.21
EK_0027_P09_106_frame_0000004438_r.jpg,0,684.08,1005.21,786.31,1017.25,864.84,989.55,925.80,972.04,979.38,967.00,813.23,886.55,842.85,815.67,862.86,780.98,874.38,756.20,782.24,873.48,815.24,811.88,846.73,788.28,868.16,776.95,760.17,872.55,792.87,823.18,824.40,802.07,848.21,791.72,752.52,881.43,784.64,841.37,809.99,823.66,830.00,814.69
EK_0027_P09_106_frame_0000004438_r.jpg,1,1332.28,908.15,1248.60,969.14,1162.80,935.12,1097.57,876.36,1045.84,840.96,1167.12,828.86,1084.83,747.95,1046.16,786.22,1053.93,825.66,1189.96,785.81,1088.99,705.50,1048.37,753.78,1053.64,793.53,1203.76,768.39,1108.28,717.16,1070.66,765.30,1071.20,800.79,1211.29,764.58,1133.39,736.90,1096.94,772.41,1092.59,803.50
EK_0027_P09_106_frame_0000004471_l.jpg,0,663.06,931.28,755.33,935.18,827.55,916.72,890.22,916.66,943.60,919.78,798.09,799.77,836.49,742.67,857.41,724.56,866.54,714.56,771.96,801.41,813.97,754.48,841.00,746.23,859.40,743.38,751.32,812.49,788.64,778.44,815.33,766.95,833.20,765.22,741.44,830.37,775.54,805.19,798.19,798.35,812.32,797.24
EK_0027_P09_106_frame_0000004471_l.jpg,1,1311.93,864.19,1209.51,891.28,1122.65,842.87,1065.67,793.08,1013.47,761.93,1138.64,731.34,1065.42,665.45,1023.72,696.38,1013.31,737.01,1168.97,712.86,1081.98,676.58,1040.82,718.14,1032.08,754.30,1188.38,715.91,1108.02,705.63,1071.55,738.59,1061.62,767.91,1198.14,722.21,1136.57,721.17,1106.50,745.22,1097.55,770.28
EK_0027_P09_106_frame_0000004626_r.jpg,0,548.34,792.08,654.46,786.07,721.09,755.96,774.95,743.68,811.53,751.32,673.83,635.26,702.90,577.13,713.24,600.92,712.10,632.41,619.11,625.12,661.76,598.06,678.43,629.12,677.72,657.88,572.14,636.55,610.89,625.60,629.22,646.00,627.19,671.14,539.05,658.22,572.33,652.00,590.67,669.66,590.65,688.75
EK_0027_P09_106_frame_0000004626_r.jpg,1,1327.12,842.54,1247.98,858.51,1179.39,819.64,1126.88,772.46,1093.07,730.16,1224.49,723.89,1144.83,668.20,1103.16,669.70,1074.01,679.30,1249.71,699.82,1161.52,654.80,1119.47,681.85,1100.94,710.43,1261.93,695.60,1179.91,665.33,1146.68,696.38,1135.03,724.30,1265.14,699.28,1208.79,683.31,1178.91,704.65,1170.74,729.55
EK_0027_P09_106_frame_0000006530_r.jpg,0,1464.30,840.09,1399.80,820.91,1376.77,770.06,1372.86,729.22,1363.75,704.12,1413.56,705.06,1394.68,663.98,1377.11,656.71,1367.80,659.53,1455.73,704.63,1445.48,649.64,1420.16,648.56,1404.52,659.00,1486.26,718.12,1480.41,670.68,1455.48,668.13,1441.90,677.31,1507.72,740.39,1510.50,705.58,1492.47,699.14,1479.97,708.53
EK_0029_P26_108_frame_0000000540_l.jpg,0,699.57,889.09,753.17,870.34,784.74,823.66,800.45,793.00,816.91,775.92,726.34,769.37,739.23,715.86,755.20,686.90,771.16,669.70,709.03,771.76,734.43,727.48,761.36,710.46,785.50,704.01,703.14,779.39,728.45,743.31,753.31,729.85,774.17,722.56,705.37,787.74,727.23,763.15,748.16,754.01,765.65,751.55
EK_0029_P26_108_frame_0000001076_r.jpg,0,1503.05,580.97,1371.05,571.69,1263.75,476.71,1193.48,398.10,1135.33,326.03,1298.28,351.89,1206.09,263.87,1151.94,206.92,1113.29,159.71,1333.06,355.70,1243.73,289.57,1180.76,245.95,1133.91,206.38,1352.61,378.24,1271.67,342.77,1211.28,310.75,1170.51,284.23,1366.48,403.53,1295.37,389.90,1245.55,383.07,1208.69,379.99
EK_0029_P26_108_frame_0000001076_r.jpg,1,392.05,411.80,488.59,354.91,596.49,285.91,703.85,240.77,809.92,219.84,582.06,131.83,676.37,103.81,766.32,112.47,826.83,144.04,599.35,184.94,704.11,156.56,781.47,173.73,846.01,195.71,615.09,234.26,701.36,205.94,768.89,208.85,829.06,222.31,633.40,290.24,703.12,255.40,759.12,247.23,810.21,243.18
EK_0029_P26_108_frame_0000001613_r.jpg,0,1230.24,534.65,1131.15,503.74,1089.18,433.87,1080.33,376.32,1068.03,341.36,1127.10,345.88,1080.01,268.45,1050.20,247.28,1036.75,245.60,1186.54,331.34,1143.29,245.33,1106.86,228.43,1085.37,225.99,1231.19,334.97,1201.97,248.46,1166.53,229.48,1144.60,222.79,1259.13,351.41,1234.81,283.81,1209.56,262.27,1192.70,254.69
EK_0029_P26_108_frame_0000003073_r.jpg,0,646.75,944.49,621.10,893.22,602.77,828.31,600.10,774.36,605.78,740.93,577.66,807.90,593.37,758.52,614.74,765.40,631.30,779.74,601.56,813.96,612.24,771.78,628.86,778.22,640.37,787.81,626.73,823.15,632.13,786.34,643.19,791.71,648.59,801.59,649.15,833.66,646.40,804.18,650.05,809.09,651.59,818.17
EK_0029_P26_108_frame_0000003394_r.jpg,0,671.00,1090.07,702.18,1050.25,727.63,983.08,765.88,920.69,795.97,869.51,615.35,934.89,638.08,849.62,688.65,827.92,727.92,822.48,619.00,936.64,651.94,861.61,704.16,853.76,743.84,862.42,630.30,943.21,665.33,888.35,705.38,889.12,735.76,903.35,643.39,949.23,672.09,908.49,701.16,907.93,723.77,919.69
EK_0029_P26_108_frame_0000003394_r.jpg,1,1135.99,1010.08,1078.42,1017.12,1030.45,971.27,997.50,922.92,976.07,896.36,1092.83,878.91,1029.38,840.61,980.35,832.80,942.71,835.82,1101.25,862.58,1027.34,833.60,972.90,830.43,929.25,840.04,1100.10,861.17,1027.69,836.67,975.58,835.84,932.50,843.12,1091.77,867.63,1035.18,844.04,994.50,839.79,959.14,841.34
EK_0029_P26_108_frame_0000005130_r.jpg,0,621.12,737.04,753.34,755.09,878.82,737.22,962.73,738.23,997.66,736.19,868.36,546.35,966.88,637.44,977.18,712.71,967.36,750.55,831.99,538.84,917.03,647.94,912.32,719.25,889.00,753.14,799.83,562.70,879.53,657.15,872.29,718.79,853.86,750.03,781.22,591.55,847.81,665.31,847.97,711.10,836.02,735.77
EK_0029_P26_108_frame_0000006746_l.jpg,0,374.42,259.77,472.03,240.80,538.79,162.22,574.93,97.56,617.45,65.92,424.65,33.37,506.81,-7.94,564.62,24.53,598.17,59.00,379.06,30.70,473.74,2.49,535.44,28.06,574.06,61.43,357.16,49.44,442.34,22.08,500.23,42.89,538.89,73.99,351.66,74.76,418.03,45.87,461.39,59.40,492.59,82.84
EK_0029_P26_108_frame_0000006746_l.jpg,1,1229.58,915.28,1163.86,879.64,1139.63,814.75,1135.20,759.87,1124.44,717.36,1210.13,756.29,1186.70,710.51,1162.11,706.69,1145.03,713.96,1247.04,765.92,1213.13,728.83,1184.61,725.74,1167.67,732.78,1266.39,783.73,1232.94,750.89,1207.71,746.92,1191.20,752.31,1275.77,800.75,1249.67,770.59,1226.25,764.07,1209.61,768.46
EK_0029_P26_108_frame_0000008551_r.jpg,0,1879.62,793.23,1828.38,768.53,1745.85,720.52,1655.72,688.65,1581.67,659.65,1786.11,604.23,1675.40,556.86,1611.27,541.77,1560.60,531.36,1766.32,615.75,1670.93,573.84,1607.51,561.79,1559.04,554.70,1748.90,640.02,1667.79,616.83,1620.86,617.29,1583.98,613.74,1736.46,660.97,1674.53,647.31,1638.81,647.42,1611.31,644.84
EK_0029_P26_108_frame_0000008784_l.jpg,0,1134.17,660.87,1075.21,638.69,1043.31,589.52,1028.71,549.13,1021.46,518.15,1098.25,542.26,1065.94,509.37,1046.32,530.14,1046.42,548.59,1123.49,548.44,1083.28,529.72,1060.37,546.75,1058.34,564.70,1136.65,563.55,1096.36,548.49,1074.48,561.96,1071.95,578.27,1143.98,575.43,1109.17,562.40,1091.46,570.36,1089.20,582.63
EK_0031_P22_107_frame_0000000493_l.jpg,0,1143.51,757.33,1114.80,700.06,1084.16,638.96,1046.73,597.79,1015.26,559.42,1118.47,584.78,1071.14,551.78,1032.37,548.30,1000.08,554.52,1105.44,606.74,1060.31,579.78,1020.44,573.37,984.59,579.59,1092.20,631.23,1051.96,606.35,1018.06,600.63,986.14,599.32,1079.81,651.48,1046.72,630.35,1022.63,623.78,1000.70,619.68
EK_0031_P22_107_frame_0000001201_l.jpg,0,555.20,927.17,648.62,964.72,757.73,977.59,855.90,1003.40,947.02,1028.11,848.97,826.44,930.82,857.01,955.12,917.86,953.00,958.65,826.76,849.17,901.94,881.86,920.91,941.08,920.99,990.60,802.66,881.91,867.39,917.73,883.87,963.40,888.33,996.35,780.59,911.53,841.42,944.36,861.30,981.15,869.87,1010.68
EK_0031_P22_107_frame_0000002042_r.jpg,0,1527.47,466.88,1413.72,428.29,1351.73,355.88,1333.87,293.02,1357.38,257.76,1487.04,226.98,1521.63,177.97,1508.27,191.42,1498.05,212.87,1548.79,250.75,1547.99,226.22,1522.98,240.52,1513.15,269.50,1589.04,291.34,1571.02,274.48,1547.37,292.58,1534.60,319.61,1612.42,331.92,1595.09,320.60,1573.49,335.80,1562.26,358.70
EK_0031_P22_107_frame_0000002132_l.jpg,0,1121.15,1083.81,1152.14,1018.69,1146.00,957.01,1125.39,907.85,1121.24,864.55,1151.48,953.58,1129.17,904.82,1113.11,878.57,1101.20,861.70,1119.41,967.08,1092.42,916.42,1074.76,902.79,1064.13,902.39,1090.47,983.57,1065.36,937.51,1047.27,923.88,1035.13,918.30,1064.31,1002.72,1046.29,963.19,1033.03,941.73,1022.35,925.46
EK_0031_P22_107_frame_0000002463_l.jpg,0,653.46,150.05,735.13,235.61,808.67,277.30,854.88,305.60,883.46,341.16,914.33,140.26,955.19,215.24,936.65,267.21,913.30,295.28,883.39,92.71,908.07,182.69,889.52,244.83,859.66,291.48,838.63,73.47,860.01,147.88,854.16,206.72,827.96,254.94,796.53,68.99,826.49,120.06,830.22,164.61,815.97,204.58
EK_0031_P22_107_frame_0000002582_r.jpg,0,1769.89,942.43,1645.67,883.34,1566.14,746.88,1511.37,623.43,1446.72,577.02,1742.35,692.21,1599.53,547.87,1524.87,506.13,1473.17,476.87,1807.81,657.99,1672.95,496.70,1580.43,464.39,1512.03,464.59,1832.24,647.92,1706.84,513.90,1617.22,483.96,1552.41,486.36,1826.55,650.06,1728.14,562.64,1657.74,530.51,1603.70,518.58
EK_0031_P22_107_frame_0000002582_r.jpg,1,594.20,236.69,708.59,292.05,798.63,296.82,847.27,290.59,853.69,292.13,888.63,140.19,923.86,192.22,914.08,236.51,904.42,261.63,850.02,87.19,886.94,148.07,882.44,195.07,870.69,223.85,796.34,64.34,833.17,112.17,835.79,168.73,825.37,208.37,745.54,59.68,783.30,96.70,793.62,137.72,790.05,169.09
EK_0031_P22_107_frame_0000002798_r.jpg,0,1503.98,935.41,1377.68,887.63,1313.09,791.04,1302.97,723.88,1325.19,700.64,1389.92,674.25,1362.18,616.72,1339.22,600.46,1327.31,592.47,1451.29,694.72,1395.83,675.48,1361.19,709.26,1349.19,737.95,1485.62,724.72,1430.13,709.13,1394.41,741.59,1384.46,767.61,1511.69,749.16,1457.16,738.66,1426.79,761.73,1414.26,791.10
EK_0031_P22_107_frame_0000003588_r.jpg,0,1496.21,811.13,1384.27,760.81,1340.10,682.21,1343.70,585.32,1354.70,492.07,1504.46,624.41,1545.04,470.19,1521.13,374.84,1486.03,327.26,1584.33,617.05,1617.55,450.38,1578.81,351.10,1530.00,304.30,1630.11,614.23,1669.62,466.57,1642.38,379.28,1601.97,333.25,1645.24,618.84,1703.04,524.11,1712.80,450.34,1703.43,395.65
EK_0031_P22_107_frame_0000003588_r.jpg,1,694.06,899.48,754.14,852.03,784.07,802.94,808.08,766.14,819.71,740.53,698.86,749.87,698.72,681.32,719.63,672.32,734.59,686.31,665.18,760.32,687.99,709.58,714.35,710.48,727.97,721.68,647.86,777.92,670.89,738.24,693.98,735.96,706.95,747.74,642.20,796.56,661.24,763.71,682.25,759.70,695.99,770.38
EK_0031_P22_107_frame_0000004057_r.jpg,0,1489.63,600.21,1445.97,510.81,1448.53,415.15,1443.96,342.24,1431.09,290.06,1588.04,384.38,1490.53,323.66,1426.97,344.78,1398.50,379.51,1597.25,406.58,1483.66,357.36,1418.12,382.86,1378.84,416.39,1586.75,430.39,1481.20,387.03,1422.20,409.11,1382.67,439.43,1571.60,450.62,1489.58,421.06,1446.11,436.64,1416.05,455.49
EK_0031_P22_107_frame_0000004421_l.jpg,0,1039.13,713.33,963.05,690.13,919.50,642.08,899.28,605.72,886.53,583.84,979.85,574.03,948.74,554.34,930.24,575.39,923.38,595.63,1012.08,580.57,972.06,572.24,944.44,590.64,933.09,613.08,1030.66,599.34,989.55,594.90,960.22,606.83,946.91,623.78,1042.35,617.56,1006.86,610.16,981.91,618.41,967.57,633.15
EK_0031_P22_107_frame_0000004421_l.jpg,1,786.67,809.85,830.25,767.65,876.97,732.52,910.71,706.93,928.99,682.91,859.54,682.71,887.57,650.67,908.61,629.52,922.50,616.19,864.17,709.77,907.16,702.47,917.11,728.87,914.23,752.22,869.44,737.47,907.11,738.19,909.07,761.41,900.68,777.82,871.82,761.32,899.59,764.60,897.48,780.03,885.38,793.07
EK_0031_P22_107_frame_0000004507_r.jpg,0,754.77,700.79,790.80,654.34,840.91,611.30,880.53,584.22,904.35,553.42,838.03,567.23,890.61,550.64,923.32,559.57,941.96,576.93,843.77,596.25,894.20,582.64,925.51,596.49,943.70,616.41,844.18,624.44,885.48,621.85,910.64,631.91,917.79,652.71,843.04,650.77,870.71,649.04,884.23,655.99,888.00,671.41
EK_0031_P22_107_frame_0000004630_r.jpg,0,1200.30,926.85,1136.64,920.63,1100.18,877.30,1084.63,831.22,1068.93,796.81,1143.47,806.50,1102.88,759.22,1075.39,767.14,1061.26,785.33,1172.71,801.36,1127.24,754.20,1096.74,765.49,1082.50,783.55,1188.46,807.65,1148.65,767.15,1120.10,776.11,1105.88,791.10,1195.75,816.62,1162.94,785.87,1136.39,787.12,1121.62,795.86
EK_0031_P22_107_frame_0000004684_l.jpg,0,1162.81,956.35,1141.07,945.54,1081.08,917.22,1011.54,909.19,955.96,903.85,1046.88,807.44,972.99,789.86,940.91,822.78,926.77,865.68,1018.12,833.45,950.86,853.87,930.89,919.22,930.42,979.33,1000.28,864.08,937.65,886.34,928.53,946.73,934.60,994.96,996.84,889.25,948.25,905.70,940.40,946.86,945.29,981.89
EK_0031_P22_107_frame_0000004951_r.jpg,0,1372.98,496.73,1275.86,472.22,1212.81,393.36,1171.36,329.06,1116.82,295.71,1305.47,275.31,1231.00,201.89,1183.46,177.12,1149.00,160.86,1352.27,270.63,1273.64,218.54,1220.21,211.14,1184.45,210.86,1374.06,285.98,1303.85,251.63,1256.80,245.12,1221.33,247.00,1380.54,302.40,1324.32,272.06,1284.27,266.43,1252.49,274.90
EK_0031_P22_107_frame_0000004951_r.jpg,1,874.30,539.93,970.00,526.51,1014.15,440.37,1017.47,361.41,1032.65,306.59,932.91,344.52,959.26,245.04,987.52,200.38,1011.01,173.61,881.62,334.22,922.68,239.65,964.60,208.44,998.45,198.34,854.12,338.30,890.46,252.38,929.52,223.23,960.61,212.60,841.83,347.59,868.54,275.51,897.54,245.80,925.49,232.83
EK_0031_P22_107_frame_0000005086_l.jpg,0,964.83,725.59,1085.74,714.52,1155.25,624.72,1175.79,537.78,1198.70,482.12,1108.57,498.56,1139.17,390.02,1154.20,332.35,1160.98,289.48,1045.90,479.44,1086.38,376.62,1106.95,321.17,1120.71,280.99,995.12,483.04,1030.72,387.14,1052.67,338.47,1065.90,302.70,953.35,501.57,953.80,432.03,954.67,393.08,953.96,366.05
EK_0031_P22_107_frame_0000005867_l.jpg,0,1202.29,784.50,1121.78,776.69,1073.73,746.07,1064.87,721.40,1063.04,707.38,1121.42,640.40,1112.47,602.36,1105.75,585.33,1105.06,582.04,1162.65,640.47,1167.83,602.13,1163.83,596.56,1159.13,601.06,1194.54,653.93,1193.10,623.96,1183.49,618.31,1175.40,620.03,1218.09,675.00,1209.92,656.26,1201.19,657.78,1198.92,662.95
EK_0031_P22_107_frame_0000005867_l.jpg,1,1005.65,979.00,1067.13,950.13,1092.64,910.23,1101.51,880.14,1101.44,855.52,1032.65,862.55,1019.10,813.22,1010.79,781.15,1005.42,759.56,1001.84,873.94,985.67,827.23,982.95,798.97,984.70,783.12,979.25,893.65,965.71,851.84,963.01,828.00,964.67,810.32,965.67,915.37,955.35,880.79,953.27,858.82,955.16,842.03
EK_0031_P22_107_frame_0000006359_l.jpg,0,685.87,888.19,752.85,865.61,803.63,796.97,854.80,750.97,902.06,722.13,705.25,715.18,752.11,634.26,793.61,594.23,828.34,569.71,676.25,709.70,740.58,649.83,783.67,629.37,817.16,616.48,665.42,714.87,726.50,665.70,761.24,652.13,788.20,643.05,666.94,722.35,718.18,680.96,749.20,669.55,773.08,663.92
EK_0031_P22_107_frame_0000006549_r.jpg,0,1364.14,1057.95,1290.79,1024.10,1222.09,968.70,1169.91,928.68,1123.08,895.62,1323.76,864.10,1275.17,792.12,1230.79,765.27,1193.66,751.24,1346.75,872.42,1284.07,817.32,1232.70,822.14,1205.14,832.13,1352.97,884.74,1290.69,851.89,1249.87,867.00,1228.35,883.63,1353.95,891.97,1305.79,870.52,1271.86,875.87,1251.68,888.33
EK_0031_P22_107_frame_0000006619_l.jpg,0,1029.09,952.30,1090.46,939.88,1131.47,904.58,1166.78,884.44,1196.33,872.50,1073.94,812.32,1103.66,756.47,1129.36,738.68,1149.09,734.91,1038.89,810.92,1076.62,764.07,1104.53,756.42,1125.49,758.20,1016.39,821.12,1051.63,784.10,1077.12,774.29,1093.54,775.32,1005.93,836.59,1033.64,802.95,1053.73,793.19,1067.79,793.55
EK_0031_P22_107_frame_0000007272_r.jpg,0,1050.35,422.55,955.35,409.40,902.84,361.43,882.48,316.36,868.58,287.66,981.63,238.14,987.32,163.37,990.97,134.22,990.93,124.81,1038.57,239.34,1055.01,174.61,1055.40,159.49,1051.86,160.12,1085.62,255.00,1097.60,207.82,1091.33,193.66,1079.91,194.48,1117.54,280.24,1115.08,252.95,1101.92,248.73,1090.80,258.90
EK_0031_P22_107_frame_0000007688_r.jpg,0,1283.24,688.04,1237.87,654.20,1203.62,600.64,1164.48,564.43,1124.97,545.38,1264.13,537.78,1224.43,485.13,1190.47,484.98,1166.29,494.67,1271.34,541.45,1226.15,495.78,1189.26,500.03,1162.15,516.95,1267.78,554.19,1224.06,521.69,1190.34,525.84,1164.55,538.27,1261.60,566.04,1225.30,546.68,1197.50,549.40,1174.98,557.20
EK_0031_P22_107_frame_0000007688_r.jpg,1,867.84,672.94,943.31,673.17,1005.50,632.29,1043.46,588.70,1079.15,564.08,956.42,542.61,966.63,467.49,980.00,445.19,989.09,444.77,914.06,532.48,931.41,458.90,951.70,446.52,966.82,452.78,882.27,533.16,902.71,466.62,923.38,456.49,937.11,460.57,857.95,540.83,877.44,487.98,896.93,478.11,911.00,479.43
EK_0031_P22_107_frame_0000009138_l.jpg,0,578.55,539.24,640.14,515.34,677.54,485.99,686.88,457.50,681.91,436.66,596.38,404.83,607.00,354.58,622.42,364.09,630.18,390.15,555.61,409.14,545.66,351.91,562.16,349.62,576.03,365.80,526.32,426.37,512.85,379.58,531.34,374.06,548.48,384.18,509.13,452.38,494.45,417.07,506.93,409.41,522.35,415.61
EK_0031_P22_107_frame_0000010134_l.jpg,0,1283.30,494.78,1213.39,473.44,1178.27,430.13,1155.49,391.97,1127.54,368.02,1240.55,346.19,1232.64,282.71,1225.85,249.13,1219.69,228.26,1280.32,350.59,1283.29,288.90,1273.86,262.43,1263.20,247.24,1305.56,365.07,1305.02,313.89,1294.32,288.86,1280.84,277.56,1320.21,382.32,1318.83,339.26,1308.78,320.45,1298.58,313.22
EK_0031_P22_107_frame_0000010230_r.jpg,0,1722.87,473.63,1639.79,391.04,1594.34,317.00,1559.25,282.66,1522.54,270.48,1716.22,236.89,1684.04,188.69,1659.40,169.30,1644.26,158.96,1745.12,272.17,1706.80,230.72,1671.95,225.87,1648.87,223.00,1751.50,308.46,1707.05,278.30,1669.39,269.40,1643.32,273.10,1751.87,335.74,1711.87,307.39,1681.50,299.04,1656.36,301.68
EK_0031_P22_107_frame_0000010776_l.jpg,0,1213.55,540.12,1130.24,615.88,1035.03,630.82,972.72,593.82,949.21,545.58,990.49,588.67,913.07,554.31,927.93,556.26,947.54,559.95,1002.97,537.21,943.39,525.67,965.12,540.11,991.93,552.19,1026.39,496.83,984.32,502.42,1003.33,516.40,1029.20,528.03,1054.21,469.56,1020.52,484.34,1036.05,496.24,1056.94,504.53
EK_0031_P22_107_frame_0000010825_l.jpg,0,795.56,1064.80,878.24,1058.13,924.96,1012.07,956.56,958.33,992.95,926.07,877.55,918.85,926.15,834.62,955.43,817.40,970.88,820.21,827.32,900.18,886.92,810.99,925.03,802.56,946.32,810.42,791.18,899.30,845.23,820.03,884.66,812.27,905.94,819.33,766.77,911.10,809.85,849.22,841.79,838.19,861.02,840.13
EK_0031_P22_107_frame_0000011859_l.jpg,0,775.49,883.03,846.93,881.88,895.54,853.97,926.87,835.40,953.73,820.05,858.88,770.93,877.46,723.24,903.36,711.31,920.18,712.79,839.45,771.73,859.02,721.73,886.74,712.48,907.65,712.15,827.33,776.88,841.26,740.25,867.11,724.58,884.80,719.97,820.14,785.24,836.15,756.46,851.38,740.55,864.20,730.63
EK_0031_P22_107_frame_0000012850_r.jpg,0,1096.59,818.48,1003.83,829.58,946.52,768.72,912.97,703.58,872.44,675.40,994.73,677.63,937.60,607.99,906.00,604.87,898.49,621.68,1044.17,658.89,979.17,585.12,940.77,590.79,928.28,604.65,1079.84,656.69,1024.12,582.58,983.18,585.82,966.23,599.61,1104.56,663.81,1065.98,598.68,1030.53,589.71,1012.80,597.28
EK_0031_P22_107_frame_0000012850_r.jpg,1,646.22,742.91,712.79,750.98,764.27,705.33,791.26,649.44,818.83,603.49,704.80,618.22,775.11,549.45,823.66,526.78,860.94,516.77,667.48,600.35,734.29,522.73,787.93,499.89,828.27,495.05,647.02,598.49,707.17,532.08,755.13,513.98,791.41,508.83,638.24,605.68,686.00,550.47,725.48,532.51,757.87,527.19
EK_0031_P22_107_frame_0000013001_l.jpg,0,701.61,915.56,774.40,882.34,812.73,810.78,836.75,754.13,858.20,706.06,724.65,739.90,751.79,667.81,789.67,644.85,814.27,641.47,697.11,741.28,760.61,698.45,796.72,726.78,806.88,756.82,686.48,753.88,746.02,719.86,781.23,744.99,791.15,769.85,682.50,766.27,732.87,740.12,760.82,758.16,769.31,776.86
EK_0031_P22_107_frame_0000013001_l.jpg,1,1155.75,802.23,1072.96,841.62,1000.69,834.16,948.09,816.52,915.22,794.24,1005.52,704.17,959.92,632.08,931.75,618.37,916.80,622.10,1044.94,676.65,1003.54,598.97,969.84,578.63,946.80,574.45,1077.61,668.36,1034.92,609.10,1003.33,589.15,979.80,584.72,1098.03,673.70,1056.38,630.48,1026.50,616.71,1006.67,611.43
EK_0031_P22_107_frame_0000013050_r.jpg,0,532.46,925.98,595.16,965.99,658.68,964.62,715.09,935.33,765.32,907.38,683.29,833.37,772.30,813.85,812.42,816.79,838.98,821.81,661.13,793.85,758.50,771.62,806.99,774.77,839.75,782.65,636.79,775.05,717.99,742.26,768.69,735.78,807.43,734.91,611.39,770.38,670.60,730.49,710.66,716.82,743.30,712.95
EK_0031_P22_107_frame_0000013084_l.jpg,0,941.54,1036.42,869.61,1036.91,836.62,1010.53,814.84,991.69,799.15,979.75,858.85,901.33,838.89,825.94,835.60,781.99,840.11,751.47,905.22,891.52,903.38,811.98,907.05,771.26,912.89,749.05,948.19,896.41,958.32,831.33,959.59,803.46,958.43,790.11,979.26,916.26,987.34,870.38,983.42,863.05,979.10,866.82
EK_0031_P22_107_frame_0000013084_l.jpg,1,711.18,1026.43,735.60,993.59,742.25,922.26,743.79,857.16,742.24,802.37,691.98,880.52,703.54,799.57,733.08,758.31,759.79,735.04,687.09,882.40,699.85,806.06,727.84,768.07,756.33,742.93,692.40,887.14,704.14,820.12,726.26,783.65,749.96,756.18,703.04,893.25,709.68,836.02,724.53,805.19,740.97,782.90
EK_0031_P22_107_frame_0000016517_r.jpg,0,816.04,447.71,879.77,451.07,937.35,413.97,994.28,393.71,1039.79,378.59,866.27,328.58,879.19,245.25,906.38,206.74,929.52,189.24,833.04,309.71,862.32,237.09,900.51,207.42,930.09,199.34,815.59,306.86,852.07,255.89,885.45,234.99,910.57,229.77,807.60,311.25,843.10,278.86,870.44,265.75,892.55,264.24
EK_0031_P22_107_frame_0000017076_l.jpg,0,970.39,765.42,1008.08,784.38,1047.75,780.86,1083.22,783.84,1112.20,781.71,1032.17,684.43,1069.71,631.62,1104.12,630.74,1124.79,643.93,1017.87,667.44,1061.34,622.70,1096.84,629.24,1115.21,648.20,1008.08,662.37,1046.94,624.73,1079.86,628.07,1097.89,643.00,1004.15,666.82,1038.17,632.24,1065.28,631.28,1080.76,643.05
EK_0031_P22_107_frame_0000017076_l.jpg,1,1233.35,870.49,1156.06,851.95,1120.41,793.85,1114.59,751.99,1110.95,737.05,1186.55,714.84,1141.19,683.22,1120.34,715.80,1124.86,740.67,1223.77,716.74,1177.04,681.84,1150.56,710.33,1149.82,732.37,1245.36,732.46,1201.21,699.55,1174.66,722.06,1173.57,745.03,1253.52,749.85,1213.30,726.72,1190.79,739.53,1188.45,757.27
EK_0031_P22_107_frame_0000017444_l.jpg,0,1176.78,980.90,1124.16,961.78,1088.26,926.16,1070.76,905.05,1073.50,900.15,1137.91,873.73,1106.19,860.53,1089.02,875.16,1081.50,887.06,1160.98,883.20,1124.48,877.04,1100.99,888.41,1088.93,905.14,1172.68,898.03,1138.95,894.54,1114.60,901.42,1101.55,914.57,1178.08,911.46,1149.71,907.96,1131.25,911.58,1119.10,921.55
EK_0031_P22_107_frame_0000018269_r.jpg,0,1205.15,831.07,1135.80,861.46,1079.14,832.06,1053.99,787.19,1048.03,756.50,1090.83,776.72,1019.62,736.67,1026.20,765.16,1047.54,783.02,1120.35,741.58,1046.43,703.34,1048.08,735.91,1066.50,752.43,1145.27,721.73,1080.02,689.25,1077.24,717.64,1093.30,732.76,1166.07,713.71,1110.99,686.59,1103.98,705.56,1119.36,719.58
EK_0031_P22_107_frame_0000018700_l.jpg,0,579.45,854.96,644.64,860.21,689.42,818.47,707.90,774.42,728.56,742.15,643.01,746.79,669.09,684.13,691.21,648.96,709.79,623.66,610.16,732.05,640.86,666.04,667.69,626.97,691.37,597.91,587.43,726.06,614.59,662.39,638.84,624.16,660.78,594.81,571.60,726.42,593.07,671.65,611.73,638.32,630.21,612.85
EK_0031_P22_107_frame_0000018834_l.jpg,0,1321.18,872.82,1246.14,864.66,1186.53,814.26,1144.45,777.74,1114.49,755.50,1223.37,719.88,1144.15,718.92,1106.21,743.92,1085.99,765.42,1248.43,717.10,1165.95,731.98,1134.36,770.25,1120.76,809.16,1260.75,728.83,1181.79,751.01,1152.43,786.09,1139.51,817.16,1263.62,739.59,1206.66,764.63,1184.85,791.86,1175.89,817.59
EK_0031_P22_107_frame_0000018860_l.jpg,0,1397.73,883.81,1333.65,871.32,1273.69,822.72,1227.45,786.88,1188.77,758.28,1304.95,726.63,1220.43,719.41,1169.90,741.80,1141.50,767.05,1310.14,740.54,1226.04,742.27,1189.40,779.72,1176.83,817.98,1307.96,758.01,1234.96,759.68,1210.96,795.60,1205.53,823.72,1306.62,767.69,1256.01,783.21,1239.47,810.38,1234.81,830.79
EK_0031_P22_107_frame_0000018976_l.jpg,0,1267.04,842.26,1204.04,828.21,1148.16,779.11,1108.59,745.35,1074.01,720.72,1181.02,687.35,1103.10,680.92,1055.82,700.82,1026.79,722.14,1188.88,699.27,1108.89,703.33,1073.76,740.41,1059.73,776.04,1187.19,715.59,1116.68,719.73,1094.80,756.01,1089.21,781.01,1185.66,725.54,1135.21,743.21,1120.04,769.27,1115.93,787.14
EK_0031_P22_107_frame_0000019201_r.jpg,0,1224.32,785.75,1146.73,785.30,1092.78,738.11,1057.87,703.49,1029.57,683.33,1124.28,646.37,1053.10,645.67,1014.28,669.12,993.44,689.07,1153.23,647.88,1077.64,657.36,1045.75,694.30,1035.05,729.75,1167.52,658.24,1094.59,674.12,1068.31,709.80,1061.79,738.99,1173.15,664.13,1119.47,688.02,1099.22,713.49,1093.88,739.77
EK_0031_P22_107_frame_0000019326_l.jpg,0,1258.63,672.47,1187.24,673.81,1113.12,646.68,1056.82,632.47,1009.70,615.40,1150.04,535.19,1142.44,464.69,1113.90,438.06,1086.72,434.42,1165.43,525.12,1149.77,446.04,1109.46,417.41,1073.73,413.79,1179.71,521.73,1156.23,445.71,1117.11,419.42,1082.05,416.17,1190.67,524.77,1162.76,469.22,1129.17,444.30,1098.89,435.29
EK_0031_P22_107_frame_0000019326_l.jpg,1,777.42,857.50,846.26,855.55,892.81,809.80,933.23,761.79,971.11,729.39,817.76,759.25,837.56,673.47,870.76,629.32,899.36,603.51,781.61,741.78,805.70,646.20,841.46,595.88,871.05,567.84,765.10,730.21,784.27,649.85,814.55,606.38,842.12,580.31,761.35,725.03,774.19,660.10,794.79,626.67,818.05,606.88
EK_0031_P22_107_frame_0000019467_r.jpg,0,903.67,667.16,830.54,678.43,778.96,645.65,746.62,609.45,712.84,599.55,821.11,546.44,825.85,498.77,839.73,483.42,853.82,476.03,862.22,538.99,869.51,484.97,876.50,460.18,886.55,445.81,901.40,551.08,912.20,510.23,914.72,498.11,917.96,496.82,937.10,572.13,945.58,557.93,940.87,560.68,937.26,570.03
EK_0031_P22_107_frame_0000019467_r.jpg,1,507.38,985.65,549.51,939.99,567.76,879.84,597.25,833.22,618.15,792.20,460.75,857.58,419.55,793.21,412.01,746.10,415.24,711.33,443.47,865.66,408.45,802.06,405.16,753.81,411.89,723.28,440.03,872.58,418.76,820.71,417.47,781.38,422.07,754.23,443.57,873.58,434.58,833.45,433.76,809.83,437.53,792.68
EK_0031_P22_107_frame_0000019613_l.jpg,0,1115.47,819.23,1060.54,877.86,998.69,898.32,943.25,894.11,900.77,879.14,955.13,795.62,869.45,777.56,837.83,770.94,822.06,768.02,975.88,749.02,891.13,711.64,856.34,703.43,840.85,703.96,1001.40,721.65,929.27,684.37,896.00,678.23,879.19,683.46,1025.40,711.03,969.40,678.64,944.20,674.98,931.13,678.69
EK_0031_P22_107_frame_0000019613_l.jpg,1,735.76,895.62,794.60,902.53,843.85,862.07,889.67,834.79,928.47,816.65,790.66,775.20,804.40,708.65,836.50,683.59,861.68,678.92,761.56,761.90,795.56,706.34,835.70,690.61,865.96,694.72,747.19,760.15,785.08,716.10,819.90,704.92,846.46,706.85,744.05,766.60,778.98,732.32,806.61,721.57,828.55,721.32
EK_0031_P22_107_frame_0000019713_l.jpg,0,1065.45,727.66,994.86,739.50,952.35,699.63,929.19,660.34,902.79,647.61,968.34,618.37,933.75,562.26,917.45,560.94,918.06,576.02,1010.37,600.60,975.83,538.82,959.61,549.89,955.05,565.32,1043.65,599.50,1015.86,544.61,995.28,549.78,988.50,561.01,1070.44,607.91,1044.70,566.88,1024.35,567.58,1018.67,579.37
EK_0031_P22_107_frame_0000019713_l.jpg,1,742.19,840.13,807.41,834.07,849.97,785.79,884.71,749.18,920.77,727.69,784.17,713.00,792.06,635.31,809.13,595.27,824.70,571.43,758.31,707.77,777.67,636.03,810.43,607.49,837.55,599.48,747.78,708.84,768.35,649.05,798.53,626.06,823.48,618.01,746.69,710.55,762.11,663.43,784.37,641.14,804.78,631.04
EK_0031_P22_107_frame_0000019851_r.jpg,0,701.04,776.65,705.96,707.70,734.72,638.74,775.57,596.66,805.68,552.10,712.98,605.55,748.88,556.72,788.91,533.00,821.14,523.85,743.18,631.28,784.23,584.49,821.45,570.32,852.97,570.88,765.37,655.30,802.70,616.68,835.17,599.13,865.34,595.20,789.27,682.91,817.21,647.42,841.65,628.13,866.12,613.26
EK_0031_P22_107_frame_0000020476_l.jpg,0,1084.56,756.94,1049.48,725.34,1010.70,680.32,977.40,645.98,953.63,611.52,1045.00,618.17,981.75,598.67,946.65,598.56,926.64,601.78,1039.13,632.09,976.33,633.43,970.09,666.83,980.86,692.89,1029.41,650.21,978.66,652.20,979.88,684.93,992.50,705.18,1020.59,662.89,984.83,673.95,989.28,698.36,1004.58,709.57
EK_0031_P22_107_frame_0000020744_r.jpg,0,1196.53,764.59,1131.94,729.17,1115.46,672.74,1125.12,626.30,1125.92,590.09,1172.79,617.48,1171.83,559.62,1171.75,529.07,1173.97,506.59,1211.39,623.55,1210.76,562.02,1205.10,528.40,1204.18,503.51,1234.80,636.84,1235.86,580.55,1228.53,547.63,1222.42,524.68,1246.73,652.10,1248.71,605.59,1242.05,579.00,1234.06,562.30
EK_0031_P22_107_frame_0000020832_r.jpg,0,1415.77,978.63,1461.06,912.87,1453.89,842.35,1425.80,789.24,1413.28,746.73,1424.80,828.58,1406.72,785.37,1387.17,757.22,1373.44,740.03,1391.39,841.10,1367.33,791.64,1351.94,761.23,1343.84,746.93,1365.00,856.88,1338.90,806.05,1332.74,786.19,1332.21,780.70,1339.89,876.09,1321.86,836.51,1325.60,820.92,1336.83,816.48
EK_0031_P22_107_frame_0000020832_r.jpg,1,1171.64,847.41,1201.63,818.77,1257.08,793.47,1309.60,792.99,1348.88,812.13,1276.67,759.53,1324.08,743.83,1344.27,749.78,1348.34,760.62,1281.05,777.97,1333.45,774.10,1347.99,778.70,1347.68,787.05,1283.05,802.72,1327.11,801.79,1340.43,804.99,1343.98,811.69,1285.03,829.20,1317.33,829.22,1329.97,830.96,1336.82,836.58
EK_0031_P22_107_frame_0000021383_r.jpg,0,1225.45,689.84,1171.15,717.15,1127.87,694.97,1109.93,663.03,1109.54,640.21,1090.14,645.38,1045.38,616.63,1061.49,626.69,1083.98,639.07,1116.24,610.06,1063.56,571.41,1074.48,584.08,1088.44,596.86,1144.86,590.72,1104.90,555.34,1108.85,573.49,1118.61,586.18,1178.06,582.01,1140.65,556.88,1140.53,571.46,1150.93,582.67
EK_0031_P22_107_frame_0000021383_r.jpg,1,860.61,718.97,920.67,735.11,975.17,708.15,1013.66,690.02,1047.35,688.59,947.27,620.40,986.28,568.80,1013.09,542.19,1033.14,526.56,918.75,602.99,964.09,553.16,996.07,532.97,1021.76,523.40,899.04,597.37,943.67,556.39,974.51,539.46,999.30,530.95,889.01,599.02,927.20,566.29,953.64,551.33,976.04,543.96
EK_0031_P22_107_frame_0000022228_l.jpg,0,769.81,939.95,826.98,923.74,864.08,879.65,886.87,845.63,903.82,819.38,806.86,823.37,833.76,788.24,865.29,788.95,882.40,800.42,788.54,827.91,831.55,799.46,862.78,811.72,874.56,828.69,779.88,838.26,823.77,817.80,851.88,829.11,860.50,840.55,776.09,848.55,815.83,833.41,836.85,842.84,843.05,854.48
EK_0031_P22_107_frame_0000022228_l.jpg,1,1164.76,1015.27,1094.98,974.33,1073.48,919.34,1066.92,880.56,1046.28,848.18,1133.55,865.36,1137.58,816.48,1120.66,802.52,1106.80,804.38,1157.62,878.97,1149.40,835.25,1127.01,831.48,1110.44,835.14,1169.91,896.57,1160.62,859.80,1139.02,852.31,1123.68,856.13,1176.26,912.69,1170.27,883.24,1150.82,872.16,1137.73,871.00
EK_0031_P22_107_frame_0000022371_l.jpg,0,703.80,992.41,799.07,957.77,845.03,867.61,853.79,771.91,844.75,704.48,771.73,870.93,813.01,731.52,844.89,648.50,871.43,589.62,698.69,845.89,728.74,697.23,779.18,620.13,825.59,584.77,647.39,826.04,673.12,690.15,727.08,623.88,775.71,592.78,619.70,810.37,625.59,697.00,660.56,637.02,700.27,604.55
EK_0031_P22_107_frame_0000022371_l.jpg,1,1139.94,565.72,1045.49,566.47,989.08,526.14,967.31,471.89,960.69,439.20,1015.44,429.37,962.84,365.50,937.95,371.57,933.83,384.95,1059.27,408.73,994.73,340.11,965.95,355.81,960.80,376.21,1092.66,407.98,1036.49,350.13,1005.86,360.43,996.50,376.38,1113.29,417.47,1072.04,371.48,1041.75,370.89,1031.65,381.68
EK_0031_P22_107_frame_0000022426_r.jpg,0,1140.30,932.21,1026.57,1001.74,910.00,996.46,811.72,944.32,741.36,898.70,939.41,809.27,792.67,804.65,748.17,846.48,734.35,882.31,965.42,749.11,809.03,757.81,776.26,810.98,780.61,849.30,987.82,729.51,843.68,740.78,813.11,791.29,814.29,825.80,1000.75,729.82,892.75,738.34,859.50,781.50,854.64,810.11
EK_0031_P22_107_frame_0000022486_r.jpg,0,1334.10,789.39,1266.05,767.50,1211.23,717.28,1164.16,674.89,1129.34,635.99,1320.51,622.27,1325.10,530.56,1297.02,488.04,1265.95,468.60,1353.01,621.75,1347.28,527.66,1310.49,487.35,1276.16,472.58,1366.14,627.27,1355.38,547.34,1324.71,511.15,1294.29,494.43,1365.69,632.46,1355.08,568.44,1332.36,536.20,1309.15,518.26
EK_0031_P22_107_frame_0000022884_r.jpg,0,1200.50,689.37,1089.08,699.78,1007.59,635.35,967.93,557.78,928.91,504.58,1070.12,508.54,1006.34,399.40,960.85,361.92,924.84,340.11,1119.08,490.10,1066.84,370.97,1025.04,322.60,993.15,291.73,1144.11,495.36,1098.38,400.77,1058.25,356.05,1026.56,332.34,1150.49,507.14,1106.65,440.78,1069.82,408.15,1039.86,392.04
EK_0031_P22_107_frame_0000023914_r.jpg,0,1221.83,791.52,1159.19,785.85,1120.45,766.99,1097.17,757.72,1081.10,745.28,1144.75,698.91,1116.70,687.11,1099.38,700.95,1093.85,717.59,1161.99,704.83,1132.71,688.95,1111.11,699.44,1099.57,712.81,1173.15,716.79,1144.86,705.13,1124.97,711.49,1114.51,721.06,1179.20,727.22,1155.11,721.95,1137.95,725.22,1125.37,731.19
EK_0031_P22_107_frame_0000025011_r.jpg,0,1347.02,650.79,1294.43,651.33,1230.69,620.48,1171.48,599.22,1120.93,588.61,1234.96,517.02,1158.28,492.50,1111.73,509.36,1074.93,532.49,1233.89,522.27,1160.26,508.39,1112.74,529.32,1079.47,560.27,1233.20,539.56,1171.51,535.48,1136.79,557.42,1109.90,581.62,1234.69,557.79,1191.21,561.45,1164.18,579.71,1143.90,600.26
EK_0031_P22_107_frame_0000025338_l.jpg,0,573.56,591.52,624.01,589.54,652.37,559.55,663.28,526.30,662.06,499.52,683.48,535.02,707.49,485.17,711.36,452.86,710.32,432.01,674.46,511.67,686.81,442.93,668.95,412.81,650.61,400.04,655.42,487.09,672.38,420.80,654.01,392.16,632.77,377.30,628.77,463.73,647.34,409.86,640.51,384.74,627.38,370.73
EK_0031_P22_107_frame_0000025396_l.jpg,0,1346.06,945.94,1292.99,944.44,1218.31,879.76,1153.49,825.83,1092.25,800.67,1299.28,783.63,1200.82,727.28,1134.14,719.25,1079.02,716.95,1291.15,767.53,1203.98,716.79,1136.16,712.20,1087.34,719.25,1274.75,769.68,1200.57,732.39,1148.47,737.86,1110.32,746.87,1258.21,772.99,1207.48,751.25,1164.11,755.43,1130.43,762.63
EK_0031_P22_107_frame_0000026238_r.jpg,0,757.21,905.14,726.87,846.94,727.45,784.52,757.83,744.66,789.65,724.05,753.88,773.08,784.25,727.04,810.80,701.48,834.57,680.14,782.76,787.07,815.73,739.23,843.14,710.29,866.90,685.47,806.05,808.45,837.45,763.17,861.50,733.86,881.47,710.96,829.40,834.75,853.44,796.14,868.91,769.87,881.74,746.84
EK_0031_P22_107_frame_0000026238_r.jpg,1,1138.55,526.84,1082.63,521.53,1056.16,498.31,1047.77,481.79,1042.79,471.57,1084.74,412.62,1077.52,369.63,1067.78,371.26,1061.55,383.51,1121.77,407.96,1110.31,373.54,1099.22,377.25,1095.27,387.61,1150.17,414.37,1141.65,383.59,1130.73,381.96,1126.11,388.71,1171.50,427.19,1167.62,394.61,1159.19,388.78,1155.01,393.08
EK_0031_P22_107_frame_0000026269_l.jpg,0,795.74,815.37,855.83,792.47,878.44,740.66,881.38,703.36,874.81,675.24,803.68,679.96,811.39,617.31,830.59,591.23,847.82,581.61,774.83,686.99,785.67,616.15,809.73,591.49,829.97,584.33,760.85,697.94,772.15,634.58,793.91,609.89,812.76,599.49,758.61,709.23,765.84,658.07,783.33,633.37,801.04,623.55
EK_0031_P22_107_frame_0000026269_l.jpg,1,1083.13,784.71,1024.99,777.39,1000.68,749.41,1003.00,722.90,1013.02,708.56,1019.82,669.91,1018.30,616.76,1011.66,622.63,1012.37,639.17,1054.15,664.00,1044.93,615.76,1036.23,628.41,1039.05,644.87,1082.98,668.26,1073.60,624.64,1064.58,635.14,1064.71,649.77,1105.39,679.75,1100.12,633.52,1090.42,635.95,1089.72,648.36
EK_0031_P22_107_frame_0000026561_r.jpg,0,1196.16,845.01,1146.78,817.10,1102.88,743.63,1063.98,686.18,1029.85,638.37,1156.36,669.63,1113.74,596.73,1074.43,567.05,1039.97,555.01,1144.37,679.64,1099.71,625.06,1049.25,600.09,1005.33,591.93,1131.90,697.21,1087.92,661.33,1046.87,647.68,1010.15,635.34,1122.10,714.82,1081.91,691.60,1054.04,686.49,1030.47,681.00
EK_0031_P22_107_frame_0000026869_l.jpg,0,1039.46,998.00,1108.63,975.90,1142.65,924.58,1154.77,876.78,1174.72,845.72,1086.15,855.07,1087.60,795.83,1086.70,762.26,1084.67,736.15,1046.84,856.09,1040.64,792.51,1037.03,754.10,1033.15,725.82,1015.60,869.10,1009.35,812.37,1008.06,782.04,1006.58,759.72,991.79,889.03,982.71,844.86,981.28,822.69,981.85,807.08
EK_0031_P22_107_frame_0000027126_r.jpg,0,1225.97,714.45,1162.17,765.56,1093.42,753.60,1058.39,716.07,1054.15,685.09,1056.86,686.89,997.27,645.14,1008.22,668.24,1032.61,682.39,1081.66,642.89,1017.86,609.67,1024.37,638.98,1046.38,653.59,1109.33,616.21,1050.15,588.59,1051.57,615.73,1070.90,631.12,1134.81,604.78,1084.06,587.86,1081.73,608.04,1099.26,620.58
EK_0033_P25_101_frame_0000001005_l.jpg,0,1433.19,991.77,1341.77,1050.91,1226.08,1052.57,1114.87,1022.01,1030.86,1001.37,1243.47,931.06,1071.37,896.78,1027.81,943.46,1030.00,982.31,1270.11,854.84,1085.84,846.61,1073.06,916.03,1102.02,948.04,1286.41,804.71,1116.81,806.51,1116.31,867.33,1153.18,895.08,1297.30,777.01,1163.29,775.14,1152.65,821.57,1183.80,847.41
EK_0033_P25_101_frame_0000001133_l.jpg,0,418.35,854.89,502.60,884.26,586.63,866.46,647.15,866.87,688.33,870.95,559.87,724.52,601.79,638.43,644.94,618.63,673.23,625.83,521.87,703.43,581.90,637.40,628.11,628.45,658.01,639.46,496.53,700.69,558.29,659.66,599.56,653.80,626.00,659.33,482.18,707.06,537.71,677.94,575.16,670.85,598.15,673.13
EK_0033_P25_101_frame_0000001133_l.jpg,1,1374.14,946.36,1274.35,936.23,1201.01,863.16,1158.34,786.76,1126.73,735.49,1256.33,765.47,1186.93,668.63,1132.18,681.42,1098.82,712.87,1281.63,758.14,1206.96,678.72,1148.47,694.50,1117.43,727.15,1290.81,769.35,1221.75,716.10,1174.36,731.90,1146.86,758.53,1294.13,784.28,1241.12,755.99,1202.44,766.60,1178.44,787.85
EK_0033_P25_101_frame_0000004221_r.jpg,0,1342.31,727.41,1255.11,722.77,1199.01,688.53,1187.66,654.47,1206.35,646.19,1237.62,591.12,1206.64,582.73,1198.04,615.97,1197.68,644.86,1280.31,584.46,1250.14,588.87,1237.41,620.61,1238.69,648.12,1315.22,596.70,1284.79,607.81,1268.81,632.56,1268.60,655.43,1334.75,617.16,1308.78,623.65,1289.49,643.32,1285.65,663.28
EK_0033_P25_101_frame_0000004634_r.jpg,0,1592.65,612.62,1499.44,604.27,1442.75,544.70,1404.22,500.41,1367.60,485.18,1503.71,453.05,1441.29,429.15,1408.49,457.93,1399.40,484.59,1546.85,446.08,1480.53,431.62,1445.63,458.87,1435.29,484.22,1577.09,455.97,1513.74,444.88,1484.13,466.60,1476.45,491.01,1597.47,470.72,1545.63,461.14,1519.61,476.06,1509.48,497.29
EK_0033_P25_101_frame_0000004846_r.jpg,0,1600.09,703.73,1499.37,689.07,1422.93,645.71,1367.24,624.13,1321.35,610.32,1473.76,542.42,1397.19,523.11,1363.84,553.69,1348.41,586.70,1506.09,547.53,1428.07,540.97,1388.22,572.67,1368.27,609.50,1526.69,568.44,1456.37,568.87,1417.68,592.37,1394.86,617.56,1539.65,586.73,1481.06,587.90,1448.38,603.65,1426.77,621.80
EK_0033_P25_101_frame_0000004973_r.jpg,0,1401.19,711.33,1321.30,697.12,1267.70,647.92,1234.83,612.25,1214.44,589.05,1328.16,559.67,1262.61,534.76,1230.48,556.61,1215.18,576.88,1361.48,554.17,1291.12,535.86,1254.37,557.11,1237.56,581.80,1381.17,564.89,1312.67,552.63,1280.00,570.00,1265.76,590.99,1389.34,578.07,1334.14,568.45,1305.17,581.04,1291.03,598.53
EK_0033_P25_101_frame_0000005199_r.jpg,0,1270.67,370.95,1175.92,358.67,1117.74,307.49,1073.55,268.64,1044.34,257.65,1178.75,199.19,1108.90,198.47,1095.30,237.92,1102.29,263.97,1221.72,194.68,1143.34,195.91,1125.94,231.51,1132.70,256.61,1250.29,208.93,1175.37,203.84,1157.05,231.82,1163.36,256.19,1264.98,228.55,1205.65,221.39,1188.28,239.82,1189.73,259.92
EK_0033_P25_101_frame_0000007731_r.jpg,0,741.02,1035.00,777.60,994.09,816.78,956.13,859.03,938.09,893.94,918.25,771.82,902.75,817.40,869.79,856.16,845.13,888.08,828.05,756.51,915.24,806.60,875.76,848.87,849.32,884.04,830.86,752.01,939.73,805.25,908.33,844.09,884.10,875.00,865.07,757.62,973.07,807.09,954.74,842.27,941.98,870.72,929.73
EK_0033_P25_101_frame_0000007731_r.jpg,1,1172.68,1030.17,1137.70,995.65,1106.58,964.99,1077.38,945.15,1050.09,929.49,1115.55,921.76,1066.68,900.43,1029.47,892.94,999.25,890.62,1121.81,925.73,1067.91,902.42,1028.79,894.64,996.42,891.89,1127.04,941.96,1078.07,915.42,1045.63,907.53,1019.36,903.01,1129.62,968.99,1097.18,959.72,1074.78,952.23,1056.41,944.63
EK_0033_P25_101_frame_0000009013_l.jpg,0,503.30,1084.64,540.13,1035.74,575.98,976.72,612.44,933.46,644.06,887.55,514.55,906.64,544.78,841.81,578.50,806.73,607.73,786.17,529.54,922.12,551.95,856.16,580.55,819.51,607.38,794.34,548.29,940.14,568.93,885.20,595.28,853.54,617.52,830.94,567.75,959.71,591.48,916.52,609.65,894.06,624.53,876.84
EK_0033_P25_101_frame_0000013701_l.jpg,0,547.99,1112.09,574.96,1072.20,608.66,1017.26,647.09,974.36,683.88,937.30,544.06,936.46,563.84,873.41,588.02,835.60,609.21,811.46,556.78,947.15,573.00,881.73,597.50,844.74,619.33,820.20,574.42,960.75,589.20,905.03,610.31,873.97,628.19,849.31,594.11,977.45,613.42,931.23,629.76,907.80,643.81,888.29
EK_0033_P25_101_frame_0000013983_l.jpg,0,1447.92,632.57,1394.36,573.36,1347.31,522.97,1308.38,498.32,1286.19,500.31,1396.86,469.42,1339.29,443.49,1299.55,448.78,1273.43,460.37,1391.72,494.89,1333.01,476.80,1293.41,497.40,1271.44,527.99,1383.40,519.79,1329.48,506.40,1295.36,521.14,1274.71,536.47,1376.02,543.15,1332.95,534.13,1307.56,539.97,1292.74,548.54
EK_0033_P25_101_frame_0000014353_l.jpg,0,1419.14,653.44,1370.64,582.27,1313.39,542.62,1257.67,532.49,1225.55,538.03,1339.60,493.77,1280.43,473.56,1238.56,472.95,1210.04,481.99,1329.68,529.39,1268.11,521.07,1250.39,547.24,1251.08,576.46,1323.49,561.85,1269.44,558.00,1274.48,580.29,1289.20,595.47,1321.20,590.27,1274.19,585.40,1275.95,597.93,1291.87,605.43
EK_0033_P25_101_frame_0000014455_r.jpg,0,1142.40,711.44,1050.25,704.78,1008.83,663.59,997.77,615.12,1011.98,586.23,1000.65,576.70,979.45,561.92,990.18,591.91,1005.10,611.95,1048.50,555.63,1022.31,540.44,1024.08,571.86,1036.73,597.91,1096.66,554.99,1068.69,548.33,1068.10,575.96,1081.07,600.27,1136.59,562.14,1114.73,558.66,1110.05,581.18,1117.67,602.44
EK_0033_P25_101_frame_0000014455_r.jpg,1,524.64,1093.38,556.54,1036.32,581.27,974.26,608.49,930.69,635.47,890.34,509.54,916.73,515.73,858.17,530.91,820.98,544.68,796.77,523.41,928.91,525.46,870.36,536.90,834.17,548.75,806.36,541.75,943.87,545.84,893.40,561.21,862.79,573.35,838.43,561.37,961.10,575.41,915.39,587.47,890.04,596.03,870.31
EK_0033_P25_101_frame_0000014555_l.jpg,0,1477.64,687.44,1403.60,655.59,1363.12,596.39,1362.03,561.26,1366.41,552.65,1422.99,534.59,1379.68,500.78,1346.69,513.14,1324.83,526.46,1458.50,543.96,1411.89,528.22,1376.97,548.32,1362.10,574.31,1478.54,564.49,1430.72,558.53,1398.45,572.26,1384.25,588.05,1486.46,583.41,1446.93,578.55,1419.04,589.54,1408.16,607.20
EK_0033_P25_101_frame_0000014651_l.jpg,0,1305.75,844.53,1228.43,812.63,1200.00,765.17,1196.78,731.14,1203.62,721.14,1252.24,683.52,1245.86,677.20,1242.26,703.84,1241.96,718.79,1301.24,691.91,1292.23,681.51,1279.07,700.28,1276.38,719.11,1336.13,719.41,1321.03,712.33,1305.14,724.39,1304.00,742.12,1353.41,749.98,1339.30,741.69,1322.86,750.90,1318.06,765.83
EK_0033_P25_101_frame_0000014688_r.jpg,0,1536.79,725.57,1443.88,690.66,1392.80,630.95,1355.16,588.06,1333.75,561.24,1469.62,541.76,1404.84,532.57,1377.35,570.37,1367.46,596.58,1517.93,552.93,1444.23,563.87,1410.51,601.58,1399.08,632.03,1548.38,580.91,1480.23,591.17,1446.81,619.00,1435.70,646.58,1567.12,608.00,1514.97,611.98,1483.73,631.38,1469.53,655.75
EK_0033_P25_101_frame_0000016753_l.jpg,0,508.85,974.26,507.59,884.52,525.91,825.14,557.14,788.95,588.87,760.22,511.44,804.74,544.11,760.22,569.67,737.81,587.77,723.21,537.94,835.71,571.66,787.35,597.80,757.34,620.27,733.49,561.39,866.05,592.00,823.49,613.36,791.93,631.44,766.34,583.84,897.04,611.47,863.61,627.79,842.95,642.16,822.81
EK_0033_P25_101_frame_0000016753_l.jpg,1,1415.46,842.69,1323.43,824.89,1276.07,780.30,1268.70,749.15,1284.99,740.81,1328.61,691.93,1283.10,676.89,1254.76,698.99,1240.63,719.75,1371.02,703.42,1322.59,689.77,1292.43,712.55,1278.10,737.38,1400.85,725.58,1353.48,719.12,1326.02,735.43,1315.83,751.91,1420.95,747.97,1375.84,743.84,1349.80,756.54,1336.43,773.18
EK_0033_P25_101_frame_0000016951_r.jpg,0,369.70,1052.72,350.46,963.18,369.16,905.62,408.14,877.72,444.76,859.86,371.31,908.33,403.63,871.69,432.92,855.42,456.67,845.64,403.40,935.65,431.33,893.44,458.35,868.49,480.49,851.14,430.01,959.71,456.67,921.27,471.71,901.51,483.08,888.95,460.19,981.64,476.47,955.88,477.78,951.96,477.32,950.37
EK_0033_P25_101_frame_0000017042_l.jpg,0,591.35,976.40,622.89,922.70,655.70,874.01,697.51,842.34,736.08,809.16,621.06,814.42,640.21,766.92,657.96,736.18,671.71,719.28,634.21,830.07,651.77,782.61,665.74,752.46,678.03,730.80,648.59,848.58,666.72,807.39,678.41,780.99,688.39,762.97,665.97,867.73,685.68,832.34,696.85,812.60,705.68,798.31
EK_0033_P25_101_frame_0000017042_l.jpg,1,1255.18,734.17,1170.65,716.79,1125.51,669.76,1130.34,633.69,1155.14,630.24,1184.24,578.34,1136.85,593.06,1132.47,627.51,1144.68,642.28,1222.14,578.27,1174.59,596.95,1165.62,629.12,1176.17,645.63,1248.64,593.43,1205.90,607.42,1191.28,633.70,1199.48,647.71,1262.95,614.24,1229.57,622.42,1215.61,646.25,1220.86,664.05
EK_0033_P25_101_frame_0000018111_l.jpg,0,992.58,918.55,928.42,908.90,893.93,860.00,872.20,816.00,846.31,797.76,916.01,809.92,885.86,743.79,883.63,762.57,893.64,787.25,959.10,795.31,930.31,719.01,920.62,742.21,925.49,766.24,996.86,794.20,979.17,727.02,965.26,748.05,966.23,769.09,1029.25,804.79,1017.37,750.36,1001.37,764.79,999.80,787.44
EK_0033_P25_101_frame_0000018155_r.jpg,0,1220.43,705.73,1149.45,676.81,1128.06,630.36,1139.55,593.53,1152.41,575.45,1149.09,559.74,1132.34,532.32,1124.95,558.37,1132.64,579.87,1190.43,561.80,1175.54,518.85,1162.03,542.55,1163.96,564.30,1222.79,578.40,1210.45,544.28,1190.53,562.26,1190.24,579.70,1245.94,599.79,1226.39,576.23,1207.79,587.30,1207.25,600.38
EK_0033_P25_101_frame_0000018155_r.jpg,1,756.49,1012.96,833.20,1012.42,874.80,982.22,895.88,957.65,897.83,941.58,842.24,890.17,862.01,836.77,885.04,815.89,898.63,815.38,804.14,884.67,812.18,814.36,829.59,791.97,843.75,784.44,775.39,891.67,792.54,837.52,810.02,819.62,824.70,815.56,757.98,906.56,782.57,879.92,799.50,875.10,814.45,880.81
EK_0033_P25_101_frame_0000018180_r.jpg,0,696.26,700.12,775.80,688.45,817.89,656.78,831.54,620.89,827.75,598.57,787.45,579.47,818.01,517.68,831.43,507.55,835.74,516.76,741.23,562.80,754.38,484.97,771.55,477.79,783.01,491.54,704.32,562.10,717.73,502.64,735.96,499.82,750.62,510.16,677.57,571.53,690.62,539.68,706.62,536.23,720.22,545.30
EK_0033_P25_101_frame_0000018180_r.jpg,1,1250.15,814.75,1189.75,779.09,1159.53,729.18,1145.68,696.46,1144.82,679.96,1229.83,673.96,1197.71,637.46,1168.98,641.45,1147.17,652.13,1255.16,682.88,1219.20,650.36,1184.32,656.37,1159.15,673.57,1265.23,699.15,1229.49,672.11,1197.80,675.50,1177.41,687.77,1265.95,713.74,1236.23,693.45,1208.55,693.77,1189.31,705.41
EK_0033_P25_101_frame_0000018988_l.jpg,0,464.73,938.70,515.50,876.71,551.33,813.72,587.43,774.76,619.47,741.33,488.14,760.43,501.02,702.22,527.67,669.80,552.24,653.84,494.75,777.64,504.23,721.82,527.09,691.34,548.73,673.78,507.43,799.41,519.46,752.82,539.13,722.88,556.86,705.50,524.70,822.86,541.98,784.74,555.73,763.64,568.29,748.05
EK_0033_P25_101_frame_0000020015_l.jpg,0,480.86,1002.85,538.02,936.40,573.84,870.52,595.87,826.85,610.63,795.75,509.67,818.06,515.67,757.66,542.87,731.19,569.33,723.91,510.49,844.27,542.04,798.87,584.40,796.02,620.54,809.85,515.85,871.74,556.58,843.14,600.79,845.97,633.82,858.08,525.04,894.16,559.94,874.72,589.81,880.03,613.60,890.37
EK_0033_P25_101_frame_0000020251_l.jpg,0,348.93,988.90,363.11,923.11,397.70,860.63,437.18,822.89,471.71,786.12,389.08,821.60,429.46,771.15,462.59,742.45,489.86,723.55,408.15,846.65,453.01,800.12,480.60,784.20,504.35,779.86,423.20,873.51,469.25,836.49,508.65,812.71,545.18,798.65,439.28,903.66,470.20,886.45,496.88,880.13,522.02,876.26
EK_0033_P25_101_frame_0000020523_l.jpg,0,259.96,907.59,346.28,875.49,407.35,847.22,450.93,833.25,489.90,815.37,364.50,784.67,405.07,768.17,427.92,770.47,441.99,775.23,343.57,809.59,380.46,799.90,402.98,805.29,418.20,813.85,326.55,838.51,364.57,836.09,388.44,834.45,405.87,840.35,318.49,867.31,352.17,863.05,372.06,861.85,386.83,865.13
EK_0033_P25_101_frame_0000020671_l.jpg,0,662.02,548.94,727.31,577.68,777.51,558.09,797.76,522.48,796.33,500.48,802.27,507.80,833.52,485.74,822.43,499.22,804.53,515.70,778.93,475.99,811.05,455.41,804.28,470.64,792.12,486.26,748.59,457.48,775.10,446.68,773.81,463.89,764.50,480.66,716.75,450.87,737.53,450.32,741.45,465.67,735.19,480.13
EK_0036_P27_105_frame_0000001963_r.jpg,0,974.65,588.21,971.51,535.53,1002.54,471.85,1063.29,435.37,1109.69,408.19,953.35,430.69,1016.07,383.46,1067.49,361.77,1109.45,351.79,985.49,455.19,1044.07,411.23,1088.00,393.00,1127.88,384.05,1019.66,484.80,1068.60,446.69,1103.79,425.64,1134.49,413.48,1050.47,513.43,1093.06,477.13,1116.56,457.90,1137.69,444.76
EK_0036_P27_105_frame_0000004625_r.jpg,0,1446.16,1060.44,1358.07,1003.00,1322.03,922.19,1337.12,864.50,1350.87,831.81,1387.65,851.14,1372.11,774.42,1366.03,742.90,1361.34,719.85,1434.47,861.60,1414.35,799.11,1387.92,789.18,1375.74,794.64,1462.16,885.31,1435.77,834.50,1407.12,827.95,1392.44,834.82,1474.73,909.18,1447.52,873.98,1419.68,869.83,1405.22,879.38
EK_0036_P27_105_frame_0000004782_l.jpg,0,644.98,1090.11,670.66,1041.97,703.60,997.50,738.49,965.59,760.11,934.95,664.82,970.14,680.23,943.00,696.39,926.11,710.24,916.72,667.45,993.66,674.55,973.89,689.50,971.41,701.59,971.62,671.33,1015.24,679.65,996.96,690.17,997.69,696.85,1000.97,679.57,1033.16,686.21,1014.16,694.43,1015.04,698.39,1020.60
EK_0036_P27_105_frame_0000005676_l.jpg,0,1019.88,997.74,943.73,974.65,893.45,916.84,864.99,853.97,847.92,805.45,957.10,834.56,954.58,751.45,935.26,730.85,918.59,737.99,1004.85,832.04,987.64,763.11,959.31,763.49,942.76,780.56,1041.05,843.66,1022.06,785.44,997.20,786.55,983.18,801.98,1067.47,861.64,1051.23,819.86,1029.61,818.79,1018.35,833.63
EK_0036_P27_105_frame_0000005676_l.jpg,1,696.15,920.07,755.99,903.91,789.55,855.51,811.38,813.02,831.48,784.13,732.27,800.52,759.71,752.90,782.55,746.85,797.67,752.64,701.66,802.74,728.41,761.03,752.67,755.26,773.08,757.95,684.96,812.66,710.89,779.18,733.43,773.59,752.27,775.58,680.98,826.95,702.89,795.92,723.04,787.44,739.37,789.23
EK_0036_P27_105_frame_0000009388_r.jpg,0,1272.15,985.87,1224.42,1031.46,1160.64,1032.99,1114.79,1007.85,1099.17,976.71,1128.16,954.69,1068.10,919.98,1043.79,905.48,1036.62,899.40,1148.62,911.62,1085.94,882.74,1060.36,873.86,1051.11,870.72,1172.69,880.71,1116.27,852.18,1088.16,843.30,1073.90,837.88,1197.24,860.68,1149.42,835.99,1121.66,829.38,1103.75,826.64
EK_0036_P27_105_frame_0000010676_r.jpg,0,1355.78,901.83,1292.45,920.46,1243.45,885.27,1222.85,838.88,1214.54,807.41,1251.98,842.60,1203.23,793.83,1178.81,766.80,1169.17,754.42,1288.53,811.58,1240.65,756.21,1212.72,735.10,1202.88,731.98,1320.54,795.22,1269.85,743.32,1240.86,735.23,1230.48,742.13,1345.41,788.98,1296.77,757.62,1270.57,759.31,1261.29,770.18
EK_0036_P27_105_frame_0000013115_r.jpg,0,1534.99,962.89,1455.60,906.08,1429.40,817.74,1425.66,738.40,1424.48,679.84,1549.99,768.65,1561.54,644.67,1521.84,605.97,1485.25,608.61,1611.50,788.31,1612.94,658.07,1565.90,618.52,1531.45,619.13,1645.89,814.62,1653.65,699.78,1611.82,654.86,1577.29,645.37,1663.67,842.85,1685.05,757.73,1665.62,710.44,1641.29,688.31
EK_0036_P27_105_frame_0000013828_r.jpg,0,1014.83,1009.88,1015.32,964.35,1042.22,908.93,1074.96,868.33,1101.10,838.39,1028.41,898.09,1043.30,855.21,1061.09,829.19,1078.39,810.49,1053.53,910.08,1076.93,870.34,1098.28,846.51,1118.37,827.98,1076.06,929.69,1108.33,894.25,1137.19,874.87,1161.71,858.66,1092.28,952.82,1124.46,931.51,1147.26,918.26,1167.90,905.04
EK_0036_P27_105_frame_0000014203_r.jpg,0,462.31,1059.70,480.08,1004.41,525.02,950.59,574.46,914.86,613.97,886.40,529.61,937.55,582.11,907.45,615.19,900.35,639.75,900.80,541.61,968.98,591.50,943.44,621.57,936.51,643.16,942.81,548.68,999.37,594.12,978.95,617.74,972.27,630.38,978.14,553.58,1029.48,587.84,1015.15,604.84,1010.47,613.99,1012.68
EK_0036_P27_105_frame_0000014809_l.jpg,0,663.16,850.16,732.23,793.05,734.75,700.08,718.76,620.85,706.37,551.17,652.31,676.40,644.26,572.73,663.90,516.75,682.86,485.35,613.21,694.48,617.67,595.33,645.28,543.61,675.09,513.54,599.87,709.59,611.32,622.67,636.77,572.60,663.72,539.30,602.59,720.15,606.79,641.86,629.40,596.54,654.70,571.10
EK_0036_P27_105_frame_0000016401_l.jpg,0,1226.67,783.25,1146.53,757.81,1111.03,698.93,1102.25,640.28,1102.92,601.21,1139.52,640.20,1110.35,600.68,1109.82,631.38,1122.41,656.37,1185.23,633.29,1153.06,602.32,1145.63,628.79,1155.05,652.33,1224.17,637.27,1193.52,605.65,1184.64,627.26,1191.85,651.89,1254.26,644.66,1224.95,615.81,1216.94,633.05,1223.71,654.31
EK_0036_P27_105_frame_0000017071_r.jpg,0,1351.61,930.74,1263.62,921.51,1195.23,859.90,1146.27,803.39,1105.86,761.20,1257.90,761.60,1177.63,703.76,1133.36,707.90,1104.15,717.93,1287.25,750.20,1206.25,697.02,1154.06,703.55,1119.37,718.85,1301.25,756.60,1227.27,729.57,1187.80,748.32,1165.41,768.96,1305.58,765.32,1247.29,752.66,1214.25,766.12,1194.37,782.84
EK_0036_P27_105_frame_0000020051_r.jpg,0,1620.04,1061.94,1496.30,1033.36,1403.18,958.65,1328.19,906.80,1268.81,860.82,1503.89,814.88,1427.84,693.91,1372.48,638.28,1333.58,602.13,1574.00,802.37,1497.23,675.39,1426.85,648.69,1382.45,647.06,1624.74,812.84,1565.95,699.42,1501.74,678.57,1462.01,680.00,1656.21,831.78,1615.41,741.42,1567.09,718.02,1538.23,717.85
EK_0036_P27_105_frame_0000020051_r.jpg,1,603.75,883.07,673.46,793.77,747.91,682.48,827.22,603.51,898.13,538.29,621.20,581.53,735.49,508.11,822.72,494.79,886.38,492.41,642.87,617.79,747.88,553.60,829.16,540.47,895.89,543.49,662.55,655.87,754.79,609.13,824.69,596.25,883.83,604.85,685.12,693.38,755.81,656.28,808.20,647.95,857.07,650.44
EK_0036_P27_105_frame_0000024948_r.jpg,0,1178.87,778.18,1080.69,754.70,1007.66,718.86,948.93,712.65,911.47,720.04,1075.47,595.74,1007.92,574.43,976.02,598.85,957.35,630.52,1108.60,604.69,1034.37,598.69,992.28,631.51,969.09,671.59,1126.55,627.86,1055.71,631.28,1012.07,656.15,985.49,690.20,1135.57,653.90,1071.56,660.08,1033.06,678.58,1007.32,704.56
EK_0036_P27_105_frame_0000025951_l.jpg,0,849.70,773.25,903.18,745.80,938.62,697.60,970.38,672.65,1000.40,659.83,860.23,637.47,841.24,575.42,865.79,563.36,890.15,568.71,834.01,647.01,863.61,603.95,907.93,602.89,940.86,619.17,818.97,663.68,848.46,633.04,884.78,629.74,911.11,639.45,812.84,681.76,832.88,656.61,859.60,653.03,878.18,659.03
EK_0036_P27_105_frame_0000026543_r.jpg,0,1209.63,1042.60,1177.60,1009.60,1154.86,957.03,1129.65,916.80,1108.02,882.13,1199.31,918.70,1167.22,868.29,1137.69,861.70,1117.69,870.71,1197.60,929.19,1168.21,885.25,1137.56,874.82,1114.40,879.77,1190.57,942.26,1164.93,906.60,1138.02,895.13,1115.08,893.98,1182.45,955.13,1158.55,927.52,1138.25,919.02,1121.21,917.90
EK_0036_P27_105_frame_0000026836_r.jpg,0,1261.65,709.98,1188.43,693.28,1142.38,642.06,1099.72,595.61,1055.05,579.78,1182.25,551.54,1119.19,513.51,1091.59,531.02,1084.19,550.80,1224.31,539.11,1165.76,498.43,1138.06,526.23,1133.45,549.39,1257.47,547.80,1217.99,498.69,1194.92,516.24,1190.57,541.59,1280.35,566.28,1272.57,522.75,1260.34,521.64,1258.62,531.27
EK_0036_P27_105_frame_0000027176_r.jpg,0,1045.76,951.98,987.97,972.08,939.11,953.19,913.81,914.27,905.18,886.68,928.88,896.64,877.45,847.85,854.06,822.30,841.42,805.12,959.45,868.37,905.33,812.80,881.02,787.45,869.12,771.53,990.77,850.98,945.24,798.90,921.82,780.34,910.41,770.61,1021.66,844.29,985.80,806.32,973.32,804.19,972.90,810.63
EK_0036_P27_105_frame_0000028076_l.jpg,0,724.38,1069.22,793.20,1083.64,860.46,1060.74,927.64,1028.19,985.46,993.25,847.83,938.10,931.05,881.09,981.59,867.50,1016.48,868.55,813.06,915.59,891.37,851.02,943.95,829.88,982.89,823.96,782.43,910.45,831.70,844.96,869.18,812.05,900.00,795.70,766.25,922.70,805.40,870.64,832.72,845.47,852.44,831.93
EK_0036_P27_105_frame_0000031951_l.jpg,0,1122.46,857.91,1059.43,842.09,1004.90,793.14,961.58,756.79,938.68,730.68,1084.13,716.07,1028.96,672.53,1005.08,696.16,1002.14,723.50,1112.14,711.61,1059.77,669.07,1027.83,691.27,1017.36,719.20,1127.92,723.02,1081.36,685.94,1050.70,700.42,1040.34,725.09,1133.09,737.98,1092.28,712.44,1065.07,721.14,1053.50,739.66
EK_0036_P27_105_frame_0000032988_l.jpg,0,1206.39,873.00,1164.77,827.22,1157.48,757.50,1158.12,698.38,1152.09,645.84,1232.24,731.67,1192.76,670.12,1155.88,651.47,1133.60,648.48,1248.58,741.00,1206.60,687.93,1168.23,665.86,1141.88,660.04,1249.24,753.78,1210.16,706.24,1176.58,689.31,1155.09,682.41,1244.89,762.53,1212.85,721.48,1185.00,707.62,1165.48,702.86
EK_0036_P27_105_frame_0000033886_l.jpg,0,713.20,982.04,781.89,961.42,838.29,908.12,883.78,868.82,911.91,854.65,785.45,818.35,858.45,789.06,893.95,815.07,906.90,844.61,770.18,823.84,843.95,808.11,880.14,835.01,897.00,863.48,763.19,841.03,826.99,833.94,859.97,852.65,877.56,878.36,763.86,860.19,812.12,856.67,839.75,868.96,857.14,888.26
EK_0036_P27_105_frame_0000033886_l.jpg,1,1324.78,1013.11,1256.71,993.74,1206.48,943.11,1158.96,910.29,1115.78,888.85,1257.62,855.95,1188.31,826.66,1145.23,840.39,1115.49,859.16,1279.84,858.82,1203.17,851.90,1158.00,877.89,1128.34,907.48,1289.81,875.81,1218.74,882.40,1179.02,904.36,1153.34,925.55,1292.32,893.77,1234.38,899.98,1200.80,917.97,1180.78,937.73
EK_0036_P27_105_frame_0000034096_l.jpg,0,1300.08,964.13,1235.39,982.23,1173.26,952.07,1118.72,919.13,1067.07,907.23,1200.03,843.24,1129.20,798.74,1091.02,807.79,1066.77,827.41,1224.28,825.66,1144.96,791.74,1103.96,816.98,1083.90,847.63,1237.70,828.02,1168.08,801.66,1129.72,825.33,1110.06,855.37,1242.81,835.20,1190.98,814.81,1157.51,828.41,1139.10,851.68
EK_0036_P27_105_frame_0000034096_l.jpg,1,357.67,1016.28,454.06,1004.15,524.84,936.64,573.96,868.07,619.68,818.33,476.25,837.52,562.88,767.48,613.07,769.60,642.55,786.38,432.15,820.77,529.54,769.02,582.89,781.97,617.58,803.61,404.10,824.19,492.99,786.67,543.18,796.93,576.07,815.36,389.23,835.87,456.01,804.30,500.73,810.53,531.72,827.06
EK_0036_P27_105_frame_0000034451_l.jpg,0,430.40,940.27,469.02,891.48,466.91,814.83,462.19,756.68,463.79,709.96,363.76,802.69,333.22,726.73,358.50,684.68,393.72,666.01,370.43,809.84,381.85,732.87,426.04,692.71,468.07,672.48,385.08,816.72,408.67,758.05,445.07,728.78,473.68,714.23,400.00,822.19,423.03,779.74,449.45,767.12,471.22,765.85
EK_0036_P27_105_frame_0000036051_r.jpg,0,1340.58,937.97,1277.25,906.58,1233.16,842.89,1187.68,795.16,1140.70,763.48,1304.23,762.22,1226.71,725.94,1176.00,738.01,1153.38,754.30,1324.23,773.48,1244.85,751.95,1191.29,769.79,1164.44,786.21,1328.55,792.65,1257.41,784.83,1209.31,795.09,1184.95,805.44,1327.85,808.05,1266.52,802.30,1227.44,811.36,1205.64,823.98
EK_0036_P27_105_frame_0000036051_r.jpg,1,788.84,1005.41,806.21,968.45,841.87,927.11,886.17,899.57,922.19,895.41,820.07,837.48,840.94,791.51,879.57,782.66,907.66,798.07,844.33,865.40,896.94,821.22,939.29,819.62,970.59,831.53,866.76,894.18,912.46,867.86,954.54,860.05,985.81,861.25,885.56,925.31,920.84,910.96,946.88,903.22,966.45,899.87
EK_0036_P27_105_frame_0000036076_l.jpg,0,1327.96,934.31,1247.40,890.23,1200.38,820.50,1163.08,765.37,1121.81,730.94,1288.89,741.18,1232.53,683.93,1197.80,686.94,1176.53,699.25,1327.53,753.93,1264.91,710.31,1222.78,718.54,1197.52,734.94,1345.03,777.79,1289.37,743.51,1248.65,745.67,1221.20,760.25,1351.96,799.66,1309.70,767.98,1276.80,765.17,1251.71,776.98
EK_0036_P27_105_frame_0000036076_l.jpg,1,749.81,1059.72,822.41,1024.65,867.68,958.88,903.11,910.37,935.28,877.82,800.22,869.09,853.36,808.85,899.35,794.72,932.31,793.88,781.66,879.84,832.53,811.41,877.51,801.24,912.37,802.36,773.26,896.73,817.53,843.38,856.58,829.92,888.91,829.79,774.82,915.45,808.30,875.53,839.43,862.17,868.76,857.81
EK_0036_P27_105_frame_0000036326_l.jpg,0,829.98,1053.37,825.70,980.03,864.77,906.13,933.01,869.53,990.23,863.38,856.66,851.51,916.16,793.76,933.07,817.08,931.61,845.27,892.11,878.16,950.71,830.29,963.61,848.72,964.70,866.39,922.66,910.03,968.72,873.34,990.34,868.73,1003.05,867.62,950.60,944.67,983.16,908.42,999.48,896.93,1009.50,889.15
EK_0036_P27_105_frame_0000036326_l.jpg,1,1240.70,1042.53,1152.50,1018.50,1096.93,946.96,1053.02,874.72,1008.57,828.03,1169.79,868.36,1104.73,813.85,1090.44,854.67,1101.02,886.62,1217.69,863.91,1148.33,836.36,1131.25,871.95,1141.71,896.92,1249.53,877.95,1188.56,859.24,1169.72,886.66,1176.29,913.41,1270.19,894.34,1218.95,875.17,1202.98,896.26,1209.83,918.39
EK_0036_P27_105_frame_0000036613_l.jpg,0,1597.55,782.86,1521.47,782.10,1437.72,741.86,1368.43,724.30,1307.99,730.17,1481.33,632.25,1385.12,608.51,1343.80,633.11,1322.34,658.18,1504.69,621.68,1414.91,616.90,1370.77,645.09,1345.38,673.88,1519.76,632.74,1446.09,638.55,1406.34,660.69,1382.31,685.38,1528.18,646.99,1470.60,653.39,1439.67,671.81,1422.97,696.15
EK_0036_P27_105_frame_0000036700_r.jpg,0,1244.30,936.38,1176.25,938.17,1126.11,912.32,1095.28,885.39,1077.45,883.33,1153.94,811.95,1143.03,740.66,1137.66,709.66,1131.64,692.77,1201.00,797.09,1184.69,728.08,1166.36,717.57,1156.82,727.32,1242.47,799.40,1216.78,766.89,1200.37,779.80,1194.20,796.91,1275.81,809.83,1251.30,788.36,1236.05,799.05,1228.87,813.13
EK_0036_P27_105_frame_0000036839_r.jpg,0,1352.91,548.18,1285.38,516.97,1242.17,482.77,1202.09,466.96,1165.16,456.22,1326.50,407.89,1275.83,398.28,1242.78,410.75,1220.16,425.15,1354.22,420.43,1297.62,416.48,1262.00,434.25,1239.96,453.98,1368.93,442.11,1317.29,441.69,1283.98,451.27,1259.73,467.97,1379.45,463.82,1337.01,459.23,1310.14,463.27,1287.29,475.28
EK_0036_P27_105_frame_0000037192_l.jpg,0,921.70,966.79,969.66,932.24,992.25,871.44,1008.61,829.41,1021.96,798.49,898.68,827.83,908.12,767.45,934.34,746.67,958.87,740.23,878.32,838.69,898.73,787.72,930.29,768.70,960.78,764.61,872.36,853.69,894.62,813.46,924.71,800.10,951.56,799.89,875.36,866.23,892.47,833.22,916.44,823.13,938.89,823.17
EK_0036_P27_105_frame_0000037192_l.jpg,1,1245.09,911.57,1193.47,882.80,1150.84,846.42,1112.93,823.76,1083.34,804.59,1206.44,777.56,1166.88,741.08,1132.63,726.46,1107.52,719.79,1208.15,789.52,1154.09,761.35,1141.64,783.89,1150.48,804.93,1204.27,803.24,1155.10,784.23,1150.15,806.58,1161.31,821.30,1197.89,813.83,1156.86,808.26,1150.18,823.33,1160.65,832.32
EK_0036_P27_105_frame_0000037855_r.jpg,0,613.10,1124.41,642.63,1070.35,663.44,1000.80,676.64,939.23,688.44,889.42,584.15,974.32,610.77,913.71,654.11,899.74,689.20,900.88,592.95,989.79,635.20,932.12,684.95,919.94,726.84,922.35,602.53,1003.24,636.32,961.53,683.03,943.87,722.27,944.43,610.27,1018.51,633.00,983.53,663.63,974.07,690.84,975.55
EK_0036_P27_105_frame_0000038113_r.jpg,0,1210.17,840.20,1179.73,811.63,1118.91,792.81,1054.88,794.04,1005.06,786.68,1125.47,718.33,1064.85,713.45,1050.79,742.95,1049.91,771.91,1112.93,750.46,1066.59,762.76,1069.44,797.35,1078.03,817.28,1105.97,784.32,1065.30,797.09,1077.20,820.56,1090.98,830.64,1104.01,812.38,1071.55,826.02,1082.61,840.48,1100.70,842.38
EK_0036_P27_105_frame_0000038334_l.jpg,0,842.93,1062.28,896.89,1039.19,924.90,976.73,934.58,911.74,952.72,861.79,855.25,929.31,891.30,854.16,915.64,815.40,934.48,787.33,816.82,921.54,844.31,832.05,870.62,788.22,893.30,760.22,796.96,924.35,830.35,849.82,856.81,820.83,877.61,801.48,793.23,932.76,821.08,875.10,844.89,850.30,865.51,833.20
EK_0036_P27_105_frame_0000038334_l.jpg,1,1201.50,1038.55,1127.53,1052.38,1074.07,1015.45,1051.58,955.70,1039.14,916.11,1105.84,949.27,1046.89,885.26,1019.81,854.46,1003.29,832.80,1144.14,922.47,1079.36,852.00,1043.66,821.73,1020.07,802.71,1171.83,907.95,1115.84,840.52,1080.17,808.44,1054.76,786.32,1191.59,902.79,1152.15,849.18,1125.64,819.21,1105.93,797.29
EK_0036_P27_105_frame_0000038417_l.jpg,0,1213.67,847.32,1155.04,858.98,1101.48,853.11,1060.69,861.30,1031.63,876.47,1121.87,752.87,1075.28,732.83,1062.33,758.48,1068.76,785.64,1147.54,740.90,1100.46,729.08,1084.17,754.80,1085.87,778.97,1169.35,742.92,1124.23,734.62,1107.93,754.61,1109.01,775.00,1184.65,751.06,1145.01,739.93,1126.56,752.86,1124.52,769.42
EK_0036_P27_105_frame_0000038417_l.jpg,1,889.83,1059.79,944.88,1036.23,975.36,976.11,994.50,934.23,1013.11,903.16,891.40,909.18,878.95,840.34,904.26,809.63,930.19,799.19,872.89,911.76,875.09,844.73,909.20,818.75,940.54,813.73,865.26,918.74,874.92,862.29,908.87,839.73,938.74,832.36,863.23,926.44,874.17,881.04,899.26,862.14,923.40,854.38
EK_0036_P27_105_frame_0000039251_r.jpg,0,1174.64,1104.36,1110.71,1059.56,1077.50,994.39,1058.07,946.32,1044.32,907.45,1155.34,946.37,1132.70,901.20,1109.66,911.08,1100.09,929.84,1185.70,959.94,1155.11,920.58,1126.94,927.38,1113.76,939.67,1200.07,980.35,1172.03,948.45,1145.17,946.91,1129.89,958.57,1207.53,998.14,1181.28,971.84,1159.59,968.71,1146.11,976.55
EK_0036_P27_105_frame_0000040538_r.jpg,0,954.85,191.50,1058.78,233.51,1156.84,189.60,1200.86,124.03,1212.41,77.75,1139.78,80.11,1223.57,17.54,1241.30,49.44,1227.29,77.35,1100.55,40.28,1180.38,-14.12,1202.73,18.32,1189.97,49.76,1066.69,26.03,1144.71,-8.03,1165.80,26.18,1157.77,57.23,1039.81,27.59,1101.05,1.54,1125.15,23.25,1121.84,47.44
EK_0036_P27_105_frame_0000040538_r.jpg,1,1724.83,605.38,1609.72,573.08,1513.37,486.34,1434.61,426.08,1368.60,395.74,1609.30,362.26,1488.10,346.58,1455.58,406.53,1461.56,446.75,1640.37,374.21,1515.86,395.28,1489.39,456.07,1494.63,495.29,1656.10,403.85,1543.95,430.70,1515.00,477.31,1516.51,515.81,1662.62,430.71,1570.75,457.95,1546.38,495.09,1548.41,523.60
EK_0036_P27_105_frame_0000040796_r.jpg,0,481.96,824.79,470.96,869.21,432.59,897.15,395.94,894.94,372.09,877.20,463.88,880.35,382.84,888.36,380.16,889.72,395.80,888.44,464.49,839.84,381.23,847.93,384.34,854.42,405.72,856.05,457.10,804.87,380.79,815.40,384.70,823.59,405.51,825.97,443.43,778.02,384.94,792.72,387.45,799.96,403.96,799.87
EK_0036_P27_105_frame_0000041392_r.jpg,0,1285.18,986.05,1204.81,992.69,1149.15,946.85,1115.42,886.05,1095.48,840.51,1181.03,861.50,1131.95,793.06,1126.26,814.25,1134.36,839.05,1226.66,831.20,1171.08,760.13,1144.89,755.84,1129.64,763.34,1266.10,820.01,1237.25,736.08,1210.11,688.05,1186.95,655.95,1300.47,823.60,1295.39,763.77,1278.28,728.38,1256.46,704.31
EK_0036_P27_105_frame_0000041817_l.jpg,0,1094.03,1005.45,1060.23,972.69,1030.29,922.76,1001.50,887.01,980.04,859.40,1084.50,885.48,1042.18,847.24,1006.91,841.49,983.54,844.44,1084.42,898.59,1037.86,873.24,998.04,869.43,970.33,873.37,1078.52,914.88,1035.54,896.41,1002.81,891.29,979.57,889.66,1072.26,932.64,1036.90,917.90,1011.75,914.49,994.20,915.76
EK_0036_P27_105_frame_0000042367_l.jpg,0,706.93,840.63,771.55,772.60,776.09,701.48,767.16,644.95,767.96,605.10,702.78,670.04,726.88,608.90,757.29,628.29,765.75,651.29,675.11,688.71,705.82,636.24,735.12,650.44,742.78,673.08,664.58,712.34,692.76,664.68,719.55,674.54,728.82,693.30,664.21,735.83,684.32,693.50,705.23,696.29,716.68,710.24
EK_0036_P27_105_frame_0000042405_r.jpg,0,914.47,951.18,982.31,913.00,999.23,848.47,1008.22,797.20,1021.21,763.47,940.63,803.62,980.63,761.54,1000.39,787.28,998.96,810.75,916.40,816.41,957.74,780.29,979.21,800.32,978.59,820.94,906.13,836.78,944.95,803.60,965.59,818.44,968.79,834.92,905.35,856.60,936.42,827.61,952.64,837.27,958.05,851.37
EK_0036_P27_105_frame_0000043151_l.jpg,0,835.55,860.44,906.58,844.29,933.21,782.98,940.69,716.28,949.96,659.93,886.89,720.08,911.71,642.36,933.82,607.81,951.76,589.57,849.09,714.79,881.46,635.91,908.30,599.04,930.76,575.26,824.34,721.37,845.08,647.63,866.09,607.70,884.00,578.19,810.42,732.59,817.11,672.54,828.43,637.55,840.71,610.89
EK_0036_P27_105_frame_0000044350_l.jpg,0,705.47,449.64,792.49,461.85,861.63,443.43,928.80,421.12,982.77,416.31,863.62,351.49,937.13,293.42,971.91,263.81,997.63,240.02,824.17,314.46,887.81,252.51,920.66,227.27,942.03,212.38,781.90,296.37,830.46,242.63,859.71,236.61,875.60,241.16,742.67,290.07,772.51,234.75,794.99,231.73,811.01,243.95
EK_0036_P27_105_frame_0000045218_r.jpg,0,776.61,1048.71,840.76,1050.29,889.99,1007.47,925.56,952.54,959.83,915.41,857.55,970.24,914.91,901.71,942.76,870.12,960.33,850.68,817.33,945.68,873.34,863.90,910.53,828.25,936.92,809.67,784.05,931.27,829.18,853.11,867.12,820.86,896.62,802.28,761.35,925.79,787.09,861.59,807.78,826.98,826.77,801.17
EK_0036_P27_105_frame_0000045218_r.jpg,1,1220.84,1012.75,1151.24,1031.60,1087.91,997.97,1051.83,942.42,1027.53,900.88,1129.86,954.37,1057.04,899.05,1023.72,875.35,1004.07,859.24,1163.68,917.12,1091.57,844.55,1053.97,826.67,1035.95,829.33,1187.70,892.90,1127.27,821.88,1091.22,812.48,1072.76,821.12,1202.83,881.02,1157.17,824.12,1125.67,811.71,1107.89,815.12
EK_0036_P27_105_frame_0000046181_r.jpg,0,1513.72,710.37,1443.68,716.03,1394.92,684.27,1368.51,660.38,1349.15,655.86,1411.79,596.34,1363.67,601.20,1367.83,628.35,1381.55,641.16,1448.42,580.07,1403.52,570.50,1399.55,593.94,1406.11,610.61,1479.75,580.95,1441.95,567.80,1431.64,583.82,1433.98,597.41,1501.40,590.49,1469.38,578.00,1458.51,589.67,1458.79,601.97
EK_0036_P27_105_frame_0000046325_l.jpg,0,1323.64,816.83,1331.72,740.12,1312.73,674.71,1262.25,630.86,1220.65,610.39,1365.66,654.76,1301.84,598.82,1258.24,593.17,1235.42,604.64,1332.83,667.58,1273.82,617.30,1237.96,620.69,1218.11,641.25,1300.83,682.57,1249.81,639.59,1219.04,641.46,1202.54,658.74,1271.24,699.47,1232.36,661.62,1214.12,653.16,1203.45,656.86
EK_0036_P27_105_frame_0000046444_r.jpg,0,821.99,887.84,879.07,857.89,916.43,793.56,944.45,748.67,972.06,715.95,832.90,730.85,890.15,682.00,934.64,677.81,966.97,683.45,818.69,739.32,883.35,703.10,928.87,702.03,963.73,709.98,817.36,756.64,879.44,731.91,920.28,730.43,950.44,738.03,824.23,773.60,872.59,752.27,905.12,752.25,930.78,760.11
EK_0036_P27_105_frame_0000046444_r.jpg,1,1158.87,838.72,1092.84,823.02,1046.38,771.55,1008.29,734.26,970.75,716.84,1105.84,690.50,1039.01,658.11,1011.78,677.61,1003.17,695.74,1132.20,684.22,1064.92,662.89,1031.53,679.63,1016.11,700.54,1146.01,695.27,1084.38,682.54,1052.70,696.75,1036.78,715.45,1149.64,707.70,1101.05,697.59,1076.06,709.17,1063.27,726.53
EK_0036_P27_105_frame_0000047501_r.jpg,0,1530.74,793.98,1382.74,840.11,1243.31,794.56,1131.18,728.31,1026.00,686.79,1330.56,577.37,1207.92,458.40,1129.94,468.11,1095.28,513.03,1401.70,521.29,1254.00,448.47,1178.43,495.50,1159.15,546.26,1452.39,507.27,1320.10,434.54,1248.09,470.46,1224.87,523.24,1489.53,507.37,1389.95,448.44,1322.29,465.43,1291.88,504.78
EK_0036_P27_105_frame_0000048559_r.jpg,0,1284.91,758.69,1191.16,738.32,1120.43,662.85,1052.01,599.19,988.97,566.94,1195.00,547.83,1090.74,501.29,1056.02,555.79,1061.62,598.06,1222.12,544.05,1117.21,520.38,1087.24,571.77,1094.59,607.63,1230.85,561.12,1136.55,548.52,1110.05,588.78,1118.19,623.26,1229.55,578.90,1152.50,572.89,1127.20,603.69,1131.77,632.66
EK_0044_P30_110_frame_0000000286_l.jpg,0,1086.71,851.12,1151.25,848.77,1187.85,799.41,1214.01,750.83,1249.49,732.09,1156.47,722.19,1211.11,685.55,1214.37,713.28,1201.46,732.28,1122.27,710.28,1180.78,680.18,1190.93,705.13,1181.54,722.24,1097.54,713.97,1152.12,689.38,1165.53,709.74,1159.87,726.63,1081.29,724.68,1126.29,705.23,1138.71,720.44,1137.40,735.17
EK_0044_P30_110_frame_0000000465_l.jpg,0,1553.12,918.24,1535.59,844.31,1517.47,781.18,1498.43,730.93,1471.58,692.03,1511.70,773.74,1481.64,736.94,1459.61,723.75,1439.87,717.23,1491.90,804.59,1455.84,778.49,1421.97,768.39,1391.66,763.81,1475.08,835.32,1437.34,818.34,1401.56,807.81,1369.93,797.72,1464.35,864.72,1432.65,850.12,1404.95,839.25,1378.13,828.46
EK_0044_P30_110_frame_0000000698_r.jpg,0,1315.76,571.78,1245.34,577.50,1208.43,555.53,1202.57,549.62,1213.53,557.48,1245.89,469.96,1226.46,498.92,1227.45,533.78,1233.92,549.30,1280.83,473.65,1251.44,508.58,1245.18,545.32,1252.44,571.19,1307.05,489.47,1275.14,518.67,1267.09,549.60,1273.44,569.82,1326.02,506.28,1301.79,529.56,1293.67,551.98,1296.67,566.45
EK_0044_P30_110_frame_0000001213_r.jpg,0,1510.22,865.32,1418.05,940.51,1299.18,913.39,1204.78,855.99,1129.86,822.81,1329.11,810.12,1185.86,763.38,1140.06,778.94,1125.08,805.94,1352.75,743.49,1213.42,735.21,1173.63,769.62,1166.99,805.10,1366.78,706.08,1252.36,733.13,1237.44,768.46,1248.86,798.15,1368.41,686.71,1294.11,720.71,1278.73,753.60,1281.06,774.09
EK_0044_P30_110_frame_0000001244_l.jpg,0,885.98,711.11,958.28,675.14,1016.49,613.83,1081.80,598.78,1127.88,586.02,924.60,505.10,917.51,420.12,933.43,373.01,952.14,347.88,897.68,513.71,897.17,438.49,913.63,396.29,936.83,370.70,881.98,524.77,883.83,457.60,896.60,419.19,913.18,391.27,874.17,533.06,880.97,475.32,889.08,441.16,901.12,416.88
EK_0044_P30_110_frame_0000001244_l.jpg,1,1613.85,526.59,1547.44,418.58,1517.39,297.23,1470.85,213.71,1438.75,157.25,1692.74,212.87,1544.12,166.81,1492.22,215.21,1482.89,269.80,1684.82,246.15,1520.61,223.24,1457.95,276.84,1430.25,332.41,1659.80,284.68,1510.82,268.52,1446.40,306.85,1414.29,355.29,1630.25,318.56,1522.98,306.24,1477.29,337.99,1453.90,371.37
EK_0044_P30_110_frame_0000001474_r.jpg,0,1263.40,759.41,1213.60,784.46,1140.81,751.37,1069.35,716.35,1007.14,683.45,1143.98,637.44,1043.51,612.26,978.74,618.00,929.54,631.59,1142.30,624.68,1048.39,596.93,978.99,603.90,931.24,627.49,1138.87,631.84,1061.84,606.79,1000.46,613.20,951.28,628.91,1131.72,642.44,1072.65,618.88,1026.94,619.89,988.06,625.56
EK_0044_P30_110_frame_0000001826_l.jpg,0,746.21,730.10,802.20,672.76,840.96,617.71,876.34,586.07,897.86,564.75,769.05,566.70,819.87,548.62,852.93,574.04,861.96,596.28,764.32,592.21,824.46,592.41,857.48,621.18,866.86,643.93,765.27,622.55,818.40,628.33,848.50,650.04,857.81,667.06,767.63,649.40,810.89,650.87,833.34,665.40,841.56,679.88
EK_0044_P30_110_frame_0000002015_l.jpg,0,1409.11,542.45,1330.40,544.58,1281.25,498.17,1266.46,451.37,1257.02,431.29,1312.07,419.21,1259.00,373.88,1233.40,390.37,1226.07,411.25,1350.14,406.26,1290.55,377.23,1266.81,401.46,1262.48,425.43,1375.56,408.79,1316.13,393.23,1298.15,415.09,1296.86,436.67,1389.47,416.83,1340.45,407.30,1322.77,421.78,1320.72,439.29
EK_0044_P30_110_frame_0000002205_r.jpg,0,1403.52,319.40,1375.90,263.83,1339.44,231.36,1300.58,217.55,1275.64,221.61,1357.71,189.07,1310.93,211.77,1302.08,242.65,1302.72,260.55,1343.58,203.49,1301.90,241.66,1296.90,276.43,1303.25,299.16,1329.49,229.98,1298.11,276.32,1297.14,302.18,1304.76,314.88,1316.06,258.60,1295.65,298.28,1299.90,316.46,1307.62,324.63
EK_0044_P30_110_frame_0000002367_l.jpg,0,945.39,1015.95,1008.10,1025.23,1060.81,992.14,1090.05,961.62,1098.75,947.16,1031.14,903.04,1080.77,892.84,1103.00,914.95,1111.06,939.61,1001.71,891.02,1055.53,894.26,1077.92,920.74,1088.98,947.12,981.55,896.27,1032.75,904.17,1056.18,927.75,1067.25,952.81,970.51,908.20,1012.15,911.05,1032.18,927.91,1043.47,948.36
EK_0044_P30_110_frame_0000002676_l.jpg,0,1407.44,947.83,1370.89,881.69,1375.04,810.29,1378.31,758.86,1376.98,722.95,1462.92,801.09,1402.98,759.64,1357.44,766.16,1336.54,781.53,1474.71,827.38,1398.32,795.15,1346.58,803.38,1315.47,824.55,1470.97,852.52,1395.65,821.46,1347.66,824.90,1317.67,843.18,1463.66,872.08,1405.49,849.40,1367.57,848.31,1341.23,855.87
EK_0044_P30_110_frame_0000002676_l.jpg,1,497.44,1040.16,489.08,979.36,509.06,912.24,555.68,865.25,600.14,832.21,491.36,861.50,541.87,816.65,584.24,823.04,614.74,837.63,522.25,882.57,576.45,842.20,619.65,836.99,657.92,836.38,548.76,906.09,596.53,874.51,631.54,865.72,660.37,867.06,572.99,927.98,604.21,901.74,626.53,896.48,648.06,896.45
EK_0044_P30_110_frame_0000002925_r.jpg,0,1327.57,580.01,1287.11,511.81,1251.66,419.69,1210.35,343.03,1186.15,283.55,1338.89,331.17,1308.68,245.22,1281.83,200.76,1266.08,188.14,1310.27,351.09,1253.88,286.58,1218.07,309.22,1203.83,354.00,1281.95,373.06,1214.13,337.04,1183.04,390.18,1177.30,442.20,1261.71,390.85,1207.52,370.43,1186.46,409.71,1187.45,448.48
EK_0044_P30_110_frame_0000004015_r.jpg,0,1571.55,749.33,1500.58,689.74,1489.23,597.80,1497.53,507.05,1503.95,436.51,1657.58,559.75,1657.10,423.50,1605.31,381.39,1552.80,369.40,1692.04,567.82,1671.16,432.02,1601.08,394.45,1540.03,392.70,1693.57,573.37,1666.80,454.48,1605.30,427.19,1552.52,427.10,1680.36,573.28,1659.62,494.78,1616.29,464.07,1573.88,455.10
EK_0044_P30_110_frame_0000004626_r.jpg,0,1230.94,629.22,1178.11,589.45,1157.14,527.43,1148.48,477.48,1140.95,442.98,1217.54,482.96,1192.89,419.89,1164.72,404.15,1147.50,405.96,1231.52,493.49,1185.54,443.22,1146.52,442.73,1122.54,459.28,1232.36,508.48,1184.49,470.70,1146.96,474.44,1124.52,490.01,1231.47,517.58,1190.47,496.83,1159.53,499.22,1138.62,510.04
EK_0044_P30_110_frame_0000004654_r.jpg,0,1567.94,758.71,1489.91,697.22,1476.25,617.32,1486.42,553.81,1484.79,508.75,1566.92,569.28,1530.82,508.11,1495.74,523.94,1482.11,546.61,1609.85,586.47,1567.96,528.95,1530.38,536.34,1512.83,557.16,1632.02,612.22,1595.56,556.31,1561.99,557.16,1546.09,574.38,1641.84,635.60,1610.39,588.07,1581.75,581.27,1568.16,589.64
EK_0044_P30_110_frame_0000004654_r.jpg,1,257.88,917.65,302.31,860.32,282.02,772.97,273.02,705.61,279.91,657.85,150.16,775.57,131.01,684.90,149.16,653.20,165.78,645.70,128.00,796.64,132.99,711.64,166.08,678.91,193.49,664.88,127.71,812.53,137.07,736.08,170.24,708.58,197.14,697.84,138.34,818.68,143.85,755.30,172.37,731.16,198.21,724.23
EK_0044_P30_110_frame_0000005301_r.jpg,0,1569.74,739.51,1494.43,710.37,1458.86,661.30,1432.99,634.16,1405.84,631.09,1524.27,575.55,1514.71,536.68,1489.92,552.03,1475.23,575.28,1566.70,583.19,1546.83,542.08,1515.88,556.32,1503.95,579.50,1595.74,603.21,1578.26,556.70,1549.50,564.62,1536.15,586.49,1614.22,624.94,1597.82,586.21,1574.32,583.61,1560.01,595.09
EK_0044_P30_110_frame_0000005301_r.jpg,1,1111.06,686.47,1173.80,679.89,1208.53,647.89,1227.21,626.34,1245.34,620.81,1174.46,563.81,1191.48,507.70,1211.87,497.62,1225.32,501.95,1144.07,563.60,1171.40,512.48,1195.22,509.17,1211.10,514.54,1125.30,573.27,1151.44,536.66,1174.81,532.30,1191.41,537.78,1115.11,588.21,1136.96,561.31,1157.15,555.09,1172.76,559.70
EK_0044_P30_110_frame_0000005526_r.jpg,0,1518.71,484.17,1419.00,440.72,1385.85,376.57,1386.67,313.81,1382.26,274.97,1434.74,275.83,1380.25,223.12,1368.29,255.29,1376.85,285.80,1496.84,269.29,1439.37,243.14,1425.67,278.19,1432.68,306.59,1542.20,286.82,1487.51,271.35,1475.85,300.00,1482.55,330.50,1570.67,308.42,1527.18,296.00,1517.48,319.40,1521.38,345.69
EK_0044_P30_110_frame_0000005526_r.jpg,1,764.40,640.58,843.62,650.29,904.34,611.78,950.05,586.24,989.57,574.65,887.62,520.48,939.57,497.93,964.79,509.10,977.55,520.98,857.30,510.73,909.83,503.59,935.79,519.56,952.78,533.30,833.50,516.57,880.75,512.79,906.68,525.97,924.10,539.30,819.56,529.44,858.39,521.96,879.89,532.25,893.84,546.42
EK_0044_P30_110_frame_0000005576_r.jpg,0,1403.33,525.61,1315.44,534.99,1264.33,494.43,1246.23,439.98,1229.90,407.29,1263.80,398.17,1206.86,368.62,1200.93,385.62,1211.34,401.89,1310.62,374.26,1264.99,357.39,1261.48,384.46,1270.90,406.91,1353.68,374.16,1316.62,373.98,1312.10,398.32,1321.80,420.11,1386.55,383.05,1355.69,389.33,1351.27,408.15,1358.15,426.09
EK_0044_P30_110_frame_0000005576_r.jpg,1,809.38,601.04,878.95,612.17,933.44,573.89,975.01,542.75,1014.83,530.25,915.89,486.08,970.94,465.26,997.67,476.50,1013.90,487.25,887.30,477.18,941.95,473.57,966.78,493.33,983.05,507.34,865.51,485.21,914.71,486.37,938.97,504.93,954.64,521.56,852.27,500.18,893.80,499.53,915.36,514.70,928.43,531.67
EK_0044_P30_110_frame_0000005701_l.jpg,0,1537.90,625.98,1433.18,581.97,1393.71,508.42,1398.92,445.71,1407.26,408.61,1454.60,423.18,1393.97,367.19,1367.99,364.73,1359.31,364.80,1514.26,414.24,1447.69,351.69,1417.52,371.82,1409.53,399.69,1556.76,425.76,1490.87,380.18,1465.69,399.91,1462.56,427.41,1582.06,443.94,1529.11,411.73,1506.43,425.04,1501.32,447.56
EK_0044_P30_110_frame_0000005701_l.jpg,1,773.64,509.78,845.45,517.57,901.20,486.00,942.55,455.43,976.77,433.15,873.95,398.22,923.43,368.47,929.53,391.92,923.74,411.31,842.16,385.79,891.22,386.14,896.12,416.24,888.89,433.01,818.79,390.88,861.84,392.49,869.52,418.14,863.37,434.66,804.00,398.88,840.51,400.05,848.21,420.23,845.11,435.25
EK_0044_P30_110_frame_0000005951_l.jpg,0,715.58,561.17,792.87,563.86,847.48,527.80,891.19,487.60,930.00,463.13,820.47,453.24,867.20,398.73,877.62,418.28,874.85,439.04,786.76,434.26,836.40,424.85,841.24,455.59,834.14,471.79,763.41,432.96,809.30,430.51,814.82,455.60,806.34,472.32,747.57,434.93,788.04,433.39,794.79,453.47,789.60,468.94
EK_0044_P30_110_frame_0000005951_l.jpg,1,1494.73,675.15,1402.72,652.48,1350.97,596.11,1325.25,543.82,1300.19,519.22,1404.70,511.13,1337.02,481.72,1302.35,480.10,1274.56,476.50,1443.77,492.27,1361.82,468.79,1320.73,477.21,1292.79,483.64,1469.70,492.54,1389.73,476.48,1356.76,487.21,1336.79,498.22,1480.55,504.55,1423.54,484.20,1392.30,484.65,1369.58,491.96
EK_0044_P30_110_frame_0000006276_r.jpg,0,1267.55,326.90,1180.04,324.02,1136.14,280.91,1110.70,245.54,1084.98,236.42,1146.32,180.51,1097.52,160.90,1097.16,194.88,1114.11,220.80,1195.47,165.11,1149.58,167.59,1146.74,201.90,1160.70,220.30,1237.66,173.94,1193.36,176.44,1188.25,204.96,1200.55,223.54,1263.35,191.73,1226.48,190.36,1222.53,210.37,1232.17,225.60
EK_0044_P30_110_frame_0000006276_r.jpg,1,909.76,678.74,979.17,651.84,1024.50,607.33,1047.49,574.55,1043.47,563.94,956.88,528.13,1015.05,518.16,1038.18,548.73,1042.06,574.32,927.30,531.74,994.68,538.27,1022.88,574.75,1029.07,607.90,911.02,549.84,971.53,562.45,1002.72,591.14,1011.25,622.57,901.71,569.71,952.91,577.05,979.36,596.08,991.06,619.81
EK_0044_P30_110_frame_0000007026_r.jpg,0,1296.46,1032.56,1248.92,1016.21,1201.53,977.94,1159.14,953.15,1123.33,932.74,1217.00,912.09,1154.32,919.84,1142.48,951.90,1149.77,978.71,1227.36,922.02,1166.64,948.31,1161.06,989.59,1169.08,1024.09,1232.44,939.04,1178.88,967.78,1173.81,1004.53,1180.65,1032.60,1234.19,957.24,1188.01,970.33,1175.60,987.62,1171.87,1000.10
EK_0044_P30_110_frame_0000007101_l.jpg,0,1286.53,941.64,1263.94,889.02,1243.46,835.30,1213.61,799.57,1188.98,765.35,1279.26,799.84,1232.26,778.01,1208.18,789.87,1203.62,805.79,1265.56,827.97,1213.58,818.88,1203.26,845.60,1209.14,866.79,1248.69,854.91,1203.72,849.19,1199.23,875.55,1209.02,894.71,1232.74,875.40,1198.79,875.24,1196.66,893.74,1208.17,902.99
EK_0044_P30_110_frame_0000007942_r.jpg,0,950.65,720.74,1018.21,708.90,1053.12,661.68,1067.83,606.95,1070.25,570.14,1008.94,609.53,1038.68,546.84,1051.63,568.93,1044.85,591.41,970.56,598.68,1008.67,533.95,1025.44,557.27,1020.37,578.54,943.33,597.09,975.32,530.22,995.02,547.92,992.09,569.30,924.02,603.03,946.49,547.03,962.10,553.54,962.32,568.29
EK_0044_P30_110_frame_0000008042_r.jpg,0,1151.23,881.71,1091.89,852.79,1064.61,789.33,1048.70,730.69,1035.68,687.25,1125.84,733.91,1074.84,671.05,1041.32,680.84,1030.73,703.75,1145.50,736.22,1081.50,696.80,1044.50,716.78,1027.33,744.21,1152.69,746.35,1088.43,726.71,1059.60,748.23,1046.84,773.73,1154.00,754.16,1098.60,742.90,1074.10,760.66,1063.62,779.86
EK_0044_P30_110_frame_0000008042_r.jpg,1,613.55,992.82,671.46,956.48,676.44,891.57,657.10,839.63,644.77,812.90,605.07,867.84,621.64,796.92,647.14,811.73,651.59,834.50,569.96,873.79,592.27,798.59,621.42,811.47,626.32,834.53,553.74,884.29,568.11,813.16,597.68,821.15,605.43,841.94,549.60,896.44,561.08,839.77,580.94,840.80,587.74,853.66
EK_0044_P30_110_frame_0000008287_l.jpg,0,1545.38,531.22,1469.87,508.88,1423.08,454.57,1390.87,413.57,1368.37,382.45,1483.94,376.91,1426.70,357.22,1398.23,376.64,1386.08,394.28,1515.64,385.75,1454.89,372.80,1417.39,391.01,1399.56,410.76,1532.12,405.28,1474.67,396.48,1438.36,408.54,1419.69,421.72,1540.24,424.51,1491.61,413.51,1460.94,419.80,1442.11,433.18
EK_0044_P30_110_frame_0000008287_l.jpg,1,1055.57,844.11,1098.38,787.06,1132.85,732.90,1162.56,698.32,1179.78,672.28,1072.59,682.29,1102.30,638.51,1132.02,639.18,1149.87,648.08,1071.54,706.53,1100.50,663.29,1130.84,660.83,1152.71,667.56,1076.60,731.67,1101.24,701.41,1128.50,690.74,1151.01,691.29,1085.27,754.07,1105.35,728.06,1124.79,720.53,1143.90,718.07
EK_0044_P30_110_frame_0000009540_l.jpg,0,1052.68,905.68,952.54,908.32,881.48,844.59,840.80,769.05,809.93,714.03,929.65,723.46,838.36,660.88,799.64,682.13,786.60,712.45,975.28,701.67,891.90,668.13,853.52,702.98,838.48,740.80,1000.39,704.48,926.48,677.47,898.31,708.62,887.75,743.82,1009.82,712.92,954.45,692.40,930.62,711.92,919.24,736.59
EK_0044_P30_110_frame_0000009810_l.jpg,0,1428.36,756.12,1354.32,738.55,1319.60,679.72,1314.09,624.89,1308.28,588.10,1390.84,615.22,1357.79,554.73,1325.65,536.85,1304.58,533.29,1429.92,612.55,1384.72,577.69,1353.20,576.55,1336.54,585.57,1452.34,622.88,1403.61,604.14,1378.99,609.08,1368.94,619.92,1464.31,634.29,1424.37,616.95,1405.07,622.01,1397.37,635.65
EK_0044_P30_110_frame_0000010076_l.jpg,0,1732.47,935.69,1615.78,917.00,1544.91,833.67,1511.31,732.49,1465.82,655.50,1683.47,744.52,1591.01,625.29,1534.44,604.56,1502.41,607.90,1738.13,720.06,1614.08,639.28,1555.53,650.48,1533.22,675.95,1760.63,711.27,1638.84,655.30,1593.84,674.05,1580.56,699.11,1763.68,705.74,1669.97,672.22,1629.79,688.61,1616.43,706.33
EK_0044_P30_110_frame_0000010076_l.jpg,1,1277.32,829.92,1285.33,762.11,1327.19,719.20,1380.66,714.88,1416.95,731.35,1367.60,746.34,1420.08,734.48,1430.98,741.60,1437.42,750.72,1370.20,779.35,1421.41,771.68,1446.43,777.06,1468.92,783.19,1361.29,805.29,1406.65,804.92,1435.54,807.20,1459.88,812.06,1349.85,831.48,1388.61,831.08,1413.93,833.16,1437.47,835.65
EK_0044_P30_110_frame_0000010738_l.jpg,0,476.75,620.22,573.36,553.62,588.65,433.04,586.43,342.90,599.49,284.06,437.60,373.99,460.11,253.32,515.60,269.57,537.56,302.73,391.00,392.83,442.79,286.45,508.15,303.29,535.02,335.26,378.58,419.77,435.28,332.32,495.77,344.59,523.93,375.40,381.91,445.16,428.79,375.43,472.74,382.79,497.01,407.22
EK_0044_P30_110_frame_0000010765_r.jpg,0,1704.23,974.10,1620.58,958.40,1580.38,893.53,1568.93,826.77,1550.06,781.84,1645.52,849.52,1603.79,760.97,1566.00,747.03,1545.05,756.84,1691.40,837.52,1636.97,744.22,1587.65,732.61,1560.06,741.44,1717.50,835.44,1662.98,753.61,1616.96,739.63,1589.01,745.16,1727.97,839.65,1682.44,780.64,1642.65,760.53,1615.44,754.88
EK_0044_P30_110_frame_0000010792_l.jpg,0,1487.83,1010.80,1411.78,980.47,1378.51,924.04,1364.37,873.35,1356.63,841.00,1441.10,885.03,1388.93,817.54,1358.75,807.04,1340.25,808.84,1470.88,870.35,1414.03,792.93,1373.71,780.47,1345.95,785.78,1486.32,865.73,1430.37,798.05,1390.87,789.64,1363.72,796.80,1487.63,869.15,1443.80,822.68,1412.66,811.98,1389.10,815.01
EK_0044_P30_110_frame_0000010834_r.jpg,0,1530.79,1040.37,1450.74,1012.63,1411.70,947.30,1390.63,887.10,1371.00,843.90,1473.24,884.65,1430.44,819.42,1400.91,795.52,1378.10,777.48,1509.49,876.56,1466.96,804.24,1431.47,774.46,1403.18,756.77,1528.56,880.63,1488.40,817.17,1452.45,789.23,1423.23,774.62,1532.61,889.44,1497.61,841.77,1467.90,817.08,1442.48,803.09
EK_0044_P30_110_frame_0000010870_r.jpg,0,1395.12,508.58,1322.28,519.95,1272.29,484.61,1243.74,447.57,1216.55,437.37,1285.08,415.69,1256.51,408.99,1259.85,438.42,1272.65,454.84,1321.24,401.06,1289.67,405.81,1290.43,431.16,1305.76,442.11,1354.93,401.89,1321.08,404.85,1321.15,429.01,1334.75,441.86,1380.50,410.09,1351.05,413.47,1349.27,431.61,1359.88,442.96
EK_0044_P30_110_frame_0000010905_r.jpg,0,1499.21,680.70,1420.97,613.59,1413.21,518.31,1438.85,440.89,1458.98,382.59,1531.66,480.00,1526.38,388.83,1502.77,352.92,1484.93,337.28,1583.88,499.96,1568.20,405.84,1526.37,376.40,1498.65,371.94,1609.00,524.78,1598.31,433.73,1557.56,406.54,1528.60,405.45,1619.54,547.39,1615.33,474.29,1583.83,440.64,1558.07,432.08
EK_0044_P30_110_frame_0000010905_r.jpg,1,922.01,627.71,942.42,574.24,966.40,534.42,990.57,512.63,1008.88,508.61,964.63,514.96,999.76,503.71,1012.14,519.31,1018.11,536.19,964.88,538.35,1000.28,535.25,1014.31,548.52,1025.22,563.30,964.91,563.58,997.95,564.07,1010.54,572.69,1018.54,583.46,963.10,588.31,988.14,587.73,997.55,591.34,1003.96,596.67
EK_0044_P30_110_frame_0000010927_l.jpg,0,751.25,474.24,806.36,438.76,816.71,397.56,802.08,371.16,787.43,355.23,761.76,361.81,748.08,311.92,743.87,289.93,743.33,282.11,723.54,376.51,693.02,323.62,694.20,303.69,701.83,300.26,699.34,397.57,674.09,349.09,680.00,329.68,688.41,324.25,687.93,420.73,671.50,381.94,678.92,365.35,689.88,361.45
EK_0044_P30_110_frame_0000011211_l.jpg,0,862.21,813.37,888.72,762.83,901.65,715.23,911.53,684.34,917.58,660.31,854.26,696.99,890.88,680.75,913.17,687.35,926.18,692.66,852.18,716.77,893.09,707.85,918.53,712.10,937.39,721.19,856.04,738.78,894.11,729.11,917.78,726.68,933.38,730.84,861.80,758.28,889.90,749.57,905.91,745.58,918.72,744.71
EK_0044_P30_110_frame_0000011405_r.jpg,0,1456.47,888.69,1422.55,824.84,1430.70,763.36,1442.07,712.07,1450.12,673.92,1518.58,762.06,1497.61,696.36,1463.98,692.91,1446.21,703.66,1535.08,780.08,1496.20,724.16,1456.09,714.53,1425.49,722.64,1536.46,798.56,1491.79,753.61,1456.09,746.36,1427.91,753.24,1533.28,811.06,1498.15,778.22,1469.44,773.32,1446.23,778.96
EK_0044_P30_110_frame_0000011601_l.jpg,0,1765.68,886.69,1651.70,871.20,1581.57,779.20,1541.99,690.96,1494.11,640.76,1675.67,680.24,1578.30,606.11,1527.66,600.07,1497.36,601.28,1730.32,665.55,1624.66,638.19,1598.32,680.91,1600.11,712.20,1758.97,675.44,1662.46,661.18,1635.35,695.99,1632.84,726.64,1771.61,685.36,1696.93,678.18,1669.93,705.76,1665.35,733.41
EK_0044_P30_110_frame_0000011601_l.jpg,1,890.58,788.05,953.06,767.07,998.52,728.76,1027.89,700.95,1052.42,681.62,959.74,662.34,1019.08,648.20,1049.80,664.26,1066.76,682.01,937.69,669.61,1001.41,684.93,1026.04,721.16,1032.68,754.16,923.39,686.19,981.85,707.71,1006.21,737.06,1012.45,767.21,914.88,701.17,961.50,717.35,985.21,738.03,997.72,760.67
EK_0044_P30_110_frame_0000012509_l.jpg,0,1340.83,535.47,1268.51,515.68,1225.57,474.90,1199.44,434.72,1183.53,410.15,1284.85,391.71,1257.67,358.65,1241.59,378.65,1239.82,399.83,1321.71,393.65,1288.62,369.07,1270.07,385.72,1269.87,406.71,1348.18,409.17,1317.94,384.41,1301.56,397.61,1300.02,419.35,1365.07,425.78,1339.38,405.04,1326.11,414.08,1324.89,429.81
EK_0044_P30_110_frame_0000012509_l.jpg,1,1107.47,575.08,1142.69,525.29,1158.15,472.62,1168.35,435.86,1181.11,417.77,1106.42,439.42,1123.39,403.63,1145.76,408.15,1159.82,415.42,1089.49,455.50,1115.45,428.12,1140.81,433.83,1158.35,443.31,1079.91,476.12,1110.84,457.18,1132.89,460.72,1148.09,469.79,1075.79,496.04,1103.55,480.61,1120.83,479.47,1132.69,483.03
EK_0060_P37_102_frame_0000000285_r.jpg,0,717.61,912.88,772.95,889.16,800.42,848.40,819.12,824.84,831.21,809.51,752.41,807.49,795.79,801.50,810.35,824.29,810.14,839.91,734.80,813.58,777.67,810.18,792.72,830.53,794.51,844.87,725.83,827.33,763.03,823.43,780.37,838.56,784.24,851.94,723.86,841.74,752.43,834.67,767.44,844.56,772.62,855.93
EK_0060_P37_102_frame_0000001817_r.jpg,0,1223.87,941.97,1154.48,917.91,1114.98,864.51,1099.73,826.12,1093.14,802.33,1176.45,796.63,1138.60,791.00,1122.35,815.32,1123.34,830.76,1207.35,806.32,1171.92,802.97,1156.78,818.39,1156.20,833.23,1228.53,824.80,1197.63,819.50,1183.50,831.76,1182.13,846.60,1241.59,843.28,1215.38,836.94,1204.05,846.43,1202.23,860.62
EK_0060_P37_102_frame_0000002959_r.jpg,0,1214.85,808.14,1154.50,805.82,1126.54,779.18,1110.86,760.94,1097.71,754.95,1143.69,698.92,1130.90,650.03,1123.15,633.01,1120.21,628.65,1182.67,690.84,1169.32,638.23,1157.49,627.50,1149.73,630.35,1214.48,695.87,1204.78,646.57,1191.26,634.83,1182.50,635.65,1239.63,710.00,1235.15,675.74,1225.72,667.07,1218.02,669.78
EK_0060_P37_102_frame_0000005175_r.jpg,0,1271.26,1059.61,1209.12,1018.78,1188.99,947.05,1178.69,888.08,1171.22,845.61,1263.39,904.67,1248.57,830.24,1218.79,822.24,1196.00,831.96,1292.64,913.30,1252.24,866.51,1218.66,862.10,1196.75,871.70,1303.81,928.35,1259.00,896.35,1228.18,890.27,1205.64,895.59,1305.91,940.30,1271.50,913.76,1243.29,909.52,1221.68,914.87
EK_0060_P37_102_frame_0000005175_r.jpg,1,826.67,835.48,891.16,837.01,936.31,795.68,963.29,757.28,987.18,736.41,907.86,713.01,961.14,685.42,975.67,716.56,965.67,741.91,878.91,699.84,923.61,652.58,945.68,674.81,945.05,699.48,858.03,701.81,897.46,658.43,917.22,678.46,916.60,698.64,844.60,713.72,876.47,679.88,891.77,691.67,892.16,709.24
EK_0060_P37_102_frame_0000006838_l.jpg,0,794.98,805.91,856.98,787.12,884.57,737.62,889.17,694.74,895.62,675.51,844.08,677.19,868.68,617.92,883.57,631.46,883.68,653.84,807.50,673.67,831.94,612.72,850.35,628.43,850.54,649.23,779.69,681.11,799.78,619.73,818.79,631.89,821.84,651.62,759.42,696.65,770.01,650.98,783.72,654.75,786.62,668.70
EK_0060_P37_102_frame_0000007432_l.jpg,0,853.10,729.78,925.47,739.42,984.23,723.91,1024.44,694.39,1038.59,660.94,964.96,622.83,1012.86,566.92,1028.39,588.08,1025.20,610.79,930.27,589.90,988.68,552.69,1003.41,576.97,997.61,601.14,900.14,575.73,957.43,546.81,971.85,570.05,966.85,594.15,876.31,571.75,921.02,550.80,935.08,568.72,932.46,591.03
EK_0060_P37_102_frame_0000007965_l.jpg,0,756.99,827.17,821.07,817.09,863.05,780.26,881.75,733.07,883.26,699.29,832.61,731.66,870.54,665.18,884.05,668.46,883.59,682.31,796.56,715.14,839.18,647.44,855.63,656.30,855.52,672.49,765.46,707.81,804.51,642.64,824.64,648.99,828.52,664.44,740.24,709.16,765.07,655.25,783.80,656.73,789.90,670.93
EK_0060_P37_102_frame_0000012336_r.jpg,0,1273.11,973.10,1208.64,927.26,1179.14,857.20,1162.62,811.42,1151.81,768.64,1223.53,814.77,1162.40,802.17,1144.83,833.90,1152.86,859.97,1241.56,835.88,1176.03,830.90,1159.29,861.33,1162.80,888.56,1248.29,863.55,1188.99,860.00,1172.99,882.21,1178.39,900.59,1248.32,883.40,1201.12,886.20,1188.86,903.24,1190.02,912.51
EK_0060_P37_102_frame_0000012336_r.jpg,1,850.32,855.56,911.98,821.41,936.92,760.97,950.20,703.88,963.67,661.02,869.04,715.64,883.63,639.40,911.77,638.19,924.57,652.80,835.03,718.21,864.49,651.97,897.09,653.23,913.47,664.99,815.33,729.08,845.86,675.13,876.98,673.40,895.81,683.44,805.95,743.55,831.36,702.16,857.68,696.04,874.64,703.13
EK_0060_P37_102_frame_0000012576_l.jpg,0,1312.19,946.89,1219.38,917.24,1178.40,854.27,1152.69,808.82,1125.02,771.05,1223.83,793.86,1172.59,780.12,1161.80,811.15,1166.28,831.59,1259.56,801.51,1205.16,789.93,1185.74,818.68,1184.29,843.22,1278.31,820.68,1231.54,808.85,1205.58,826.33,1199.17,846.51,1289.57,836.36,1252.09,825.23,1227.67,834.59,1215.62,849.32
EK_0060_P37_102_frame_0000012576_l.jpg,1,875.96,872.28,946.12,831.76,974.95,774.64,986.65,728.53,986.92,701.34,906.78,714.04,933.31,663.64,959.83,680.77,966.08,706.05,874.09,722.04,900.17,663.79,929.77,675.89,942.46,698.79,856.19,737.98,880.01,688.78,909.40,693.16,927.12,711.00,850.75,758.03,868.00,721.04,890.95,715.88,909.82,721.87
EK_0060_P37_102_frame_0000014553_l.jpg,0,919.81,960.22,982.88,917.36,1009.64,856.55,1023.57,795.97,1045.24,753.65,946.07,819.16,978.56,741.44,1008.01,729.71,1022.26,733.37,908.95,815.46,946.38,733.62,981.96,728.93,1000.77,738.24,888.96,820.04,920.34,745.92,954.61,738.81,975.85,744.75,882.12,827.95,903.85,770.79,930.72,757.41,949.78,756.76
EK_0060_P37_102_frame_0000014553_l.jpg,1,1337.23,1002.12,1261.56,995.11,1219.23,936.57,1190.87,889.31,1167.42,846.96,1237.50,866.29,1174.90,873.17,1172.18,905.29,1191.82,924.93,1263.90,874.25,1203.15,887.75,1201.82,925.63,1216.17,951.35,1278.68,890.64,1225.55,904.46,1220.83,939.18,1235.07,960.03,1287.18,899.66,1243.76,917.56,1236.49,943.77,1241.40,958.29
EK_0060_P37_102_frame_0000014621_r.jpg,0,905.51,933.95,977.64,902.81,1003.22,846.08,1000.93,803.07,999.03,780.51,961.70,791.70,976.61,764.05,990.17,782.31,995.52,799.55,924.34,797.15,950.36,782.18,967.38,798.15,972.31,814.77,897.67,816.22,926.05,806.85,944.31,816.34,949.07,829.99,879.52,840.59,907.55,828.86,923.60,835.24,929.47,846.90
EK_0060_P37_102_frame_0000014726_r.jpg,0,865.90,953.64,930.97,936.26,968.24,886.47,987.42,835.25,1010.05,801.83,928.17,835.74,965.58,766.89,987.52,749.72,999.15,744.09,889.86,822.93,936.78,752.02,964.53,750.80,976.55,758.46,864.69,821.17,905.45,754.17,934.11,754.70,946.94,764.64,849.34,826.50,882.43,773.46,907.78,768.25,921.35,773.15
EK_0060_P37_102_frame_0000014726_r.jpg,1,1279.42,1087.19,1201.94,1047.39,1168.85,988.16,1147.71,946.66,1128.99,904.48,1213.20,937.22,1161.39,942.49,1145.48,976.86,1147.47,997.28,1239.22,957.37,1181.22,958.43,1161.35,995.35,1160.61,1023.58,1252.13,979.35,1201.31,977.25,1179.60,1007.79,1177.98,1031.99,1259.50,994.43,1220.49,992.98,1201.61,1013.01,1196.19,1031.69
EK_0060_P37_102_frame_0000015073_l.jpg,0,809.20,930.92,869.49,918.11,911.54,874.09,945.89,827.12,970.32,791.71,863.74,817.23,912.11,750.95,943.75,745.37,958.72,751.43,826.78,803.05,880.70,735.38,912.78,742.91,925.35,757.50,802.10,801.38,849.09,740.29,881.31,745.04,895.89,757.75,787.92,808.12,823.32,760.07,850.35,756.50,865.01,761.55
EK_0060_P37_102_frame_0000015659_r.jpg,0,956.42,933.14,1023.09,909.39,1059.89,856.76,1085.66,807.13,1109.07,769.01,994.19,793.96,1006.40,721.31,1018.64,684.87,1030.22,668.28,952.83,791.68,948.83,708.90,961.73,675.26,976.58,664.01,922.98,800.67,910.80,729.32,923.32,698.76,939.18,687.52,906.29,816.09,898.29,761.94,907.79,738.36,923.10,729.59
EK_0060_P37_102_frame_0000015701_r.jpg,0,944.79,818.67,1006.38,793.70,1022.73,754.69,1016.92,721.42,1010.73,702.24,988.77,690.35,1002.78,643.80,1011.47,641.51,1015.73,652.16,948.10,689.44,928.72,640.31,936.02,645.49,945.05,661.60,918.43,705.36,901.51,669.86,912.99,676.68,923.64,690.60,902.00,730.59,898.76,719.07,911.60,724.26,923.57,737.07
EK_0060_P37_102_frame_0000018092_l.jpg,0,1238.40,1008.08,1189.16,955.73,1153.83,901.38,1124.73,864.19,1106.59,820.17,1173.05,871.83,1118.96,890.23,1119.45,928.56,1134.39,952.30,1182.68,901.62,1127.49,931.15,1135.47,973.78,1154.26,1003.14,1181.59,930.54,1139.17,959.14,1147.21,999.20,1168.77,1020.42,1175.07,949.14,1145.84,964.13,1153.02,988.40,1167.55,997.40
EK_0060_P37_102_frame_0000018776_r.jpg,0,902.93,974.99,965.48,952.89,991.93,898.59,1006.77,846.88,1026.77,813.92,947.22,851.77,995.95,789.34,1024.38,772.03,1041.94,761.76,910.36,838.87,962.36,770.90,995.12,770.32,1011.94,776.53,889.72,837.50,931.98,771.99,964.29,772.12,981.18,779.92,881.97,843.98,915.78,795.29,941.65,789.08,957.77,790.74
EK_0060_P37_102_frame_0000019238_l.jpg,0,841.15,862.71,894.85,835.30,907.06,781.19,903.73,735.30,898.88,703.06,854.86,736.18,887.43,676.26,919.17,682.54,932.77,701.41,828.80,733.03,858.03,665.25,886.57,677.19,897.31,698.42,817.41,740.34,843.00,681.81,869.68,686.74,882.78,701.19,817.38,751.78,833.45,708.22,854.48,706.74,868.83,716.33
EK_0060_P37_102_frame_0000020232_l.jpg,0,691.45,771.32,765.67,728.42,797.53,672.73,804.86,634.06,801.07,618.11,730.31,616.29,765.22,586.22,791.06,597.49,802.14,613.79,697.74,632.36,744.87,611.97,769.65,630.64,776.71,648.89,681.50,653.97,724.66,634.17,748.79,650.31,757.39,667.28,674.71,674.13,708.94,656.20,731.34,667.35,741.28,682.81
EK_0060_P37_102_frame_0000020907_l.jpg,0,706.65,715.09,779.36,712.65,826.57,664.19,845.01,616.84,838.86,594.62,787.52,585.26,824.50,521.45,846.08,522.87,858.33,534.82,749.91,578.01,799.47,541.67,822.52,561.00,829.84,583.54,723.71,586.23,772.50,564.87,796.33,582.33,803.35,605.17,705.58,600.51,748.04,587.51,772.20,598.79,781.22,618.02
EK_0060_P37_102_frame_0000022459_r.jpg,0,918.11,818.00,974.66,798.81,987.88,759.56,979.52,721.62,961.10,706.27,993.89,709.06,977.59,658.25,966.74,654.18,961.80,660.86,962.01,695.14,937.75,652.41,928.13,666.48,928.13,685.25,929.39,696.30,903.47,669.57,901.55,684.75,907.23,701.22,896.93,707.67,881.47,694.45,883.62,709.60,890.58,727.45
EK_0060_P37_102_frame_0000022459_r.jpg,1,1265.10,1052.93,1230.84,993.44,1206.73,931.07,1186.15,878.83,1172.33,831.95,1215.67,896.74,1151.70,885.83,1141.02,926.83,1153.61,956.44,1220.49,922.67,1158.36,921.48,1153.09,958.31,1162.39,988.07,1218.14,949.74,1171.28,955.23,1167.63,985.51,1177.49,1009.75,1217.50,969.36,1183.05,972.31,1177.99,991.91,1182.71,1005.60
EK_0060_P37_102_frame_0000023376_l.jpg,0,872.26,661.00,901.66,731.73,939.04,772.73,979.45,784.45,1002.11,784.56,1023.27,722.00,1071.17,734.09,1067.78,748.90,1059.20,757.88,1023.76,678.65,1064.69,707.71,1060.03,723.00,1052.78,729.21,1011.44,644.97,1047.17,674.86,1044.43,692.29,1033.00,699.22,993.72,618.48,1019.34,642.38,1015.89,660.88,1002.68,669.93
EK_0060_P37_102_frame_0000023675_r.jpg,0,790.77,771.87,839.49,813.93,895.84,817.94,944.03,803.24,978.06,790.35,919.33,782.92,986.48,744.63,991.89,744.90,975.54,754.00,907.34,745.10,972.44,712.22,967.03,722.98,951.41,734.02,891.80,714.86,945.96,695.95,937.84,708.70,920.95,717.49,872.04,690.82,913.84,681.57,909.02,692.70,896.05,701.01
EK_0060_P37_102_frame_0000024005_r.jpg,0,1308.00,961.76,1211.70,957.64,1155.87,900.50,1115.86,853.66,1080.95,825.82,1179.97,815.25,1140.77,808.05,1145.52,842.98,1157.22,863.13,1225.50,808.09,1179.41,812.39,1177.51,846.87,1186.95,868.38,1260.26,822.88,1216.48,823.95,1211.30,851.39,1221.88,871.41,1286.26,840.28,1249.63,839.47,1242.22,860.03,1249.53,876.94
EK_0060_P37_102_frame_0000024005_r.jpg,1,877.46,917.99,943.59,904.34,986.78,864.71,1023.22,825.74,1040.36,795.07,954.02,817.51,1001.72,763.55,1029.42,742.80,1048.12,727.83,920.16,796.22,974.50,741.11,1003.72,721.35,1025.85,707.93,895.10,785.63,943.55,736.23,971.76,716.93,992.10,705.24,880.39,784.52,922.39,752.29,947.36,739.35,965.89,732.58
EK_0060_P37_102_frame_0000025115_l.jpg,0,770.91,683.24,839.95,720.96,894.11,712.82,935.88,691.36,962.13,678.93,936.73,666.96,1000.43,652.79,993.10,663.69,974.62,670.04,923.38,624.38,991.35,614.99,985.08,629.94,971.62,635.96,901.55,592.74,969.99,583.30,973.97,597.88,962.98,604.77,875.37,571.16,938.06,557.23,960.34,563.26,967.40,569.39
EK_0060_P37_102_frame_0000025584_l.jpg,0,803.19,889.37,876.98,867.94,920.16,806.51,934.64,735.30,917.47,690.70,834.98,766.99,854.70,666.35,890.57,658.75,903.22,677.72,788.66,758.34,826.73,651.07,870.04,654.59,883.25,674.58,761.27,755.48,798.24,654.77,841.16,659.21,854.63,680.60,745.70,758.08,778.78,687.77,812.48,682.33,826.56,691.54
EK_0060_P37_102_frame_0000026111_r.jpg,0,790.28,651.55,811.76,582.66,852.03,552.82,886.95,531.68,913.61,514.74,916.77,530.35,990.39,527.96,995.56,552.68,981.09,567.86,940.64,553.81,1017.49,554.51,1011.11,581.54,989.55,591.26,956.19,586.28,1034.02,583.67,1024.55,607.28,1002.45,615.02,962.98,622.97,1035.98,616.57,1031.92,631.39,1010.88,637.19
EK_0060_P37_102_frame_0000026621_l.jpg,0,727.65,859.97,792.96,877.52,831.66,855.76,847.30,826.85,848.47,804.06,850.30,775.19,873.88,737.52,866.57,752.07,853.46,770.32,817.62,752.35,840.46,714.51,836.92,733.41,826.45,755.45,782.26,745.00,803.45,717.15,805.60,733.85,798.21,753.46,752.08,750.17,771.68,739.95,777.12,755.20,774.03,771.61
EK_0060_P37_102_frame_0000026969_l.jpg,0,862.63,900.30,931.50,872.70,966.43,819.78,988.03,780.66,999.74,760.89,900.06,753.07,949.81,722.51,975.42,746.99,981.35,770.02,874.28,759.21,931.55,741.07,962.37,765.70,974.37,790.34,861.94,776.97,914.50,764.00,946.18,780.16,961.82,802.68,858.04,796.26,898.23,786.59,923.88,795.34,940.01,811.00
EK_0060_P37_102_frame_0000027740_l.jpg,0,826.02,907.46,883.73,895.33,914.64,858.77,933.38,820.93,940.27,796.65,887.42,805.51,912.02,752.12,928.25,731.74,939.59,720.13,857.38,793.95,886.25,729.71,903.19,696.30,914.78,672.74,828.58,791.85,845.44,730.07,855.02,694.10,861.26,668.57,803.67,798.83,803.76,750.80,802.55,723.01,801.00,701.22
EK_0060_P37_102_frame_0000027844_l.jpg,0,1019.42,1064.25,1055.82,1016.69,1109.78,978.48,1166.70,962.37,1215.30,957.34,1139.98,949.84,1198.86,948.90,1232.90,964.94,1258.92,980.89,1140.86,984.61,1196.82,989.81,1234.87,1006.34,1268.49,1024.90,1136.25,1018.35,1184.80,1024.13,1221.03,1036.89,1252.31,1052.14,1126.44,1050.33,1162.34,1052.90,1187.64,1059.29,1211.52,1067.32
EK_0060_P37_102_frame_0000028262_l.jpg,0,1072.10,887.64,994.01,909.15,930.28,900.99,884.53,898.03,864.64,891.71,937.46,777.37,903.17,719.05,883.51,716.43,875.27,732.06,978.93,755.96,936.95,706.97,912.78,720.48,904.94,740.69,1017.14,750.46,978.95,710.48,956.93,722.07,948.78,740.89,1048.14,755.85,1018.38,719.93,996.49,723.99,987.59,739.04
EK_0060_P37_102_frame_0000028409_l.jpg,0,1469.11,937.23,1426.15,898.08,1388.63,842.35,1351.62,801.80,1327.57,771.60,1457.21,780.16,1400.68,724.43,1355.65,730.52,1327.73,747.63,1453.68,795.00,1393.35,763.28,1349.96,777.79,1325.79,797.21,1446.38,813.82,1391.64,795.72,1358.16,811.00,1338.55,824.28,1438.48,830.47,1394.76,818.17,1371.02,829.20,1360.08,840.26
EK_0060_P37_102_frame_0000028592_r.jpg,0,1221.35,808.42,1140.05,787.08,1098.66,745.60,1100.40,706.93,1117.24,687.64,1142.81,667.15,1133.81,613.92,1118.09,604.38,1112.28,609.70,1183.78,668.13,1171.23,607.79,1153.32,600.86,1141.80,606.23,1210.79,679.10,1199.10,625.71,1180.37,614.07,1168.98,614.29,1228.20,695.49,1217.33,652.22,1202.88,639.00,1195.18,635.44
EK_0060_P37_102_frame_0000028923_r.jpg,0,1207.93,851.86,1203.42,784.72,1169.02,730.05,1128.49,709.77,1093.20,714.50,1124.28,697.00,1073.24,660.89,1074.48,674.65,1091.92,690.66,1098.13,721.44,1048.50,689.51,1057.12,707.86,1076.68,723.42,1079.53,757.73,1025.67,720.48,1037.84,739.27,1059.72,755.49,1066.10,801.11,1020.09,781.13,1033.22,792.67,1054.60,804.95
EK_0060_P37_102_frame_0000029320_r.jpg,0,899.69,995.97,961.30,968.96,996.50,916.17,1026.78,878.22,1057.81,857.10,935.95,835.50,999.05,808.94,1031.23,817.24,1043.69,826.23,924.81,838.15,987.26,813.99,1016.25,824.41,1028.35,835.75,921.65,849.06,979.91,824.49,1005.55,832.13,1019.00,839.37,925.89,861.70,969.62,836.83,995.18,837.37,1012.45,840.54
EK_0060_P37_102_frame_0000030907_r.jpg,0,672.68,1081.82,690.05,1020.75,695.48,962.31,699.28,917.89,705.96,899.96,627.35,946.65,667.26,894.66,703.19,889.33,728.88,898.32,632.80,962.57,680.69,923.18,715.94,935.25,737.19,959.82,644.84,978.99,692.15,950.44,720.30,961.95,736.92,985.00,655.00,991.69,688.73,975.34,711.00,978.65,727.05,990.93
EK_0060_P37_102_frame_0000031543_r.jpg,0,1407.09,813.96,1337.93,796.56,1292.59,752.80,1286.91,720.44,1307.97,714.15,1351.18,683.91,1309.77,708.18,1304.47,743.75,1311.16,755.26,1379.76,692.79,1333.39,724.64,1320.13,761.46,1323.72,783.85,1398.13,711.61,1352.43,743.37,1335.24,777.90,1336.46,802.52,1408.37,733.17,1374.21,761.28,1357.17,786.78,1355.18,807.15
EK_0060_P37_102_frame_0000032557_r.jpg,0,819.85,980.68,896.41,950.35,937.38,888.99,963.20,831.21,985.76,793.06,884.68,826.23,930.58,759.47,959.04,773.90,966.22,793.26,846.73,820.14,900.54,758.82,931.83,775.45,941.73,796.10,821.45,827.51,871.72,776.23,902.19,786.71,914.78,805.00,805.51,841.79,844.84,804.16,873.84,806.05,888.42,818.50
EK_0060_P37_102_frame_0000032557_r.jpg,1,1326.71,1012.35,1241.62,985.73,1207.26,917.00,1190.77,866.76,1173.53,821.23,1249.33,863.02,1195.64,862.80,1189.50,902.08,1200.43,926.57,1280.47,874.12,1219.25,881.21,1210.31,919.77,1218.63,948.87,1295.93,891.65,1238.52,895.92,1228.38,931.59,1236.91,957.03,1302.26,899.90,1253.66,911.29,1245.53,939.00,1250.67,957.75
EK_0060_P37_102_frame_0000033155_r.jpg,0,957.85,988.87,1013.69,948.56,1027.51,883.21,1027.15,824.09,1029.32,779.32,963.25,846.03,961.40,770.59,965.20,732.87,969.29,705.18,928.61,848.10,928.12,770.29,932.66,730.06,937.36,702.43,907.55,856.60,905.52,785.97,908.21,745.68,911.26,715.45,897.80,868.37,896.07,817.89,898.61,790.01,902.84,770.53
EK_0064_P03_10_frame_0000000872_r.jpg,0,1461.32,1036.34,1362.27,1012.04,1297.31,944.57,1247.27,890.99,1196.36,861.49,1365.38,835.09,1294.58,754.58,1240.64,752.71,1203.45,768.37,1408.97,830.96,1327.51,772.46,1275.63,783.92,1243.57,801.75,1431.44,844.21,1357.27,807.09,1308.35,812.48,1276.84,826.44,1442.82,859.04,1382.98,830.79,1343.35,833.72,1316.36,850.60
EK_0064_P03_10_frame_0000000872_r.jpg,1,1040.07,1072.12,1114.79,1005.04,1136.86,918.05,1152.24,853.97,1177.12,818.39,1022.22,846.58,1074.26,776.91,1119.37,797.31,1140.12,826.94,986.76,855.02,1054.82,804.87,1105.79,826.47,1130.19,853.03,975.35,872.23,1035.92,831.67,1085.06,842.64,1112.45,864.95,977.02,889.48,1022.89,851.41,1063.53,855.38,1089.57,873.49
EK_0064_P03_10_frame_0000001040_l.jpg,0,1493.03,945.07,1382.51,900.91,1325.62,825.57,1291.13,765.73,1264.68,717.15,1386.09,723.99,1339.78,656.82,1300.06,642.24,1267.70,645.74,1427.55,733.78,1364.43,679.02,1312.21,685.49,1271.78,698.44,1454.07,749.54,1388.26,712.34,1346.01,728.28,1318.74,752.20,1469.82,763.98,1419.73,745.53,1378.24,755.90,1350.29,780.60
EK_0064_P03_10_frame_0000001040_l.jpg,1,884.29,859.37,954.88,805.87,964.23,727.87,945.88,670.24,943.47,626.93,882.36,673.99,879.56,611.00,903.74,605.24,920.66,614.99,843.03,689.37,862.66,641.17,891.65,642.08,906.01,650.96,822.50,715.80,842.48,677.51,868.10,675.35,883.86,684.60,815.68,744.62,831.85,710.39,852.16,709.24,866.72,719.74
EK_0064_P03_10_frame_0000001806_l.jpg,0,1326.87,935.46,1245.34,939.29,1195.69,905.62,1174.31,866.51,1177.61,832.32,1165.95,846.20,1136.54,813.33,1148.02,830.81,1166.96,850.09,1197.84,812.74,1165.38,782.62,1171.63,803.20,1191.69,821.26,1237.05,790.48,1199.09,757.57,1201.91,779.49,1219.23,798.81,1277.93,781.35,1243.41,739.89,1236.32,754.43,1246.83,773.82
EK_0064_P03_10_frame_0000002412_r.jpg,0,1690.30,431.78,1585.35,421.11,1505.67,367.04,1449.98,322.62,1425.54,298.60,1572.65,259.68,1466.61,243.37,1459.55,291.64,1482.60,317.39,1611.14,247.83,1508.03,248.02,1499.83,293.37,1519.60,316.17,1637.86,253.42,1545.78,253.62,1532.82,291.22,1550.75,317.29,1655.80,262.44,1576.94,265.39,1566.03,294.54,1581.77,316.16
EK_0064_P03_10_frame_0000004051_r.jpg,0,1384.50,954.28,1326.11,944.87,1266.49,916.47,1212.05,905.01,1166.57,896.70,1292.43,828.42,1263.62,765.16,1231.21,749.81,1200.56,751.42,1294.14,832.27,1259.33,774.67,1219.86,763.08,1188.78,767.99,1295.14,842.06,1256.28,798.29,1224.41,786.53,1198.08,789.56,1292.17,855.50,1255.46,829.05,1228.55,823.37,1208.92,826.33
EK_0064_P03_10_frame_0000004305_l.jpg,0,1068.53,1038.75,1161.38,1065.03,1242.35,1043.09,1297.73,1002.47,1331.24,967.50,1247.78,1007.75,1348.96,954.64,1387.40,929.21,1399.28,918.28,1213.91,951.79,1320.29,882.63,1350.76,877.21,1352.39,885.03,1172.34,905.01,1274.11,837.65,1297.71,844.96,1293.27,863.45,1127.68,872.23,1199.26,812.92,1231.86,811.68,1244.26,822.16
EK_0064_P03_10_frame_0000004533_l.jpg,0,720.53,1070.73,845.96,1066.64,926.10,1003.94,974.73,928.85,1010.83,874.28,919.94,951.40,1049.32,833.36,1076.75,799.75,1052.14,811.07,856.65,892.08,961.35,728.56,978.86,748.59,964.99,796.15,800.74,858.22,890.74,736.47,913.22,772.73,902.52,813.94,754.16,849.19,825.71,770.84,849.36,796.63,845.93,831.04
EK_0064_P03_10_frame_0000004783_l.jpg,0,902.56,1004.42,988.85,979.45,1052.01,916.21,1107.26,872.11,1155.86,844.54,970.80,817.11,996.50,708.65,1028.00,666.93,1056.38,645.91,929.94,807.07,959.23,697.60,999.95,663.80,1036.52,657.34,909.65,810.78,934.06,714.39,970.31,687.18,1002.57,679.90,907.19,820.47,927.33,744.18,954.55,715.85,981.06,705.16
EK_0064_P03_10_frame_0000004783_l.jpg,1,1882.85,983.78,1726.99,987.90,1586.71,914.30,1486.19,853.06,1409.73,813.63,1605.68,791.09,1438.70,678.97,1357.35,620.87,1300.76,578.10,1680.72,732.00,1533.43,593.60,1485.39,618.01,1473.70,656.38,1756.21,701.76,1619.52,589.68,1571.38,625.16,1565.40,663.10,1818.78,691.06,1711.21,602.58,1660.15,624.93,1656.26,655.24
EK_0064_P03_10_frame_0000005071_l.jpg,0,749.02,867.82,804.16,836.82,819.12,782.94,821.23,737.17,831.25,703.94,745.90,729.15,722.38,671.41,726.43,650.01,740.16,648.63,711.69,741.23,690.17,688.60,703.70,672.95,724.73,675.93,692.61,758.15,681.01,712.68,695.49,697.71,712.78,698.30,685.36,776.42,681.07,740.43,692.37,726.43,706.33,724.24
EK_0067_P03_14_frame_0000000151_r.jpg,0,1375.36,759.16,1314.80,778.31,1267.51,765.71,1235.52,753.80,1211.17,755.59,1243.09,693.34,1209.92,663.02,1209.12,668.46,1215.80,683.01,1274.52,668.16,1246.01,652.76,1245.48,670.11,1249.77,687.61,1309.08,659.53,1284.69,658.57,1281.68,675.74,1287.23,691.14,1342.60,659.37,1321.28,661.83,1315.56,675.39,1320.25,689.06
EK_0067_P03_14_frame_0000000962_r.jpg,0,1322.65,780.07,1221.58,769.36,1164.66,719.47,1129.23,657.43,1116.65,610.31,1185.42,601.86,1180.60,575.04,1183.51,607.29,1190.61,635.75,1244.21,587.12,1229.72,600.39,1228.17,634.84,1237.61,658.47,1299.20,595.48,1273.92,610.79,1272.24,640.93,1281.15,667.49,1345.04,609.98,1321.52,617.16,1317.42,640.81,1323.44,663.45
EK_0067_P03_14_frame_0000001803_r.jpg,0,1821.64,1013.51,1730.34,938.83,1676.92,881.39,1631.53,853.87,1591.18,830.94,1746.88,829.85,1685.48,811.28,1648.31,815.48,1626.30,816.99,1769.73,863.31,1700.19,865.36,1661.75,893.37,1646.16,925.77,1782.15,898.24,1718.56,894.25,1681.61,917.89,1664.15,944.96,1788.20,925.04,1734.94,922.24,1703.92,939.38,1685.69,958.72
EK_0067_P03_14_frame_0000004916_l.jpg,0,426.46,938.99,433.80,989.29,468.68,1016.74,525.30,1026.88,566.22,1022.40,453.17,899.32,549.53,913.61,603.11,959.65,631.40,995.91,492.24,848.40,600.24,864.06,655.41,921.32,681.53,958.66,530.49,823.88,629.03,830.21,686.13,874.44,716.95,905.69,567.80,818.93,632.40,814.61,680.69,836.80,713.12,856.96
EK_0067_P03_14_frame_0000005947_l.jpg,0,925.51,771.04,910.52,734.09,905.93,685.97,910.95,648.98,918.35,625.70,947.22,657.76,985.02,654.84,994.93,671.55,996.13,686.24,957.98,666.77,988.33,666.04,994.99,678.27,994.12,692.79,966.40,684.19,992.03,677.78,995.69,688.20,992.50,700.88,976.56,705.45,995.70,695.04,997.83,700.14,994.99,709.26
EK_0067_P03_14_frame_0000010976_r.jpg,0,1554.50,749.67,1459.74,745.64,1407.16,686.96,1381.54,629.00,1358.18,590.65,1440.01,606.99,1396.70,574.12,1388.36,605.96,1400.50,632.34,1481.85,597.25,1432.17,581.76,1422.49,614.53,1433.35,635.50,1512.31,604.33,1464.98,596.77,1453.92,624.10,1466.38,644.78,1536.25,614.84,1492.54,610.14,1485.34,630.05,1495.30,646.38
EK_0075_P02_02_frame_0000000623_l.jpg,0,1264.05,641.67,1195.62,652.66,1148.02,621.94,1126.39,586.67,1110.57,566.70,1132.97,556.40,1076.83,530.43,1057.00,541.07,1054.61,553.14,1161.34,531.63,1102.10,505.66,1094.30,531.07,1098.64,548.85,1189.39,521.44,1137.88,486.19,1128.43,509.43,1136.14,528.79,1214.34,522.69,1173.37,503.82,1159.30,520.31,1164.85,534.99
EK_0075_P02_02_frame_0000000623_l.jpg,1,888.27,742.98,954.90,729.67,992.82,675.76,1023.23,627.98,1059.60,609.40,971.52,614.16,1003.83,587.17,1016.63,607.93,1018.28,624.95,937.79,607.55,974.94,591.08,989.78,610.24,991.25,625.48,908.73,615.01,944.55,600.36,960.19,614.65,962.22,629.74,888.47,628.07,918.09,611.61,933.67,620.72,937.12,633.25
EK_0075_P02_02_frame_0000001186_l.jpg,0,1325.27,753.03,1270.10,729.30,1246.15,685.02,1236.44,648.86,1225.75,624.63,1280.78,633.85,1295.90,568.02,1286.54,547.53,1275.28,553.13,1319.99,631.43,1328.94,560.46,1317.96,538.84,1306.08,542.29,1350.53,636.11,1356.36,568.33,1344.19,545.22,1331.50,543.00,1371.21,645.55,1373.20,593.80,1363.05,570.31,1350.87,563.83
EK_0075_P02_02_frame_0000001186_l.jpg,1,875.12,809.26,870.20,745.74,868.22,672.42,877.96,608.92,883.40,552.57,857.32,612.35,883.23,553.49,915.24,545.10,936.52,560.92,887.46,635.27,936.12,585.96,969.35,605.93,984.67,641.78,919.01,661.98,963.22,628.66,990.23,646.21,1001.53,678.33,946.41,691.33,979.81,665.97,999.44,675.87,1010.55,698.65
EK_0075_P02_02_frame_0000001817_r.jpg,0,630.94,586.01,714.79,524.79,742.71,438.34,719.97,381.23,695.54,363.26,683.76,383.00,710.92,283.28,745.08,272.38,769.09,285.19,628.25,379.12,666.38,298.96,697.11,307.28,710.38,329.27,591.56,390.90,634.55,340.39,662.42,353.15,672.79,374.91,567.63,410.93,598.31,373.19,622.72,382.88,631.58,403.20
EK_0075_P02_02_frame_0000001817_r.jpg,1,1437.98,749.58,1341.47,698.80,1321.58,618.22,1326.19,562.31,1347.40,530.25,1335.10,548.85,1314.63,464.21,1307.37,469.85,1310.17,492.75,1393.38,542.85,1369.46,498.11,1354.85,525.97,1350.96,556.64,1446.87,558.58,1409.97,534.83,1394.74,559.73,1393.63,587.10,1487.44,579.43,1446.07,566.17,1428.82,581.88,1423.13,603.44
EK_0075_P02_02_frame_0000006597_l.jpg,0,908.13,637.51,922.35,545.90,969.84,498.63,1024.60,504.92,1061.78,538.99,1013.70,466.91,1073.21,495.36,1061.49,533.68,1033.51,555.74,1054.70,503.64,1098.17,540.36,1076.60,569.30,1050.76,583.35,1085.06,554.41,1125.94,578.16,1102.19,602.09,1076.42,613.89,1106.08,610.49,1174.14,614.49,1198.29,613.36,1211.27,606.49
EK_0075_P02_02_frame_0000008366_l.jpg,0,804.09,716.30,880.68,741.37,937.80,711.87,963.95,642.58,988.06,580.21,850.44,662.32,939.08,605.64,958.61,622.10,944.26,645.04,812.56,612.86,911.57,559.12,920.49,588.26,894.50,615.96,792.18,574.83,877.05,523.83,887.42,553.82,867.53,582.27,777.73,549.57,833.58,505.53,845.97,532.99,833.46,559.12
EK_0075_P02_02_frame_0000011579_l.jpg,0,770.41,546.37,783.49,504.34,772.91,442.95,769.61,388.08,766.08,342.68,686.28,413.63,755.04,375.12,783.50,402.67,781.47,427.74,683.09,417.91,757.30,380.96,785.80,415.84,785.21,446.04,692.63,426.83,759.23,397.47,782.94,429.71,778.89,452.82,703.74,436.69,754.96,407.90,769.10,431.43,761.35,448.97
EK_0075_P02_02_frame_0000011837_r.jpg,0,819.13,737.28,859.03,680.64,863.36,601.47,869.64,534.67,879.32,484.79,768.77,561.41,856.97,523.38,893.94,561.64,900.06,599.13,751.99,573.45,850.23,547.02,885.20,587.69,893.38,625.07,753.14,593.83,843.84,571.36,871.20,604.72,876.87,636.39,758.41,610.68,824.62,588.41,844.53,610.54,850.01,628.81
EK_0075_P02_02_frame_0000011837_r.jpg,1,1638.23,448.87,1658.41,419.85,1667.24,376.70,1662.44,344.60,1651.02,321.36,1677.30,312.55,1658.59,273.26,1638.73,287.21,1634.27,303.04,1664.72,300.57,1640.23,259.26,1618.67,277.62,1615.03,296.35,1643.80,299.72,1625.39,259.30,1606.15,275.78,1600.39,293.72,1614.69,310.35,1601.78,273.67,1589.19,285.02,1586.07,306.43
EK_0075_P02_02_frame_0000012041_l.jpg,0,839.41,747.99,874.07,685.65,873.51,605.82,876.86,541.17,879.55,491.94,771.66,576.71,859.86,534.49,894.98,569.97,899.23,605.56,757.00,592.14,856.49,558.89,893.40,597.95,901.83,634.30,760.86,612.61,853.52,583.38,882.36,616.54,887.06,646.88,768.28,629.76,836.79,601.24,855.44,624.09,856.99,642.74
EK_0075_P02_02_frame_0000012233_l.jpg,0,536.24,773.78,505.41,717.06,465.27,644.12,447.67,582.27,428.05,534.72,413.48,654.08,417.27,607.19,437.05,594.82,446.54,590.38,437.10,663.16,439.32,624.02,453.76,615.59,462.82,607.89,462.70,670.43,458.46,634.95,469.82,624.26,475.48,613.11,489.87,672.92,479.48,641.22,484.20,636.29,486.45,634.03
EK_0078_P02_09_frame_0000000213_r.jpg,0,1302.58,856.86,1279.05,793.03,1266.41,743.27,1248.86,713.35,1237.50,694.04,1333.86,712.49,1354.89,669.11,1362.28,644.21,1365.25,624.87,1323.27,733.74,1292.53,708.92,1258.61,710.07,1236.91,725.92,1309.35,753.97,1275.20,737.63,1247.75,743.15,1232.15,754.65,1299.33,769.36,1265.56,759.43,1244.04,764.28,1235.64,772.08
EK_0078_P02_09_frame_0000001442_r.jpg,0,1229.69,808.05,1156.98,793.26,1124.63,769.34,1102.84,761.21,1082.01,761.84,1145.94,676.89,1124.68,628.50,1108.97,637.80,1107.75,658.08,1180.05,679.03,1165.43,630.06,1147.97,649.27,1140.31,669.48,1206.59,692.48,1188.55,661.17,1167.19,676.13,1156.76,692.06,1221.22,713.49,1201.47,688.39,1180.84,698.97,1172.65,713.93
EK_0078_P02_09_frame_0000004113_r.jpg,0,1398.19,933.54,1319.14,910.10,1268.02,847.21,1221.29,795.80,1176.55,759.93,1316.55,754.94,1235.95,701.95,1186.89,723.77,1162.18,752.00,1333.39,757.38,1243.57,722.32,1186.52,742.03,1151.32,774.25,1339.03,775.24,1256.67,751.21,1207.71,769.01,1176.29,792.78,1339.29,791.08,1279.76,775.39,1244.79,787.50,1221.83,805.43
EK_0078_P02_09_frame_0000004557_r.jpg,0,1412.41,848.33,1362.15,822.05,1325.05,780.83,1289.42,755.99,1263.90,733.91,1404.96,719.95,1430.48,650.03,1417.93,611.55,1399.35,589.62,1425.32,723.36,1461.40,651.91,1439.49,620.24,1415.11,608.98,1432.58,731.56,1459.11,668.52,1440.03,638.56,1420.58,626.38,1430.05,741.41,1437.43,690.24,1423.63,661.22,1411.61,646.51
EK_0078_P02_09_frame_0000004994_r.jpg,0,1449.50,734.88,1391.43,735.27,1364.72,707.92,1360.27,684.65,1371.19,666.43,1340.79,668.98,1360.37,653.70,1382.34,663.87,1392.92,677.79,1359.12,635.33,1384.12,628.74,1404.14,645.10,1411.74,659.62,1387.38,610.52,1401.35,600.07,1421.49,616.97,1431.36,632.51,1419.62,593.55,1415.61,567.09,1418.35,565.78,1418.94,571.43
EK_0078_P02_09_frame_0000005346_l.jpg,0,790.37,844.79,822.43,778.81,820.87,705.10,836.35,644.24,853.31,596.00,695.84,701.02,723.33,621.64,752.78,593.55,768.80,581.53,676.09,717.21,710.18,650.97,744.32,637.69,762.99,636.19,677.13,733.75,708.40,675.89,739.16,665.53,757.91,665.60,685.31,742.35,707.33,696.67,732.84,689.30,752.26,692.21
EK_0078_P02_09_frame_0000005557_r.jpg,0,1257.45,304.24,1198.14,256.26,1131.74,213.38,1065.05,197.09,1013.25,187.37,1165.90,121.95,1084.91,98.55,1045.22,122.29,1028.18,149.95,1149.07,160.20,1076.38,142.74,1048.78,171.34,1041.85,195.51,1138.20,204.53,1076.10,206.33,1066.35,235.92,1068.14,251.89,1131.08,246.61,1082.56,249.46,1078.12,269.27,1084.81,276.27
EK_0078_P02_09_frame_0000006628_l.jpg,0,1007.90,930.09,1069.78,935.02,1097.00,916.60,1104.51,886.63,1104.91,861.18,1140.61,884.44,1179.71,839.16,1161.06,817.95,1145.07,818.98,1127.76,850.83,1184.36,786.61,1153.65,767.57,1125.38,777.85,1099.44,821.23,1134.22,755.93,1101.46,738.84,1078.39,746.22,1058.14,799.18,1082.03,743.97,1068.17,730.82,1053.25,741.06
EK_0078_P02_09_frame_0000006874_l.jpg,0,962.45,716.45,1049.30,709.20,1144.63,662.15,1229.68,642.44,1290.46,644.55,1111.91,511.92,1239.21,537.88,1290.41,594.88,1317.76,646.69,1091.06,510.18,1215.12,550.96,1259.11,614.17,1280.64,671.04,1076.07,530.05,1193.44,572.29,1232.55,621.43,1251.06,669.84,1071.73,554.61,1160.59,587.50,1194.12,624.19,1209.80,658.89
EK_0078_P02_09_frame_0000007418_l.jpg,0,571.55,699.91,645.50,706.31,703.58,700.34,753.50,714.93,794.10,719.42,664.88,588.99,691.20,529.39,725.93,530.59,747.75,543.78,642.56,584.01,683.22,530.21,727.03,534.96,753.18,557.19,630.55,589.29,669.45,554.14,709.79,558.08,731.72,574.15,624.86,598.24,656.49,580.68,684.40,587.08,700.60,599.36
EK_0078_P02_09_frame_0000007706_l.jpg,0,821.38,1060.41,904.33,1085.43,992.02,1057.23,1069.82,1011.79,1131.71,997.59,948.45,1015.95,1074.60,938.23,1071.51,960.15,1048.22,985.14,903.43,961.69,1041.64,886.19,1045.68,913.35,1022.78,938.54,869.33,917.62,997.20,850.14,1005.72,881.98,985.97,907.77,846.83,888.95,944.67,849.63,955.20,873.91,941.28,890.04
EK_0078_P02_09_frame_0000008229_r.jpg,0,1396.34,1020.38,1296.41,988.18,1257.50,926.93,1252.57,871.37,1270.17,835.82,1250.15,858.76,1202.20,780.98,1214.34,801.70,1231.49,824.77,1305.04,833.44,1256.38,762.55,1256.87,793.59,1265.76,826.44,1358.74,826.71,1312.05,790.74,1308.76,818.58,1316.12,845.76,1403.32,833.37,1358.57,817.27,1350.15,839.91,1355.81,863.08
EK_0078_P02_09_frame_0000008428_l.jpg,0,906.05,734.16,1002.69,741.17,1055.74,733.63,1090.02,736.11,1111.03,726.70,1019.30,594.90,1035.26,522.56,1053.00,476.40,1062.72,447.43,976.22,594.07,993.89,521.08,1022.61,504.65,1042.72,503.64,946.81,601.30,955.13,535.14,985.62,510.77,1010.11,506.77,923.57,611.14,926.58,554.16,942.04,531.15,956.94,525.27
EK_0078_P02_09_frame_0000008451_l.jpg,0,837.82,760.23,919.32,768.13,964.06,765.74,1000.34,780.76,1024.87,788.13,949.44,635.50,969.06,574.87,985.97,541.37,997.41,520.74,919.96,630.62,943.45,572.42,968.11,562.47,986.62,562.20,897.05,633.68,915.59,587.78,940.40,576.71,956.21,578.73,882.30,639.40,896.31,608.75,912.56,597.77,924.49,598.08
EK_0078_P02_09_frame_0000009115_r.jpg,0,558.34,1091.61,659.76,1043.57,716.73,965.95,759.18,891.80,796.31,846.70,618.78,917.10,657.70,765.49,691.50,684.77,719.18,629.67,534.54,916.85,548.35,745.27,603.49,687.61,649.01,667.82,476.57,918.73,482.07,757.72,539.54,719.77,584.91,719.38,448.14,922.86,458.42,796.88,499.62,765.93,534.36,762.93
EK_0078_P02_09_frame_0000009190_l.jpg,0,775.96,661.85,842.80,619.80,886.98,580.49,933.78,573.73,971.25,567.26,806.95,502.57,813.13,451.55,825.29,429.10,832.65,417.71,788.20,519.28,801.37,475.96,818.50,463.02,833.11,456.14,779.50,542.66,794.65,508.60,812.83,493.56,828.05,488.93,779.11,565.50,796.49,538.89,810.79,528.92,820.39,525.86
EK_0078_P02_09_frame_0000010211_r.jpg,0,1092.62,868.46,1027.98,841.69,990.50,810.14,966.33,792.77,947.58,776.57,1031.00,754.79,992.45,755.92,969.39,773.19,960.42,786.92,1054.53,766.85,1019.47,765.66,990.65,780.86,973.39,795.55,1068.26,784.11,1037.14,781.55,1009.72,790.63,994.53,803.20,1074.22,799.43,1048.60,798.52,1028.78,804.57,1014.54,813.77
EK_0078_P02_09_frame_0000012163_l.jpg,0,1143.82,1001.87,1080.85,960.10,1054.02,918.38,1029.34,892.33,1006.93,868.01,1121.43,856.63,1107.37,816.12,1080.18,820.55,1060.74,839.86,1138.91,872.67,1096.01,849.18,1056.62,861.62,1038.02,886.12,1147.41,895.16,1095.43,884.64,1057.46,900.03,1043.35,923.94,1153.77,916.90,1108.61,912.38,1075.69,921.19,1059.30,936.49
EK_0078_P02_09_frame_0000012163_l.jpg,1,661.61,857.83,711.18,859.58,729.92,849.42,733.65,829.20,732.62,806.57,751.91,802.27,775.40,776.70,784.28,757.15,786.39,746.43,721.55,772.79,762.11,733.89,779.23,717.28,789.92,706.14,687.09,752.73,709.93,717.43,705.17,714.49,703.43,717.43,643.11,741.71,649.72,726.75,646.39,735.91,647.97,744.89
EK_0078_P02_09_frame_0000012182_l.jpg,0,629.90,896.08,691.20,878.13,710.33,845.21,711.88,815.77,711.89,793.80,729.05,783.55,736.95,729.90,737.56,701.46,736.04,684.29,697.54,767.07,727.40,705.46,741.86,672.15,750.12,649.74,658.54,759.42,681.13,707.56,694.13,683.78,707.63,664.79,613.68,760.88,620.93,722.75,631.04,708.91,641.20,697.75
EK_0078_P02_09_frame_0000012182_l.jpg,1,1108.28,827.94,1044.53,802.97,1013.74,772.84,995.92,760.64,980.56,746.62,1044.85,708.70,1021.71,678.11,1002.42,664.03,991.13,655.84,1052.74,720.19,1031.43,687.42,1009.08,677.36,993.14,669.59,1055.85,734.54,1030.19,715.38,1008.91,713.45,994.67,711.38,1056.39,749.99,1032.56,744.53,1014.65,743.69,1002.54,745.69
EK_0078_P02_09_frame_0000012463_r.jpg,0,1346.20,968.72,1332.30,933.41,1342.29,848.42,1342.05,768.31,1329.07,691.76,1411.73,760.67,1411.63,667.17,1360.56,652.40,1303.69,662.08,1377.99,772.04,1312.65,720.86,1239.04,737.00,1180.12,762.79,1343.61,788.82,1277.95,761.47,1212.56,790.16,1164.38,816.72,1316.60,806.79,1265.54,791.86,1222.64,813.62,1188.68,831.34
EK_0078_P02_09_frame_0000013222_l.jpg,0,783.60,990.43,864.92,1005.75,937.33,983.95,1003.01,977.49,1058.80,972.37,867.95,864.85,903.42,760.31,969.56,720.26,1022.31,709.56,847.23,839.56,891.84,725.52,962.30,699.72,1011.13,705.82,841.46,828.75,879.47,737.90,940.23,717.07,980.99,720.33,844.88,819.54,879.06,756.50,920.33,738.39,954.05,738.40
EK_0078_P02_09_frame_0000016161_r.jpg,0,1451.94,1095.18,1415.29,1057.98,1391.03,1000.08,1363.88,948.72,1332.91,909.58,1491.59,952.70,1495.10,875.74,1464.57,837.85,1433.21,819.20,1496.73,954.50,1497.11,878.43,1466.29,841.65,1435.91,824.68,1491.74,959.93,1487.06,897.21,1462.43,865.55,1436.56,849.17,1482.35,963.59,1469.41,917.20,1447.36,895.33,1427.04,884.05
EK_0078_P02_09_frame_0000016977_r.jpg,0,764.82,1069.14,828.07,1061.26,874.27,1012.02,913.93,970.52,956.10,940.31,823.31,916.85,883.50,864.92,918.47,890.90,926.87,921.85,793.27,918.76,863.68,879.62,902.84,913.66,915.64,949.85,777.68,932.61,843.90,904.95,883.11,933.18,896.62,965.65,770.46,949.55,825.06,922.39,857.02,942.84,868.13,972.03
EK_0078_P02_09_frame_0000017154_r.jpg,0,743.83,1101.63,802.86,1092.95,853.09,1046.63,897.69,1007.67,940.21,978.82,808.66,957.95,859.59,892.23,893.88,913.43,898.78,947.26,787.51,957.54,850.65,908.57,888.69,940.47,898.98,974.68,777.53,964.51,833.29,929.93,871.20,955.43,883.47,985.68,775.23,976.59,821.76,943.63,853.07,962.31,861.19,989.90
EK_0078_P02_09_frame_0000019220_l.jpg,0,1517.32,869.56,1410.09,919.72,1333.02,931.90,1289.19,945.83,1252.39,949.61,1309.05,796.67,1249.49,770.58,1220.03,759.99,1198.69,754.77,1344.89,785.51,1284.95,756.44,1254.23,753.61,1230.13,758.81,1375.75,789.09,1327.72,772.50,1297.11,770.03,1276.38,774.16,1397.68,802.78,1361.85,789.03,1338.37,787.02,1323.45,785.47
EK_0078_P02_09_frame_0000019220_l.jpg,1,945.24,1036.53,991.39,997.00,999.17,923.03,1000.00,864.88,1006.99,819.81,916.26,857.58,892.36,770.79,897.25,724.77,914.85,696.06,907.90,865.22,885.74,779.65,898.50,734.64,916.40,709.92,917.58,876.99,927.00,811.78,950.08,796.74,964.50,792.55,931.82,885.40,949.48,853.12,971.96,853.76,987.93,862.89
EK_0078_P02_09_frame_0000021983_r.jpg,0,812.58,940.14,912.06,891.48,959.22,814.14,987.06,753.77,971.14,720.75,881.14,709.41,933.63,632.12,961.72,599.28,983.17,573.36,827.31,707.69,886.87,660.61,920.23,676.15,936.90,695.85,790.65,727.60,845.27,688.61,875.35,700.62,889.56,720.65,771.65,754.78,809.16,720.22,833.85,726.34,846.46,747.02
EK_0078_P02_09_frame_0000023845_l.jpg,0,865.01,981.97,955.52,940.17,975.09,845.10,963.65,772.49,954.73,718.95,878.36,807.81,856.87,711.70,857.01,674.68,853.75,653.88,835.86,805.27,860.04,695.96,909.43,651.70,946.69,635.13,817.80,807.73,844.75,716.26,888.75,681.05,923.10,666.55,814.49,812.08,842.01,752.52,878.19,726.67,908.14,719.66
EK_0078_P02_09_frame_0000027629_r.jpg,0,707.68,991.41,832.09,1035.53,941.08,1032.20,1036.92,1026.87,1107.02,1043.11,982.47,895.68,1114.49,850.68,1165.97,837.62,1196.34,830.60,939.93,835.61,1051.62,777.53,1099.22,764.16,1122.64,764.24,887.97,802.12,982.20,759.77,1033.29,759.47,1069.17,763.38,830.59,783.89,864.98,722.81,896.02,697.29,923.79,682.62
EK_0078_P02_09_frame_0000028056_l.jpg,0,945.10,856.81,993.54,908.13,1022.34,923.29,1048.39,928.34,1069.90,941.29,1049.21,851.22,1095.21,821.27,1118.03,807.76,1136.89,795.75,1037.29,809.55,1096.60,782.11,1125.03,769.34,1150.53,762.63,1022.16,776.78,1065.60,753.74,1092.38,742.02,1119.62,740.42,994.35,746.17,1023.50,723.02,1037.10,716.31,1050.10,718.83
EK_0078_P02_09_frame_0000030692_r.jpg,0,835.37,946.52,902.81,914.41,965.95,876.17,1018.59,849.34,1066.02,825.34,931.87,775.14,989.01,752.93,1039.44,761.99,1075.39,778.11,920.56,802.12,985.45,779.26,1038.28,787.83,1075.81,804.29,916.56,832.37,971.72,824.46,1013.02,841.92,1040.38,865.61,912.08,860.57,955.89,862.92,986.79,875.61,1012.01,890.54
EK_0078_P02_09_frame_0000034325_r.jpg,0,811.13,814.11,872.68,774.81,904.28,716.41,939.31,675.71,972.70,651.80,807.73,657.79,794.70,583.21,818.22,559.61,842.62,559.64,779.43,668.38,781.39,597.31,811.41,576.72,839.29,576.50,764.47,685.10,768.13,626.70,793.27,606.37,816.61,604.03,762.02,699.97,764.20,653.49,781.29,634.62,799.16,629.58
EK_0078_P02_09_frame_0000035269_r.jpg,0,1110.47,989.87,1053.81,991.66,1007.53,960.09,970.96,933.73,943.32,915.96,1049.82,885.71,1008.27,847.25,972.51,857.98,950.47,878.37,1071.61,880.22,1032.64,841.57,995.82,854.24,978.31,875.81,1083.41,887.69,1040.30,862.02,1006.36,873.95,989.96,892.62,1088.11,899.37,1048.64,884.24,1020.45,894.44,1004.66,911.12
EK_0078_P02_09_frame_0000035370_l.jpg,0,825.41,835.46,897.50,833.29,933.28,795.85,949.73,749.66,964.90,718.81,930.32,749.66,984.63,688.44,1010.99,658.00,1029.10,640.32,891.24,726.11,938.63,653.73,964.44,624.06,983.47,609.84,854.48,714.61,893.24,646.81,919.54,618.32,941.45,603.28,822.16,715.74,838.45,663.46,855.91,642.62,872.89,631.55
EK_0078_P02_09_frame_0000035878_l.jpg,0,823.59,611.66,885.66,584.95,915.57,558.81,928.49,543.32,935.95,536.18,865.90,469.56,857.84,421.52,855.70,407.45,853.65,400.15,836.69,473.77,828.90,418.43,828.73,400.25,823.13,395.45,817.71,484.90,807.81,439.27,806.86,417.97,806.84,408.48,801.51,498.46,797.16,462.77,795.92,442.20,797.95,430.88
EK_0078_P02_09_frame_0000035907_l.jpg,0,1000.09,768.78,1067.25,758.27,1108.10,724.50,1126.27,695.04,1134.98,679.15,1055.07,637.89,1058.31,580.64,1064.01,555.97,1067.80,541.57,1017.35,639.85,1024.44,582.15,1033.56,558.10,1036.49,544.26,989.99,650.41,997.53,605.23,1008.65,583.59,1016.58,574.71,973.51,667.48,981.66,634.04,991.68,616.84,999.26,611.17
EK_0078_P02_09_frame_0000035966_r.jpg,0,1532.90,382.84,1497.07,335.66,1483.35,271.77,1476.71,218.74,1478.25,183.05,1501.90,196.01,1458.58,111.07,1445.82,133.06,1450.99,162.61,1529.82,179.55,1501.30,99.34,1483.37,123.63,1480.77,152.25,1546.85,181.18,1530.71,104.39,1507.54,125.64,1501.05,152.60,1547.14,196.84,1525.21,144.26,1508.24,159.61,1507.52,187.35
EK_0078_P02_09_frame_0000036133_r.jpg,0,998.19,502.65,918.30,460.62,884.42,403.82,868.58,361.24,869.28,330.03,894.96,346.10,856.42,271.21,852.36,248.72,856.15,250.11,953.27,324.14,938.70,227.88,930.11,216.71,923.94,234.69,1008.93,325.08,1007.60,233.71,993.38,228.60,981.45,244.76,1056.14,347.93,1066.44,293.21,1055.69,290.94,1046.04,306.54
EK_0078_P02_09_frame_0000038575_l.jpg,0,787.63,742.67,764.68,660.71,761.02,598.77,761.49,552.98,752.40,519.35,773.71,599.00,790.25,555.40,807.97,536.02,819.39,522.98,802.36,622.86,822.86,585.96,840.01,567.28,859.89,550.85,827.41,645.15,848.27,610.69,865.68,587.76,886.08,569.96,852.00,668.82,870.13,635.44,883.69,614.16,898.97,597.41
EK_0078_P02_09_frame_0000040080_l.jpg,0,562.79,889.02,641.41,862.97,672.86,820.63,688.49,777.41,709.65,748.81,643.26,727.85,645.91,639.27,646.97,604.09,650.19,595.05,591.35,718.18,594.22,626.25,604.98,599.76,615.47,595.78,545.64,724.23,548.90,641.29,561.71,613.38,576.86,606.02,508.89,742.46,511.36,677.98,522.95,654.62,538.44,646.91
EK_0078_P02_09_frame_0000040271_l.jpg,0,544.07,449.00,617.61,434.74,658.48,397.41,691.74,371.56,723.75,377.36,632.90,294.97,636.91,228.36,632.18,248.44,628.89,277.59,584.72,283.87,586.41,218.96,588.54,243.15,589.42,271.76,538.85,288.18,541.09,232.80,547.77,251.82,549.02,277.26,499.52,304.45,501.20,262.89,510.13,274.93,513.86,294.53
EK_0078_P02_09_frame_0000041017_r.jpg,0,1391.66,934.29,1408.54,815.05,1362.85,724.41,1289.22,679.68,1232.73,668.82,1256.56,700.68,1185.33,645.37,1184.12,650.78,1198.46,666.40,1210.73,747.65,1135.05,683.54,1134.34,680.12,1148.31,689.47,1193.04,796.37,1142.17,741.87,1157.10,731.74,1179.51,741.57,1192.32,839.75,1161.98,799.53,1179.31,788.93,1203.77,792.57
EK_0078_P02_09_frame_0000041017_r.jpg,1,933.75,1035.93,1000.06,976.73,1033.17,917.07,1080.08,883.91,1120.53,848.22,922.95,854.36,948.97,784.69,984.83,748.75,1016.79,731.50,897.60,873.69,919.47,808.28,953.57,783.76,985.15,774.40,886.41,894.02,904.88,838.75,927.49,814.75,949.33,807.82,886.30,909.55,901.55,863.36,918.03,845.11,934.22,835.86
EK_0078_P02_09_frame_0000041833_l.jpg,0,1207.34,1009.27,1136.15,1020.78,1081.03,980.33,1041.24,932.68,1002.52,908.51,1100.90,938.74,1047.94,860.29,1056.74,874.20,1073.99,898.18,1144.91,909.96,1087.38,831.30,1089.61,853.42,1103.80,877.66,1183.53,891.58,1135.13,817.95,1127.58,837.37,1133.86,860.14,1216.80,883.17,1181.76,822.13,1163.94,830.59,1159.90,849.69
EK_0078_P02_09_frame_0000041833_l.jpg,1,782.43,1029.33,857.84,1033.13,912.40,995.64,946.75,948.60,977.62,920.87,893.96,952.02,948.63,872.11,947.94,889.25,933.17,912.89,853.37,927.11,911.41,849.67,913.67,873.75,900.53,897.72,819.59,910.78,873.59,842.02,878.51,864.17,867.15,886.32,792.16,904.37,836.89,850.46,842.54,865.67,834.61,884.64
EK_0078_P02_09_frame_0000042884_r.jpg,0,1291.77,758.35,1243.94,704.62,1216.14,641.52,1191.50,593.07,1177.96,552.52,1304.50,592.76,1287.04,529.66,1261.25,513.59,1237.91,510.92,1320.70,604.97,1297.25,553.06,1259.88,548.78,1232.46,559.27,1323.64,623.93,1300.49,581.53,1267.89,576.51,1243.71,587.43,1316.81,640.14,1295.94,612.89,1267.33,607.07,1246.47,613.24
EK_0078_P02_09_frame_0000042944_l.jpg,0,1111.43,262.64,1220.02,210.11,1278.03,139.52,1332.78,97.58,1380.04,78.32,1168.46,16.42,1205.00,-36.03,1241.70,-26.85,1261.33,-4.50,1119.42,40.01,1162.23,4.96,1200.62,20.16,1223.09,43.72,1086.51,76.36,1121.78,46.00,1156.54,50.66,1182.35,68.02,1070.92,111.47,1097.49,79.93,1127.54,80.70,1150.63,93.87
EK_0078_P02_09_frame_0000042971_l.jpg,0,955.78,309.71,1031.68,260.93,1058.99,211.16,1089.68,177.10,1129.42,166.31,1009.23,87.77,983.93,0.75,980.69,-33.83,983.97,-51.62,950.94,99.60,933.28,17.04,945.30,18.83,958.68,32.13,910.73,128.03,919.48,79.31,938.20,90.39,954.16,111.22,881.96,160.03,900.33,131.12,919.87,138.89,938.70,156.29
EK_0078_P02_09_frame_0000043271_l.jpg,0,820.23,1033.53,854.81,930.99,883.43,849.74,915.02,796.61,938.90,746.91,814.05,816.06,819.86,759.20,840.05,738.42,853.92,726.10,832.73,858.05,845.30,811.98,863.96,799.40,875.76,789.92,854.14,896.55,869.59,861.09,882.72,852.08,890.54,844.97,875.99,926.16,888.25,894.32,892.21,887.75,891.01,884.90
EK_0078_P02_09_frame_0000043341_l.jpg,0,821.18,1053.34,886.46,1004.48,923.34,946.69,966.50,907.66,1007.65,880.58,834.87,868.12,904.28,833.09,932.65,867.63,929.50,897.03,808.53,876.41,877.98,849.47,910.54,878.78,916.50,909.59,795.87,896.58,856.76,870.80,888.57,893.78,896.30,921.29,790.97,917.40,835.68,890.43,860.36,906.38,867.95,927.54
EK_0078_P02_09_frame_0000044279_l.jpg,0,771.91,1118.07,734.87,1063.23,747.18,1006.06,780.84,967.72,805.65,925.21,808.54,984.13,863.77,928.61,903.23,898.66,938.09,875.84,838.62,1009.89,896.79,949.21,937.09,911.02,972.24,878.41,860.16,1039.70,911.85,983.31,947.56,945.92,978.83,914.99,877.17,1074.33,914.09,1031.18,938.47,1001.62,959.79,974.45
EK_0078_P02_09_frame_0000044505_l.jpg,0,589.88,732.62,650.46,699.90,689.12,651.15,735.71,624.79,779.82,605.96,606.31,565.29,632.14,501.76,665.21,503.86,681.35,521.80,578.59,573.00,608.35,513.55,643.62,517.34,666.82,534.37,565.64,587.01,588.90,538.71,618.78,532.38,641.38,539.63,561.58,602.04,580.02,557.57,605.10,548.57,625.24,551.96
EK_0078_P02_09_frame_0000045587_r.jpg,0,1486.40,877.35,1427.41,840.75,1404.80,777.70,1397.97,726.79,1385.77,688.51,1466.46,731.84,1463.98,669.35,1441.35,656.62,1420.69,660.88,1502.97,740.16,1492.48,680.43,1464.14,673.84,1443.34,682.15,1522.39,757.05,1510.20,707.28,1486.75,698.27,1468.84,703.27,1530.90,775.36,1518.95,737.64,1497.98,725.49,1481.30,727.29
EK_0078_P02_09_frame_0000045920_r.jpg,0,988.92,572.47,1086.65,579.22,1128.17,541.83,1152.38,497.90,1169.02,466.90,1158.39,458.06,1225.68,403.71,1253.06,382.51,1264.47,379.61,1102.23,412.34,1152.41,331.82,1162.65,338.90,1157.99,365.68,1049.61,401.82,1086.40,341.94,1092.59,363.49,1091.29,389.60,995.21,410.50,1018.95,402.58,1024.67,425.66,1026.26,453.32
EK_0078_P02_09_frame_0000045920_r.jpg,1,1441.36,558.16,1402.13,469.56,1406.75,391.41,1403.15,336.23,1398.01,296.76,1539.45,388.57,1487.55,339.93,1450.19,355.35,1435.93,368.89,1559.24,428.86,1506.13,388.90,1464.36,393.66,1439.45,408.56,1556.27,465.96,1505.11,435.55,1469.72,439.84,1448.55,454.88,1541.39,491.33,1509.02,470.89,1481.52,469.60,1461.98,479.36
EK_0078_P02_09_frame_0000046110_l.jpg,0,879.54,953.57,954.15,946.91,1000.93,912.32,1042.63,883.09,1077.02,863.23,980.92,831.28,1001.42,744.51,1018.40,715.04,1031.81,699.23,940.78,812.47,967.40,729.75,993.15,721.64,1010.63,729.95,905.56,808.00,935.81,746.57,960.65,744.72,971.96,757.76,878.17,812.16,902.96,769.36,924.54,768.83,933.23,781.82
EK_0078_P02_09_frame_0000046190_l.jpg,0,783.02,947.78,863.07,930.03,907.32,881.89,942.43,837.12,975.91,807.51,875.35,793.15,883.91,706.00,896.76,681.21,908.02,674.20,832.48,781.49,847.55,700.41,867.64,686.25,882.78,687.78,797.38,785.99,814.70,719.48,835.64,702.95,852.91,703.39,774.59,800.93,790.09,749.82,809.31,730.23,824.86,725.54
EK_0078_P02_09_frame_0000046313_l.jpg,0,864.17,920.23,942.36,901.04,982.54,861.97,1010.41,827.05,1039.96,807.16,959.57,771.38,949.47,688.19,956.17,676.06,962.09,684.64,916.30,766.09,909.42,688.33,922.35,687.26,932.48,697.29,876.24,770.93,878.57,710.75,891.16,705.37,899.88,715.23,846.31,785.22,855.07,742.61,872.35,736.56,883.58,744.71
EK_0078_P02_09_frame_0000048139_l.jpg,0,768.16,905.71,830.03,900.82,878.30,861.56,926.10,835.96,966.47,821.45,824.93,787.91,831.19,705.27,855.22,668.44,876.71,650.06,793.07,778.97,829.53,707.47,877.48,696.56,910.46,706.22,772.91,778.75,805.45,711.28,846.80,705.46,873.50,716.60,763.62,779.91,788.24,728.59,817.16,722.91,836.81,730.98
EK_0078_P02_09_frame_0000048199_r.jpg,0,741.63,741.78,809.73,735.75,860.38,704.56,907.16,691.20,946.07,698.30,820.08,611.59,844.82,538.83,864.78,502.30,882.89,478.51,783.00,600.27,813.02,527.78,841.96,495.88,867.66,480.21,756.91,601.57,786.22,543.11,812.95,517.06,835.37,505.70,742.15,608.80,768.13,565.62,789.65,543.77,808.91,534.00
EK_0078_P02_09_frame_0000048239_l.jpg,0,1462.87,999.19,1407.40,963.99,1385.59,903.48,1374.52,860.08,1356.83,835.22,1460.21,856.78,1449.04,803.04,1427.78,806.51,1415.60,821.09,1490.86,865.20,1471.94,819.03,1444.49,821.08,1428.35,831.15,1505.65,882.47,1486.26,841.71,1463.52,836.86,1446.87,843.94,1510.25,898.43,1491.56,865.81,1471.11,859.48,1455.29,865.93
EK_0078_P02_09_frame_0000053502_r.jpg,0,988.02,811.49,1078.12,774.61,1110.20,716.18,1122.73,656.87,1119.40,622.93,1092.55,656.72,1132.85,591.84,1137.61,623.94,1125.32,653.52,1041.14,638.46,1089.78,579.56,1095.74,609.73,1082.86,636.03,995.10,636.13,1041.28,581.46,1051.68,607.24,1041.53,633.93,957.95,643.95,993.90,602.29,1005.28,621.99,998.87,644.93
EK_0078_P02_09_frame_0000053502_r.jpg,1,1324.64,950.26,1233.34,921.83,1186.70,858.46,1189.62,788.78,1189.61,740.75,1247.08,785.30,1213.10,697.84,1195.92,661.82,1183.74,634.53,1297.78,780.22,1287.15,684.42,1261.78,687.65,1245.67,706.80,1327.53,794.32,1300.21,746.73,1266.96,763.92,1255.03,785.36,1346.94,810.22,1315.88,778.70,1289.78,791.07,1278.95,809.21
EK_0078_P02_09_frame_0000056578_l.jpg,0,883.98,869.53,968.42,859.86,1018.83,818.81,1063.69,788.81,1099.67,765.80,988.15,725.78,1027.89,657.28,1053.80,633.18,1069.66,628.34,942.81,711.59,976.15,629.73,1005.90,618.82,1025.46,630.65,905.90,711.98,932.09,640.13,960.47,630.24,977.76,641.21,882.69,723.05,905.08,673.21,929.93,662.61,947.33,668.29
EK_0078_P02_09_frame_0000056578_l.jpg,1,1322.89,880.23,1242.41,860.52,1194.80,800.48,1167.54,746.45,1130.59,726.13,1237.96,725.02,1210.21,645.89,1184.85,660.24,1175.48,690.09,1285.94,714.89,1261.54,627.08,1233.41,645.89,1221.98,676.95,1321.85,725.99,1288.50,684.19,1263.69,702.06,1257.76,723.01,1346.49,746.73,1315.55,719.73,1293.54,731.11,1290.75,749.03
EK_0078_P02_09_frame_0000058319_l.jpg,0,965.14,882.29,1039.58,848.23,1073.98,792.09,1105.22,749.65,1145.57,736.44,1040.73,730.23,1068.58,648.53,1083.79,603.13,1097.33,572.93,992.25,722.06,1015.89,633.92,1040.52,598.03,1062.00,576.15,958.14,726.29,984.41,658.05,1009.92,631.51,1029.64,621.15,938.11,737.73,967.45,696.37,991.33,680.22,1011.13,678.21
EK_0078_P02_09_frame_0000059575_r.jpg,0,922.62,849.24,998.06,835.38,1041.17,779.73,1077.52,727.52,1113.83,704.92,1015.71,739.36,1079.06,679.29,1103.44,672.05,1114.19,671.84,972.43,715.72,1036.14,646.29,1070.22,632.29,1089.16,625.03,939.01,705.53,994.03,636.71,1027.94,635.96,1044.14,642.46,919.68,707.51,967.43,665.44,993.88,668.10,1007.66,676.17
EK_0078_P02_09_frame_0000061314_r.jpg,0,1247.07,1050.55,1187.19,1070.53,1133.92,1059.48,1094.89,1029.69,1070.36,1000.35,1122.28,1057.60,1056.34,1016.66,1031.10,990.53,1018.09,970.84,1146.26,1023.54,1072.10,981.80,1042.28,961.15,1027.87,949.77,1172.05,990.61,1100.97,952.15,1077.03,944.43,1067.17,945.87,1199.11,962.72,1141.90,936.95,1122.18,938.34,1115.48,945.21
EK_0078_P02_09_frame_0000061535_l.jpg,0,1426.23,1079.93,1415.06,1012.27,1403.81,958.06,1381.89,919.04,1362.88,884.27,1449.21,925.58,1430.79,885.22,1397.38,872.36,1365.16,874.35,1426.53,951.02,1388.75,926.28,1350.08,928.56,1319.43,943.06,1407.25,975.85,1374.88,952.98,1342.02,963.32,1318.06,978.34,1393.12,996.16,1367.58,984.96,1344.35,992.73,1328.56,1000.24
EK_0078_P02_09_frame_0000062395_l.jpg,0,971.61,911.29,1040.51,878.75,1069.31,823.83,1067.00,771.63,1038.82,745.76,1112.69,778.31,1093.36,704.76,1060.97,692.69,1037.99,693.44,1081.52,760.48,1031.01,716.20,998.44,723.87,986.88,735.93,1041.16,754.23,1002.68,724.22,979.16,736.84,971.45,751.38,997.58,753.13,975.66,740.02,961.18,751.39,956.64,763.14
EK_0078_P02_09_frame_0000063003_r.jpg,0,1570.72,710.79,1445.92,717.89,1381.43,667.17,1351.91,598.10,1357.20,550.28,1329.83,567.75,1305.03,543.62,1336.07,562.56,1357.98,578.73,1381.05,509.71,1348.80,468.68,1363.04,483.66,1383.50,504.16,1445.78,480.43,1434.77,484.34,1453.25,517.47,1471.16,541.63,1512.36,470.37,1498.50,479.18,1506.69,509.73,1520.85,539.40
EK_0078_P02_09_frame_0000063003_r.jpg,1,893.73,833.42,983.99,838.01,1044.38,812.37,1107.46,784.91,1158.67,779.37,1030.33,706.73,1072.89,621.02,1090.48,573.99,1102.25,537.60,987.21,679.15,1037.06,595.53,1059.00,546.70,1075.09,510.65,941.97,667.21,983.22,596.82,1008.01,554.52,1027.51,525.30,900.95,668.10,919.59,615.49,932.72,584.30,943.96,558.07
EK_0078_P02_09_frame_0000063383_l.jpg,0,739.01,942.51,825.77,932.08,890.30,904.01,953.58,884.53,1003.43,885.32,853.52,784.65,871.70,691.55,880.33,644.39,887.24,616.08,803.22,766.49,825.85,673.51,840.65,626.02,855.79,595.74,757.59,765.11,779.81,681.87,795.09,636.70,809.26,605.77,721.28,775.79,721.09,716.03,719.27,679.40,719.83,649.97
EK_0078_P02_09_frame_0000065459_r.jpg,0,926.99,943.10,1025.63,925.27,1099.68,892.17,1168.74,858.82,1213.53,828.43,1032.76,787.93,1031.12,689.63,1032.10,641.13,1032.57,609.55,979.18,776.31,985.42,671.84,996.25,627.57,1009.56,600.60,936.24,775.14,947.31,680.83,961.78,634.18,975.49,605.80,910.85,780.90,927.33,708.51,939.87,670.94,951.98,644.27
EK_0078_P02_09_frame_0000066800_r.jpg,0,1312.74,994.04,1251.72,961.92,1235.47,918.28,1234.11,879.28,1235.89,851.70,1280.07,856.58,1288.20,797.38,1281.34,776.51,1270.10,771.70,1323.48,862.81,1337.84,798.77,1325.67,779.17,1306.98,775.99,1352.73,878.83,1368.17,820.31,1354.90,795.30,1336.89,783.31,1371.36,899.41,1395.59,862.26,1399.22,836.50,1396.74,816.00
EK_0078_P02_09_frame_0000072074_r.jpg,0,499.59,1082.08,567.74,1021.52,589.45,956.04,598.78,884.74,619.49,835.85,527.99,892.47,550.85,805.53,574.90,823.11,578.81,853.46,474.78,891.22,505.64,805.31,535.11,826.74,540.62,855.52,435.59,903.84,459.47,822.80,489.97,837.79,498.18,865.44,406.94,926.22,422.69,864.68,447.21,870.65,455.81,891.46
EK_0078_P02_09_frame_0000072074_r.jpg,1,1372.32,1081.25,1287.49,1056.68,1226.03,997.78,1185.85,922.20,1174.03,859.50,1317.46,922.93,1232.92,818.02,1188.45,831.58,1178.87,863.41,1358.98,902.29,1265.58,809.22,1222.44,836.22,1214.20,870.86,1377.50,896.96,1290.48,815.95,1253.73,842.63,1250.06,877.23,1379.84,898.03,1307.42,838.35,1277.46,855.66,1277.66,883.47
EK_0078_P02_09_frame_0000074047_r.jpg,0,1384.87,443.97,1282.05,411.52,1200.85,352.25,1133.51,311.57,1071.61,295.89,1268.78,217.95,1201.43,145.56,1162.29,167.08,1141.63,201.17,1322.53,210.66,1255.66,150.88,1213.51,181.59,1195.93,217.26,1360.91,228.60,1303.02,176.15,1265.35,193.51,1242.32,225.22,1385.27,251.86,1338.46,213.51,1302.26,219.29,1278.47,240.10
EK_0078_P02_09_frame_0000075227_l.jpg,0,361.22,933.56,226.03,904.14,169.43,832.18,140.56,756.01,112.28,709.52,227.62,698.67,225.63,578.73,231.13,533.51,236.76,516.12,310.00,682.94,333.80,556.16,343.57,500.38,350.46,463.14,378.65,697.27,416.32,579.99,435.30,515.49,449.64,467.20,434.81,732.96,485.21,668.70,513.49,633.30,534.38,604.85
EK_0078_P02_09_frame_0000075454_l.jpg,0,1430.57,279.82,1323.02,259.59,1253.46,245.85,1200.56,252.89,1169.84,264.99,1286.39,120.61,1212.43,171.70,1197.15,219.23,1205.84,245.33,1327.77,142.03,1245.34,180.73,1216.67,234.04,1219.02,272.52,1356.86,173.78,1282.55,200.80,1250.02,242.39,1247.64,273.39,1383.18,204.44,1317.81,218.22,1288.59,242.64,1276.68,263.79
EK_0078_P02_09_frame_0000083606_l.jpg,0,1268.09,884.60,1191.13,869.52,1119.82,817.46,1051.58,777.68,991.47,755.98,1176.19,699.89,1118.93,618.95,1072.52,635.34,1043.65,665.44,1189.31,703.01,1129.78,646.95,1079.87,660.39,1053.51,686.37,1196.90,721.76,1141.72,688.86,1098.24,703.62,1069.53,728.49,1198.90,744.07,1155.68,720.79,1119.15,732.57,1094.18,754.13
EK_0078_P02_09_frame_0000084897_r.jpg,0,1260.45,693.16,1165.47,688.87,1094.48,632.68,1033.52,587.51,990.49,552.56,1149.82,504.74,1062.22,421.78,999.48,438.20,959.08,470.32,1185.65,495.95,1098.42,419.71,1042.14,449.52,1012.63,485.42,1203.89,507.66,1130.28,445.45,1081.68,471.43,1054.70,506.42,1207.43,523.82,1154.56,479.80,1113.14,488.69,1088.74,512.69
EK_0078_P02_09_frame_0000084897_r.jpg,1,753.24,782.31,841.87,727.91,902.78,654.62,956.43,604.76,995.81,581.48,808.69,538.47,907.53,506.94,959.55,516.37,986.01,532.93,786.42,553.90,891.59,557.60,939.49,598.06,959.61,638.18,778.93,587.33,875.49,598.91,921.23,631.71,941.20,667.00,776.49,621.24,852.15,626.37,891.15,646.16,910.95,673.73
EK_0078_P02_09_frame_0000085678_r.jpg,0,931.07,1084.17,894.19,1035.81,897.07,987.66,915.07,951.79,928.97,930.14,935.25,952.75,946.51,895.78,952.69,865.52,957.91,841.62,979.56,958.24,985.15,891.89,987.15,858.15,988.87,828.07,1012.25,970.97,1021.34,914.61,1021.57,875.31,1021.95,845.60,1038.38,994.18,1053.90,954.95,1055.85,928.89,1054.71,907.57
EK_0078_P02_09_frame_0000085678_r.jpg,1,1319.27,927.57,1230.76,943.02,1178.18,912.62,1137.56,875.56,1125.15,840.46,1220.40,798.80,1171.37,750.35,1127.71,763.80,1114.75,787.75,1253.68,785.97,1214.96,734.86,1180.90,770.40,1176.51,802.16,1275.40,781.85,1241.82,736.12,1210.61,772.40,1205.69,804.94,1286.25,782.83,1259.31,753.95,1232.31,773.83,1228.82,797.09
EK_0078_P02_09_frame_0000085726_l.jpg,0,1394.76,849.38,1344.11,809.23,1299.58,746.39,1250.93,694.03,1197.92,654.80,1374.11,652.06,1331.33,578.25,1278.77,578.33,1234.77,596.70,1369.95,667.74,1314.72,610.85,1256.33,616.55,1214.05,639.22,1359.83,691.11,1310.78,648.78,1257.48,651.99,1217.00,670.28,1349.94,715.08,1313.86,684.42,1272.48,684.25,1240.82,695.39
EK_0078_P02_09_frame_0000085726_l.jpg,1,969.12,1071.17,1021.14,1052.72,1057.20,1010.80,1081.91,976.59,1102.24,961.46,1053.91,955.04,1060.29,889.16,1058.34,849.39,1056.36,820.59,1029.10,942.04,1044.89,870.47,1049.31,831.32,1053.07,804.57,995.08,938.72,1014.77,881.39,1028.11,841.88,1037.76,816.79,954.47,949.23,967.58,913.86,979.93,891.81,989.75,876.19
EK_0078_P02_09_frame_0000086135_l.jpg,0,364.12,1050.86,452.07,1015.28,501.82,959.34,543.07,914.65,593.89,908.16,474.42,855.80,509.80,781.01,527.87,783.20,535.01,801.12,420.06,840.37,456.61,766.51,476.16,784.00,481.97,808.17,370.51,844.43,398.85,778.16,419.67,789.99,428.83,812.28,327.52,860.93,341.02,808.01,363.16,811.24,375.45,828.24
EK_0078_P02_09_frame_0000087990_l.jpg,0,510.20,1081.63,599.97,1045.82,652.07,993.16,705.66,939.38,755.86,913.34,604.86,900.51,644.02,833.09,657.72,857.53,655.19,890.35,549.31,888.39,598.95,847.85,615.08,877.67,613.01,904.63,503.69,895.39,550.34,868.74,567.60,892.23,565.99,918.56,467.53,910.86,504.71,893.59,521.70,911.01,523.81,932.39
EK_0078_P02_09_frame_0000088921_l.jpg,0,574.63,1062.53,675.24,1031.51,730.26,974.89,778.17,911.68,823.94,878.27,692.79,875.55,718.92,796.32,724.53,826.68,717.60,865.66,632.46,857.38,665.92,826.44,674.48,863.31,671.43,893.38,581.27,861.80,613.32,852.54,622.24,880.79,616.63,909.78,537.54,874.52,569.19,869.69,578.72,893.88,576.44,920.51
EK_0078_P02_09_frame_0000095422_r.jpg,0,303.39,1091.52,391.78,1074.30,450.74,1028.00,507.07,978.62,563.17,951.45,408.64,943.11,471.48,846.94,504.56,816.39,526.27,811.78,350.33,922.05,409.15,813.71,449.87,792.90,474.00,802.15,299.78,918.93,347.30,819.15,387.75,799.83,413.17,805.84,259.43,929.40,276.84,844.52,307.26,817.45,334.85,812.09
EK_0078_P02_09_frame_0000096686_r.jpg,0,1724.20,922.53,1625.13,891.65,1563.31,811.38,1523.61,729.83,1507.08,667.24,1656.52,702.61,1628.35,582.39,1580.20,587.86,1554.84,620.53,1711.07,700.79,1653.21,620.81,1600.56,634.46,1577.74,661.38,1740.71,716.64,1673.70,661.67,1631.43,666.98,1611.29,689.50,1753.23,732.05,1693.10,687.96,1655.71,688.20,1637.27,703.99
EK_0078_P02_09_frame_0000096996_r.jpg,0,1328.38,880.88,1268.97,881.10,1232.89,852.89,1216.40,825.29,1197.43,809.71,1246.77,788.84,1220.56,744.86,1206.62,727.60,1193.59,721.38,1280.29,776.75,1255.87,727.17,1237.08,712.19,1220.45,709.72,1309.98,779.41,1284.42,761.12,1266.11,770.60,1257.22,779.23,1335.13,789.57,1309.76,777.89,1293.25,788.15,1288.32,798.43
EK_0078_P02_09_frame_0000097322_l.jpg,0,932.42,466.75,1052.53,497.62,1133.65,511.34,1194.90,544.39,1250.08,575.86,1162.34,357.28,1227.48,340.02,1255.90,348.14,1268.05,354.78,1119.50,343.05,1179.45,331.42,1208.09,349.02,1225.16,366.72,1081.02,344.27,1133.16,337.11,1164.31,349.14,1182.96,365.27,1051.75,348.60,1093.49,344.53,1121.82,353.58,1139.35,366.39
EK_0078_P02_09_frame_0000097442_l.jpg,0,634.45,623.18,766.59,579.10,861.64,496.20,954.04,457.55,1047.88,451.77,753.93,312.61,875.31,256.38,951.90,259.24,998.25,274.34,705.49,324.35,838.77,306.02,910.20,350.85,952.58,393.91,675.16,355.57,787.20,346.07,847.56,388.81,886.58,434.55,662.77,383.32,750.05,373.67,800.45,403.79,832.65,438.75
EK_0078_P02_09_frame_0000099203_l.jpg,0,518.45,639.85,659.98,595.45,757.90,489.77,805.13,366.43,847.59,265.79,624.80,441.90,642.72,239.06,702.19,159.39,751.80,136.46,516.99,405.94,535.48,169.82,623.65,90.02,701.99,86.06,448.95,377.88,469.40,171.84,558.98,111.11,637.76,105.10,415.21,364.22,444.00,211.17,512.47,161.08,577.64,150.65
EK_0078_P02_09_frame_0000099271_l.jpg,0,622.87,271.34,709.63,248.88,754.61,193.48,772.35,154.63,789.44,137.38,678.70,92.23,709.85,26.78,747.29,48.06,764.47,79.18,638.46,103.06,695.83,66.21,741.31,94.86,758.52,124.44,615.77,125.56,656.40,95.56,700.96,114.53,724.67,140.91,602.12,151.16,623.35,123.31,650.72,132.57,667.02,156.16
EK_0078_P02_09_frame_0000100757_r.jpg,0,1044.48,1028.96,1115.63,1019.64,1174.66,970.19,1229.82,939.54,1277.21,931.46,1105.33,868.88,1165.54,799.46,1210.05,771.04,1243.96,752.65,1075.57,855.84,1135.02,780.78,1187.16,757.80,1226.50,752.36,1060.95,856.79,1107.21,786.58,1153.92,764.65,1191.21,757.95,1059.40,862.62,1093.93,801.82,1125.64,778.90,1155.82,768.33
EK_0078_P02_09_frame_0000100757_r.jpg,1,1487.58,1034.65,1397.59,1029.18,1341.89,984.82,1328.69,928.69,1324.14,876.27,1385.26,937.14,1325.98,848.65,1292.39,835.47,1280.03,850.18,1436.72,908.37,1370.59,815.69,1332.40,813.99,1322.06,837.16,1469.23,889.46,1407.15,809.20,1367.91,810.19,1351.01,827.78,1487.16,881.09,1442.74,824.59,1403.87,812.95,1384.09,821.22
EK_0078_P02_09_frame_0000100918_l.jpg,0,1437.37,379.86,1281.37,422.54,1146.62,332.11,1043.59,229.29,951.06,153.17,1235.74,92.83,1021.89,67.45,947.39,145.84,923.25,223.45,1285.15,52.78,1064.16,90.46,989.63,204.62,970.66,302.22,1307.31,52.47,1108.25,106.65,1048.62,206.76,1040.50,292.31,1307.81,59.15,1167.14,111.61,1110.30,190.07,1092.43,256.58
EK_0078_P02_09_frame_0000100918_l.jpg,1,660.41,605.70,735.80,581.84,819.82,536.52,917.99,515.96,1003.18,486.44,751.99,337.19,854.31,285.79,922.49,284.61,958.37,288.93,743.01,341.89,853.68,330.92,912.49,379.28,936.88,432.30,744.46,366.10,844.05,365.33,891.08,410.59,914.17,452.88,752.14,393.40,836.40,388.38,876.46,419.16,898.39,451.32
EK_0078_P02_09_frame_0000101203_r.jpg,0,1559.92,374.40,1423.67,442.47,1274.24,391.11,1135.33,304.68,1025.30,236.59,1310.48,117.90,1046.63,125.04,993.46,222.41,999.75,298.18,1338.02,52.23,1097.60,109.39,1091.59,234.60,1134.72,304.82,1348.53,40.24,1144.12,116.08,1150.50,220.73,1199.33,282.40,1342.60,42.68,1205.49,106.87,1199.76,196.27,1229.42,247.13
EK_0078_P02_09_frame_0000101203_r.jpg,1,711.14,706.00,779.33,688.23,854.37,641.52,940.48,610.56,1014.05,579.91,759.31,422.75,864.00,348.94,945.91,337.71,1003.73,344.05,749.79,422.36,869.91,382.23,943.82,402.50,988.78,433.60,759.59,441.61,868.33,415.35,930.42,436.29,971.87,462.13,777.85,465.37,867.34,443.11,916.97,458.63,952.38,480.02
EK_0078_P02_09_frame_0000101519_l.jpg,0,940.81,948.66,1018.36,971.46,1089.36,961.05,1147.73,959.69,1190.79,971.26,1077.46,850.04,1152.22,805.75,1189.41,790.36,1216.04,783.16,1044.73,812.33,1124.05,777.95,1161.66,788.26,1178.08,807.57,1013.07,795.75,1081.56,751.58,1124.40,756.09,1147.32,772.80,986.71,791.71,1019.57,739.31,1050.95,733.43,1074.04,743.15
EK_0078_P02_09_frame_0000101704_l.jpg,0,943.62,994.86,1025.33,1007.32,1090.25,990.70,1148.20,986.76,1193.01,993.58,1071.68,883.39,1143.91,837.57,1180.80,821.43,1204.35,815.09,1035.14,853.18,1109.33,807.54,1149.85,807.45,1172.67,815.00,1004.59,842.28,1067.33,793.80,1109.92,790.89,1134.06,797.64,981.54,839.05,1014.07,789.68,1042.63,780.28,1063.72,783.62
EK_0078_P02_09_frame_0000102812_r.jpg,0,308.47,651.95,382.46,641.89,414.29,554.77,438.24,468.83,462.61,385.38,331.53,414.63,371.46,286.24,442.14,274.81,479.30,303.98,304.57,409.09,362.13,283.22,440.15,282.43,482.22,310.28,301.03,413.45,360.26,305.53,427.38,300.60,465.74,321.50,309.28,422.83,358.43,332.85,413.86,322.10,447.73,338.36
EK_0078_P02_09_frame_0000102975_r.jpg,0,300.06,713.55,379.77,694.81,407.09,603.64,423.35,515.43,446.30,433.72,325.47,459.96,360.51,331.75,429.52,321.03,466.69,352.66,298.27,459.26,359.33,339.90,432.33,342.74,469.82,374.11,295.52,469.21,357.63,373.05,420.90,373.13,454.79,396.57,302.27,484.65,355.43,409.80,407.89,403.01,438.49,421.55
EK_0078_P02_09_frame_0000102975_r.jpg,1,1298.80,767.38,1195.42,763.41,1142.60,705.30,1119.40,647.10,1100.79,612.34,1161.52,599.30,1118.16,549.06,1099.89,574.93,1105.95,605.92,1216.97,577.56,1168.12,521.32,1152.82,560.22,1155.81,585.99,1262.10,575.55,1224.43,510.16,1203.56,537.99,1208.11,565.47,1299.23,589.50,1267.65,534.69,1244.26,545.10,1245.58,565.14
EK_0078_P02_09_frame_0000103015_r.jpg,0,293.86,724.48,366.17,708.57,393.23,618.50,407.46,532.77,428.40,449.78,312.71,477.40,342.53,351.89,410.09,336.67,448.62,365.23,287.93,475.09,348.06,358.04,422.84,360.51,462.75,389.42,285.48,481.83,347.75,387.12,412.83,387.49,449.28,409.24,293.32,495.02,348.39,422.65,400.84,416.64,431.17,432.66
EK_0078_P02_09_frame_0000103015_r.jpg,1,1253.77,747.00,1148.06,735.86,1096.73,676.89,1065.96,614.73,1043.65,573.67,1114.25,600.51,1048.39,519.60,1031.26,545.84,1040.99,577.05,1166.08,568.53,1094.44,486.19,1075.54,523.92,1085.70,556.97,1215.21,556.21,1157.53,468.28,1139.04,506.16,1149.32,539.79,1258.55,563.63,1222.09,499.10,1200.18,518.77,1207.03,545.72
EK_0078_P02_09_frame_0000103270_l.jpg,0,511.55,791.79,584.48,772.15,608.12,687.61,620.79,605.51,629.98,523.60,527.55,569.36,546.38,449.74,607.67,430.54,641.82,455.94,499.50,573.45,548.70,463.10,616.87,464.94,651.50,491.46,493.35,585.65,544.59,498.27,602.67,496.92,633.34,518.94,498.16,600.22,542.16,530.22,592.69,525.57,621.65,545.49
EK_0078_P02_09_frame_0000103753_r.jpg,0,1465.74,1171.63,1411.56,1123.51,1391.53,1041.57,1375.76,965.34,1361.31,908.17,1478.55,976.89,1448.61,874.16,1396.48,878.03,1364.42,904.55,1503.26,987.05,1452.35,908.07,1400.48,915.97,1370.81,937.12,1506.90,1002.94,1449.15,940.06,1406.77,949.31,1381.77,969.42,1500.64,1016.49,1454.37,965.38,1415.94,966.54,1391.12,981.14
EK_0078_P02_09_frame_0000105057_l.jpg,0,878.11,938.03,935.47,897.60,961.05,848.08,976.96,813.60,991.69,787.16,888.92,799.77,914.50,762.13,943.11,758.03,962.26,764.87,863.72,814.85,903.42,787.33,940.85,785.97,969.88,797.42,852.51,834.86,897.06,818.28,936.46,812.97,966.94,821.66,848.95,853.52,890.11,845.03,924.80,841.98,954.84,845.27
EK_0078_P02_09_frame_0000106325_l.jpg,0,831.60,670.85,925.73,673.64,988.60,637.45,1046.41,611.85,1095.08,621.83,976.25,516.06,1010.84,450.36,1014.61,462.70,1014.77,483.98,923.67,497.15,957.45,455.41,966.30,482.21,967.36,510.65,874.76,498.91,904.44,493.16,912.15,521.70,907.54,551.20,834.43,510.55,858.11,512.34,869.93,534.62,870.34,560.49
EK_0078_P02_09_frame_0000123769_r.jpg,0,329.83,1111.03,407.65,1072.52,440.90,1009.79,466.66,950.53,499.96,911.99,377.77,942.21,393.92,833.83,408.23,778.79,422.56,742.08,319.37,943.04,330.66,823.36,349.62,762.34,367.51,723.90,272.63,954.67,274.43,843.08,289.87,785.44,306.53,745.30,239.66,975.41,222.18,894.05,220.78,847.91,225.48,811.47
EK_0078_P02_09_frame_0000126188_l.jpg,0,528.94,622.05,608.52,602.40,643.37,557.55,667.40,514.40,698.32,495.52,629.08,478.30,655.48,418.65,665.12,399.58,669.95,397.58,577.84,460.83,596.83,403.99,604.66,415.68,606.26,437.98,536.16,464.65,552.01,421.99,562.01,437.97,563.05,462.32,499.38,479.21,507.70,464.54,517.72,476.62,520.29,497.26
EK_0078_P02_09_frame_0000126218_l.jpg,0,380.17,750.36,461.42,723.84,497.63,664.86,519.32,608.90,538.32,573.04,457.32,590.52,450.64,519.92,459.82,533.40,464.59,557.49,413.95,585.49,426.36,545.60,439.37,568.69,442.30,593.05,377.93,595.39,398.70,572.99,408.59,590.28,408.08,613.11,350.13,609.65,375.22,597.45,384.92,614.27,384.37,635.05
EK_0078_P02_09_frame_0000126609_r.jpg,0,1412.79,469.33,1355.84,403.40,1317.44,354.31,1272.43,330.86,1238.84,316.08,1375.27,284.10,1348.77,250.63,1326.78,248.75,1305.90,254.59,1370.21,317.64,1314.28,318.34,1272.22,346.91,1245.71,382.97,1361.96,354.34,1309.04,356.66,1273.72,383.83,1253.88,409.78,1357.71,383.02,1315.56,385.02,1290.75,400.63,1278.74,415.64
EK_0078_P02_09_frame_0000126711_l.jpg,0,832.32,383.40,909.60,327.89,943.36,270.99,981.63,232.35,1013.06,217.03,835.28,175.63,828.47,101.68,852.41,98.01,877.39,114.57,788.94,191.81,821.10,156.83,848.89,178.92,864.41,199.61,761.81,224.62,790.55,194.09,814.93,205.45,830.97,227.92,750.53,257.01,770.01,229.02,794.16,234.81,810.63,253.58
EK_0078_P02_09_frame_0000126939_r.jpg,0,1509.92,1046.69,1483.57,981.30,1476.02,924.44,1462.02,881.44,1444.54,845.03,1570.87,906.01,1559.56,857.55,1544.36,831.13,1533.03,816.93,1579.40,927.18,1567.40,886.32,1546.22,866.75,1532.73,854.86,1575.56,946.76,1563.10,913.68,1548.33,895.76,1534.03,886.91,1564.86,962.98,1556.65,929.52,1545.37,914.98,1533.16,907.38
EK_0078_P02_09_frame_0000127780_l.jpg,0,763.27,1013.48,860.35,983.51,905.52,920.11,937.56,860.04,980.51,829.91,889.07,844.46,956.88,756.71,984.23,715.40,999.66,689.60,830.50,819.46,885.30,720.48,915.27,700.61,928.58,703.16,773.40,816.17,816.32,718.03,846.88,708.20,861.59,720.82,720.46,830.96,730.91,748.60,758.64,740.89,780.06,757.19
EK_0078_P02_09_frame_0000127900_l.jpg,0,410.27,519.14,499.26,496.77,537.31,464.39,560.68,431.62,580.57,402.48,509.53,378.87,513.88,327.22,517.63,327.56,518.96,341.02,467.70,375.90,479.45,349.59,489.11,367.24,492.12,382.54,432.46,386.03,450.88,377.08,461.30,394.34,463.70,409.78,401.85,399.30,423.26,396.69,431.44,410.98,432.91,427.36
EK_0086_P04_13_frame_0000000515_r.jpg,0,1177.96,754.32,1120.76,752.00,1095.82,727.28,1097.90,705.91,1108.15,696.21,1126.03,653.89,1127.02,608.37,1125.60,605.72,1127.20,615.66,1160.55,649.09,1160.05,601.48,1154.48,604.15,1152.96,616.47,1188.30,655.58,1190.60,613.61,1182.86,615.39,1179.58,625.53,1209.29,669.71,1210.83,635.53,1203.40,633.59,1199.12,641.70
EK_0086_P04_13_frame_0000000765_l.jpg,0,795.29,844.45,846.49,823.26,899.48,771.35,963.63,737.38,1014.04,714.33,819.78,671.96,858.52,601.86,911.88,579.31,955.85,572.36,806.24,666.86,851.84,593.99,910.30,577.87,961.20,575.17,799.03,667.71,842.26,592.51,899.55,576.83,947.22,579.03,797.35,674.46,839.36,605.69,882.27,588.73,918.29,587.00
EK_0086_P04_13_frame_0000001356_r.jpg,0,1148.32,658.50,1073.13,685.20,1016.95,680.41,970.55,681.39,937.81,692.22,990.32,585.83,950.06,552.51,961.40,571.98,979.97,591.49,1022.96,550.16,998.96,551.73,1009.34,575.11,1025.38,589.23,1063.23,533.65,1040.79,547.09,1049.87,566.75,1066.31,582.78,1098.88,525.25,1079.15,536.96,1085.10,553.92,1098.65,567.71
EK_0086_P04_13_frame_0000001356_r.jpg,1,815.40,794.94,876.39,766.23,919.44,721.11,958.08,681.68,989.81,649.78,851.70,658.28,899.29,602.89,939.59,593.21,969.32,596.05,837.98,661.17,892.26,617.82,933.82,608.82,969.18,608.97,833.87,671.08,882.18,643.04,917.08,636.17,948.51,637.86,837.26,682.68,870.44,660.92,899.29,657.44,925.32,662.72
EK_0086_P04_13_frame_0000001502_r.jpg,0,1585.24,623.53,1506.04,653.40,1395.14,650.01,1304.81,657.48,1233.39,677.36,1410.50,486.65,1270.51,481.36,1191.44,511.87,1135.00,535.25,1419.45,468.50,1298.02,530.46,1320.31,594.36,1361.66,604.22,1416.62,476.62,1314.30,538.24,1342.12,586.61,1375.34,588.16,1415.04,487.27,1349.05,534.32,1366.74,574.15,1397.39,590.91
EK_0086_P04_13_frame_0000001502_r.jpg,1,830.53,722.81,889.18,648.98,967.38,604.43,1047.23,588.37,1116.07,580.27,1056.93,595.18,1138.39,603.80,1182.36,618.88,1211.84,636.33,1046.41,642.94,1118.55,664.95,1146.94,691.69,1167.95,715.00,1025.96,691.52,1085.08,715.75,1108.64,736.81,1121.04,752.27,1004.86,737.98,1044.69,756.46,1060.88,768.99,1069.16,776.95
EK_0086_P04_13_frame_0000001778_l.jpg,0,1047.39,566.99,989.04,564.69,951.90,540.64,938.52,514.34,938.58,497.97,984.57,468.74,976.21,426.81,971.41,414.72,967.20,409.65,1018.31,465.49,1009.40,421.68,999.59,409.12,991.49,404.72,1042.71,472.35,1033.47,437.83,1023.51,423.25,1016.35,416.05,1060.31,483.78,1049.58,454.88,1040.87,441.72,1034.83,436.13
EK_0086_P04_13_frame_0000002480_r.jpg,0,862.86,901.13,942.09,854.31,989.64,775.51,1031.52,721.03,1057.04,682.30,844.97,730.48,843.93,614.19,894.05,582.23,938.20,577.04,812.14,736.18,822.93,615.80,880.36,590.03,926.66,594.17,802.84,744.66,821.60,643.33,869.75,617.83,909.52,617.91,808.58,751.46,825.48,677.16,861.18,654.76,893.94,651.44
EK_0086_P04_13_frame_0000002480_r.jpg,1,1296.62,752.95,1202.22,753.31,1116.44,694.34,1055.45,643.32,1031.41,608.87,1193.12,571.40,1106.55,522.58,1061.96,553.40,1040.16,589.38,1227.22,564.95,1131.62,552.60,1085.65,596.26,1071.16,636.63,1243.90,578.87,1152.23,581.76,1113.69,619.27,1101.84,655.85,1250.98,597.00,1183.84,595.74,1146.65,621.81,1130.22,654.57
EK_0086_P04_13_frame_0000002623_l.jpg,0,1339.22,700.02,1242.06,673.21,1163.65,614.86,1103.87,576.54,1082.82,549.63,1239.12,497.24,1161.98,468.64,1120.99,501.28,1097.07,537.99,1268.58,508.32,1184.66,498.58,1132.48,531.88,1103.47,572.85,1283.65,533.02,1202.73,532.10,1154.01,557.62,1127.18,590.26,1291.48,559.14,1229.30,557.78,1188.15,575.70,1161.37,602.09
EK_0086_P04_13_frame_0000002623_l.jpg,1,882.54,885.38,952.62,831.53,991.39,758.18,1036.06,703.66,1073.62,664.42,852.78,711.89,847.41,603.03,894.84,575.92,936.62,574.91,824.70,721.11,829.28,612.64,878.83,592.49,918.94,596.50,816.80,733.92,825.04,645.40,865.32,625.87,899.90,628.58,822.42,742.90,826.64,676.00,856.01,656.52,884.73,654.50
EK_0086_P04_13_frame_0000003227_r.jpg,0,832.61,839.91,908.66,789.95,945.85,714.06,983.68,661.11,1024.34,631.76,832.02,639.21,880.01,558.90,918.10,528.83,945.79,509.16,790.64,649.47,841.20,568.96,884.47,545.77,918.05,537.81,769.52,670.80,810.15,601.90,846.72,576.46,877.38,568.25,765.79,691.93,792.56,633.29,819.24,607.63,844.81,597.04
EK_0086_P04_13_frame_0000003227_r.jpg,1,1357.56,689.02,1256.01,656.34,1183.17,580.54,1128.40,526.61,1098.29,488.43,1300.43,471.87,1199.72,438.43,1135.78,468.40,1093.72,499.81,1333.16,476.79,1198.56,482.98,1132.17,540.97,1097.83,594.91,1345.32,495.93,1213.24,510.74,1157.64,560.32,1132.48,608.96,1350.05,518.44,1255.10,529.95,1205.87,562.52,1179.02,599.29
EK_0086_P04_13_frame_0000003785_l.jpg,0,789.64,984.06,858.65,941.34,888.92,875.58,911.76,825.43,937.40,785.78,803.26,807.01,847.28,744.51,890.32,737.25,919.69,738.94,771.07,813.54,820.15,749.13,865.01,747.54,897.09,759.81,755.93,829.08,800.52,774.63,840.83,770.62,871.00,781.42,755.10,846.53,787.03,806.25,818.97,796.71,846.82,798.77
EK_0086_P04_13_frame_0000003785_l.jpg,1,1083.02,560.73,1021.07,594.87,960.45,595.51,920.74,594.01,889.76,598.26,955.00,499.90,896.35,505.81,867.31,516.71,847.30,523.01,982.77,476.50,927.82,471.26,903.55,489.31,893.63,503.55,1010.67,473.19,964.09,468.18,937.19,485.30,927.39,500.85,1036.13,479.36,996.82,479.75,972.90,494.96,963.39,510.68
EK_0086_P04_13_frame_0000004175_l.jpg,0,903.40,673.44,972.13,633.18,1016.97,579.91,1058.05,551.61,1092.58,538.85,932.63,492.35,977.21,449.15,1003.44,443.78,1020.17,444.38,887.41,502.43,929.28,462.33,960.66,457.85,980.13,464.56,855.95,528.58,888.63,491.57,918.09,480.69,936.90,485.67,840.51,559.87,868.35,533.11,892.90,525.69,909.46,530.95
EK_0086_P04_13_frame_0000004175_l.jpg,1,1368.37,575.81,1294.03,537.58,1243.63,477.82,1202.76,436.24,1177.40,407.73,1321.32,392.06,1253.04,373.12,1208.99,391.04,1180.22,412.66,1341.52,408.64,1256.59,411.83,1212.57,458.83,1191.30,504.87,1348.04,432.23,1270.89,435.89,1231.18,477.88,1213.31,520.07,1352.43,451.19,1293.37,459.84,1259.14,484.39,1238.87,509.58
EK_0086_P04_13_frame_0000004776_l.jpg,0,875.81,819.31,944.14,769.75,981.41,694.42,1023.94,644.52,1060.58,608.98,862.29,629.93,904.18,549.08,943.31,522.22,972.86,508.94,821.68,643.55,865.69,564.29,907.80,544.86,940.68,544.95,800.79,667.98,837.81,601.47,871.04,578.76,897.27,574.40,797.35,692.10,825.30,637.69,851.55,618.23,873.85,613.79
EK_0086_P04_13_frame_0000004776_l.jpg,1,1364.06,702.24,1273.68,653.89,1214.08,572.35,1165.07,514.81,1127.35,477.42,1329.11,485.42,1255.97,419.26,1197.47,423.53,1152.18,438.70,1358.60,493.33,1255.24,461.86,1187.16,489.57,1145.28,526.21,1368.17,514.81,1269.09,503.45,1214.04,528.36,1182.92,559.41,1367.82,535.39,1295.24,529.31,1245.10,546.15,1213.96,571.79
EK_0086_P04_13_frame_0000004852_r.jpg,0,851.27,773.48,919.77,703.90,952.82,630.47,992.65,585.58,1030.32,557.59,837.59,569.86,872.90,502.11,907.92,488.26,932.47,487.43,801.44,592.70,840.61,540.64,880.47,530.88,911.41,534.40,784.09,624.18,816.19,582.78,851.37,568.40,880.91,569.38,783.28,652.54,808.26,615.26,836.30,600.97,860.93,602.12
EK_0086_P04_13_frame_0000004852_r.jpg,1,1427.19,601.64,1346.12,574.59,1307.95,507.35,1295.63,444.80,1286.30,403.69,1386.25,458.17,1336.38,377.43,1297.49,372.70,1273.17,382.59,1424.18,448.90,1364.45,381.06,1326.24,391.18,1308.26,410.14,1443.34,450.03,1383.07,396.97,1352.01,408.21,1340.47,426.54,1449.71,454.81,1397.90,416.35,1372.60,422.26,1364.51,440.02
EK_0086_P04_13_frame_0000005102_r.jpg,0,785.32,894.23,831.29,850.57,851.58,788.50,876.69,741.13,899.93,703.95,762.64,748.68,781.09,684.89,813.34,665.05,838.80,660.72,746.60,758.83,770.70,703.60,805.37,684.78,837.16,680.45,742.26,771.19,766.89,726.06,794.48,706.41,821.71,697.95,747.52,780.50,764.26,739.10,785.71,719.17,808.01,708.70
EK_0086_P04_13_frame_0000005102_r.jpg,1,1114.78,593.41,1040.49,604.11,984.86,574.69,946.04,548.05,914.88,538.98,988.34,480.13,951.00,428.92,944.27,413.27,944.79,415.59,1030.32,454.74,1012.29,394.20,1006.56,392.43,1005.75,410.41,1072.86,450.48,1059.59,445.47,1061.83,471.82,1065.83,493.46,1110.32,455.74,1099.26,461.68,1098.28,480.86,1101.98,500.11
EK_0086_P04_13_frame_0000005332_r.jpg,0,1403.60,589.96,1381.06,528.47,1343.12,462.32,1302.97,415.53,1279.09,383.25,1399.69,405.36,1362.26,347.96,1326.70,353.40,1299.83,372.64,1373.54,428.08,1310.35,410.73,1270.89,446.51,1252.11,486.77,1351.27,453.04,1291.35,439.95,1264.18,480.34,1254.83,519.27,1336.70,474.23,1293.42,462.63,1271.95,483.64,1265.47,506.14
EK_0086_P04_13_frame_0000005332_r.jpg,1,764.60,796.81,829.44,723.25,861.48,642.04,903.39,587.79,943.92,559.50,726.95,586.69,774.38,505.30,822.95,497.78,854.84,506.81,689.44,611.80,747.00,556.04,796.42,552.06,829.77,562.86,673.92,645.78,721.28,600.70,762.55,590.91,795.21,598.74,673.16,674.59,707.55,636.48,739.77,625.65,766.44,631.83
EK_0086_P04_13_frame_0000006829_l.jpg,0,1296.57,596.46,1196.50,597.32,1140.25,538.49,1116.10,467.53,1093.65,421.63,1186.90,444.72,1172.54,339.67,1135.73,348.91,1123.84,378.18,1232.47,431.28,1193.26,338.81,1152.07,354.61,1141.38,379.16,1260.89,433.19,1215.52,364.87,1179.68,375.16,1169.75,394.98,1276.93,439.39,1232.13,390.93,1199.09,392.69,1186.58,407.01
EK_0086_P04_13_frame_0000007521_r.jpg,0,1011.51,488.78,1079.02,456.38,1130.20,411.66,1171.11,377.05,1207.37,358.26,1080.37,341.93,1143.10,342.65,1166.00,381.22,1173.76,411.47,1054.52,353.55,1125.58,360.39,1151.94,399.00,1164.13,433.46,1041.10,372.05,1106.42,381.27,1134.46,411.30,1148.24,439.19,1033.35,389.06,1083.00,395.90,1112.68,413.14,1132.44,430.99
EK_0086_P04_13_frame_0000008860_l.jpg,0,958.44,962.90,1010.27,873.45,1040.15,817.63,1059.17,776.13,1072.87,744.10,999.75,801.01,1012.25,771.10,1029.32,763.03,1039.56,761.23,1001.44,837.96,1040.61,818.01,1065.26,832.95,1073.41,855.79,1007.51,870.97,1047.73,862.03,1069.41,873.99,1075.16,892.50,1012.81,899.27,1041.49,898.36,1056.77,905.03,1060.79,918.48
EK_0086_P04_13_frame_0000009200_l.jpg,0,1486.85,560.63,1377.86,585.96,1311.82,558.68,1283.95,521.70,1267.00,503.99,1284.96,465.67,1228.45,457.22,1219.91,469.70,1222.08,478.31,1330.20,425.81,1295.35,439.68,1296.19,472.77,1307.85,497.71,1383.79,411.16,1357.79,437.64,1363.30,470.61,1378.75,493.17,1425.48,406.02,1403.41,431.82,1405.24,458.66,1418.95,479.33
EK_0086_P04_13_frame_0000009200_l.jpg,1,942.49,969.33,998.12,874.91,1032.15,815.90,1052.19,774.94,1070.30,745.51,1005.17,794.39,1030.76,768.62,1053.96,765.53,1064.50,769.89,1001.28,829.91,1048.76,810.31,1073.15,828.36,1078.65,852.96,1000.89,864.72,1045.85,859.00,1066.11,874.77,1069.41,893.08,999.47,896.90,1031.29,901.20,1047.48,909.42,1051.19,922.30
EK_0086_P04_13_frame_0000010091_l.jpg,0,959.38,853.72,1044.33,930.51,1128.96,946.33,1204.25,918.11,1251.75,856.07,1007.63,753.31,1026.06,649.84,1087.73,594.64,1159.01,543.16,975.83,653.79,961.01,509.22,1009.78,434.52,1066.76,367.74,977.97,583.70,965.05,446.77,1010.65,371.85,1058.91,310.80,1002.80,542.34,1012.67,419.97,1040.00,358.05,1077.39,312.56
EK_0086_P04_13_frame_0000010199_l.jpg,0,915.74,934.69,994.77,1009.73,1078.55,1026.24,1164.90,1011.83,1237.22,972.20,1001.63,846.46,1056.07,754.05,1132.72,706.19,1211.27,668.31,970.35,756.16,1009.91,611.84,1076.76,535.81,1137.92,479.13,965.05,703.55,1000.13,576.81,1058.73,506.76,1110.08,449.95,974.55,683.58,1005.94,573.04,1041.80,511.91,1080.34,465.92
EK_0086_P04_13_frame_0000013284_l.jpg,0,1413.98,404.22,1321.83,404.63,1266.14,360.18,1235.49,318.08,1210.74,297.47,1298.41,258.51,1246.61,244.96,1231.30,273.66,1232.08,296.08,1344.28,244.98,1285.92,231.00,1265.40,262.54,1264.35,287.70,1380.63,253.48,1328.04,238.81,1304.61,260.81,1303.17,282.70,1408.47,270.04,1366.59,259.22,1342.28,272.92,1335.96,290.38
EK_0086_P04_13_frame_0000013284_l.jpg,1,801.33,886.13,875.33,805.88,913.28,755.53,940.38,725.03,963.03,696.72,867.28,733.61,884.67,705.22,902.63,695.12,911.36,691.15,864.96,761.72,902.66,742.78,929.64,746.93,946.42,754.92,868.94,792.97,912.82,790.88,936.67,801.42,949.20,813.57,876.05,819.64,905.71,827.80,921.64,835.17,930.95,843.64
EK_0086_P04_13_frame_0000013607_r.jpg,0,840.92,879.76,914.16,796.62,953.65,748.39,978.49,718.94,1001.79,694.21,911.40,728.59,923.91,704.93,939.75,700.84,948.38,701.35,902.66,762.41,941.80,748.59,969.22,765.23,983.41,786.59,900.45,794.79,939.37,790.83,965.11,804.64,979.90,822.26,898.75,822.83,928.60,827.34,947.66,836.20,960.30,848.83
EK_0086_P04_13_frame_0000015393_l.jpg,0,1339.57,1034.24,1245.59,1079.83,1166.44,1068.68,1114.12,1035.81,1083.36,1007.53,1135.56,1017.42,1022.74,1004.19,969.29,992.25,928.79,978.81,1147.44,956.90,1024.55,953.26,966.10,949.77,921.63,941.84,1165.61,913.50,1050.03,901.27,987.52,901.98,943.00,903.04,1187.31,889.05,1104.97,893.17,1066.31,909.61,1043.54,922.38
EK_0086_P04_13_frame_0000015989_l.jpg,0,790.01,847.10,779.23,779.67,786.97,729.40,821.78,704.82,858.21,712.89,845.29,735.75,881.01,707.77,856.56,716.87,836.79,732.62,862.02,761.23,893.57,736.41,858.60,750.14,838.03,767.97,874.22,788.18,901.47,764.96,866.75,776.25,846.78,792.03,883.99,820.08,901.39,796.26,873.79,798.23,856.00,808.34
EK_0086_P04_13_frame_0000017989_l.jpg,0,1379.71,813.54,1304.85,748.40,1254.89,679.18,1200.91,634.02,1156.38,590.44,1381.72,597.80,1404.07,518.40,1402.90,467.33,1395.43,435.80,1402.35,614.87,1427.45,534.01,1412.80,495.68,1395.61,469.92,1411.21,633.84,1429.17,566.15,1420.52,531.21,1408.34,513.01,1406.17,650.69,1420.06,600.79,1415.41,567.95,1414.80,543.79
EK_0086_P04_13_frame_0000017989_l.jpg,1,926.75,714.33,1031.25,691.38,1091.82,640.87,1114.79,592.60,1101.85,560.24,1002.18,520.51,1023.73,425.95,1057.10,412.84,1067.20,430.16,950.19,517.99,980.69,411.81,1019.51,404.99,1039.55,420.61,914.73,527.26,937.40,431.49,972.92,413.89,995.62,426.22,894.02,545.69,906.09,465.00,932.53,436.81,955.99,434.06
EK_0086_P04_13_frame_0000018169_r.jpg,0,1009.25,663.55,1094.89,644.97,1158.90,598.18,1190.57,567.28,1202.81,546.03,1048.12,485.64,1080.19,405.81,1117.54,396.76,1135.49,412.18,1012.21,485.48,1053.85,402.92,1097.86,405.28,1118.47,432.68,994.67,492.87,1027.00,418.24,1065.38,419.59,1085.39,440.15,990.18,503.02,1009.89,442.59,1038.35,435.43,1057.80,446.20
EK_0086_P04_13_frame_0000018169_r.jpg,1,1492.94,818.11,1401.06,770.33,1352.64,689.16,1301.10,633.36,1263.73,592.49,1491.83,607.51,1481.37,486.69,1455.36,425.10,1438.58,385.61,1540.83,612.92,1546.76,488.11,1499.34,450.27,1463.70,441.85,1564.80,625.71,1579.42,519.14,1532.34,487.44,1496.65,482.14,1564.65,637.53,1584.65,557.14,1555.88,519.86,1531.81,509.26
EK_0091_P06_03_frame_0000000470_r.jpg,0,571.26,889.55,613.22,797.53,676.61,738.24,734.83,708.35,774.53,695.96,658.73,688.98,705.70,655.35,724.76,676.26,726.33,704.61,679.16,733.31,736.23,697.74,751.34,722.16,750.60,750.68,695.08,775.18,740.31,750.55,754.30,763.65,755.68,785.58,709.78,814.06,743.57,791.27,754.60,798.06,756.42,812.99
EK_0091_P06_03_frame_0000000877_l.jpg,0,868.60,577.18,856.05,492.83,864.09,411.49,899.74,360.79,933.50,333.84,841.82,383.39,877.59,326.39,917.41,314.07,950.36,314.13,875.53,409.86,895.98,363.98,916.83,359.10,933.60,363.46,906.55,441.06,920.09,401.62,928.68,396.18,937.73,401.68,938.44,472.89,941.37,437.77,937.87,435.78,936.28,444.10
EK_0091_P06_03_frame_0000001041_l.jpg,0,649.71,957.29,695.15,911.11,701.92,854.44,696.40,816.58,694.84,795.07,647.38,822.77,651.34,772.24,663.89,764.85,674.66,765.64,624.48,839.64,644.18,805.84,662.91,803.53,677.76,807.31,614.61,860.09,635.79,831.61,654.55,827.49,667.41,830.73,611.99,877.80,629.14,850.28,645.88,845.54,659.80,849.64
EK_0091_P06_03_frame_0000003388_l.jpg,0,375.99,983.07,481.67,938.57,542.76,851.85,585.14,781.80,619.70,729.50,415.02,759.30,454.13,668.24,479.66,628.79,496.97,601.65,368.23,759.49,427.26,692.41,469.43,675.62,502.41,669.90,345.94,774.00,406.69,719.52,449.52,707.46,481.61,705.65,341.94,791.14,391.41,747.20,430.85,737.28,458.86,739.98
EK_0091_P06_03_frame_0000003724_r.jpg,0,714.64,557.70,763.82,537.99,828.91,509.70,898.72,513.08,962.05,519.33,849.45,385.37,884.90,305.09,912.76,243.08,929.28,197.06,862.52,411.99,929.48,397.21,978.64,421.84,1014.88,449.95,869.92,444.98,928.85,440.86,964.72,467.79,996.38,491.93,875.16,479.19,926.04,479.35,953.59,496.64,976.70,513.68
EK_0091_P06_03_frame_0000003724_r.jpg,1,1335.49,647.55,1242.08,586.49,1155.20,528.04,1087.77,498.30,1022.32,469.35,1228.93,438.52,1208.80,379.05,1199.27,346.07,1187.54,321.77,1241.25,472.09,1215.01,446.40,1194.08,436.80,1179.37,427.83,1248.49,514.61,1215.86,498.27,1188.96,487.83,1167.76,484.93,1252.86,553.91,1225.85,542.67,1205.32,536.59,1188.47,534.96
EK_0091_P06_03_frame_0000004099_r.jpg,0,1632.19,371.88,1574.18,323.55,1555.34,257.31,1543.97,205.43,1523.42,167.46,1667.27,202.90,1686.93,134.13,1668.22,100.51,1647.68,88.70,1690.63,223.14,1682.97,154.78,1651.59,127.46,1625.57,120.35,1693.03,241.36,1673.81,186.49,1643.91,162.57,1618.30,156.11,1689.05,252.76,1670.47,209.07,1647.57,190.99,1626.36,185.96
EK_0091_P06_03_frame_0000004283_r.jpg,0,1356.48,471.72,1279.48,475.24,1216.73,435.89,1174.11,396.76,1134.71,385.32,1258.46,332.62,1194.42,289.42,1169.65,281.57,1152.14,277.10,1292.53,317.80,1224.62,271.14,1192.25,275.16,1173.62,285.63,1314.07,320.62,1257.58,285.70,1228.57,294.08,1210.19,306.07,1324.56,328.20,1281.00,302.63,1255.84,306.30,1239.41,317.00
EK_0091_P06_03_frame_0000004445_l.jpg,0,519.23,899.83,585.88,867.41,614.58,811.11,632.30,772.73,650.17,744.37,553.57,762.23,589.65,724.57,619.86,723.07,639.64,729.85,529.33,772.38,571.55,748.32,606.06,748.99,632.40,756.89,515.81,790.56,556.62,772.81,589.25,770.97,615.26,777.71,511.94,808.87,548.40,794.24,575.44,794.77,597.27,802.24
EK_0091_P06_03_frame_0000004445_l.jpg,1,1489.81,499.39,1433.97,460.71,1418.90,396.48,1425.56,347.00,1429.77,315.03,1485.84,362.46,1518.06,314.16,1531.05,283.13,1537.40,264.53,1518.42,371.61,1546.61,314.66,1552.41,284.56,1553.42,265.34,1543.87,385.84,1573.44,333.50,1580.32,306.18,1581.57,288.86,1561.41,403.41,1586.46,363.86,1595.87,341.27,1600.22,326.14
EK_0091_P06_03_frame_0000005436_l.jpg,0,1328.80,683.71,1226.54,642.70,1172.07,539.64,1131.28,446.20,1093.12,374.62,1299.87,408.07,1173.69,329.52,1086.29,340.09,1024.65,363.18,1313.47,413.37,1152.06,384.51,1073.58,448.17,1032.90,512.24,1306.53,425.95,1158.28,408.03,1092.01,473.58,1058.63,533.77,1297.52,435.96,1188.78,446.24,1138.82,492.13,1110.25,535.20
EK_0091_P06_03_frame_0000005436_l.jpg,1,301.56,826.35,433.90,795.77,529.67,715.54,608.54,649.49,667.97,604.96,420.12,604.97,499.84,475.79,536.52,406.91,561.02,349.88,345.51,574.91,445.86,450.75,509.37,400.91,553.79,371.93,295.93,565.47,407.27,480.89,459.08,474.39,491.39,482.48,269.97,567.53,365.66,519.85,404.62,527.27,429.12,544.41
EK_0091_P06_03_frame_0000005928_l.jpg,0,1598.41,589.03,1377.44,696.46,1185.61,635.13,1056.42,521.46,997.08,434.99,1169.84,358.44,1015.89,363.08,1064.05,453.70,1131.10,477.08,1240.47,275.99,1091.62,321.84,1121.28,404.54,1179.94,425.56,1309.50,245.70,1167.46,284.07,1181.73,355.15,1239.66,385.50,1361.84,237.67,1242.99,263.22,1254.99,318.55,1306.03,345.72
EK_0091_P06_03_frame_0000005928_l.jpg,1,586.73,726.75,641.34,726.08,661.15,693.29,684.40,653.84,703.99,604.51,533.76,605.86,493.29,523.78,517.71,458.69,552.57,413.39,516.78,583.91,475.57,483.30,514.38,422.37,564.45,390.61,519.71,567.70,488.26,481.87,521.88,427.59,562.20,395.71,526.22,550.65,508.10,481.75,523.19,440.52,547.49,411.98
EK_0091_P06_03_frame_0000006524_l.jpg,0,601.90,408.32,665.21,319.95,669.82,248.32,683.95,204.04,693.60,169.68,521.16,222.24,469.39,165.87,466.27,131.60,476.60,115.76,499.02,255.99,467.19,193.80,480.28,162.96,494.24,147.13,492.19,286.36,475.50,234.36,491.58,209.35,509.12,201.82,496.45,308.42,487.42,264.45,504.69,247.45,523.94,243.98
EK_0091_P06_03_frame_0000007689_r.jpg,0,1534.65,689.83,1441.43,637.58,1384.77,557.09,1338.76,501.76,1300.17,466.39,1516.88,460.73,1439.43,405.67,1388.00,425.60,1353.50,453.27,1558.60,467.31,1460.58,435.08,1402.11,459.46,1366.33,495.50,1575.32,490.44,1481.52,466.76,1429.72,484.12,1395.27,517.92,1579.57,512.97,1514.35,495.90,1471.67,505.45,1439.02,529.73
EK_0091_P06_03_frame_0000007689_r.jpg,1,1075.94,721.89,1154.78,709.11,1219.74,661.58,1274.11,638.86,1322.16,624.05,1150.62,546.00,1209.50,494.68,1245.43,473.36,1270.25,463.17,1123.00,550.84,1202.37,553.17,1242.02,591.44,1265.83,628.21,1107.70,570.75,1178.27,572.22,1219.79,601.08,1244.27,629.11,1101.92,591.84,1158.00,584.89,1190.76,604.53,1210.26,624.81
EK_0091_P06_03_frame_0000007864_l.jpg,0,868.84,356.96,979.94,335.32,1039.76,257.36,1074.08,185.69,1108.44,141.48,963.63,140.08,1060.54,88.58,1116.59,83.52,1154.65,84.12,927.58,114.00,1038.39,57.61,1096.37,63.40,1135.36,71.53,910.82,110.01,1017.06,59.99,1072.83,61.18,1109.77,64.26,909.65,122.26,1000.03,85.72,1050.38,81.85,1083.77,83.15
EK_0091_P06_03_frame_0000007864_l.jpg,1,1562.19,402.51,1422.79,375.88,1363.72,282.98,1339.97,194.98,1302.84,155.97,1430.39,154.80,1334.89,100.11,1300.47,137.14,1296.27,168.43,1496.22,134.67,1399.13,97.63,1371.69,141.25,1373.51,176.22,1545.41,144.03,1458.46,118.58,1437.37,153.74,1444.53,190.18,1575.92,162.95,1505.87,140.42,1489.10,165.53,1495.01,195.24
EK_0091_P06_03_frame_0000008709_r.jpg,0,1473.19,437.72,1344.75,364.34,1268.14,271.86,1209.17,199.12,1175.64,129.26,1449.97,118.20,1409.15,7.09,1367.35,-37.34,1337.03,-57.15,1504.52,137.55,1437.05,49.30,1370.98,57.24,1333.59,74.73,1533.89,162.43,1464.13,87.07,1398.04,103.10,1354.97,136.37,1546.05,176.71,1489.73,125.82,1433.01,130.74,1392.33,152.96
EK_0091_P06_03_frame_0000009479_r.jpg,0,767.38,445.46,875.47,400.15,933.40,319.09,996.91,263.44,1058.73,221.26,801.12,192.22,832.25,79.53,872.60,54.13,896.87,58.60,761.13,200.66,812.35,108.00,859.38,93.63,891.83,96.19,740.53,222.28,792.83,149.01,836.90,141.17,864.34,151.36,730.96,240.93,775.31,182.81,814.60,179.02,841.11,191.18
EK_0091_P06_03_frame_0000009479_r.jpg,1,1460.89,600.84,1365.48,538.70,1327.59,440.45,1300.48,363.50,1285.10,310.98,1464.01,356.15,1396.78,284.08,1333.92,283.21,1289.83,300.19,1494.52,372.17,1420.72,297.23,1352.05,302.28,1305.43,322.17,1501.22,391.33,1433.38,327.53,1371.81,328.45,1330.91,344.71,1500.07,404.24,1440.56,365.67,1393.20,360.61,1358.65,365.17
EK_0091_P06_03_frame_0000009761_r.jpg,0,1406.86,212.43,1307.36,240.69,1228.13,208.42,1171.75,178.43,1131.52,176.39,1231.68,72.15,1177.17,38.98,1162.27,65.59,1168.45,100.44,1282.15,37.44,1235.65,41.92,1226.42,76.70,1233.57,104.67,1332.55,31.42,1286.48,34.42,1274.63,61.00,1280.75,90.33,1375.54,37.57,1336.66,42.19,1325.23,62.53,1328.83,87.50
EK_0091_P06_03_frame_0000009761_r.jpg,1,467.33,908.06,529.79,874.58,553.01,819.83,567.29,780.85,582.94,748.39,490.57,779.84,520.75,735.91,548.73,730.97,567.44,735.42,468.90,790.02,507.43,758.65,540.88,756.04,566.73,762.88,459.36,806.44,497.93,784.63,529.43,780.08,554.40,784.15,458.73,822.89,490.71,803.94,516.70,801.71,538.12,807.73
EK_0091_P06_03_frame_0000009985_r.jpg,0,1284.51,894.92,1231.63,868.10,1215.54,822.17,1213.24,790.61,1206.06,775.17,1264.38,771.15,1269.14,728.06,1257.29,723.34,1248.81,731.37,1297.25,780.41,1296.27,740.65,1279.37,737.24,1267.97,746.79,1319.04,797.14,1319.59,759.76,1305.16,753.04,1294.13,759.37,1330.26,815.84,1322.61,791.16,1309.53,783.78,1299.15,787.67
EK_0091_P06_03_frame_0000010415_r.jpg,0,1522.82,968.01,1407.70,977.24,1319.54,910.40,1261.80,851.69,1206.41,819.13,1384.77,791.70,1323.05,682.90,1282.88,645.18,1252.93,628.92,1445.95,761.72,1382.96,640.38,1335.24,620.11,1303.50,623.80,1485.77,753.84,1435.75,643.96,1388.12,622.56,1355.90,622.56,1507.30,755.35,1463.93,669.76,1424.88,644.64,1396.18,638.61
EK_0091_P06_03_frame_0000011953_r.jpg,0,1275.54,593.57,1253.87,530.74,1250.86,477.44,1244.91,443.29,1239.38,419.09,1310.40,464.29,1273.11,429.72,1239.36,428.72,1221.38,436.49,1298.10,489.55,1260.66,465.28,1223.83,456.75,1197.55,458.83,1284.43,516.08,1249.58,494.28,1214.92,484.50,1190.09,476.89,1271.04,538.05,1239.76,520.60,1212.50,514.87,1191.65,507.74
EK_0091_P06_03_frame_0000014643_r.jpg,0,1126.48,208.93,1059.83,189.59,1031.78,153.71,1020.50,125.20,1015.88,110.95,1080.91,64.42,1098.82,39.01,1105.51,50.02,1105.50,64.85,1122.54,60.98,1134.19,57.04,1134.17,75.18,1131.31,92.74,1159.70,75.41,1160.90,79.42,1156.95,95.61,1152.70,110.40,1192.92,96.97,1191.27,99.74,1183.72,113.17,1177.16,128.80
EK_0091_P06_03_frame_0000014688_r.jpg,0,1311.99,494.55,1290.78,425.11,1309.74,366.47,1326.56,321.86,1342.84,283.91,1402.40,373.97,1441.35,328.85,1424.24,305.19,1399.92,305.43,1416.16,399.11,1457.06,348.54,1435.48,325.06,1414.39,319.83,1416.64,419.02,1449.45,377.22,1436.49,350.30,1417.09,341.44,1411.08,432.70,1438.99,398.04,1434.38,371.57,1422.59,361.33
EK_0091_P06_03_frame_0000014986_r.jpg,0,1046.75,850.78,1071.69,836.19,1070.67,793.02,1070.18,751.09,1065.69,705.86,1021.27,676.83,1048.48,602.34,1077.80,558.18,1102.46,523.38,1020.51,663.82,1047.52,585.16,1080.22,539.26,1111.21,502.31,1029.15,659.75,1051.79,585.18,1078.83,542.29,1105.70,508.85,1045.02,660.59,1060.05,599.91,1076.33,561.70,1096.10,530.54
EK_0091_P06_03_frame_0000015783_l.jpg,0,997.23,729.32,890.85,740.27,800.56,694.84,739.01,627.04,686.97,592.15,783.17,631.05,705.48,507.86,670.64,440.27,647.50,390.10,831.82,589.59,736.84,458.43,683.99,381.72,649.18,326.00,890.61,557.62,790.80,440.28,737.25,372.20,696.14,321.18,956.60,534.05,884.64,448.84,836.92,405.22,795.01,370.16
EK_0091_P06_03_frame_0000015783_l.jpg,1,508.28,657.74,496.09,614.60,491.90,543.70,523.87,473.77,551.64,423.93,419.66,459.27,511.66,416.39,520.28,467.05,500.60,497.72,446.69,453.53,533.39,417.01,529.99,470.47,502.46,498.47,476.02,456.69,546.83,426.92,545.01,477.84,519.24,501.80,504.52,468.85,550.12,441.29,552.21,476.16,531.58,494.75
EK_0091_P06_03_frame_0000015985_r.jpg,0,555.62,623.54,616.57,553.81,659.46,468.12,716.05,395.19,760.56,339.63,504.69,362.33,639.93,330.34,663.24,391.02,640.70,427.72,492.75,372.34,635.66,345.62,655.43,404.12,633.99,443.07,499.94,390.26,630.15,368.64,646.37,422.22,627.27,456.06,513.99,407.81,613.53,382.68,624.22,423.01,607.03,447.27
EK_0091_P06_03_frame_0000015985_r.jpg,1,1244.24,467.51,1168.74,481.55,1120.97,453.40,1107.58,408.87,1110.57,382.22,1126.41,354.88,1097.12,334.59,1098.87,362.01,1111.23,382.82,1171.74,336.88,1135.90,311.09,1128.54,335.29,1136.48,357.52,1210.32,338.69,1179.72,316.55,1168.92,335.26,1174.27,354.04,1241.55,351.80,1211.86,340.40,1200.61,353.35,1203.04,368.39
EK_0091_P06_03_frame_0000016187_r.jpg,0,597.86,622.76,628.38,554.35,655.36,463.31,706.89,380.32,744.34,315.50,499.78,369.79,629.32,321.52,655.04,376.07,634.76,413.15,515.35,372.81,642.60,330.02,662.17,383.60,641.91,422.46,543.77,385.31,657.44,349.99,672.71,400.10,652.74,432.19,574.43,401.22,662.95,370.52,670.50,408.96,650.17,432.83
EK_0091_P06_03_frame_0000016187_r.jpg,1,1314.36,500.72,1230.41,523.98,1178.14,503.98,1160.99,464.24,1170.19,434.61,1176.45,408.71,1154.56,394.38,1166.54,421.82,1183.34,438.03,1217.15,377.44,1182.31,355.07,1186.83,380.58,1203.76,399.92,1259.35,367.10,1229.81,344.88,1228.92,366.16,1241.33,385.85,1295.41,370.50,1277.55,368.13,1275.49,388.14,1283.06,405.66
EK_0091_P06_03_frame_0000016405_l.jpg,0,526.58,632.99,549.58,566.87,567.21,473.95,616.27,381.66,657.99,311.19,389.34,375.05,538.92,316.95,564.56,376.23,537.17,408.93,404.77,374.39,553.99,320.85,571.72,378.75,545.65,413.82,435.76,384.26,565.33,333.94,579.78,388.40,555.84,421.94,473.29,397.40,568.95,352.90,578.30,392.58,556.53,419.53
EK_0091_P06_03_frame_0000017156_r.jpg,0,568.60,695.89,583.11,640.25,593.95,549.88,637.07,458.32,671.16,392.46,433.89,462.37,568.92,394.55,602.06,450.23,585.95,482.82,458.42,456.18,590.33,396.94,614.37,451.19,599.11,480.71,494.40,459.94,608.68,406.14,628.83,451.04,614.52,478.43,531.50,469.87,611.89,430.02,629.86,461.31,619.70,482.67
EK_0091_P06_03_frame_0000017156_r.jpg,1,1252.38,430.75,1175.88,421.44,1132.54,378.68,1118.38,332.68,1117.37,305.60,1168.70,285.05,1154.21,217.38,1140.65,198.52,1139.25,209.90,1223.00,275.30,1213.07,209.26,1193.71,208.29,1183.28,228.20,1267.20,283.83,1261.72,223.79,1240.16,225.12,1229.27,245.76,1299.00,304.16,1285.83,276.65,1267.34,280.80,1257.93,298.56
EK_0091_P06_03_frame_0000019030_l.jpg,0,654.30,425.52,754.24,449.85,831.84,400.20,867.39,342.38,868.55,302.23,866.43,316.92,924.64,261.67,921.56,266.69,907.90,281.93,828.02,261.01,905.16,197.65,900.64,216.39,882.45,239.74,778.80,229.76,860.02,175.46,866.34,197.59,850.14,219.16,723.45,221.16,780.18,196.16,788.52,225.12,777.31,254.48
EK_0091_P06_03_frame_0000019030_l.jpg,1,1339.78,430.98,1263.98,442.27,1206.95,424.06,1180.49,402.66,1163.70,387.48,1226.27,320.39,1204.86,304.97,1197.82,321.57,1197.40,335.19,1265.25,309.61,1240.66,298.87,1228.70,311.80,1226.44,325.48,1295.06,314.15,1273.04,303.92,1256.54,311.29,1250.80,321.09,1319.01,324.96,1296.39,312.10,1282.37,315.93,1276.94,322.30
EK_0091_P06_03_frame_0000019340_l.jpg,0,589.51,460.59,682.52,488.96,740.92,481.07,771.11,463.62,775.08,456.38,738.75,329.19,763.87,288.59,759.52,309.75,748.02,339.32,687.12,303.33,710.02,302.79,703.31,335.29,694.83,358.64,638.37,300.97,661.76,308.38,658.59,335.36,646.06,358.79,594.92,305.22,614.86,314.05,614.14,337.32,607.05,357.90
EK_0091_P06_03_frame_0000019340_l.jpg,1,1304.23,414.92,1223.36,404.82,1175.43,371.77,1170.98,345.97,1185.07,337.63,1203.53,278.16,1157.24,272.66,1135.32,290.62,1127.36,300.64,1240.85,281.55,1197.53,283.46,1180.39,305.00,1180.78,321.80,1265.55,300.68,1225.16,304.10,1205.95,326.30,1203.04,341.12,1278.56,317.68,1243.28,323.77,1227.75,341.57,1225.10,357.99
EK_0091_P06_03_frame_0000019450_l.jpg,0,625.87,452.37,713.92,482.28,774.17,480.50,814.67,468.61,832.57,462.34,773.09,331.42,812.17,291.91,809.11,312.34,794.91,341.54,725.86,302.62,757.60,296.89,752.30,327.31,744.24,351.43,680.95,298.75,707.87,306.20,707.50,331.24,695.04,354.25,640.25,303.31,661.03,311.00,664.55,332.27,658.69,352.76
EK_0091_P06_03_frame_0000019450_l.jpg,1,1335.01,406.49,1258.06,407.03,1212.32,369.71,1212.12,339.30,1225.55,329.41,1238.83,276.60,1191.74,271.05,1174.73,292.84,1173.34,303.89,1274.29,275.03,1233.01,278.05,1219.70,300.86,1225.47,317.01,1299.61,289.86,1260.07,295.51,1246.37,316.76,1248.14,331.01,1312.40,305.71,1276.57,313.57,1265.08,329.81,1266.96,345.82
EK_0091_P06_03_frame_0000020324_l.jpg,0,446.22,695.94,477.55,638.67,495.28,554.07,531.14,469.56,563.17,406.52,381.17,445.65,489.17,371.77,513.76,430.51,496.61,474.51,405.52,447.18,513.34,384.28,527.22,443.52,504.93,482.50,436.15,457.20,528.66,413.21,537.49,466.27,516.07,499.82,462.08,474.54,531.26,438.55,537.85,477.64,520.78,503.64
EK_0091_P06_03_frame_0000020324_l.jpg,1,1291.08,472.11,1209.52,479.79,1157.60,453.80,1145.59,421.42,1158.69,401.11,1166.15,348.04,1155.02,353.29,1162.22,378.98,1170.79,395.71,1208.54,330.02,1194.47,333.59,1195.10,357.64,1203.34,376.34,1248.73,335.43,1236.47,334.78,1228.40,352.79,1234.48,372.08,1281.94,351.78,1268.69,355.13,1259.50,374.38,1260.53,392.85
EK_0091_P06_03_frame_0000021078_r.jpg,0,948.71,685.34,944.70,603.56,929.21,532.18,921.26,479.58,916.58,449.77,863.78,519.23,894.38,453.02,931.93,466.60,947.18,494.00,884.29,533.59,923.80,480.97,958.79,501.98,968.46,530.56,913.00,551.14,950.81,512.96,976.36,531.47,979.81,555.07,938.53,570.65,967.55,545.04,983.79,556.12,985.77,575.07
EK_0091_P06_03_frame_0000022089_l.jpg,0,526.14,698.98,612.93,658.12,671.40,583.51,718.11,515.76,761.22,466.89,561.24,465.65,663.37,432.92,694.59,481.75,688.42,515.13,527.77,467.76,638.09,451.22,666.85,498.37,664.66,537.19,514.60,488.01,616.60,473.14,643.89,511.43,646.37,545.67,512.20,507.40,588.56,489.03,610.38,515.85,616.26,538.52
EK_0091_P06_03_frame_0000022089_l.jpg,1,1231.92,536.53,1149.04,515.42,1112.33,469.07,1109.07,440.77,1110.07,430.78,1161.44,395.31,1129.02,381.63,1117.17,409.03,1122.14,428.41,1192.32,402.88,1155.00,393.78,1137.13,417.68,1138.00,439.40,1211.93,423.19,1177.58,416.24,1157.97,434.10,1158.10,452.61,1225.45,442.31,1200.14,435.89,1186.46,447.36,1184.78,462.04
EK_0091_P06_03_frame_0000022119_r.jpg,0,561.01,694.00,649.86,660.98,711.42,590.32,760.29,524.68,803.81,475.16,611.32,467.90,714.70,440.00,734.92,491.31,721.01,522.60,575.73,466.71,684.52,455.30,705.26,501.67,697.06,536.28,559.07,485.57,661.67,473.48,681.38,511.48,675.94,543.77,553.43,503.83,630.25,487.81,643.96,516.88,640.81,541.17
EK_0091_P06_03_frame_0000022119_r.jpg,1,1272.54,558.51,1266.08,497.63,1236.23,450.52,1207.49,434.26,1186.23,441.60,1215.90,412.98,1180.78,408.13,1184.28,427.80,1199.51,441.39,1190.07,437.14,1158.04,444.80,1171.09,464.05,1191.96,473.35,1174.17,469.35,1152.61,474.77,1169.57,488.55,1189.07,494.26,1164.63,500.14,1154.90,504.71,1170.54,516.36,1186.53,522.53
EK_0091_P06_03_frame_0000022394_l.jpg,0,894.19,834.02,913.43,774.43,919.83,698.76,929.67,642.85,930.29,602.55,840.53,663.33,896.28,612.54,933.98,632.10,955.17,659.19,853.37,678.56,918.89,638.62,963.55,659.67,990.33,686.01,870.56,696.55,927.38,666.13,966.95,680.55,988.82,701.74,883.74,708.35,921.51,690.28,943.81,706.55,959.01,723.78
EK_0091_P06_03_frame_0000022394_l.jpg,1,1212.68,519.78,1122.32,505.45,1082.56,445.59,1085.90,398.86,1103.12,372.93,1103.13,353.80,1086.30,329.17,1080.55,351.40,1085.45,373.40,1152.66,346.59,1128.49,313.38,1118.79,329.39,1118.65,349.68,1190.56,355.77,1172.60,319.11,1154.65,332.55,1154.07,349.69,1223.20,370.26,1198.71,351.03,1180.00,365.90,1174.71,380.67
EK_0091_P06_03_frame_0000023783_l.jpg,0,979.31,829.38,958.96,771.38,946.43,708.36,946.50,656.41,942.86,619.28,888.61,692.91,909.60,629.06,938.35,641.02,952.41,664.94,918.85,697.16,948.04,645.60,972.17,669.52,977.73,695.79,949.81,703.62,975.29,665.41,988.17,689.92,985.71,712.89,974.96,710.91,992.00,685.41,997.76,703.63,993.91,723.42
EK_0091_P06_03_frame_0000025318_r.jpg,0,922.83,773.48,999.43,755.07,1052.76,682.19,1090.38,618.90,1131.01,589.26,979.30,595.39,1049.78,540.26,1095.93,542.18,1123.74,555.18,951.03,584.73,1024.08,534.43,1070.42,541.06,1101.08,555.67,938.61,586.28,1007.28,541.80,1052.00,546.37,1083.21,557.97,940.07,593.71,995.63,555.03,1035.02,553.06,1065.10,559.03
EK_0091_P06_03_frame_0000025318_r.jpg,1,1211.75,804.47,1149.48,780.19,1113.64,737.91,1101.12,698.16,1096.91,672.40,1159.26,644.74,1147.34,638.88,1142.97,660.23,1144.92,683.14,1201.90,642.19,1197.68,632.77,1192.56,653.39,1192.99,675.86,1240.48,656.63,1247.00,636.20,1241.92,651.24,1238.44,672.83,1271.51,681.86,1283.40,665.55,1276.00,677.30,1267.23,694.00
EK_0091_P06_03_frame_0000025361_l.jpg,0,1225.94,404.95,1159.91,435.11,1121.78,437.35,1096.89,444.74,1080.22,453.25,1101.22,321.85,1077.85,284.60,1075.65,293.52,1085.14,312.56,1143.12,299.70,1126.13,261.56,1124.71,274.49,1129.25,292.09,1186.38,296.24,1172.90,262.03,1167.41,268.14,1168.26,284.90,1219.96,306.21,1207.70,297.48,1203.25,309.74,1203.62,324.95
EK_0091_P06_03_frame_0000025361_l.jpg,1,464.40,715.17,452.55,635.45,422.15,584.61,410.23,558.85,410.98,556.04,325.64,638.84,353.54,579.05,395.10,560.31,426.52,560.11,330.77,664.95,375.43,602.84,423.87,585.35,458.73,584.28,351.64,681.54,395.83,626.11,438.40,601.61,471.69,594.25,374.03,691.51,407.75,642.01,437.57,620.16,465.48,611.83
EK_0091_P06_03_frame_0000025612_r.jpg,0,1206.06,508.05,1127.63,493.13,1076.12,448.53,1046.73,399.43,1023.50,369.88,1135.80,349.06,1134.24,278.80,1123.64,285.02,1118.30,308.52,1185.40,342.39,1190.74,266.88,1175.73,269.11,1167.49,285.65,1226.81,349.93,1233.10,280.97,1217.74,280.57,1208.34,293.74,1261.31,367.97,1269.60,317.69,1256.72,314.40,1247.55,324.84
EK_0091_P06_03_frame_0000025612_r.jpg,1,912.11,734.54,914.96,664.63,916.66,598.38,921.44,545.54,919.53,503.34,870.22,569.66,900.20,518.05,930.93,528.13,946.92,551.11,896.79,586.41,932.74,543.46,962.16,564.65,971.70,592.82,924.37,605.39,956.91,572.38,977.94,590.34,980.03,613.39,946.27,624.83,974.12,603.50,986.03,615.25,986.23,633.65
EK_0091_P06_03_frame_0000026007_l.jpg,0,894.12,812.66,928.53,748.65,929.88,678.80,928.18,626.63,925.18,589.53,844.53,649.92,866.90,590.48,880.18,561.20,886.67,538.84,841.20,664.83,889.21,628.02,923.17,638.96,941.35,656.47,849.71,684.59,895.52,653.89,927.05,663.59,944.84,677.05,860.27,700.28,894.71,676.51,921.07,681.87,938.80,692.93
EK_0091_P06_03_frame_0000026007_l.jpg,1,1167.59,577.15,1094.64,615.16,1028.07,606.07,984.69,570.04,971.67,545.85,1004.51,507.59,958.58,496.86,968.42,525.62,989.70,543.04,1038.27,475.18,995.63,463.24,998.26,490.46,1015.67,509.15,1075.97,461.33,1038.36,453.87,1035.83,475.98,1050.64,493.76,1110.28,458.41,1080.37,456.35,1077.00,474.76,1088.49,490.28
EK_0091_P06_03_frame_0000028439_r.jpg,0,972.62,781.44,965.25,709.98,950.19,635.13,945.18,575.51,932.63,536.36,892.05,614.88,929.67,550.36,960.85,578.07,968.55,607.22,924.80,625.63,965.14,577.64,986.34,611.84,985.35,642.95,961.16,639.71,996.39,603.94,1006.89,635.77,999.15,663.55,991.40,655.94,1017.60,628.15,1021.51,652.13,1014.15,674.53
EK_0091_P06_03_frame_0000028439_r.jpg,1,1215.77,447.83,1145.94,456.39,1094.44,425.08,1073.06,377.85,1079.57,337.48,1073.95,346.50,1060.33,288.08,1076.84,280.27,1094.90,290.28,1107.83,312.20,1088.23,258.45,1099.09,255.51,1114.53,267.13,1149.63,293.42,1127.24,235.59,1126.28,226.72,1131.54,230.89,1198.29,286.05,1180.30,231.30,1169.28,215.42,1161.18,213.24
EK_0091_P06_03_frame_0000031202_r.jpg,0,1073.75,560.38,1000.14,548.20,959.14,498.08,939.59,452.44,927.39,427.19,998.73,417.56,947.87,389.63,924.37,400.70,915.97,408.84,1032.13,414.98,979.78,385.55,956.29,402.11,948.15,418.42,1050.64,426.99,1007.03,399.74,982.60,413.01,973.96,429.29,1062.33,439.80,1028.33,420.21,1005.83,427.47,994.76,440.61
EK_0091_P06_03_frame_0000031202_r.jpg,1,862.91,720.06,843.69,658.27,825.60,589.85,825.09,533.10,823.33,492.51,751.96,587.47,786.95,521.80,821.66,539.27,837.13,565.88,779.75,595.03,825.08,545.70,856.64,577.25,867.05,609.87,810.70,603.65,852.70,566.80,872.34,597.08,873.18,626.50,835.56,614.23,867.94,589.84,879.15,613.31,876.44,637.34
EK_0091_P06_03_frame_0000032312_r.jpg,0,1349.32,654.74,1290.38,616.44,1285.73,553.18,1293.48,490.81,1294.14,440.21,1388.28,498.16,1303.62,441.79,1273.18,478.74,1276.99,513.06,1409.08,496.75,1323.33,450.38,1293.50,487.13,1290.44,519.70,1411.77,502.43,1332.69,462.93,1306.77,496.67,1304.77,529.39,1404.93,507.62,1344.44,478.07,1324.19,506.55,1324.72,534.36
EK_0091_P06_03_frame_0000032312_r.jpg,1,989.01,710.40,1053.31,678.55,1071.29,612.46,1075.34,546.78,1069.29,500.33,992.47,566.68,1015.91,481.12,1045.59,458.23,1068.96,447.62,954.69,567.21,999.83,494.07,1037.33,498.64,1060.34,516.05,937.54,574.87,987.32,512.06,1022.13,517.45,1042.23,533.08,933.84,582.96,972.03,535.26,1000.19,536.97,1017.98,549.10
EK_0091_P06_03_frame_0000040198_l.jpg,0,880.26,804.74,937.81,792.05,960.56,734.56,964.75,674.81,972.22,627.45,879.61,687.88,923.09,612.76,961.07,590.22,990.15,579.66,848.57,676.36,901.73,603.63,945.17,594.28,975.92,597.40,838.75,671.71,889.03,604.42,929.52,597.27,957.82,600.60,841.46,670.11,880.17,618.23,913.49,610.20,938.51,610.46
EK_0091_P06_03_frame_0000040198_l.jpg,1,1214.57,851.62,1162.59,840.18,1146.34,796.68,1137.54,747.16,1126.38,703.12,1241.32,721.62,1203.23,637.74,1154.37,634.36,1128.02,655.57,1253.38,716.55,1204.02,627.22,1149.24,623.61,1118.79,638.41,1246.24,718.88,1192.79,631.39,1141.57,633.52,1114.77,652.09,1219.87,726.58,1175.17,661.55,1138.16,659.37,1116.48,676.04
EK_0091_P06_03_frame_0000040550_r.jpg,0,1301.44,1037.84,1226.84,1047.19,1167.01,1022.54,1134.42,995.46,1125.89,973.53,1187.36,915.04,1153.73,852.92,1142.48,832.06,1139.93,830.01,1231.77,894.24,1211.84,815.11,1201.14,802.38,1194.76,809.56,1273.94,889.45,1259.82,823.71,1244.81,812.11,1233.62,814.79,1309.79,901.12,1296.55,857.97,1283.72,855.56,1278.66,867.17
EK_0093_P06_05_frame_0000000353_r.jpg,0,1172.07,647.59,1105.23,632.50,1071.24,601.80,1060.36,569.39,1070.60,551.64,1111.07,516.30,1097.95,503.98,1089.68,531.62,1092.01,551.56,1152.04,518.74,1129.10,513.70,1116.33,534.66,1119.37,554.92,1184.30,538.37,1157.60,533.28,1145.15,550.50,1148.02,569.41,1204.02,560.41,1181.35,551.90,1171.03,565.83,1172.80,580.22
EK_0093_P06_05_frame_0000000850_r.jpg,0,800.77,889.98,739.77,907.45,694.28,877.65,665.01,846.24,639.07,841.81,700.14,791.34,688.54,746.50,689.20,755.53,695.45,776.45,739.07,773.92,727.27,732.93,725.05,751.50,727.19,772.13,776.00,771.21,763.18,729.94,756.28,744.88,757.56,764.58,807.51,778.74,794.65,752.63,787.78,764.53,789.73,781.25
EK_0093_P06_05_frame_0000002149_l.jpg,0,1199.64,550.82,1173.55,457.43,1176.81,371.20,1164.35,297.98,1145.60,230.54,1293.96,353.94,1266.68,277.51,1231.22,260.95,1210.48,264.85,1296.88,386.91,1261.15,326.49,1223.94,316.74,1203.54,321.17,1281.68,417.59,1250.09,368.67,1216.64,353.43,1195.81,356.64,1263.63,439.68,1236.08,397.34,1213.84,382.95,1197.60,384.75
EK_0093_P06_05_frame_0000002149_l.jpg,1,856.73,642.51,919.99,616.78,943.30,563.36,940.74,523.29,934.64,505.01,897.87,502.31,908.53,462.97,921.99,472.79,927.50,490.14,862.39,506.28,880.95,477.20,896.66,488.57,904.30,501.08,837.73,520.32,856.99,493.61,873.22,497.80,881.49,509.33,823.98,539.85,841.42,511.80,856.71,513.61,865.39,523.94
EK_0093_P06_05_frame_0000011533_r.jpg,0,744.95,801.12,804.32,734.67,821.82,671.89,841.67,634.37,857.13,611.39,727.13,630.60,784.09,604.24,822.96,613.23,841.74,624.66,703.88,651.43,766.89,629.95,804.93,643.68,823.79,663.98,697.64,679.32,752.37,660.50,786.86,671.50,805.44,689.66,697.60,702.64,739.96,686.22,765.92,692.73,783.91,703.91
EK_0093_P06_05_frame_0000013837_r.jpg,0,781.10,1136.83,853.87,1119.05,901.28,1078.24,930.14,1028.72,945.20,988.04,879.88,1036.87,924.79,949.97,944.36,909.48,955.38,887.58,834.53,1014.99,882.05,917.38,911.47,887.27,928.29,884.04,793.75,1002.96,834.10,911.71,866.15,889.33,887.66,890.69,762.25,998.84,780.03,930.06,802.38,901.92,822.23,891.95
EK_0093_P06_05_frame_0000015341_r.jpg,0,1163.90,520.52,1079.07,531.83,1035.47,526.64,1017.90,521.53,1005.21,520.26,1047.59,443.45,1019.34,448.91,1009.74,463.05,1002.67,478.08,1074.76,444.87,1041.33,449.37,1023.64,465.62,1018.96,487.00,1100.95,455.55,1071.00,464.67,1055.45,480.65,1050.91,492.86,1123.33,467.75,1103.15,479.56,1094.15,495.39,1089.24,505.64
EK_0093_P06_05_frame_0000015954_l.jpg,0,1396.05,963.82,1299.49,972.69,1240.19,927.97,1197.31,873.51,1153.24,837.32,1283.57,809.27,1252.80,719.74,1241.45,667.48,1238.40,631.08,1340.26,788.01,1310.47,689.23,1298.33,633.28,1296.17,592.19,1392.22,787.34,1370.49,688.95,1363.24,633.67,1362.22,591.58,1437.52,800.78,1447.05,731.41,1458.79,690.27,1469.37,656.41
EK_0093_P06_05_frame_0000015954_l.jpg,1,803.74,987.37,904.70,996.25,978.09,947.96,1020.06,882.17,1060.26,841.36,947.22,817.84,991.08,729.55,1011.78,682.14,1024.98,647.42,894.93,789.26,941.63,694.11,966.61,638.57,981.71,598.85,846.68,779.89,888.54,687.32,911.73,635.44,926.78,594.84,803.93,785.42,824.65,713.15,835.60,668.28,844.80,632.17
EK_0093_P06_05_frame_0000017558_l.jpg,0,554.98,925.00,647.36,906.57,704.45,826.26,726.43,738.85,743.36,674.84,604.57,770.04,682.50,670.89,722.86,652.61,743.29,650.80,554.89,745.18,647.44,644.35,690.78,653.67,707.01,673.06,534.45,733.80,625.92,656.42,666.25,669.64,682.57,685.34,532.82,732.76,604.00,682.42,639.27,691.03,655.66,701.81
EK_0093_P06_05_frame_0000017558_l.jpg,1,1518.88,805.84,1440.64,788.37,1386.55,729.99,1345.77,683.93,1312.50,652.97,1456.42,631.00,1391.11,580.42,1358.46,584.70,1346.77,594.60,1483.42,630.94,1409.58,606.73,1377.19,630.25,1370.20,650.82,1492.84,641.49,1424.01,629.92,1395.87,652.00,1387.31,667.55,1496.36,649.98,1442.38,645.82,1419.90,661.79,1411.82,679.47
EK_0093_P06_05_frame_0000018049_r.jpg,0,1201.30,888.71,1148.32,926.12,1086.75,925.18,1041.54,911.90,1009.59,909.61,1054.28,860.20,994.23,828.82,961.07,808.34,938.15,792.21,1069.01,827.19,1004.62,796.50,965.91,775.87,938.15,758.13,1090.52,801.36,1027.86,771.97,990.68,753.98,964.21,739.83,1116.85,781.58,1075.60,751.56,1048.96,733.35,1027.93,718.26
EK_0093_P06_05_frame_0000019220_l.jpg,0,637.96,873.65,710.79,860.24,742.72,811.30,760.72,755.23,774.85,709.97,691.65,733.97,700.80,655.05,704.31,611.32,703.81,581.59,646.27,728.34,657.53,642.53,664.39,593.76,668.95,559.44,609.69,733.88,619.25,652.14,628.62,607.21,636.07,574.69,583.09,746.17,576.27,683.88,573.58,648.59,573.32,620.98
EK_0093_P06_05_frame_0000023163_r.jpg,0,1220.16,702.78,1102.82,673.04,1045.04,600.40,1022.56,522.92,1011.73,476.78,1082.05,492.04,1045.82,400.30,1029.32,417.49,1032.20,444.79,1144.53,477.76,1099.39,386.12,1073.17,409.64,1073.71,440.27,1196.83,482.46,1156.49,401.74,1127.77,417.12,1125.28,444.38,1236.65,499.73,1208.10,438.04,1178.13,439.56,1169.53,458.61
EK_0093_P06_05_frame_0000023870_l.jpg,0,583.27,644.71,636.27,581.79,666.44,464.64,705.62,356.90,738.66,276.47,533.26,354.62,647.94,243.31,733.47,252.96,779.22,285.27,546.21,356.95,660.08,263.64,736.68,285.28,776.33,325.94,574.60,374.84,677.59,307.57,737.14,336.67,765.68,375.87,602.22,392.74,679.65,341.51,721.01,367.48,744.26,401.35
EK_0093_P06_05_frame_0000023870_l.jpg,1,1105.52,638.84,992.99,618.69,927.72,539.95,869.86,465.76,821.80,414.79,1028.99,402.96,897.14,351.00,855.09,398.01,854.53,436.54,1063.54,394.40,934.25,365.11,897.00,418.08,897.64,458.57,1076.50,408.68,957.18,391.85,927.42,439.69,930.54,483.85,1074.52,423.15,986.40,415.69,959.05,451.30,958.36,486.67
EK_0093_P06_05_frame_0000024775_l.jpg,0,767.90,1089.10,832.51,1058.93,881.31,1016.19,920.62,981.19,948.43,953.60,809.31,926.33,841.31,850.27,866.45,831.73,884.43,826.08,774.21,926.79,802.26,847.13,831.22,831.09,856.64,835.32,755.62,936.16,780.21,871.14,806.85,855.08,830.77,853.86,750.87,950.00,769.64,899.18,790.65,881.10,809.24,876.12
EK_0093_P06_05_frame_0000025707_r.jpg,0,1207.96,893.76,1122.63,849.88,1083.84,763.81,1057.88,691.63,1049.62,643.90,1200.87,684.43,1138.00,601.61,1083.36,619.28,1054.57,648.11,1230.61,693.64,1137.75,652.01,1078.18,691.29,1056.18,729.65,1237.86,711.66,1138.20,686.34,1088.21,723.21,1069.96,762.10,1234.01,727.24,1161.73,708.95,1120.10,730.98,1100.17,760.94
EK_0093_P06_05_frame_0000025707_r.jpg,1,710.47,992.82,698.52,907.59,716.34,826.52,761.06,765.69,784.33,709.80,786.10,753.11,829.90,686.29,861.69,653.63,888.68,631.74,817.45,781.04,877.64,719.33,910.24,695.04,942.93,667.22,839.98,815.46,901.04,770.07,933.16,744.44,959.06,721.27,856.46,858.31,902.98,817.47,927.38,795.78,948.06,777.07
EK_0093_P06_05_frame_0000025989_l.jpg,0,1347.06,845.45,1271.33,813.26,1248.66,746.06,1252.22,679.77,1245.58,631.68,1317.55,696.15,1299.81,612.55,1284.10,578.86,1272.71,564.05,1369.32,694.72,1368.65,598.49,1338.97,569.15,1312.85,561.24,1402.10,703.61,1404.69,616.50,1374.26,585.95,1349.26,577.12,1417.97,718.13,1412.33,655.06,1386.84,628.95,1364.27,618.72
EK_0093_P06_05_frame_0000029591_l.jpg,0,631.72,743.30,732.88,732.38,791.88,678.91,835.42,627.29,876.47,587.40,752.77,573.71,797.03,535.89,824.50,552.48,834.44,574.54,705.18,568.52,752.80,547.21,775.98,571.86,783.55,594.62,663.94,581.51,709.47,564.03,730.78,582.53,734.95,607.49,634.77,601.89,673.76,582.38,694.07,598.35,698.45,623.25
EK_0093_P06_05_frame_0000031803_r.jpg,0,876.89,1053.28,936.38,1009.84,957.49,935.64,981.84,870.03,1017.03,829.11,862.50,918.50,883.12,828.44,908.93,797.23,929.43,783.37,819.45,918.07,838.77,814.92,876.01,788.96,907.35,786.13,799.79,920.37,821.78,831.87,859.12,812.61,887.59,809.24,800.36,920.71,823.43,858.67,852.89,844.91,876.39,841.55
EK_0093_P06_05_frame_0000032463_r.jpg,0,1250.55,752.28,1172.24,725.89,1124.71,672.67,1098.23,630.95,1081.45,605.44,1174.48,579.40,1115.14,549.36,1083.87,558.28,1066.42,566.27,1216.46,572.47,1157.15,536.65,1127.30,553.85,1113.83,573.33,1246.86,584.80,1199.36,544.93,1168.95,550.87,1151.67,565.49,1265.11,604.13,1232.13,567.25,1202.42,562.42,1181.12,570.95
EK_0093_P06_05_frame_0000032463_r.jpg,1,958.98,688.91,1026.44,688.47,1072.22,673.50,1100.30,666.63,1122.53,654.38,1036.35,598.44,1083.74,599.26,1114.84,614.39,1129.14,628.06,1031.02,577.70,1088.23,575.64,1117.05,595.52,1132.45,612.69,1031.32,566.67,1090.70,556.03,1117.83,577.60,1133.28,595.09,1038.54,565.86,1093.57,555.96,1119.31,567.54,1133.51,581.12
EK_0093_P06_05_frame_0000035940_r.jpg,0,967.34,1038.06,1039.29,1048.51,1111.96,1030.31,1173.55,1019.14,1214.61,1009.13,1077.98,895.58,1147.32,841.92,1183.12,847.65,1199.56,865.84,1049.09,870.75,1121.97,823.17,1156.03,833.61,1173.71,853.01,1028.18,862.21,1093.38,818.81,1126.92,829.21,1144.46,847.25,1017.13,864.43,1070.41,825.95,1100.59,830.87,1118.62,845.74
EK_0093_P06_05_frame_0000038169_r.jpg,0,1414.44,1040.41,1261.39,1035.86,1137.75,981.23,1048.64,894.38,1000.13,829.91,1205.26,832.25,1154.13,686.10,1154.89,738.33,1173.13,797.60,1290.89,792.02,1224.87,682.24,1214.42,729.37,1235.09,779.21,1365.60,779.60,1298.35,704.41,1290.90,742.55,1309.62,784.59,1424.38,779.27,1363.85,722.04,1357.76,758.05,1375.85,791.76
EK_0093_P06_05_frame_0000038612_l.jpg,0,1330.01,1069.48,1223.51,1059.56,1149.43,995.72,1090.94,931.15,1059.88,884.54,1219.99,846.44,1094.27,831.01,1051.40,870.12,1044.33,903.71,1264.08,828.70,1144.75,847.06,1117.83,902.10,1121.03,944.55,1288.06,836.88,1182.13,862.34,1161.73,910.11,1168.87,953.88,1297.03,851.97,1219.63,867.35,1202.47,902.33,1206.20,938.56
EK_0093_P06_05_frame_0000040884_l.jpg,0,784.25,1050.58,794.37,971.21,827.56,892.67,879.68,836.22,924.10,788.06,813.96,824.55,860.53,773.15,886.69,754.83,900.95,742.15,849.19,849.81,895.90,798.11,919.60,777.17,938.84,759.24,879.17,882.55,921.89,837.02,945.10,819.05,966.82,800.01,906.22,917.35,943.31,874.52,964.67,860.85,983.26,847.44
EK_0093_P06_05_frame_0000041849_l.jpg,0,1433.04,921.02,1317.26,931.64,1233.67,869.15,1177.52,789.58,1132.89,740.31,1312.39,782.26,1176.11,688.39,1116.46,695.37,1098.60,722.48,1360.40,730.51,1215.03,620.78,1145.47,640.55,1121.21,678.82,1389.69,700.23,1257.41,594.69,1194.62,613.95,1172.57,651.98,1401.77,692.35,1303.77,615.65,1245.76,616.33,1217.80,638.42
EK_0093_P06_05_frame_0000043266_l.jpg,0,759.97,906.40,838.51,896.61,871.43,845.84,889.36,785.57,906.40,740.81,823.93,778.15,827.23,697.65,824.22,650.86,819.74,618.66,776.79,770.45,774.37,678.88,774.08,624.53,772.67,586.01,740.23,774.47,730.35,696.53,730.94,647.07,732.98,608.93,716.93,786.11,703.02,727.56,700.56,691.68,702.88,662.73
EK_0093_P06_05_frame_0000044085_l.jpg,0,764.02,1028.64,877.21,1013.92,940.16,947.89,967.34,855.87,1008.03,789.86,855.03,871.36,899.31,728.97,927.28,646.13,948.89,582.96,779.60,843.21,796.09,676.38,833.17,586.16,862.65,528.10,735.30,826.49,739.39,673.46,776.47,593.97,809.41,543.39,718.11,822.05,719.54,698.15,743.74,637.77,772.55,603.56
EK_0093_P06_05_frame_0000044347_l.jpg,0,900.87,886.96,975.72,838.86,992.01,770.14,995.73,719.15,1009.39,684.27,902.95,719.96,950.92,670.97,991.99,660.24,1016.96,657.72,876.84,713.45,913.25,638.34,955.17,636.38,982.62,647.75,871.78,717.32,907.85,643.19,950.66,639.50,977.93,646.60,885.90,727.90,932.65,676.84,966.50,662.99,989.38,655.57
EK_0093_P06_05_frame_0000046270_l.jpg,0,865.13,700.13,875.78,660.51,906.70,632.21,925.11,619.23,938.26,612.32,947.16,617.20,981.00,595.26,991.57,589.87,995.21,595.09,948.50,639.13,966.90,612.13,963.33,608.65,954.90,616.50,939.87,665.84,957.85,641.90,955.60,638.36,948.05,647.54,926.11,693.27,932.56,672.43,928.67,666.90,921.25,673.02
EK_0093_P06_05_frame_0000046577_l.jpg,0,1229.00,1021.94,1138.40,1000.05,1095.64,935.43,1087.51,870.17,1079.72,825.86,1137.21,866.43,1102.67,800.48,1087.47,781.87,1078.40,768.62,1186.64,853.97,1149.01,793.83,1129.62,809.58,1125.06,835.32,1224.68,858.92,1180.39,825.29,1160.45,845.89,1157.90,867.48,1251.32,866.84,1214.01,846.39,1196.93,861.98,1195.84,881.26
EK_0093_P06_05_frame_0000046577_l.jpg,1,752.00,821.19,821.44,792.66,848.15,729.44,854.21,670.84,867.16,633.51,791.40,679.44,826.71,619.61,850.29,623.31,857.16,636.82,750.68,669.71,786.67,598.80,821.34,600.52,838.86,614.22,724.01,672.93,749.05,604.78,783.42,607.77,801.95,621.37,709.70,683.89,734.43,633.14,760.76,630.09,776.69,637.35
EK_0093_P06_05_frame_0000047388_l.jpg,0,834.95,874.79,883.99,816.10,898.73,758.58,909.36,718.86,923.69,693.18,799.30,707.75,860.03,674.50,898.51,678.27,924.80,687.82,772.81,715.50,837.50,693.25,875.83,705.01,901.08,722.67,765.10,731.48,827.48,710.06,863.83,720.27,889.75,739.55,770.43,745.87,818.41,726.60,848.05,729.80,870.01,740.82
EK_0093_P06_05_frame_0000047388_l.jpg,1,1221.08,1087.96,1140.40,1059.62,1105.10,996.43,1106.97,939.28,1121.07,909.03,1132.43,944.50,1103.31,862.24,1093.96,833.98,1090.77,819.62,1180.96,930.35,1155.77,852.90,1139.56,868.27,1134.73,895.54,1221.87,930.98,1188.06,889.79,1173.74,909.97,1172.73,934.17,1251.09,937.60,1216.33,917.51,1204.48,934.41,1204.91,954.81
EK_0093_P06_05_frame_0000047529_r.jpg,0,907.27,896.68,974.06,864.32,996.86,801.22,1008.29,745.14,1022.16,709.52,948.42,743.18,990.12,695.40,1014.91,692.87,1025.00,699.48,905.91,734.42,936.16,672.50,968.85,680.25,983.85,701.69,874.89,741.62,893.56,683.22,926.17,691.64,942.08,711.49,857.01,757.17,868.63,709.29,891.88,708.39,905.20,720.71
EK_0093_P06_05_frame_0000047529_r.jpg,1,1214.33,1123.29,1150.52,1064.75,1139.15,1004.60,1150.91,963.81,1173.26,937.44,1138.93,946.05,1140.24,875.40,1145.90,853.20,1148.42,842.38,1190.74,944.48,1199.07,879.20,1195.47,890.87,1188.23,910.48,1237.94,959.13,1227.27,930.98,1217.07,962.29,1213.09,986.40,1277.73,976.37,1256.22,967.46,1244.24,988.47,1239.25,1007.23
EK_0093_P06_05_frame_0000049685_r.jpg,0,1400.05,965.05,1334.43,924.62,1313.49,857.67,1312.41,805.68,1312.15,787.61,1384.43,810.52,1346.76,775.75,1324.89,802.02,1324.04,825.37,1418.86,817.97,1386.05,777.80,1360.25,795.11,1355.38,815.27,1439.28,836.33,1414.00,792.87,1387.69,801.16,1382.10,820.52,1447.57,855.86,1426.50,822.81,1404.51,825.73,1397.95,839.07
EK_0093_P06_05_frame_0000052427_r.jpg,0,806.08,969.90,881.76,976.86,926.90,936.16,935.99,888.39,930.97,861.03,926.51,846.65,956.78,801.84,953.99,830.07,940.16,856.17,886.94,823.53,918.56,784.80,919.72,814.55,909.18,838.30,847.63,817.29,877.37,780.19,881.75,803.62,873.37,827.74,813.84,823.80,838.88,788.92,846.22,804.19,842.52,822.65
EK_0093_P06_05_frame_0000054956_l.jpg,0,788.77,1037.31,888.18,993.05,945.84,896.30,990.05,808.16,1035.03,754.31,838.36,778.45,952.80,711.72,1019.24,697.78,1065.52,692.93,810.03,763.49,919.03,681.98,984.28,667.90,1030.72,663.33,802.46,768.49,894.48,687.26,953.53,673.37,999.51,669.98,810.31,784.03,874.88,714.92,921.57,692.79,960.50,681.31
EK_0093_P06_05_frame_0000054956_l.jpg,1,1251.98,1003.79,1160.78,932.16,1117.13,835.57,1081.39,765.15,1042.24,722.79,1225.06,738.30,1139.16,667.98,1077.84,690.71,1043.14,720.78,1244.38,763.52,1174.37,708.92,1112.61,724.59,1071.72,755.91,1244.18,800.49,1170.76,771.53,1103.71,784.41,1055.87,810.65,1237.17,831.57,1179.30,817.45,1128.83,826.95,1087.19,841.47
EK_0093_P06_05_frame_0000055164_r.jpg,0,801.86,1133.35,817.24,1072.90,847.42,1006.01,889.40,954.80,922.85,918.76,769.29,955.40,832.19,907.94,883.70,896.78,924.96,894.47,793.12,977.88,858.57,936.64,905.22,935.41,943.13,942.30,818.77,1000.04,874.72,970.44,912.87,969.49,942.08,978.29,838.82,1018.46,879.25,995.52,909.52,990.99,935.87,994.35
EK_0093_P06_05_frame_0000055511_l.jpg,0,666.33,820.11,713.77,780.48,731.86,714.38,750.55,657.31,773.56,616.21,641.30,661.36,699.32,602.27,744.29,595.65,774.80,600.87,622.88,665.26,687.33,617.73,732.80,618.64,764.15,628.35,621.14,678.41,685.78,642.57,725.72,644.85,753.38,655.72,628.10,691.60,677.20,663.26,709.21,664.22,733.12,671.46
EK_0093_P06_05_frame_0000055511_l.jpg,1,1502.58,901.60,1427.02,843.12,1396.89,755.44,1371.86,686.49,1340.76,637.30,1524.81,686.22,1446.17,605.29,1383.85,595.54,1340.96,597.14,1551.98,701.23,1461.47,628.70,1394.20,623.02,1343.84,632.58,1555.24,717.17,1469.32,665.04,1413.43,663.21,1373.72,672.99,1550.71,728.26,1484.22,696.27,1439.91,693.41,1403.71,698.79
EK_0093_P06_05_frame_0000057468_r.jpg,0,1262.98,982.26,1166.18,977.59,1111.90,903.49,1077.57,840.28,1050.99,799.43,1145.31,824.16,1068.05,759.34,1062.86,807.04,1080.49,848.94,1190.22,798.04,1109.88,735.42,1094.91,777.46,1101.91,816.44,1219.58,795.76,1146.34,750.10,1131.98,789.23,1141.97,824.30,1233.51,801.00,1169.42,771.71,1153.98,800.35,1163.99,824.80
EK_0093_P06_05_frame_0000059466_r.jpg,0,699.99,1084.35,704.71,1011.99,751.75,954.92,803.49,919.04,845.32,891.19,781.47,959.08,823.99,914.77,844.17,893.80,858.07,879.29,793.98,990.67,831.47,945.48,847.93,913.20,858.30,893.12,799.16,1012.45,829.58,969.00,841.64,940.01,850.29,921.13,800.38,1025.95,824.89,986.30,834.47,960.92,839.75,942.63
EK_0093_P06_05_frame_0000061713_l.jpg,0,845.63,1027.30,907.94,1028.46,951.93,989.73,984.84,961.27,1013.42,945.66,926.24,891.80,970.23,847.81,996.81,840.33,1014.71,843.01,892.10,879.02,926.89,828.75,951.59,829.89,968.10,846.85,867.67,882.98,902.29,846.57,927.39,848.01,943.62,858.05,854.83,898.46,883.97,871.84,904.27,871.76,916.94,880.11
EK_0093_P06_05_frame_0000066849_l.jpg,0,766.08,1044.76,770.55,984.26,793.02,932.49,822.22,898.99,840.23,868.75,790.29,909.92,820.10,878.34,846.68,869.47,867.48,869.60,813.73,934.77,846.79,902.54,870.39,900.21,886.27,906.77,833.16,962.50,865.65,934.08,882.30,931.95,890.41,938.77,850.31,992.07,876.37,973.11,884.91,970.81,887.54,973.67
EK_0093_P06_05_frame_0000066849_l.jpg,1,1235.26,939.51,1166.70,930.82,1128.99,877.98,1115.08,830.61,1106.72,800.27,1155.23,834.91,1126.17,771.29,1111.04,744.06,1101.21,730.00,1200.55,818.09,1169.50,744.34,1139.04,724.41,1115.53,718.29,1237.45,813.67,1204.13,748.58,1172.21,740.58,1153.42,745.08,1263.54,819.34,1223.51,786.74,1193.04,783.71,1176.18,788.98
EK_0093_P06_05_frame_0000067107_l.jpg,0,1429.51,874.93,1506.39,904.91,1564.78,875.89,1582.27,823.81,1585.37,788.20,1566.12,781.91,1607.20,716.20,1620.96,689.71,1626.13,679.09,1521.60,748.05,1564.63,680.73,1580.28,653.74,1588.96,639.56,1476.15,730.36,1519.31,672.67,1538.36,643.20,1551.39,623.78,1431.73,729.35,1461.36,684.14,1478.42,663.40,1491.08,650.39
EK_0093_P06_05_frame_0000067996_l.jpg,0,1222.33,966.93,1227.44,914.00,1214.47,863.24,1191.96,829.22,1168.02,808.62,1199.68,842.59,1169.66,778.15,1150.61,740.32,1134.53,711.54,1182.38,851.21,1152.47,778.10,1131.97,734.90,1115.83,700.31,1159.32,868.56,1131.69,795.15,1115.34,752.31,1104.12,718.59,1129.25,893.90,1106.55,843.13,1091.16,810.21,1077.64,783.11
EK_0093_P06_05_frame_0000071354_l.jpg,0,1254.91,994.16,1129.82,999.25,1047.69,905.43,1013.00,781.56,976.82,689.87,1196.22,868.36,1108.01,693.87,1033.64,629.42,984.00,599.50,1270.79,813.27,1176.99,619.32,1093.37,591.03,1051.51,604.74,1306.72,771.97,1229.93,595.18,1148.01,574.71,1103.63,589.76,1314.59,748.04,1266.59,613.58,1204.82,577.77,1163.89,577.48
EK_0093_P06_05_frame_0000072869_r.jpg,0,1324.14,1096.19,1200.51,1077.06,1105.42,980.27,1034.80,865.10,964.07,795.34,1271.62,902.31,1096.96,766.32,1006.98,743.19,953.15,743.95,1334.25,840.75,1151.24,682.29,1053.47,685.14,995.24,719.57,1359.80,806.44,1189.61,682.31,1097.88,691.60,1046.61,722.64,1355.83,794.73,1228.22,719.02,1151.77,725.33,1106.88,748.31
EK_0093_P06_05_frame_0000072869_r.jpg,1,657.20,983.79,690.81,982.87,734.37,924.91,777.93,857.12,810.82,803.49,724.71,875.23,787.42,787.30,833.48,732.66,868.90,694.25,706.33,831.62,779.00,730.26,834.08,679.07,878.32,650.80,700.13,809.58,768.49,714.28,820.50,673.09,863.77,650.00,704.08,802.65,757.51,736.97,799.42,702.82,835.39,678.99
EK_0093_P06_05_frame_0000077713_l.jpg,0,1260.82,857.03,1163.59,869.58,1099.98,821.40,1078.60,761.82,1089.66,719.54,1079.07,751.72,1047.30,681.98,1062.99,708.64,1078.33,737.66,1131.23,717.59,1107.93,683.81,1117.13,713.96,1132.10,740.27,1183.60,702.58,1159.03,696.45,1164.07,720.43,1177.95,744.00,1225.98,698.71,1200.40,697.68,1205.05,718.20,1217.79,736.40
EK_0093_P06_05_frame_0000077713_l.jpg,1,720.71,932.29,791.97,881.21,815.07,806.63,820.55,736.09,814.22,694.21,741.06,764.74,763.59,677.32,789.47,675.67,797.63,687.59,691.56,760.54,721.04,667.77,751.67,679.05,759.34,701.55,663.21,764.95,694.54,687.24,725.46,697.00,735.17,716.77,649.16,776.54,678.67,721.65,703.14,724.96,712.86,739.58
EK_0093_P06_05_frame_0000078631_r.jpg,0,1271.50,875.21,1195.97,879.61,1147.82,836.31,1121.00,783.10,1095.12,745.41,1183.09,760.68,1138.56,702.41,1114.56,698.88,1109.96,711.92,1226.81,741.38,1177.25,678.23,1153.09,690.60,1148.55,707.83,1260.69,736.48,1215.29,673.24,1189.51,682.92,1183.62,698.83,1284.25,742.17,1244.38,693.48,1216.36,693.58,1206.96,704.31
EK_0093_P06_05_frame_0000079316_r.jpg,0,1457.66,808.51,1384.10,764.68,1372.16,703.36,1387.26,656.47,1405.74,636.28,1416.05,639.98,1430.37,590.34,1422.00,610.80,1415.84,638.71,1460.55,650.41,1455.58,627.97,1441.15,646.72,1435.70,667.21,1492.16,674.64,1477.62,662.11,1465.83,676.47,1462.76,696.61,1511.89,697.70,1494.82,689.56,1483.76,702.26,1480.66,720.59
EK_0093_P06_05_frame_0000079672_l.jpg,0,620.23,433.88,685.72,391.46,701.43,337.44,702.61,297.74,707.03,277.85,644.51,257.94,690.83,225.42,720.76,238.20,738.41,255.08,604.20,265.33,653.49,235.42,686.14,248.27,704.87,265.49,579.55,287.56,620.30,256.21,650.71,262.53,669.95,279.06,569.35,314.55,600.91,286.74,627.04,285.48,645.88,296.20
EK_0093_P06_05_frame_0000080543_l.jpg,0,1245.01,869.46,1159.36,861.72,1108.60,800.26,1097.59,735.06,1098.97,696.00,1132.83,729.01,1109.66,656.27,1100.52,634.29,1092.69,624.28,1185.28,712.39,1159.50,657.70,1147.51,675.33,1147.57,703.60,1229.02,716.46,1199.37,693.33,1187.11,714.99,1188.01,738.91,1262.59,726.27,1233.74,715.61,1224.75,734.28,1228.02,754.68
EK_0093_P06_05_frame_0000080762_l.jpg,0,892.94,955.41,900.93,911.42,924.38,851.34,960.01,796.20,985.97,749.75,866.38,787.42,905.41,735.42,941.35,716.67,975.05,717.55,894.19,797.29,945.61,758.27,990.20,761.15,1025.18,781.91,920.33,813.47,966.54,783.48,999.53,789.74,1023.14,812.55,938.09,830.65,975.20,806.85,998.01,813.00,1015.86,831.64
EK_0093_P06_05_frame_0000085659_r.jpg,0,1095.49,937.83,1049.72,829.02,1029.39,731.81,994.22,682.78,969.27,671.00,1132.90,701.69,1053.68,670.76,990.85,683.75,954.59,697.82,1110.07,744.52,1023.62,724.08,952.90,724.48,898.87,731.69,1087.36,788.42,1009.52,769.96,945.87,764.16,895.82,759.43,1066.76,824.66,1007.96,809.62,967.24,809.82,932.45,809.46
EK_0097_P09_02_frame_0000002685_l.jpg,0,812.47,918.11,879.10,932.11,937.76,897.11,978.64,863.52,1009.92,837.77,907.70,802.62,979.61,768.44,1012.36,764.21,1030.53,768.56,868.83,779.06,940.46,741.58,976.74,739.98,997.95,747.70,839.31,776.08,903.07,750.19,938.14,750.07,958.71,755.45,821.30,784.59,871.59,764.86,899.86,766.78,917.05,774.26
EK_0097_P09_02_frame_0000002685_l.jpg,1,1324.88,877.80,1255.88,904.67,1192.72,879.27,1155.62,841.51,1133.43,815.02,1183.87,814.12,1130.62,761.44,1099.55,739.79,1079.86,728.58,1211.12,781.51,1149.79,731.88,1118.01,721.21,1095.35,715.45,1237.53,760.74,1179.92,714.87,1147.28,706.21,1127.21,701.90,1260.30,752.26,1211.07,719.14,1180.88,710.64,1159.93,706.16
EK_0097_P09_02_frame_0000006972_l.jpg,0,434.67,668.27,551.34,591.04,578.23,465.75,583.21,347.33,596.10,252.98,406.66,408.40,364.18,229.67,431.87,197.32,481.53,223.86,327.14,417.56,373.44,262.99,456.36,265.26,493.11,302.73,282.71,436.16,343.00,310.93,420.95,313.52,458.81,348.20,261.42,459.37,308.24,357.73,369.71,348.15,403.30,371.66
EK_0097_P09_02_frame_0000006972_l.jpg,1,1129.25,858.05,1089.39,893.34,1053.80,899.96,1037.41,893.81,1030.22,888.78,1012.94,824.48,980.90,808.91,963.11,803.43,953.22,802.32,1034.01,791.01,1003.42,760.40,994.85,757.03,995.29,761.67,1063.26,772.11,1035.39,728.70,1026.72,726.08,1026.04,732.80,1097.74,764.56,1079.25,727.00,1072.55,724.78,1070.92,733.78
EK_0097_P09_02_frame_0000007794_r.jpg,0,1751.29,775.30,1665.20,794.87,1581.93,771.11,1523.40,744.04,1471.11,732.14,1614.37,656.55,1540.03,655.29,1503.84,666.01,1480.16,673.77,1656.42,627.27,1591.70,639.62,1573.65,660.79,1571.30,678.92,1694.55,622.86,1638.87,633.35,1621.38,652.85,1618.87,672.02,1725.27,628.71,1673.73,632.49,1656.97,650.50,1655.10,669.91
EK_0097_P09_02_frame_0000012408_r.jpg,0,982.17,875.54,1043.63,876.72,1086.80,841.45,1121.81,809.87,1149.27,784.04,1027.24,774.28,1052.96,705.00,1082.33,676.05,1106.96,663.88,992.54,763.79,1015.27,686.89,1047.93,656.61,1075.95,649.77,973.09,764.20,996.02,699.36,1026.39,670.11,1053.69,658.39,967.06,769.73,992.63,720.55,1016.29,696.71,1038.61,685.75
EK_0097_P09_02_frame_0000015256_l.jpg,0,1305.23,941.11,1334.03,978.55,1366.17,1007.99,1380.52,1037.36,1382.70,1064.02,1394.69,965.92,1424.77,957.90,1433.99,952.29,1437.68,946.89,1387.73,938.00,1418.21,928.30,1429.87,921.64,1437.73,915.79,1374.40,915.10,1400.56,904.43,1413.61,899.06,1424.69,895.63,1355.93,895.54,1373.76,883.91,1381.76,881.68,1389.17,882.32
EK_0097_P09_02_frame_0000015488_l.jpg,0,960.97,1077.80,1000.83,1040.25,1030.97,992.22,1060.25,958.07,1083.56,931.55,984.52,943.82,1046.65,930.90,1068.96,958.31,1071.14,983.33,974.01,954.93,1043.47,963.09,1064.37,998.55,1064.68,1027.53,972.49,974.04,1040.25,985.58,1058.58,1015.27,1055.43,1040.78,973.69,990.97,1024.64,1002.99,1036.69,1025.47,1034.29,1044.75
EK_0097_P09_02_frame_0000019010_r.jpg,0,1687.16,877.49,1629.65,876.28,1590.36,844.95,1572.32,818.30,1558.85,802.18,1624.77,769.28,1607.16,733.39,1589.90,718.75,1573.89,712.21,1663.74,763.41,1640.70,732.79,1620.50,725.28,1607.16,726.30,1696.60,771.84,1681.82,742.67,1664.77,739.33,1654.85,740.30,1725.94,786.73,1718.85,759.24,1707.46,754.76,1698.14,756.54
EK_0097_P09_02_frame_0000019220_l.jpg,0,1149.97,1057.78,1145.45,998.93,1176.03,955.23,1213.70,932.67,1246.09,916.66,1232.33,977.62,1279.99,962.43,1305.06,957.32,1324.30,953.25,1247.32,1012.67,1300.09,1002.52,1330.76,998.79,1351.40,999.06,1250.90,1042.22,1296.10,1031.50,1324.40,1026.65,1345.44,1027.47,1246.35,1066.57,1281.70,1060.16,1303.33,1054.02,1319.61,1051.49
EK_0107_P21_01_frame_0000004401_r.jpg,0,1176.82,965.39,1162.20,895.13,1114.13,833.35,1057.34,813.46,1012.02,800.91,1098.14,826.28,1048.54,805.75,1011.05,799.41,978.71,793.99,1080.44,857.71,1028.35,839.92,983.72,831.51,944.23,826.07,1072.80,891.46,1020.19,879.83,984.50,873.85,952.04,867.86,1071.55,929.33,1027.28,916.17,998.44,906.70,971.56,895.20
EK_0107_P21_01_frame_0000004401_r.jpg,1,711.92,671.90,771.38,725.22,832.21,744.05,876.27,736.06,895.87,715.93,867.78,642.43,929.93,625.76,949.86,622.48,955.22,624.47,847.30,595.45,909.99,578.28,925.37,581.90,927.25,589.11,821.35,567.37,868.52,564.80,876.82,580.58,869.89,595.48,791.80,551.99,826.71,558.11,835.96,574.60,831.81,589.57
EK_0107_P21_01_frame_0000005308_l.jpg,0,1179.67,680.12,1098.03,703.46,1025.10,666.61,968.72,626.43,926.12,605.41,1048.16,571.32,949.90,549.05,925.21,581.76,929.69,608.35,1071.60,535.67,969.91,514.09,947.50,553.31,956.15,585.71,1088.52,521.78,996.70,502.51,980.08,538.28,989.77,565.76,1097.82,522.08,1026.22,506.32,1008.27,530.73,1014.46,552.15
EK_0107_P21_01_frame_0000005458_r.jpg,0,1115.04,882.93,1024.83,921.21,944.27,894.57,885.61,838.61,840.51,804.78,944.95,839.06,851.82,766.32,830.55,769.40,835.62,783.96,977.50,788.50,883.20,732.66,873.83,756.48,888.30,780.86,1007.03,752.88,918.93,712.01,913.80,737.86,929.80,759.72,1032.52,730.10,968.03,716.34,962.80,739.34,976.50,756.13
EK_0107_P21_01_frame_0000005458_r.jpg,1,634.12,837.55,632.24,762.07,674.41,713.02,740.79,693.25,785.28,686.75,728.84,705.71,792.84,681.82,792.42,688.66,779.98,701.48,745.55,733.33,800.84,724.53,787.50,728.95,763.00,737.14,753.49,756.41,803.67,746.25,789.81,747.09,763.47,754.26,754.51,775.66,794.99,762.57,790.77,757.34,774.29,757.83
EK_0107_P21_01_frame_0000009100_l.jpg,0,684.83,1154.64,783.66,1103.67,861.04,1049.59,917.29,1021.96,958.83,1007.43,774.69,914.45,802.42,798.14,812.49,736.79,813.02,685.05,698.47,913.27,724.83,792.42,743.21,713.37,753.52,654.80,638.28,940.33,676.21,865.96,705.10,886.87,720.26,915.34,602.32,976.93,638.67,935.06,662.24,952.96,676.69,980.73
EK_0107_P21_01_frame_0000009729_l.jpg,0,668.88,1025.20,667.33,987.50,681.94,923.36,727.54,863.74,779.12,830.87,670.03,825.99,740.61,757.51,795.49,764.68,832.49,786.34,700.45,820.71,757.25,734.20,811.72,733.39,853.44,755.91,731.76,832.83,785.40,768.08,832.91,776.31,866.30,803.40,761.59,855.24,806.10,818.06,838.45,827.94,860.14,850.20
EK_0107_P21_01_frame_0000009729_l.jpg,1,1077.14,1065.77,1013.27,1051.41,958.23,994.87,900.32,948.88,840.87,933.21,1051.06,878.25,964.21,798.43,909.60,816.28,872.88,847.10,1078.14,868.68,972.95,810.53,913.90,832.85,876.64,862.06,1084.65,876.51,988.81,836.98,934.69,854.09,899.13,876.05,1081.01,888.46,1012.19,861.52,966.33,871.14,935.42,888.76
EK_0107_P21_01_frame_0000010525_r.jpg,0,1062.72,952.48,1009.98,931.54,959.13,887.76,906.57,858.86,859.46,837.00,1000.36,800.40,935.24,755.56,901.76,769.13,886.17,793.12,1000.04,814.27,932.79,783.61,896.57,805.01,880.19,830.37,995.35,833.93,932.61,814.85,898.99,834.12,878.54,851.20,986.58,853.83,929.90,842.42,899.14,853.06,883.27,863.83
EK_0107_P21_01_frame_0000010944_r.jpg,0,1035.54,961.78,952.39,977.21,884.24,940.26,842.08,891.60,809.07,858.77,899.38,838.77,840.46,792.60,809.52,799.59,794.25,813.84,934.45,816.00,870.71,767.68,837.74,783.07,826.59,804.80,961.61,816.03,904.57,776.32,872.48,787.67,860.47,805.43,980.26,826.34,934.25,800.84,904.05,808.98,890.51,822.27
EK_0107_P21_01_frame_0000011668_r.jpg,0,983.22,659.29,921.74,663.30,883.38,630.23,862.49,600.71,839.36,585.89,911.53,543.22,895.40,483.01,881.56,452.94,869.82,436.28,943.44,536.94,925.44,475.95,901.96,460.90,885.69,457.94,967.02,540.62,950.53,490.40,927.00,479.99,911.44,478.13,981.17,548.79,964.83,510.13,945.51,497.00,932.43,492.82
EK_0107_P21_01_frame_0000013695_r.jpg,0,1173.88,833.31,1079.10,863.87,1012.02,852.00,983.78,837.29,977.57,821.76,1003.95,707.43,972.44,650.89,974.57,666.47,991.22,685.91,1050.84,685.27,1021.99,651.36,1016.87,677.69,1030.10,705.05,1097.98,687.42,1070.89,679.08,1064.64,704.99,1073.79,730.30,1137.92,698.52,1109.80,691.49,1102.31,714.35,1108.88,737.93
EK_0107_P21_01_frame_0000017058_r.jpg,0,1403.12,803.73,1311.10,844.38,1213.36,839.59,1147.32,827.38,1107.48,801.95,1232.25,684.07,1161.29,646.31,1128.25,665.92,1118.43,695.49,1274.04,656.04,1201.05,642.77,1163.70,668.60,1152.82,698.83,1309.11,652.80,1244.58,653.89,1210.26,672.04,1197.32,698.57,1335.26,659.68,1277.59,662.38,1248.56,679.08,1236.60,701.88
EK_0107_P21_01_frame_0000017861_r.jpg,0,616.78,837.81,689.79,830.04,739.82,788.87,767.03,746.67,777.56,724.52,704.20,742.15,755.10,689.16,771.69,706.04,770.45,729.65,666.95,716.94,713.56,648.30,736.10,667.92,737.92,696.62,637.90,705.98,680.42,654.21,699.72,677.45,700.53,701.50,618.38,708.42,652.78,672.77,672.64,685.44,677.12,702.10
EK_0107_P21_01_frame_0000017861_r.jpg,1,1317.61,1067.34,1305.23,1070.07,1261.99,1028.72,1195.51,992.73,1126.18,953.79,1325.42,897.18,1281.21,819.75,1223.24,823.46,1174.39,846.87,1280.86,892.79,1220.92,814.80,1163.33,830.71,1126.98,865.79,1238.17,901.83,1176.20,845.94,1130.94,878.38,1106.20,915.90,1206.64,918.76,1157.13,891.79,1130.16,918.10,1118.83,945.90
EK_0107_P21_01_frame_0000018958_r.jpg,0,1283.10,538.75,1192.78,543.59,1105.49,524.51,1050.77,522.90,1018.08,515.75,1135.86,392.30,1051.46,428.80,1013.16,467.79,990.79,488.76,1161.87,390.58,1077.16,444.39,1057.87,497.20,1058.87,531.25,1180.51,404.88,1101.90,458.05,1082.21,507.09,1079.01,534.73,1193.14,418.70,1130.62,462.76,1113.62,500.09,1114.35,525.36
EK_0107_P21_01_frame_0000018958_r.jpg,1,524.01,1105.88,570.87,1077.76,604.67,1000.74,635.77,933.45,658.60,877.17,502.28,937.15,546.31,851.07,600.61,823.14,646.34,815.23,494.64,938.55,551.49,860.25,612.95,840.24,662.92,837.08,499.74,947.31,562.15,882.20,616.94,863.44,662.43,860.57,513.37,958.44,566.20,911.05,609.60,891.21,647.48,880.44
EK_0107_P21_01_frame_0000021845_r.jpg,0,1143.59,458.10,1114.53,365.02,1059.37,298.73,1008.81,274.62,982.88,293.49,1012.61,312.41,958.63,297.58,968.08,307.62,981.41,317.90,1002.37,353.48,953.23,359.22,974.82,362.34,994.33,361.83,998.61,393.97,962.79,398.94,988.19,396.55,1010.69,392.50,1001.38,433.27,984.96,428.08,1001.90,423.16,1018.50,418.03
EK_0107_P21_01_frame_0000022141_l.jpg,0,1178.84,789.55,1097.30,792.92,1046.91,745.52,1018.17,692.13,983.61,672.97,1072.33,666.58,1011.06,621.61,982.74,635.64,973.57,651.71,1104.79,643.12,1040.54,590.14,1009.30,610.85,1000.38,633.11,1128.61,639.15,1071.65,589.87,1040.26,604.49,1030.17,624.15,1143.40,647.14,1101.11,610.45,1070.54,614.76,1057.96,628.33
EK_0107_P21_01_frame_0000022141_l.jpg,1,572.68,860.37,649.76,830.70,687.90,772.27,713.30,715.09,749.23,688.18,630.13,714.04,687.74,649.43,724.28,650.90,744.43,661.48,590.88,701.65,653.33,625.84,692.21,634.66,712.53,653.59,566.60,704.37,618.20,638.61,655.99,642.72,677.36,656.73,553.06,715.48,590.85,663.06,621.41,659.44,640.77,666.69
EK_0107_P21_01_frame_0000022335_r.jpg,0,551.78,1070.12,616.66,997.11,637.27,902.56,646.61,822.37,670.24,771.99,486.09,877.27,564.91,787.32,626.32,764.28,672.56,752.05,443.04,878.10,536.14,786.94,600.14,798.70,637.01,820.96,427.71,885.19,516.00,809.92,566.45,826.16,593.54,852.70,428.85,895.14,494.32,840.40,533.15,847.04,552.74,864.65
EK_0107_P21_01_frame_0000022335_r.jpg,1,1088.22,752.84,1001.86,757.18,940.41,727.21,893.65,711.10,861.91,718.41,972.59,617.82,893.22,638.14,863.53,678.21,848.43,711.50,983.02,599.51,888.96,624.58,864.34,670.55,855.07,710.70,986.99,598.05,894.96,628.56,870.73,672.20,860.87,710.45,984.40,611.14,915.55,636.87,891.68,668.75,878.34,701.75
EK_0107_P21_01_frame_0000025971_l.jpg,0,576.72,1073.87,649.68,1024.16,696.69,933.29,734.35,865.39,765.33,812.89,585.07,854.66,656.83,771.23,700.15,807.92,703.46,854.80,566.25,863.56,645.39,794.88,691.08,831.31,700.68,872.21,565.04,884.76,642.66,832.51,681.95,864.64,689.42,895.68,568.67,905.32,632.10,868.05,661.06,893.65,666.60,918.33
EK_0107_P21_01_frame_0000026355_r.jpg,0,1267.47,853.66,1228.11,800.45,1157.43,743.42,1071.14,736.63,1014.16,753.06,1137.44,662.19,1041.40,654.05,1038.13,700.79,1065.68,732.89,1122.52,708.93,1049.60,740.88,1062.91,803.26,1087.35,841.11,1119.51,755.32,1066.18,796.02,1074.65,859.85,1092.15,899.73,1128.72,792.76,1091.02,818.49,1094.35,859.01,1106.76,892.53
EK_0107_P21_01_frame_0000026457_r.jpg,0,1294.53,629.45,1315.37,569.77,1308.58,517.89,1281.42,486.75,1252.77,470.58,1238.45,531.09,1211.10,497.29,1222.60,483.77,1238.47,486.87,1221.79,556.35,1205.40,518.79,1223.91,506.13,1239.40,506.59,1215.10,578.72,1205.09,545.13,1219.06,530.81,1234.21,529.47,1217.37,597.86,1207.45,572.01,1216.67,560.12,1229.94,561.12
EK_0107_P21_01_frame_0000026948_l.jpg,0,1077.31,979.61,1012.88,960.13,970.76,920.16,932.54,898.69,902.64,891.96,1044.98,827.63,983.78,820.34,961.13,853.75,959.57,881.98,1067.95,834.42,1003.87,828.79,973.32,858.89,962.43,893.75,1079.75,851.63,1016.56,850.54,986.29,876.52,973.85,909.59,1084.36,872.23,1033.67,875.95,1004.65,894.06,986.28,919.84
EK_0107_P21_01_frame_0000027262_r.jpg,0,1226.64,744.59,1151.12,747.35,1096.84,701.02,1063.76,656.06,1038.58,629.20,1157.35,608.36,1116.13,533.30,1079.80,526.86,1059.22,537.40,1193.20,598.29,1150.75,527.77,1112.44,530.44,1092.69,546.56,1213.04,603.38,1175.42,546.63,1140.82,546.59,1118.66,556.76,1219.62,613.91,1184.44,576.34,1153.71,572.56,1133.54,579.84
EK_0107_P21_01_frame_0000029243_l.jpg,0,1150.77,507.51,998.97,529.18,851.84,463.02,749.18,411.28,679.67,393.71,925.58,231.86,765.20,231.68,716.95,302.16,706.34,359.62,976.34,200.63,824.06,231.13,780.69,305.29,773.40,365.94,1009.16,209.70,870.12,250.90,829.95,311.15,819.86,364.72,1026.30,233.42,924.28,265.30,883.30,311.89,866.63,362.90
EK_0107_P21_01_frame_0000030589_r.jpg,0,1194.65,816.44,1082.12,813.46,977.41,762.87,884.88,713.59,814.49,693.43,1062.35,599.82,916.72,578.92,849.15,615.72,808.50,649.11,1078.53,570.04,929.74,553.19,866.42,598.38,829.23,645.52,1080.61,570.99,950.80,558.33,897.46,595.79,865.16,638.09,1073.68,585.88,981.75,573.37,933.97,597.33,900.19,626.87
EK_0107_P21_01_frame_0000030589_r.jpg,1,607.00,1016.52,601.97,922.91,625.55,827.67,666.94,758.62,720.12,719.97,608.96,776.70,674.27,730.46,727.18,717.74,768.33,718.75,643.18,808.01,715.31,777.95,769.93,772.11,814.56,772.75,674.09,845.18,737.13,828.18,782.56,820.10,817.60,820.62,700.86,880.62,740.46,863.41,770.39,857.88,797.46,856.01
EK_0107_P21_01_frame_0000031425_l.jpg,0,1152.68,845.15,1066.50,869.68,1003.46,837.17,965.92,789.24,948.79,751.11,1001.47,778.56,929.12,729.33,917.57,738.81,926.94,754.88,1037.06,735.70,957.32,687.57,931.05,695.21,925.72,709.64,1069.17,708.91,991.10,664.17,965.71,677.86,962.59,694.94,1097.24,698.73,1029.87,666.50,1005.13,679.08,1003.40,697.18
EK_0107_P21_01_frame_0000031425_l.jpg,1,463.30,985.18,538.41,968.22,600.25,892.98,641.87,829.29,678.57,771.26,555.67,805.43,598.09,735.78,647.43,710.60,680.80,707.39,542.91,803.42,595.62,745.57,647.07,730.20,692.16,727.26,541.35,812.05,595.00,761.99,644.65,749.06,687.80,743.63,545.20,830.69,597.62,782.31,640.67,769.64,674.50,766.42
EK_0107_P21_01_frame_0000031884_l.jpg,0,614.91,948.84,695.64,910.18,737.63,826.77,775.89,752.31,806.80,696.67,656.15,746.14,729.92,662.06,776.55,686.57,789.73,717.59,627.31,746.75,710.81,684.87,759.54,711.88,777.19,740.98,616.00,762.66,693.48,720.66,738.74,738.01,759.88,763.14,616.34,780.30,674.70,745.92,713.37,760.29,734.25,784.69
EK_0107_P21_01_frame_0000031884_l.jpg,1,1078.97,825.80,985.97,868.74,903.23,835.31,857.58,772.34,839.07,732.33,898.37,739.83,833.91,654.88,804.95,624.18,792.40,606.74,939.63,696.51,864.45,616.91,837.53,629.32,833.41,647.55,977.64,672.39,908.96,600.21,880.90,616.62,877.56,639.09,1010.29,662.50,959.90,607.93,927.44,613.42,913.85,628.21
EK_0107_P21_01_frame_0000032010_l.jpg,0,1074.46,689.59,989.60,744.89,901.62,723.43,827.75,684.16,766.91,677.36,887.18,619.05,785.74,593.17,750.20,618.22,738.42,638.03,912.27,575.57,810.79,550.95,782.48,587.89,780.86,612.83,937.60,556.72,844.49,532.20,824.93,566.13,832.65,590.15,958.33,549.21,885.68,523.64,860.62,545.87,864.31,565.68
EK_0107_P21_01_frame_0000032010_l.jpg,1,578.91,787.60,671.29,755.56,720.96,663.51,753.81,583.53,769.42,526.60,624.07,580.89,686.53,488.91,733.33,517.42,744.23,553.81,582.95,578.34,659.50,509.03,707.51,543.20,719.89,577.94,562.65,592.38,636.84,540.56,681.26,564.81,696.54,595.10,557.44,609.46,617.04,570.09,655.08,588.20,670.31,615.94
EK_0107_P21_01_frame_0000032327_l.jpg,0,1276.35,920.92,1196.90,915.15,1133.80,871.29,1084.09,831.67,1051.76,795.93,1221.66,780.87,1211.16,678.96,1179.78,638.08,1154.95,617.41,1259.59,770.04,1241.78,659.89,1198.65,640.10,1169.67,645.23,1279.08,771.31,1251.24,688.70,1210.25,670.80,1181.80,669.39,1283.63,777.89,1250.26,722.98,1215.16,708.19,1190.82,706.59
EK_0107_P21_01_frame_0000032327_l.jpg,1,598.51,868.25,654.61,815.10,682.72,737.32,702.32,681.37,715.20,639.20,598.90,696.34,618.91,624.01,662.77,607.76,695.64,616.69,585.90,711.53,646.81,663.14,692.96,672.98,718.74,695.46,584.42,730.59,646.51,704.22,687.29,714.02,710.13,732.79,588.69,748.04,637.97,725.29,672.63,732.81,693.21,750.43
EK_0107_P21_01_frame_0000033321_r.jpg,0,1215.41,685.57,1162.67,656.65,1125.81,620.40,1091.71,600.37,1060.22,584.35,1210.60,571.46,1204.44,514.37,1181.32,497.54,1160.85,499.50,1237.03,580.05,1226.85,526.27,1199.95,510.43,1178.46,511.33,1250.70,593.71,1239.18,550.18,1217.93,534.11,1197.61,534.41,1255.46,607.22,1246.02,572.48,1228.25,557.03,1208.81,555.56
EK_0107_P21_01_frame_0000035994_r.jpg,0,1078.10,787.42,992.78,824.18,929.89,799.07,888.64,759.50,852.09,744.40,911.23,696.10,847.45,672.25,849.30,698.60,869.18,716.00,948.83,659.08,878.37,636.04,872.84,666.91,888.97,688.63,985.76,642.92,924.42,630.91,915.10,656.29,927.32,673.31,1018.10,643.25,972.25,642.44,961.23,661.95,970.14,677.78
EK_0107_P21_01_frame_0000036923_r.jpg,0,1129.11,669.91,1043.71,650.47,985.02,599.03,940.12,574.58,901.32,582.17,1039.92,496.44,995.09,452.07,976.28,478.11,973.66,505.12,1077.20,492.79,1023.71,480.95,997.86,507.56,989.43,535.78,1102.23,509.48,1048.77,508.09,1025.01,524.49,1015.28,547.62,1115.55,526.47,1072.44,523.77,1053.55,536.87,1046.43,557.03
EK_0112_P02_12_frame_0000000342_r.jpg,0,1317.55,383.23,1259.63,307.95,1214.79,237.61,1170.91,179.33,1128.97,140.79,1309.43,174.69,1278.43,97.52,1241.99,108.77,1214.82,138.53,1314.46,191.69,1277.41,126.09,1231.97,130.28,1201.79,151.14,1309.14,215.31,1270.46,162.29,1228.78,159.33,1199.28,177.34,1299.08,237.18,1271.36,198.37,1236.03,192.04,1211.36,202.43
EK_0112_P02_12_frame_0000000497_r.jpg,0,1470.16,565.23,1398.33,501.54,1354.99,420.51,1311.40,360.22,1277.52,319.68,1507.04,356.49,1530.89,248.87,1479.20,231.74,1427.65,243.00,1536.44,372.61,1516.85,271.90,1458.55,251.88,1415.16,263.68,1545.82,395.70,1515.06,309.59,1467.45,295.26,1424.49,307.73,1541.59,414.34,1513.63,353.20,1472.28,340.30,1433.70,347.43
EK_0112_P02_12_frame_0000000737_r.jpg,0,1588.65,464.00,1445.77,415.27,1371.31,316.59,1317.47,235.71,1258.14,202.66,1421.38,181.11,1319.27,110.37,1277.51,140.48,1259.25,173.02,1491.39,151.75,1373.46,93.20,1328.69,134.88,1313.08,175.99,1549.17,155.95,1434.75,110.72,1393.18,150.21,1383.08,193.46,1587.02,177.15,1508.06,137.71,1465.07,166.17,1450.35,205.73
EK_0112_P02_12_frame_0000001635_l.jpg,0,669.02,841.16,734.33,816.13,759.73,775.36,767.31,736.65,787.29,715.41,729.92,699.45,726.49,637.03,726.44,622.54,727.29,619.33,689.95,697.75,695.45,657.27,707.80,670.05,714.64,686.37,658.48,710.08,668.23,679.88,680.80,692.34,687.34,709.47,631.91,729.79,645.54,707.43,657.58,714.67,665.35,728.81
EK_0112_P02_12_frame_0000001896_r.jpg,0,1560.07,977.33,1541.28,887.57,1550.59,792.32,1546.75,716.85,1544.83,651.56,1663.54,765.65,1612.14,694.78,1562.02,675.58,1531.01,676.40,1651.71,789.38,1573.73,737.80,1524.79,767.22,1507.32,807.91,1630.68,810.73,1566.22,766.57,1523.46,794.00,1508.06,829.63,1613.31,823.48,1560.76,798.71,1529.03,817.33,1520.33,841.77
EK_0112_P02_12_frame_0000002489_r.jpg,0,1282.93,282.53,1191.37,247.68,1138.89,185.05,1111.49,133.04,1090.99,101.34,1213.77,99.42,1181.15,17.68,1164.06,-0.58,1157.98,-1.97,1269.14,102.02,1267.94,18.88,1249.20,0.07,1236.83,0.87,1312.07,125.27,1319.22,55.39,1302.20,44.36,1287.23,51.28,1336.94,160.83,1354.49,127.32,1338.22,119.12,1324.16,126.00
EK_0112_P02_12_frame_0000004158_r.jpg,0,1346.02,435.66,1283.63,360.74,1246.49,287.92,1207.82,241.88,1170.05,211.03,1385.63,236.91,1377.99,193.23,1339.97,200.23,1314.35,215.56,1414.44,263.95,1394.62,221.59,1355.00,218.30,1329.61,233.71,1423.49,298.51,1405.05,253.75,1375.40,247.13,1350.09,262.76,1425.36,326.33,1408.04,286.83,1382.84,276.26,1361.18,283.09
EK_0112_P02_12_frame_0000004235_r.jpg,0,1255.08,928.44,1143.55,911.71,1065.54,869.94,1012.95,819.58,981.21,771.89,1124.39,743.33,1072.20,640.06,1041.57,641.72,1034.99,673.69,1189.75,720.64,1158.77,605.99,1120.16,610.59,1102.52,640.65,1244.37,719.54,1227.02,619.14,1188.38,614.36,1164.23,635.54,1283.62,736.49,1273.85,654.06,1237.48,645.25,1214.98,657.02
EK_0112_P02_12_frame_0000004882_r.jpg,0,1447.51,898.98,1392.32,852.87,1367.29,797.95,1343.12,753.17,1317.25,721.75,1449.77,746.52,1433.90,685.60,1402.17,685.29,1374.07,700.02,1471.95,758.62,1447.76,702.39,1409.64,700.99,1381.83,713.50,1478.60,777.19,1453.21,728.21,1421.28,723.10,1393.98,734.13,1476.39,793.18,1458.52,755.19,1430.86,747.68,1404.74,754.68
EK_0112_P02_12_frame_0000005166_l.jpg,0,239.35,1046.61,336.33,1003.19,389.90,942.29,446.09,886.10,497.60,859.24,336.34,847.80,377.01,762.79,391.08,776.52,393.70,808.07,271.55,832.38,317.83,773.49,332.96,802.66,334.22,835.33,217.76,838.80,260.57,812.56,274.54,840.20,272.58,871.25,173.76,854.60,208.02,840.35,221.82,862.99,224.27,888.42
EK_0112_P02_12_frame_0000005356_l.jpg,0,327.63,1078.85,423.07,1033.35,473.89,970.34,525.36,911.84,573.20,881.47,415.79,882.27,452.74,793.40,468.11,805.91,471.22,837.78,350.67,871.91,396.33,808.96,413.28,833.34,414.80,862.03,296.78,880.48,339.91,844.60,354.39,868.28,352.23,898.30,254.47,898.01,288.57,873.58,305.34,890.76,309.02,914.46
EK_0112_P02_12_frame_0000007074_l.jpg,0,1634.85,1005.33,1505.33,1028.71,1385.44,959.99,1306.69,854.92,1258.93,765.74,1418.48,995.48,1262.84,832.30,1227.96,733.14,1253.32,696.03,1505.26,940.69,1348.31,747.86,1309.65,687.99,1325.82,695.35,1588.20,882.37,1450.58,700.98,1400.88,662.40,1402.87,686.56,1660.83,826.32,1570.62,689.58,1524.51,673.18,1514.78,701.87
EK_0112_P02_12_frame_0000007372_r.jpg,0,1534.99,614.01,1419.93,563.74,1364.44,482.09,1323.97,406.84,1288.78,371.57,1382.19,399.11,1346.30,303.62,1355.02,331.83,1369.05,367.36,1450.96,375.88,1409.62,274.12,1409.52,313.09,1423.16,348.15,1520.46,371.91,1476.96,263.77,1468.51,298.36,1478.18,334.04,1581.37,386.89,1562.99,287.86,1541.81,298.06,1538.13,326.65
EK_0112_P02_12_frame_0000007418_r.jpg,0,1406.48,578.64,1300.11,626.32,1220.21,605.62,1157.32,572.37,1110.59,559.77,1178.92,505.72,1088.28,496.16,1112.77,529.57,1148.12,543.55,1212.53,445.89,1108.50,432.45,1130.21,477.89,1159.08,496.38,1253.47,413.73,1154.27,380.81,1160.84,420.28,1189.53,444.70,1302.11,399.41,1251.54,342.56,1230.35,359.13,1231.86,380.59
EK_0112_P02_12_frame_0000007478_l.jpg,0,1671.24,1106.59,1537.65,1095.84,1422.33,1023.83,1364.23,913.21,1336.67,834.89,1520.21,1045.45,1381.46,856.70,1303.29,762.01,1257.20,729.69,1618.41,987.13,1488.98,783.35,1382.00,699.43,1323.79,693.59,1698.34,926.88,1608.83,748.68,1520.73,708.32,1474.61,735.80,1758.80,877.10,1748.09,743.45,1696.20,724.15,1658.89,745.31
EK_0112_P02_12_frame_0000008005_r.jpg,0,1342.86,955.67,1206.82,937.96,1127.18,872.23,1076.76,794.51,1039.44,738.71,1167.07,749.01,1097.45,687.11,1091.77,737.22,1110.42,775.94,1235.34,723.20,1159.47,705.15,1152.99,754.02,1173.52,785.03,1292.71,727.57,1218.86,716.49,1211.79,755.62,1230.60,789.60,1333.49,739.06,1272.89,726.72,1261.89,759.17,1276.70,788.59
EK_0112_P02_12_frame_0000008005_r.jpg,1,332.31,1101.91,426.43,1045.59,478.44,971.48,530.66,905.20,576.99,865.45,403.27,881.05,446.35,789.05,466.10,810.73,468.99,842.61,339.19,873.37,394.64,803.09,419.99,826.21,424.05,855.63,288.70,884.82,343.10,842.84,364.22,865.24,364.18,894.99,250.79,904.53,292.59,875.63,313.94,890.61,320.20,913.75
EK_0112_P02_12_frame_0000008456_l.jpg,0,1556.32,961.79,1441.38,919.85,1384.93,843.87,1347.86,765.26,1317.38,709.61,1438.82,754.66,1378.51,675.49,1374.33,723.21,1388.84,761.49,1500.86,737.58,1436.61,700.29,1428.20,749.73,1439.09,780.25,1550.29,743.08,1490.08,716.16,1480.19,756.90,1488.92,792.20,1584.71,755.33,1536.88,731.68,1522.55,762.31,1525.97,794.27
EK_0112_P02_12_frame_0000009197_r.jpg,0,1453.15,991.90,1405.16,924.85,1386.11,850.87,1376.07,792.38,1365.72,744.55,1472.64,806.93,1441.57,734.40,1401.63,718.52,1367.23,714.09,1490.71,824.35,1437.46,771.26,1388.55,767.44,1349.36,776.82,1488.87,844.33,1436.03,804.52,1393.27,800.02,1359.22,804.49,1483.34,861.58,1442.84,832.55,1407.74,826.92,1378.66,830.24
EK_0112_P02_12_frame_0000009508_l.jpg,0,1562.64,1091.20,1500.25,1046.78,1467.11,981.99,1438.93,930.73,1403.08,895.91,1552.81,919.85,1549.81,841.41,1518.93,824.11,1488.73,822.95,1582.86,936.62,1521.55,912.70,1473.75,939.43,1454.71,964.08,1593.42,962.17,1529.20,947.66,1491.54,968.31,1472.89,992.35,1598.60,982.25,1551.20,963.51,1517.68,975.52,1499.11,995.73
EK_0112_P02_12_frame_0000009953_r.jpg,0,1617.14,719.04,1501.97,730.26,1418.21,676.16,1345.35,608.97,1289.95,558.76,1470.42,529.27,1342.84,493.82,1342.97,556.23,1377.92,586.82,1515.66,499.49,1387.83,484.96,1385.14,549.00,1416.34,575.38,1546.47,500.44,1432.96,496.69,1428.56,549.28,1459.98,577.77,1562.42,508.78,1470.07,504.91,1463.27,544.70,1489.71,569.54
EK_0112_P02_12_frame_0000011209_r.jpg,0,1522.74,1097.89,1431.11,1061.11,1375.93,998.75,1327.56,937.23,1267.22,910.35,1438.29,913.27,1429.68,800.58,1401.92,778.56,1379.79,796.28,1501.48,905.14,1484.47,786.46,1454.65,764.56,1428.89,769.98,1547.51,908.49,1532.63,801.52,1504.62,777.26,1477.36,784.21,1576.65,918.73,1558.80,836.52,1534.84,808.00,1513.72,805.30
EK_0112_P02_12_frame_0000012195_r.jpg,0,1584.98,737.03,1457.16,738.66,1381.10,683.72,1328.89,629.38,1299.00,596.59,1369.12,577.29,1309.30,499.98,1323.48,545.18,1345.81,579.91,1432.46,535.64,1372.93,498.14,1378.93,541.28,1398.26,570.92,1494.97,521.58,1439.12,510.93,1440.65,543.87,1460.69,573.02,1547.69,516.65,1494.68,510.14,1493.44,540.50,1511.01,565.99
EK_0112_P02_12_frame_0000014273_r.jpg,0,1466.25,782.24,1536.59,706.94,1579.23,615.93,1582.19,529.12,1564.92,460.94,1606.88,607.05,1608.85,525.66,1593.31,476.65,1575.79,442.76,1557.80,601.90,1562.74,519.69,1554.47,463.63,1549.35,416.64,1511.47,603.95,1516.81,521.24,1516.79,468.99,1519.32,422.16,1466.13,608.40,1476.42,542.11,1481.73,498.26,1490.19,456.33
EK_0112_P02_12_frame_0000016442_l.jpg,0,1167.43,977.04,1156.72,893.36,1125.08,827.02,1079.03,780.15,1047.43,742.62,1096.04,797.18,1052.03,758.79,1033.83,752.52,1025.14,752.22,1078.48,828.61,1035.95,794.38,1022.29,784.96,1015.67,779.56,1067.05,859.96,1032.19,832.42,1017.91,816.52,1007.55,803.33,1058.71,892.02,1033.71,866.96,1023.38,853.52,1013.95,841.90
EK_0112_P02_12_frame_0000016442_l.jpg,1,474.13,1055.23,439.99,1011.31,420.56,956.75,393.02,922.09,363.27,898.87,477.43,944.44,493.23,906.32,512.30,876.92,527.18,853.54,506.62,960.02,526.02,921.01,542.12,895.14,557.10,869.16,532.27,980.06,550.86,944.59,567.92,921.00,582.06,895.88,553.08,1003.01,573.38,972.14,587.08,951.16,599.13,931.05
EK_0112_P02_12_frame_0000016774_r.jpg,0,1418.97,1084.44,1361.50,1046.68,1340.14,987.00,1340.91,922.42,1343.49,868.94,1435.92,957.62,1458.33,866.69,1446.50,815.79,1429.20,785.55,1478.99,964.23,1500.14,868.68,1480.88,815.48,1458.09,783.54,1502.23,972.27,1529.00,887.41,1510.31,840.57,1486.85,812.59,1510.66,980.01,1534.26,915.55,1525.95,878.61,1512.08,855.41
EK_0112_P02_12_frame_0000017161_r.jpg,0,1209.72,937.68,1204.17,848.70,1189.92,793.28,1162.39,764.70,1132.24,775.15,1198.83,809.28,1167.13,780.00,1139.59,776.88,1118.26,785.21,1175.60,833.18,1135.87,811.12,1101.51,805.35,1075.96,807.94,1154.08,853.87,1112.13,834.88,1080.45,830.13,1057.52,827.75,1135.77,873.33,1098.74,852.37,1070.31,844.08,1045.52,837.22
EK_0112_P02_12_frame_0000017361_r.jpg,0,1311.11,662.64,1259.11,631.02,1254.18,600.45,1264.84,576.20,1279.82,560.37,1253.30,542.30,1254.34,499.70,1258.87,502.17,1265.29,509.69,1288.63,539.74,1279.42,480.25,1275.18,448.28,1276.48,425.76,1322.97,549.51,1327.40,519.81,1317.01,538.31,1315.99,553.98,1354.75,563.96,1344.69,558.08,1334.29,575.08,1331.42,586.26
EK_0112_P02_12_frame_0000017869_r.jpg,0,1099.60,718.09,1021.79,725.94,973.38,694.14,954.34,647.93,957.34,614.67,974.36,624.77,912.73,566.07,884.54,537.41,869.84,512.21,1010.80,594.52,943.95,528.36,910.21,497.23,892.88,473.01,1053.91,578.94,1022.94,517.85,1013.01,539.53,1016.11,563.44,1096.29,575.24,1073.29,538.65,1064.11,558.04,1066.01,576.56
EK_0112_P02_12_frame_0000017998_l.jpg,0,738.08,599.17,823.78,560.52,880.24,515.53,933.51,480.06,979.32,462.37,810.99,425.09,849.97,337.03,872.66,286.52,890.32,247.27,752.55,418.05,756.43,309.92,760.55,248.19,761.12,201.74,703.87,430.62,685.57,337.57,678.61,276.05,673.55,228.09,669.73,453.43,645.02,387.52,631.94,345.30,622.69,309.79
EK_0112_P02_12_frame_0000017998_l.jpg,1,1356.70,805.39,1283.55,781.57,1228.37,724.26,1187.31,676.11,1148.57,639.68,1293.05,632.64,1288.41,548.76,1260.27,526.24,1239.39,529.31,1321.57,635.05,1301.45,561.76,1266.59,545.23,1239.25,547.92,1335.24,650.09,1305.88,599.74,1274.71,584.46,1248.67,589.12,1340.15,666.82,1311.24,626.67,1282.63,613.36,1260.10,615.35
EK_0112_P02_12_frame_0000018496_r.jpg,0,1381.62,783.54,1280.55,840.59,1200.43,845.22,1139.12,843.51,1088.09,843.11,1185.23,753.77,1155.50,806.16,1181.86,843.46,1199.96,856.08,1226.23,722.97,1203.77,790.64,1222.79,842.59,1245.96,870.04,1269.21,717.48,1244.96,777.60,1253.90,831.68,1271.31,856.24,1301.71,716.54,1279.21,762.54,1285.01,803.59,1298.14,826.22
EK_0112_P02_12_frame_0000018496_r.jpg,1,832.61,939.74,883.46,866.47,881.69,778.08,880.27,710.71,877.00,637.78,782.67,726.36,767.32,642.39,786.18,592.85,809.35,566.95,783.09,743.46,767.51,666.19,788.87,620.55,815.86,593.26,797.34,762.71,799.86,698.33,821.54,658.16,843.57,631.83,817.94,782.72,825.75,728.80,844.54,701.28,864.91,680.39
EK_0112_P02_12_frame_0000018650_r.jpg,0,826.11,755.63,907.18,715.32,940.51,641.68,966.09,584.77,998.00,542.69,868.86,555.25,919.36,485.71,958.50,476.82,981.65,482.68,836.76,570.61,894.59,517.19,940.52,516.57,972.07,525.59,822.23,594.48,873.94,553.98,918.59,553.09,950.90,562.98,817.73,615.59,857.38,584.54,893.63,580.53,923.82,587.89
EK_0112_P02_12_frame_0000018650_r.jpg,1,1248.64,674.56,1227.39,744.19,1213.44,784.18,1211.78,819.82,1221.15,853.17,1101.32,745.17,1104.78,715.74,1128.31,703.41,1150.83,704.39,1100.73,691.26,1107.72,666.34,1131.69,667.14,1154.81,673.41,1118.32,639.90,1125.35,628.93,1144.96,628.38,1166.60,635.57,1142.64,596.81,1149.80,583.16,1167.08,587.60,1186.22,598.74
EK_0112_P02_12_frame_0000019641_r.jpg,0,1577.16,660.01,1475.52,681.35,1385.67,670.80,1307.56,661.82,1241.41,652.91,1358.10,558.32,1270.48,607.34,1268.89,658.71,1284.50,682.25,1385.03,549.04,1303.85,606.71,1301.97,659.18,1318.58,692.50,1411.65,563.01,1341.35,618.88,1334.98,667.11,1347.59,698.32,1429.54,579.77,1375.16,626.05,1364.83,664.80,1369.57,688.80
EK_0112_P02_12_frame_0000019641_r.jpg,1,832.18,500.58,960.37,461.43,1024.60,392.04,1047.00,324.67,1063.68,290.83,973.26,254.95,1059.94,230.17,1084.56,269.49,1086.95,300.75,910.67,235.92,1001.17,227.70,1024.85,272.94,1024.61,305.61,865.72,248.71,939.38,241.11,968.32,278.73,971.73,316.80,832.11,274.91,887.98,264.80,915.39,290.22,923.27,321.99
EK_0112_P02_12_frame_0000021407_l.jpg,0,491.78,665.65,515.44,586.78,537.62,535.06,562.81,499.56,577.20,465.27,508.93,544.03,520.42,525.12,537.69,519.36,546.43,513.46,522.92,576.97,550.81,557.90,561.00,561.22,555.58,566.96,539.94,606.97,570.64,591.44,578.32,596.30,572.46,600.63,557.73,632.55,583.68,624.94,584.91,627.90,575.07,631.38
EK_0112_P02_12_frame_0000022730_l.jpg,0,843.67,718.29,899.51,657.24,914.62,581.46,933.61,518.69,958.10,474.89,804.10,561.42,752.35,484.62,719.03,441.97,693.44,407.27,766.08,574.64,733.57,493.07,717.21,436.48,704.40,396.44,752.28,591.07,767.79,525.70,792.77,517.46,810.26,523.18,749.82,602.78,775.25,555.68,792.41,553.68,807.52,561.31
EK_0112_P02_12_frame_0000022993_l.jpg,0,883.64,877.39,959.08,880.35,1010.18,846.19,1049.86,804.02,1089.65,787.05,980.45,755.37,995.99,675.30,1001.79,627.14,1002.86,590.75,943.77,741.67,967.68,662.41,979.40,611.82,986.09,575.20,909.86,740.18,934.59,668.46,947.90,623.21,957.51,588.86,879.70,746.12,900.92,691.86,913.38,658.57,924.99,632.71
EK_0112_P02_12_frame_0000023196_r.jpg,0,843.08,783.20,916.58,764.36,955.97,713.07,980.83,660.30,1013.85,632.85,914.90,635.33,910.04,554.75,903.15,509.58,895.65,476.80,874.91,630.04,873.67,546.48,869.49,497.35,866.08,461.46,839.31,635.13,842.51,559.59,842.38,516.54,842.54,484.24,808.56,647.49,812.90,594.43,815.77,563.65,820.10,539.73
EK_0112_P02_12_frame_0000025406_r.jpg,0,928.65,840.53,987.61,826.02,1035.55,780.39,1066.67,733.66,1090.34,693.53,1050.04,728.37,1080.46,692.79,1100.25,675.88,1106.43,667.23,1027.59,712.99,1059.75,674.06,1082.85,664.05,1096.95,657.33,998.67,702.34,1027.48,674.65,1027.79,700.81,1019.54,719.90,965.84,694.80,998.24,679.51,1001.71,700.86,998.64,717.66
EK_0112_P02_12_frame_0000025406_r.jpg,1,1155.35,1099.74,1199.53,1047.55,1221.30,981.99,1220.97,926.09,1218.59,881.62,1218.73,927.24,1210.85,856.56,1190.18,814.42,1169.75,784.58,1186.53,935.72,1177.18,863.24,1157.15,820.74,1137.80,789.64,1151.50,955.29,1134.98,886.72,1116.10,847.93,1099.79,819.01,1112.78,985.26,1083.16,938.43,1064.22,905.77,1047.52,877.47
EK_0112_P02_12_frame_0000028409_l.jpg,0,991.21,886.46,915.12,919.99,842.90,905.11,790.74,885.88,754.49,885.91,835.42,786.13,803.76,731.72,794.73,709.89,789.20,693.92,864.74,746.56,829.49,682.88,813.33,652.81,804.94,634.30,902.54,723.82,873.46,674.26,856.49,652.37,843.72,636.39,943.44,714.24,922.68,674.50,908.72,663.05,899.78,660.60
EK_0112_P02_12_frame_0000028620_r.jpg,0,790.47,705.69,885.34,691.24,946.78,620.57,976.45,553.64,1000.39,497.89,923.71,544.52,971.50,468.95,1022.95,452.65,1060.01,456.98,901.80,546.00,951.49,475.74,1003.12,463.61,1036.24,475.65,890.56,564.19,937.41,510.60,982.54,501.09,1014.33,506.68,887.87,589.19,929.57,562.42,961.40,560.53,983.30,570.20
EK_0112_P02_12_frame_0000028865_l.jpg,0,902.94,1107.31,1002.91,1103.54,1081.44,1071.73,1154.79,1039.96,1217.37,1034.43,1069.64,965.06,1148.60,859.09,1177.46,807.54,1191.96,770.26,1011.70,935.75,1086.08,824.63,1103.26,784.16,1102.68,766.99,950.21,917.76,1016.00,807.97,1035.77,762.44,1041.14,739.62,890.26,909.65,906.26,818.87,917.01,766.59,928.58,725.32
EK_0112_P02_12_frame_0000035506_l.jpg,0,484.97,783.00,546.77,755.89,602.61,716.35,665.09,690.64,720.24,656.98,534.79,596.40,603.21,564.21,662.15,569.54,702.00,587.65,526.79,577.37,594.25,507.56,659.84,514.98,703.54,546.93,520.90,558.99,574.17,483.42,637.65,495.39,678.66,530.82,516.00,543.94,543.61,477.28,585.55,476.16,621.13,497.25
EK_0112_P02_12_frame_0000035645_r.jpg,0,741.22,878.46,655.39,848.10,606.72,774.94,581.36,708.90,541.49,662.91,696.74,681.48,712.38,587.75,725.56,525.51,736.21,475.73,751.26,690.07,773.67,594.34,787.15,527.73,797.82,475.49,799.40,716.65,819.25,628.09,827.85,566.27,834.56,516.70,846.20,753.68,870.77,688.29,879.89,644.02,885.31,605.47
EK_0112_P02_12_frame_0000035736_r.jpg,0,892.52,667.05,980.84,669.73,1044.86,665.92,1084.34,691.09,1114.73,719.33,1043.93,557.68,1097.81,566.69,1128.01,590.48,1141.59,612.31,1006.93,553.29,1062.00,567.80,1090.22,594.84,1109.89,619.02,977.03,561.57,1020.55,570.44,1047.78,588.66,1066.91,608.44,955.61,576.78,988.13,577.91,1005.05,589.70,1017.06,603.43
EK_0112_P02_12_frame_0000035736_r.jpg,1,1307.82,628.13,1216.29,641.18,1157.92,629.11,1119.16,624.10,1084.47,621.99,1144.23,508.98,1100.21,519.38,1078.36,527.69,1067.93,532.73,1178.67,490.68,1133.34,490.98,1114.60,504.85,1104.71,523.17,1213.17,488.30,1177.80,488.90,1159.17,503.70,1152.50,521.82,1243.82,496.31,1213.95,496.91,1198.72,515.35,1192.37,533.59
EK_0112_P02_12_frame_0000035900_l.jpg,0,1252.27,727.52,1175.15,779.23,1125.01,791.96,1106.23,810.99,1095.31,838.69,1074.97,678.27,1037.47,629.80,1031.00,602.25,1033.33,587.83,1110.65,631.60,1058.58,576.05,1047.49,556.02,1044.35,543.97,1160.01,600.65,1120.81,541.93,1110.59,518.91,1106.77,508.41,1215.74,584.52,1205.11,526.13,1198.65,496.00,1193.39,482.00
EK_0112_P02_12_frame_0000035900_l.jpg,1,886.47,971.30,899.82,912.49,932.68,850.63,983.70,803.76,1033.00,769.37,866.91,775.87,915.29,712.87,966.62,692.00,1010.97,689.96,906.89,791.85,968.25,735.61,1021.73,738.68,1063.55,756.13,942.66,809.07,999.65,771.11,1044.97,775.72,1078.73,795.80,970.98,831.01,1017.96,796.27,1052.16,795.04,1078.42,805.81
EK_0112_P02_12_frame_0000037691_l.jpg,0,1196.62,891.46,1089.49,868.14,1022.79,793.21,976.39,698.40,951.47,620.22,1068.37,681.46,979.07,550.22,931.47,486.40,898.54,440.15,1121.91,649.11,1024.06,512.17,967.73,452.72,922.89,417.51,1162.54,639.33,1086.82,518.84,1037.65,465.31,996.05,435.56,1189.66,644.74,1156.68,564.35,1132.17,523.82,1109.40,501.86
EK_0112_P02_12_frame_0000038245_l.jpg,0,558.52,1012.54,512.75,933.86,517.62,839.42,538.73,764.33,540.23,689.13,586.15,779.12,622.69,698.29,653.08,657.04,681.80,625.43,632.18,803.67,672.00,716.46,703.49,668.16,732.96,631.22,663.43,837.85,709.34,760.74,739.42,714.65,771.23,677.59,696.20,882.94,738.54,832.08,764.28,801.04,792.00,769.41
EK_0112_P02_12_frame_0000038245_l.jpg,1,1274.61,988.90,1191.91,981.79,1126.57,925.46,1078.27,884.86,1035.28,868.04,1153.54,838.64,1108.64,759.95,1079.85,720.13,1053.67,693.13,1200.83,818.94,1159.64,742.12,1130.11,709.21,1104.64,689.66,1246.11,819.25,1213.26,751.11,1185.03,717.67,1161.63,695.13,1283.64,832.03,1257.32,782.15,1236.60,760.89,1218.55,750.10
EK_0112_P02_12_frame_0000039611_l.jpg,0,474.34,860.32,487.93,791.91,532.28,701.05,582.18,638.50,625.84,572.45,517.30,616.74,564.01,537.52,612.44,513.06,656.18,516.68,543.18,647.27,617.57,583.59,680.11,577.09,732.78,589.34,560.42,679.89,627.84,630.57,682.37,623.53,723.42,639.89,575.32,710.39,622.48,682.03,656.81,679.27,686.80,686.96
EK_0112_P02_12_frame_0000039708_r.jpg,0,1321.60,427.30,1256.44,399.52,1215.11,361.96,1183.79,346.71,1155.02,336.74,1275.91,287.04,1226.69,270.75,1193.56,270.23,1170.56,273.03,1305.47,291.74,1257.05,272.05,1220.94,273.94,1196.14,283.80,1323.13,306.41,1283.72,288.35,1253.70,288.44,1233.19,299.64,1332.57,320.99,1297.52,302.35,1274.02,299.57,1255.69,306.49
EK_0112_P02_12_frame_0000040422_r.jpg,0,626.45,1099.46,671.50,1047.94,714.17,977.83,755.39,920.41,802.44,878.78,666.25,887.38,716.11,807.44,765.57,799.11,802.49,813.51,686.68,899.87,746.44,829.18,799.01,826.00,841.25,837.74,707.44,919.80,765.40,870.49,815.10,869.00,851.48,888.36,724.35,943.04,768.67,908.08,804.66,909.72,832.85,927.07
EK_0112_P02_12_frame_0000040422_r.jpg,1,1214.54,670.10,1260.32,618.97,1272.56,559.29,1246.40,516.11,1215.04,501.25,1244.12,525.55,1222.07,466.26,1210.67,452.21,1205.83,455.28,1198.68,522.72,1183.01,466.33,1180.46,461.95,1181.48,468.70,1157.28,533.97,1144.73,480.01,1151.89,480.32,1160.77,491.22,1117.43,554.34,1116.58,519.85,1128.71,515.21,1137.27,520.16
EK_0112_P02_12_frame_0000043441_r.jpg,0,451.21,975.02,584.32,948.51,648.35,854.16,697.92,768.20,749.54,712.27,614.73,759.54,686.43,673.84,740.96,646.82,776.61,641.83,544.44,728.22,592.53,602.05,649.97,562.88,694.11,554.34,498.56,719.41,543.42,616.82,609.20,590.77,655.77,592.63,472.51,721.30,520.47,654.11,566.49,631.25,610.57,628.86
EK_0112_P02_12_frame_0000043905_r.jpg,0,432.99,1090.90,543.60,1050.04,606.45,969.01,654.60,893.02,701.59,845.60,560.71,884.20,634.93,775.46,684.64,745.20,720.06,738.34,494.77,852.56,532.63,703.77,582.60,654.47,626.61,639.15,447.95,841.33,488.05,723.11,542.28,697.72,587.07,692.89,423.11,843.36,462.38,765.16,506.56,741.46,546.01,736.86
EK_0112_P02_12_frame_0000044145_l.jpg,0,685.51,930.84,763.98,899.29,791.30,834.82,795.79,768.98,795.75,724.37,768.60,798.63,814.90,714.58,836.52,674.32,850.34,651.16,711.59,785.01,737.46,671.76,770.60,624.43,800.13,605.84,660.79,783.21,670.11,675.28,700.45,631.14,731.44,613.50,624.85,793.56,607.35,714.77,625.36,687.50,652.88,682.51
EK_0112_P02_12_frame_0000047069_r.jpg,0,451.54,1064.43,503.70,1023.60,525.56,958.00,547.59,902.24,574.72,857.14,430.44,910.31,465.22,847.98,499.56,830.54,525.05,833.77,398.58,917.38,399.74,846.12,433.71,826.41,468.82,829.87,385.34,931.34,381.28,870.75,414.74,849.23,446.58,845.43,390.86,945.77,388.09,895.26,408.82,873.90,431.52,864.28
EK_0112_P02_12_frame_0000048124_l.jpg,0,839.53,628.34,915.68,661.24,976.11,645.42,1024.52,619.93,1060.94,609.72,991.02,568.11,1051.91,508.68,1083.22,472.84,1105.22,444.58,962.92,534.60,1029.76,473.92,1067.60,433.89,1094.96,403.95,930.55,513.32,991.92,459.15,1027.71,425.72,1054.73,399.74,895.24,502.13,939.55,462.60,967.54,440.04,991.40,420.97
EK_0112_P02_12_frame_0000048124_l.jpg,1,1310.88,827.22,1252.43,815.59,1222.71,783.32,1209.32,754.38,1195.26,734.10,1292.71,685.65,1252.02,646.23,1230.48,657.04,1219.01,674.04,1323.88,675.89,1269.07,634.01,1244.65,656.66,1236.22,678.98,1340.51,672.79,1293.28,635.93,1266.19,654.13,1257.86,673.94,1352.91,674.46,1314.70,643.04,1292.18,654.52,1282.12,669.24
EK_0112_P02_12_frame_0000048962_l.jpg,0,855.35,926.72,885.44,868.04,914.62,803.24,947.40,749.32,976.51,703.35,868.59,727.86,929.57,686.25,959.50,685.59,970.21,704.75,889.72,738.72,944.43,696.85,970.10,719.84,977.71,759.57,913.92,757.04,962.42,733.50,979.52,768.50,980.68,804.20,934.02,781.92,973.09,758.67,984.35,779.69,984.02,802.44
EK_0112_P02_12_frame_0000048962_l.jpg,1,1221.53,901.85,1169.69,887.13,1144.35,853.66,1127.58,818.14,1114.34,787.37,1182.32,789.95,1156.56,744.01,1135.22,716.03,1115.57,693.32,1207.33,766.98,1175.27,711.74,1145.08,674.83,1117.17,648.88,1227.26,756.46,1198.23,704.60,1170.27,672.15,1142.04,649.40,1241.66,756.33,1227.04,712.48,1207.46,684.43,1184.36,664.40
EK_0112_P02_12_frame_0000051923_l.jpg,0,803.32,748.64,891.37,771.13,966.40,755.00,1015.90,761.97,1053.43,777.76,964.22,631.83,998.82,567.88,1020.21,529.15,1036.85,505.79,919.20,612.29,953.10,544.29,981.93,518.66,1003.33,508.76,878.82,606.87,915.44,553.55,944.69,535.71,964.56,531.92,849.96,614.83,887.23,578.18,914.03,566.12,931.29,564.65
EK_0112_P02_12_frame_0000052482_l.jpg,0,864.96,1083.95,963.69,1081.76,1025.16,1061.51,1078.39,1041.84,1127.39,1041.01,1020.29,911.15,1054.84,798.34,1070.10,741.85,1079.08,705.98,959.71,879.31,991.55,757.51,1008.65,683.64,1021.19,629.37,898.28,871.65,926.22,759.90,944.35,687.92,959.69,631.90,843.44,883.83,823.19,801.74,807.10,747.13,796.38,699.31
EK_0112_P02_12_frame_0000054505_l.jpg,0,1212.45,942.77,1226.27,828.34,1193.25,722.18,1128.87,649.32,1070.70,607.95,1106.38,699.69,1018.04,632.27,974.76,606.60,943.88,586.74,1059.72,733.06,971.86,654.15,924.95,617.58,893.41,594.55,1021.57,778.72,946.86,695.91,914.38,652.85,893.20,624.97,991.41,832.25,937.02,785.67,916.96,759.48,905.40,739.87
EK_0112_P02_12_frame_0000054535_r.jpg,0,652.48,964.36,585.59,893.21,552.17,801.42,544.43,721.02,521.44,658.32,621.98,716.27,640.25,633.97,668.86,593.56,695.09,557.05,669.75,726.69,693.14,643.73,717.82,597.64,740.39,557.91,705.54,753.70,731.08,676.73,750.28,631.88,770.09,593.10,743.49,794.67,769.05,737.80,785.13,704.46,801.08,671.37
EK_0112_P02_12_frame_0000054989_r.jpg,0,1182.77,893.95,1109.99,862.02,1056.69,820.45,1025.91,777.27,1009.51,744.03,1074.27,789.72,1044.57,716.10,1036.21,665.42,1034.24,621.60,1121.00,789.85,1086.24,701.98,1069.52,634.69,1060.74,582.21,1176.97,797.69,1158.08,722.33,1141.80,658.22,1130.82,606.27,1233.95,809.73,1268.24,753.84,1286.80,711.90,1304.24,677.44
EK_0112_P02_12_frame_0000056543_l.jpg,0,1396.87,780.54,1421.54,709.06,1391.53,644.84,1336.78,610.29,1288.74,606.72,1352.35,585.76,1280.23,536.20,1241.40,530.90,1221.27,534.06,1315.08,612.11,1254.55,570.43,1241.47,572.23,1243.68,583.53,1285.77,651.56,1231.87,644.70,1238.93,657.96,1255.86,675.13,1259.99,689.79,1222.12,671.35,1228.57,670.95,1241.54,676.97
EK_0112_P02_12_frame_0000056638_r.jpg,0,853.92,812.79,920.42,751.92,963.74,690.20,1006.79,645.52,1046.27,608.88,881.46,615.65,912.08,560.99,950.98,531.83,977.36,519.70,884.83,641.26,922.47,588.59,964.86,567.04,1000.46,552.18,895.00,668.30,929.48,629.48,966.90,602.78,1000.85,588.86,907.14,695.85,937.79,659.12,961.02,638.42,983.13,623.53
EK_0112_P02_12_frame_0000056638_r.jpg,1,1319.18,851.10,1331.69,771.50,1312.04,703.98,1284.11,654.11,1250.08,631.99,1284.69,682.48,1231.17,628.02,1191.34,600.70,1159.15,582.27,1253.37,708.87,1171.46,676.66,1121.11,669.73,1088.09,662.36,1224.78,744.65,1152.86,711.10,1110.56,704.89,1083.99,697.17,1203.87,782.50,1160.52,745.11,1134.30,726.19,1114.31,705.69
EK_0112_P02_12_frame_0000056707_l.jpg,0,1123.83,777.03,1057.14,804.11,998.76,821.09,955.30,843.28,920.65,865.30,978.58,738.33,932.45,746.29,925.22,775.44,929.25,801.19,991.30,726.23,948.41,745.60,944.69,781.81,951.51,809.32,1011.49,721.21,974.26,740.54,969.12,775.20,976.73,802.13,1035.90,717.12,1002.55,727.33,993.85,748.93,995.30,768.27
EK_0112_P02_12_frame_0000056848_l.jpg,0,1244.69,981.87,1152.02,991.50,1076.25,932.64,1021.02,867.26,977.75,815.34,1079.10,843.35,1005.86,780.42,968.26,750.79,942.43,724.03,1109.04,815.80,1031.88,758.41,984.55,730.30,954.76,710.15,1139.26,806.17,1069.58,753.78,1028.87,728.08,1001.52,708.48,1167.08,806.98,1122.27,763.18,1096.62,737.62,1079.08,716.96
EK_0112_P02_12_frame_0000056848_l.jpg,1,647.03,1062.93,572.69,1001.78,533.66,922.41,509.94,856.74,471.87,818.50,617.26,855.50,638.21,784.94,652.08,741.75,661.09,709.44,664.44,868.55,690.79,792.35,681.29,777.56,669.52,781.85,706.61,889.13,738.72,827.39,712.84,846.23,686.97,877.48,750.11,917.90,778.88,862.33,758.51,860.67,733.64,874.28
EK_0112_P02_12_frame_0000056878_l.jpg,0,1281.78,1043.01,1202.84,1059.62,1127.12,1030.32,1073.24,975.91,1040.29,918.31,1164.92,922.00,1083.46,836.18,1029.82,789.01,991.13,754.12,1198.02,885.50,1102.40,807.62,1041.45,768.28,999.26,741.81,1225.79,865.98,1138.79,793.57,1083.11,757.48,1041.37,731.25,1248.74,856.48,1202.57,796.12,1168.70,760.87,1141.27,733.97
EK_0112_P02_12_frame_0000057466_r.jpg,0,733.46,945.84,686.32,863.08,665.41,784.57,677.93,718.84,680.20,669.75,693.38,789.49,718.41,737.46,726.27,721.39,720.67,713.52,735.06,814.62,784.73,767.54,784.82,793.33,765.14,819.98,767.88,841.19,819.01,796.95,814.41,823.99,793.95,849.75,798.40,865.82,844.46,838.81,838.28,856.94,817.45,876.20
EK_0112_P02_12_frame_0000059340_r.jpg,0,1463.02,555.90,1436.00,483.72,1392.91,415.18,1330.17,372.49,1278.31,340.75,1449.76,336.72,1403.06,274.26,1361.85,261.17,1324.46,264.39,1416.77,367.16,1361.49,320.26,1318.60,311.61,1281.57,318.87,1390.76,400.86,1340.77,362.82,1303.31,354.38,1271.64,349.18,1372.72,433.07,1330.99,398.36,1303.36,391.53,1285.02,387.05
EK_0112_P02_12_frame_0000059550_r.jpg,0,1235.90,511.91,1207.31,482.69,1190.08,436.03,1177.39,392.27,1172.81,370.94,1177.92,364.48,1175.59,331.25,1180.20,348.68,1188.38,364.75,1197.26,354.30,1193.32,318.74,1191.18,340.69,1193.79,360.51,1219.22,360.61,1213.60,328.04,1210.38,344.13,1212.06,363.62,1240.78,378.23,1228.78,359.77,1223.05,369.93,1222.90,385.30
EK_0112_P02_12_frame_0000059550_r.jpg,1,818.11,1074.80,894.72,1077.46,961.71,1036.59,1019.08,998.82,1066.94,961.13,933.77,933.55,1008.58,860.94,1052.36,868.32,1074.46,888.47,906.11,920.04,991.83,871.08,1042.52,889.89,1069.19,918.59,891.40,923.35,968.14,891.86,1014.95,913.56,1039.48,943.23,886.84,935.62,945.80,914.94,983.93,928.81,1005.37,951.88
EK_0112_P02_12_frame_0000059832_r.jpg,0,1202.63,599.20,1137.89,555.49,1127.73,500.80,1133.04,460.22,1136.23,437.44,1186.07,423.01,1153.35,408.55,1131.98,432.53,1128.30,454.18,1228.04,441.58,1191.20,421.88,1166.29,441.64,1157.50,461.24,1250.14,469.24,1217.55,451.37,1192.01,463.62,1184.88,480.72,1263.41,495.24,1233.05,478.68,1212.22,486.00,1203.04,499.21
EK_0112_P02_12_frame_0000061052_l.jpg,0,556.20,720.87,628.12,719.33,674.06,671.35,704.71,626.67,731.81,597.78,597.40,590.10,616.74,517.66,648.17,476.05,676.77,448.76,565.80,570.04,589.53,489.90,636.39,469.51,672.61,469.74,550.79,563.65,581.13,498.38,622.46,496.19,647.87,510.43,546.61,564.81,575.16,521.30,609.79,518.16,633.84,527.69
EK_0112_P02_12_frame_0000061317_l.jpg,0,816.53,664.48,906.49,620.09,949.24,525.02,980.51,443.17,1019.32,397.84,843.84,465.82,928.22,360.07,1002.16,352.27,1045.52,365.20,793.31,437.66,841.50,308.23,906.15,331.94,934.05,377.33,772.36,420.59,800.83,297.46,858.51,315.39,884.16,354.30,776.00,414.09,801.96,321.86,844.82,329.97,865.77,358.65
EK_0112_P02_12_frame_0000066038_r.jpg,0,1183.66,784.77,1219.57,735.53,1235.28,671.20,1239.69,618.25,1241.63,575.04,1255.48,664.92,1258.81,616.52,1248.40,589.02,1235.24,572.94,1227.06,670.54,1216.90,625.32,1200.39,596.17,1182.34,585.55,1198.32,682.75,1192.29,639.60,1172.63,611.35,1149.78,597.85,1168.46,696.75,1156.66,672.15,1134.40,663.24,1112.39,658.20
EK_0112_P02_12_frame_0000066098_r.jpg,0,696.02,858.74,772.39,812.27,809.37,753.46,843.41,708.82,877.30,683.78,736.25,670.59,796.30,626.83,823.39,663.54,820.98,696.56,715.05,682.20,780.75,651.26,813.46,686.91,820.55,722.94,706.24,706.95,766.32,686.19,799.53,712.35,809.60,741.78,701.46,732.96,750.13,714.26,778.43,730.24,792.13,751.27
EK_0112_P02_12_frame_0000066830_r.jpg,0,667.42,876.41,744.26,794.74,765.95,711.76,790.26,644.92,819.04,603.26,652.11,640.25,713.37,552.62,758.03,591.45,764.07,635.06,633.28,659.66,714.18,591.36,762.70,633.34,774.17,681.75,636.75,689.65,716.00,644.30,762.10,676.86,777.13,718.01,642.50,718.19,705.13,688.11,740.25,708.16,759.22,738.55
EK_0112_P02_12_frame_0000066830_r.jpg,1,1221.51,836.53,1148.59,817.52,1086.18,762.26,1039.29,718.93,1001.22,700.95,1116.38,634.52,1011.72,585.16,957.98,583.94,921.59,585.30,1140.88,614.41,1021.25,562.97,962.69,563.96,923.36,574.46,1157.38,622.58,1056.65,587.01,993.02,590.75,953.86,605.70,1164.48,647.58,1095.19,626.47,1048.11,633.00,1021.69,649.19
EK_0112_P02_12_frame_0000066856_l.jpg,0,631.78,909.78,700.02,832.43,712.61,750.98,731.93,682.76,756.32,642.77,602.87,691.11,655.05,600.99,695.56,636.05,698.28,678.60,585.70,708.64,653.45,639.16,697.75,674.95,706.18,714.33,590.83,734.43,657.93,683.32,697.66,708.78,708.66,744.92,599.69,760.48,651.29,721.52,681.95,735.73,697.43,761.48
EK_0112_P02_12_frame_0000066856_l.jpg,1,1163.07,792.21,1070.84,793.13,991.89,752.23,928.37,727.20,876.13,722.66,1024.01,627.55,913.58,641.40,860.73,682.60,825.98,714.40,1054.00,617.91,945.78,635.92,892.76,675.89,856.28,715.88,1073.34,632.51,979.47,655.82,936.30,686.52,906.33,717.34,1083.14,650.74,1006.72,674.01,971.37,699.44,947.37,726.18
EK_0112_P02_12_frame_0000068290_l.jpg,0,1239.59,787.16,1199.33,726.82,1211.98,665.02,1226.11,626.03,1234.51,601.62,1242.41,660.49,1264.94,586.18,1271.65,549.10,1273.03,521.25,1280.28,670.90,1295.16,593.41,1293.80,553.90,1287.19,526.53,1305.59,683.67,1326.10,616.11,1327.39,577.37,1324.37,552.99,1318.69,694.90,1335.89,647.11,1334.58,617.92,1326.80,600.01
EK_0112_P02_12_frame_0000068531_r.jpg,0,848.74,779.92,914.55,752.97,946.77,695.61,972.65,651.96,1002.57,626.60,907.86,629.03,924.76,564.07,947.05,542.67,965.29,535.22,890.26,636.93,915.93,578.62,944.79,563.32,971.38,557.58,885.89,655.05,919.49,618.37,949.70,611.61,977.06,612.72,888.84,675.78,919.37,652.70,944.90,647.73,967.52,650.74
EK_0112_P02_12_frame_0000069547_l.jpg,0,498.41,996.08,520.68,928.68,546.88,850.48,585.12,784.20,624.34,722.45,471.36,758.88,461.49,686.55,467.97,647.11,479.76,627.31,504.23,779.36,498.52,702.56,513.93,664.24,536.96,638.85,539.22,812.35,583.04,767.29,634.82,761.67,679.35,768.52,569.90,851.14,611.51,828.44,648.41,834.71,679.45,844.52
EK_0112_P02_12_frame_0000070047_r.jpg,0,715.36,864.11,785.99,798.52,818.43,718.25,846.27,656.42,874.58,606.50,729.65,639.36,738.50,546.27,766.63,516.49,787.89,506.53,723.50,658.68,743.74,573.32,783.52,546.87,816.40,538.73,731.10,687.09,772.56,638.26,818.40,635.72,853.44,641.66,740.67,713.90,778.79,679.62,817.25,679.92,847.03,688.62
EK_0112_P02_12_frame_0000071384_r.jpg,0,708.22,842.73,811.02,795.93,852.16,712.02,877.68,654.78,897.43,606.07,760.02,604.99,806.37,537.49,833.43,513.24,847.33,495.11,729.68,625.32,817.08,597.36,855.30,634.39,864.44,668.31,717.75,651.89,793.10,629.26,830.87,671.84,844.20,700.86,714.15,672.32,773.35,660.57,805.36,686.45,814.97,712.47
EK_0112_P02_12_frame_0000071474_r.jpg,0,735.48,849.95,831.07,844.99,882.98,785.59,920.11,724.37,945.81,685.37,830.43,713.53,888.24,613.80,918.78,603.64,929.03,608.34,785.79,683.32,864.49,624.64,888.20,654.34,886.31,676.95,758.67,673.94,829.61,637.16,846.83,667.49,840.57,690.13,741.69,675.77,795.66,653.88,813.16,675.84,808.07,699.24
EK_0112_P02_12_frame_0000071790_r.jpg,0,1649.15,609.96,1593.52,578.52,1574.41,532.27,1559.01,499.11,1537.49,487.43,1611.93,463.09,1585.81,423.51,1571.60,422.12,1568.84,426.54,1651.05,460.38,1624.47,404.54,1609.03,406.91,1601.40,415.72,1680.44,470.95,1669.63,410.96,1653.26,408.29,1645.64,416.47,1703.92,491.41,1702.85,449.36,1688.58,442.66,1679.77,446.53
EK_0112_P02_12_frame_0000074139_l.jpg,0,662.62,1021.81,639.73,903.94,667.52,802.84,713.32,737.51,741.66,682.13,736.65,778.43,793.95,708.63,839.62,677.20,883.94,646.39,778.33,804.68,839.39,727.71,882.57,690.66,923.09,654.23,805.55,840.21,865.46,766.92,902.67,723.79,937.77,689.59,830.41,893.51,873.55,829.82,900.48,790.91,927.02,754.73
EK_0112_P02_12_frame_0000074139_l.jpg,1,1378.88,696.28,1301.95,659.73,1267.35,589.97,1240.93,538.71,1210.97,518.78,1325.59,506.40,1264.40,426.50,1227.54,449.91,1219.98,486.21,1372.06,498.76,1298.42,435.36,1259.54,467.54,1254.68,498.63,1400.80,507.41,1327.65,450.56,1291.81,479.75,1289.39,511.01,1410.19,524.77,1351.25,466.28,1317.39,484.17,1309.72,517.09
EK_0112_P02_12_frame_0000076179_r.jpg,0,1279.46,657.74,1226.90,614.93,1187.47,571.20,1141.41,544.31,1100.53,526.47,1246.48,498.27,1201.11,451.74,1171.94,461.01,1148.55,482.97,1242.45,514.27,1188.60,477.83,1163.06,492.99,1146.91,519.40,1234.82,534.77,1188.01,504.76,1161.46,515.29,1144.34,537.10,1227.98,553.97,1191.11,534.58,1166.63,539.10,1150.39,551.80
EK_0112_P02_12_frame_0000077012_l.jpg,0,605.47,1025.10,562.50,934.25,572.87,825.01,598.67,737.33,590.98,658.54,655.83,749.76,711.22,659.82,760.63,619.18,806.46,586.79,702.72,774.21,755.27,679.00,799.58,623.59,838.43,581.05,732.94,810.35,782.28,722.65,816.73,664.72,850.90,621.31,767.27,864.08,807.76,797.42,828.51,754.20,849.67,714.82
EK_0112_P02_12_frame_0000078049_l.jpg,0,736.81,544.38,684.35,468.43,657.01,411.05,640.69,370.41,618.36,352.72,685.91,381.27,690.14,322.42,691.01,309.91,683.59,306.54,722.43,381.10,727.80,321.35,727.17,318.56,719.79,327.94,757.77,388.62,767.08,329.57,763.42,325.05,753.75,335.30,793.80,407.31,801.40,362.70,795.94,354.44,784.40,358.71
EK_0112_P02_12_frame_0000078590_l.jpg,0,507.97,539.25,470.54,442.11,466.48,367.11,470.64,319.36,457.18,282.29,495.18,376.59,491.81,325.46,491.07,296.26,485.39,277.03,531.17,396.56,546.40,349.71,562.76,321.19,575.31,299.63,562.04,420.65,577.61,378.65,593.99,349.07,610.91,325.89,588.20,450.47,601.92,419.06,608.54,398.23,616.22,381.66
EK_0114_P03_22_frame_0000000216_l.jpg,0,749.00,964.05,796.00,927.38,834.16,875.68,872.64,842.75,893.91,809.61,760.81,821.41,762.80,754.59,781.40,719.83,798.03,700.21,743.69,824.80,748.84,755.35,772.25,719.28,795.98,701.06,739.01,831.56,749.95,769.72,772.87,736.44,792.73,719.57,744.27,843.37,756.87,794.32,771.79,764.58,784.58,745.63
EK_0114_P03_22_frame_0000001191_r.jpg,0,1129.65,677.84,1060.33,638.65,1027.27,581.81,1008.30,544.59,988.70,522.53,1113.36,515.15,1126.05,441.42,1119.91,404.87,1110.24,381.41,1157.69,523.61,1178.51,449.85,1153.75,427.22,1129.22,425.55,1182.38,539.44,1194.81,476.11,1167.97,453.60,1143.92,451.30,1191.35,555.31,1194.26,506.79,1172.47,488.99,1151.99,487.87
EK_0114_P03_22_frame_0000002464_l.jpg,0,683.72,1090.83,714.23,1042.56,758.20,989.74,811.58,943.71,862.16,911.70,736.79,906.52,791.83,854.39,821.83,827.58,838.25,807.43,754.89,929.10,816.79,896.39,842.75,918.71,849.71,942.12,771.39,956.46,823.69,938.75,834.99,964.38,832.28,984.17,780.28,981.68,820.55,963.10,829.32,981.01,825.44,998.87
EK_0117_P04_24_frame_0000000364_r.jpg,0,1588.90,878.38,1576.21,799.41,1526.91,758.87,1477.31,748.10,1443.66,738.18,1498.23,757.78,1466.23,734.02,1447.89,722.40,1438.31,716.07,1478.71,789.82,1441.59,768.95,1424.14,759.62,1421.85,754.68,1467.64,820.65,1426.99,801.43,1413.49,788.69,1415.28,779.31,1461.76,853.03,1427.99,826.46,1415.29,807.35,1415.59,787.35
EK_0117_P04_24_frame_0000000492_r.jpg,0,1180.41,829.40,1105.94,845.21,1050.76,820.04,1012.54,797.43,978.67,786.09,1049.16,734.74,1011.58,695.08,995.06,682.98,985.47,683.67,1084.89,708.99,1041.38,669.88,1020.88,662.23,1009.80,666.25,1118.27,698.56,1079.50,657.13,1057.93,643.85,1042.58,643.45,1151.81,696.04,1129.04,657.71,1113.24,640.47,1098.68,632.55
EK_0117_P04_24_frame_0000000492_r.jpg,1,765.65,529.43,841.79,511.99,880.95,466.08,897.41,422.40,915.90,394.88,861.22,394.01,879.76,346.03,893.29,361.98,893.71,384.66,821.03,390.50,845.26,340.98,859.04,359.99,861.84,379.24,790.68,400.17,817.17,371.08,834.99,385.60,837.58,404.00,767.05,416.09,794.41,396.13,811.35,406.87,818.10,423.53
EK_0117_P04_24_frame_0000000549_r.jpg,0,807.34,434.17,919.02,438.85,985.01,380.22,1020.33,333.78,1047.05,299.12,957.93,261.84,992.90,208.71,1018.16,229.39,1019.27,259.53,902.73,258.00,952.63,205.54,981.67,225.15,990.85,248.53,859.46,272.58,909.73,240.55,942.02,252.66,952.88,273.45,828.15,298.04,873.25,275.66,901.03,286.77,911.86,305.45
EK_0117_P04_24_frame_0000000549_r.jpg,1,1451.03,742.46,1379.11,736.93,1317.35,694.63,1269.28,646.04,1217.23,616.47,1424.97,674.84,1352.22,593.67,1305.81,570.98,1274.04,565.82,1465.82,634.96,1370.39,547.49,1321.31,548.85,1307.77,566.80,1485.36,599.33,1396.87,522.81,1350.41,533.15,1334.84,555.68,1491.12,576.31,1444.39,507.69,1408.93,506.29,1391.53,526.22
EK_0117_P04_24_frame_0000000718_r.jpg,0,1353.04,927.68,1293.37,923.74,1247.80,882.31,1224.61,835.34,1209.03,811.68,1297.86,844.93,1233.00,792.85,1196.46,772.78,1173.04,757.75,1332.72,819.74,1273.56,748.39,1240.67,754.48,1228.04,772.64,1355.31,807.15,1317.15,744.68,1284.57,745.57,1267.27,757.81,1367.75,805.73,1364.72,760.71,1344.48,747.65,1326.72,748.75
EK_0117_P04_24_frame_0000000718_r.jpg,1,369.50,931.29,437.61,942.48,481.45,916.25,497.46,884.33,499.82,861.89,486.42,824.81,519.46,778.49,517.57,786.26,508.92,804.82,450.18,804.14,472.81,772.11,469.74,794.26,463.97,813.78,413.33,797.12,434.64,777.86,431.97,797.16,425.92,813.75,375.77,799.71,394.38,768.75,399.04,779.91,400.62,798.00
EK_0117_P04_24_frame_0000000891_r.jpg,0,1324.22,734.83,1252.67,739.60,1208.74,714.03,1178.74,691.27,1159.56,676.11,1233.39,641.93,1214.52,601.88,1206.20,585.62,1200.50,572.96,1268.07,624.83,1257.32,616.73,1255.27,636.86,1261.60,655.48,1304.51,622.92,1291.23,614.17,1289.19,636.12,1294.99,650.85,1334.87,626.06,1326.71,613.00,1320.57,630.24,1325.48,648.03
EK_0117_P04_24_frame_0000003037_r.jpg,0,1415.97,1025.05,1372.39,970.68,1358.59,913.40,1344.36,879.50,1324.93,857.49,1426.53,895.08,1396.33,866.30,1366.39,872.99,1353.22,884.08,1439.34,915.28,1397.97,891.42,1367.91,893.35,1353.39,901.62,1440.14,937.25,1397.89,912.71,1370.71,910.81,1355.84,917.17,1433.83,957.14,1395.72,934.98,1371.88,931.24,1354.53,935.98
EK_0117_P04_24_frame_0000003223_l.jpg,0,1326.98,784.58,1272.20,709.23,1261.79,648.86,1255.77,613.07,1253.54,587.78,1353.11,631.03,1329.99,592.02,1298.39,595.30,1274.16,604.20,1373.80,659.30,1341.67,620.45,1303.86,619.05,1274.34,628.79,1377.14,685.33,1345.55,649.72,1312.40,642.83,1288.83,648.61,1372.04,703.02,1346.39,677.89,1321.38,669.75,1300.70,671.53
EK_0117_P04_24_frame_0000005197_r.jpg,0,1063.70,679.91,999.61,680.37,972.67,653.97,964.43,622.99,965.38,598.94,970.94,572.28,969.41,541.67,978.30,548.50,983.55,561.49,1008.42,553.85,1003.04,522.56,1010.01,534.20,1015.98,548.58,1042.73,548.64,1037.95,508.79,1040.16,513.96,1045.17,523.81,1078.61,554.18,1081.64,511.53,1081.55,511.89,1081.13,521.94
EK_0117_P04_24_frame_0000005262_r.jpg,0,1408.71,994.94,1350.60,986.04,1271.18,940.05,1199.94,901.95,1144.60,872.61,1305.45,830.48,1198.91,810.75,1137.37,825.77,1086.89,839.89,1288.48,818.94,1214.02,752.64,1163.00,721.01,1121.99,696.24,1273.41,832.52,1196.78,809.12,1174.17,824.14,1160.84,828.53,1262.10,852.39,1213.27,850.27,1203.93,863.60,1197.39,869.18
EK_0117_P04_24_frame_0000016711_l.jpg,0,1348.39,975.69,1283.56,901.39,1268.04,818.10,1267.44,758.73,1268.47,722.38,1380.37,787.83,1337.93,718.74,1297.19,708.01,1267.09,703.54,1406.09,809.12,1348.82,755.16,1301.48,753.16,1268.26,762.07,1407.88,829.78,1350.70,789.41,1309.85,788.32,1282.97,795.84,1402.64,843.65,1356.31,815.71,1324.84,810.76,1300.98,818.59
EK_0117_P04_24_frame_0000018643_l.jpg,0,1496.09,878.66,1415.63,819.61,1358.85,742.38,1312.31,683.87,1277.38,634.97,1455.95,671.15,1363.76,623.60,1300.02,630.43,1256.20,644.33,1461.80,691.24,1362.54,664.37,1311.36,691.47,1282.03,727.85,1457.14,717.55,1368.98,696.67,1329.02,720.75,1307.29,750.68,1449.29,736.15,1382.39,731.29,1354.55,750.39,1342.77,770.55
EK_0117_P04_24_frame_0000020538_l.jpg,0,1361.76,587.89,1292.07,557.46,1245.05,502.26,1213.69,463.74,1196.13,437.00,1274.52,440.15,1231.31,387.59,1201.87,406.77,1190.81,433.43,1283.11,459.03,1238.00,416.39,1211.30,433.69,1208.19,458.19,1287.19,480.00,1240.14,450.68,1222.22,468.25,1223.49,486.71,1287.80,497.41,1243.55,478.54,1228.50,489.67,1229.75,503.99
EK_0117_P04_24_frame_0000024418_r.jpg,0,855.51,806.07,877.60,730.29,888.41,658.92,904.68,610.36,908.84,570.13,798.53,648.91,839.08,598.71,872.71,581.73,891.99,576.14,803.51,670.28,840.41,623.51,870.91,606.78,893.13,605.95,815.96,690.88,846.68,651.54,872.44,635.85,892.38,631.73,829.59,707.43,851.08,671.54,870.19,660.72,886.15,656.72
EK_0117_P04_24_frame_0000028469_r.jpg,0,1413.94,155.69,1382.64,164.53,1353.97,164.66,1333.99,158.94,1320.72,152.74,1332.64,136.55,1310.34,119.61,1303.21,125.82,1301.93,133.95,1344.22,123.70,1323.57,103.41,1323.17,117.44,1327.93,132.52,1360.00,114.74,1341.54,96.32,1341.08,110.84,1345.12,125.84,1379.81,109.96,1368.62,98.38,1367.06,105.88,1368.86,114.59
EK_0121_P06_10_frame_0000000990_r.jpg,0,1519.66,816.84,1428.54,762.79,1372.90,681.77,1329.01,626.44,1300.01,617.72,1468.66,584.01,1370.43,570.40,1328.38,621.06,1325.21,655.75,1495.17,601.55,1398.71,600.55,1355.29,647.34,1342.39,684.31,1506.04,630.98,1415.82,630.69,1368.75,668.94,1354.33,711.27,1513.53,655.58,1442.27,655.83,1402.79,681.80,1385.77,712.96
EK_0121_P06_10_frame_0000000990_r.jpg,1,918.65,892.54,943.18,790.19,971.57,707.54,1015.91,650.73,1046.01,594.07,933.10,663.52,936.75,607.38,949.42,578.11,959.54,563.63,963.16,697.72,975.05,640.82,988.92,616.80,1002.85,598.78,992.03,732.83,1015.88,686.36,1035.19,660.40,1054.55,639.32,1019.36,767.36,1040.73,734.98,1055.31,716.32,1068.97,701.34
EK_0121_P06_10_frame_0000001465_l.jpg,0,659.07,1093.77,708.79,1046.55,733.71,1008.22,748.91,981.69,762.89,956.33,689.37,969.34,714.12,938.11,732.20,929.11,747.36,926.92,678.64,985.71,699.70,956.31,723.85,949.50,743.55,952.90,677.24,1005.15,703.21,986.76,732.96,992.95,749.98,1005.24,679.10,1016.61,704.96,1008.49,727.08,1015.64,742.73,1026.14
EK_0121_P06_10_frame_0000001732_r.jpg,0,1638.82,657.81,1639.89,608.87,1663.45,529.37,1663.89,440.38,1640.84,363.59,1782.42,467.32,1820.82,382.29,1817.52,326.38,1799.69,299.77,1740.05,460.51,1743.18,373.24,1693.22,345.47,1642.23,340.82,1697.48,459.95,1693.33,378.83,1646.27,362.42,1603.83,359.85,1659.09,465.60,1649.20,397.01,1627.46,379.01,1609.25,375.94
EK_0121_P06_10_frame_0000002052_r.jpg,0,1731.45,814.48,1639.56,748.64,1610.19,662.38,1608.49,592.48,1600.24,551.67,1726.10,591.63,1700.31,513.23,1668.72,504.58,1646.24,514.27,1784.31,605.37,1747.15,525.72,1709.79,524.86,1685.87,544.10,1817.45,632.35,1775.73,570.41,1741.36,565.58,1718.25,578.14,1832.19,659.96,1800.11,615.50,1770.29,607.11,1747.35,614.08
EK_0121_P06_10_frame_0000002493_r.jpg,0,743.03,448.20,795.66,352.46,792.97,269.09,778.98,214.75,777.72,183.86,653.64,233.68,718.59,180.32,763.44,202.21,777.06,224.74,623.79,265.88,699.99,208.60,743.85,231.72,758.50,263.82,621.60,296.40,689.41,243.88,730.73,257.90,749.71,287.28,631.18,320.53,686.15,279.31,716.54,283.45,731.70,300.00
EK_0121_P06_10_frame_0000002493_r.jpg,1,1455.40,385.72,1327.32,416.23,1241.22,368.27,1230.50,313.01,1241.28,286.58,1225.70,204.19,1210.60,253.88,1221.20,301.50,1236.82,320.06,1300.43,178.58,1275.61,225.25,1274.80,270.80,1288.18,299.66,1368.22,188.90,1338.34,235.14,1330.08,270.57,1339.14,295.90,1411.49,216.42,1379.04,259.78,1371.33,293.82,1376.72,318.95
EK_0121_P06_10_frame_0000004076_l.jpg,0,861.90,584.07,916.40,507.50,913.02,451.90,910.89,411.73,907.10,379.49,822.95,411.56,870.00,349.89,906.82,362.51,922.37,388.62,810.05,410.58,871.44,344.92,905.63,364.43,914.33,392.94,814.10,411.90,876.30,342.64,907.84,363.02,914.67,393.95,830.92,414.40,877.16,348.62,907.15,354.24,921.55,374.92
EK_0121_P06_10_frame_0000004076_l.jpg,1,1460.36,626.97,1393.69,613.70,1334.99,573.33,1296.65,539.58,1269.31,525.15,1340.60,516.26,1279.68,524.33,1264.77,544.58,1257.94,546.77,1357.71,521.69,1302.75,539.75,1295.24,564.70,1301.82,579.47,1371.57,538.66,1322.30,554.71,1320.01,577.66,1328.05,589.41,1379.70,553.29,1341.21,563.42,1342.58,578.18,1351.40,584.99
EK_0121_P06_10_frame_0000004403_l.jpg,0,663.35,148.43,749.65,162.50,813.84,108.60,848.53,41.57,872.46,-7.84,808.33,-0.17,873.99,-54.19,905.85,-52.05,917.72,-41.78,767.83,-33.24,832.90,-87.34,864.60,-87.14,881.93,-83.40,733.24,-46.82,792.96,-102.63,824.17,-99.11,840.86,-89.50,703.55,-47.34,752.50,-98.63,786.77,-102.07,805.76,-95.33
EK_0121_P06_10_frame_0000004866_r.jpg,0,776.95,842.38,852.24,803.26,884.61,735.05,907.66,683.48,937.53,651.84,806.75,657.08,832.03,583.33,849.62,546.80,859.64,518.82,775.78,661.82,808.01,591.75,833.94,562.57,853.52,540.44,760.93,675.16,790.30,616.05,815.82,588.54,837.63,570.12,760.14,689.44,783.23,641.77,804.21,617.52,825.05,604.23
EK_0121_P06_10_frame_0000006438_l.jpg,0,1194.55,660.74,1117.68,657.72,1065.20,607.18,1029.23,555.24,1002.13,522.10,1124.81,509.64,1045.90,470.71,1006.94,485.70,982.72,504.84,1152.69,494.92,1070.56,459.09,1029.34,480.89,1008.45,507.15,1165.86,498.97,1090.26,468.98,1056.78,489.84,1040.64,514.65,1168.86,509.07,1114.60,486.63,1085.14,497.84,1069.85,516.57
EK_0121_P06_10_frame_0000006438_l.jpg,1,764.30,826.90,818.82,795.88,835.22,725.84,849.30,666.20,869.39,629.64,744.63,691.74,798.96,615.16,835.84,601.30,859.42,597.56,712.92,683.50,768.46,595.73,806.15,607.27,824.14,628.36,702.31,681.80,753.52,606.75,789.62,616.13,807.56,631.77,706.29,684.26,744.45,634.10,774.01,635.75,790.75,643.46
EK_0121_P06_10_frame_0000007268_r.jpg,0,1252.96,771.98,1184.31,774.10,1142.29,739.59,1124.96,695.74,1111.97,660.49,1152.87,682.41,1128.24,615.16,1114.78,589.04,1108.72,587.82,1196.33,666.74,1185.79,582.41,1166.64,555.21,1151.90,556.59,1234.98,660.11,1229.92,580.69,1209.13,555.13,1192.46,555.25,1265.73,661.13,1258.11,594.68,1240.62,569.24,1224.17,563.85
EK_0121_P06_10_frame_0000007659_r.jpg,0,970.70,851.41,1021.42,778.94,1027.93,697.27,1034.56,639.82,1053.43,606.03,930.05,656.64,1007.92,618.34,1059.51,632.84,1091.24,649.49,905.54,679.70,996.78,650.10,1054.38,664.73,1094.07,685.49,902.99,710.09,989.98,683.09,1042.83,685.27,1082.87,701.75,909.26,737.14,975.74,715.21,1015.83,712.85,1049.99,719.54
EK_0121_P06_10_frame_0000007659_r.jpg,1,1333.32,770.11,1257.09,712.60,1237.33,634.06,1256.77,577.77,1275.98,548.12,1322.46,558.40,1332.00,500.97,1322.70,493.66,1312.43,500.66,1370.68,579.86,1371.38,520.49,1353.28,508.22,1336.89,517.58,1396.92,609.33,1392.76,556.15,1374.97,540.11,1361.32,543.55,1410.65,639.55,1402.88,594.09,1385.24,574.76,1369.90,571.46
EK_0121_P06_10_frame_0000008098_l.jpg,0,994.75,768.14,1050.54,712.11,1066.79,646.23,1082.10,600.93,1102.29,570.96,987.36,606.08,1025.62,549.07,1049.72,524.55,1064.43,507.89,972.18,622.64,1025.60,584.98,1061.89,592.14,1084.94,605.15,972.49,644.62,1021.69,613.98,1055.59,616.57,1079.07,624.67,981.04,663.00,1020.42,640.69,1049.69,640.61,1071.77,648.40
EK_0121_P06_10_frame_0000008098_l.jpg,1,1447.69,526.84,1388.71,470.22,1361.10,398.60,1350.44,358.37,1347.58,345.42,1441.60,351.72,1392.36,338.54,1369.13,363.02,1367.54,375.58,1460.98,377.83,1410.12,357.31,1384.83,375.01,1384.66,394.02,1467.71,409.76,1418.09,386.14,1392.66,398.33,1392.17,413.95,1466.12,438.39,1426.26,416.16,1403.65,422.00,1399.36,434.23
EK_0121_P06_10_frame_0000008170_r.jpg,0,1005.90,796.18,1067.31,752.73,1089.96,691.73,1100.27,651.15,1113.25,629.03,1027.39,640.61,1070.84,596.91,1095.45,577.25,1111.72,561.12,1011.47,651.40,1062.21,626.13,1090.12,625.52,1106.60,622.45,1007.72,668.31,1056.07,649.77,1083.19,656.53,1098.39,660.75,1012.44,685.38,1050.06,672.56,1072.60,676.29,1085.40,683.88
EK_0121_P06_10_frame_0000008170_r.jpg,1,1380.64,647.64,1379.63,554.19,1374.54,482.48,1345.76,432.85,1319.77,407.18,1443.07,482.26,1386.84,430.53,1348.86,438.13,1337.50,458.90,1412.59,509.00,1354.64,466.26,1317.45,481.61,1301.63,505.97,1383.78,531.19,1332.30,491.73,1299.31,504.92,1284.23,526.93,1357.40,547.82,1324.50,522.74,1302.84,529.05,1292.23,540.85
EK_0121_P06_10_frame_0000008607_r.jpg,0,1382.57,791.19,1330.52,746.16,1307.70,685.47,1287.63,639.75,1273.87,604.23,1396.87,642.52,1348.10,593.34,1309.78,595.39,1290.90,606.40,1419.20,654.35,1366.70,616.79,1323.66,614.37,1295.87,623.08,1423.89,671.88,1372.14,643.97,1335.79,639.77,1310.04,645.68,1421.26,686.03,1382.27,663.31,1353.73,660.40,1329.89,666.88
EK_0121_P06_10_frame_0000008607_r.jpg,1,937.52,648.70,995.30,604.30,1007.18,539.19,1008.21,490.57,1019.15,463.81,920.38,499.18,967.23,442.78,1004.42,446.97,1025.27,461.56,894.94,506.10,953.34,463.21,993.44,471.65,1018.72,486.20,889.41,518.83,944.72,487.68,980.87,492.12,1004.68,505.70,895.16,532.03,936.61,505.48,966.63,506.98,988.35,517.22
EK_0121_P06_10_frame_0000008650_r.jpg,0,878.66,664.03,928.52,603.58,942.04,534.97,955.23,482.18,963.62,454.89,860.26,496.18,897.04,448.59,933.09,457.79,950.03,474.66,849.79,512.24,890.65,469.10,930.30,475.88,952.69,492.64,852.40,533.22,895.46,505.19,931.00,507.26,952.80,520.97,860.88,552.82,897.17,531.42,925.46,530.43,946.21,541.51
EK_0121_P06_10_frame_0000008650_r.jpg,1,1588.41,767.73,1485.23,752.93,1425.16,693.34,1395.06,627.68,1362.46,590.20,1459.54,601.01,1401.54,534.00,1374.78,532.90,1360.71,546.31,1512.75,581.20,1448.59,528.36,1421.50,543.53,1411.79,568.11,1556.47,584.82,1496.57,558.67,1472.58,576.35,1466.31,598.08,1586.81,594.62,1538.38,578.97,1517.40,594.37,1514.69,613.17
EK_0121_P06_10_frame_0000008770_l.jpg,0,1363.25,655.93,1286.48,628.41,1260.73,566.02,1263.36,505.23,1271.30,466.39,1280.93,524.28,1279.13,433.60,1272.56,415.52,1268.45,421.37,1335.15,513.74,1325.01,422.63,1306.89,425.98,1296.88,447.47,1382.06,514.39,1366.25,432.11,1347.31,442.01,1340.51,466.18,1418.38,523.10,1391.33,480.28,1373.19,493.11,1368.64,512.41
EK_0121_P06_10_frame_0000008770_l.jpg,1,1012.58,586.91,1080.67,552.81,1102.70,492.72,1107.11,436.42,1120.43,400.40,1033.58,440.00,1081.88,383.84,1108.04,401.16,1113.00,422.82,999.73,434.97,1056.94,393.36,1080.21,414.18,1080.75,434.35,983.75,440.63,1039.02,406.24,1058.23,425.35,1058.12,445.90,978.35,450.40,1021.72,422.64,1040.05,435.46,1043.72,452.16
EK_0121_P06_10_frame_0000009154_l.jpg,0,808.39,684.08,867.22,634.55,889.59,573.21,905.72,525.42,914.52,499.72,815.94,523.96,860.90,467.43,892.02,483.38,901.22,505.95,801.03,536.39,854.39,492.60,889.77,508.97,903.84,530.88,800.07,556.69,854.22,531.03,885.12,542.93,897.03,562.02,804.70,577.45,848.12,558.87,874.44,565.15,886.95,580.89
EK_0121_P06_10_frame_0000009154_l.jpg,1,1377.24,452.32,1280.49,447.34,1225.17,410.49,1201.05,375.87,1184.77,364.77,1237.53,319.79,1193.63,294.29,1189.34,323.74,1198.97,344.53,1282.89,298.90,1228.96,276.47,1217.27,306.47,1227.93,327.22,1324.59,300.30,1273.20,280.41,1255.40,306.27,1260.59,325.57,1356.89,312.39,1313.42,288.90,1293.70,307.40,1296.87,324.12
EK_0121_P06_10_frame_0000009358_r.jpg,0,491.72,971.95,546.12,926.65,566.76,865.00,572.22,816.15,574.07,781.08,473.39,831.08,447.60,759.95,450.95,730.05,459.71,714.00,436.49,849.64,418.54,781.69,438.33,758.69,458.50,751.93,417.85,870.41,399.30,809.80,419.00,792.75,439.88,792.80,410.50,889.28,395.82,842.46,408.81,827.91,424.64,828.51
EK_0121_P06_10_frame_0000009358_r.jpg,1,1511.28,717.24,1423.40,709.18,1380.28,644.65,1365.37,586.55,1348.13,550.54,1435.67,571.89,1372.73,507.36,1343.11,520.98,1338.23,539.34,1475.36,559.54,1409.86,487.75,1381.60,511.53,1379.45,537.27,1497.95,565.66,1439.16,513.83,1412.07,535.36,1409.16,553.39,1507.15,576.18,1458.42,537.90,1433.91,550.94,1431.72,568.34
EK_0121_P06_10_frame_0000009444_r.jpg,0,962.57,675.96,1020.77,641.86,1042.36,588.04,1045.27,536.39,1046.75,496.47,988.78,538.72,994.89,452.74,1005.54,409.31,1015.43,378.01,946.57,538.53,945.42,450.02,965.87,410.24,985.82,387.90,918.28,546.28,908.48,469.87,930.06,441.08,953.24,428.63,902.32,558.56,891.14,497.56,904.15,471.03,922.59,459.47
EK_0121_P06_10_frame_0000009571_l.jpg,0,906.09,556.86,962.17,494.01,971.72,421.83,943.75,361.66,929.88,317.86,899.93,395.75,887.85,311.63,903.36,290.37,912.16,285.39,855.29,407.15,845.64,322.90,873.22,324.51,890.10,344.06,830.70,422.21,828.76,352.25,854.52,351.52,869.94,367.33,820.40,440.13,818.45,384.74,839.53,380.37,854.20,391.77
EK_0121_P06_10_frame_0000009608_l.jpg,0,871.75,660.02,931.53,613.97,947.41,544.73,939.29,482.37,940.70,434.74,888.55,510.98,921.40,423.75,944.64,380.86,960.91,351.26,849.55,503.52,844.71,394.55,843.63,332.26,839.05,284.57,831.10,506.35,832.14,405.84,834.28,344.72,832.99,295.16,830.16,519.18,856.78,454.28,883.71,431.71,905.85,419.14
EK_0121_P06_10_frame_0000009608_l.jpg,1,1332.07,429.67,1246.31,432.65,1199.38,386.15,1173.65,334.31,1149.66,308.00,1216.31,297.88,1186.05,262.21,1186.13,297.15,1198.91,322.53,1263.38,286.39,1231.60,273.65,1226.11,303.67,1236.82,322.70,1302.88,295.53,1269.74,288.80,1262.79,312.92,1272.40,330.71,1330.90,310.24,1301.93,304.34,1295.76,322.28,1303.65,337.29
EK_0121_P06_10_frame_0000010790_r.jpg,0,1249.78,667.20,1176.70,654.12,1139.88,597.37,1132.21,546.66,1131.95,516.20,1187.60,550.02,1150.95,501.60,1137.68,522.44,1142.90,539.59,1219.54,550.40,1178.70,517.13,1156.64,534.60,1154.72,552.44,1238.57,562.42,1195.92,544.25,1175.35,560.76,1174.97,577.51,1245.86,573.84,1207.46,559.14,1191.79,571.31,1193.03,584.64
EK_0121_P06_10_frame_0000013653_l.jpg,0,1153.76,357.99,1122.91,301.12,1109.87,250.35,1098.40,211.62,1085.98,187.80,1135.64,199.14,1084.42,172.41,1059.53,186.63,1054.29,204.00,1135.13,194.47,1078.17,172.75,1055.60,184.66,1047.19,199.39,1127.15,199.30,1073.78,173.13,1052.00,182.92,1043.48,196.06,1110.62,206.43,1074.37,168.87,1063.67,157.96,1058.14,154.19
EK_0121_P06_10_frame_0000014347_l.jpg,0,1425.44,702.03,1354.20,708.36,1310.40,670.10,1294.59,628.44,1294.65,601.07,1309.03,621.74,1270.06,566.03,1266.78,582.07,1277.18,601.80,1345.55,595.86,1304.12,543.61,1294.92,565.79,1301.79,587.48,1378.88,584.38,1340.13,536.29,1328.20,556.89,1333.70,576.82,1407.71,584.46,1373.03,555.03,1358.71,568.59,1363.49,583.94
EK_0122_P06_108_frame_0000000757_r.jpg,0,1406.46,920.80,1328.40,893.87,1282.11,832.09,1254.14,786.38,1231.62,755.58,1362.40,757.95,1329.70,701.34,1312.62,684.09,1299.70,673.12,1402.75,760.80,1367.99,704.15,1338.37,695.66,1318.44,700.06,1425.42,774.73,1391.42,729.03,1362.76,719.60,1342.22,721.60,1435.18,791.44,1405.68,759.15,1379.16,748.49,1358.67,750.05
EK_0122_P06_108_frame_0000001353_r.jpg,0,1333.03,843.12,1361.50,763.34,1365.14,710.68,1346.27,672.10,1334.51,640.78,1349.68,713.79,1330.44,670.97,1312.40,646.19,1295.37,627.77,1322.25,729.39,1300.15,683.58,1278.06,653.19,1260.79,631.87,1296.51,745.78,1275.30,705.14,1258.44,680.49,1246.12,663.23,1272.43,763.87,1251.88,732.33,1239.79,710.81,1229.79,690.96
EK_0122_P06_108_frame_0000001767_l.jpg,0,1338.40,594.94,1229.63,509.13,1204.86,404.49,1204.39,313.37,1191.65,255.60,1350.92,315.47,1303.03,261.05,1277.76,309.99,1281.91,351.84,1417.19,338.54,1353.65,297.25,1324.26,331.53,1328.12,365.75,1451.83,378.97,1399.30,333.62,1372.37,356.24,1370.79,392.40,1466.07,415.87,1428.42,376.74,1405.60,393.68,1401.76,422.43
EK_0122_P06_108_frame_0000001767_l.jpg,1,822.63,534.32,833.45,428.13,866.26,339.35,908.98,282.22,937.19,227.67,856.19,320.06,913.41,271.79,961.04,261.90,998.30,257.35,876.16,367.04,934.28,328.62,985.18,321.22,1031.52,326.46,890.60,409.78,944.06,377.72,985.81,368.51,1020.96,372.23,907.95,454.59,948.16,431.10,974.87,424.43,999.48,422.16
EK_0122_P06_108_frame_0000002847_l.jpg,0,1046.58,1052.69,983.69,1026.08,953.43,964.38,933.55,909.18,917.59,868.51,1015.42,889.11,949.09,843.52,907.21,846.01,881.86,855.84,1034.05,888.32,957.37,860.05,912.44,878.08,884.05,902.97,1038.89,897.22,966.92,875.82,929.52,894.15,905.56,915.29,1037.31,906.00,985.36,896.75,956.96,910.04,937.80,926.77
EK_0122_P06_108_frame_0000002847_l.jpg,1,352.02,1114.14,386.43,1073.68,418.12,1018.36,450.10,976.17,478.94,936.93,343.66,971.39,386.04,919.11,427.45,895.13,462.08,881.24,346.64,980.82,390.33,931.14,433.72,909.64,471.03,899.45,355.76,994.86,397.09,952.24,436.88,935.01,469.63,927.99,366.27,1006.87,401.19,980.08,430.25,969.30,455.27,961.67
EK_0122_P06_108_frame_0000002951_l.jpg,0,1095.54,654.46,1045.70,622.93,1031.18,568.53,1035.64,527.70,1048.38,514.38,1068.37,487.87,1069.32,415.51,1064.99,372.97,1059.25,344.96,1109.64,478.87,1111.69,402.11,1101.19,358.97,1089.80,333.16,1143.64,480.29,1151.80,406.77,1139.96,371.96,1125.32,350.61,1169.56,490.33,1182.81,433.31,1175.74,400.01,1162.12,376.37
EK_0122_P06_108_frame_0000003451_l.jpg,0,1242.76,593.16,1176.95,643.52,1115.36,651.95,1058.64,630.70,1012.68,622.47,1062.25,569.63,981.89,528.66,939.55,503.44,909.70,482.12,1077.73,522.46,988.36,487.36,937.79,464.87,902.76,444.87,1101.20,487.21,1015.45,458.18,966.41,439.17,931.43,424.09,1130.50,460.99,1062.69,437.40,1023.30,424.31,992.19,414.25
EK_0122_P06_108_frame_0000003451_l.jpg,1,708.29,822.73,783.92,799.12,810.74,726.94,824.58,661.62,842.63,610.76,742.80,662.26,758.19,572.36,770.43,523.20,778.25,484.56,709.55,657.83,728.57,568.37,745.60,515.07,758.67,474.33,696.57,660.79,720.82,585.42,741.53,539.69,758.37,502.94,700.54,666.90,724.31,608.91,742.30,571.96,759.56,544.17
EK_0122_P06_108_frame_0000005880_l.jpg,0,1135.70,781.69,1059.34,815.69,984.56,808.84,919.91,775.26,863.46,755.67,969.01,714.30,890.45,642.47,848.56,602.20,819.02,570.97,1003.50,668.72,913.37,598.30,863.45,557.70,827.77,527.23,1040.06,635.11,953.28,573.05,904.65,539.10,870.24,514.79,1078.50,609.97,1008.94,560.00,967.34,534.01,933.80,514.88
EK_0122_P06_108_frame_0000005880_l.jpg,1,546.75,872.21,624.27,798.76,625.73,711.83,618.32,628.86,637.75,571.07,545.36,685.35,540.02,577.98,569.25,562.01,590.68,577.89,486.36,693.50,522.68,602.43,560.00,607.96,575.55,622.86,452.10,704.58,499.82,632.51,532.68,642.12,546.67,663.67,432.64,717.05,480.75,667.74,509.17,672.31,521.43,686.07
EK_0122_P06_108_frame_0000006392_l.jpg,0,1007.82,773.53,951.97,722.09,948.23,652.32,954.50,599.59,957.68,559.51,1046.55,578.86,1013.28,509.32,963.18,502.13,934.84,520.79,1064.08,572.43,1015.18,496.99,958.03,500.46,927.68,527.93,1069.16,572.22,1014.73,494.07,953.45,499.76,922.10,526.50,1056.36,576.79,1012.69,502.21,964.65,493.05,932.34,509.41
EK_0122_P06_108_frame_0000007267_r.jpg,0,551.52,553.79,642.30,597.78,723.92,588.73,789.15,561.24,821.07,541.30,750.30,513.60,843.01,513.98,831.27,538.28,804.63,552.80,730.17,457.76,828.32,461.07,826.08,492.78,803.22,515.34,700.76,422.31,769.03,443.29,761.84,476.06,735.58,493.34,671.38,405.15,724.96,424.14,723.57,450.09,705.58,466.05
EK_0122_P06_108_frame_0000007267_r.jpg,1,785.44,975.93,755.66,912.17,767.38,839.65,774.93,782.86,770.10,740.69,880.71,845.88,913.17,769.10,910.46,732.84,906.50,706.39,898.23,866.05,912.31,786.01,886.96,747.18,857.77,732.39,894.55,881.29,893.94,812.25,867.14,781.48,839.30,769.38,885.31,888.84,874.55,840.37,849.59,817.97,822.99,809.67
EK_0122_P06_108_frame_0000008526_r.jpg,0,1320.44,601.74,1217.26,617.14,1132.21,563.19,1067.68,509.68,1010.76,478.09,1178.04,415.26,1083.42,386.31,1048.13,391.42,1032.47,398.63,1221.39,385.38,1126.66,336.29,1070.40,331.42,1034.53,338.61,1251.42,385.96,1172.35,352.25,1120.55,356.87,1087.06,376.09,1268.45,400.19,1202.68,379.46,1161.47,381.93,1132.80,396.84
EK_0122_P06_108_frame_0000008526_r.jpg,1,735.27,639.59,814.70,642.89,879.25,600.53,945.31,573.88,997.98,555.45,809.93,471.54,866.05,397.54,898.80,384.37,916.65,381.19,777.94,461.05,842.05,404.17,877.98,404.65,901.59,409.94,761.68,465.76,823.63,421.81,854.73,428.47,873.99,437.93,758.77,474.14,810.10,439.77,838.15,444.67,857.88,456.07
EK_0122_P06_108_frame_0000010421_r.jpg,0,652.35,868.10,707.08,832.56,729.34,768.51,757.60,719.95,790.25,687.46,639.69,728.50,643.99,653.21,673.90,627.56,701.98,620.11,616.76,735.71,640.79,665.39,680.36,646.49,716.75,648.08,607.45,744.56,628.90,686.66,657.32,669.72,685.31,667.04,612.42,750.32,627.04,707.87,650.42,693.64,673.78,691.49
EK_0122_P06_108_frame_0000010421_r.jpg,1,1058.22,880.34,970.11,875.91,921.86,826.13,920.04,766.95,939.58,731.24,912.07,769.90,885.93,694.73,903.32,715.15,918.33,739.75,958.70,742.53,929.45,682.75,939.20,706.57,950.16,733.17,1002.14,726.17,968.32,680.92,972.42,702.62,981.64,729.50,1038.90,718.41,1006.79,708.17,1006.61,729.56,1014.61,749.86
EK_0122_P06_108_frame_0000010551_l.jpg,0,772.08,606.77,838.47,565.93,875.87,520.61,911.43,491.62,945.67,482.68,808.92,438.63,876.52,426.00,913.40,451.27,930.18,474.41,788.19,451.81,860.48,447.14,900.80,474.91,922.70,503.98,780.12,476.68,845.95,480.28,885.19,499.96,907.08,528.26,780.22,500.83,832.77,502.20,864.50,513.78,884.97,534.71
EK_0122_P06_108_frame_0000010551_l.jpg,1,1098.24,596.16,1023.68,575.47,981.28,532.18,954.90,502.62,946.50,497.99,1045.66,440.88,974.25,455.69,974.89,489.22,987.66,501.36,1078.65,443.70,1002.47,461.77,997.84,491.56,1007.24,507.31,1097.59,460.59,1029.16,470.98,1019.19,495.16,1027.01,513.63,1103.75,480.45,1054.35,487.89,1044.52,506.40,1049.22,522.77
EK_0122_P06_108_frame_0000011332_r.jpg,0,676.08,600.00,724.39,554.81,718.27,500.38,700.72,453.30,703.01,416.93,653.38,470.74,662.44,399.96,690.11,397.47,706.59,412.94,619.65,476.93,655.48,433.87,682.24,445.58,688.86,462.41,605.59,489.53,642.70,458.94,666.25,469.33,674.43,485.23,601.99,502.61,628.71,476.79,648.66,482.88,657.40,496.63
EK_0122_P06_108_frame_0000011332_r.jpg,1,905.59,629.48,826.34,613.96,792.18,569.43,799.26,525.01,823.86,498.06,776.94,498.79,806.89,459.33,831.07,471.49,837.07,492.18,817.09,477.89,841.71,445.15,857.87,463.51,860.80,485.23,863.47,471.15,877.59,452.54,888.62,474.23,889.86,496.95,910.96,475.99,923.59,481.97,927.14,504.06,924.32,522.55
EK_0122_P06_108_frame_0000011521_l.jpg,0,1030.02,689.49,959.41,686.01,914.31,646.85,886.51,603.25,866.82,578.57,912.39,572.69,881.44,505.34,877.19,495.06,883.75,495.20,956.27,548.62,931.11,461.25,928.35,481.94,937.37,507.70,1002.00,540.88,979.88,460.79,970.55,480.92,975.47,505.38,1041.70,548.63,1023.98,495.78,1011.41,509.73,1012.77,532.75
EK_0122_P06_108_frame_0000011521_l.jpg,1,763.59,687.73,828.09,655.76,845.25,590.20,850.55,528.09,866.04,488.07,783.69,535.64,828.13,472.43,852.58,490.47,855.66,512.06,748.66,533.60,800.42,486.93,822.47,509.78,820.77,530.29,731.17,543.52,780.07,504.03,799.12,524.00,798.59,546.24,724.02,556.62,759.98,524.80,776.48,538.16,779.85,555.51
EK_0122_P06_108_frame_0000013051_r.jpg,0,661.20,720.70,700.57,654.45,729.84,572.80,768.06,511.87,799.94,471.89,666.90,501.83,720.46,441.30,763.89,441.90,788.17,459.78,680.15,523.66,733.77,478.90,778.90,488.75,806.55,510.97,696.68,554.60,746.96,527.77,784.08,536.39,807.83,554.72,712.35,585.53,749.96,566.01,774.29,573.47,792.16,590.93
EK_0122_P06_108_frame_0000013051_r.jpg,1,1101.19,619.17,1018.25,581.02,987.59,507.61,979.06,431.24,967.85,381.27,1076.20,457.51,1016.69,367.98,978.05,357.83,962.95,363.96,1123.45,441.19,1063.15,341.03,1013.31,340.73,989.24,360.31,1150.50,439.99,1103.94,338.80,1059.07,339.98,1037.26,361.35,1158.82,449.12,1119.49,381.64,1081.91,376.55,1061.21,389.03
EK_0122_P06_108_frame_0000014567_r.jpg,0,1575.80,787.88,1412.92,831.22,1279.21,766.22,1188.87,674.44,1115.42,612.40,1347.84,670.52,1174.69,562.66,1086.99,527.93,1031.28,518.85,1416.05,584.31,1221.59,475.16,1144.08,485.24,1112.15,515.47,1466.10,528.26,1281.39,451.15,1208.86,469.98,1183.56,502.02,1500.16,501.96,1365.40,473.31,1293.42,495.57,1262.68,520.04
EK_0122_P06_108_frame_0000014567_r.jpg,1,515.99,811.03,583.63,778.78,607.31,707.84,620.70,641.09,624.66,596.96,433.58,685.06,405.57,563.69,432.05,490.69,466.83,442.93,396.83,670.12,385.61,524.86,438.61,452.36,497.16,423.12,388.34,651.05,384.32,530.15,434.47,471.70,487.24,445.11,394.38,636.98,395.12,549.35,427.82,503.49,466.86,477.91
EK_0122_P06_108_frame_0000015144_l.jpg,0,1352.91,528.44,1261.18,550.83,1198.22,509.09,1161.23,453.12,1121.94,427.58,1215.24,405.89,1150.96,368.95,1127.27,366.93,1117.72,370.72,1261.59,373.23,1188.33,334.87,1163.37,355.09,1159.87,378.49,1301.76,364.57,1234.67,338.58,1206.30,357.37,1199.81,376.40,1333.55,369.21,1282.23,358.50,1254.42,372.00,1244.79,387.12
EK_0122_P06_108_frame_0000015144_l.jpg,1,604.01,1097.30,659.84,1061.39,681.22,1004.01,676.43,944.69,674.59,887.45,577.91,1043.52,538.29,961.78,551.00,902.29,573.12,867.50,534.47,1041.00,509.66,943.43,538.84,883.40,573.15,859.17,513.13,1024.96,495.70,939.11,522.31,890.44,550.49,863.50,506.58,1006.41,496.10,940.91,515.92,902.13,539.72,877.45
EK_0122_P06_108_frame_0000015651_l.jpg,0,1217.06,907.34,1134.35,892.83,1084.98,835.86,1069.74,767.08,1074.23,724.25,1151.85,774.83,1095.25,702.51,1064.38,689.08,1045.32,688.46,1191.92,755.31,1133.33,673.55,1096.22,667.86,1073.23,682.43,1217.57,750.83,1161.06,685.40,1125.05,683.54,1103.33,698.66,1231.40,755.44,1184.36,722.49,1151.70,722.46,1130.60,732.94
EK_0122_P06_108_frame_0000016180_l.jpg,0,664.62,471.63,738.43,468.41,782.77,435.20,815.37,400.15,832.31,383.67,760.52,341.57,817.42,335.65,836.78,359.21,841.16,378.46,733.35,313.45,794.78,295.19,813.97,321.02,816.83,343.52,711.86,305.56,764.48,277.64,783.23,299.85,786.82,321.33,700.67,310.43,742.68,292.48,760.09,304.43,765.59,319.32
EK_0122_P06_108_frame_0000016180_l.jpg,1,1178.47,550.26,1091.95,553.24,1036.84,514.42,1004.63,464.12,988.97,435.98,1008.68,430.71,989.38,380.92,1005.13,390.88,1017.26,408.75,1054.16,397.12,1037.57,373.51,1048.08,396.99,1059.83,422.43,1103.31,383.02,1086.91,389.15,1095.29,412.04,1107.31,435.15,1144.52,379.71,1129.12,387.26,1133.83,406.49,1142.47,425.70
EK_0122_P06_108_frame_0000016376_l.jpg,0,661.04,1044.76,722.32,1023.90,756.73,967.03,786.79,922.86,818.42,894.23,685.78,906.98,698.49,828.98,720.38,791.46,739.24,768.29,658.18,904.69,674.56,825.62,707.22,793.93,735.67,783.78,645.57,907.25,657.95,838.46,685.81,810.80,711.50,798.75,644.07,910.31,651.19,853.95,668.91,828.38,689.47,815.56
EK_0122_P06_108_frame_0000016376_l.jpg,1,1499.14,822.10,1447.73,761.10,1447.14,704.28,1457.25,669.01,1461.93,654.52,1551.09,667.31,1530.80,638.26,1503.66,646.78,1490.42,664.16,1583.37,701.99,1555.93,672.31,1526.61,678.90,1515.65,695.78,1593.46,740.35,1573.57,710.27,1549.44,712.73,1537.84,728.92,1591.70,774.54,1576.29,749.22,1559.56,748.27,1548.13,758.18
EK_0122_P06_108_frame_0000016588_r.jpg,0,1097.14,549.26,1025.16,529.32,994.09,478.39,991.37,436.80,1003.42,408.30,992.56,413.60,989.95,352.72,994.34,328.65,996.42,313.09,1033.41,398.86,1047.83,353.09,1052.95,365.93,1050.27,385.43,1076.84,401.91,1079.31,395.14,1078.92,418.72,1076.41,437.15,1114.81,409.02,1108.97,413.77,1105.21,433.22,1102.48,448.99
EK_0122_P06_108_frame_0000016588_r.jpg,1,973.93,952.84,1026.70,890.82,1043.51,830.54,1060.56,786.30,1089.32,767.74,972.37,779.20,1024.06,733.89,1063.37,734.19,1088.77,743.09,959.48,799.10,1018.53,766.36,1063.45,773.32,1096.28,789.49,959.65,823.81,1014.44,800.48,1054.64,802.11,1087.54,814.22,966.66,846.61,1008.71,829.46,1040.62,827.64,1070.51,834.90
EK_0122_P06_108_frame_0000016700_l.jpg,0,1167.37,699.09,1090.68,719.75,1039.31,688.01,1010.33,645.44,989.92,616.40,1039.93,604.29,1012.65,550.58,1001.05,524.29,994.82,505.85,1077.73,582.41,1040.31,532.23,1019.18,513.39,1007.42,500.10,1114.05,576.60,1077.28,530.40,1051.95,510.92,1038.22,500.03,1145.23,582.08,1110.52,563.86,1085.54,558.76,1069.86,558.87
EK_0122_P06_108_frame_0000017021_r.jpg,0,1258.17,682.32,1242.47,632.50,1240.15,584.78,1243.08,566.11,1250.56,568.84,1283.44,570.45,1260.91,558.71,1246.97,569.97,1245.14,581.28,1278.49,589.95,1241.97,587.95,1226.81,597.71,1223.50,611.93,1266.53,612.57,1226.69,614.34,1215.14,621.73,1213.27,631.25,1251.41,632.75,1213.13,634.89,1202.68,640.69,1200.98,645.81
EK_0122_P06_108_frame_0000017378_r.jpg,0,1252.25,1027.97,1186.32,1033.90,1129.45,1000.37,1081.38,973.30,1040.31,948.30,1157.51,898.76,1099.64,869.77,1068.25,870.87,1049.73,881.03,1181.13,888.19,1124.03,845.38,1087.19,838.89,1059.73,840.41,1195.25,892.88,1148.60,860.48,1112.93,855.77,1085.86,862.65,1201.65,904.46,1161.65,883.94,1132.79,882.24,1110.12,890.10
EK_0122_P06_108_frame_0000017378_r.jpg,1,493.49,813.99,545.14,758.22,553.20,696.30,546.00,659.04,541.15,645.35,464.30,669.52,495.79,642.57,524.24,652.23,541.39,665.66,435.39,695.20,474.37,669.96,500.93,680.11,512.11,695.09,425.91,726.18,458.10,697.97,482.61,702.51,495.57,717.12,427.46,751.68,452.53,724.34,472.56,726.54,484.95,739.07
EK_0122_P06_108_frame_0000018571_l.jpg,0,216.89,1080.45,291.68,1029.44,320.49,963.67,327.98,916.08,335.77,884.73,225.53,912.03,226.65,853.05,241.39,834.00,255.50,826.96,185.23,928.47,190.56,867.52,214.17,849.49,236.04,843.71,160.80,950.94,161.96,897.05,182.82,875.90,203.50,868.32,149.54,975.74,145.37,932.02,157.66,911.49,172.97,904.76
EK_0122_P06_108_frame_0000018976_r.jpg,0,345.19,764.64,455.88,793.79,542.13,755.42,593.16,696.34,631.89,664.11,549.15,657.22,640.41,572.43,672.37,584.30,673.00,610.52,504.80,609.88,606.08,547.21,634.29,575.27,632.77,601.49,463.75,588.58,554.53,533.23,580.77,561.12,576.87,587.04,424.83,585.77,495.94,536.22,522.65,554.47,523.70,577.41
EK_0122_P06_108_frame_0000019021_r.jpg,0,346.97,943.74,450.91,1003.57,564.88,973.27,660.35,939.69,738.02,924.46,587.79,823.98,712.32,762.80,767.34,770.07,781.94,789.29,548.16,772.17,684.92,715.51,742.44,738.72,764.59,765.03,510.28,748.68,632.22,696.30,690.85,716.23,715.92,740.69,479.21,743.21,576.26,695.31,626.38,704.11,651.72,723.90
EK_0122_P06_108_frame_0000019523_r.jpg,0,1480.94,848.67,1373.71,849.27,1303.05,810.22,1250.12,778.82,1204.84,745.61,1362.50,699.20,1319.45,610.95,1278.96,568.41,1253.05,544.19,1406.20,683.27,1383.43,574.97,1340.92,549.41,1309.71,551.50,1437.51,679.94,1403.06,601.84,1360.84,586.30,1332.24,587.74,1452.42,684.77,1413.93,640.25,1374.77,630.59,1346.53,631.64
EK_0122_P06_108_frame_0000019523_r.jpg,1,668.44,956.68,759.63,960.70,820.61,902.36,851.01,832.79,880.79,792.11,784.67,792.91,831.87,723.37,847.09,740.40,836.08,764.31,735.09,765.66,789.05,684.75,808.82,712.83,801.42,740.49,695.14,758.77,737.59,679.40,761.82,702.69,760.35,729.36,661.87,768.80,694.36,706.36,717.87,714.63,723.43,731.52
EK_0122_P06_108_frame_0000022251_l.jpg,0,1271.37,363.97,1138.45,346.47,1085.85,233.65,1104.00,111.49,1112.20,27.69,1237.30,147.35,1116.37,-7.33,1021.68,-31.75,954.05,-29.65,1289.21,110.75,1144.94,-37.04,1045.45,-38.32,985.09,-15.20,1303.84,89.33,1161.39,-18.68,1095.14,8.87,1067.58,39.79,1294.55,79.93,1183.35,15.40,1129.53,39.56,1111.61,67.71
EK_0122_P06_108_frame_0000022251_l.jpg,1,591.54,393.91,742.21,417.34,852.59,325.99,897.89,210.64,911.03,119.82,761.00,336.95,912.40,150.57,973.69,75.71,981.49,60.83,660.99,260.56,843.55,68.26,922.27,23.08,941.39,30.45,596.51,189.05,776.16,8.16,859.13,-19.72,889.29,-13.97,565.34,130.71,707.57,33.24,780.22,27.81,815.98,30.19
EK_0122_P06_108_frame_0000022451_r.jpg,0,1146.86,583.35,1105.93,534.32,1093.02,479.55,1079.48,447.01,1069.30,430.01,1176.58,457.46,1109.99,432.53,1081.04,445.89,1074.32,454.85,1186.04,478.16,1119.76,458.78,1091.07,468.77,1079.49,481.39,1183.13,499.51,1120.12,479.50,1088.20,482.96,1073.61,490.54,1173.82,515.34,1120.58,500.52,1090.14,502.60,1073.31,508.26
EK_0122_P06_108_frame_0000022516_l.jpg,0,1173.81,638.55,1107.28,611.50,1088.69,557.13,1092.70,508.55,1087.87,478.79,1144.95,490.54,1113.52,454.20,1093.37,469.31,1089.39,485.25,1180.62,493.91,1144.05,452.75,1118.94,465.19,1110.32,482.55,1201.66,510.06,1169.38,473.14,1144.12,479.72,1134.12,494.56,1212.07,529.78,1185.64,503.68,1164.23,505.58,1154.87,515.96
EK_0122_P06_108_frame_0000022536_l.jpg,0,1111.97,539.08,1048.18,553.78,996.99,538.54,958.22,531.26,935.16,529.67,1004.87,454.46,971.70,485.28,973.89,514.85,982.45,527.38,1034.05,444.90,996.82,477.74,992.71,507.73,1000.57,524.73,1058.08,452.48,1020.74,478.56,1012.93,502.89,1020.11,519.05,1075.12,464.45,1045.15,481.13,1037.46,498.31,1042.18,514.44
EK_0122_P06_108_frame_0000023676_r.jpg,0,1325.97,982.13,1208.83,969.64,1140.34,900.54,1107.03,814.46,1084.31,749.76,1225.36,799.05,1134.16,720.83,1099.97,712.20,1084.30,711.30,1277.47,769.33,1179.82,684.21,1140.80,705.24,1128.55,737.56,1312.40,761.81,1222.55,709.51,1187.11,738.04,1175.59,769.31,1333.26,765.91,1264.85,736.57,1230.96,754.96,1216.23,777.15
EK_0122_P06_108_frame_0000023676_r.jpg,1,737.60,898.98,707.62,848.69,673.24,783.57,652.87,721.28,650.03,649.41,661.40,710.35,654.49,629.47,678.26,575.73,706.57,546.99,686.65,711.01,688.56,627.92,713.46,583.23,741.11,553.49,712.81,714.86,713.54,637.52,732.06,593.54,751.12,562.32,736.22,721.04,739.02,657.01,749.63,620.88,764.34,593.07
EK_0122_P06_108_frame_0000023901_r.jpg,0,496.89,913.81,549.08,884.92,598.29,833.96,654.69,798.64,698.50,767.18,501.11,739.08,513.02,650.05,551.40,611.33,586.04,596.90,486.22,737.15,505.92,647.59,543.58,610.35,578.77,598.15,484.86,743.81,499.17,664.24,530.10,629.77,559.72,615.93,491.43,752.84,508.13,692.87,529.78,665.65,552.33,651.89
EK_0122_P06_108_frame_0000023901_r.jpg,1,1234.01,769.82,1168.65,731.93,1143.46,663.34,1133.99,604.11,1127.70,566.21,1231.48,607.69,1176.58,555.73,1145.66,563.79,1131.97,571.77,1262.69,612.20,1204.75,564.77,1170.54,576.79,1153.81,594.26,1274.43,625.06,1219.96,585.91,1190.03,594.62,1174.27,609.32,1276.74,635.48,1237.30,605.33,1210.95,607.27,1193.57,615.48
EK_0122_P06_108_frame_0000023951_l.jpg,0,1300.41,808.89,1228.23,782.28,1200.08,722.22,1192.44,663.92,1175.47,624.21,1259.74,660.44,1211.66,606.54,1182.79,601.34,1167.90,601.12,1293.91,653.34,1245.19,591.84,1211.20,600.51,1193.87,615.85,1312.32,659.39,1265.30,615.66,1233.29,624.39,1216.62,638.19,1318.97,669.55,1281.51,640.47,1253.28,643.37,1236.82,653.71
EK_0122_P06_108_frame_0000023951_l.jpg,1,587.93,860.66,650.11,828.75,682.76,779.30,710.45,740.99,734.94,711.01,592.11,727.49,581.79,648.21,605.75,623.16,626.99,617.57,566.10,728.33,565.00,648.31,596.85,631.48,622.27,636.79,554.11,733.45,554.27,665.92,581.95,650.47,604.71,652.43,553.78,738.27,553.46,686.53,573.51,670.92,594.07,668.92
EK_0122_P06_108_frame_0000024826_r.jpg,0,1316.05,1021.51,1276.70,983.26,1264.71,907.35,1243.28,841.72,1209.01,804.63,1318.69,833.77,1282.05,756.88,1244.38,765.65,1234.09,788.27,1316.52,846.14,1267.67,791.78,1232.05,809.75,1222.44,834.55,1306.21,865.64,1255.34,829.76,1227.60,848.54,1220.13,867.74,1294.36,881.62,1250.97,859.65,1230.20,874.06,1224.70,888.50
EK_0122_P06_108_frame_0000024934_l.jpg,0,1312.48,814.57,1284.30,739.50,1288.37,665.56,1285.32,608.23,1282.46,559.42,1351.31,642.04,1308.75,582.76,1271.76,573.38,1252.67,577.53,1349.80,662.64,1312.71,608.52,1274.02,594.32,1244.50,592.63,1340.49,682.82,1307.35,635.45,1274.32,620.17,1251.06,612.95,1327.78,695.42,1297.23,655.24,1274.84,641.79,1261.18,632.73
EK_0122_P06_108_frame_0000025034_r.jpg,0,544.76,843.08,597.44,777.78,612.52,707.98,629.34,655.73,650.52,618.30,494.30,676.99,538.32,612.30,578.87,617.44,593.30,638.49,476.39,691.46,529.06,636.99,574.73,645.10,598.27,665.67,476.11,710.84,526.18,666.27,567.58,668.17,590.81,683.24,483.10,728.16,522.48,692.84,553.90,691.66,574.02,700.86
EK_0122_P06_108_frame_0000025034_r.jpg,1,1327.06,785.88,1257.16,739.59,1229.94,676.09,1205.27,622.48,1178.89,584.35,1320.22,608.99,1250.98,560.56,1220.05,585.98,1215.37,611.96,1345.87,617.26,1268.63,584.79,1236.33,610.68,1230.40,636.19,1352.35,635.37,1277.72,607.97,1249.00,628.03,1242.44,652.63,1349.02,650.17,1293.27,630.70,1267.27,644.31,1257.62,664.80
EK_0122_P06_108_frame_0000026609_r.jpg,0,1312.15,670.08,1259.62,618.24,1247.03,573.54,1235.40,540.77,1230.38,524.34,1317.65,527.24,1313.46,483.67,1303.94,472.97,1294.19,475.11,1334.41,546.44,1333.12,499.59,1319.81,485.61,1304.59,481.19,1339.10,564.67,1338.61,527.33,1326.66,511.37,1312.28,506.27,1338.46,579.20,1339.06,552.64,1331.80,537.96,1322.92,530.59
EK_0122_P06_108_frame_0000028226_r.jpg,0,1103.18,677.83,1066.32,633.46,1047.52,586.92,1021.32,556.21,1005.65,534.03,1114.40,542.78,1065.31,516.33,1029.84,518.20,1010.07,526.22,1115.11,559.93,1058.98,538.72,1030.06,556.47,1018.51,578.54,1107.84,577.91,1055.81,564.65,1033.43,582.16,1029.19,601.67,1097.46,591.72,1059.80,584.84,1041.33,593.63,1036.78,606.20
EK_0122_P06_108_frame_0000029417_r.jpg,0,1039.70,690.73,986.21,680.98,967.23,646.07,974.38,613.29,989.44,598.42,987.85,582.68,984.97,553.48,982.91,566.32,985.05,583.87,1022.41,580.43,1013.36,568.64,1004.29,585.60,1005.14,601.97,1050.69,591.16,1041.90,571.51,1030.40,584.43,1029.33,600.01,1070.81,606.69,1061.90,589.24,1052.00,596.43,1049.67,607.84
EK_0122_P06_108_frame_0000029671_r.jpg,0,1093.79,707.24,1044.41,724.72,1018.99,709.66,1009.06,687.28,1010.45,671.73,1014.95,653.22,1001.17,626.34,1003.30,622.06,1009.70,625.53,1045.37,632.19,1024.81,597.00,1021.61,589.05,1021.92,587.98,1071.90,623.53,1053.89,588.43,1043.04,572.67,1038.16,563.49,1101.19,624.03,1089.95,593.83,1084.17,576.23,1079.04,564.12
EK_0122_P06_108_frame_0000029776_r.jpg,0,1084.78,776.82,1040.01,749.17,1018.35,702.12,1000.88,666.11,984.44,640.27,1078.41,661.28,1055.21,609.36,1043.25,582.50,1035.35,558.44,1090.99,662.92,1060.21,620.33,1037.41,600.02,1023.58,587.27,1094.35,670.95,1045.94,647.40,1018.32,661.49,1007.03,675.14,1092.59,675.57,1052.71,663.34,1030.86,674.82,1022.09,687.62
EK_0122_P06_108_frame_0000029876_l.jpg,0,1481.60,755.62,1401.39,740.90,1342.08,683.98,1307.12,630.74,1284.43,595.50,1437.45,652.46,1401.93,539.06,1365.77,490.44,1339.92,465.67,1492.71,632.20,1463.60,504.58,1410.71,462.86,1371.50,453.66,1524.23,615.52,1504.07,498.09,1451.91,462.02,1413.47,456.28,1535.61,606.00,1518.66,512.13,1481.93,473.52,1451.08,460.07
EK_0122_P06_108_frame_0000029876_l.jpg,1,620.67,938.50,690.72,910.94,722.01,849.31,736.65,808.07,734.58,788.52,660.38,787.38,702.84,767.41,724.80,788.56,732.99,808.04,628.70,793.28,677.58,784.47,702.24,805.19,714.15,827.18,611.93,811.29,658.98,800.66,684.17,815.90,697.86,834.13,605.93,829.56,645.24,814.57,664.43,825.78,676.86,840.98
EK_0122_P06_108_frame_0000029938_l.jpg,0,1474.46,717.29,1386.93,720.88,1325.04,679.47,1286.96,630.32,1267.01,587.03,1332.07,674.86,1241.88,605.32,1191.42,547.33,1159.32,506.83,1384.82,647.96,1311.49,549.55,1256.66,490.80,1218.60,460.10,1442.89,624.36,1381.16,525.74,1324.33,469.21,1277.93,438.59,1495.72,607.46,1480.15,524.81,1455.95,477.61,1432.30,448.34
EK_0122_P06_108_frame_0000029938_l.jpg,1,677.83,796.27,741.86,781.75,783.46,724.72,805.80,680.57,801.48,655.18,733.64,650.73,781.14,623.89,802.39,640.97,812.10,657.98,703.82,650.35,755.16,644.09,776.11,668.30,784.22,689.97,686.28,665.69,736.17,661.38,756.98,681.20,765.71,699.93,678.51,683.92,721.82,677.49,739.34,692.24,747.79,709.50
EK_0122_P06_108_frame_0000030176_r.jpg,0,1131.36,644.98,1076.26,643.24,1042.15,613.25,1037.23,582.83,1043.35,566.35,1066.67,542.95,1038.18,526.99,1022.59,533.12,1014.68,541.37,1095.57,539.05,1064.84,529.12,1047.46,539.52,1038.98,550.98,1114.14,546.88,1083.28,541.15,1066.97,552.72,1059.14,564.16,1126.76,557.36,1099.21,552.66,1083.89,559.36,1076.68,572.00
EK_0122_P06_108_frame_0000030176_r.jpg,1,562.31,996.10,615.15,958.96,637.76,902.33,649.94,860.06,656.35,834.15,573.30,850.53,617.65,824.06,637.02,850.58,634.01,872.05,561.21,863.66,606.92,844.35,627.30,868.58,631.05,888.89,557.63,883.62,605.46,866.67,623.96,886.24,627.90,903.69,558.64,901.01,599.14,883.80,614.21,900.41,620.92,914.51
EK_0122_P06_108_frame_0000030576_l.jpg,0,720.81,903.22,775.35,869.13,805.02,818.53,825.24,779.99,841.79,768.00,757.85,767.29,805.75,733.07,838.11,744.27,857.18,762.05,745.05,779.85,802.20,764.29,838.21,781.91,861.19,803.72,740.04,799.09,794.25,794.67,827.59,805.26,850.83,825.81,739.89,817.74,780.60,814.75,807.13,821.66,829.17,837.32
EK_0122_P06_108_frame_0000030576_l.jpg,1,1163.90,913.00,1098.34,896.50,1070.13,845.98,1064.54,799.48,1050.72,771.03,1111.53,778.64,1086.97,742.96,1069.56,740.81,1060.03,747.23,1150.56,778.72,1120.81,747.34,1099.29,751.60,1087.86,763.73,1177.23,791.54,1149.55,761.93,1127.42,762.18,1114.48,772.09,1194.71,808.04,1169.59,785.52,1148.23,783.15,1134.71,789.43
EK_0122_P06_108_frame_0000031163_r.jpg,0,572.98,241.23,615.45,166.44,623.94,95.55,635.99,49.75,638.75,32.65,522.75,47.77,594.62,22.84,629.30,54.44,641.28,89.95,510.36,70.43,598.87,53.18,638.35,91.99,655.26,134.09,513.70,97.82,600.35,87.46,639.54,118.30,655.12,152.75,521.76,125.07,594.06,120.25,621.69,139.52,631.42,162.06
EK_0122_P06_108_frame_0000031326_l.jpg,0,545.43,485.68,633.30,450.43,664.35,383.42,647.50,319.49,634.94,283.21,618.15,319.76,635.65,230.53,642.63,189.06,640.99,161.21,564.78,310.41,594.12,210.50,610.07,164.26,616.09,136.04,522.77,314.61,535.30,227.57,554.98,189.62,569.34,169.01,493.96,329.61,503.40,260.28,521.63,236.58,538.63,226.98
EK_0122_P06_108_frame_0000031326_l.jpg,1,1069.53,738.60,1041.17,658.25,1020.15,596.39,991.09,556.89,970.02,528.35,1023.72,581.52,969.73,558.33,949.55,570.93,947.96,583.68,1013.70,620.91,952.73,602.74,939.86,626.61,945.30,652.08,999.94,656.79,948.80,640.80,939.01,660.39,950.68,682.47,986.70,685.62,950.56,683.63,948.81,694.63,961.13,702.74
EK_0122_P06_108_frame_0000031555_l.jpg,0,599.94,886.18,652.68,835.53,654.56,768.38,645.69,720.03,642.27,695.35,568.99,735.20,565.44,662.72,581.74,639.49,598.47,630.60,541.62,749.68,567.52,693.78,595.65,683.39,614.53,679.12,533.20,766.73,561.52,724.76,591.15,715.31,612.99,714.64,535.74,780.82,559.48,748.67,584.22,737.79,604.82,739.46
EK_0122_P06_108_frame_0000031726_r.jpg,0,985.56,768.42,1017.66,720.87,1034.27,667.14,1049.51,623.85,1056.83,588.34,991.02,630.89,1021.56,584.18,1044.87,583.37,1054.27,589.88,994.85,646.05,1022.47,606.94,1045.52,607.19,1058.23,615.30,1001.53,665.45,1025.28,637.79,1044.68,638.01,1056.54,643.56,1008.89,682.39,1026.27,658.03,1040.63,658.81,1051.50,664.74
EK_0122_P06_108_frame_0000031726_r.jpg,1,1414.40,833.69,1372.46,791.13,1343.61,741.36,1318.21,707.02,1299.58,675.05,1398.29,698.73,1352.95,669.92,1323.70,675.14,1311.03,684.38,1398.84,715.69,1358.65,691.47,1327.86,701.34,1312.82,716.10,1395.23,736.01,1359.30,715.81,1331.12,722.20,1316.63,731.56,1389.34,751.99,1359.29,739.79,1337.08,743.81,1325.59,749.21
EK_0122_P06_108_frame_0000033688_r.jpg,0,1292.51,598.11,1246.94,553.37,1237.83,515.41,1235.50,488.35,1229.78,472.24,1322.45,470.27,1348.48,429.57,1336.57,433.80,1323.46,450.70,1349.94,492.02,1380.03,455.35,1362.04,460.37,1348.09,472.14,1365.94,519.80,1391.28,487.97,1376.75,488.05,1364.15,495.62,1370.63,546.55,1387.96,519.25,1375.15,516.38,1365.32,524.59
EK_0122_P06_108_frame_0000033794_r.jpg,0,1364.40,409.02,1295.97,415.31,1259.70,395.79,1250.66,377.29,1255.42,368.47,1265.85,298.51,1246.57,284.11,1248.29,302.54,1254.68,318.58,1309.27,283.74,1284.52,263.78,1279.21,283.51,1281.89,302.24,1347.77,288.63,1328.69,269.02,1317.80,285.49,1317.71,300.16,1378.40,303.80,1361.79,293.34,1350.01,309.34,1347.59,324.61
EK_0122_P06_108_frame_0000034257_r.jpg,0,699.53,334.94,730.73,223.30,780.75,155.05,832.88,115.79,867.34,84.94,781.02,138.07,850.56,97.13,882.30,97.55,887.55,111.37,790.27,190.95,867.64,187.04,860.32,203.77,831.04,215.85,801.45,247.99,876.02,242.64,861.01,257.00,830.00,264.32,809.30,295.15,865.25,294.95,849.87,302.09,821.47,304.00
EK_0122_P06_108_frame_0000035371_r.jpg,0,1691.74,523.40,1754.63,443.95,1767.04,373.69,1737.40,320.61,1716.08,293.14,1710.45,356.49,1698.23,302.80,1685.72,268.88,1677.79,252.27,1667.44,368.86,1651.04,310.47,1646.53,282.01,1653.99,277.87,1629.10,388.25,1604.76,333.17,1606.33,315.57,1623.36,327.94,1589.27,416.09,1567.97,372.83,1572.29,352.10,1590.92,350.48
EK_0122_P06_108_frame_0000035444_r.jpg,0,1330.89,659.76,1394.72,544.46,1419.17,430.47,1406.22,324.35,1418.73,239.96,1422.59,391.31,1409.34,294.72,1379.27,233.70,1352.64,184.26,1361.32,404.76,1333.55,303.17,1291.87,246.85,1255.56,215.41,1305.74,430.93,1270.89,337.84,1250.15,341.31,1240.71,366.94,1251.93,460.96,1212.88,412.05,1187.06,392.85,1174.25,384.55
EK_0129_P08_17_frame_0000000128_r.jpg,0,1353.58,897.27,1299.35,867.70,1276.27,814.39,1261.80,777.03,1249.03,752.44,1334.84,769.68,1326.66,720.52,1310.38,704.37,1296.03,698.00,1366.57,776.17,1356.55,719.02,1331.15,702.35,1310.67,698.94,1383.16,788.58,1373.98,737.38,1352.01,719.52,1333.77,714.52,1388.62,800.81,1379.51,760.81,1361.89,742.28,1345.48,736.12
EK_0129_P08_17_frame_0000000233_r.jpg,0,709.70,914.94,773.64,886.58,803.87,830.11,814.80,782.92,825.44,749.59,756.63,767.30,786.18,722.87,807.39,719.00,821.70,726.06,718.49,769.62,752.82,732.90,776.24,732.20,792.31,739.44,691.57,785.76,724.38,753.64,749.38,752.14,765.65,759.81,673.99,808.05,700.81,782.32,723.17,781.45,738.43,789.69
EK_0129_P08_17_frame_0000001052_r.jpg,0,1323.78,581.41,1247.61,575.38,1204.81,529.14,1175.88,482.55,1142.96,462.76,1233.94,461.80,1213.14,414.45,1193.73,430.61,1185.58,452.06,1270.62,449.96,1234.96,421.63,1215.88,439.69,1214.00,460.58,1299.59,453.68,1259.48,438.55,1245.86,454.25,1247.81,473.54,1321.77,460.97,1290.44,452.37,1279.45,465.86,1281.49,481.82
EK_0129_P08_17_frame_0000001484_l.jpg,0,646.67,872.80,678.07,807.28,664.85,746.28,648.97,704.56,642.22,669.54,601.17,746.18,606.20,695.01,632.91,685.51,652.68,688.08,586.41,767.29,603.57,723.57,633.45,713.92,656.46,716.31,586.16,787.48,608.43,752.00,636.19,740.57,658.68,739.62,593.13,802.26,609.96,771.35,633.02,762.06,653.44,763.07
EK_0129_P08_17_frame_0000001575_r.jpg,0,1221.27,605.90,1160.44,579.94,1138.02,533.96,1142.84,499.10,1155.93,484.07,1171.13,470.89,1158.87,457.82,1154.73,479.74,1157.77,496.37,1207.63,474.28,1199.67,451.78,1188.09,466.75,1186.22,486.27,1235.99,490.70,1221.72,477.14,1208.27,489.18,1206.78,505.64,1252.17,510.81,1235.37,500.70,1222.26,508.94,1220.57,521.01
EK_0129_P08_17_frame_0000002327_l.jpg,0,698.27,680.82,738.52,643.69,747.56,601.95,736.52,576.83,724.64,575.23,700.88,562.58,712.99,534.88,729.52,543.75,741.38,556.09,676.62,576.08,688.65,546.36,705.34,553.59,715.32,566.60,663.82,594.87,679.11,570.31,694.05,576.34,701.96,588.29,659.48,612.84,673.81,592.82,687.53,595.37,696.53,604.62
EK_0129_P08_17_frame_0000003644_l.jpg,0,807.62,759.71,857.01,732.80,873.45,674.90,879.74,620.99,891.76,579.93,810.22,650.47,818.61,571.84,842.58,547.64,863.39,545.27,774.78,647.75,770.94,566.05,787.16,521.38,801.50,494.64,756.27,647.94,744.18,576.45,753.98,530.97,764.92,499.89,754.63,651.47,746.16,593.31,754.29,560.63,765.78,539.53
EK_0129_P08_17_frame_0000003644_l.jpg,1,1062.07,788.49,1031.42,758.16,1005.03,699.93,982.36,649.60,956.54,608.49,1059.11,656.53,1051.25,592.58,1026.16,565.04,999.03,552.39,1054.48,660.22,1046.61,600.19,1017.91,573.76,993.34,561.92,1042.98,669.23,1022.80,625.95,994.47,606.78,970.75,595.91,1030.96,677.07,1009.37,641.18,988.28,626.71,971.12,618.61
EK_0129_P08_17_frame_0000005073_l.jpg,0,782.03,1006.15,835.27,955.92,845.86,887.26,859.19,828.33,879.44,786.28,779.05,853.50,818.29,779.85,856.93,765.77,886.43,764.25,760.34,859.52,807.65,796.34,849.13,787.65,881.44,790.26,757.27,872.12,805.23,824.24,841.89,815.71,871.44,820.14,762.80,884.05,798.24,850.92,829.09,844.21,855.73,848.93
EK_0129_P08_17_frame_0000005119_r.jpg,0,855.24,846.61,901.26,814.36,913.44,756.65,924.76,706.60,940.78,669.56,849.29,721.25,869.56,656.82,894.90,641.12,914.11,644.73,819.09,724.81,834.62,654.50,865.09,642.51,886.41,650.48,803.12,734.96,811.68,669.70,840.70,657.08,861.37,660.31,799.46,746.21,804.67,695.78,824.26,681.77,841.13,679.01
EK_0129_P08_17_frame_0000006956_l.jpg,0,834.02,916.62,894.55,904.48,926.14,856.10,932.68,809.34,934.67,778.96,908.37,825.23,940.55,763.73,953.11,746.49,954.57,743.46,870.13,807.98,908.69,745.07,931.04,736.73,940.78,741.89,840.18,800.47,877.12,740.16,904.68,733.25,918.87,738.06,819.97,801.28,855.68,770.45,880.34,771.94,894.39,779.62
EK_0129_P08_17_frame_0000007492_l.jpg,0,1295.07,975.43,1234.00,964.51,1192.63,910.63,1162.13,868.19,1136.03,842.31,1241.21,846.63,1177.25,809.90,1137.79,799.45,1109.36,789.31,1258.16,841.78,1199.36,807.26,1158.29,811.68,1131.17,830.76,1263.21,852.99,1205.40,836.73,1166.39,851.41,1142.08,872.89,1261.31,865.04,1215.18,866.97,1183.57,882.28,1161.32,901.36
EK_0129_P08_17_frame_0000007492_l.jpg,1,778.22,813.14,833.36,811.58,869.85,763.92,884.86,721.21,880.23,695.23,833.63,702.70,874.14,655.79,901.69,642.51,921.46,636.43,809.02,694.29,855.29,649.13,887.91,645.46,909.89,649.77,794.89,696.26,832.83,654.04,861.88,651.71,882.77,656.64,790.52,702.49,817.39,665.87,839.61,656.87,858.47,655.90
EK_0129_P08_17_frame_0000008672_l.jpg,0,1482.65,494.50,1414.77,495.99,1357.01,462.66,1313.76,436.29,1278.19,416.20,1383.86,386.19,1328.33,331.01,1297.81,301.59,1277.33,281.52,1425.54,362.83,1377.35,301.72,1347.25,302.79,1334.36,317.87,1463.12,357.53,1421.92,302.81,1392.79,305.48,1380.37,318.28,1495.02,360.57,1469.97,310.10,1442.69,306.22,1426.87,315.41
EK_0129_P08_17_frame_0000009551_l.jpg,0,854.29,1126.04,889.89,1082.33,915.12,1004.86,948.02,934.87,982.56,886.07,838.14,926.59,903.29,844.21,955.28,818.73,996.26,804.87,840.69,926.77,917.04,860.04,974.51,851.52,1018.62,852.13,852.24,936.26,926.47,884.24,972.86,883.35,1007.52,890.35,867.51,949.30,923.67,915.21,960.98,912.86,988.48,918.39
EK_0129_P08_17_frame_0000009709_r.jpg,0,1666.30,940.70,1583.78,884.00,1549.56,784.48,1534.57,702.17,1511.33,644.52,1675.93,737.31,1602.28,639.92,1551.19,616.17,1509.78,598.65,1717.81,741.58,1638.38,646.67,1576.78,634.59,1531.00,634.61,1732.45,757.20,1658.97,677.74,1604.92,667.35,1565.92,671.65,1733.45,773.39,1675.88,720.33,1631.16,705.80,1598.22,706.23
EK_0129_P08_17_frame_0000009709_r.jpg,1,858.57,1025.77,857.86,952.09,896.27,885.04,951.86,846.08,1003.43,824.99,930.03,857.03,969.11,817.06,1001.71,793.35,1021.50,780.98,955.07,889.48,1013.16,854.31,1015.16,862.80,996.87,880.85,971.64,927.13,1023.12,908.01,992.09,929.71,955.76,950.77,981.20,965.85,1013.77,956.51,987.70,969.07,957.00,982.14
EK_0129_P08_17_frame_0000010574_l.jpg,0,323.56,1050.95,362.55,1006.97,402.81,959.96,441.80,927.78,475.55,911.13,374.75,922.46,429.69,911.00,465.29,923.43,484.78,937.24,373.27,938.27,427.19,929.66,460.70,944.17,483.49,962.78,375.34,956.99,421.42,949.77,452.89,960.63,473.26,976.48,379.20,977.33,414.55,966.10,439.36,969.61,456.72,979.16
EK_0129_P08_17_frame_0000011472_r.jpg,0,1359.67,326.19,1276.24,346.87,1217.34,324.27,1185.00,278.57,1176.68,241.58,1189.57,251.21,1116.97,260.25,1126.27,288.25,1143.94,294.93,1206.34,202.09,1125.77,200.02,1137.67,235.08,1166.13,252.66,1234.56,174.33,1169.03,172.35,1179.95,207.46,1207.87,224.88,1263.81,164.32,1230.72,180.76,1239.02,213.26,1260.74,227.55
EK_0129_P08_17_frame_0000011472_r.jpg,1,815.73,763.41,880.51,725.57,908.81,661.34,924.36,610.82,933.11,576.80,835.84,602.11,871.78,544.23,904.02,549.91,921.55,567.51,812.00,613.23,872.83,591.18,910.65,619.65,928.47,649.87,802.50,632.77,858.40,622.18,895.32,642.32,913.51,668.17,799.10,651.42,843.41,640.85,876.57,652.10,896.58,671.21
EK_0129_P08_17_frame_0000012361_r.jpg,0,732.37,810.28,807.61,772.88,839.52,712.35,850.95,655.14,867.03,620.10,793.67,647.41,839.48,582.04,862.89,584.36,872.55,599.53,749.70,646.84,802.93,616.11,822.81,635.27,825.25,653.89,721.72,662.57,770.51,639.08,792.06,655.47,796.63,675.99,702.50,683.00,739.73,662.38,759.78,673.06,767.51,690.08
EK_0129_P08_17_frame_0000012978_r.jpg,0,1428.19,636.71,1338.11,670.89,1281.89,644.46,1255.89,600.06,1256.73,564.73,1238.80,573.69,1186.59,574.07,1199.80,599.80,1220.48,611.87,1271.73,531.08,1215.53,518.22,1226.22,547.55,1244.96,565.72,1316.09,506.48,1272.79,505.81,1279.66,535.53,1299.07,552.96,1359.96,493.25,1332.28,509.00,1334.77,536.08,1350.21,553.08
EK_0129_P08_17_frame_0000015797_l.jpg,0,525.27,461.06,560.88,406.20,574.99,344.94,603.37,309.39,626.72,276.58,482.21,323.32,459.83,273.30,469.06,247.91,479.60,240.76,471.72,341.49,460.61,294.12,474.49,270.13,491.04,260.34,469.63,358.61,468.73,320.52,479.72,294.80,491.96,281.71,476.63,371.35,481.44,341.64,491.85,323.44,499.34,313.15
EK_0129_P08_17_frame_0000019102_r.jpg,0,1385.82,671.60,1294.00,682.56,1230.63,654.03,1193.13,623.02,1161.66,604.17,1235.48,570.29,1169.60,559.56,1147.72,576.88,1138.30,590.19,1263.54,559.64,1197.06,569.65,1178.55,600.91,1175.95,630.79,1285.84,568.26,1226.82,586.72,1209.49,617.36,1205.74,645.72,1300.03,578.21,1257.63,595.14,1240.43,619.55,1233.78,643.18
EK_0129_P08_17_frame_0000022517_r.jpg,0,1683.44,582.21,1595.92,617.95,1510.75,598.96,1456.21,581.14,1410.61,573.80,1502.00,499.99,1426.07,516.55,1392.61,537.67,1363.96,548.73,1535.76,481.77,1471.84,514.79,1443.92,552.18,1425.93,581.31,1562.53,487.23,1508.51,533.17,1492.76,570.94,1485.17,596.24,1578.11,495.86,1536.90,538.30,1521.76,571.58,1517.48,599.69
EK_0129_P08_17_frame_0000022734_r.jpg,0,1420.58,357.71,1385.72,296.63,1341.78,261.10,1293.64,254.52,1257.59,259.63,1272.75,229.11,1210.40,224.92,1215.36,245.45,1225.32,257.53,1242.73,253.41,1165.68,245.07,1181.31,268.22,1205.14,282.09,1223.58,288.16,1150.72,278.93,1169.27,291.38,1193.59,299.70,1212.78,329.30,1160.74,326.77,1168.69,330.65,1182.70,333.44
EK_0129_P08_17_frame_0000023524_l.jpg,0,1553.47,928.86,1469.28,928.74,1406.71,863.14,1381.98,797.30,1360.72,751.29,1447.63,802.55,1385.81,727.72,1353.56,690.53,1329.42,660.04,1494.29,775.84,1428.28,702.12,1396.54,714.75,1384.79,738.69,1527.48,771.92,1461.53,726.25,1431.71,745.47,1423.02,767.41,1546.94,776.26,1489.86,752.31,1462.58,766.92,1456.05,784.29
EK_0129_P08_17_frame_0000025062_r.jpg,0,1452.76,797.61,1341.54,812.30,1277.18,770.50,1255.61,714.84,1257.78,673.85,1236.31,684.22,1165.94,659.93,1183.84,689.41,1216.48,704.74,1278.32,637.58,1207.33,605.56,1214.84,643.30,1242.13,669.04,1329.82,615.40,1264.62,588.59,1265.42,626.19,1287.96,649.99,1377.21,609.77,1332.10,606.58,1327.98,635.63,1342.42,652.35
EK_0129_P08_17_frame_0000025537_r.jpg,0,1370.50,405.55,1337.37,326.13,1287.18,278.82,1252.66,247.02,1247.71,226.06,1217.97,253.01,1143.68,256.72,1148.23,291.31,1164.53,304.77,1177.00,290.28,1081.53,291.86,1095.98,326.31,1125.84,338.14,1151.34,341.11,1049.75,340.17,1072.75,365.15,1104.38,373.25,1140.28,398.78,1061.11,408.83,1077.86,420.80,1104.46,421.00
EK_0129_P08_17_frame_0000026618_r.jpg,0,1518.65,691.04,1432.17,652.41,1391.40,586.90,1375.57,538.89,1356.83,512.85,1441.73,504.70,1403.80,466.76,1375.27,473.38,1351.93,484.10,1483.69,506.90,1433.43,474.21,1399.07,484.27,1375.45,501.97,1510.70,522.37,1461.46,491.38,1430.84,500.29,1410.53,516.72,1527.58,539.75,1492.00,511.77,1464.95,509.79,1444.91,518.11
EK_0129_P08_17_frame_0000026663_r.jpg,0,1314.25,570.93,1255.70,574.38,1216.91,554.41,1190.40,538.79,1176.02,528.12,1230.38,480.14,1202.45,435.78,1185.21,416.76,1169.73,405.87,1254.35,471.74,1214.50,439.07,1186.70,437.92,1166.55,443.79,1271.06,473.77,1235.58,445.45,1211.60,445.48,1195.41,451.32,1281.14,476.95,1257.13,455.20,1237.02,451.80,1222.60,456.70
EK_0129_P08_17_frame_0000028853_r.jpg,0,1586.42,592.28,1472.51,605.83,1385.64,557.32,1328.35,510.32,1275.71,490.10,1414.10,440.39,1332.02,434.22,1285.39,447.23,1249.09,453.08,1465.37,411.68,1381.85,413.65,1338.25,439.06,1310.02,458.78,1511.72,411.50,1437.05,415.26,1403.15,438.34,1386.60,458.73,1548.39,422.33,1489.23,425.58,1460.05,444.69,1447.66,466.35
EK_0129_P08_17_frame_0000029047_l.jpg,0,1633.24,494.45,1536.77,496.38,1471.89,452.07,1422.94,411.80,1385.11,388.52,1508.57,365.42,1457.99,377.78,1459.66,415.15,1471.94,432.75,1561.50,356.99,1508.05,376.83,1506.06,410.25,1520.25,422.58,1606.95,370.92,1560.20,380.07,1555.18,408.05,1569.91,423.10,1643.74,391.22,1606.06,394.19,1598.98,414.52,1609.87,427.05
EK_0129_P08_17_frame_0000029252_r.jpg,0,665.46,410.14,751.95,431.10,824.30,390.58,881.09,346.73,933.23,322.02,812.16,282.01,876.74,243.72,894.70,270.12,890.76,294.87,779.24,259.25,845.71,236.27,863.77,266.55,866.08,290.46,751.50,257.56,812.36,238.32,832.94,262.65,837.48,284.72,733.77,267.99,784.91,246.27,807.08,263.23,813.26,283.16
EK_0129_P08_17_frame_0000029785_l.jpg,0,1722.46,376.19,1611.56,404.57,1505.80,370.32,1430.90,349.84,1368.55,344.53,1523.73,235.48,1419.22,255.76,1371.96,297.72,1340.46,331.78,1559.75,219.25,1464.94,258.63,1423.87,307.01,1399.04,346.75,1587.27,232.68,1508.08,279.45,1471.82,315.85,1452.80,347.97,1608.14,250.32,1543.53,290.92,1511.84,324.30,1495.25,358.91
EK_0129_P08_17_frame_0000029785_l.jpg,1,498.08,1127.94,479.79,1059.24,476.98,975.88,500.00,900.83,527.71,845.82,424.14,923.04,485.69,870.44,539.01,868.24,580.17,878.35,467.32,944.52,554.68,931.39,606.40,952.36,640.80,975.20,507.73,970.51,579.31,965.20,616.87,983.50,637.40,1003.29,538.98,992.62,587.49,970.57,615.42,970.60,635.64,980.91
EK_0129_P08_17_frame_0000030284_r.jpg,0,1387.68,654.93,1292.89,676.34,1215.54,645.79,1161.35,617.09,1122.12,605.74,1211.01,534.47,1126.14,548.78,1140.08,590.75,1165.66,604.60,1249.65,507.10,1165.03,527.43,1171.46,567.21,1192.15,584.29,1286.09,506.73,1209.12,524.66,1211.35,556.89,1232.08,574.51,1310.29,519.62,1246.93,533.81,1246.72,557.59,1264.45,571.30
EK_0129_P08_17_frame_0000030284_r.jpg,1,885.97,1010.67,914.58,946.10,919.26,861.71,921.12,803.58,920.42,768.80,851.98,816.52,902.26,756.99,953.93,768.58,981.66,789.06,863.37,836.31,928.59,797.62,984.39,823.11,1012.56,849.64,883.88,859.39,934.31,839.60,981.40,862.19,1003.25,887.56,901.83,881.21,937.31,858.09,969.70,874.78,985.15,903.33
EK_0129_P08_17_frame_0000030361_r.jpg,0,1677.60,647.83,1584.18,625.82,1532.97,565.91,1509.23,518.43,1495.15,496.72,1583.73,479.74,1521.03,452.23,1489.08,469.15,1470.18,486.36,1636.80,467.80,1569.22,424.63,1536.10,450.55,1522.26,480.42,1680.10,478.56,1618.98,436.91,1587.74,456.65,1578.07,481.69,1709.64,500.77,1660.65,481.69,1631.74,494.94,1621.19,512.53
EK_0129_P08_17_frame_0000031276_r.jpg,0,896.01,377.38,965.60,391.89,1017.17,370.20,1052.28,338.81,1070.52,310.95,1011.19,298.47,1045.40,291.29,1039.41,319.03,1024.73,335.49,981.60,279.67,1019.54,283.33,1016.27,308.12,1000.09,321.27,952.82,274.59,990.39,277.85,991.29,298.97,977.75,313.13,927.51,275.35,960.98,275.55,964.47,292.21,955.11,305.07
EK_0129_P08_17_frame_0000032726_l.jpg,0,1222.26,848.74,1164.21,882.29,1107.95,865.95,1064.32,828.67,1029.24,801.46,1105.18,789.95,1038.35,763.05,1002.28,752.85,976.06,742.80,1125.09,761.68,1053.24,733.71,1011.39,722.36,981.71,713.18,1141.96,748.99,1077.25,721.06,1037.82,708.75,1008.94,700.23,1154.29,744.85,1104.95,718.31,1073.23,708.34,1049.37,702.84
EK_0129_P08_17_frame_0000032726_l.jpg,1,896.60,838.32,922.30,778.80,968.16,743.85,1009.74,743.40,1040.70,750.32,979.14,749.55,1029.27,739.56,1061.73,736.55,1085.77,735.47,991.09,775.42,1044.66,766.48,1076.49,760.87,1101.78,756.74,1000.75,803.26,1050.79,796.21,1081.18,792.02,1104.78,787.31,1005.23,832.37,1049.14,828.11,1075.62,822.82,1096.12,817.62
EK_0129_P08_17_frame_0000032842_l.jpg,0,846.44,1010.49,865.51,966.36,861.77,917.47,858.73,884.50,857.74,864.30,812.84,898.58,857.69,878.75,875.66,895.72,875.41,909.45,803.95,904.03,852.35,886.99,869.64,904.22,871.04,919.96,806.52,913.57,851.82,894.42,868.39,908.65,872.50,924.11,816.47,923.85,850.68,906.15,866.04,914.02,872.41,924.27
EK_0129_P08_17_frame_0000033321_l.jpg,0,1060.39,534.09,987.15,554.78,918.51,543.05,882.97,516.30,887.23,494.76,926.04,451.73,867.89,458.68,856.05,495.65,858.66,523.76,952.22,432.34,891.06,444.02,877.16,481.67,879.88,513.74,976.02,430.77,921.47,448.75,908.03,479.00,912.82,507.33,994.32,439.37,952.85,456.59,937.82,478.63,938.19,501.20
EK_0129_P08_17_frame_0000033321_l.jpg,1,651.47,849.96,713.83,831.93,753.10,771.80,780.89,719.16,809.51,678.43,708.59,707.88,758.12,649.85,790.35,646.85,808.07,654.79,688.50,710.53,741.71,669.75,779.38,666.67,805.93,671.64,679.37,723.97,730.75,699.18,764.77,696.01,790.51,699.02,678.99,740.11,717.99,718.86,748.33,718.68,770.99,726.89
EK_0129_P08_17_frame_0000033652_r.jpg,0,1103.99,745.95,1033.92,748.84,977.51,697.54,938.62,635.61,898.74,591.73,1023.97,637.37,955.27,575.96,904.65,567.22,866.85,569.23,1050.60,611.02,966.02,550.07,907.21,553.11,869.21,564.48,1066.94,599.01,982.97,532.90,928.95,542.29,897.67,560.58,1071.55,597.23,1005.69,550.34,960.50,550.21,933.80,559.60
EK_0129_P08_17_frame_0000033748_r.jpg,0,1095.73,555.62,1036.14,591.11,983.91,581.87,941.23,571.03,908.18,580.09,951.76,502.95,907.51,506.70,917.96,527.57,935.44,535.07,979.28,468.98,929.78,468.34,932.91,493.57,946.35,507.27,1011.91,453.86,969.13,450.87,965.48,471.23,975.60,485.02,1042.84,449.94,1012.76,457.92,1008.21,473.92,1014.78,485.49
EK_0129_P08_17_frame_0000034485_r.jpg,0,379.98,889.01,258.32,949.80,118.50,902.62,32.10,825.63,-11.79,773.44,155.35,810.52,5.23,754.33,-60.84,746.58,-97.11,744.98,210.01,743.05,39.74,683.95,-23.95,694.45,-55.31,705.80,261.57,701.77,113.97,659.77,70.93,690.90,64.21,716.38,306.44,682.04,191.23,655.19,150.13,680.44,147.29,702.62
EK_0129_P08_17_frame_0000034770_l.jpg,0,1425.18,1044.20,1449.60,979.50,1441.07,919.81,1417.77,878.64,1401.86,840.52,1435.96,920.97,1421.27,886.73,1403.11,864.76,1384.81,848.02,1408.84,933.86,1392.29,896.62,1373.52,872.03,1359.36,852.81,1384.57,949.88,1366.11,910.92,1351.99,884.02,1340.30,860.98,1360.74,969.09,1343.84,932.83,1331.43,907.66,1321.02,883.74
EK_0129_P08_17_frame_0000034770_l.jpg,1,724.38,846.82,722.16,792.87,728.88,739.50,745.86,704.98,759.94,679.51,710.77,759.19,744.49,746.05,768.45,740.11,782.05,733.83,723.73,781.83,760.21,768.20,781.36,758.03,797.28,748.27,737.48,800.19,772.15,783.44,792.72,769.29,808.07,757.05,755.29,816.65,784.93,801.44,804.33,787.83,819.24,776.55
EK_0130_P09_07_frame_0000000470_r.jpg,0,1168.92,868.39,1075.29,841.85,1005.00,795.06,936.37,772.76,885.27,753.05,1105.45,676.11,1072.09,567.37,1042.69,506.38,1016.56,468.07,1166.93,664.80,1161.26,536.68,1126.93,484.00,1092.11,461.45,1211.66,668.42,1206.63,557.41,1170.84,512.35,1135.52,495.44,1237.33,681.89,1239.44,596.31,1220.80,558.11,1201.19,536.41
EK_0130_P09_07_frame_0000000754_l.jpg,0,1146.04,954.22,993.53,969.93,868.89,930.37,786.32,879.61,735.35,840.67,919.24,696.17,851.18,588.78,831.10,558.16,825.58,560.08,1012.34,656.06,993.63,508.31,974.05,499.03,966.67,525.73,1096.30,649.42,1077.96,529.78,1050.00,533.04,1033.50,554.90,1166.84,671.11,1148.47,575.23,1123.35,575.33,1109.64,597.11
EK_0130_P09_07_frame_0000000840_l.jpg,0,1227.88,872.72,1293.41,736.27,1304.08,602.15,1288.85,511.86,1259.21,462.49,1244.58,543.22,1193.57,423.92,1187.79,412.62,1191.79,429.98,1165.83,561.34,1107.23,440.08,1108.13,434.56,1117.61,454.34,1086.81,606.93,1023.84,488.15,1030.28,500.91,1048.97,529.63,1014.72,674.05,929.68,605.44,909.29,584.28,908.82,578.39
EK_0130_P09_07_frame_0000001342_r.jpg,0,1638.32,767.85,1516.34,775.53,1416.91,697.80,1344.41,626.60,1282.19,588.88,1512.02,541.87,1375.43,539.32,1323.16,576.41,1298.77,593.37,1557.35,521.06,1414.66,542.03,1397.81,608.83,1410.12,643.64,1579.19,527.81,1445.93,557.74,1430.58,617.23,1440.83,655.54,1585.87,541.01,1487.74,567.38,1465.69,615.48,1466.57,651.66
EK_0130_P09_07_frame_0000001563_l.jpg,0,1304.56,858.45,1216.78,976.42,1106.08,1034.20,1009.62,1048.92,943.53,1041.16,995.68,896.35,798.10,906.17,736.64,892.08,727.79,886.63,1025.34,787.33,849.28,697.84,797.88,703.26,802.72,742.45,1071.13,713.99,936.44,627.32,893.72,654.72,889.91,695.98,1128.88,677.11,1027.30,616.85,997.88,636.83,1005.61,672.90
EK_0130_P09_07_frame_0000001610_r.jpg,0,1572.16,748.48,1466.99,883.61,1331.48,962.58,1242.87,1034.22,1198.53,1102.01,1229.17,748.15,1113.63,666.20,1065.31,627.63,1026.58,604.74,1274.19,662.08,1220.65,605.12,1198.93,592.97,1202.83,596.10,1342.84,611.62,1306.46,630.38,1326.49,665.72,1353.62,699.21,1403.85,590.63,1378.31,609.40,1396.53,642.38,1425.91,669.60
EK_0132_P18_01_frame_0000000250_r.jpg,0,1234.21,805.35,1173.86,794.88,1148.47,753.35,1147.99,717.72,1155.34,696.11,1154.30,699.56,1145.31,653.19,1149.19,659.20,1153.98,676.87,1190.30,688.91,1179.60,644.78,1179.01,660.60,1180.87,680.75,1223.28,690.40,1216.13,656.35,1210.84,670.39,1210.47,687.79,1252.38,700.25,1244.37,677.32,1238.49,689.67,1238.00,706.04
EK_0132_P18_01_frame_0000001067_r.jpg,0,1123.82,679.41,1038.61,685.55,985.35,659.12,955.71,640.77,946.07,634.61,981.50,550.56,946.15,571.46,945.23,600.21,953.76,618.02,1022.43,535.68,982.40,562.26,977.69,591.74,985.46,613.74,1057.00,542.92,1019.67,561.40,1008.26,585.07,1014.16,605.32,1081.33,554.97,1047.47,568.47,1037.08,585.56,1039.87,603.02
EK_0132_P18_01_frame_0000001067_r.jpg,1,873.67,1080.06,934.46,1046.10,953.66,974.72,962.75,903.48,978.54,844.78,856.21,932.41,861.21,825.98,878.75,771.34,893.96,736.52,817.01,934.27,821.95,822.66,844.48,766.50,865.77,730.85,800.26,937.69,802.32,835.28,822.20,782.46,843.15,745.91,799.62,940.04,798.54,856.28,810.31,810.68,827.24,779.00
EK_0132_P18_01_frame_0000001097_r.jpg,0,1171.57,540.57,1103.54,545.82,1053.01,512.70,1021.65,485.59,1002.26,473.07,1084.27,417.86,1025.17,421.58,1007.63,451.91,1005.52,475.73,1114.98,407.90,1056.03,416.90,1035.48,449.49,1031.70,476.37,1135.49,414.89,1078.59,425.01,1059.17,452.71,1058.27,480.33,1145.85,430.37,1100.04,435.73,1081.24,454.87,1075.77,478.54
EK_0132_P18_01_frame_0000002322_r.jpg,0,1469.93,761.51,1416.20,792.65,1372.37,806.32,1351.47,812.18,1344.25,819.58,1307.99,731.99,1293.87,742.62,1314.61,755.78,1332.64,758.82,1331.96,700.01,1318.39,712.02,1332.42,728.97,1349.16,735.90,1364.74,680.82,1349.89,695.02,1360.70,711.73,1376.01,719.13,1395.19,670.39,1381.61,683.90,1387.94,699.86,1398.48,708.01
EK_0132_P18_01_frame_0000003127_r.jpg,0,1321.62,717.30,1249.79,790.31,1165.30,806.97,1121.25,785.83,1128.25,750.29,1113.31,683.64,1041.36,676.01,1017.82,700.59,1016.23,722.43,1141.62,635.05,1060.98,634.55,1032.55,659.89,1027.10,680.12,1175.49,607.80,1094.67,596.11,1060.70,610.32,1044.57,627.38,1209.20,596.44,1165.14,560.31,1133.54,545.46,1110.01,537.28
EK_0132_P18_01_frame_0000003127_r.jpg,1,641.35,771.46,727.73,814.56,802.74,802.01,833.12,758.93,825.40,726.86,835.31,701.27,905.16,700.43,909.89,726.02,896.62,743.84,808.30,656.15,884.06,652.87,895.34,683.39,888.49,703.37,777.39,635.19,847.47,623.42,870.95,645.41,876.64,664.00,747.24,629.45,798.92,597.48,827.16,594.80,844.68,597.10
EK_0132_P18_01_frame_0000005419_r.jpg,0,541.54,737.64,620.61,714.32,662.29,644.70,680.80,583.45,704.71,540.10,581.56,576.53,607.39,490.07,633.50,454.30,654.83,434.19,541.70,571.67,569.28,484.22,599.85,448.86,626.62,432.73,521.32,576.24,548.30,498.48,578.12,463.18,605.17,441.18,516.44,583.37,540.72,519.40,564.54,487.70,588.55,467.21
EK_0132_P18_01_frame_0000005419_r.jpg,1,1298.91,1047.49,1315.81,985.84,1294.45,897.93,1233.15,837.43,1182.36,801.18,1282.95,843.15,1236.00,788.32,1189.50,771.36,1154.48,771.69,1242.88,860.19,1184.46,828.09,1185.82,872.14,1202.98,913.03,1212.52,886.29,1155.88,855.16,1170.78,899.76,1196.28,938.34,1192.73,917.23,1148.85,892.74,1163.46,927.64,1189.12,958.07
EK_0132_P18_01_frame_0000006668_r.jpg,0,783.86,922.63,842.05,916.98,878.49,886.04,904.94,865.56,930.58,854.87,840.25,815.31,846.14,772.29,858.92,773.46,863.10,786.39,813.95,816.92,825.03,782.53,841.86,789.58,848.77,802.42,792.10,825.89,802.81,797.89,820.31,797.96,828.15,809.04,780.54,841.24,788.59,820.16,802.97,822.03,808.92,830.80
EK_0132_P18_01_frame_0000006668_r.jpg,1,1336.99,1000.07,1271.51,969.01,1236.62,929.75,1207.25,909.35,1180.47,896.08,1294.14,864.29,1292.25,821.20,1290.47,800.78,1288.92,791.53,1321.73,873.52,1319.97,829.40,1309.06,819.79,1297.10,816.38,1341.03,890.06,1335.44,856.54,1320.16,848.96,1308.63,849.50,1351.66,911.38,1345.44,882.01,1330.77,875.31,1322.76,876.53
EK_0132_P18_01_frame_0000007824_l.jpg,0,861.96,818.05,925.19,793.91,947.02,726.48,942.03,669.74,921.03,640.24,892.63,688.05,885.71,610.06,901.23,600.83,913.56,611.59,849.76,690.03,850.40,614.60,873.69,603.38,886.77,612.05,821.54,700.87,843.57,652.14,866.23,659.80,873.29,676.34,805.15,714.66,831.77,679.40,847.38,687.40,850.69,703.10
EK_0132_P18_01_frame_0000008468_r.jpg,0,1460.90,1033.44,1375.11,1028.47,1309.53,964.33,1257.84,896.08,1204.13,860.16,1364.31,878.47,1292.73,785.35,1256.09,778.51,1248.19,793.99,1405.86,855.83,1342.74,752.42,1300.26,752.23,1280.04,771.37,1427.50,853.61,1376.23,769.51,1334.59,760.72,1311.54,771.82,1432.60,861.36,1390.51,802.74,1355.81,788.15,1336.06,792.62
EK_0132_P18_01_frame_0000008629_l.jpg,0,1208.09,798.92,1146.13,766.08,1099.39,720.18,1053.89,695.59,1018.11,685.98,1158.39,653.53,1095.42,631.58,1056.66,648.96,1031.85,668.77,1174.22,665.31,1104.91,660.70,1062.17,683.26,1035.23,713.06,1180.10,684.75,1115.70,689.38,1077.06,705.55,1051.51,726.74,1182.01,703.44,1130.70,707.96,1097.45,719.29,1073.15,734.95
EK_0132_P18_01_frame_0000008629_l.jpg,1,859.69,902.23,923.10,858.45,957.27,800.61,992.79,759.83,1029.68,730.73,870.73,750.35,890.71,687.03,922.82,670.89,948.21,670.87,846.37,757.75,865.79,695.44,899.84,680.25,930.43,684.95,835.37,769.28,853.70,718.46,882.74,700.37,909.68,698.59,837.85,782.45,851.51,742.44,874.21,726.26,895.65,721.14
EK_0133_P18_02_frame_0000000391_l.jpg,0,886.72,516.64,954.82,498.36,985.93,451.13,988.78,404.88,989.71,373.42,949.43,386.72,979.25,329.72,993.26,304.38,999.63,285.00,911.95,379.51,941.82,318.33,959.23,294.38,967.61,279.41,884.32,383.69,905.32,325.06,924.44,301.15,938.83,286.48,864.15,393.49,867.80,343.22,878.46,320.55,892.09,307.88
EK_0133_P18_02_frame_0000000391_l.jpg,1,1094.35,759.21,1047.39,720.14,1027.56,661.66,1015.04,613.98,1003.27,581.68,1090.31,619.39,1079.65,555.36,1053.64,551.52,1037.19,558.80,1111.80,624.59,1088.18,573.69,1062.65,565.81,1045.16,570.66,1119.67,635.96,1094.12,596.55,1073.13,590.60,1057.09,597.48,1117.75,645.61,1098.44,612.41,1080.58,605.69,1066.60,611.89
EK_0133_P18_02_frame_0000000799_l.jpg,0,1226.93,810.46,1284.67,782.50,1306.86,729.61,1315.72,686.32,1319.94,659.49,1237.36,683.49,1227.84,615.06,1225.25,587.83,1221.96,568.00,1212.20,683.59,1237.29,623.88,1273.86,616.38,1300.68,623.22,1202.70,689.29,1231.47,641.97,1266.65,643.06,1291.37,656.62,1202.09,693.18,1226.49,662.72,1251.89,660.49,1271.43,668.43
EK_0133_P18_02_frame_0000000799_l.jpg,1,1280.17,392.59,1240.06,454.73,1190.31,486.26,1157.52,502.35,1146.60,523.79,1079.45,446.14,1049.50,450.95,1067.09,446.40,1092.09,443.19,1075.54,393.46,1077.19,394.05,1105.51,397.76,1130.14,399.56,1092.38,346.49,1098.81,355.26,1122.65,363.57,1147.03,369.35,1114.54,309.12,1110.20,307.46,1126.04,315.66,1144.73,324.16
EK_0133_P18_02_frame_0000001004_r.jpg,0,1406.97,805.86,1377.59,771.81,1363.54,730.83,1347.49,699.70,1330.27,677.77,1419.88,709.03,1402.39,666.93,1380.51,667.10,1366.13,676.73,1429.59,716.20,1407.57,681.28,1385.88,679.27,1371.47,684.64,1430.18,726.11,1409.52,696.75,1389.22,691.68,1373.18,694.70,1426.09,733.46,1410.10,708.62,1394.38,702.34,1381.12,703.84
EK_0133_P18_02_frame_0000001378_l.jpg,0,1150.95,505.41,1177.24,476.93,1185.93,445.83,1175.88,419.32,1159.08,405.95,1202.07,417.02,1179.78,396.41,1165.26,402.63,1161.27,411.64,1179.81,406.39,1159.52,386.61,1147.46,394.44,1145.54,403.63,1151.69,402.89,1133.56,379.86,1125.46,386.22,1124.98,394.59,1118.33,400.82,1104.17,369.77,1100.09,356.12,1099.66,347.35
EK_0133_P18_02_frame_0000001378_l.jpg,1,920.05,608.35,926.19,588.62,922.99,561.33,931.77,540.56,941.75,528.27,836.16,531.83,859.18,488.43,885.79,488.04,901.75,502.55,842.82,518.28,864.60,472.13,893.75,477.25,910.15,494.91,862.35,502.24,882.45,453.47,913.15,456.40,931.02,472.57,888.20,483.95,898.64,441.35,919.05,440.71,934.47,452.91
EK_0133_P18_02_frame_0000001837_r.jpg,0,859.47,800.21,904.68,757.81,912.62,706.68,906.25,674.72,895.69,664.37,849.15,667.07,840.18,629.58,856.21,625.77,869.41,631.65,825.22,681.27,815.93,642.40,834.94,639.79,848.61,647.72,811.43,698.53,802.74,662.37,818.01,657.49,832.08,663.09,808.67,714.99,800.77,684.46,809.81,676.17,821.06,678.36
EK_0133_P18_02_frame_0000001950_r.jpg,0,800.85,720.90,855.35,734.69,896.13,711.62,921.92,679.33,934.57,651.85,904.04,700.96,954.67,658.54,979.13,631.47,993.11,610.64,882.05,674.26,938.00,625.12,966.41,596.43,983.82,577.33,858.74,650.61,908.99,603.06,937.05,577.09,956.07,560.68,835.67,633.09,869.20,590.17,889.91,567.61,907.33,551.23
EK_0133_P18_02_frame_0000001950_r.jpg,1,1150.90,951.39,1155.88,896.51,1145.88,841.42,1135.53,801.19,1123.51,770.23,1122.58,825.31,1109.18,787.89,1100.74,766.89,1096.62,751.73,1104.20,838.99,1088.91,799.68,1078.94,776.50,1073.33,759.60,1091.49,852.83,1074.95,815.52,1066.46,795.30,1060.77,781.45,1084.15,867.62,1068.45,836.58,1061.39,817.91,1058.04,801.50
EK_0133_P18_02_frame_0000002416_l.jpg,0,1255.25,1011.61,1227.81,967.85,1218.21,917.55,1212.66,878.86,1203.38,844.46,1266.21,899.09,1243.93,855.60,1224.11,844.47,1211.50,844.61,1268.33,910.41,1245.14,872.32,1222.39,857.70,1205.25,852.96,1261.92,922.41,1240.84,892.21,1220.58,877.59,1205.33,870.03,1254.60,930.94,1235.38,905.87,1219.80,896.36,1207.13,890.56
EK_0133_P18_02_frame_0000002416_l.jpg,1,953.07,910.22,943.44,861.27,966.81,819.77,1007.54,807.93,1037.11,808.33,967.77,804.50,996.94,773.32,1000.89,784.78,997.35,798.79,991.95,817.21,1026.21,789.69,1041.72,784.69,1052.79,777.87,1009.73,834.25,1037.69,810.48,1057.12,792.36,1073.07,776.63,1025.17,853.59,1044.12,831.68,1056.70,817.97,1067.68,804.56
EK_0133_P18_02_frame_0000003707_r.jpg,0,1006.02,982.93,1055.88,981.66,1090.42,953.58,1118.15,927.86,1136.85,909.66,1056.32,887.64,1076.61,861.73,1087.63,875.40,1088.51,890.58,1035.45,882.64,1060.43,862.26,1072.67,876.02,1075.52,890.61,1021.06,885.88,1046.19,869.18,1057.30,878.68,1059.49,890.55,1014.51,893.43,1036.69,876.62,1046.74,882.79,1048.97,893.09
EK_0133_P18_02_frame_0000003707_r.jpg,1,1329.33,817.34,1271.50,823.53,1230.86,788.90,1208.80,752.82,1182.75,739.89,1247.02,717.63,1217.42,679.12,1200.55,688.03,1196.95,703.87,1277.16,708.53,1246.10,694.71,1231.25,708.23,1228.86,718.73,1300.07,713.77,1268.12,702.45,1253.94,713.88,1250.56,724.04,1315.23,723.29,1287.24,711.46,1274.69,718.65,1273.46,730.14
EK_0133_P18_02_frame_0000004159_l.jpg,0,1120.32,886.41,1059.36,883.90,1028.37,844.65,1012.33,802.04,1000.89,772.67,1058.84,782.71,1013.11,745.04,982.39,745.17,967.79,752.70,1079.91,767.20,1026.63,728.89,992.93,730.67,974.63,741.29,1091.04,763.46,1039.72,727.61,1004.21,726.52,982.41,734.55,1090.94,768.81,1046.53,740.81,1016.47,735.58,994.59,738.79
EK_0133_P18_02_frame_0000004159_l.jpg,1,941.88,908.82,964.78,871.33,953.58,819.49,945.34,780.55,935.36,750.28,909.69,803.66,936.10,773.59,954.07,752.87,958.64,744.66,906.47,803.95,934.86,770.64,952.43,758.89,958.18,748.78,911.70,803.19,935.72,769.74,949.85,753.50,951.56,741.66,925.05,802.09,940.69,764.78,947.28,749.64,946.40,741.64
EK_0133_P18_02_frame_0000005519_l.jpg,0,903.43,963.81,950.21,987.04,996.01,982.67,1024.97,965.48,1037.62,948.31,1003.44,947.50,1051.61,899.15,1039.16,912.41,1022.21,928.59,981.42,919.97,1028.45,879.72,1015.89,895.62,1000.02,910.34,958.87,897.94,1002.11,865.99,992.29,880.19,978.48,893.87,936.64,882.97,973.51,859.54,967.83,870.25,956.54,881.84
EK_0133_P18_02_frame_0000005994_r.jpg,0,890.71,964.96,933.39,966.62,967.06,945.90,978.79,918.72,976.48,894.45,984.47,933.55,1015.28,893.64,1004.83,881.34,989.92,884.68,965.87,914.55,988.73,867.97,974.22,870.47,963.17,884.54,941.84,898.67,962.98,854.03,950.55,860.83,940.49,876.95,915.44,887.10,928.52,848.02,924.17,851.13,919.22,865.49
EK_0133_P18_02_frame_0000005994_r.jpg,1,1228.05,883.13,1183.89,858.94,1152.23,828.51,1132.70,803.56,1118.43,783.69,1169.16,771.43,1143.11,726.01,1123.80,697.94,1109.86,675.68,1176.75,762.27,1150.86,717.68,1131.03,689.64,1116.31,668.15,1185.89,755.21,1163.21,715.51,1145.04,688.91,1129.69,667.17,1198.40,751.78,1184.40,715.76,1172.73,693.27,1160.84,675.27
EK_0133_P18_02_frame_0000007512_l.jpg,0,734.47,678.95,743.99,630.71,736.14,583.03,735.17,554.75,743.84,542.32,686.33,593.33,681.45,561.94,694.71,546.63,709.18,541.51,680.60,611.31,680.41,582.71,695.42,567.15,713.51,559.74,680.57,626.53,684.31,600.05,697.07,584.93,713.63,576.29,688.30,636.06,689.81,612.21,698.86,599.19,709.62,591.74
EK_0133_P18_02_frame_0000007512_l.jpg,1,1305.27,571.32,1258.08,571.19,1215.40,563.62,1187.46,575.35,1167.41,590.98,1232.13,490.26,1209.76,468.76,1196.65,470.00,1191.53,473.31,1249.85,487.66,1231.12,464.39,1217.24,465.99,1210.76,471.83,1263.64,495.26,1244.94,480.66,1232.05,476.73,1222.98,481.08,1271.40,506.08,1250.79,495.27,1239.20,493.62,1231.97,498.52
EK_0133_P18_02_frame_0000007769_r.jpg,0,1076.26,943.57,1104.57,905.83,1108.52,868.83,1104.67,848.98,1096.51,843.31,1066.21,828.58,1051.02,794.51,1055.74,799.64,1063.83,816.54,1045.48,833.74,1029.82,841.73,1042.66,859.39,1056.55,875.87,1028.20,849.23,1020.33,870.72,1034.04,885.85,1048.92,898.57,1013.96,867.08,1008.46,889.88,1017.89,905.97,1029.93,917.53
EK_0133_P18_02_frame_0000010975_r.jpg,0,1238.48,645.21,1169.16,665.57,1114.73,628.76,1081.91,579.57,1053.20,550.88,1119.81,561.97,1094.16,533.45,1085.12,530.27,1084.17,531.68,1155.22,536.89,1147.34,534.19,1152.87,553.44,1162.67,568.74,1192.82,529.45,1186.22,531.96,1188.35,550.88,1195.23,567.84,1226.61,531.39,1223.40,540.56,1223.61,557.23,1226.75,571.34
EK_0133_P18_02_frame_0000010975_r.jpg,1,964.27,903.47,1005.90,879.81,1038.17,848.50,1074.37,830.71,1105.03,817.87,980.37,786.69,969.66,734.39,970.51,704.00,973.14,684.79,971.05,794.42,970.86,749.73,979.12,725.85,987.86,714.55,966.81,802.83,967.79,766.28,973.26,742.46,979.03,728.26,970.90,810.70,974.05,780.70,979.66,764.23,982.92,752.51
EK_0139_P24_09_frame_0000001526_r.jpg,0,1177.25,977.96,1132.74,978.29,1067.45,951.43,1005.98,933.84,958.86,921.93,1109.14,841.38,1048.28,786.31,1008.41,798.78,982.28,825.35,1096.13,843.52,1014.18,820.91,986.65,863.71,979.84,897.08,1084.46,855.99,1006.33,842.83,993.32,881.12,992.96,906.50,1072.78,870.27,1012.06,866.68,996.58,888.34,998.65,902.15
EK_0139_P24_09_frame_0000001908_r.jpg,0,1275.91,807.07,1199.54,806.19,1122.89,783.84,1077.97,767.14,1061.47,743.49,1182.26,669.98,1098.18,664.52,1062.62,682.80,1036.61,695.80,1206.02,663.41,1123.61,676.53,1090.87,708.71,1074.79,739.32,1219.73,672.60,1147.09,692.57,1119.43,722.59,1104.08,748.69,1224.54,682.06,1171.99,699.72,1145.53,722.16,1130.95,744.21
EK_0139_P24_09_frame_0000002156_l.jpg,0,1268.08,841.53,1222.34,810.48,1167.84,765.58,1112.07,738.80,1066.77,727.28,1216.05,677.15,1154.35,631.10,1114.02,622.87,1079.74,618.76,1203.37,688.33,1136.75,668.09,1113.09,695.74,1105.11,721.46,1189.79,706.64,1134.28,693.83,1119.49,719.17,1113.25,740.36,1182.46,726.43,1141.85,726.03,1125.80,741.26,1116.62,756.86
EK_0139_P24_09_frame_0000002156_l.jpg,1,882.70,768.17,964.85,744.36,1017.44,699.56,1050.21,672.67,1065.01,653.56,936.97,607.56,937.68,542.69,957.76,521.67,974.21,518.78,902.91,615.89,920.77,560.89,948.67,544.96,971.40,544.15,881.56,630.24,905.79,588.23,932.46,570.58,954.31,568.01,873.98,648.54,896.53,612.39,919.69,598.50,938.20,595.51
EK_0139_P24_09_frame_0000002316_r.jpg,0,1232.23,862.09,1150.27,820.87,1106.83,762.54,1081.23,717.21,1059.85,684.27,1136.60,666.95,1090.30,622.92,1043.07,623.73,1013.24,635.36,1158.62,673.89,1094.50,635.23,1049.65,653.61,1028.97,679.93,1177.90,700.24,1111.99,672.52,1068.91,696.59,1050.23,725.78,1189.23,742.06,1133.29,727.81,1099.36,745.16,1081.06,768.48
EK_0139_P24_09_frame_0000002488_r.jpg,0,788.37,866.57,854.41,854.63,905.55,816.34,952.97,790.25,986.05,768.18,840.78,740.66,872.95,699.60,886.78,689.81,891.43,683.60,809.69,733.33,857.47,729.32,867.73,751.35,863.58,766.88,792.06,740.72,837.76,734.84,846.39,753.71,843.00,767.65,783.08,750.52,822.64,742.06,830.89,756.14,829.69,769.47
EK_0139_P24_09_frame_0000002488_r.jpg,1,1223.81,799.78,1165.41,799.00,1103.70,764.24,1053.97,737.35,1020.40,715.39,1134.87,673.55,1061.90,645.22,1027.45,650.31,1005.56,658.26,1144.25,670.93,1067.33,658.75,1040.19,681.90,1029.57,707.92,1148.65,680.96,1082.55,684.32,1060.90,706.98,1049.18,723.88,1150.01,690.79,1103.20,700.95,1083.02,721.09,1071.13,737.57
EK_0139_P24_09_frame_0000003664_l.jpg,0,1377.96,623.33,1315.82,665.67,1252.40,663.15,1213.79,635.99,1205.35,612.35,1211.87,581.76,1168.61,547.02,1169.43,562.45,1185.36,580.26,1238.78,544.54,1201.45,526.40,1207.43,546.86,1222.39,563.31,1270.53,523.02,1234.73,508.47,1234.37,527.37,1247.67,545.12,1304.34,511.22,1274.94,504.89,1271.74,518.85,1282.06,531.84
EK_0139_P24_09_frame_0000006765_r.jpg,0,1576.31,790.64,1471.28,754.67,1405.71,690.82,1365.26,625.24,1339.53,569.62,1510.01,588.09,1534.15,464.30,1534.04,393.50,1531.83,343.14,1577.96,584.56,1605.68,456.03,1602.83,382.65,1595.54,335.00,1626.79,593.51,1647.46,485.52,1641.88,421.81,1629.43,380.77,1659.33,610.22,1675.86,529.40,1670.21,486.75,1653.04,459.12
EK_0139_P24_09_frame_0000006968_l.jpg,0,417.05,593.49,501.63,520.14,551.28,436.22,565.15,328.06,576.71,252.94,371.79,329.76,334.19,146.98,390.30,171.29,423.31,244.24,272.83,348.42,248.96,152.22,313.71,189.78,341.46,261.79,204.25,376.97,158.32,194.83,210.55,217.12,241.33,283.70,160.11,411.51,66.63,317.99,72.29,271.59,88.74,258.95
EK_0139_P24_09_frame_0000007115_l.jpg,0,489.43,602.65,591.89,558.54,661.15,478.76,713.53,390.11,762.99,329.52,550.12,367.14,597.83,247.18,646.43,251.99,663.44,285.57,480.52,359.79,537.55,230.32,588.21,255.12,601.00,292.74,432.13,369.89,471.09,251.47,521.70,266.47,539.22,304.02,396.98,392.55,407.66,297.16,449.16,293.45,472.46,312.10
EK_0139_P24_09_frame_0000008456_r.jpg,0,1276.43,721.69,1206.74,754.87,1139.35,746.82,1079.40,743.07,1038.34,762.87,1126.86,651.28,1073.67,625.53,1085.12,659.04,1103.91,677.45,1158.44,616.40,1109.49,612.64,1117.06,642.47,1135.13,653.57,1192.09,600.32,1148.40,602.33,1152.53,625.64,1169.86,639.40,1222.12,592.54,1183.20,591.14,1184.71,610.66,1199.51,623.03
EK_0139_P24_09_frame_0000008753_l.jpg,0,894.25,1007.95,968.57,976.56,989.42,904.50,1000.01,835.08,1002.83,777.87,887.95,860.14,883.69,749.35,917.13,694.49,941.91,660.06,844.15,847.70,852.03,708.56,905.88,644.29,950.78,610.15,824.49,842.02,831.70,715.18,886.35,662.52,934.48,638.98,822.58,841.02,842.21,755.87,884.30,719.83,922.39,705.58
EK_0139_P24_09_frame_0000008753_l.jpg,1,1355.06,766.45,1265.53,804.25,1165.47,794.87,1082.06,805.13,1041.24,853.37,1169.83,662.41,1073.93,627.65,1093.58,671.77,1126.65,695.31,1206.77,615.51,1114.55,605.99,1127.34,648.68,1154.03,666.11,1243.61,593.77,1161.63,593.92,1168.46,627.35,1194.62,647.84,1274.11,584.57,1208.64,587.70,1212.46,614.20,1234.50,629.50
EK_0139_P24_09_frame_0000009676_r.jpg,0,1423.42,772.88,1312.70,812.93,1206.63,825.15,1120.51,853.69,1069.97,903.17,1183.08,702.10,1102.28,637.12,1126.82,670.85,1154.54,700.22,1228.57,647.46,1157.81,612.74,1174.21,649.57,1202.06,672.93,1281.61,614.96,1222.86,601.18,1232.37,628.70,1259.54,652.66,1327.96,594.45,1280.46,592.10,1288.29,620.13,1308.47,638.43
EK_0139_P24_09_frame_0000012336_r.jpg,0,1207.88,823.56,1146.27,846.92,1091.03,823.76,1058.36,774.20,1042.97,735.24,1118.74,746.52,1068.30,682.83,1027.58,664.25,999.79,660.83,1145.44,718.23,1087.09,662.51,1041.41,653.06,1012.70,656.38,1160.92,703.12,1107.00,653.11,1063.87,646.87,1033.40,649.45,1167.46,697.45,1123.17,656.90,1089.88,647.49,1064.84,646.31
EK_0139_P24_09_frame_0000012472_l.jpg,0,1010.53,786.59,1066.91,792.67,1107.72,777.69,1141.90,770.89,1171.54,769.31,1078.57,706.27,1110.58,677.08,1138.60,667.93,1156.06,666.98,1061.11,695.48,1093.11,666.37,1121.46,660.75,1144.17,665.57,1052.15,692.55,1084.48,665.02,1111.02,660.40,1132.59,666.38,1051.36,697.08,1081.60,671.91,1103.83,664.44,1121.57,665.97
EK_0139_P24_09_frame_0000012516_r.jpg,0,1348.86,564.14,1265.89,550.53,1224.53,505.32,1217.46,454.69,1233.98,433.38,1268.03,422.77,1224.75,405.47,1217.43,436.58,1228.31,457.14,1314.75,419.90,1269.61,408.69,1260.50,434.83,1270.67,452.42,1353.01,432.61,1312.33,418.49,1298.54,438.38,1305.02,456.49,1380.73,449.17,1343.38,434.06,1329.88,449.66,1334.82,464.83
EK_0139_P24_09_frame_0000014000_r.jpg,0,1373.24,795.11,1294.33,808.50,1235.81,767.88,1208.47,713.86,1190.17,675.48,1249.51,691.33,1211.11,640.88,1186.37,610.06,1169.56,585.29,1293.96,671.42,1255.16,673.29,1254.52,701.19,1271.50,717.85,1334.24,672.87,1291.79,671.96,1290.33,698.88,1306.40,714.79,1368.20,680.34,1331.62,681.63,1328.29,703.56,1342.52,717.59
EK_0139_P24_09_frame_0000014000_r.jpg,1,915.79,763.65,970.02,738.17,997.80,687.89,1017.62,642.28,1043.67,616.67,961.76,660.41,997.53,601.59,1016.50,576.29,1029.75,557.44,922.83,650.09,962.65,587.43,986.88,558.84,1000.39,538.81,890.99,649.79,921.82,592.33,946.04,597.99,956.11,613.02,869.70,655.76,898.98,610.02,921.00,611.67,931.91,622.26
EK_0139_P24_09_frame_0000016158_r.jpg,0,869.98,615.97,930.75,616.59,976.90,589.64,1019.93,572.19,1054.18,578.97,967.58,522.45,999.96,475.31,1009.66,455.08,1014.64,440.26,934.01,503.06,970.14,453.93,984.22,430.64,993.33,414.06,898.86,495.34,934.97,447.66,954.44,421.73,969.61,403.16,864.68,496.93,885.16,461.35,900.76,444.84,916.31,432.97
EK_0139_P24_09_frame_0000016158_r.jpg,1,1263.11,803.27,1190.49,791.76,1153.00,740.47,1148.94,694.97,1159.88,669.35,1147.22,691.23,1127.24,622.21,1123.51,585.68,1121.19,559.29,1192.76,675.03,1174.27,611.02,1169.39,626.74,1170.31,652.12,1234.90,674.59,1217.17,646.15,1209.76,663.35,1211.87,684.32,1266.99,684.62,1250.40,673.77,1244.77,687.85,1246.20,704.80
EK_0139_P24_09_frame_0000016314_r.jpg,0,1373.73,813.86,1288.62,809.44,1236.61,755.18,1215.57,702.17,1198.41,666.87,1266.59,670.84,1237.37,629.37,1217.81,613.01,1203.27,601.97,1316.56,663.42,1276.58,657.86,1263.07,686.10,1268.90,710.86,1354.54,674.95,1312.29,665.42,1298.60,689.60,1303.47,710.57,1383.25,690.19,1344.53,684.14,1330.37,703.01,1334.65,721.78
EK_0139_P24_09_frame_0000016314_r.jpg,1,831.38,598.83,893.37,601.03,938.96,579.54,972.16,561.30,996.26,558.59,935.09,509.23,981.22,483.96,992.09,492.69,991.22,501.55,903.81,486.29,950.56,469.14,954.63,487.71,947.14,500.59,873.81,477.29,915.52,456.79,922.13,474.13,915.35,489.43,846.71,476.10,874.01,445.09,888.71,452.17,893.37,465.62
EK_0139_P24_09_frame_0000022122_r.jpg,0,1588.00,938.04,1511.33,885.70,1473.00,812.30,1461.04,747.07,1465.25,705.61,1567.97,767.86,1541.94,680.27,1525.21,639.42,1510.95,607.35,1612.01,766.44,1575.39,683.32,1537.14,658.96,1506.28,653.84,1635.93,775.14,1591.38,712.30,1553.59,700.79,1526.98,704.81,1645.71,785.54,1605.81,744.96,1575.73,735.59,1552.38,739.05
EK_0139_P24_09_frame_0000022897_l.jpg,0,1393.81,345.37,1327.61,375.97,1271.41,363.90,1237.70,332.51,1224.86,308.39,1225.78,316.15,1180.02,281.52,1199.26,284.71,1222.09,300.08,1248.82,274.99,1219.54,247.89,1238.26,259.50,1256.30,277.24,1281.46,245.05,1263.93,232.26,1278.67,244.09,1294.72,259.23,1317.30,224.80,1306.61,221.07,1316.51,233.52,1328.33,247.10
EK_0139_P24_09_frame_0000022897_l.jpg,1,747.45,994.50,821.61,952.96,866.01,880.94,901.12,815.46,936.72,768.26,788.41,791.47,853.29,740.48,887.25,766.57,896.51,792.14,754.50,791.80,823.38,753.19,861.55,773.96,878.14,799.83,735.07,806.81,798.00,770.19,833.46,784.43,850.84,805.91,727.37,824.86,776.35,788.45,807.61,795.42,825.02,811.86
EK_0139_P24_09_frame_0000023449_l.jpg,0,1719.05,804.49,1588.16,798.57,1486.74,757.83,1416.88,723.75,1371.16,698.06,1548.93,615.27,1496.22,523.94,1470.68,476.16,1448.79,441.81,1618.06,589.26,1556.01,512.51,1519.80,525.69,1507.08,555.09,1678.29,591.55,1615.41,533.99,1577.62,546.12,1562.93,569.34,1728.08,608.04,1673.54,569.77,1634.92,582.04,1619.63,604.29
EK_0139_P24_09_frame_0000023449_l.jpg,1,651.26,1060.63,659.33,1043.99,663.04,985.76,688.92,917.54,725.12,859.20,558.16,847.44,638.04,758.83,708.39,719.30,764.60,698.88,576.52,828.02,646.36,733.18,717.48,691.73,776.14,667.57,605.19,824.02,658.22,739.24,717.21,701.11,768.35,677.83,638.47,829.22,677.29,759.34,716.55,726.16,753.21,703.14
EK_0139_P24_09_frame_0000024204_r.jpg,0,1617.45,990.29,1521.44,982.11,1449.12,916.59,1398.14,845.93,1360.21,783.81,1539.01,818.75,1517.00,708.83,1490.31,659.80,1463.43,627.90,1578.68,802.98,1521.59,701.04,1460.65,661.23,1410.35,643.11,1599.74,802.84,1527.96,732.28,1460.04,716.40,1410.13,721.16,1608.98,806.71,1542.94,764.22,1490.09,756.99,1449.96,764.76
EK_0139_P24_09_frame_0000024204_r.jpg,1,551.56,933.56,604.61,863.51,658.16,797.23,698.64,751.73,727.58,706.42,605.25,730.30,673.00,704.21,714.86,709.94,739.07,728.47,609.69,763.48,682.76,746.85,706.75,785.29,706.01,830.59,616.31,796.40,683.30,788.51,696.17,822.17,684.49,859.21,621.56,821.83,665.36,820.93,671.19,848.08,660.98,874.96
EK_0139_P24_09_frame_0000024583_r.jpg,0,786.69,758.49,861.23,729.90,902.75,663.66,934.40,599.29,978.66,557.51,830.01,579.85,900.48,510.14,947.55,487.99,983.75,473.98,801.66,568.24,882.80,513.85,936.12,509.26,976.77,513.42,791.39,570.74,867.94,526.61,916.54,525.97,953.62,534.68,792.87,578.23,852.00,543.39,894.60,538.83,928.20,543.11
EK_0139_P24_09_frame_0000024583_r.jpg,1,1238.62,675.65,1269.32,590.28,1275.81,515.73,1272.65,451.97,1268.76,402.94,1235.45,488.37,1211.97,434.79,1207.62,445.82,1212.64,471.95,1200.11,511.41,1168.78,461.95,1173.53,475.57,1190.12,501.34,1166.97,540.55,1137.50,498.57,1146.15,503.96,1166.10,523.93,1138.34,576.57,1120.03,543.70,1129.10,541.47,1145.45,548.12
EK_0139_P24_09_frame_0000026743_r.jpg,0,722.71,789.45,782.21,752.64,815.10,697.24,826.32,657.75,822.61,633.44,738.88,636.35,778.59,599.96,807.17,605.06,818.07,616.73,714.12,651.41,760.94,624.67,792.39,633.13,809.94,649.40,703.63,674.40,747.56,652.10,779.12,656.25,799.85,666.80,705.03,697.85,742.63,676.33,767.78,676.42,784.83,685.52
EK_0139_P24_09_frame_0000026743_r.jpg,1,1411.48,759.01,1343.28,739.58,1297.03,688.07,1266.96,646.19,1232.92,616.52,1362.66,619.37,1331.35,562.01,1296.72,551.02,1276.58,559.00,1389.85,623.81,1351.02,569.01,1313.35,560.89,1289.01,565.19,1402.99,637.01,1365.56,599.22,1330.55,592.07,1309.98,598.31,1410.22,649.35,1374.60,620.68,1345.61,614.70,1326.92,617.95
EK_0139_P24_09_frame_0000033465_r.jpg,0,880.21,966.83,879.78,895.18,907.34,820.56,957.67,777.64,999.91,744.37,915.76,776.18,946.79,720.99,977.59,694.87,1007.32,676.09,946.83,797.10,986.81,746.02,1019.40,721.62,1053.63,698.78,970.51,825.26,1013.54,782.86,1044.86,756.07,1075.99,736.43,993.09,860.52,1030.43,823.92,1055.37,799.50,1081.43,776.27
EK_0139_P24_09_frame_0000033985_r.jpg,0,1400.29,734.78,1322.20,741.82,1272.04,689.24,1243.38,629.98,1216.53,584.11,1320.63,606.90,1263.25,545.05,1227.72,521.53,1200.81,502.72,1358.74,591.40,1297.55,530.75,1249.15,522.13,1218.66,521.66,1381.94,595.26,1328.80,540.38,1286.35,540.34,1263.80,547.30,1393.22,603.31,1352.10,561.12,1313.80,554.95,1292.52,557.54
EK_0139_P24_09_frame_0000033985_r.jpg,1,758.66,686.78,826.13,656.42,859.17,598.75,879.92,554.24,902.26,524.79,792.36,523.10,821.15,451.66,843.33,418.01,860.81,390.87,761.64,520.50,795.94,453.27,828.19,425.67,854.90,408.33,744.87,528.96,782.85,478.37,817.71,467.93,846.14,466.93,739.90,539.83,772.41,504.34,799.55,497.23,822.67,500.84
EK_0139_P24_09_frame_0000034124_r.jpg,0,813.71,679.16,873.77,638.30,899.78,581.97,926.83,538.83,960.52,516.01,824.36,510.94,870.67,456.55,907.64,458.90,929.61,473.14,789.51,517.99,846.52,480.45,887.23,489.29,912.41,507.45,769.66,536.62,819.57,509.84,856.02,512.98,879.24,530.40,760.58,557.20,797.38,534.35,827.19,533.97,848.23,545.71
EK_0139_P24_09_frame_0000036888_l.jpg,0,1384.60,489.46,1280.85,554.45,1174.29,531.90,1083.96,495.27,1007.57,489.74,1152.51,387.68,1049.36,419.96,1055.09,472.58,1076.81,496.41,1190.07,346.29,1106.13,402.45,1118.61,453.49,1150.62,474.81,1227.58,337.27,1152.71,389.89,1159.05,435.50,1187.81,459.58,1253.80,340.66,1192.80,380.41,1192.23,417.49,1212.70,438.37
EK_0139_P24_09_frame_0000036888_l.jpg,1,955.08,821.58,913.96,758.56,893.73,672.98,901.02,596.77,901.28,531.26,868.23,606.02,864.21,528.87,890.76,500.58,918.68,493.37,915.43,606.38,937.22,531.99,970.93,496.16,1002.04,462.00,958.48,616.50,983.60,552.58,1010.65,512.73,1037.44,478.03,999.41,632.28,1014.18,577.15,1032.50,543.42,1051.95,511.32
EK_0139_P24_09_frame_0000041173_l.jpg,0,1368.97,397.75,1281.27,398.40,1226.93,352.67,1206.52,296.85,1214.11,261.97,1266.11,265.39,1212.35,201.49,1182.57,170.18,1161.91,149.93,1316.11,239.16,1277.56,153.04,1247.58,125.55,1226.00,118.57,1356.57,231.24,1330.18,151.19,1300.09,130.33,1278.83,130.37,1384.46,239.63,1363.50,180.51,1337.85,163.01,1318.55,162.33
EK_0139_P24_09_frame_0000041173_l.jpg,1,895.77,458.94,968.58,438.93,1008.88,379.81,1027.04,327.17,1037.53,285.13,935.07,301.10,961.19,223.56,987.31,191.15,1008.68,176.37,892.67,297.39,923.69,217.50,953.34,192.21,979.64,181.72,866.82,303.03,893.84,228.80,923.84,201.18,950.22,187.86,855.21,313.98,877.93,250.81,903.88,223.27,928.28,209.20
EK_0139_P24_09_frame_0000041205_l.jpg,0,1618.13,708.05,1558.74,661.55,1540.65,587.34,1529.13,525.61,1509.28,485.67,1638.41,553.93,1612.18,481.78,1573.92,464.62,1545.08,463.78,1681.10,556.21,1656.37,474.10,1609.47,457.67,1576.76,461.65,1701.92,566.29,1694.53,488.09,1654.32,468.81,1623.04,471.67,1707.71,578.41,1710.11,516.20,1685.55,491.67,1661.11,486.03
EK_0139_P24_09_frame_0000041441_l.jpg,0,633.99,994.97,730.16,931.62,783.97,847.32,840.24,786.10,897.16,751.49,681.20,751.77,731.20,684.31,755.38,659.71,768.15,642.15,623.72,759.34,685.32,723.93,719.61,742.31,734.05,759.60,584.96,787.08,636.17,751.26,665.62,763.71,677.10,783.60,563.33,818.34,602.12,783.19,628.17,791.22,638.59,809.57
EK_0139_P24_09_frame_0000041748_r.jpg,0,602.97,929.13,684.90,855.28,734.51,764.70,788.15,701.50,844.86,662.74,609.58,690.31,677.00,605.71,718.22,570.84,747.96,543.94,563.29,693.14,652.06,643.26,703.36,656.19,732.32,674.33,540.92,711.60,615.20,671.71,658.36,682.44,684.71,700.98,532.12,732.48,585.40,695.24,619.39,700.60,640.14,715.38
EK_0139_P24_09_frame_0000042727_l.jpg,0,589.41,809.69,657.42,741.91,700.46,649.18,755.78,582.23,811.54,533.48,562.75,570.49,629.32,473.13,670.24,423.51,698.11,384.03,540.85,576.21,626.30,506.18,687.22,485.93,733.44,476.75,538.12,592.21,616.49,539.41,669.76,525.46,710.69,521.95,545.18,608.05,606.84,566.00,652.13,555.29,687.00,554.03
EK_0139_P24_09_frame_0000044058_l.jpg,0,575.57,708.01,653.39,677.41,702.78,615.66,752.71,572.86,803.00,552.60,630.72,517.91,687.61,452.15,720.27,429.02,742.13,412.69,594.38,515.76,659.98,469.62,701.97,458.87,729.43,454.05,572.05,528.50,623.08,493.70,661.82,489.32,688.53,492.95,563.55,544.71,602.45,515.65,632.56,513.36,653.43,521.41
EK_0139_P24_09_frame_0000050694_l.jpg,0,584.09,618.56,677.04,550.31,730.93,462.48,767.59,395.18,790.68,361.45,622.76,362.56,684.74,301.20,719.09,329.89,725.89,359.49,569.46,378.97,640.02,327.67,676.52,350.65,683.53,379.35,535.05,411.81,599.28,366.70,633.43,382.50,642.97,410.22,515.16,446.24,565.03,404.60,594.03,413.73,604.99,437.32
EK_0139_P24_09_frame_0000050873_r.jpg,0,1499.02,958.04,1397.27,949.73,1304.84,866.76,1234.25,775.95,1176.76,719.79,1426.82,754.08,1285.26,666.15,1208.12,639.30,1150.72,611.68,1450.96,717.91,1302.53,632.85,1225.81,653.66,1184.74,685.11,1448.38,709.40,1315.14,652.34,1258.48,685.79,1235.90,722.18,1435.59,712.81,1342.76,685.00,1292.51,707.15,1269.25,734.19
EK_0139_P24_09_frame_0000051620_r.jpg,0,1367.94,331.73,1262.43,354.16,1174.12,329.78,1121.82,314.09,1097.43,311.58,1182.07,192.09,1098.02,212.46,1063.88,241.62,1046.51,262.63,1221.11,172.53,1134.35,197.42,1094.55,229.65,1070.45,260.30,1250.54,174.53,1177.66,204.22,1140.94,233.05,1120.90,261.65,1270.17,182.01,1211.12,206.20,1180.74,227.78,1161.96,253.10
EK_0139_P24_09_frame_0000051846_l.jpg,0,1471.85,600.66,1369.72,587.87,1307.02,526.73,1273.10,469.21,1236.53,436.65,1364.97,421.18,1291.51,385.63,1251.87,389.68,1223.20,395.66,1411.61,410.37,1333.39,383.61,1285.61,389.29,1253.09,401.80,1444.71,421.46,1371.44,403.48,1330.44,414.48,1305.78,430.71,1464.97,438.68,1401.87,424.64,1364.46,431.00,1342.60,444.83
EK_0139_P24_09_frame_0000052641_r.jpg,0,1489.25,381.05,1372.17,364.99,1290.58,315.43,1235.95,292.57,1205.82,280.05,1363.00,172.72,1264.17,195.49,1213.26,235.04,1179.91,268.28,1408.36,173.22,1295.43,203.42,1244.21,249.96,1211.82,296.80,1432.31,187.09,1323.58,227.11,1276.24,262.99,1248.86,306.31,1440.31,211.01,1354.22,247.24,1315.17,273.45,1285.51,307.19
EK_0139_P24_09_frame_0000052829_r.jpg,0,1491.25,382.39,1353.46,396.47,1246.85,340.95,1181.48,272.93,1145.15,223.66,1292.37,183.00,1217.69,124.89,1193.68,178.70,1199.92,226.62,1356.80,161.64,1274.19,137.91,1245.25,185.60,1252.24,223.75,1404.39,169.75,1320.33,149.96,1294.47,187.75,1301.65,222.01,1434.35,185.03,1356.51,167.32,1331.88,193.72,1339.70,219.25
EK_0139_P24_09_frame_0000054382_r.jpg,0,1389.25,538.03,1284.41,538.68,1210.23,496.48,1170.81,462.96,1154.41,439.32,1252.84,370.06,1165.59,382.34,1137.49,425.71,1129.97,454.01,1293.83,365.03,1205.05,398.62,1176.46,449.09,1168.88,489.69,1321.69,377.61,1239.95,418.20,1213.73,460.91,1205.77,496.67,1337.36,394.51,1270.58,425.32,1245.87,456.83,1235.36,485.69
EK_0139_P24_09_frame_0000058362_r.jpg,0,1771.60,1055.62,1673.80,1049.36,1598.24,978.76,1542.71,903.47,1488.55,851.99,1689.23,876.27,1600.48,799.16,1538.37,762.70,1490.93,732.87,1726.20,859.18,1626.36,786.34,1558.69,750.88,1508.50,728.20,1740.64,860.46,1647.46,797.11,1582.41,764.56,1533.13,746.40,1741.87,865.22,1662.77,810.97,1603.09,786.13,1556.90,773.39
EK_0139_P24_09_frame_0000058362_r.jpg,1,470.07,365.21,569.76,363.10,640.20,348.26,688.42,339.63,717.37,333.80,606.68,183.06,607.34,189.83,595.57,229.72,584.36,257.47,538.48,162.73,546.92,178.96,538.88,217.34,529.25,246.17,474.05,166.73,487.19,180.46,482.88,214.73,472.64,243.12,417.79,179.71,431.76,192.04,429.30,224.12,422.56,249.12
EK_0139_P24_09_frame_0000060166_l.jpg,0,1497.65,792.58,1395.98,779.35,1334.56,717.69,1310.78,643.58,1284.08,591.62,1383.06,629.79,1314.47,565.99,1279.05,544.45,1252.80,527.58,1434.73,610.93,1360.84,553.58,1330.44,569.65,1322.64,594.31,1473.98,615.92,1406.92,568.96,1377.32,585.21,1370.14,606.30,1502.33,627.08,1449.30,593.61,1421.39,606.63,1414.08,625.53
EK_0139_P24_09_frame_0000060166_l.jpg,1,645.62,1033.36,620.91,945.33,624.58,861.93,655.79,793.70,670.48,728.21,574.45,833.79,563.86,772.10,570.73,732.46,576.68,705.32,624.01,849.23,627.24,785.49,640.98,754.03,652.90,735.91,669.50,867.15,690.73,822.85,708.14,817.08,723.70,818.86,714.81,884.49,745.77,836.23,776.21,811.66,801.91,794.02
EK_0139_P24_09_frame_0000060294_r.jpg,0,1639.65,822.81,1521.77,816.42,1446.08,749.62,1413.16,664.49,1386.20,605.95,1530.05,652.52,1436.80,578.40,1387.56,556.95,1349.45,539.04,1582.78,623.09,1477.14,558.43,1425.82,565.86,1399.48,581.66,1616.62,620.21,1514.94,571.64,1473.99,590.85,1461.32,615.49,1635.50,626.29,1556.22,597.18,1519.85,611.85,1509.47,633.30
EK_0139_P24_09_frame_0000060294_r.jpg,1,767.73,1009.98,764.67,935.19,780.99,852.97,817.93,789.45,842.40,730.26,740.98,807.91,742.40,738.98,758.87,697.14,775.66,668.14,784.44,825.96,802.93,767.59,828.81,736.29,853.96,717.92,823.13,851.93,857.82,816.91,891.46,813.59,919.80,819.68,856.89,880.76,893.91,850.76,924.72,841.77,950.26,839.68
EK_0139_P24_09_frame_0000060735_r.jpg,0,641.41,1036.31,726.07,1043.84,808.02,995.87,871.98,954.12,919.73,923.82,747.77,879.25,846.59,843.03,912.78,842.03,959.99,846.09,729.47,861.11,833.76,828.62,898.66,833.08,947.21,841.07,723.21,862.24,818.41,836.97,876.05,840.31,915.98,846.33,724.90,871.70,798.07,856.77,847.53,857.01,884.08,860.35
EK_0139_P24_09_frame_0000063115_r.jpg,0,841.67,937.56,837.46,863.04,856.77,792.58,896.45,749.87,929.24,710.84,853.31,757.64,906.39,706.86,947.59,691.90,979.15,680.13,879.29,782.89,931.37,733.82,973.40,712.43,1009.09,698.85,899.81,811.03,947.47,772.93,984.00,756.59,1017.52,746.12,920.41,845.36,956.06,812.70,978.96,796.73,1001.82,782.89
EK_0139_P24_09_frame_0000063115_r.jpg,1,1293.07,610.85,1243.47,568.86,1187.79,540.02,1134.31,534.77,1102.06,531.70,1219.08,468.66,1161.02,451.43,1139.13,475.70,1129.66,500.64,1208.43,489.42,1154.40,477.55,1135.58,500.44,1128.77,523.32,1199.63,511.46,1152.05,503.49,1136.09,519.95,1130.22,535.81,1194.33,531.74,1154.24,522.46,1137.99,527.69,1132.03,532.58
EK_0139_P24_09_frame_0000063881_r.jpg,0,781.61,794.84,747.17,722.74,750.26,638.98,780.38,582.88,809.87,549.54,799.66,615.19,824.50,562.76,841.22,537.13,856.61,513.84,832.14,628.26,856.74,573.00,871.92,540.83,884.97,511.81,858.41,649.00,885.86,593.72,900.22,556.23,912.07,525.00,886.17,678.26,905.09,626.54,914.48,592.95,922.55,561.14
EK_0139_P24_09_frame_0000063881_r.jpg,1,1287.49,588.99,1210.30,589.92,1149.45,554.34,1109.81,516.67,1079.05,493.08,1147.94,468.11,1097.34,442.21,1075.85,457.70,1068.87,473.61,1187.83,445.52,1131.73,419.19,1112.92,441.25,1111.16,462.64,1222.16,442.04,1171.88,414.05,1151.26,430.26,1147.32,449.42,1247.99,449.96,1207.05,423.40,1184.74,432.52,1179.46,447.24
EK_0139_P24_09_frame_0000064568_l.jpg,0,1469.68,629.07,1390.11,619.14,1337.64,581.34,1298.77,559.03,1266.01,540.98,1363.68,505.90,1301.17,511.89,1269.01,527.03,1253.64,535.90,1390.47,508.94,1329.75,524.05,1308.66,552.09,1303.44,570.98,1407.06,522.28,1354.10,538.29,1331.12,559.44,1325.11,574.71,1416.25,533.03,1371.07,550.30,1352.30,566.42,1344.76,578.54
EK_0139_P24_09_frame_0000066017_r.jpg,0,1434.54,680.37,1353.81,666.04,1302.86,607.13,1271.76,552.98,1244.51,511.10,1357.61,525.18,1291.45,483.05,1250.63,484.01,1221.27,488.81,1386.85,519.81,1307.63,502.10,1265.36,525.28,1240.61,555.03,1401.59,530.06,1324.98,530.52,1293.58,554.94,1277.52,578.56,1407.08,541.64,1346.65,546.61,1318.72,566.70,1304.90,588.00
EK_0139_P24_09_frame_0000066017_r.jpg,1,721.17,1041.86,770.20,997.47,792.56,925.86,809.38,861.56,832.23,809.01,687.74,877.74,719.41,798.14,747.50,758.32,769.74,729.38,662.43,882.51,701.54,814.38,733.67,780.99,761.03,758.88,655.30,892.43,692.44,835.11,720.40,806.44,744.83,786.24,660.32,901.96,689.16,854.04,715.03,830.32,737.99,814.61
EK_0139_P24_09_frame_0000068205_l.jpg,0,559.76,965.93,666.88,930.57,739.80,846.79,785.14,758.87,836.51,697.49,628.40,773.37,697.50,661.29,739.66,616.08,770.96,582.01,563.51,753.26,657.42,645.42,712.74,637.75,743.85,642.57,523.08,751.94,612.19,654.06,662.16,663.19,686.17,681.37,502.05,759.07,568.76,677.84,608.92,681.55,628.76,695.02
EK_0139_P24_09_frame_0000069368_r.jpg,0,1631.29,719.50,1529.76,749.69,1432.70,751.36,1359.54,742.45,1290.87,723.56,1465.65,564.05,1374.33,491.58,1312.54,516.61,1282.42,560.13,1485.70,547.06,1387.19,503.61,1327.28,541.20,1301.35,587.53,1495.30,549.86,1408.28,524.22,1354.56,557.28,1325.75,601.78,1499.47,555.32,1427.92,541.38,1385.63,560.58,1361.45,589.96
EK_0139_P24_09_frame_0000069368_r.jpg,1,681.98,1019.50,741.64,994.78,765.14,931.33,774.62,864.65,806.52,828.67,636.61,831.69,678.90,723.05,738.47,674.45,791.72,644.45,626.74,812.40,685.65,695.09,756.64,639.42,820.04,599.45,635.14,802.83,684.27,702.43,746.71,653.78,804.94,623.59,651.26,801.84,688.68,727.46,732.35,690.73,774.89,667.19
EK_0139_P24_09_frame_0000069653_r.jpg,0,1071.52,569.27,1013.86,554.06,978.49,527.92,944.89,522.95,918.22,520.65,1050.62,456.47,1049.27,403.42,1020.77,392.76,1000.27,398.59,1075.74,465.16,1063.75,420.68,1036.74,415.32,1021.16,421.89,1090.11,480.53,1074.69,447.67,1053.28,441.39,1036.46,444.74,1092.17,495.51,1077.13,465.84,1061.28,459.21,1047.84,463.77
EK_0139_P24_09_frame_0000071026_l.jpg,0,1269.55,587.58,1196.23,602.78,1141.77,577.37,1102.82,548.98,1079.93,537.70,1144.38,488.16,1132.46,477.43,1142.18,499.64,1153.18,517.17,1182.13,464.70,1167.05,450.64,1173.04,476.25,1185.25,495.77,1224.15,455.45,1205.49,430.28,1206.75,452.88,1217.34,474.39,1266.05,455.10,1249.82,435.87,1247.94,453.94,1255.92,473.00
EK_0139_P24_09_frame_0000074133_r.jpg,0,770.75,798.15,786.43,744.30,815.57,693.24,856.14,669.27,889.06,659.34,779.38,648.78,785.77,608.12,795.18,580.83,798.58,565.48,802.48,666.17,830.18,637.62,856.17,629.54,875.56,629.71,823.11,685.11,850.50,661.94,871.07,654.22,887.09,654.51,843.07,707.03,868.59,682.38,882.26,672.59,891.62,668.72
EK_0139_P24_09_frame_0000077352_l.jpg,0,748.40,665.58,796.75,722.02,875.67,752.20,934.74,784.62,970.07,823.74,944.70,665.28,1029.05,718.67,1067.94,755.12,1093.46,779.80,938.09,640.14,1005.60,700.89,1020.03,745.88,1025.00,778.35,923.43,634.96,974.85,697.19,979.08,737.70,977.54,766.66,907.35,642.92,948.56,693.84,953.71,728.70,949.37,753.66
EK_0139_P24_09_frame_0000077352_l.jpg,1,1266.96,886.80,1186.76,878.76,1129.31,815.48,1091.26,766.18,1052.42,735.48,1184.54,740.00,1116.47,701.48,1073.15,695.07,1042.20,691.81,1217.77,726.48,1148.28,692.94,1102.69,687.58,1069.61,687.93,1235.97,728.94,1175.31,697.34,1133.87,688.86,1102.67,687.34,1242.06,734.19,1192.48,701.76,1155.76,691.89,1126.21,690.82
EK_0139_P24_09_frame_0000078483_r.jpg,0,975.39,856.55,900.30,835.58,840.03,799.13,800.86,760.79,763.82,741.24,893.12,733.59,873.68,678.38,861.27,699.00,852.94,737.48,921.05,722.25,900.43,672.19,887.37,702.48,886.00,747.94,952.50,716.74,932.09,670.47,911.35,696.26,905.92,738.98,987.55,719.43,964.30,683.57,945.91,696.69,939.65,724.94
EK_0139_P24_09_frame_0000078483_r.jpg,1,1245.44,819.75,1179.80,843.17,1123.85,808.91,1075.56,766.00,1035.36,766.17,1159.53,694.39,1062.07,673.75,1019.90,696.93,1000.17,713.36,1176.73,673.83,1077.52,675.39,1041.28,711.11,1025.01,733.44,1184.59,674.62,1095.38,681.70,1071.86,715.70,1067.23,736.89,1184.11,681.79,1118.36,685.98,1101.52,712.66,1102.25,731.17
EK_0139_P24_09_frame_0000078688_r.jpg,0,1366.74,716.00,1284.25,755.42,1206.14,769.70,1146.69,801.26,1106.01,840.08,1190.22,620.77,1129.27,543.85,1123.34,581.14,1138.00,615.22,1230.43,581.96,1164.90,540.91,1159.26,580.44,1177.70,606.35,1271.11,563.89,1209.49,545.49,1206.14,575.58,1222.33,599.77,1301.52,555.60,1249.12,547.54,1245.55,575.34,1256.49,594.82
EK_0139_P24_09_frame_0000079100_r.jpg,0,975.96,867.85,902.25,799.78,877.94,688.54,908.97,614.57,955.61,580.26,906.51,613.65,905.28,531.71,901.84,482.75,896.75,444.77,955.14,618.02,949.24,542.07,935.36,490.97,917.94,453.54,999.33,636.17,994.82,558.51,985.95,513.04,973.57,474.52,1044.20,660.31,1051.51,590.90,1050.81,546.28,1050.23,504.91
EK_0139_P24_09_frame_0000080715_r.jpg,0,798.06,950.12,818.47,898.67,839.72,832.24,867.71,775.80,894.15,732.59,766.66,782.47,791.54,718.66,825.56,691.60,856.34,679.76,791.84,790.07,822.84,728.31,859.46,708.64,894.59,702.48,818.89,802.70,849.73,748.20,881.44,727.67,912.56,723.51,842.89,818.53,871.24,774.99,894.15,755.74,917.21,747.01
EK_0139_P24_09_frame_0000080970_r.jpg,0,1712.06,842.46,1596.91,841.41,1503.43,772.28,1441.78,700.46,1401.33,642.43,1582.44,648.99,1482.52,591.64,1423.95,588.65,1382.01,589.82,1633.13,624.08,1525.08,615.23,1496.42,652.64,1496.27,685.64,1664.32,628.33,1565.99,627.72,1543.89,663.20,1546.43,696.20,1682.38,633.50,1603.17,635.73,1579.86,662.82,1581.88,689.40
EK_0139_P24_09_frame_0000080970_r.jpg,1,877.70,794.92,841.26,724.63,829.38,648.80,845.58,580.01,854.62,520.64,818.75,630.80,821.89,567.27,828.08,527.53,832.06,505.66,856.76,644.70,858.79,582.95,854.66,548.96,852.06,521.79,889.01,657.25,890.73,606.87,885.38,580.82,883.60,561.14,918.38,670.27,913.71,625.08,909.24,602.49,905.24,586.25
EK_0139_P24_09_frame_0000082497_r.jpg,0,1691.57,827.89,1583.25,814.83,1509.82,741.58,1475.79,656.78,1439.79,600.40,1571.84,673.18,1479.42,598.38,1433.46,564.51,1401.28,533.85,1631.73,642.80,1540.76,559.80,1510.74,592.82,1509.97,634.56,1678.25,638.00,1590.75,587.20,1566.53,619.32,1573.07,653.00,1712.82,643.32,1645.04,612.56,1620.89,635.46,1626.02,662.00
EK_0139_P24_09_frame_0000083242_l.jpg,0,638.16,1079.73,714.03,1020.05,733.40,934.57,735.88,858.59,754.34,796.71,631.44,879.58,661.00,781.49,699.28,755.84,729.19,752.41,591.74,888.41,637.92,801.01,685.15,778.81,722.59,771.89,575.21,904.42,626.05,833.94,671.01,814.42,706.10,807.96,571.97,919.66,613.41,863.98,653.01,846.71,685.49,844.51
EK_0139_P24_09_frame_0000083242_l.jpg,1,1754.12,903.77,1629.53,891.71,1554.91,804.43,1520.97,712.25,1488.38,652.46,1628.26,706.64,1561.22,614.75,1509.05,587.56,1464.60,572.76,1692.86,687.25,1608.11,639.97,1570.91,672.76,1565.41,703.21,1738.49,695.23,1653.07,664.92,1620.01,695.17,1619.71,721.49,1770.43,709.02,1698.69,685.78,1666.08,709.04,1666.43,736.98
EK_0139_P24_09_frame_0000084113_l.jpg,0,532.29,764.55,629.02,676.43,675.61,586.50,701.11,507.66,740.16,458.52,555.43,501.00,631.22,421.95,683.05,408.67,719.73,406.18,495.60,507.60,580.20,441.94,635.20,450.01,669.03,468.47,462.01,531.71,530.07,470.52,577.87,477.96,609.27,502.29,446.15,558.66,490.70,502.83,529.74,501.14,558.11,515.74
EK_0139_P24_09_frame_0000084481_r.jpg,0,1431.03,955.84,1337.72,929.08,1272.73,870.19,1222.20,832.66,1174.99,808.16,1325.65,781.39,1246.27,759.45,1206.82,775.90,1185.34,789.60,1361.25,783.92,1278.61,786.30,1235.89,815.05,1210.84,842.03,1382.97,802.30,1307.54,815.05,1271.39,839.84,1250.29,862.49,1396.22,819.16,1333.37,828.21,1301.96,846.89,1282.83,868.75
EK_0139_P24_09_frame_0000084808_r.jpg,0,1311.17,766.17,1223.55,795.59,1135.42,774.98,1067.90,740.51,1014.11,740.10,1153.01,679.51,1061.64,618.20,1035.93,640.22,1035.37,666.98,1191.97,631.37,1086.47,591.99,1068.08,628.07,1079.22,657.06,1226.31,604.58,1127.74,578.92,1113.52,612.75,1127.64,638.85,1254.49,589.94,1177.71,580.51,1161.54,610.57,1171.22,631.28
EK_0139_P24_09_frame_0000084808_r.jpg,1,929.25,746.19,869.31,668.06,840.19,578.05,834.43,502.70,825.58,441.90,885.51,566.60,905.38,499.57,898.95,471.15,882.67,466.16,940.49,588.25,954.20,520.13,940.00,523.06,919.32,546.85,988.80,615.03,1002.88,547.24,983.70,558.09,957.67,586.44,1032.30,644.82,1045.75,587.54,1030.41,590.14,1006.95,611.01
EK_0139_P24_09_frame_0000085150_l.jpg,0,1493.93,703.37,1402.57,736.04,1322.02,708.93,1267.53,657.97,1219.35,631.12,1295.92,609.57,1225.34,556.62,1185.92,522.77,1157.00,492.70,1337.91,572.58,1275.69,562.49,1265.19,588.24,1276.21,607.39,1384.87,558.74,1327.77,558.65,1325.80,585.52,1341.10,604.62,1427.30,553.62,1379.38,557.67,1373.42,583.20,1383.75,602.35
EK_0139_P24_09_frame_0000085150_l.jpg,1,893.45,662.98,815.14,621.71,769.12,537.36,763.28,455.19,777.66,387.06,829.99,437.77,824.11,363.00,806.88,328.93,787.76,308.43,893.17,438.42,917.71,355.51,914.63,376.38,902.12,411.87,944.46,458.03,978.25,382.18,973.84,411.42,956.03,452.43,984.11,492.29,1021.79,434.27,1032.51,431.81,1028.91,442.20
EK_0139_P24_09_frame_0000086535_r.jpg,0,1303.30,664.35,1226.88,660.89,1174.13,618.46,1158.32,569.66,1165.26,534.54,1158.89,559.60,1127.55,492.42,1108.70,447.62,1094.65,415.54,1201.16,531.84,1181.95,494.56,1188.76,514.17,1201.49,539.20,1247.47,521.34,1228.13,504.52,1232.39,520.80,1243.98,543.61,1289.18,519.98,1272.51,513.38,1274.74,529.91,1282.80,549.07
EK_0139_P24_09_frame_0000086535_r.jpg,1,834.35,577.94,915.73,544.14,960.66,489.06,993.15,440.39,1021.41,413.47,900.62,421.90,978.00,377.89,1011.40,391.28,1023.36,407.02,867.20,412.46,951.40,369.45,986.29,385.38,996.87,403.30,846.37,416.26,922.89,379.28,952.72,393.47,960.97,412.75,834.01,426.99,891.55,400.22,917.42,406.94,926.55,420.02
EK_0139_P24_09_frame_0000088011_r.jpg,0,1255.03,651.38,1177.07,650.65,1123.51,605.73,1100.75,557.83,1097.31,527.44,1097.18,544.74,1065.41,475.94,1053.93,432.88,1045.80,399.89,1141.33,513.67,1142.06,468.88,1157.63,490.70,1166.57,518.64,1190.21,503.66,1189.82,488.43,1196.79,507.64,1206.65,533.01,1234.44,502.07,1230.92,500.69,1235.16,519.29,1239.76,540.08
EK_0139_P24_09_frame_0000088011_r.jpg,1,880.72,598.26,935.37,536.03,949.77,466.41,960.70,405.12,975.33,367.08,874.16,424.74,938.55,362.14,957.92,385.77,953.78,408.98,837.15,427.35,904.90,357.01,929.39,371.64,929.32,391.92,814.76,440.07,873.68,372.59,899.39,384.46,902.06,404.83,802.97,456.55,847.42,406.00,870.06,408.85,875.41,420.27
EK_0139_P24_09_frame_0000088413_l.jpg,0,714.54,651.88,791.21,595.03,817.96,520.35,829.19,462.84,813.81,433.32,722.86,450.99,743.14,396.78,766.03,382.87,781.43,384.77,684.79,464.16,724.25,431.31,757.15,437.17,777.65,447.08,662.39,487.80,699.75,460.59,730.15,461.45,752.67,470.33,652.94,512.03,684.46,486.44,709.24,483.73,728.34,492.48
EK_0139_P24_09_frame_0000088714_r.jpg,0,909.82,824.97,938.73,779.56,955.71,724.32,971.12,692.44,977.33,665.32,883.50,679.66,874.63,630.76,878.73,598.34,881.93,576.98,872.94,693.73,891.08,653.82,922.25,658.40,942.03,675.51,869.74,710.27,893.02,676.13,922.42,682.72,938.20,696.12,871.31,725.97,893.82,699.09,915.43,700.96,927.30,709.57
EK_0139_P24_09_frame_0000088714_r.jpg,1,1289.68,601.42,1223.30,595.84,1176.01,558.55,1142.34,531.31,1110.16,519.75,1197.24,492.17,1147.69,491.14,1127.39,508.19,1119.37,522.57,1226.48,484.08,1175.64,487.93,1155.30,507.67,1147.33,525.78,1247.46,490.46,1201.80,494.18,1181.12,508.72,1173.60,525.68,1261.52,499.12,1221.36,502.17,1202.07,512.75,1193.27,526.66
EK_0139_P24_09_frame_0000089871_r.jpg,0,1221.95,704.41,1148.43,745.28,1076.66,751.12,1033.66,714.01,1034.50,673.37,1068.11,648.74,1012.22,641.53,1029.91,670.87,1059.14,681.81,1091.90,608.45,1020.70,598.60,1033.18,630.36,1064.02,644.93,1116.92,585.17,1047.82,576.10,1055.25,603.57,1080.89,616.60,1141.33,574.69,1082.82,567.89,1084.11,591.08,1104.90,603.66
EK_0139_P24_09_frame_0000089871_r.jpg,1,883.40,875.38,892.46,831.76,869.65,768.95,851.68,711.63,850.48,660.27,766.97,786.87,752.87,705.77,764.56,647.54,780.14,602.85,774.52,776.02,759.30,691.32,776.77,641.79,791.58,607.82,790.39,768.13,799.68,702.10,831.97,719.24,845.29,738.48,807.37,763.19,819.66,719.30,842.69,732.16,853.07,749.80
EK_0139_P24_09_frame_0000091148_r.jpg,0,1244.96,802.46,1206.74,778.99,1163.46,728.27,1117.09,682.51,1081.65,660.95,1210.39,664.60,1180.53,618.06,1149.47,637.85,1128.28,664.85,1200.29,673.45,1155.18,643.97,1132.09,673.20,1125.82,691.24,1188.17,689.41,1145.21,668.08,1131.78,691.47,1131.61,705.77,1175.68,705.92,1142.85,687.13,1130.62,703.39,1133.56,715.47
EK_0139_P24_09_frame_0000091182_l.jpg,0,1345.64,733.98,1280.74,758.28,1215.75,741.44,1165.58,711.90,1135.84,688.13,1234.42,639.70,1179.25,587.72,1149.50,568.53,1127.37,556.28,1260.83,613.49,1201.00,559.91,1162.82,547.87,1137.82,543.66,1279.03,604.62,1225.34,556.85,1187.66,546.66,1161.39,545.38,1288.09,606.03,1243.69,566.75,1212.51,555.89,1188.65,554.27
EK_0139_P24_09_frame_0000092141_l.jpg,0,1331.68,696.88,1254.14,695.76,1182.92,666.64,1127.04,648.50,1082.27,630.66,1220.90,566.56,1158.53,535.75,1124.35,543.79,1105.63,557.90,1251.68,555.80,1197.47,522.14,1163.32,530.74,1143.83,545.88,1272.66,561.79,1228.53,534.60,1198.62,536.61,1177.89,548.76,1285.94,572.13,1247.33,549.33,1221.13,547.37,1200.54,556.48
EK_0139_P24_09_frame_0000092141_l.jpg,1,760.30,858.14,835.66,820.39,878.91,753.99,906.02,697.20,930.78,660.76,812.30,679.40,907.70,626.94,955.98,648.41,976.85,674.70,777.36,677.23,874.58,635.80,918.81,659.90,935.43,687.79,760.29,689.53,843.29,660.79,876.37,681.78,885.68,707.40,753.71,706.85,815.45,680.30,844.66,692.12,856.84,711.25
EK_0139_P24_09_frame_0000092173_r.jpg,0,1275.37,750.35,1197.46,759.22,1136.66,731.02,1091.53,701.30,1074.65,680.31,1139.22,637.30,1074.19,613.51,1074.55,648.43,1092.11,668.94,1178.99,620.48,1123.50,619.78,1119.58,655.07,1129.84,674.20,1214.63,623.87,1166.53,632.22,1159.06,658.25,1168.67,676.63,1239.12,635.05,1197.21,640.47,1189.51,660.20,1197.90,675.12
EK_0139_P24_09_frame_0000092447_l.jpg,0,1496.87,562.54,1422.03,592.19,1360.18,587.01,1321.30,554.04,1305.84,531.71,1300.58,541.21,1228.58,493.13,1211.20,471.44,1205.08,462.37,1323.53,493.65,1255.03,450.30,1236.45,436.07,1228.82,431.57,1358.56,458.56,1321.52,439.51,1339.75,457.10,1361.81,476.68,1398.29,434.87,1375.06,433.17,1387.50,450.30,1405.02,466.70
EK_0139_P24_09_frame_0000095220_r.jpg,0,1322.79,807.03,1316.14,740.80,1281.58,682.93,1243.17,652.71,1215.23,633.56,1292.09,655.73,1257.04,598.52,1229.64,574.29,1210.21,557.88,1260.62,675.92,1223.99,629.09,1203.55,608.49,1191.84,600.00,1237.86,701.90,1212.82,663.10,1201.23,643.73,1191.92,631.93,1224.09,730.39,1215.95,710.72,1220.19,703.80,1224.63,699.67
EK_0139_P24_09_frame_0000095220_r.jpg,1,846.97,665.23,896.36,649.93,940.91,613.49,980.39,601.79,1010.53,598.79,892.88,540.29,943.35,514.92,973.57,513.80,993.27,515.65,862.94,533.32,914.36,520.89,935.51,537.24,942.69,550.82,843.83,540.48,893.79,527.81,914.05,541.43,921.01,553.07,833.08,553.02,875.50,540.10,892.70,550.37,898.57,560.95
EK_0139_P24_09_frame_0000096041_l.jpg,0,420.69,673.41,498.23,679.44,562.30,652.53,603.84,617.86,636.17,596.45,543.45,551.82,601.48,503.61,632.68,486.68,656.05,474.75,505.96,531.82,568.41,485.38,602.23,475.93,625.75,472.48,474.13,528.76,527.40,489.92,561.84,478.87,587.96,475.53,450.20,536.39,493.75,503.53,522.86,495.00,544.99,494.28
EK_0139_P24_09_frame_0000096904_r.jpg,0,1415.81,649.34,1334.15,664.24,1270.82,635.22,1224.51,599.51,1193.71,573.12,1279.31,554.80,1246.48,479.76,1240.93,493.30,1250.98,522.13,1322.59,529.62,1299.14,509.07,1299.69,533.47,1311.99,553.91,1367.59,520.67,1340.84,518.85,1343.06,541.96,1354.70,561.54,1405.41,520.68,1382.16,522.97,1380.79,542.93,1389.73,558.42
EK_0139_P24_09_frame_0000097208_r.jpg,0,1760.69,760.76,1761.86,690.39,1731.14,625.03,1692.34,587.71,1652.81,580.51,1660.69,634.04,1597.02,601.38,1553.01,592.51,1517.02,590.27,1639.51,669.27,1576.13,651.61,1534.07,646.28,1499.53,648.06,1630.86,702.37,1571.66,682.43,1530.15,676.42,1497.77,677.22,1632.00,732.18,1588.09,717.65,1559.06,715.79,1538.07,722.00
EK_0139_P24_09_frame_0000097546_l.jpg,0,1301.02,800.37,1244.10,769.40,1217.28,709.53,1201.64,657.70,1192.24,623.43,1280.83,657.75,1278.27,590.96,1270.15,552.12,1260.83,523.71,1309.54,655.15,1312.86,583.74,1302.55,540.95,1290.83,509.91,1323.95,658.37,1325.45,595.40,1319.82,555.86,1313.16,525.84,1325.84,664.02,1328.57,612.25,1325.85,579.64,1320.03,554.93
EK_0139_P24_09_frame_0000100644_r.jpg,0,1194.53,548.02,1151.20,531.63,1120.35,498.04,1091.43,480.74,1066.21,467.90,1193.68,447.70,1199.31,403.36,1192.12,379.91,1182.64,366.45,1214.00,455.27,1216.46,426.43,1202.85,417.48,1189.90,414.74,1225.56,467.43,1223.03,448.81,1207.76,444.37,1192.18,444.27,1230.46,478.54,1227.35,461.73,1216.84,460.07,1204.80,465.06
EK_0139_P24_09_frame_0000101452_r.jpg,0,1505.04,675.01,1431.57,690.77,1371.98,664.86,1342.66,637.57,1325.71,619.23,1391.94,574.68,1351.00,569.36,1334.33,594.11,1328.72,616.42,1429.57,562.62,1390.01,582.44,1377.20,615.09,1378.27,639.23,1459.47,569.56,1422.53,588.69,1407.75,615.67,1409.25,636.46,1482.65,579.19,1449.74,593.40,1437.27,615.13,1437.34,634.10
EK_0139_P24_09_frame_0000103637_l.jpg,0,725.11,1087.61,809.35,1035.89,860.47,959.69,899.32,897.02,938.58,856.59,768.04,867.00,803.65,802.81,832.28,794.20,851.95,796.62,716.45,875.12,763.59,839.62,796.38,852.19,815.29,866.40,681.36,899.94,724.97,866.15,754.85,873.04,772.11,888.50,660.73,929.13,694.62,896.82,721.39,899.77,737.31,913.42
EK_0139_P24_09_frame_0000103637_l.jpg,1,1684.63,650.85,1546.11,692.44,1442.51,650.22,1367.50,597.09,1325.43,554.98,1382.29,565.18,1275.82,513.49,1291.27,539.85,1323.32,565.54,1433.72,494.80,1343.27,462.49,1366.52,501.68,1394.17,530.98,1493.75,450.06,1424.25,432.83,1434.19,467.39,1463.11,493.07,1555.24,423.10,1492.51,405.87,1495.37,436.35,1524.89,459.19
EK_0139_P24_09_frame_0000107806_r.jpg,0,949.09,995.62,934.52,938.10,938.85,868.76,976.53,804.64,1010.68,747.18,872.01,777.98,879.70,710.41,903.82,670.82,932.59,651.33,921.51,778.65,939.44,706.28,967.71,672.95,1002.37,645.10,965.37,791.01,989.71,727.66,1020.33,698.81,1054.64,677.48,1006.48,820.35,1028.46,758.97,1051.69,737.36,1072.86,719.43
EK_0139_P24_09_frame_0000107806_r.jpg,1,1460.95,845.85,1355.44,868.55,1267.38,824.82,1191.14,784.58,1127.27,773.57,1301.77,680.69,1181.58,674.82,1162.67,723.89,1173.30,757.72,1340.63,654.84,1228.60,671.05,1217.13,721.40,1230.98,752.57,1369.00,658.35,1267.28,676.84,1256.91,717.84,1271.92,747.55,1384.10,672.29,1305.29,686.02,1291.95,717.07,1301.30,741.51
EK_0139_P24_09_frame_0000108698_l.jpg,0,1510.01,765.04,1396.03,781.40,1306.31,734.01,1246.46,693.65,1194.31,678.95,1350.91,609.73,1291.04,561.10,1259.67,576.41,1245.45,607.68,1404.67,592.61,1339.27,575.53,1307.28,599.02,1291.71,625.00,1450.30,598.63,1392.73,593.14,1362.26,608.40,1348.55,632.31,1489.66,611.98,1437.11,610.38,1408.67,623.61,1395.88,644.36
EK_0139_P24_09_frame_0000108698_l.jpg,1,706.36,882.37,775.86,831.80,796.76,754.02,794.66,686.48,801.26,636.96,697.83,710.67,730.83,618.09,765.72,580.70,795.15,555.08,660.57,710.97,705.41,620.70,748.85,590.95,784.24,575.45,645.85,718.35,687.37,640.56,725.52,617.66,757.13,609.02,646.18,727.48,679.60,665.72,711.96,647.09,738.37,641.25
EK_0139_P24_09_frame_0000112337_l.jpg,0,1248.13,699.52,1183.51,699.44,1139.80,673.33,1110.80,642.15,1094.49,623.78,1137.57,601.43,1106.85,560.74,1099.55,568.29,1104.93,583.00,1171.71,581.43,1149.03,575.92,1148.92,595.74,1159.37,612.22,1206.45,577.43,1180.86,580.56,1181.90,597.36,1192.02,614.03,1234.87,580.99,1213.71,583.89,1213.16,599.26,1220.46,614.00
EK_0139_P24_09_frame_0000112950_r.jpg,0,770.63,1006.23,847.26,980.75,892.44,921.68,922.74,871.69,956.53,839.61,836.34,831.28,888.27,777.80,919.08,767.83,940.91,763.28,798.61,828.30,856.49,788.04,894.30,784.44,922.35,787.60,774.46,840.28,826.42,806.12,862.75,800.41,890.57,803.29,762.51,857.17,801.84,825.75,832.02,817.83,856.64,819.61
EK_0139_P24_09_frame_0000113448_l.jpg,0,1441.97,783.67,1434.79,719.18,1418.53,655.17,1386.12,608.21,1351.00,579.01,1426.69,613.25,1410.02,562.89,1386.56,555.75,1365.36,562.39,1396.57,639.92,1362.43,609.22,1331.84,613.03,1307.42,622.64,1375.63,668.42,1340.55,647.70,1309.98,651.72,1286.96,654.98,1362.80,695.11,1327.64,680.56,1310.56,682.56,1301.83,682.25
EK_0139_P24_09_frame_0000113638_r.jpg,0,1229.48,820.86,1167.81,833.08,1116.86,815.54,1088.24,797.32,1077.81,782.99,1122.73,734.05,1075.67,749.67,1073.87,783.72,1088.68,802.51,1148.77,722.61,1103.32,740.70,1098.41,768.92,1108.49,786.59,1172.09,725.50,1130.90,739.28,1123.75,762.83,1132.69,779.07,1188.79,734.08,1151.26,743.52,1143.94,760.41,1149.70,772.96
EK_0139_P24_09_frame_0000114706_l.jpg,0,867.52,858.49,919.60,862.34,958.64,832.09,990.38,815.11,1022.92,806.22,948.73,761.15,985.41,736.00,1003.62,743.33,1006.33,757.17,923.87,754.43,957.14,737.74,977.98,747.07,987.96,761.31,901.93,758.05,933.13,746.38,953.35,751.25,965.09,761.07,886.33,769.23,914.12,753.98,931.24,755.65,941.94,761.33
EK_0139_P24_09_frame_0000114706_l.jpg,1,1411.17,715.76,1332.91,687.10,1285.42,633.19,1262.56,597.87,1267.49,586.61,1361.06,556.79,1329.37,517.34,1300.84,525.14,1278.70,542.51,1402.19,570.39,1357.51,547.72,1323.60,552.93,1300.75,568.58,1427.02,593.30,1381.75,576.06,1349.92,576.59,1330.06,587.38,1441.90,616.60,1404.27,598.74,1374.73,596.25,1353.97,606.03
EK_0139_P24_09_frame_0000115390_l.jpg,0,1431.58,923.24,1362.86,929.04,1300.46,898.44,1259.91,864.82,1218.69,846.62,1328.95,820.94,1290.51,779.28,1265.81,777.43,1255.63,789.03,1364.95,805.50,1321.08,771.70,1291.69,776.45,1276.82,789.18,1393.52,807.01,1355.22,779.34,1325.70,780.08,1313.00,790.83,1418.76,810.60,1383.10,790.12,1356.30,789.29,1340.93,796.48
EK_0139_P24_09_frame_0000115390_l.jpg,1,785.83,1059.12,855.89,1006.01,892.18,940.63,912.04,886.11,931.25,844.62,808.77,873.23,853.98,812.75,891.41,807.56,917.67,810.15,774.76,880.12,833.52,830.13,878.29,830.51,909.75,841.92,757.89,897.34,813.09,856.63,855.17,853.95,887.26,864.06,752.60,916.69,793.23,882.22,826.69,875.06,854.74,879.19
EK_0139_P24_09_frame_0000115581_r.jpg,0,1122.82,403.77,1061.08,449.00,1007.66,457.38,980.24,456.77,963.61,454.03,965.78,368.03,924.15,348.47,904.64,342.73,896.84,339.28,994.36,343.13,948.65,336.07,928.76,345.65,920.36,357.08,1022.24,331.94,983.72,333.99,965.15,347.52,960.32,359.29,1047.58,328.17,1013.03,334.09,998.69,348.98,996.08,360.33
EK_0139_P24_09_frame_0000115781_r.jpg,0,808.63,1054.72,872.17,1038.00,905.80,982.00,924.00,930.69,943.10,895.06,858.54,925.31,909.77,873.04,936.78,843.88,951.79,816.81,832.68,911.06,890.54,859.69,916.32,881.17,919.31,908.03,820.15,909.59,872.39,864.13,897.52,884.15,901.29,907.54,816.56,915.05,856.01,881.12,876.92,891.94,881.79,909.13
EK_0139_P24_09_frame_0000116217_l.jpg,0,946.83,772.81,1007.46,763.29,1049.55,726.03,1073.97,695.04,1092.30,672.53,1009.66,657.54,1055.93,661.23,1065.22,685.60,1061.55,700.64,979.52,665.11,1027.96,675.33,1039.82,696.02,1037.18,714.76,958.16,684.17,1005.36,695.30,1018.78,715.36,1017.01,730.89,941.90,704.65,982.64,710.06,993.52,723.99,994.52,736.44
EK_0139_P24_09_frame_0000116373_l.jpg,0,1496.61,637.93,1431.95,577.04,1409.96,493.98,1387.17,434.45,1363.50,391.01,1522.20,440.13,1470.27,376.56,1424.72,370.18,1394.12,378.31,1551.43,458.89,1490.80,406.31,1440.79,395.83,1403.45,400.51,1559.84,485.10,1497.86,442.02,1455.39,430.27,1422.53,432.74,1559.36,508.00,1506.92,470.55,1471.03,461.15,1441.04,464.72
EK_0139_P24_09_frame_0000116543_l.jpg,0,1334.07,723.03,1266.94,722.64,1218.41,686.57,1182.49,657.04,1148.08,641.46,1234.90,613.08,1190.33,598.91,1171.28,612.95,1164.19,626.40,1266.66,603.70,1223.67,590.04,1201.51,601.78,1191.73,616.53,1291.69,607.46,1253.49,590.45,1231.68,597.73,1221.88,610.38,1309.01,615.13,1273.99,598.44,1252.96,601.69,1242.23,610.95
EK_0139_P24_09_frame_0000116826_l.jpg,0,373.56,559.63,407.73,476.15,407.44,357.27,416.26,247.43,429.46,159.27,280.94,264.66,309.05,126.68,380.35,102.69,436.94,119.83,290.05,273.61,363.68,172.78,448.04,182.34,504.12,214.50,316.33,292.28,391.99,227.96,462.86,247.79,508.61,284.13,343.76,308.89,393.76,250.16,443.73,262.57,480.01,296.83
EK_0139_P24_09_frame_0000116854_l.jpg,0,1116.62,573.41,1220.18,564.09,1317.98,482.96,1384.41,391.64,1406.94,309.91,1181.32,364.90,1258.16,246.61,1296.12,166.49,1316.73,96.41,1141.85,329.83,1292.15,276.69,1349.57,339.21,1356.23,389.26,1125.97,313.34,1276.95,272.64,1319.18,334.47,1315.79,375.93,1124.33,306.06,1244.35,273.94,1280.48,312.91,1281.33,341.10
EK_0139_P24_09_frame_0000117060_l.jpg,0,733.81,1033.92,738.16,1004.06,770.10,967.30,820.83,940.37,861.02,918.83,755.46,898.36,799.77,850.54,833.99,832.59,863.07,823.00,785.38,911.98,833.88,873.24,872.31,858.71,904.52,850.14,808.82,930.65,850.90,895.44,878.69,884.27,901.04,879.84,827.91,949.50,859.68,921.65,874.11,912.94,885.61,909.13
EK_0140_P25_09_frame_0000001172_r.jpg,0,169.25,658.78,293.80,632.08,341.45,570.81,357.21,505.67,361.25,466.67,320.42,476.37,358.13,408.48,364.35,429.70,351.82,458.45,249.92,446.61,290.59,356.46,303.70,392.55,297.84,429.20,187.64,441.77,220.28,370.15,238.53,405.84,234.09,442.01,136.54,459.13,169.28,414.88,191.38,436.99,193.50,466.16
EK_0140_P25_09_frame_0000004265_l.jpg,0,980.30,399.73,875.27,400.90,809.04,381.97,762.72,378.42,734.02,381.32,838.06,251.61,790.88,248.87,773.72,266.92,768.73,283.57,888.93,249.29,838.65,251.13,816.66,276.23,805.86,297.39,925.28,263.75,883.64,264.72,854.28,283.00,841.73,303.27,951.18,280.13,913.28,279.28,890.67,292.84,878.05,309.36
EK_0140_P25_09_frame_0000004265_l.jpg,1,319.92,533.22,294.01,424.07,313.08,334.70,362.08,283.25,408.60,245.64,277.10,312.63,304.62,262.75,340.02,235.08,364.18,223.65,328.24,335.20,360.59,275.95,389.66,246.30,414.07,223.47,373.34,359.69,404.06,306.67,428.07,270.76,450.76,242.38,419.69,389.83,444.44,334.48,462.11,306.84,476.96,281.35
EK_0140_P25_09_frame_0000004435_r.jpg,0,523.03,726.86,597.79,652.52,631.47,571.76,664.34,523.21,693.89,477.12,530.56,508.49,511.49,435.54,542.11,409.15,570.52,411.57,519.12,538.32,513.83,471.10,546.79,443.89,574.33,437.46,516.65,569.77,534.78,523.48,562.80,499.41,583.16,496.34,523.22,596.94,546.96,561.69,566.78,547.72,579.91,541.38
EK_0140_P25_09_frame_0000004435_r.jpg,1,993.38,202.07,902.32,185.80,843.66,151.38,817.66,141.58,804.62,145.61,890.34,33.08,849.15,0.16,826.90,-3.18,813.76,-1.36,932.85,26.04,906.03,14.16,890.37,35.41,886.28,57.40,969.26,37.88,944.67,28.69,929.78,51.30,926.77,73.46,1000.90,53.15,979.73,42.23,967.30,58.95,963.10,78.80
EK_0140_P25_09_frame_0000009520_r.jpg,0,373.63,374.25,488.46,365.24,560.89,299.12,598.32,240.33,600.76,223.81,465.49,174.14,528.78,83.79,589.83,93.62,622.52,126.07,425.84,170.47,515.71,97.24,576.73,118.43,606.01,144.49,402.82,180.18,481.80,121.81,535.45,131.19,570.41,156.52,397.83,196.34,455.47,155.26,500.91,156.35,534.88,172.94
EK_0140_P25_09_frame_0000009520_r.jpg,1,1147.55,488.43,1059.98,423.27,1013.13,356.90,975.78,318.36,949.42,282.56,1098.19,288.93,1081.99,242.33,1071.13,222.08,1062.20,209.13,1118.25,312.73,1104.00,266.98,1085.02,250.30,1070.62,232.21,1126.79,341.68,1109.34,305.38,1090.51,284.95,1074.39,271.27,1129.32,371.88,1112.35,344.28,1094.15,329.33,1079.91,320.43
EK_0140_P25_09_frame_0000013869_l.jpg,0,529.13,588.13,625.94,535.45,667.67,448.08,696.55,377.97,734.39,336.92,574.77,375.12,607.74,284.30,657.23,285.06,686.06,309.47,543.43,380.86,584.31,289.08,635.59,288.13,670.20,304.92,531.13,395.47,571.26,320.40,617.29,313.47,652.69,325.74,534.33,413.20,564.66,353.48,602.57,342.10,636.48,346.99
EK_0140_P25_09_frame_0000013869_l.jpg,1,1147.78,529.11,1054.65,513.55,992.13,451.95,949.38,397.38,911.58,344.16,1020.07,377.73,997.91,352.81,1000.76,398.94,998.13,431.08,1057.15,388.08,1022.27,368.61,1025.33,425.64,1028.70,458.49,1078.99,398.43,1044.33,394.72,1045.06,441.74,1047.65,464.62,1091.23,401.79,1063.77,396.15,1060.02,426.35,1063.33,445.17
EK_0140_P25_09_frame_0000015653_l.jpg,0,1268.71,628.04,1196.89,552.16,1153.18,479.82,1103.64,435.73,1062.86,412.98,1206.72,398.55,1147.99,347.58,1104.98,353.77,1073.89,374.64,1208.03,430.53,1136.73,403.59,1086.88,437.01,1054.77,480.55,1202.75,466.96,1136.43,449.15,1092.62,481.60,1067.87,517.43,1198.89,496.79,1144.84,487.42,1110.41,503.03,1089.57,521.83
EK_0140_P25_09_frame_0000015875_r.jpg,0,111.80,737.53,225.71,693.33,283.13,618.61,307.96,556.07,326.94,509.57,186.47,536.63,224.25,442.74,267.18,420.82,299.98,418.35,140.38,538.20,192.20,446.39,242.10,440.09,278.12,451.39,116.45,550.65,166.91,473.25,215.50,463.80,251.31,475.27,108.07,568.10,150.34,511.74,192.54,498.31,228.81,501.82
EK_0140_P25_09_frame_0000015875_r.jpg,1,1100.04,424.33,1081.46,337.04,1062.22,271.78,1029.46,232.17,1000.14,210.03,1098.60,252.73,1059.96,214.03,1023.83,217.67,1004.48,235.71,1080.04,280.55,1043.49,237.61,1004.46,237.11,982.78,251.81,1062.57,304.36,1032.39,262.18,996.68,257.92,977.95,265.98,1048.56,326.13,1020.12,291.41,997.56,283.40,984.10,280.59
EK_0140_P25_09_frame_0000016501_r.jpg,0,919.10,938.98,810.28,940.27,738.28,886.76,698.44,817.31,661.89,771.01,796.06,762.73,724.13,667.93,682.00,659.85,657.86,669.77,848.25,735.67,767.89,638.15,717.84,641.81,692.22,659.34,882.78,731.33,817.12,642.45,767.14,641.68,738.04,656.53,906.01,739.41,863.22,665.05,819.13,656.29,790.02,668.17
EK_0140_P25_09_frame_0000016758_r.jpg,0,631.86,668.64,697.72,630.40,725.47,570.55,732.02,521.29,738.90,492.15,712.21,529.63,731.94,483.49,744.47,465.41,752.68,451.60,686.76,529.76,704.05,490.60,717.74,471.10,725.39,459.73,669.74,538.25,684.87,499.59,698.07,480.17,709.73,468.86,657.80,550.37,675.16,513.00,686.27,494.62,696.81,484.15
EK_0140_P25_09_frame_0000017471_r.jpg,0,480.10,905.67,557.41,863.74,600.90,798.52,630.30,758.17,649.95,723.76,571.52,711.58,552.11,631.41,536.29,574.23,520.36,524.46,556.57,701.21,529.28,620.07,515.47,562.27,502.37,510.43,543.14,696.71,520.74,616.05,508.85,563.38,498.92,514.02,534.74,700.75,518.48,627.33,509.87,580.47,504.15,540.54
EK_0140_P25_09_frame_0000017735_l.jpg,0,698.55,621.20,699.66,528.93,704.76,470.27,725.77,436.89,738.16,413.41,672.14,476.23,685.50,451.34,710.07,437.40,724.44,433.00,697.41,505.00,717.10,475.13,740.13,465.80,758.53,463.54,724.62,532.17,743.72,506.52,764.15,493.29,783.07,486.87,755.29,561.84,773.19,544.56,781.46,537.18,788.81,531.67
EK_0140_P25_09_frame_0000017948_r.jpg,0,1109.18,580.02,1114.42,471.28,1115.21,411.82,1111.55,384.15,1086.24,373.60,1038.09,453.15,1011.81,430.76,996.35,412.51,984.38,404.03,1030.72,489.85,1045.14,459.86,1057.34,443.45,1065.32,434.95,1035.91,520.94,1047.17,496.70,1051.18,481.05,1053.54,470.28,1045.49,543.48,1045.20,523.43,1047.46,512.21,1048.71,507.13
EK_0140_P25_09_frame_0000017992_r.jpg,0,1031.51,600.74,942.72,608.41,888.12,569.22,858.20,534.76,821.60,525.90,926.08,472.96,887.76,428.37,865.49,427.39,855.49,440.78,967.95,462.27,926.09,417.45,901.79,419.88,886.23,429.23,998.55,465.42,965.66,428.94,938.63,427.28,924.20,434.97,1020.90,475.63,993.23,447.89,969.61,445.78,956.73,450.92
EK_0140_P25_09_frame_0000018746_l.jpg,0,970.98,814.20,928.16,768.20,889.13,717.93,849.90,684.73,813.91,655.89,943.23,662.58,927.10,618.83,916.93,591.28,908.98,575.15,938.82,686.53,909.29,659.87,888.04,647.89,875.41,634.16,926.62,713.98,892.38,699.76,870.96,690.75,861.01,680.89,916.35,734.02,884.73,719.72,870.54,713.21,867.53,707.37
EK_0140_P25_09_frame_0000021542_l.jpg,0,323.95,952.39,435.08,986.70,515.89,945.80,579.47,888.41,644.09,818.97,416.36,828.21,481.62,724.84,556.04,663.38,619.70,622.29,394.17,786.49,469.62,677.77,561.32,636.20,632.52,618.24,390.33,765.80,457.91,685.73,534.20,673.08,588.17,678.39,393.01,754.24,449.83,701.29,502.50,696.65,542.86,701.78
EK_0140_P25_09_frame_0000023517_l.jpg,0,675.16,452.60,766.19,413.61,798.09,364.51,795.55,323.21,792.44,299.86,764.38,272.73,785.41,236.73,802.87,263.08,804.61,292.08,717.48,282.13,749.07,242.66,771.53,266.02,780.62,291.45,686.28,300.78,712.23,266.94,735.76,283.16,747.52,304.35,665.10,323.16,689.76,295.10,711.16,300.52,724.57,314.52
EK_0140_P25_09_frame_0000024583_r.jpg,0,160.12,529.92,311.66,533.03,423.98,483.05,497.98,440.86,561.42,422.09,377.59,340.26,488.21,340.03,539.25,373.82,570.68,401.92,328.24,339.96,426.84,351.90,473.66,393.41,499.53,432.33,289.73,360.53,377.31,379.47,423.73,415.78,453.10,451.39,268.26,386.47,339.59,397.03,381.94,428.45,410.96,463.54
EK_0140_P25_09_frame_0000024583_r.jpg,1,1259.74,667.87,1148.94,659.78,1078.84,595.19,1041.02,527.39,1003.12,487.89,1131.27,480.67,1048.21,446.06,1008.90,459.54,983.27,472.93,1183.02,469.53,1093.93,455.34,1047.75,477.14,1019.77,500.45,1216.20,480.94,1135.19,484.22,1105.21,507.93,1090.71,532.14,1233.70,497.85,1170.06,501.97,1142.02,521.44,1127.67,545.81
EK_0140_P25_09_frame_0000026187_r.jpg,0,676.77,620.61,762.93,563.61,826.90,529.17,876.51,533.87,907.47,534.88,756.74,428.60,764.43,388.54,783.56,383.89,792.52,385.56,747.68,459.92,775.69,428.72,801.53,429.99,815.54,437.85,748.41,495.76,777.21,473.62,801.06,472.08,814.12,478.51,754.83,528.01,783.18,508.50,799.35,502.02,809.19,499.68
EK_0140_P25_09_frame_0000026361_l.jpg,0,430.97,696.45,520.07,726.10,594.67,690.23,633.25,636.58,649.46,596.73,564.47,596.39,619.65,516.04,657.68,491.89,684.09,487.99,521.87,561.99,579.31,480.70,620.00,466.41,646.35,477.16,490.21,545.82,543.84,474.60,582.24,466.18,608.02,478.19,469.77,543.04,513.23,490.40,547.12,479.02,572.82,484.72
EK_0140_P25_09_frame_0000026780_r.jpg,0,1165.54,376.66,1084.96,336.51,1008.52,254.81,927.36,199.12,861.26,152.91,1060.60,104.05,968.72,28.75,896.47,47.99,846.04,81.65,1045.63,124.58,953.15,81.74,877.38,116.72,825.45,158.12,1029.85,158.07,944.30,135.38,873.98,172.55,821.16,203.06,1019.21,190.87,952.01,180.01,898.97,204.71,859.13,231.45
EK_0140_P25_09_frame_0000026780_r.jpg,1,402.08,408.47,493.23,396.96,577.48,352.63,649.03,329.32,713.97,307.05,521.44,200.93,615.29,179.63,641.13,237.57,623.05,279.24,510.21,219.69,602.65,198.95,622.67,255.54,609.47,293.66,507.70,248.13,587.00,233.75,600.84,281.15,585.74,311.48,510.06,270.49,574.14,260.50,588.82,295.68,579.16,321.15
EK_0140_P25_09_frame_0000027006_r.jpg,0,1066.06,156.51,972.43,207.14,885.40,222.37,819.54,227.77,772.42,238.83,859.51,103.30,785.54,73.92,777.44,92.46,790.25,117.22,890.41,46.58,806.68,17.10,792.52,36.15,797.60,60.38,928.39,13.94,864.15,-11.17,844.01,1.68,843.39,18.66,970.63,-4.75,913.04,-23.96,891.60,-12.48,885.90,0.45
EK_0140_P25_09_frame_0000029172_r.jpg,0,1034.36,285.30,937.18,270.37,873.86,231.30,820.64,197.19,774.73,167.72,918.36,101.32,876.78,37.99,858.23,26.18,850.26,28.27,980.12,85.83,943.20,66.67,928.17,93.86,930.74,119.18,1035.47,98.12,998.10,89.65,984.35,115.01,984.87,142.60,1076.94,117.26,1048.85,107.84,1034.92,127.04,1034.68,153.41
EK_0140_P25_09_frame_0000029637_r.jpg,0,75.56,626.11,189.62,588.45,237.49,489.34,236.58,395.43,242.85,335.79,133.63,409.02,187.91,285.86,240.22,262.84,278.40,266.15,57.45,394.69,116.28,255.43,179.70,237.51,219.25,249.93,6.42,400.96,35.48,265.84,98.18,247.28,140.74,259.13,-23.23,422.26,-11.49,319.61,27.08,294.23,59.25,293.68
EK_0140_P25_09_frame_0000031781_r.jpg,0,1231.61,969.88,1152.06,949.53,1113.41,902.08,1099.51,847.57,1094.92,802.77,1166.63,836.10,1138.39,762.94,1102.33,746.85,1078.34,751.80,1208.46,827.35,1181.49,743.44,1146.94,736.92,1126.88,749.29,1236.70,830.06,1221.09,757.34,1191.38,747.26,1170.62,752.90,1256.79,840.51,1260.00,781.68,1238.86,762.06,1218.61,759.57
EK_0140_P25_09_frame_0000031781_r.jpg,1,579.07,637.74,666.35,634.76,721.23,600.02,762.76,570.28,802.30,552.87,687.97,522.05,731.29,464.28,754.05,488.63,750.63,519.15,662.36,516.52,723.19,493.93,749.67,530.73,753.11,562.04,643.92,522.02,695.47,514.30,724.50,545.56,729.70,575.80,631.21,532.32,672.29,524.29,696.31,547.98,702.63,573.49
EK_0140_P25_09_frame_0000032403_r.jpg,0,583.15,660.25,639.24,607.17,661.12,551.02,673.73,511.27,686.09,486.57,586.03,488.05,605.53,463.04,640.82,481.14,656.05,505.80,574.19,509.82,601.29,483.22,639.69,498.53,660.27,525.95,573.09,536.06,602.96,516.46,639.14,521.85,659.78,539.74,576.53,561.15,604.09,543.23,630.24,546.45,647.51,560.66
EK_0140_P25_09_frame_0000032403_r.jpg,1,1180.27,554.93,1099.97,533.60,1061.05,507.09,1035.28,510.77,1015.66,519.51,1107.98,399.47,1060.43,414.12,1046.69,448.05,1044.55,462.79,1132.08,427.32,1084.44,452.05,1060.71,489.68,1056.54,516.01,1144.68,459.64,1094.50,487.26,1070.45,522.54,1061.09,541.14,1148.85,485.98,1104.38,512.18,1075.78,537.92,1058.22,554.99
EK_0140_P25_09_frame_0000034760_l.jpg,0,594.04,907.73,673.51,876.37,722.09,826.06,750.41,791.91,768.20,765.48,669.00,761.23,683.89,711.61,710.53,710.29,724.04,722.50,645.45,775.48,670.97,732.52,699.87,731.47,716.88,741.52,630.90,795.52,661.90,770.74,690.93,766.59,711.69,774.49,627.07,818.36,656.19,800.81,680.92,798.90,698.96,805.37
EK_0140_P25_09_frame_0000035034_l.jpg,0,263.15,887.90,395.30,845.27,476.37,775.09,537.14,729.06,599.84,694.33,363.26,638.49,387.11,536.45,438.39,506.19,477.99,506.48,323.82,650.49,365.88,547.06,426.00,527.31,473.41,532.50,300.11,666.73,340.35,587.71,395.13,563.42,435.16,566.22,293.81,682.71,328.81,627.16,367.93,606.01,400.38,601.14
EK_0140_P25_09_frame_0000036099_r.jpg,0,1203.59,853.15,1150.13,792.58,1126.33,720.11,1105.12,667.04,1081.78,622.10,1183.71,660.41,1138.04,612.17,1096.74,600.35,1068.92,598.03,1188.82,682.48,1149.79,637.47,1105.59,628.36,1074.33,625.68,1184.79,707.73,1149.32,675.75,1112.71,667.32,1087.91,667.12,1178.07,728.97,1147.69,708.05,1121.78,701.59,1103.31,700.72
EK_0140_P25_09_frame_0000036099_r.jpg,1,722.21,543.12,766.48,505.26,811.79,467.16,852.50,448.83,889.56,437.00,791.22,421.39,826.59,396.11,860.08,402.07,876.06,415.79,793.68,444.46,836.15,426.14,869.51,432.15,892.54,440.20,794.59,466.60,831.46,450.65,862.74,447.04,881.86,450.58,795.66,489.07,825.36,471.07,843.59,463.95,855.01,460.90
EK_0140_P25_09_frame_0000036586_r.jpg,0,243.48,373.98,353.09,436.02,450.40,467.44,523.60,509.22,591.10,546.51,489.13,351.63,567.02,378.80,601.63,414.45,619.60,435.55,451.86,344.25,521.70,368.60,554.56,402.40,579.21,432.23,416.70,347.04,469.90,372.43,501.95,399.54,526.26,427.29,388.19,360.29,433.00,376.46,458.65,398.37,474.03,417.91
EK_0140_P25_09_frame_0000040451_l.jpg,0,738.21,559.24,828.59,530.97,886.57,468.85,927.31,414.80,966.86,356.33,835.09,400.64,887.76,344.93,929.38,320.63,959.25,308.52,815.47,407.28,866.06,353.00,909.00,331.17,945.09,320.02,806.44,419.48,854.44,373.12,892.75,347.44,926.66,332.62,807.02,431.43,847.67,392.94,879.42,372.18,907.69,358.69
EK_0140_P25_09_frame_0000040594_r.jpg,0,595.77,734.93,663.23,749.04,727.52,708.08,765.28,661.84,788.92,626.10,702.42,625.79,762.64,570.00,812.60,558.77,850.60,560.56,686.94,612.31,750.68,555.38,800.14,543.31,840.38,541.72,680.57,614.54,740.76,571.58,787.29,558.69,826.81,556.99,680.47,623.87,731.07,588.25,770.10,575.46,803.16,573.15
EK_0140_P25_09_frame_0000044122_r.jpg,0,598.45,684.82,637.29,637.72,660.84,564.97,681.23,503.63,698.99,451.45,570.22,481.10,569.13,413.39,616.84,390.24,664.63,389.49,589.73,484.80,644.97,415.58,711.23,399.42,765.43,396.72,610.98,493.13,664.84,434.42,721.24,418.49,768.26,409.09,628.28,502.36,669.70,454.63,709.38,439.05,745.01,431.37
EK_0140_P25_09_frame_0000044122_r.jpg,1,1008.51,729.83,930.41,728.39,887.16,685.27,869.88,631.29,852.16,590.78,912.01,614.03,900.62,532.53,887.99,499.16,875.28,482.54,957.41,601.71,949.33,524.13,937.94,493.87,925.54,477.48,992.88,602.39,986.70,537.63,975.49,505.89,966.70,486.50,1018.69,610.38,1009.70,560.85,1000.31,533.44,993.13,516.64
EK_0140_P25_09_frame_0000044224_l.jpg,0,1316.46,457.18,1197.90,436.59,1141.20,367.61,1135.79,299.02,1139.49,256.46,1190.83,277.70,1127.96,200.30,1088.67,191.67,1064.33,198.12,1252.85,258.38,1184.03,173.45,1147.87,194.12,1132.05,216.05,1295.69,254.87,1237.90,179.25,1198.81,194.47,1186.54,216.01,1329.56,265.50,1284.11,212.19,1247.63,214.15,1231.83,227.84
EK_0140_P25_09_frame_0000044680_r.jpg,0,194.27,1063.63,287.54,1053.22,347.95,1003.74,386.76,956.07,424.56,913.70,296.19,914.38,347.50,845.86,389.58,832.33,416.87,833.30,253.15,904.10,302.69,828.43,346.97,814.29,378.23,818.78,224.95,907.17,266.98,841.33,309.67,824.07,341.65,824.91,211.76,919.14,245.97,867.32,280.02,848.36,308.88,844.19
EK_0140_P25_09_frame_0000046409_r.jpg,0,1117.91,219.80,1031.49,250.45,975.28,241.59,951.15,235.21,945.34,242.32,951.22,126.82,940.41,147.90,957.72,175.53,972.57,192.04,990.34,94.55,974.41,117.19,988.24,147.85,1005.48,168.18,1031.86,83.98,1016.53,102.40,1021.84,129.54,1037.14,147.10,1070.96,83.23,1055.66,97.74,1058.91,122.37,1068.62,141.74
EK_0140_P25_09_frame_0000046549_r.jpg,0,949.83,159.39,983.67,105.37,967.84,29.71,938.19,-22.58,918.71,-58.99,900.80,12.72,886.28,-50.79,885.35,-89.41,886.55,-114.94,881.20,20.87,866.95,-42.88,866.10,-78.27,866.07,-106.66,872.02,29.93,858.64,-28.08,860.57,-60.18,862.23,-87.75,868.77,35.22,853.56,-14.76,853.60,-45.28,857.13,-69.42
EK_0140_P25_09_frame_0000051112_l.jpg,0,216.42,809.91,314.18,831.41,399.99,790.12,458.80,739.54,506.39,693.87,366.53,666.34,453.24,606.08,507.46,608.62,538.84,621.27,332.42,645.58,424.33,580.75,480.30,587.96,512.74,609.01,309.30,643.16,385.45,589.10,440.50,590.88,476.94,606.03,293.63,649.97,350.51,605.49,394.65,597.63,430.16,603.00
EK_0140_P25_09_frame_0000052317_r.jpg,0,1135.55,762.72,1071.77,713.94,1035.71,654.50,999.35,613.77,973.48,583.08,1102.51,569.41,1060.41,511.81,1017.87,513.87,981.00,523.80,1106.73,583.72,1055.53,539.65,1006.91,545.63,969.15,561.17,1102.25,601.80,1055.56,569.95,1015.60,575.15,983.68,587.04,1096.85,620.40,1058.48,607.21,1025.88,608.18,998.50,614.55
EK_0140_P25_09_frame_0000052317_r.jpg,1,530.87,687.45,632.13,698.87,697.40,665.58,727.77,614.91,731.21,585.44,706.84,588.93,746.65,559.60,734.87,588.77,716.10,612.48,665.27,550.58,711.04,534.40,704.40,563.02,688.54,585.25,623.03,533.40,666.18,525.26,663.24,551.93,645.73,574.34,584.75,529.18,623.08,524.39,624.96,547.14,612.74,567.71
EK_0140_P25_09_frame_0000052403_r.jpg,0,1041.68,681.43,953.94,653.25,913.89,589.72,897.84,538.36,898.44,515.26,991.91,509.54,950.80,451.82,916.75,467.59,901.27,491.22,1027.51,519.47,972.63,479.72,933.86,496.12,913.45,518.38,1043.14,539.51,986.15,512.55,951.11,522.08,932.80,538.94,1046.12,557.34,997.18,541.44,967.50,548.37,951.25,564.62
EK_0140_P25_09_frame_0000052403_r.jpg,1,536.54,677.56,638.70,681.47,702.74,635.81,739.23,583.29,740.50,547.68,695.65,577.94,743.07,518.89,730.61,546.95,711.40,573.74,648.75,544.51,697.62,515.04,692.29,541.99,679.15,563.41,606.92,529.27,653.58,517.17,650.46,540.26,634.27,558.23,570.28,523.81,614.91,520.95,612.13,541.83,598.91,558.44
EK_0141_P26_01_frame_0000000506_r.jpg,0,1120.85,889.78,1058.77,853.27,1021.79,791.89,994.58,747.33,972.34,710.12,1081.48,735.89,1030.68,690.55,991.40,684.83,960.62,689.83,1097.50,742.67,1046.31,702.37,1005.95,692.34,970.92,694.13,1100.79,757.06,1057.38,723.72,1021.90,711.83,989.98,710.86,1095.75,769.57,1061.55,742.78,1033.84,733.99,1006.87,734.19
EK_0141_P26_01_frame_0000000754_r.jpg,0,1162.04,1015.55,1097.99,985.37,1065.04,928.22,1047.35,886.72,1023.21,866.07,1119.01,881.63,1099.80,837.94,1083.39,830.38,1074.09,830.12,1144.66,889.42,1119.81,856.08,1097.85,850.31,1085.25,850.09,1155.43,905.52,1129.72,880.41,1107.63,872.94,1094.11,873.60,1158.02,918.97,1133.72,895.80,1115.25,888.32,1102.62,888.89
EK_0141_P26_01_frame_0000003755_l.jpg,0,424.00,1008.94,484.08,947.23,497.18,866.16,496.40,799.65,499.64,752.77,382.45,845.28,409.42,755.14,452.94,727.05,490.44,716.87,366.74,860.58,443.99,807.53,490.21,821.89,513.86,839.25,369.77,876.79,440.53,835.98,482.50,845.94,503.70,864.62,376.48,888.89,430.63,855.56,466.65,860.77,487.55,874.35
EK_0141_P26_01_frame_0000004596_l.jpg,0,472.93,1058.44,525.97,1011.47,557.40,963.52,592.99,923.71,620.84,892.08,455.36,899.15,426.40,828.37,411.62,786.63,403.08,753.75,417.60,923.34,368.14,865.86,345.24,828.18,335.74,805.01,395.64,954.22,346.55,909.57,327.95,876.57,321.50,851.69,389.84,982.75,354.35,953.72,341.54,933.43,339.37,916.11
EK_0142_P26_02_frame_0000000200_r.jpg,0,1163.13,602.76,1074.11,567.94,1035.81,494.22,1032.23,423.98,1033.41,377.78,1115.81,409.07,1080.23,322.98,1052.18,289.59,1029.34,266.94,1158.79,410.27,1119.58,322.22,1079.92,300.78,1051.94,294.16,1176.98,424.37,1143.17,350.13,1105.17,330.77,1079.99,324.77,1182.28,437.71,1153.38,381.16,1122.55,357.98,1099.68,350.71
EK_0142_P26_02_frame_0000000812_r.jpg,0,568.38,949.08,654.07,896.18,695.07,813.73,719.75,743.04,756.52,684.64,582.00,735.14,578.25,630.97,588.36,581.22,601.94,544.59,550.12,743.20,567.84,647.66,596.86,599.00,625.80,568.13,541.27,759.65,589.78,696.00,636.72,688.50,672.65,690.57,541.05,774.74,586.41,731.24,624.04,726.41,654.43,730.77
EK_0142_P26_02_frame_0000001322_r.jpg,0,1026.24,944.78,949.09,934.14,896.49,883.45,858.78,838.90,836.82,812.43,963.85,794.68,910.89,749.84,884.12,777.94,877.72,810.79,1003.61,789.18,937.09,779.39,911.04,814.21,911.46,838.85,1028.83,799.29,962.66,791.98,939.82,819.91,940.23,847.54,1042.16,815.32,991.37,807.63,969.31,827.53,964.99,851.02
EK_0142_P26_02_frame_0000001322_r.jpg,1,531.31,782.33,610.37,814.52,676.82,811.09,715.19,783.04,731.51,758.84,700.92,717.91,763.79,691.04,776.05,701.46,769.04,711.93,671.71,680.56,741.04,656.80,745.96,677.70,733.06,691.87,637.14,657.68,704.52,631.92,710.19,649.74,696.58,665.94,601.78,648.46,659.70,613.80,673.99,626.25,670.24,642.40
EK_0142_P26_02_frame_0000001762_l.jpg,0,711.28,491.32,796.64,468.62,827.58,419.82,826.90,371.21,799.55,347.42,800.59,312.03,823.13,305.83,827.22,330.24,822.99,354.40,749.54,299.69,783.77,298.04,788.57,325.38,784.33,347.43,705.41,311.05,744.38,295.61,755.82,317.55,755.60,341.46,671.43,333.02,707.25,313.63,724.48,330.21,728.68,350.25
EK_0142_P26_02_frame_0000001762_l.jpg,1,1111.72,464.54,1019.86,442.88,969.88,396.85,967.89,364.57,1000.65,364.96,1031.72,269.18,997.72,266.64,992.67,301.23,1000.57,324.60,1089.87,274.28,1050.61,273.70,1040.12,304.02,1049.98,328.04,1133.98,302.26,1100.62,286.20,1086.73,308.37,1092.35,332.95,1160.83,336.36,1131.28,320.19,1119.10,336.38,1122.49,355.00
EK_0142_P26_02_frame_0000002298_r.jpg,0,1146.79,513.91,1053.48,505.09,1015.06,461.86,1023.19,416.18,1044.50,396.49,1015.68,346.11,1010.76,344.87,1016.67,372.63,1026.42,392.90,1073.50,334.32,1065.42,337.32,1065.14,363.08,1074.10,384.65,1126.81,346.83,1113.09,361.36,1109.33,382.88,1114.73,403.80,1166.03,368.17,1151.83,383.42,1145.08,400.67,1144.13,417.45
EK_0142_P26_02_frame_0000006494_r.jpg,0,1156.43,685.51,1082.20,637.02,1063.51,562.11,1076.78,498.84,1076.07,450.71,1143.40,512.79,1118.24,438.04,1088.65,422.65,1068.29,418.67,1181.36,523.40,1137.75,469.72,1102.53,466.54,1083.92,476.77,1196.93,541.93,1149.81,502.57,1116.37,505.00,1097.35,515.26,1201.40,554.63,1163.57,523.23,1136.90,522.24,1120.55,530.00
EK_0142_P26_02_frame_0000006494_r.jpg,1,473.72,730.51,560.26,702.68,620.89,642.70,647.67,587.88,653.62,556.38,554.80,531.47,623.73,502.96,660.27,508.13,685.49,515.55,501.27,531.34,565.24,503.70,593.14,515.60,600.85,531.19,461.96,555.65,517.70,535.06,548.79,546.60,559.29,565.33,435.89,588.07,483.26,572.69,508.82,585.01,517.65,604.35
EK_0142_P26_02_frame_0000012831_r.jpg,0,622.18,765.26,679.14,709.94,698.23,625.00,698.46,555.32,698.02,505.41,581.70,580.18,632.59,501.44,682.70,490.38,718.89,496.88,559.50,584.04,632.00,524.67,684.08,534.34,715.62,556.65,557.61,595.34,631.98,547.45,677.09,558.05,705.90,579.95,563.08,605.06,618.90,564.63,655.71,572.22,682.47,589.30
EK_0142_P26_02_frame_0000012831_r.jpg,1,1224.68,600.76,1147.30,585.71,1098.31,528.37,1086.01,470.04,1073.27,430.22,1151.28,460.86,1113.35,407.45,1089.36,387.50,1072.84,374.72,1187.53,455.07,1143.95,414.49,1110.21,407.66,1091.03,408.31,1208.98,463.00,1166.35,434.49,1134.14,433.70,1118.03,438.44,1221.60,471.13,1185.25,445.81,1157.92,444.37,1142.63,450.82
EK_0142_P26_02_frame_0000013034_r.jpg,0,1236.05,609.13,1152.81,576.84,1111.05,510.38,1102.05,450.70,1093.00,411.57,1185.11,432.79,1134.59,378.02,1102.40,368.97,1083.15,363.51,1224.48,434.61,1162.52,409.94,1124.55,419.91,1104.80,433.20,1244.41,450.72,1185.38,436.51,1151.92,447.40,1133.31,460.07,1252.27,465.13,1207.00,451.82,1178.55,457.96,1162.68,471.36
EK_0142_P26_02_frame_0000013034_r.jpg,1,412.33,728.12,419.98,663.94,431.30,572.50,451.39,501.50,465.96,449.53,326.25,524.40,386.58,455.52,442.59,431.96,492.78,422.89,355.93,532.50,422.48,477.57,481.53,473.81,530.38,485.18,387.68,546.07,445.66,500.24,493.08,494.62,529.87,510.20,412.14,559.30,454.07,529.24,487.61,527.72,518.30,538.12
EK_0142_P26_02_frame_0000015256_r.jpg,0,971.28,981.46,915.78,987.96,849.44,962.80,797.58,939.64,754.14,927.25,898.03,873.46,857.69,819.22,822.69,793.38,792.46,781.89,916.59,860.72,875.49,813.09,837.30,798.87,810.38,797.91,927.12,860.75,887.48,821.77,851.49,808.01,826.87,805.85,929.80,866.35,892.32,835.15,862.58,823.34,842.56,821.14
EK_0142_P26_02_frame_0000015334_l.jpg,0,587.93,539.83,656.72,507.69,685.95,449.85,672.80,401.46,657.73,374.63,616.67,393.54,616.18,314.70,634.81,311.15,645.83,326.34,574.95,396.52,590.09,325.62,613.65,330.39,621.89,349.65,548.57,408.52,565.44,345.72,586.65,351.64,593.32,368.81,532.75,424.69,546.35,373.39,564.45,373.92,570.24,387.68
EK_0142_P26_02_frame_0000016332_l.jpg,0,1224.17,726.64,1159.84,689.16,1140.85,620.11,1141.36,564.08,1131.43,519.85,1201.73,574.27,1182.95,513.38,1153.38,512.14,1135.47,526.68,1233.05,583.39,1204.07,526.09,1170.87,525.15,1151.05,538.88,1245.41,600.23,1213.40,560.45,1183.48,555.03,1166.21,561.20,1252.10,613.55,1223.25,579.25,1197.71,571.94,1180.65,573.29
EK_0142_P26_02_frame_0000016332_l.jpg,1,581.05,888.71,553.60,804.80,552.51,728.31,583.15,671.01,607.98,627.11,526.21,705.53,553.13,656.68,586.94,629.93,616.94,612.49,563.96,725.52,595.26,674.78,627.54,647.86,661.92,625.72,599.40,747.70,624.54,704.48,652.17,681.87,683.41,664.98,634.31,772.47,649.26,731.29,662.35,710.15,679.80,690.45
EK_0142_P26_02_frame_0000018663_l.jpg,0,1221.10,660.85,1151.56,622.81,1128.98,552.73,1135.11,492.45,1131.69,452.52,1203.36,513.24,1195.24,450.15,1163.89,458.09,1151.13,478.12,1237.57,523.30,1216.04,469.69,1183.96,476.95,1172.20,494.60,1252.60,540.69,1223.57,497.84,1193.97,498.85,1181.88,511.57,1257.30,553.32,1227.87,516.09,1205.58,516.28,1197.04,526.88
EK_0142_P26_02_frame_0000020752_r.jpg,0,1206.24,791.28,1085.22,750.62,1017.54,677.18,986.24,594.10,976.57,531.03,1106.10,566.07,1055.19,447.46,1024.57,454.44,1021.94,482.20,1179.68,560.48,1129.41,457.18,1093.04,476.91,1086.23,512.55,1234.31,577.98,1184.36,503.26,1147.33,522.31,1140.19,552.08,1269.55,599.97,1223.50,536.84,1190.98,552.29,1187.08,580.28
EK_0142_P26_02_frame_0000022214_l.jpg,0,1103.00,776.85,1042.75,805.96,978.93,806.21,947.32,794.28,950.48,782.54,976.23,702.86,921.37,659.85,888.39,631.19,863.94,612.67,1010.97,670.74,970.10,614.97,944.72,602.21,932.56,601.96,1045.99,656.65,1013.92,638.70,1006.09,656.25,1011.50,673.38,1078.20,655.05,1048.67,644.19,1041.34,658.92,1045.41,673.59
EK_0142_P26_02_frame_0000023103_l.jpg,0,1241.14,908.67,1105.76,921.98,992.32,866.87,920.55,807.65,883.43,764.44,1011.20,693.58,954.69,570.85,928.17,513.69,912.76,474.49,1086.64,652.19,1027.26,564.81,1006.63,594.94,1014.90,635.55,1156.58,640.11,1092.20,566.57,1071.24,597.87,1077.86,636.14,1213.49,641.64,1151.91,595.26,1130.31,619.96,1138.13,652.29
EK_0142_P26_02_frame_0000023306_l.jpg,0,960.38,1015.99,1019.92,1018.39,1065.88,990.92,1088.66,957.04,1095.16,931.24,1071.04,951.91,1088.98,914.69,1080.38,925.61,1070.45,942.82,1038.30,930.67,1053.04,901.43,1044.80,913.89,1035.10,929.93,1003.05,915.38,1019.67,892.10,1013.82,903.90,1004.83,918.67,969.03,905.82,989.91,882.69,985.19,894.32,976.87,907.34
EK_0142_P26_02_frame_0000023514_l.jpg,0,1217.56,779.16,1139.15,732.39,1104.05,663.46,1089.23,601.57,1076.88,557.78,1186.66,595.17,1148.75,531.72,1115.77,532.44,1096.41,546.89,1225.06,602.22,1174.88,552.90,1140.65,558.05,1120.14,572.43,1243.00,619.56,1193.46,581.39,1160.53,581.61,1139.29,593.96,1247.53,635.27,1208.56,603.62,1180.21,600.85,1161.01,608.92
EK_0142_P26_02_frame_0000023514_l.jpg,1,323.44,892.54,422.54,844.50,466.69,759.24,448.84,685.52,412.01,649.82,423.73,713.38,461.63,611.69,471.39,575.29,469.54,559.64,353.41,699.64,402.43,587.27,422.42,601.95,419.49,632.99,293.84,699.40,335.79,601.68,360.11,622.31,358.80,654.80,245.87,709.82,255.45,621.56,285.27,622.42,299.01,639.83
EK_0142_P26_02_frame_0000025256_r.jpg,0,1377.71,844.14,1329.72,814.61,1314.02,751.08,1311.55,689.43,1310.07,634.88,1392.75,711.94,1381.80,638.00,1357.99,604.64,1338.28,593.00,1413.46,714.33,1400.58,644.29,1378.46,609.35,1358.96,593.83,1421.91,717.23,1410.75,651.70,1387.78,619.61,1368.15,601.17,1421.89,717.79,1410.74,658.59,1393.91,628.15,1378.14,610.05
EK_0142_P26_02_frame_0000025346_r.jpg,0,1456.65,751.35,1377.53,701.33,1354.93,625.41,1367.88,565.89,1382.55,534.07,1441.25,586.13,1414.36,527.67,1382.25,542.99,1373.50,565.95,1477.35,596.01,1440.20,544.31,1409.98,555.15,1403.23,577.68,1496.82,611.37,1460.05,561.55,1432.24,569.76,1425.15,592.00,1505.30,625.25,1475.59,582.82,1453.12,585.91,1447.48,600.59
EK_0142_P26_02_frame_0000025346_r.jpg,1,580.36,729.88,640.58,679.66,687.89,601.82,730.56,552.62,767.46,525.64,592.49,524.13,683.45,491.46,737.35,498.51,775.45,510.19,585.44,538.04,678.08,523.62,721.20,540.82,750.06,559.33,590.00,561.35,672.16,557.09,705.28,569.79,726.14,584.29,599.24,583.21,661.96,580.84,687.79,591.43,704.40,603.49
EK_0142_P26_02_frame_0000025483_r.jpg,0,1356.70,706.31,1290.16,660.50,1273.37,588.76,1283.36,534.03,1279.73,493.39,1334.41,551.10,1313.53,494.88,1288.73,489.43,1276.87,499.28,1373.85,558.71,1345.88,502.47,1316.33,499.67,1301.24,513.51,1393.65,575.27,1362.35,533.65,1332.45,526.82,1318.64,534.34,1405.87,590.38,1375.22,554.38,1349.23,546.03,1334.26,548.50
EK_0142_P26_02_frame_0000025483_r.jpg,1,641.51,720.61,725.22,689.22,782.53,627.08,817.34,574.00,842.93,542.52,707.08,519.43,787.84,506.13,820.52,531.55,833.18,552.68,666.30,522.17,753.19,508.06,785.68,537.48,794.76,562.78,642.39,542.92,717.16,531.32,750.70,554.73,763.12,580.97,631.14,567.86,690.59,556.41,721.10,569.67,736.88,587.23
EK_0142_P26_02_frame_0000026578_l.jpg,0,1377.02,799.04,1299.39,776.81,1254.48,735.40,1221.19,723.37,1184.40,721.89,1323.24,635.04,1315.20,570.95,1294.06,548.70,1276.77,549.67,1367.44,642.26,1351.05,580.03,1324.97,571.02,1306.19,576.77,1398.21,661.25,1379.81,613.65,1353.44,602.71,1334.66,602.99,1416.17,686.70,1397.95,644.24,1372.78,635.05,1357.49,638.21
EK_0142_P26_02_frame_0000027233_r.jpg,0,750.37,540.02,812.31,480.39,830.05,392.29,846.57,318.87,854.76,260.00,689.06,330.69,623.84,235.27,593.64,171.81,572.81,123.74,656.08,345.30,603.53,249.61,587.67,181.78,580.80,132.36,642.31,359.00,599.19,275.11,591.83,218.68,590.17,175.76,639.98,366.75,609.13,297.46,597.35,251.78,593.17,218.07
EK_0142_P26_02_frame_0000027255_r.jpg,0,803.63,503.55,883.09,450.72,897.88,364.74,884.73,278.11,898.74,207.94,793.85,319.51,716.55,202.71,676.91,133.21,648.67,80.42,741.75,337.17,662.13,224.94,636.07,154.19,622.42,103.19,714.07,351.47,652.79,254.82,637.71,193.54,634.61,149.61,703.70,356.96,663.63,276.57,648.00,229.01,645.29,195.05
EK_0142_P26_02_frame_0000027328_r.jpg,0,1698.50,802.84,1638.99,742.16,1656.99,654.67,1701.48,572.81,1744.27,503.40,1825.77,671.99,1879.03,544.41,1849.72,467.69,1800.93,427.55,1859.34,675.78,1892.63,551.31,1847.20,476.98,1787.07,451.78,1863.16,667.63,1879.42,546.61,1830.83,481.69,1779.80,454.18,1852.60,650.70,1866.36,553.42,1837.30,496.48,1794.46,470.48
EK_0142_P26_02_frame_0000027413_l.jpg,0,798.34,1063.97,828.05,1031.02,874.99,993.75,927.89,973.52,969.96,959.45,876.16,929.87,929.32,905.28,956.32,917.44,969.72,937.41,887.19,953.56,939.87,944.29,953.67,965.70,958.68,988.71,894.29,983.35,942.72,980.60,953.74,1000.10,956.23,1019.16,896.00,1011.00,937.78,1009.76,949.02,1025.22,952.05,1040.21
EK_0143_P06_106_frame_0000000451_r.jpg,0,1308.22,488.58,1280.90,431.09,1252.84,378.74,1212.33,340.64,1182.82,313.59,1289.96,330.11,1219.15,306.77,1176.66,311.50,1154.41,323.73,1270.44,353.62,1206.79,333.69,1194.43,361.39,1199.03,387.60,1253.37,374.22,1203.12,359.62,1201.01,387.86,1212.45,410.83,1238.85,389.73,1204.28,385.23,1205.03,404.54,1216.97,419.10
EK_0143_P06_106_frame_0000000836_r.jpg,0,925.54,961.80,847.49,955.79,800.38,902.24,772.85,852.49,742.19,827.62,819.97,837.31,770.53,780.28,748.23,767.28,736.79,760.59,859.24,817.00,809.31,758.54,787.16,770.57,781.68,788.56,890.79,813.76,842.07,772.90,820.28,785.61,815.51,802.01,912.36,819.05,878.47,795.36,859.06,802.77,851.69,816.71
EK_0143_P06_106_frame_0000001809_r.jpg,0,1526.68,1050.09,1528.33,979.39,1516.57,911.41,1490.62,862.28,1483.75,822.35,1546.25,887.59,1492.94,846.96,1461.21,844.67,1449.82,855.40,1515.52,917.65,1454.99,885.75,1453.62,908.05,1468.43,921.82,1487.80,945.99,1436.20,921.49,1445.90,944.05,1465.13,952.22,1462.92,969.19,1424.97,948.83,1433.17,969.72,1452.85,977.65
EK_0143_P06_106_frame_0000002628_r.jpg,0,1230.28,934.52,1221.94,876.42,1198.56,820.40,1158.41,788.32,1126.24,765.85,1236.03,781.44,1192.41,737.50,1155.05,737.39,1130.45,750.65,1205.17,804.74,1167.68,763.28,1136.88,762.86,1115.19,772.05,1182.54,829.35,1146.45,794.57,1119.37,787.96,1098.75,786.57,1166.01,856.67,1134.56,831.12,1108.74,824.16,1090.81,819.38
EK_0143_P06_106_frame_0000002676_r.jpg,0,1243.12,857.39,1234.13,806.66,1205.39,763.87,1164.60,745.03,1134.42,729.66,1233.16,730.26,1195.53,697.37,1165.62,697.85,1143.73,707.59,1209.69,754.36,1174.90,726.71,1147.13,724.30,1126.75,729.88,1192.78,779.23,1159.59,756.85,1134.36,749.51,1114.17,746.81,1179.87,805.44,1148.39,786.71,1123.88,780.79,1106.35,774.28
EK_0143_P06_106_frame_0000002826_r.jpg,0,1038.60,805.74,1011.89,758.07,983.96,711.68,949.25,688.62,923.13,671.18,1023.17,662.04,973.11,635.12,940.41,642.40,918.68,656.97,1006.59,684.95,958.66,664.89,921.41,677.25,898.40,698.95,990.88,707.95,947.97,685.77,916.63,695.74,895.06,708.19,977.38,726.52,943.40,708.76,920.62,710.80,904.64,713.29
EK_0143_P06_106_frame_0000003001_l.jpg,0,1285.86,817.97,1248.64,755.22,1230.29,683.27,1198.25,627.12,1168.92,596.94,1296.46,624.00,1227.15,572.29,1178.09,578.13,1152.37,596.90,1284.68,637.70,1211.55,595.97,1163.89,609.27,1131.11,634.50,1267.95,655.25,1202.13,620.46,1158.44,630.73,1128.67,650.90,1254.76,671.90,1206.13,649.19,1177.22,655.68,1156.19,669.05
EK_0143_P06_106_frame_0000003001_l.jpg,1,290.64,736.97,437.11,709.40,519.91,621.90,567.96,517.45,604.11,450.92,437.24,486.40,532.61,459.12,535.35,524.26,511.00,562.10,366.32,461.47,471.94,446.38,482.36,498.30,459.61,534.47,312.03,465.27,409.59,446.45,423.19,490.80,402.04,529.51,269.66,479.72,346.89,461.52,362.73,495.63,352.64,527.02
EK_0143_P06_106_frame_0000003398_l.jpg,0,846.63,763.11,812.36,685.32,778.10,596.73,761.80,514.19,732.08,457.65,711.44,566.00,764.05,501.99,810.85,503.18,832.63,506.90,754.37,579.19,806.97,527.24,843.78,528.59,866.49,532.00,799.46,596.99,846.78,554.36,875.27,560.58,889.76,562.46,840.46,608.59,866.76,580.30,881.27,581.98,889.84,579.63
EK_0143_P06_106_frame_0000003430_l.jpg,0,396.97,528.37,368.30,479.13,314.10,421.03,274.30,366.31,242.92,328.67,233.27,437.22,255.82,354.12,300.09,356.62,325.41,374.50,249.90,439.83,282.69,364.93,327.54,377.47,352.22,397.52,276.70,441.21,314.17,380.38,347.63,396.13,363.45,416.78,301.95,444.29,334.51,399.77,356.75,410.93,365.01,425.94
EK_0143_P06_106_frame_0000003996_l.jpg,0,490.92,675.35,536.44,626.49,533.93,578.53,520.03,547.14,516.06,532.95,462.34,545.97,457.55,499.11,473.08,485.18,488.12,481.76,432.61,566.70,418.80,517.34,437.62,500.16,458.77,501.90,419.91,590.08,411.02,549.36,425.77,530.06,443.16,527.61,422.96,612.19,425.17,582.18,436.64,564.77,452.55,561.45
EK_0143_P06_106_frame_0000005084_l.jpg,0,349.99,890.37,338.31,818.08,341.63,737.62,357.52,674.74,372.08,635.28,261.68,707.58,272.73,640.56,302.62,609.77,335.13,603.13,306.27,721.27,345.20,659.82,397.27,643.45,442.85,636.11,346.91,737.09,391.59,689.03,440.16,665.51,483.07,654.57,383.08,753.51,420.40,715.48,452.89,697.60,485.07,683.45
EK_0143_P06_106_frame_0000005084_l.jpg,1,1024.32,765.86,924.82,768.84,862.38,711.52,830.50,632.17,810.06,580.98,908.96,644.49,828.65,564.64,805.57,564.19,805.62,576.14,955.74,609.91,866.83,540.04,846.06,566.61,851.48,593.88,990.26,591.84,904.08,535.09,882.53,560.78,886.74,587.41,1013.12,585.73,943.88,557.51,923.25,577.09,924.67,596.72
EK_0143_P06_106_frame_0000006151_r.jpg,0,1329.19,725.15,1232.82,701.76,1190.76,638.63,1173.61,568.69,1144.69,520.24,1243.13,568.76,1181.52,487.73,1158.73,479.25,1148.28,488.06,1295.82,549.91,1224.37,466.36,1195.24,477.92,1183.85,501.34,1335.75,548.87,1269.33,481.29,1237.88,495.27,1224.60,518.72,1361.99,557.16,1311.39,516.99,1276.43,524.97,1260.10,541.19
EK_0143_P06_106_frame_0000006151_r.jpg,1,237.48,1031.54,149.26,980.92,116.75,880.83,148.68,784.71,164.75,707.14,115.41,804.50,118.64,730.11,139.86,676.58,160.01,646.87,181.81,798.58,196.27,719.07,211.26,676.89,224.49,642.20,238.22,804.93,252.71,729.44,264.26,686.96,279.95,655.46,301.23,825.50,308.49,758.54,317.28,726.08,325.51,698.25
EK_0143_P06_106_frame_0000006801_r.jpg,0,1444.32,1082.99,1366.03,1024.21,1342.12,947.37,1336.44,881.92,1322.95,841.19,1428.64,889.05,1387.16,811.88,1349.10,803.38,1320.77,808.09,1466.84,888.69,1410.64,819.13,1369.79,812.01,1338.02,818.73,1483.62,898.06,1428.32,837.79,1392.83,831.51,1365.48,840.01,1484.39,908.82,1445.02,863.95,1415.07,853.24,1392.03,856.46
EK_0143_P06_106_frame_0000006840_r.jpg,0,835.67,717.78,855.53,666.00,838.23,615.38,808.80,587.42,777.53,578.29,810.53,566.48,774.57,510.60,752.06,475.26,732.85,451.23,783.07,576.37,753.68,540.03,754.86,548.35,757.22,558.22,755.55,595.00,733.40,561.37,741.97,578.53,751.33,597.09,729.03,617.06,709.69,585.66,718.74,597.79,729.26,614.92
EK_0143_P06_106_frame_0000006860_r.jpg,0,1121.71,710.72,1025.64,685.61,975.28,628.77,953.29,585.51,946.08,567.27,1032.56,543.71,977.14,519.79,953.19,551.80,949.82,578.01,1077.82,537.16,1018.53,526.88,994.54,558.50,993.23,582.95,1110.81,549.15,1054.51,537.29,1034.64,561.68,1036.95,585.49,1128.92,567.85,1083.64,557.59,1067.72,574.79,1069.67,594.14
EK_0143_P06_106_frame_0000008042_r.jpg,0,632.25,1091.83,725.84,1102.30,813.59,1044.14,866.98,962.75,921.19,910.98,722.53,961.93,845.32,870.21,901.84,869.73,931.21,880.55,683.65,909.30,830.62,825.28,879.09,860.73,892.18,891.50,673.19,876.82,809.07,800.77,853.57,841.25,867.53,875.57,679.10,863.66,781.84,808.12,827.55,832.39,847.48,856.34
EK_0143_P06_106_frame_0000008141_l.jpg,0,1058.68,1065.73,975.47,1086.50,895.94,1063.81,826.74,1028.01,763.86,1016.65,930.12,936.02,858.44,845.93,804.71,831.21,764.86,834.72,969.87,892.98,871.18,829.93,817.63,848.05,786.77,875.23,990.12,871.70,893.53,826.32,847.64,846.70,816.35,873.56,995.67,864.34,918.30,834.11,876.77,844.39,844.36,862.38
EK_0145_P28_05_frame_0000001471_r.jpg,0,909.48,1027.56,916.60,1049.76,911.96,1061.10,915.81,1039.67,922.85,1005.96,851.61,1066.91,823.42,1071.38,826.48,1070.26,834.88,1067.41,838.86,1037.44,803.57,1027.81,806.04,1028.08,819.11,1028.71,841.12,1006.30,803.81,986.01,804.29,981.73,813.92,979.91,855.95,979.95,834.74,947.12,824.07,933.41,818.81,923.80
EK_0145_P28_05_frame_0000002773_r.jpg,0,893.82,996.30,965.41,945.71,1001.40,884.02,1029.22,842.05,1045.44,811.22,894.14,824.74,901.27,782.20,919.02,780.16,933.60,792.32,862.47,849.00,899.30,822.92,929.41,838.67,944.35,853.56,847.39,879.92,875.36,855.02,903.89,860.80,921.43,874.32,844.01,908.62,862.65,881.36,885.16,883.73,900.40,895.75
EK_0145_P28_05_frame_0000004452_r.jpg,0,1312.55,1006.29,1235.20,988.70,1200.19,930.15,1188.51,861.89,1165.31,817.33,1247.04,890.47,1208.12,799.70,1182.24,763.54,1162.47,743.85,1292.61,875.11,1255.00,776.95,1219.96,744.12,1192.28,734.39,1326.12,870.56,1298.70,780.08,1265.85,748.83,1237.14,740.43,1348.93,874.42,1346.35,807.21,1325.45,771.99,1300.67,753.68
EK_0145_P28_05_frame_0000005487_r.jpg,0,1387.09,1053.24,1317.56,1039.53,1262.28,983.92,1221.27,924.36,1181.42,890.35,1328.41,931.85,1265.85,851.39,1225.54,825.34,1195.72,814.62,1359.68,910.04,1288.40,821.64,1237.22,799.26,1201.04,793.94,1376.81,900.11,1316.57,816.63,1265.72,797.56,1227.92,797.63,1383.60,899.39,1340.28,834.18,1301.94,814.11,1272.79,810.77
EK_0145_P28_05_frame_0000005870_r.jpg,0,1388.40,792.77,1317.24,818.67,1248.51,783.94,1196.10,747.29,1150.98,735.02,1272.66,707.97,1181.11,675.72,1147.34,693.15,1140.33,712.26,1301.35,673.09,1204.00,627.07,1160.30,647.59,1144.28,670.49,1325.15,657.85,1243.90,604.51,1206.59,623.54,1195.05,645.59,1342.20,657.04,1282.65,615.07,1247.43,622.70,1233.74,638.42
EK_0145_P28_05_frame_0000008066_l.jpg,0,1346.23,935.21,1278.15,926.43,1239.66,872.60,1214.90,814.26,1178.28,785.50,1295.91,808.54,1244.98,736.01,1208.67,712.05,1180.13,699.06,1320.73,794.98,1270.56,717.27,1226.35,699.04,1194.27,695.94,1329.90,794.72,1285.68,733.09,1246.69,715.44,1218.42,710.02,1328.46,799.27,1292.86,757.12,1262.75,740.97,1240.02,734.46
EK_0145_P28_05_frame_0000008352_r.jpg,0,1552.03,915.47,1476.74,884.94,1442.52,821.46,1431.85,765.41,1421.98,724.31,1522.50,768.15,1539.93,694.10,1516.39,672.99,1494.13,680.26,1564.38,776.93,1577.90,699.99,1547.11,683.29,1524.80,689.75,1587.31,791.09,1593.76,726.11,1567.32,707.39,1545.56,708.04,1597.12,805.06,1600.28,753.79,1578.73,731.79,1560.16,727.89
EK_0145_P28_05_frame_0000008586_l.jpg,0,1520.63,913.51,1446.85,891.02,1423.34,846.28,1428.39,800.32,1419.98,776.72,1482.05,777.31,1520.84,733.32,1506.26,748.89,1491.72,767.85,1524.88,793.20,1551.26,749.59,1533.34,758.96,1521.82,775.71,1553.07,820.33,1572.01,778.14,1555.91,784.71,1546.41,800.64,1571.98,850.19,1579.98,816.08,1566.16,820.74,1558.76,835.19
EK_0145_P28_05_frame_0000012619_l.jpg,0,1283.06,883.13,1222.43,881.67,1180.46,848.96,1145.10,826.39,1113.50,810.08,1206.94,769.66,1170.71,726.12,1146.88,705.43,1130.93,696.39,1245.97,757.69,1211.82,705.74,1184.40,694.97,1168.43,695.90,1278.47,761.25,1254.13,710.07,1227.88,700.64,1212.27,702.23,1303.04,772.75,1289.36,726.99,1267.83,716.37,1253.14,718.04
EK_0145_P28_05_frame_0000013868_r.jpg,0,798.17,980.93,852.53,946.08,864.05,892.91,857.92,856.33,857.18,836.36,802.73,853.92,831.68,815.06,851.02,838.74,851.61,860.00,775.21,868.95,812.48,837.25,833.62,855.26,835.03,872.61,765.05,890.85,801.52,865.88,821.66,878.57,823.51,893.50,762.66,912.43,795.01,891.27,811.27,898.47,815.22,909.97
EK_0145_P28_05_frame_0000015611_r.jpg,0,1358.43,1080.41,1287.87,1052.39,1245.18,992.95,1216.35,936.13,1186.03,900.45,1296.88,941.75,1231.95,875.66,1197.86,866.65,1175.67,866.88,1334.43,921.84,1260.81,844.28,1216.65,838.36,1188.60,847.01,1359.57,916.41,1301.00,838.39,1259.85,827.22,1232.97,833.59,1373.15,922.34,1335.66,865.73,1303.72,850.13,1281.24,850.30
EK_0145_P28_05_frame_0000015974_r.jpg,0,1459.92,1084.25,1427.26,1044.68,1413.80,990.65,1404.04,952.28,1394.01,924.24,1500.05,983.62,1488.75,934.55,1460.35,953.56,1450.25,976.64,1539.85,1003.94,1520.58,966.03,1488.24,985.48,1473.18,1006.30,1563.81,1027.99,1541.47,995.42,1512.57,1011.20,1498.35,1028.83,1579.39,1054.20,1563.34,1026.05,1536.67,1034.15,1520.87,1046.06
EK_0145_P28_05_frame_0000026244_l.jpg,0,1253.35,986.84,1181.96,1011.02,1113.84,993.90,1068.55,969.40,1028.07,966.74,1107.48,877.50,1057.37,807.75,1031.29,766.72,1013.98,737.17,1141.03,842.82,1090.79,766.61,1058.48,722.60,1035.22,689.88,1173.09,823.46,1130.04,757.48,1098.85,718.32,1074.99,686.48,1199.16,816.24,1166.30,761.73,1144.53,730.40,1126.24,705.65
EK_0145_P28_05_frame_0000026526_r.jpg,0,1298.60,1074.91,1227.17,1053.59,1184.07,1001.61,1149.99,954.79,1111.51,939.85,1204.82,949.24,1152.98,873.93,1129.10,856.17,1120.34,857.53,1246.70,930.05,1192.09,849.48,1167.21,851.65,1160.75,865.81,1283.21,925.28,1236.01,850.04,1208.17,856.17,1200.07,871.12,1312.01,931.35,1277.49,871.16,1251.23,870.81,1242.44,885.14
EK_0145_P28_05_frame_0000026619_r.jpg,0,1286.94,908.03,1216.43,903.96,1171.06,850.01,1144.18,791.87,1113.08,763.38,1209.76,810.32,1152.20,728.07,1122.70,696.74,1106.56,684.86,1252.47,788.13,1190.50,696.80,1154.65,681.64,1136.12,685.58,1288.28,775.70,1238.80,686.82,1207.48,684.02,1192.80,696.71,1316.95,773.81,1289.51,706.71,1266.33,703.16,1255.22,715.22
EK_0145_P28_05_frame_0000029399_l.jpg,0,1259.51,856.82,1186.68,838.53,1142.67,790.36,1117.40,746.87,1103.88,715.78,1186.58,711.50,1134.36,659.89,1105.76,667.25,1095.75,682.36,1228.31,698.76,1170.84,638.83,1133.90,643.32,1118.50,658.41,1261.01,703.93,1216.50,643.42,1181.73,645.61,1166.33,660.82,1283.50,719.81,1255.58,668.15,1226.58,663.79,1212.55,675.16
EK_0145_P28_05_frame_0000029399_l.jpg,1,1031.10,1107.17,1100.66,1060.99,1108.52,984.37,1087.64,924.90,1082.65,880.86,1030.32,925.18,1031.44,884.15,1049.18,891.77,1063.27,909.81,988.33,947.37,1014.57,925.95,1038.64,942.62,1050.97,959.05,967.49,979.65,993.95,952.50,1016.72,962.13,1028.38,977.03,960.45,1010.30,980.74,981.33,1000.02,985.50,1011.88,996.37
EK_0149_P29_04_frame_0000000988_l.jpg,0,610.56,1005.73,686.95,999.28,728.82,948.54,742.48,894.39,743.83,857.82,718.90,903.70,764.51,843.77,778.79,816.66,779.80,800.36,673.78,878.89,725.78,808.53,738.43,815.30,730.76,835.35,631.32,870.29,675.40,813.51,686.47,830.88,679.25,854.08,597.32,873.18,633.55,840.95,646.52,856.02,643.49,873.55
EK_0149_P29_04_frame_0000000988_l.jpg,1,1134.90,940.50,1053.48,945.65,990.11,913.23,947.97,877.73,907.39,870.39,1015.98,805.25,974.53,753.67,954.48,754.55,946.15,769.14,1054.75,790.38,1009.44,749.24,986.01,755.77,975.73,770.16,1086.36,791.40,1046.62,756.51,1022.56,756.14,1010.27,767.04,1110.38,798.89,1079.70,765.32,1055.66,761.04,1043.24,767.67
EK_0149_P29_04_frame_0000001126_l.jpg,0,1075.66,915.58,994.16,910.79,943.47,865.68,911.37,822.20,890.21,792.39,942.67,789.82,891.25,729.77,877.66,739.72,880.50,759.11,983.51,763.85,925.75,710.70,910.66,733.07,916.68,754.94,1020.31,752.06,965.86,699.85,947.79,719.73,951.49,740.96,1049.92,751.44,1011.91,705.13,992.52,714.20,992.05,730.28
EK_0149_P29_04_frame_0000002177_l.jpg,0,1052.80,907.38,974.03,891.11,920.92,826.29,876.50,780.64,836.35,772.50,977.38,734.17,906.23,701.64,872.22,723.93,855.66,738.82,1010.18,720.88,939.54,670.58,891.32,675.81,859.14,689.43,1027.35,729.25,959.43,693.57,913.66,705.07,885.83,726.78,1030.53,748.07,974.57,731.96,939.36,742.49,914.72,760.90
EK_0149_P29_04_frame_0000002177_l.jpg,1,403.78,839.62,484.15,850.22,560.13,797.30,618.42,753.83,670.10,747.41,534.81,700.01,627.52,692.95,664.35,714.74,681.80,734.27,508.66,662.74,608.54,634.81,649.86,660.52,665.57,687.69,484.35,647.35,567.49,604.47,612.35,616.89,638.19,631.33,467.27,649.33,527.62,614.14,565.92,616.36,592.09,624.41
EK_0149_P29_04_frame_0000002656_l.jpg,0,520.28,1066.97,513.91,1044.98,531.66,1004.52,558.81,971.45,580.00,945.98,555.41,936.32,588.31,890.35,626.42,861.41,658.86,843.40,589.60,948.80,634.06,902.45,676.71,877.81,716.03,860.66,611.06,973.42,653.36,937.12,690.27,916.76,724.41,898.95,621.19,1003.92,651.63,991.33,666.47,985.12,681.12,979.94
EK_0149_P29_04_frame_0000004550_r.jpg,0,1451.50,472.14,1327.12,476.81,1237.73,413.10,1187.58,357.00,1153.71,339.94,1311.31,269.64,1251.43,225.88,1223.73,268.82,1219.37,314.82,1374.39,258.63,1297.46,253.20,1262.30,299.12,1257.62,335.32,1420.12,273.88,1342.74,269.30,1309.25,304.27,1304.21,340.33,1451.50,297.82,1390.94,292.94,1356.12,314.29,1344.14,344.84
EK_0149_P29_04_frame_0000004618_r.jpg,0,1630.41,667.51,1569.36,599.03,1464.13,501.96,1356.36,439.31,1284.92,378.41,1450.45,341.51,1316.92,265.47,1223.51,258.87,1159.28,260.22,1404.09,390.15,1269.75,325.48,1213.32,382.11,1200.32,436.19,1363.39,436.90,1241.24,375.36,1212.23,440.07,1217.84,487.40,1340.98,477.39,1243.75,447.59,1215.84,478.67,1218.82,505.92
EK_0149_P29_04_frame_0000005010_r.jpg,0,1215.63,1132.00,1092.75,1102.64,1002.43,1031.56,936.34,966.65,880.75,907.42,1082.03,928.58,1001.99,854.00,954.38,849.37,931.96,868.00,1136.99,899.90,1057.82,815.57,1005.04,797.94,969.93,804.96,1176.91,895.05,1107.45,816.45,1058.22,799.89,1027.47,812.32,1201.12,900.30,1146.65,832.59,1109.85,814.30,1082.61,822.45
EK_0149_P29_04_frame_0000005188_l.jpg,0,868.46,690.72,926.90,693.71,960.95,661.97,981.99,637.66,999.68,625.89,920.77,585.51,932.26,542.29,945.30,546.46,950.12,566.33,884.69,583.79,909.38,574.47,917.10,594.25,915.76,607.48,856.72,598.23,884.10,591.98,893.89,603.66,891.25,616.99,839.70,619.36,862.29,611.96,872.06,621.49,870.30,631.49
EK_0149_P29_04_frame_0000005468_l.jpg,0,655.22,884.46,711.78,847.95,763.96,809.64,802.66,788.34,831.56,772.81,708.15,737.15,760.94,743.04,785.62,769.32,794.91,792.31,692.61,758.16,748.88,780.02,779.38,812.20,796.25,842.13,683.52,787.88,736.22,812.80,768.82,837.12,784.36,860.80,675.97,815.09,722.30,835.78,748.99,851.01,766.05,866.79
EK_0149_P29_04_frame_0000005468_l.jpg,1,1061.28,945.24,986.58,926.93,952.88,866.43,944.22,813.04,922.11,782.81,1004.61,799.05,965.91,758.10,946.04,742.96,935.57,730.78,1048.22,795.62,1012.55,742.97,985.11,751.77,973.79,769.50,1078.41,808.21,1042.69,766.94,1012.86,772.57,1001.03,784.89,1097.49,827.45,1065.18,804.53,1039.16,807.03,1025.50,816.88
EK_0149_P29_04_frame_0000005692_l.jpg,0,625.22,805.54,666.44,750.48,675.53,678.78,692.21,624.15,718.56,585.51,568.30,658.22,613.61,599.41,650.00,577.93,673.65,568.03,546.15,665.83,595.26,614.85,630.87,594.08,657.07,581.17,541.13,677.53,585.46,630.74,616.30,612.21,640.63,600.68,545.92,687.37,577.13,647.47,603.77,631.70,626.77,623.94
EK_0149_P29_04_frame_0000005747_l.jpg,0,606.15,853.99,665.27,817.99,692.56,759.26,719.48,712.83,748.80,686.45,604.05,716.53,623.16,655.25,645.44,665.98,652.00,683.95,575.91,721.85,600.81,665.03,622.90,670.54,629.16,685.04,563.09,730.90,588.89,678.35,607.76,684.41,612.55,697.48,561.25,738.26,583.17,693.53,597.96,695.89,604.79,706.14
EK_0149_P29_04_frame_0000007374_r.jpg,0,499.56,1087.12,562.86,1022.58,635.12,970.26,701.78,946.05,754.26,931.19,579.34,869.49,679.34,885.53,724.01,920.62,747.97,954.91,583.51,907.61,679.91,934.75,695.71,990.97,686.41,1039.39,592.78,948.63,669.15,972.82,683.39,1017.38,676.10,1054.97,601.66,980.79,650.70,996.83,665.44,1026.25,668.20,1053.71
EK_0149_P29_04_frame_0000008215_r.jpg,0,995.69,825.14,923.63,831.31,864.77,791.02,837.21,743.30,825.47,710.04,902.59,710.39,857.24,662.32,832.08,677.35,821.80,698.32,934.18,697.57,885.35,668.26,855.87,688.20,846.97,712.49,956.24,703.24,909.89,683.75,882.27,699.84,872.24,719.55,970.02,711.74,929.42,694.90,903.45,706.79,892.40,723.36
EK_0149_P29_04_frame_0000009100_r.jpg,0,1317.82,696.64,1226.98,716.78,1140.76,693.43,1085.29,670.51,1052.75,654.56,1161.52,574.03,1095.18,590.23,1078.68,621.07,1078.63,638.47,1206.83,550.99,1147.17,562.90,1129.43,593.42,1131.34,618.36,1249.70,549.51,1200.17,549.72,1182.11,574.72,1184.03,598.14,1289.02,560.28,1244.94,562.97,1226.75,581.49,1224.53,601.33
EK_0149_P29_04_frame_0000009390_l.jpg,0,1061.56,324.59,951.55,289.69,914.13,194.21,900.10,112.91,861.03,72.24,992.40,96.45,929.14,20.95,892.29,53.83,891.16,87.24,1045.49,97.35,975.93,42.29,932.58,67.06,921.28,91.29,1076.23,118.93,1012.28,79.71,978.26,100.73,973.45,128.06,1088.67,140.79,1033.04,108.47,1008.82,123.96,1007.26,147.62
EK_0149_P29_04_frame_0000009430_l.jpg,0,320.97,1038.69,369.70,973.52,383.92,887.47,400.23,822.07,418.24,771.46,259.24,876.66,278.48,808.27,301.36,776.82,320.81,759.64,226.85,890.05,251.32,830.03,275.89,799.93,298.38,779.07,212.26,903.72,236.60,848.23,259.00,820.85,279.37,802.24,211.01,913.16,229.15,866.14,248.08,842.29,266.70,827.43
EK_0149_P29_04_frame_0000010263_l.jpg,0,250.50,972.27,318.93,924.24,350.07,841.79,372.20,779.47,398.47,726.91,255.16,790.92,275.71,714.69,305.52,680.05,326.52,661.54,230.30,800.89,256.56,732.76,287.31,699.38,316.11,677.65,221.27,813.12,248.58,755.09,274.59,720.31,300.48,693.37,226.56,825.78,246.24,769.49,268.51,737.62,290.28,716.34
EK_0151_P30_07_frame_0000000452_l.jpg,0,1375.80,956.45,1312.91,954.88,1254.80,950.73,1201.60,957.81,1151.55,952.06,1247.94,883.25,1201.68,890.71,1171.66,903.20,1156.41,914.73,1260.20,893.54,1212.62,912.91,1189.50,938.43,1179.63,955.98,1273.74,911.99,1235.65,929.12,1215.81,948.26,1206.31,960.45,1281.92,936.26,1247.51,954.45,1226.56,969.98,1214.12,979.93
EK_0151_P30_07_frame_0000000679_r.jpg,0,1420.07,1039.27,1405.40,974.68,1367.88,919.48,1331.08,892.37,1303.93,883.29,1345.42,908.48,1304.50,893.84,1293.96,901.55,1292.56,905.28,1326.55,938.26,1284.28,938.30,1269.28,941.83,1261.73,938.20,1315.35,971.87,1264.70,969.32,1229.34,959.48,1202.57,947.18,1309.08,1006.31,1260.55,1010.55,1230.57,1012.60,1204.69,1010.47
EK_0151_P30_07_frame_0000001993_r.jpg,0,1212.98,997.54,1155.39,984.53,1108.74,929.17,1079.85,884.32,1060.29,855.45,1156.05,870.44,1100.85,848.74,1087.14,880.23,1093.28,897.84,1181.96,870.10,1126.67,862.93,1109.29,894.78,1116.88,912.81,1200.41,882.02,1145.81,876.78,1127.21,902.16,1135.44,916.92,1208.30,894.10,1164.07,889.85,1147.84,912.53,1154.53,926.44
EK_0151_P30_07_frame_0000002073_r.jpg,0,1193.72,917.13,1129.82,903.50,1088.95,851.22,1061.15,806.43,1032.47,776.47,1135.54,788.35,1078.66,754.14,1057.86,774.02,1057.44,792.09,1156.41,784.26,1096.88,758.99,1077.42,783.79,1078.22,803.68,1169.57,793.44,1114.11,774.68,1096.50,798.52,1100.21,818.08,1171.88,801.64,1128.23,789.47,1114.50,808.26,1117.67,825.26
EK_0151_P30_07_frame_0000002163_r.jpg,0,1039.38,904.92,976.90,896.67,941.79,850.48,923.14,803.06,901.50,774.32,984.44,789.07,935.02,734.92,915.72,752.47,916.71,770.33,1014.49,779.05,963.99,729.11,943.35,752.04,944.54,771.57,1033.13,783.78,987.44,741.33,967.64,760.08,968.95,777.21,1041.62,792.06,1003.49,760.61,987.87,773.27,992.22,787.61
EK_0151_P30_07_frame_0000003437_l.jpg,0,1185.60,696.05,1145.32,679.68,1124.82,635.47,1114.07,596.12,1095.24,568.43,1159.64,600.61,1141.21,556.15,1121.96,545.51,1110.48,547.54,1180.35,601.76,1158.20,563.31,1132.19,554.85,1116.17,561.00,1190.73,610.14,1161.41,590.54,1137.71,589.81,1124.93,596.10,1195.84,617.96,1168.22,601.86,1149.67,604.25,1138.56,611.49
EK_0151_P30_07_frame_0000004560_r.jpg,0,1184.49,596.39,1120.15,599.35,1073.93,568.11,1046.73,527.73,1045.47,499.51,1082.78,500.92,1054.84,468.30,1060.44,492.38,1072.11,509.55,1121.79,483.61,1088.05,463.18,1088.82,484.52,1100.20,501.18,1157.61,479.38,1127.03,467.11,1125.03,483.82,1134.39,499.54,1187.25,480.83,1161.06,471.20,1159.13,486.94,1168.21,499.57
EK_0151_P30_07_frame_0000004872_r.jpg,0,1821.44,410.80,1796.28,305.65,1741.57,251.41,1682.02,226.05,1639.46,226.83,1682.15,290.74,1631.97,278.64,1619.99,275.59,1622.38,273.91,1672.23,330.27,1610.43,319.03,1604.38,315.53,1621.20,314.90,1667.75,370.53,1608.27,359.73,1609.82,351.61,1643.60,350.50,1671.62,413.62,1627.80,402.59,1626.42,389.25,1650.34,376.89
EK_0151_P30_07_frame_0000005647_r.jpg,0,799.84,989.10,870.57,982.39,891.97,917.92,894.13,853.39,915.51,816.37,812.97,891.74,849.96,799.26,884.08,780.39,903.06,789.84,769.05,880.14,822.20,786.97,863.71,780.02,884.97,791.79,747.56,874.16,795.44,790.68,839.31,783.99,862.94,794.18,740.31,871.71,777.21,809.73,813.37,798.73,835.64,799.67
EK_0151_P30_07_frame_0000005647_r.jpg,1,1365.68,847.73,1275.12,808.48,1223.82,733.66,1182.32,680.52,1147.79,642.29,1318.03,639.38,1225.39,626.92,1178.37,659.06,1158.08,687.77,1349.68,646.78,1235.94,668.58,1181.78,723.22,1157.56,775.51,1363.23,669.78,1253.89,690.25,1202.78,739.42,1180.88,792.37,1368.46,692.13,1292.52,710.37,1251.05,744.31,1229.03,781.32
EK_0151_P30_07_frame_0000005840_r.jpg,0,1063.13,475.10,1004.31,471.17,975.27,441.19,964.35,419.89,955.18,418.31,1013.52,367.25,1005.04,346.80,1000.22,362.95,1001.19,381.54,1045.43,365.04,1031.84,359.61,1024.08,377.40,1024.06,394.36,1071.98,375.98,1058.68,376.79,1049.18,390.62,1048.51,405.82,1095.12,389.91,1080.50,390.22,1072.02,400.58,1071.09,412.65
EK_0151_P30_07_frame_0000007058_r.jpg,0,932.55,873.88,998.41,860.81,1025.81,812.91,1023.98,763.07,1016.58,729.44,1015.94,795.07,1026.71,720.90,1032.59,681.27,1035.56,652.23,976.00,781.70,994.87,703.94,1005.86,663.52,1014.58,636.90,938.76,774.55,960.82,700.21,974.77,661.99,985.36,637.01,908.18,772.20,924.42,713.06,936.96,682.48,947.08,659.69
EK_0151_P30_07_frame_0000007058_r.jpg,1,1164.84,655.46,1113.30,665.56,1071.82,642.24,1044.73,630.66,1022.15,634.88,1089.71,565.06,1052.82,525.37,1039.03,546.04,1044.94,568.75,1123.44,549.24,1093.61,504.56,1074.86,524.65,1073.79,548.14,1150.14,552.16,1119.57,525.21,1099.23,544.18,1096.61,565.02,1167.92,565.63,1137.88,556.31,1120.38,569.96,1116.75,584.68
EK_0151_P30_07_frame_0000007358_l.jpg,0,1113.52,734.61,1090.02,693.35,1041.37,669.25,995.49,665.49,965.23,656.02,1038.04,648.84,993.57,645.83,967.73,655.51,953.38,665.36,1038.29,678.61,998.18,675.43,968.04,681.75,950.14,693.48,1043.00,707.47,1001.86,710.72,970.45,717.23,948.26,726.40,1050.25,733.10,1012.45,742.69,986.89,753.01,966.53,759.99
EK_0151_P30_07_frame_0000007358_l.jpg,1,809.71,789.22,867.71,785.27,906.17,751.63,928.74,712.93,928.80,681.81,839.42,684.97,902.41,646.97,928.51,664.86,933.21,683.45,808.26,673.09,879.32,651.25,903.34,675.19,903.12,694.17,790.95,675.41,859.39,660.13,881.00,681.21,881.80,699.11,783.78,682.70,840.49,667.42,859.73,682.51,861.77,698.34
EK_0151_P30_07_frame_0000007405_r.jpg,0,1122.39,747.56,1056.94,731.70,1007.21,694.86,976.14,669.88,955.37,653.05,1064.41,621.19,1027.51,593.75,1003.34,612.85,992.25,638.28,1089.02,625.71,1035.72,638.89,1001.08,672.93,989.52,712.29,1104.56,644.53,1045.20,664.06,1011.46,692.67,1000.39,723.22,1116.26,663.07,1066.41,676.87,1035.02,699.83,1021.43,725.33
EK_0151_P30_07_frame_0000007405_r.jpg,1,781.03,857.50,844.30,817.09,865.21,758.15,869.09,705.89,853.72,676.76,764.71,724.22,808.23,649.98,846.18,654.52,859.80,669.30,732.33,725.96,787.70,655.64,824.28,669.83,830.49,692.27,720.25,734.74,774.06,673.33,804.80,686.17,808.70,708.68,719.04,745.57,759.59,696.30,782.89,703.02,788.48,720.63
EK_0151_P30_07_frame_0000008343_r.jpg,0,1200.03,628.53,1190.87,575.65,1194.00,527.64,1191.01,499.20,1182.10,484.60,1268.20,533.67,1266.55,491.01,1257.75,473.39,1251.68,462.54,1268.80,542.92,1251.69,499.03,1229.22,474.43,1205.80,463.41,1261.15,552.92,1245.91,512.63,1222.29,492.98,1199.91,483.73,1253.76,559.98,1240.31,529.21,1224.17,516.85,1206.32,513.25
EK_0151_P30_07_frame_0000009182_l.jpg,0,1354.38,881.92,1265.79,892.84,1189.62,858.84,1144.59,826.66,1125.13,804.36,1242.90,761.28,1173.08,698.68,1131.31,695.54,1106.32,700.88,1270.19,733.41,1190.40,673.11,1145.66,679.62,1122.36,698.41,1283.37,727.20,1209.61,683.75,1167.60,689.01,1144.80,705.48,1282.68,734.73,1224.00,703.72,1187.38,702.88,1166.76,714.73
EK_0151_P30_07_frame_0000009270_r.jpg,0,1306.29,844.62,1222.28,820.31,1167.61,756.94,1118.31,697.10,1078.86,656.37,1279.96,665.61,1261.65,558.90,1210.29,571.93,1184.70,605.65,1308.65,659.87,1270.54,559.64,1206.36,580.42,1184.32,611.94,1318.58,663.95,1276.40,576.63,1222.68,597.46,1204.69,629.87,1316.63,669.08,1279.19,600.94,1236.62,611.13,1222.16,638.83
EK_0151_P30_07_frame_0000009270_r.jpg,1,635.65,887.83,665.74,882.30,688.81,834.16,723.94,773.36,756.43,716.18,643.81,738.21,729.30,668.43,785.50,646.34,829.08,632.23,635.17,716.87,704.79,635.62,763.49,605.48,810.74,591.79,639.71,714.01,701.09,649.86,742.23,639.26,772.14,638.92,654.36,718.88,701.93,682.86,733.39,681.42,755.65,683.46
EK_0151_P30_07_frame_0000009611_l.jpg,0,1536.69,1033.67,1448.47,1015.61,1401.88,930.59,1372.89,859.45,1333.82,809.77,1471.56,848.79,1402.52,779.14,1364.76,785.03,1350.10,800.81,1512.27,844.39,1438.46,794.85,1399.37,809.26,1384.92,828.84,1531.91,857.02,1461.71,821.05,1427.44,833.75,1414.76,850.27,1538.50,865.70,1480.32,838.65,1448.32,849.60,1435.08,865.76
EK_0151_P30_07_frame_0000009611_l.jpg,1,681.67,686.34,740.35,672.81,770.63,630.70,774.51,584.25,768.38,553.15,727.57,589.00,742.80,546.89,749.19,562.31,746.35,582.08,690.27,581.46,711.54,541.47,720.30,556.87,716.02,574.94,660.75,582.32,682.11,546.28,691.10,559.27,687.76,575.86,639.03,587.72,657.83,554.04,665.06,562.35,664.31,574.97
EK_0151_P30_07_frame_0000010992_r.jpg,0,1242.99,575.54,1185.44,519.85,1158.65,447.96,1130.36,396.95,1099.80,357.20,1270.68,399.13,1246.53,329.79,1219.80,309.56,1198.01,299.74,1298.88,413.83,1248.74,363.70,1204.66,353.13,1173.82,353.36,1305.22,434.95,1251.95,398.23,1213.60,390.95,1185.57,392.96,1301.83,450.58,1260.44,421.63,1229.02,417.96,1204.51,426.71
EK_0151_P30_07_frame_0000010992_r.jpg,1,715.66,1000.48,789.74,977.03,824.65,929.00,834.67,874.69,831.93,838.07,751.08,882.77,792.43,825.01,805.12,859.40,795.02,886.23,709.96,876.80,761.67,823.79,780.16,851.74,771.20,872.96,682.18,882.51,733.17,834.53,750.81,856.41,742.56,875.97,663.31,892.28,704.68,853.45,722.13,867.72,718.59,885.32
EK_0151_P30_07_frame_0000011819_l.jpg,0,506.68,1006.69,547.91,936.49,555.32,876.56,544.26,823.04,528.97,786.51,457.71,867.84,458.56,799.44,488.22,814.40,501.14,841.04,419.35,892.68,432.31,823.98,462.10,834.57,471.98,858.55,397.41,919.29,410.90,852.51,436.20,860.52,446.46,884.35,387.01,944.23,398.47,892.63,419.43,895.92,428.38,914.09
EK_0151_P30_07_frame_0000011919_l.jpg,0,587.05,1001.47,622.61,933.25,631.77,877.80,618.41,828.41,602.32,788.74,539.93,873.87,535.73,801.22,563.04,816.11,576.99,843.70,499.01,898.76,507.13,823.33,533.98,833.15,543.98,857.25,474.44,923.15,484.54,850.76,509.30,857.79,520.98,880.89,462.48,945.24,471.53,890.18,492.65,892.42,503.43,910.75
EK_0151_P30_07_frame_0000012019_l.jpg,0,596.72,996.09,637.93,927.88,647.16,871.27,640.32,817.62,631.66,778.75,561.37,858.91,561.93,782.99,590.12,800.78,601.00,829.54,519.97,879.65,533.84,806.29,562.26,819.26,570.14,843.60,495.47,903.73,511.01,835.71,535.73,844.75,543.69,868.84,482.93,927.18,498.05,876.90,518.38,880.31,524.57,897.94
EK_0151_P30_07_frame_0000012019_l.jpg,1,1348.55,508.35,1328.98,479.42,1308.67,448.85,1295.89,432.14,1299.02,434.69,1357.39,423.20,1376.73,415.85,1396.06,416.61,1413.12,419.18,1377.30,431.60,1397.14,422.93,1419.34,421.44,1438.85,424.94,1391.73,442.95,1411.17,432.40,1433.40,429.47,1451.96,431.31,1400.16,458.05,1418.83,447.87,1436.98,443.70,1453.91,442.49
EK_0151_P30_07_frame_0000013814_l.jpg,0,887.54,677.97,833.52,734.60,774.67,765.01,720.26,778.43,678.00,781.57,718.25,677.71,655.46,690.78,661.21,720.82,681.19,734.65,727.44,640.53,666.40,657.55,667.45,686.08,685.10,700.55,745.91,615.95,689.84,633.02,689.53,657.65,706.51,671.46,765.52,599.10,719.77,614.67,714.37,635.80,723.39,647.56
EK_frame_0000005597_l.jpg,0,1436.31,857.94,1336.58,859.24,1277.45,815.68,1245.82,767.49,1223.56,730.16,1281.42,711.82,1231.66,629.03,1211.17,584.73,1211.98,574.66,1336.30,685.63,1312.40,584.34,1299.18,573.76,1290.99,590.36,1387.02,680.11,1360.43,603.71,1342.11,609.84,1334.54,628.94,1431.51,686.75,1402.61,638.05,1382.79,644.75,1378.65,661.04
EK_frame_0000005647_r.jpg,0,1449.47,877.36,1354.96,882.99,1293.54,840.93,1258.80,796.20,1236.27,760.91,1292.92,763.81,1230.86,684.71,1197.87,637.34,1180.71,606.97,1343.77,735.45,1300.14,629.33,1281.42,595.97,1271.63,593.48,1395.31,721.41,1360.30,629.27,1334.05,608.46,1321.82,614.47,1440.73,721.06,1408.76,647.26,1381.46,637.52,1368.60,645.66
EK_frame_0000005647_r.jpg,1,914.30,711.00,987.12,742.85,1046.03,733.23,1080.41,722.90,1099.24,714.63,1090.82,632.37,1156.58,588.68,1185.56,586.45,1200.14,595.31,1060.19,600.49,1133.17,557.18,1164.15,564.57,1177.93,580.79,1030.79,584.96,1097.03,547.54,1126.42,553.76,1141.46,567.83,1007.46,584.20,1059.27,552.95,1086.19,553.34,1099.71,564.59
EK_frame_0000005672_l.jpg,0,881.87,685.95,952.36,721.68,1019.20,710.33,1066.60,692.80,1099.95,680.38,1058.88,607.38,1134.09,554.94,1164.62,553.04,1176.73,564.13,1029.05,571.34,1110.02,526.61,1140.52,540.45,1149.12,562.77,998.94,554.54,1073.60,518.54,1104.88,529.18,1115.73,547.04,973.58,552.33,1032.13,525.87,1063.79,529.66,1078.28,542.05
EK_frame_0000005722_r.jpg,0,692.32,719.57,773.06,707.01,835.41,669.16,890.93,656.27,938.61,646.53,779.40,560.67,824.48,494.01,862.19,499.23,877.47,523.58,752.38,555.61,820.95,522.04,859.35,554.01,871.76,593.59,736.42,564.62,794.89,545.19,835.63,570.10,852.70,602.93,729.94,577.83,777.98,564.21,809.86,581.02,825.89,604.63
EK_frame_0000005722_r.jpg,1,1351.97,639.89,1256.84,612.67,1216.46,525.33,1201.29,447.75,1188.25,388.15,1270.94,455.21,1219.04,366.17,1187.20,315.10,1162.52,274.32,1298.33,449.59,1245.12,360.66,1204.75,304.31,1176.05,262.85,1308.97,455.30,1261.80,369.54,1222.18,319.08,1192.30,279.49,1305.29,462.57,1272.96,394.15,1246.86,352.43,1224.97,318.81
EK_frame_0000005747_l.jpg,0,722.65,721.92,800.61,710.48,861.47,669.48,919.10,652.76,963.37,640.29,806.26,560.02,850.25,490.51,885.33,493.94,901.88,517.02,777.18,554.53,842.06,512.90,881.15,536.83,898.44,572.47,760.52,562.35,816.18,533.17,854.45,553.20,873.07,583.45,755.11,574.47,799.85,551.25,831.40,562.56,849.56,583.94
EK_frame_0000005747_l.jpg,1,1356.85,654.47,1254.04,646.96,1199.63,572.01,1174.18,491.98,1146.28,433.97,1235.35,485.90,1178.13,396.52,1146.03,344.84,1123.89,301.80,1272.48,468.26,1208.07,381.00,1165.31,327.72,1137.01,286.45,1298.37,466.63,1240.70,386.31,1201.31,340.71,1173.36,305.89,1315.07,473.77,1281.20,412.55,1255.62,373.73,1233.86,342.91
EK_frame_0000005772_r.jpg,0,736.69,737.05,818.27,728.58,878.28,684.77,931.30,661.91,976.60,653.64,828.02,573.90,868.13,500.88,899.44,489.70,920.63,493.85,794.09,566.12,845.58,502.00,882.73,496.09,909.96,505.14,773.14,571.19,822.65,523.05,856.85,517.29,881.09,523.94,765.56,582.84,805.45,544.63,835.37,537.58,857.66,543.24
EK_frame_0000005772_r.jpg,1,1337.52,666.82,1247.20,688.03,1173.82,629.80,1125.29,557.72,1083.59,508.04,1177.29,537.51,1102.08,470.99,1063.32,432.44,1037.50,397.13,1212.11,509.44,1132.07,449.32,1084.30,409.73,1055.36,373.63,1242.34,499.76,1169.90,444.25,1127.63,410.80,1100.40,380.95,1267.80,500.58,1216.88,452.46,1184.78,424.65,1161.65,401.18
EK_frame_0000005822_l.jpg,0,1331.17,649.88,1232.19,625.67,1178.48,556.58,1153.61,489.82,1132.04,440.46,1228.59,477.03,1169.52,415.27,1130.78,401.16,1102.46,396.05,1260.46,468.16,1196.85,413.37,1151.50,399.64,1118.02,396.95,1279.60,474.24,1219.43,423.97,1178.84,412.49,1149.20,410.11,1284.92,484.17,1238.78,440.76,1205.70,427.93,1181.20,424.79
EK_frame_0000005822_l.jpg,1,710.55,686.17,797.01,683.66,853.74,640.14,889.99,610.27,925.19,598.05,845.29,522.21,897.73,454.50,928.33,441.51,950.37,441.16,800.44,505.22,859.74,443.09,894.60,437.62,915.86,445.91,761.72,508.11,814.11,456.39,846.49,449.19,866.53,456.27,734.03,525.19,779.00,493.31,807.39,489.51,824.18,498.33
EK_frame_0000005936_l.jpg,0,1522.98,917.53,1442.88,847.64,1389.05,763.06,1340.72,694.81,1301.82,628.71,1459.66,668.94,1419.39,573.96,1380.48,539.65,1341.52,520.40,1458.62,691.36,1407.47,607.38,1350.43,580.94,1303.23,572.61,1449.87,718.82,1404.17,650.02,1356.60,626.92,1315.14,622.62,1436.69,743.80,1397.08,702.51,1360.10,688.94,1326.75,680.36
EK_frame_0000005936_l.jpg,1,649.36,911.19,665.99,823.06,703.90,747.75,761.60,693.41,805.65,644.49,676.39,692.14,712.44,648.74,757.73,649.17,791.89,660.58,713.46,726.51,765.42,694.74,813.48,687.80,856.45,686.37,744.36,760.28,793.73,733.64,839.03,720.86,880.47,714.79,769.79,792.08,811.57,757.97,844.42,740.99,877.86,730.00
EK_frame_0000006086_l.jpg,0,909.26,352.61,999.41,344.08,1096.35,300.30,1175.28,263.60,1240.62,215.93,1067.94,187.45,1163.60,171.08,1235.64,173.55,1285.86,178.97,1054.14,206.47,1143.36,195.32,1207.07,199.78,1263.33,207.60,1046.02,231.14,1122.48,225.27,1179.66,224.74,1231.69,231.77,1042.12,258.70,1108.79,244.85,1156.05,242.70,1196.07,247.33
EK_frame_0000006086_l.jpg,1,1580.45,414.22,1496.92,396.57,1415.16,326.06,1355.85,259.86,1300.83,201.14,1425.30,251.37,1361.19,191.38,1321.69,147.83,1288.25,115.22,1451.53,242.06,1394.12,186.80,1351.20,145.45,1313.38,107.71,1466.70,240.47,1411.67,191.74,1371.37,154.83,1330.92,116.93,1470.14,240.41,1418.53,189.43,1385.16,157.70,1354.26,124.53
EK_frame_0000006111_r.jpg,0,1480.22,374.82,1404.03,356.59,1337.86,274.57,1293.69,206.39,1254.82,158.75,1374.78,208.83,1325.14,141.49,1292.01,96.73,1264.99,59.52,1399.55,198.42,1353.56,136.49,1316.49,92.65,1283.47,51.90,1413.37,197.07,1366.22,142.27,1331.52,100.31,1298.18,58.24,1415.65,198.10,1374.26,144.57,1346.10,108.54,1322.00,70.52
EK_frame_0000006111_r.jpg,1,874.04,353.28,975.53,336.71,1066.77,289.79,1143.49,254.55,1217.64,216.74,1035.35,184.13,1124.24,172.99,1188.79,178.46,1229.38,187.05,1011.86,201.98,1092.13,191.24,1149.76,198.63,1197.80,209.65,995.31,228.16,1068.30,219.86,1120.16,223.32,1164.64,232.99,987.57,254.11,1045.04,238.81,1089.62,240.35,1126.23,248.65
EK_frame_0000007337_l.jpg,0,302.07,585.54,409.03,569.79,476.87,485.91,523.62,414.57,570.70,374.02,380.60,378.16,458.52,290.72,515.42,308.70,540.78,343.25,344.18,368.39,437.98,309.37,493.09,342.85,515.59,377.40,328.98,377.23,413.49,331.48,464.59,359.09,486.70,393.95,328.55,392.18,392.98,349.39,437.28,367.15,458.49,395.14
EK_frame_0000007563_l.jpg,0,845.40,1075.48,944.29,1044.49,998.29,990.09,1036.03,947.66,1060.83,913.90,946.25,862.67,980.69,757.15,1013.87,733.82,1036.15,735.60,892.36,854.40,936.94,748.74,972.78,740.43,997.32,753.18,855.73,858.93,899.21,771.02,932.56,760.19,954.68,769.38,838.06,872.23,872.93,808.12,903.49,793.88,927.38,797.90
EK_frame_0000007713_l.jpg,0,625.43,976.73,710.55,974.82,772.50,922.88,812.49,876.63,844.40,835.08,720.00,816.88,764.12,742.31,799.32,737.27,820.82,750.85,682.50,804.74,726.33,727.16,762.38,727.09,785.87,748.00,657.41,809.11,700.04,751.70,736.21,750.89,759.27,764.68,645.12,823.63,679.49,783.74,710.59,780.66,732.53,790.37
EK_frame_0000008047_l.jpg,0,344.98,598.19,489.27,605.12,583.37,546.02,646.99,523.58,700.97,527.60,549.05,378.56,639.63,390.67,677.92,437.47,694.43,478.64,480.81,361.50,571.67,402.29,619.95,456.29,650.99,509.65,420.14,375.60,508.53,407.21,563.53,453.68,597.24,512.84,379.47,406.98,457.85,423.31,499.86,458.57,526.51,502.25
EK_frame_0000008172_l.jpg,0,810.94,1157.85,902.98,1140.56,961.18,1099.99,991.25,1045.62,1008.47,988.59,901.92,1009.56,921.13,876.63,954.36,818.19,982.77,786.98,839.36,998.06,860.55,853.50,907.68,799.54,946.92,776.70,794.64,997.44,811.56,869.79,859.35,823.38,901.43,806.30,767.32,1006.20,785.60,902.26,824.78,859.32,861.76,846.17
EK_frame_0000008222_r.jpg,0,721.61,1069.91,828.64,1035.66,903.08,980.09,950.90,942.35,978.72,912.24,821.10,837.15,880.85,738.22,927.47,709.77,961.11,701.03,775.81,836.17,840.10,731.15,890.04,717.05,925.83,726.42,751.16,849.46,806.77,761.08,852.22,747.05,886.07,750.72,743.76,865.63,786.55,800.64,823.59,782.44,855.97,780.29
EK_frame_0000008272_r.jpg,0,739.20,1028.07,842.58,997.27,911.46,923.86,950.43,869.88,971.59,835.21,826.22,802.39,868.74,702.46,901.45,671.49,927.09,664.25,772.63,800.54,821.48,698.83,862.13,686.93,890.50,697.62,738.75,812.89,784.67,728.05,823.54,717.06,849.85,721.85,724.80,831.17,760.26,766.72,794.61,752.94,821.73,755.27
EK_frame_0000008388_l.jpg,0,472.64,198.23,629.50,240.89,752.36,249.26,829.13,247.54,886.32,235.61,708.64,29.79,766.86,90.87,787.94,167.76,784.91,214.91,636.35,8.72,701.64,84.01,728.35,158.05,724.11,218.39,565.48,12.47,626.78,77.80,662.24,140.34,666.26,199.54,503.50,29.78,557.28,75.17,585.32,121.74,588.32,165.23
EK_frame_0000008950_l.jpg,0,804.90,1053.36,912.17,1062.36,974.68,1030.77,1024.92,1004.54,1082.30,1000.41,951.30,884.83,985.30,789.88,1015.65,742.23,1038.92,713.47,903.03,866.48,942.15,764.56,978.00,722.31,1005.12,701.06,867.17,863.41,904.54,776.87,940.82,737.63,970.25,720.38,848.82,869.29,885.48,802.74,911.89,771.37,936.52,756.64
EK_frame_0000009274_l.jpg,0,1286.21,1136.04,1223.79,1071.86,1175.66,1006.06,1137.65,960.67,1109.17,910.39,1227.40,934.95,1203.60,881.17,1184.71,853.86,1173.86,843.68,1238.05,964.29,1217.36,910.52,1196.82,886.60,1182.03,868.16,1243.35,994.23,1220.20,951.50,1202.43,925.97,1186.98,908.77,1241.53,1023.61,1217.82,988.66,1202.96,968.14,1194.57,951.13
EK_frame_0000009299_r.jpg,0,751.85,1073.74,828.42,1026.04,882.76,954.01,935.79,902.61,990.30,865.77,788.14,843.51,847.04,745.89,907.50,747.01,942.58,773.18,776.34,853.97,863.13,789.40,921.23,806.55,948.07,836.00,775.87,873.91,853.96,827.32,907.28,848.02,935.69,877.98,783.02,894.16,840.98,860.07,883.17,871.62,907.34,894.12
EK_frame_0000009674_l.jpg,0,1276.88,978.07,1199.19,968.62,1156.01,932.98,1130.10,904.96,1113.88,885.50,1181.56,833.33,1161.32,766.92,1142.73,752.48,1138.71,764.13,1226.66,828.87,1217.63,761.00,1202.40,765.75,1190.87,786.13,1268.03,840.52,1255.48,799.45,1235.90,809.01,1225.03,826.77,1298.62,863.56,1279.69,844.52,1262.15,857.10,1259.01,876.37
EK_frame_0000009674_l.jpg,1,781.91,1115.16,843.44,1071.47,854.97,1014.34,856.31,971.06,870.59,937.39,796.46,954.69,805.24,897.52,825.14,884.78,837.98,886.42,760.00,964.39,769.87,903.77,794.54,895.77,810.89,899.33,738.11,982.04,746.06,929.99,769.04,919.84,786.02,921.41,727.23,1002.32,734.74,959.83,751.22,948.52,766.87,948.63
EK_frame_0000009758_r.jpg,0,667.95,1037.15,742.39,1000.50,774.34,937.58,790.04,893.24,798.34,869.62,708.26,861.21,755.98,808.91,791.29,808.58,812.37,816.73,678.98,865.98,736.71,825.10,773.87,837.52,794.80,853.87,665.98,880.41,718.33,849.65,754.51,859.87,777.62,875.83,665.94,897.89,703.48,870.81,733.05,873.56,753.89,886.75
EK_frame_0000010333_l.jpg,0,764.79,979.04,878.41,957.45,924.17,897.00,954.44,853.59,990.10,833.73,911.10,789.72,956.88,770.83,974.51,788.26,976.69,804.55,858.33,772.15,896.32,720.50,925.60,716.58,939.81,722.77,811.75,778.21,837.06,736.43,862.85,736.50,880.22,742.71,777.36,798.53,798.75,768.63,820.46,766.72,837.74,776.34
EK_frame_0000010333_l.jpg,1,1448.16,1036.33,1352.94,994.12,1279.34,907.77,1211.43,839.26,1150.31,807.08,1357.99,805.13,1243.04,747.50,1182.03,743.89,1134.51,737.72,1388.74,785.12,1271.10,735.11,1211.62,754.07,1167.65,776.48,1401.35,791.73,1296.46,755.11,1244.24,768.78,1207.28,789.00,1400.88,806.89,1326.89,782.81,1283.47,793.18,1251.62,813.29
EK_frame_0000017742_l.jpg,0,1434.29,1116.14,1353.54,1116.08,1283.80,1068.62,1232.75,1002.51,1187.93,944.44,1335.36,974.57,1273.64,864.83,1221.09,825.11,1180.61,812.50,1382.41,942.50,1318.67,824.67,1256.27,785.41,1204.10,779.67,1409.78,930.17,1355.97,823.63,1302.03,783.39,1257.31,772.14,1420.40,931.25,1378.51,847.30,1340.61,804.50,1306.40,785.27
EK_frame_0000017767_r.jpg,0,1416.33,1080.02,1355.75,1039.36,1303.31,978.88,1250.85,923.02,1199.03,876.91,1352.52,868.54,1318.49,780.31,1275.01,746.61,1234.10,740.41,1351.04,888.38,1314.73,806.21,1271.33,778.91,1231.84,772.94,1344.93,912.28,1303.04,859.95,1266.14,845.76,1230.25,849.48,1339.25,935.93,1299.43,906.18,1269.20,903.59,1241.71,911.91
EK_frame_0000017817_r.jpg,0,1399.66,1076.90,1334.98,1027.63,1294.52,961.16,1253.15,903.89,1212.52,853.79,1354.99,873.08,1323.02,788.07,1289.02,747.58,1257.92,726.10,1368.80,885.27,1336.34,799.96,1302.01,764.50,1270.61,741.68,1367.56,901.74,1338.24,835.61,1308.35,801.79,1281.00,784.08,1361.60,918.12,1335.46,869.00,1310.96,844.95,1287.84,831.04
EK_frame_0000017867_r.jpg,0,1400.87,1081.12,1331.91,1054.83,1279.85,994.87,1233.59,934.57,1190.37,884.01,1331.99,896.64,1305.57,795.00,1274.30,743.94,1243.15,709.39,1356.95,889.45,1323.12,791.72,1285.45,744.37,1250.50,716.20,1366.38,894.09,1330.20,812.93,1298.94,771.31,1268.93,744.85,1364.83,899.47,1333.53,833.57,1307.53,798.88,1283.17,775.00
EK_frame_0000018042_l.jpg,0,1425.76,1068.81,1359.88,1019.25,1309.32,953.20,1263.96,898.30,1214.98,850.86,1357.22,858.22,1320.31,783.20,1283.28,745.61,1247.81,728.46,1359.97,882.43,1326.14,809.58,1287.57,778.00,1251.97,760.59,1355.21,908.68,1319.70,854.53,1285.94,830.00,1255.02,822.61,1348.41,934.86,1317.28,900.67,1288.56,888.43,1263.31,886.56
EK_frame_0000018067_r.jpg,0,1433.14,1047.92,1359.90,1025.85,1299.53,974.49,1246.85,917.76,1204.76,869.99,1351.13,883.94,1292.25,787.72,1246.10,757.89,1208.58,745.84,1386.07,863.89,1329.33,757.56,1280.80,724.38,1239.72,717.38,1402.63,864.63,1354.67,780.82,1308.11,746.95,1267.62,738.27,1402.14,875.58,1364.34,816.04,1328.75,788.53,1295.65,779.43
EK_frame_0000018092_r.jpg,0,1420.16,1036.24,1340.69,1029.96,1282.88,972.29,1236.45,902.12,1194.81,850.08,1330.65,878.39,1279.30,778.99,1237.08,744.62,1200.51,723.14,1365.07,857.96,1305.47,754.28,1253.21,717.75,1210.96,698.31,1381.76,856.81,1329.96,765.38,1281.71,729.62,1241.75,712.64,1383.69,863.26,1345.80,793.67,1310.37,761.65,1279.37,745.66
EK_frame_0000018117_l.jpg,0,1405.89,1026.53,1320.17,1029.74,1253.77,986.11,1203.79,927.73,1166.20,873.48,1302.77,879.04,1239.21,775.51,1191.42,741.67,1160.34,732.46,1351.87,852.03,1285.55,742.71,1230.97,715.52,1192.11,713.38,1378.80,845.85,1319.02,749.61,1269.36,721.97,1231.63,718.10,1384.51,851.14,1334.99,777.54,1294.01,746.53,1260.46,736.27
EK_frame_0000018117_l.jpg,1,839.12,1033.17,934.73,1033.56,996.97,984.15,1055.42,938.78,1098.64,908.61,960.77,856.31,1004.55,762.38,1028.12,752.58,1030.74,771.75,905.19,834.32,957.75,773.26,976.39,794.46,976.53,817.02,860.20,838.04,909.09,791.27,925.08,807.26,920.98,830.42,827.16,853.59,869.54,818.52,885.85,832.15,884.31,853.03
EK_frame_0000018342_r.jpg,0,1381.66,1040.44,1297.19,1016.13,1237.71,966.15,1184.48,931.96,1143.32,894.89,1307.86,850.94,1283.67,764.91,1255.27,719.76,1226.81,692.83,1337.78,853.15,1312.71,771.03,1273.23,733.60,1239.91,712.71,1350.04,864.53,1321.94,793.27,1288.33,758.99,1259.04,741.07,1351.23,878.61,1324.35,815.96,1298.24,784.48,1275.76,766.11
EK_frame_0000018692_r.jpg,0,1384.10,1056.88,1301.90,1023.17,1251.81,959.66,1211.51,899.51,1170.12,844.20,1303.08,864.61,1266.20,777.60,1232.85,733.50,1205.26,706.65,1331.29,868.24,1294.57,778.85,1255.80,744.86,1222.24,724.91,1342.50,882.53,1310.43,812.92,1277.62,780.61,1249.83,766.62,1345.57,899.00,1316.94,847.57,1290.53,820.08,1267.05,805.25
EK_frame_0000018892_l.jpg,0,1399.03,984.65,1303.64,974.22,1229.84,921.51,1172.45,880.32,1133.35,838.14,1276.02,809.67,1235.59,709.43,1193.82,682.95,1164.12,682.50,1321.25,793.84,1270.35,696.30,1220.11,681.43,1184.98,690.97,1347.32,798.07,1298.20,723.50,1253.08,706.96,1221.01,713.49,1355.91,810.71,1311.42,759.03,1273.85,741.47,1246.48,743.59
EK_frame_0000018892_l.jpg,1,816.29,1033.45,920.48,1023.06,983.53,964.29,1036.00,913.03,1077.22,883.40,940.05,838.02,985.83,735.60,1002.32,755.65,998.43,794.22,880.49,819.73,934.86,751.22,951.37,784.60,948.64,812.77,832.99,826.62,886.58,774.35,900.13,799.36,892.91,827.04,797.88,845.95,842.16,801.57,858.06,819.35,856.00,843.93
EK_frame_0000018992_l.jpg,0,1440.56,970.86,1356.26,934.68,1283.12,889.04,1220.96,857.01,1163.42,830.86,1322.87,779.41,1291.81,696.44,1252.64,682.51,1219.18,697.54,1334.70,796.33,1299.80,720.17,1257.07,703.98,1225.88,714.95,1342.11,823.99,1302.40,778.08,1263.95,761.37,1236.43,773.62,1345.36,853.51,1308.95,830.63,1276.25,829.85,1253.36,843.97
EK_frame_0000018992_l.jpg,1,846.39,1036.98,948.08,1023.94,1009.10,964.92,1061.58,914.60,1101.62,884.94,964.87,842.98,1004.97,745.47,1025.12,759.61,1022.77,797.50,907.25,826.85,961.74,767.67,981.26,800.09,978.66,826.85,862.90,835.48,915.71,793.65,932.01,818.15,925.90,844.93,830.90,854.45,873.39,820.44,890.34,839.19,889.46,863.37
EK_frame_0000019292_r.jpg,0,1302.96,953.25,1217.66,923.35,1187.61,863.83,1187.47,814.39,1192.20,785.21,1194.01,778.99,1168.34,701.21,1151.84,667.43,1150.29,668.39,1242.98,772.63,1236.89,684.57,1222.75,676.92,1207.52,688.74,1285.66,784.54,1277.82,725.62,1254.86,733.65,1243.08,749.39,1319.62,803.20,1297.60,779.30,1277.47,792.86,1268.56,808.45
EK_frame_0000019292_r.jpg,1,844.81,1036.63,940.80,1025.12,994.46,963.34,1039.98,908.75,1077.05,873.38,942.67,847.16,968.26,741.81,985.79,747.00,989.61,778.18,886.80,834.76,922.94,767.32,939.24,791.94,940.00,817.94,842.46,845.49,881.16,794.22,895.43,813.03,893.32,837.97,811.37,865.68,845.47,824.32,860.00,839.94,860.20,862.05
EK_frame_0000019392_l.jpg,0,1291.97,989.01,1203.80,965.96,1169.93,901.25,1165.06,844.58,1168.70,804.37,1162.03,841.26,1118.44,754.05,1096.90,708.67,1093.45,699.50,1224.10,818.84,1206.62,708.64,1188.77,671.53,1179.50,670.19,1277.52,817.17,1272.92,728.00,1243.80,733.89,1227.77,755.47,1322.64,828.03,1301.64,777.95,1276.76,782.30,1263.51,798.15
EK_frame_0000019392_l.jpg,1,857.64,1026.74,954.15,1019.77,1014.33,961.25,1064.71,907.77,1103.97,871.59,962.79,841.14,991.55,740.35,1012.82,740.33,1018.45,766.93,906.62,827.46,951.07,762.62,969.92,787.02,968.87,811.77,863.07,837.96,909.05,787.34,926.29,806.57,922.74,830.88,832.18,857.42,871.38,816.79,887.50,832.55,886.00,854.21
EK_frame_0000019417_l.jpg,0,1422.45,870.98,1337.98,858.26,1263.22,828.56,1201.42,818.33,1141.04,812.04,1283.75,711.77,1254.23,632.55,1212.71,616.73,1178.51,628.99,1301.35,719.58,1267.00,643.58,1227.47,627.97,1194.59,636.39,1316.35,736.87,1282.99,686.90,1252.07,665.21,1227.29,668.04,1325.95,762.06,1294.11,730.11,1267.32,717.65,1249.62,715.49
EK_frame_0000019517_l.jpg,0,1393.62,949.36,1295.50,946.17,1230.46,897.02,1182.52,875.66,1153.66,854.11,1260.93,772.90,1213.27,688.70,1165.56,671.84,1131.81,674.85,1300.79,763.04,1247.87,676.16,1199.56,667.36,1166.13,679.58,1323.36,770.67,1277.11,701.85,1226.80,690.02,1195.08,697.36,1330.38,789.23,1284.56,742.68,1241.53,723.92,1209.27,719.78
EK_frame_0000019517_l.jpg,1,859.06,1014.67,958.09,1006.50,1015.44,949.36,1063.63,899.45,1102.12,866.59,969.72,831.27,999.64,730.65,1017.44,741.04,1018.59,775.72,914.76,816.54,955.17,752.05,968.45,781.79,965.70,808.04,871.10,825.79,913.12,784.56,923.34,808.49,917.37,833.48,837.64,846.19,875.42,815.83,885.87,835.61,882.48,858.69
EK_frame_0000019567_l.jpg,0,1392.87,860.61,1312.40,849.86,1243.24,818.95,1185.63,810.14,1137.00,802.39,1262.08,712.20,1235.59,636.07,1198.72,623.61,1168.80,636.84,1279.99,716.54,1248.93,647.32,1209.64,634.02,1177.49,644.03,1296.61,731.51,1264.61,686.06,1233.62,668.37,1209.29,673.12,1306.92,752.68,1275.02,725.47,1249.26,717.90,1232.64,719.91
EK_frame_0000019592_l.jpg,0,1375.36,942.75,1287.43,953.66,1222.90,897.58,1183.48,838.35,1162.73,797.05,1233.22,805.53,1180.24,706.61,1141.25,684.04,1123.00,689.98,1283.17,780.39,1241.89,677.23,1199.21,655.07,1173.54,668.34,1319.45,781.27,1265.90,728.64,1226.71,742.16,1210.65,768.74,1341.96,792.40,1291.89,763.49,1259.72,771.02,1245.34,791.81
EK_frame_0000019592_l.jpg,1,857.66,1034.63,953.05,1016.00,1011.45,957.38,1062.74,909.76,1100.22,877.35,960.21,844.60,983.83,744.83,1001.29,761.06,1002.47,799.14,903.64,834.37,937.81,763.93,953.33,792.18,952.37,818.07,858.47,845.42,897.60,791.65,911.12,811.66,908.18,836.46,826.84,866.97,861.47,824.22,875.06,841.53,874.10,864.13
EK_frame_0000019642_l.jpg,0,1431.85,1015.31,1329.18,1000.45,1268.14,950.51,1216.45,917.30,1184.60,889.38,1294.46,824.93,1253.39,714.36,1206.07,694.81,1174.87,700.02,1335.92,806.27,1279.32,702.75,1225.67,693.20,1190.99,711.77,1362.15,814.94,1303.18,748.99,1252.76,736.97,1221.25,750.74,1368.38,840.57,1322.80,803.23,1285.39,790.10,1257.21,796.25
EK_frame_0000019642_l.jpg,1,876.39,1058.36,974.97,1036.76,1030.61,980.32,1077.35,930.80,1114.07,899.74,984.63,866.58,1011.48,761.63,1034.73,771.22,1037.35,806.78,927.30,851.36,971.23,774.55,990.56,803.88,988.80,832.86,880.78,857.72,925.31,801.05,942.24,823.06,939.02,851.02,848.52,876.05,885.60,831.75,902.76,848.73,902.68,873.81
EK_frame_0000019692_l.jpg,0,1378.85,897.36,1296.52,903.60,1232.51,868.78,1185.54,850.98,1155.55,830.02,1259.87,741.63,1230.61,649.35,1182.67,637.88,1152.67,652.20,1291.62,735.00,1247.78,654.22,1197.10,647.67,1165.05,664.05,1312.64,744.26,1265.78,690.93,1220.70,684.97,1192.47,695.56,1321.18,759.19,1274.51,722.16,1238.35,715.14,1215.67,720.10
EK_frame_0000019692_l.jpg,1,842.71,1001.03,938.64,984.03,997.75,925.00,1047.39,876.08,1085.24,845.72,949.79,814.76,975.50,715.58,991.04,729.29,989.59,767.42,893.55,802.20,933.02,738.73,947.40,766.72,945.54,792.29,849.68,811.24,893.90,765.68,906.32,786.80,902.25,811.68,818.64,830.50,857.88,795.76,869.94,814.52,867.91,837.11
EK_frame_0000019767_l.jpg,0,859.81,1030.16,957.96,1014.29,1017.76,955.46,1067.75,905.99,1107.80,875.25,972.55,836.92,1003.96,738.09,1022.54,743.84,1023.27,774.41,916.79,823.37,959.01,757.26,977.99,781.71,979.18,807.76,872.13,832.37,915.40,782.96,933.22,801.16,932.22,826.74,840.93,853.17,879.07,814.79,896.22,828.78,897.46,851.26
EK_frame_0000019767_l.jpg,1,1363.20,1001.19,1258.82,980.12,1213.14,909.71,1204.11,851.50,1199.13,816.44,1220.15,829.50,1168.33,740.32,1148.23,705.41,1147.49,704.19,1277.26,812.85,1241.80,707.82,1218.45,684.00,1203.09,685.65,1326.55,817.49,1301.53,737.46,1270.55,738.03,1255.88,754.39,1364.85,831.76,1327.29,799.89,1298.78,805.58,1285.12,819.77
EK_frame_0000019792_l.jpg,0,1363.46,993.59,1270.93,985.60,1216.29,928.50,1182.72,877.66,1147.36,849.61,1250.23,832.32,1205.72,733.60,1174.20,699.76,1154.96,689.65,1302.73,814.41,1265.22,710.85,1232.27,676.62,1207.04,664.76,1338.47,814.94,1311.26,728.01,1278.97,700.82,1253.27,696.39,1356.20,827.59,1337.55,761.88,1314.06,736.34,1295.06,733.93
EK_frame_0000019792_l.jpg,1,854.96,1005.29,952.38,992.81,1009.69,934.24,1057.82,885.25,1097.13,856.91,963.87,818.79,996.10,719.84,1011.95,736.21,1011.38,770.19,909.77,804.14,954.05,736.96,969.87,765.82,967.58,791.27,866.68,812.17,912.39,764.83,925.85,786.04,920.93,810.44,835.13,832.16,874.97,796.19,889.03,812.47,887.18,834.70
EK_frame_0000019817_l.jpg,0,1372.99,971.07,1269.84,957.81,1210.06,890.37,1180.62,837.20,1160.17,806.92,1246.64,805.47,1201.64,709.43,1169.44,682.68,1152.95,681.53,1302.06,789.39,1267.32,691.76,1229.50,678.01,1202.30,689.31,1340.51,795.76,1302.27,730.52,1261.96,727.87,1240.76,743.40,1364.46,811.18,1324.00,772.93,1290.60,773.02,1275.81,787.74
EK_frame_0000019817_l.jpg,1,859.50,1012.10,960.45,998.26,1018.94,939.45,1068.18,890.97,1107.58,863.83,976.30,825.02,1003.47,722.60,1024.31,734.95,1027.41,768.59,920.83,808.26,965.25,737.55,983.28,767.32,982.82,795.17,876.84,814.41,923.42,761.85,938.62,782.87,935.85,809.35,845.13,832.81,886.16,793.05,902.57,809.13,902.83,832.12
EK_frame_0000019867_r.jpg,0,840.16,987.56,930.14,970.78,987.32,914.23,1028.51,862.47,1060.53,826.69,934.92,805.01,961.93,706.58,990.77,695.03,1006.81,707.48,884.76,791.16,928.90,717.32,959.54,721.53,974.55,738.39,846.44,797.54,893.05,740.42,920.82,743.14,933.33,760.55,820.79,814.81,859.59,771.35,885.57,773.28,896.87,789.49
EK_frame_0000019867_r.jpg,1,1421.66,982.06,1330.15,929.53,1284.97,851.35,1257.29,779.20,1236.50,725.87,1337.53,754.57,1314.80,643.38,1289.56,609.73,1270.19,600.81,1389.61,750.32,1377.54,641.91,1347.41,619.64,1317.56,623.33,1420.05,764.20,1404.48,687.47,1379.14,663.82,1352.54,663.86,1431.47,781.95,1414.17,727.56,1394.75,706.89,1375.71,706.26
EK_frame_0000019892_l.jpg,0,1510.83,947.27,1424.79,902.38,1374.19,823.64,1327.77,761.65,1284.93,715.55,1469.69,729.49,1459.50,613.79,1425.39,572.04,1392.21,547.47,1515.02,733.89,1496.42,624.79,1451.46,589.36,1413.28,577.42,1535.80,751.88,1516.67,664.76,1478.54,631.05,1443.74,619.64,1540.58,768.67,1524.75,700.20,1496.38,670.69,1469.57,660.76
EK_frame_0000019892_l.jpg,1,635.26,906.53,749.70,883.87,824.07,806.02,885.50,740.85,936.30,690.89,720.11,679.89,768.55,558.94,819.70,527.37,858.43,520.56,677.91,670.46,739.31,562.99,793.78,532.69,837.17,524.53,654.75,676.27,714.26,596.41,761.79,565.49,800.12,553.71,648.95,689.57,696.79,626.71,736.90,599.62,768.80,590.32
EK_frame_0000019945_r.jpg,0,745.04,1076.45,829.83,1040.94,882.50,976.50,930.83,927.37,979.24,903.65,807.94,879.47,831.78,775.70,865.99,753.69,891.13,758.54,766.14,877.06,801.00,778.36,839.68,764.08,870.29,771.91,739.83,885.37,772.92,803.52,808.66,786.14,837.41,788.83,730.15,899.70,753.34,834.01,783.14,813.98,807.56,811.89
EK_frame_0000020309_r.jpg,0,1408.54,1010.95,1327.67,995.61,1271.71,939.14,1242.34,879.10,1229.65,828.57,1312.91,852.63,1276.11,788.60,1253.56,758.88,1237.05,742.53,1356.91,840.35,1320.35,774.97,1291.62,746.81,1270.86,732.94,1391.62,842.82,1360.05,781.38,1331.12,753.27,1309.77,737.14,1419.42,852.32,1392.44,804.14,1369.54,781.02,1351.73,766.39
EK_frame_0000020943_l.jpg,0,940.23,758.19,985.46,817.83,1035.23,838.16,1060.57,859.49,1063.45,878.88,1115.79,781.36,1179.77,806.82,1190.99,830.25,1188.40,846.48,1107.47,735.37,1166.56,764.18,1174.20,791.37,1165.51,806.74,1087.21,704.29,1149.83,715.58,1179.14,735.30,1197.07,751.63,1062.24,683.47,1104.19,670.43,1129.31,669.07,1147.69,671.94
EK_frame_0000020968_l.jpg,0,918.19,777.89,977.85,834.50,1030.85,852.74,1061.63,874.31,1064.19,891.80,1105.03,780.98,1173.85,799.63,1183.78,823.89,1176.01,840.99,1091.93,734.68,1158.09,757.16,1173.47,785.25,1167.94,804.13,1068.95,705.90,1134.77,711.61,1164.30,730.89,1180.31,748.34,1041.99,688.32,1083.38,669.11,1111.28,656.66,1132.13,649.66
EK_frame_0000021018_l.jpg,0,877.85,748.72,946.25,793.32,999.41,790.73,1027.68,803.45,1028.00,829.15,1059.33,713.48,1130.80,716.11,1153.59,729.83,1158.25,745.33,1037.21,667.99,1111.93,671.96,1132.73,695.05,1131.82,714.44,1007.60,642.47,1080.61,636.46,1108.89,653.53,1122.67,668.28,975.93,626.63,1012.76,598.75,1035.46,585.30,1052.29,578.65
EK_frame_0000021043_l.jpg,0,858.04,711.07,901.76,714.85,958.38,717.40,994.59,723.94,1020.75,733.38,1003.97,611.00,1063.09,607.98,1084.76,626.10,1092.45,644.93,1015.72,600.66,1086.83,601.83,1105.68,629.22,1101.01,651.58,1022.40,606.45,1097.23,611.37,1111.40,640.13,1104.07,662.48,1027.46,628.47,1096.71,625.18,1114.90,643.85,1110.55,662.48
EK_frame_0000021068_l.jpg,0,873.50,714.50,938.18,756.04,985.54,758.16,1011.92,766.82,1021.67,786.31,1041.72,671.67,1102.64,650.84,1137.82,638.34,1164.64,631.21,1013.99,642.18,1071.69,616.85,1103.30,615.23,1123.01,619.09,984.58,630.47,1031.17,621.09,1060.48,626.35,1076.69,635.00,959.26,628.86,991.80,632.38,1007.47,641.63,1012.39,656.63
EK_frame_0000021170_l.jpg,0,800.56,789.90,867.08,832.82,920.23,836.75,957.78,839.41,976.67,859.13,987.33,758.75,1067.39,755.07,1084.33,771.37,1080.88,786.43,969.64,709.42,1054.02,711.50,1061.74,739.88,1052.89,759.02,944.05,679.08,1024.67,671.88,1037.98,695.92,1035.02,715.96,914.55,662.69,966.66,632.67,991.73,639.22,1002.40,654.27
EK_frame_0000021220_l.jpg,0,830.94,892.37,905.38,914.21,964.14,891.06,1003.89,879.03,1036.10,891.78,970.72,794.62,1019.16,744.34,1047.87,715.05,1070.06,697.91,934.60,774.48,976.86,722.51,1006.42,706.05,1027.75,700.37,903.07,768.52,942.42,727.83,969.78,714.28,989.54,710.65,879.64,773.89,915.03,743.56,939.64,732.15,958.52,731.30
EK_frame_0000021270_l.jpg,0,1651.79,943.46,1562.30,912.00,1509.12,853.15,1467.95,812.68,1431.37,780.80,1582.24,763.94,1570.13,683.38,1533.51,666.06,1499.48,673.42,1629.72,760.44,1580.31,709.33,1529.88,709.06,1497.53,729.30,1658.71,773.83,1602.79,735.22,1557.16,731.76,1529.63,746.88,1673.31,792.63,1630.20,750.18,1589.70,741.51,1559.15,752.30
EK_frame_0000021294_l.jpg,0,857.63,1046.46,932.94,1026.78,977.21,979.24,1011.96,947.92,1047.27,933.23,919.30,884.94,932.92,814.31,954.32,780.12,975.02,762.67,887.23,889.44,896.35,815.80,918.11,782.95,938.29,765.37,867.71,899.85,876.44,839.33,894.82,806.90,913.14,789.66,861.32,911.77,869.51,864.78,881.39,837.92,894.92,822.89
EK_frame_0000021312_r.jpg,0,1034.90,1056.68,1111.95,1063.56,1162.89,1036.28,1203.43,1028.85,1231.63,1044.56,1152.39,926.90,1177.38,858.91,1191.87,816.23,1200.75,788.24,1109.05,908.31,1141.41,834.70,1161.89,797.47,1178.34,772.09,1074.25,904.77,1104.10,841.64,1123.43,827.99,1135.70,823.36,1047.25,911.68,1074.86,862.20,1093.29,849.59,1105.57,848.61
EK_frame_0000021362_r.jpg,0,1036.46,956.82,1116.75,966.66,1176.67,954.18,1222.24,952.93,1251.56,964.20,1170.87,840.96,1201.42,760.64,1216.50,727.64,1226.82,711.56,1129.02,818.67,1167.50,737.80,1192.51,712.29,1211.44,705.74,1092.73,811.02,1128.07,739.83,1153.96,717.31,1171.88,710.97,1063.29,813.46,1085.06,754.97,1102.74,727.62,1116.84,712.68
EK_frame_0000021462_l.jpg,0,916.52,907.72,993.29,915.66,1051.66,885.89,1102.71,872.14,1136.93,872.58,1039.42,765.64,1055.29,689.18,1069.92,648.06,1081.55,624.43,993.77,747.90,1017.81,672.40,1040.01,642.03,1059.22,629.04,956.45,744.76,984.48,676.92,1010.25,649.77,1030.47,637.05,929.54,749.94,951.67,694.46,967.29,664.28,980.64,644.52
EK_frame_0000021462_l.jpg,1,1340.70,896.72,1255.33,900.60,1189.75,865.17,1139.35,810.55,1111.96,763.86,1183.87,804.06,1134.04,708.60,1132.62,687.94,1144.61,693.04,1226.75,770.78,1178.63,676.22,1180.30,677.51,1189.95,697.59,1271.78,749.43,1231.07,684.34,1228.49,701.03,1235.09,726.71,1312.46,742.28,1275.88,705.78,1270.52,722.52,1277.95,742.91
EK_frame_0000021487_l.jpg,0,915.96,879.00,997.25,888.11,1063.75,871.07,1114.31,869.60,1145.98,876.21,1059.91,745.08,1090.96,679.71,1111.51,645.05,1125.47,624.29,1014.31,722.96,1056.89,656.46,1084.62,631.98,1107.74,619.32,976.42,716.13,1019.66,654.15,1050.98,632.15,1074.47,623.32,949.29,719.24,982.44,666.36,1005.37,642.52,1024.60,629.61
EK_frame_0000021512_l.jpg,0,904.49,858.16,980.05,873.56,1043.97,852.97,1095.16,853.78,1125.88,862.90,1042.60,732.29,1071.30,667.80,1090.40,633.00,1104.41,611.44,999.46,711.33,1038.12,648.84,1064.23,623.89,1084.22,612.55,963.12,705.66,1002.72,651.87,1030.40,630.18,1049.90,619.10,935.17,707.48,964.74,660.00,983.98,634.91,998.86,618.75
EK_frame_0000021512_l.jpg,1,1328.27,903.63,1244.69,903.26,1182.12,860.05,1145.18,798.49,1129.63,747.66,1199.66,805.07,1155.70,708.93,1140.48,686.95,1145.58,696.61,1248.22,776.45,1203.47,679.48,1182.00,674.09,1177.36,692.87,1293.65,759.82,1248.86,691.18,1232.37,703.77,1233.38,729.11,1332.70,754.02,1290.10,708.76,1275.22,722.37,1277.96,743.97
EK_frame_0000021637_r.jpg,0,1264.95,812.65,1175.49,779.78,1127.72,714.72,1115.35,648.85,1137.30,610.09,1149.36,649.29,1146.78,563.13,1150.40,593.45,1152.11,632.06,1210.07,637.67,1195.93,556.84,1190.65,584.47,1188.57,620.64,1264.30,643.71,1241.16,612.41,1233.30,638.36,1234.27,664.21,1311.07,659.16,1281.07,641.06,1272.74,662.71,1276.31,682.35
EK_frame_0000021637_r.jpg,1,931.78,855.78,1009.28,864.24,1075.17,833.03,1131.25,822.04,1165.51,829.72,1053.57,710.83,1078.42,635.83,1098.91,601.35,1115.01,584.91,1008.63,693.65,1046.70,621.33,1074.63,591.73,1098.96,577.98,972.45,690.71,1013.41,626.58,1043.90,598.70,1068.30,584.64,945.06,695.05,974.39,643.61,994.88,618.42,1012.83,603.17
EK_frame_0000021687_r.jpg,0,1465.16,736.75,1402.99,798.25,1322.80,830.78,1256.96,822.86,1224.27,785.50,1318.40,774.77,1205.92,736.54,1193.94,743.34,1216.17,750.43,1330.60,714.10,1210.65,686.75,1208.97,704.87,1238.19,718.78,1345.81,664.97,1246.63,652.94,1256.11,674.89,1284.14,688.94,1365.96,629.09,1289.51,626.09,1296.83,645.16,1322.05,654.55
EK_frame_0000021687_r.jpg,1,962.88,859.82,1045.62,878.55,1113.49,862.11,1164.19,867.48,1195.66,884.56,1113.50,734.67,1151.57,662.24,1173.51,629.05,1187.87,612.38,1068.70,708.51,1116.85,641.15,1145.42,618.68,1163.83,611.52,1029.01,700.89,1079.32,643.26,1110.15,619.82,1129.13,609.92,996.36,703.13,1022.10,646.48,1038.04,613.22,1049.28,590.07
EK_frame_0000021762_r.jpg,0,1586.08,725.83,1536.47,816.45,1441.48,858.38,1345.37,842.36,1284.79,799.31,1433.79,859.63,1301.07,854.07,1260.05,832.53,1243.63,806.60,1425.56,783.98,1268.23,764.04,1280.13,762.02,1318.78,762.44,1419.71,710.65,1286.36,703.56,1313.95,711.19,1354.00,715.81,1420.66,647.78,1320.31,654.87,1345.71,664.74,1378.96,666.50
EK_frame_0000021762_r.jpg,1,939.29,937.75,1047.80,957.19,1133.87,943.06,1206.97,936.95,1256.98,938.98,1140.55,796.15,1187.30,703.11,1213.03,657.14,1229.16,628.25,1091.42,758.17,1154.35,671.05,1186.91,636.54,1212.07,618.93,1043.91,736.36,1109.03,659.49,1144.42,627.67,1169.85,611.62,1002.03,725.18,1049.71,656.43,1076.92,617.47,1100.22,588.34
EK_frame_0000021812_l.jpg,0,951.11,980.88,1038.39,979.75,1104.93,944.49,1160.39,922.69,1196.32,909.35,1080.39,820.54,1096.57,735.13,1108.24,690.23,1115.18,660.22,1033.42,802.75,1065.15,719.41,1081.09,679.22,1093.24,652.85,991.45,798.37,1028.16,724.03,1049.46,684.62,1063.32,658.53,954.73,802.16,972.40,735.26,981.12,696.07,987.75,664.71
EK_frame_0000021812_l.jpg,1,1401.02,895.05,1331.11,932.93,1253.43,923.20,1193.11,884.04,1158.62,842.82,1279.38,891.70,1192.73,826.26,1144.97,790.70,1115.12,765.50,1310.92,842.00,1211.06,775.83,1155.59,745.59,1118.51,728.28,1333.83,798.98,1239.30,742.15,1181.62,720.46,1143.31,710.70,1346.82,768.78,1268.15,732.61,1219.06,718.78,1185.88,713.28
EK_frame_0000021837_l.jpg,0,942.45,1026.54,1025.76,972.28,1053.17,896.19,1059.30,829.95,1054.11,783.86,1044.10,831.68,1055.08,735.65,1062.53,689.32,1066.87,659.84,999.73,820.88,1018.92,716.91,1034.36,671.98,1046.43,648.36,957.27,823.48,977.65,726.90,995.83,683.69,1011.71,660.08,919.16,836.14,923.51,764.55,927.41,719.86,931.80,685.96
EK_frame_0000021837_l.jpg,1,1143.30,993.14,1102.49,915.52,1122.67,835.50,1157.31,769.21,1183.04,723.98,1226.75,836.01,1270.96,742.57,1237.87,706.77,1207.33,696.94,1264.77,855.70,1307.41,754.82,1264.59,725.59,1230.96,721.88,1275.29,868.39,1313.32,777.18,1275.86,752.37,1245.17,750.88,1269.28,875.55,1300.12,804.46,1276.38,776.51,1250.41,772.62
EK_frame_0000022237_r.jpg,0,1404.54,952.57,1328.33,969.68,1255.06,941.31,1195.77,894.62,1163.16,846.75,1319.29,853.92,1250.15,777.11,1195.97,774.30,1167.32,788.91,1347.26,812.03,1272.32,725.93,1205.97,716.79,1163.69,728.18,1358.53,793.27,1288.73,720.21,1225.56,706.11,1182.95,713.56,1355.13,791.08,1299.28,733.51,1250.75,715.37,1211.49,715.69
EK_frame_0000022237_r.jpg,1,964.81,1019.54,1053.15,1013.38,1115.43,968.82,1170.11,937.89,1212.37,928.08,1098.92,845.25,1114.50,748.54,1127.15,697.54,1135.73,665.68,1048.87,824.56,1082.61,729.12,1103.74,684.15,1121.80,657.18,1001.66,818.49,1041.27,732.13,1067.94,688.95,1087.85,663.57,957.75,822.63,972.94,749.30,979.81,704.99,983.84,670.77
EK_frame_0000022262_r.jpg,0,821.92,1088.27,925.78,1076.96,1017.45,1040.80,1100.85,1015.85,1159.25,1006.64,962.83,932.00,990.79,815.16,1015.79,758.16,1037.18,720.17,908.17,907.92,951.74,791.39,985.30,736.11,1013.79,703.50,862.77,897.68,910.39,793.42,945.67,743.65,975.15,713.75,828.73,895.82,853.56,811.14,863.58,762.77,869.31,726.52
EK_frame_0000022287_l.jpg,0,888.40,1089.09,970.37,1009.99,1005.45,922.42,1028.36,848.26,1043.53,794.34,974.66,879.16,975.26,778.25,981.83,732.11,988.32,703.92,928.49,877.58,942.95,767.75,957.15,722.33,971.44,695.38,886.94,883.19,905.09,777.94,924.79,731.37,943.72,706.02,849.86,893.89,847.42,816.52,847.83,773.18,849.61,741.96
EK_frame_0000022462_l.jpg,0,850.53,918.04,954.63,907.46,1012.85,850.79,1047.56,792.97,1063.57,745.14,1005.48,766.07,1039.63,676.78,1060.28,629.86,1070.61,600.19,962.72,740.48,1010.24,652.47,1034.92,618.55,1050.47,600.79,920.70,728.44,970.15,646.47,999.24,614.11,1017.98,599.83,881.44,726.39,903.54,659.42,916.49,619.15,924.07,590.08
EK_frame_0000022462_l.jpg,1,1088.44,962.52,1043.13,897.09,1067.79,818.60,1105.16,751.81,1132.12,699.15,1165.74,802.59,1220.09,716.82,1187.51,672.55,1151.32,658.74,1197.25,815.12,1250.92,719.01,1213.96,668.52,1177.58,652.56,1205.27,823.54,1246.72,730.04,1209.69,683.45,1174.59,666.62,1197.39,827.64,1227.41,752.61,1204.39,708.81,1174.93,690.77
EK_frame_0000022637_r.jpg,0,910.32,782.86,982.46,784.88,1022.83,751.43,1057.64,731.77,1091.50,735.12,1021.03,656.45,1036.52,577.13,1047.45,535.18,1054.51,507.58,978.74,639.20,996.87,563.34,1011.55,532.27,1023.13,517.87,939.04,636.25,960.74,571.81,980.96,545.00,996.53,531.13,902.64,641.38,904.42,585.74,906.36,548.83,907.72,519.33
EK_frame_0000022637_r.jpg,1,1249.32,701.18,1164.78,653.22,1141.90,582.41,1161.46,521.02,1195.75,491.99,1202.46,558.30,1219.89,485.21,1203.00,490.81,1193.70,508.69,1252.63,563.62,1237.49,506.17,1209.36,516.92,1201.15,541.69,1287.77,577.07,1256.80,532.18,1232.18,541.91,1227.82,563.86,1311.20,591.13,1276.33,556.26,1257.06,563.59,1255.27,580.87
EK_frame_0000022662_r.jpg,0,924.23,889.04,1003.52,883.38,1046.40,841.94,1068.85,797.45,1085.15,769.96,1043.82,741.96,1055.47,659.06,1063.76,615.65,1067.80,585.15,1000.85,722.73,1025.59,643.98,1043.12,607.45,1056.23,585.78,957.99,720.07,987.81,642.72,1009.36,607.06,1026.69,586.09,920.22,728.37,925.93,667.71,927.15,632.50,926.33,605.54
EK_frame_0000022862_r.jpg,0,922.83,890.72,991.45,871.35,1022.75,827.38,1041.24,792.98,1058.04,777.42,998.80,742.10,995.21,671.38,994.01,630.70,991.79,603.38,956.53,734.29,959.32,663.78,964.85,627.31,970.10,606.09,917.29,740.12,924.29,671.51,934.05,637.20,943.04,618.14,882.02,755.06,871.14,703.86,864.59,670.93,858.71,646.63
EK_frame_0000022862_r.jpg,1,1168.99,813.85,1092.65,790.74,1056.71,738.01,1057.95,681.08,1075.42,644.70,1068.86,678.07,1064.01,587.73,1075.95,601.18,1083.44,632.40,1121.66,664.89,1116.56,580.15,1116.66,600.92,1115.72,633.78,1169.59,668.05,1163.17,617.10,1154.92,639.39,1152.89,668.23,1209.71,682.38,1196.57,659.72,1187.98,677.13,1186.97,696.18
EK_frame_0000023137_r.jpg,0,1323.17,828.97,1264.60,809.75,1223.95,773.32,1184.50,750.41,1145.44,735.35,1269.82,692.91,1245.75,627.50,1214.70,620.20,1191.02,631.15,1301.59,688.32,1266.49,642.64,1233.54,646.01,1212.08,662.00,1323.01,696.53,1290.52,661.22,1262.36,662.75,1243.15,676.66,1334.25,708.98,1310.11,679.24,1285.99,677.62,1269.15,689.95
EK_frame_0000035803_l.jpg,0,771.53,1005.31,819.74,946.45,858.52,895.81,883.55,856.01,897.19,822.29,841.00,879.14,874.13,860.03,897.53,862.09,912.79,864.29,837.22,907.52,880.79,897.39,911.94,900.86,937.11,910.08,835.06,938.38,878.11,932.93,910.34,933.43,937.29,937.48,831.72,971.00,867.32,968.53,893.71,966.81,916.57,968.00
EK_frame_0000035803_l.jpg,1,1261.69,1053.93,1197.42,1024.20,1166.28,962.55,1149.59,901.29,1129.82,851.05,1224.91,897.66,1193.60,815.23,1163.57,790.28,1139.68,781.18,1260.70,892.80,1242.50,806.46,1217.52,772.53,1193.62,756.75,1276.46,900.14,1259.40,829.41,1235.23,800.75,1211.59,789.06,1278.31,908.58,1262.67,854.84,1242.09,830.53,1222.55,818.97
EK_frame_0000036189_r.jpg,0,1301.31,886.27,1224.61,917.83,1154.21,886.16,1118.22,850.98,1101.66,828.80,1158.35,775.45,1099.16,733.23,1070.75,755.86,1065.51,784.65,1194.94,758.37,1137.58,744.42,1110.43,775.82,1105.06,801.28,1222.65,760.07,1165.50,758.71,1144.43,785.72,1141.26,805.14,1240.43,769.23,1192.25,770.61,1173.61,790.29,1174.10,812.37
EK_frame_0000036339_r.jpg,0,1412.16,865.08,1349.44,830.59,1317.63,775.92,1299.47,741.84,1288.18,716.85,1369.78,726.35,1334.35,706.14,1311.09,720.94,1299.42,736.87,1400.11,735.28,1355.63,726.47,1328.18,740.71,1314.74,757.70,1415.97,754.64,1373.97,746.71,1345.23,752.35,1330.99,764.04,1425.11,772.03,1388.62,763.22,1363.75,765.73,1348.34,775.24
EK_frame_0000037285_r.jpg,0,581.45,1003.18,642.58,937.96,685.43,864.51,717.53,811.72,733.88,778.42,628.38,804.53,699.86,779.44,725.68,812.69,731.50,846.70,619.65,830.63,691.17,825.42,721.91,870.48,733.67,913.59,617.02,863.20,682.83,862.25,714.73,896.55,725.91,932.05,612.16,891.54,661.11,890.27,686.50,911.24,700.72,935.00
EK_frame_0000037516_l.jpg,0,687.46,881.36,734.33,857.27,757.02,817.20,765.69,776.33,762.76,748.03,759.90,772.15,762.04,729.09,750.45,733.95,745.05,747.92,733.09,759.58,739.11,711.72,727.43,720.97,721.46,738.27,701.58,755.36,704.11,715.35,697.02,729.76,695.07,747.51,667.97,759.29,667.47,729.94,665.26,743.75,665.97,759.91
EK_frame_0000037641_l.jpg,0,685.78,939.26,723.26,910.12,774.27,867.64,814.47,837.25,842.34,805.11,756.14,813.98,814.04,811.67,843.44,831.59,860.30,853.15,756.42,835.20,811.02,846.60,845.07,870.30,869.24,891.96,755.32,861.37,802.46,870.71,833.20,890.37,852.39,908.76,754.05,883.91,786.82,888.78,805.87,904.30,819.86,918.38
EK_frame_0000037992_r.jpg,0,1594.77,1032.31,1620.75,961.64,1595.80,891.09,1557.88,848.37,1535.99,813.64,1554.43,912.57,1534.88,859.09,1527.87,831.49,1523.96,812.47,1526.66,935.59,1519.10,885.56,1524.18,859.73,1531.12,843.02,1515.49,954.87,1517.44,902.52,1528.89,881.58,1537.78,867.98,1514.09,965.69,1514.82,918.15,1526.82,899.31,1537.22,889.38
EK_frame_0000038467_l.jpg,0,1572.09,602.17,1480.85,602.23,1412.65,561.35,1372.47,524.73,1333.66,499.42,1438.28,472.26,1378.48,454.31,1350.33,474.67,1342.25,501.22,1473.23,470.93,1408.76,466.06,1376.56,495.45,1363.00,528.38,1496.26,485.72,1437.45,496.32,1404.21,522.19,1390.66,549.51,1511.49,500.62,1461.74,512.97,1432.21,534.21,1416.68,556.89
EK_frame_0000040437_l.jpg,0,260.52,978.34,336.81,903.90,367.02,816.21,378.45,761.69,379.56,733.24,253.92,767.31,299.96,710.96,350.94,702.53,388.65,709.14,227.40,799.27,284.66,749.41,342.14,746.74,386.97,758.95,219.21,834.16,284.98,796.72,337.89,795.28,380.10,807.66,226.13,863.07,280.78,829.56,324.15,825.47,360.68,832.23
ND_0-A_ctkz_oE_frame003601_l.jpg,0,724.81,222.86,656.06,177.49,594.16,180.66,540.54,207.68,489.17,227.50,606.14,291.10,543.37,357.27,492.54,394.70,444.10,422.40,639.20,340.74,596.82,438.02,551.28,492.03,508.16,531.31,660.66,371.60,617.46,462.48,571.72,515.93,532.40,551.70,670.96,385.08,629.28,461.23,593.82,503.21,561.83,529.40
ND_0-XHYZEsKsc_frame006301_l.jpg,0,655.92,284.86,631.54,273.24,610.44,274.56,595.38,284.36,586.00,295.57,598.41,274.79,568.92,275.47,558.75,289.16,558.46,297.62,598.53,286.10,558.75,300.40,551.80,321.70,557.34,333.01,604.43,300.14,571.01,318.32,571.20,339.60,579.36,349.11,615.22,315.05,589.88,329.96,588.24,345.72,594.61,354.43
ND_0-XHYZEsKsc_frame007801_l.jpg,0,243.47,614.13,228.63,646.99,237.33,670.78,252.58,683.82,264.37,687.88,280.49,670.14,297.26,700.78,287.83,708.61,278.09,705.86,296.73,652.87,318.30,681.17,312.79,693.95,304.77,696.71,302.15,636.63,325.64,658.87,327.70,671.50,326.26,677.95,298.98,624.40,318.64,638.11,320.94,645.35,318.02,649.26
ND_0-XHYZEsKsc_frame024001_l.jpg,0,121.86,302.05,142.44,309.09,155.03,327.16,163.45,344.68,169.94,358.33,133.66,346.95,149.33,368.11,163.15,371.25,173.70,369.13,126.81,348.69,143.80,366.92,158.55,370.50,169.80,368.16,124.52,347.09,140.48,363.59,154.22,366.33,164.86,364.51,125.31,344.98,137.69,359.88,148.95,364.08,158.24,363.34
ND_0-XHYZEsKsc_frame024001_l.jpg,1,481.59,212.70,475.93,230.89,475.04,252.64,471.28,270.49,469.36,284.33,504.36,255.37,496.97,273.48,488.49,281.64,483.71,284.67,506.11,252.36,500.98,269.70,494.33,278.52,488.98,283.36,505.85,249.02,502.88,265.38,498.18,273.58,493.93,278.94,502.85,246.19,502.39,261.52,499.72,270.14,497.25,275.90
ND_02_9ZhQH-EI_frame000300_l.jpg,0,343.54,350.55,319.07,317.30,279.10,300.11,241.47,306.86,218.93,316.62,308.41,296.02,257.43,290.74,223.06,291.36,196.58,295.44,313.23,329.44,238.58,340.47,250.10,340.35,274.14,338.89,313.20,361.45,242.07,368.62,254.65,363.06,277.35,359.94,310.34,390.56,254.26,389.92,262.94,381.66,281.60,379.35
ND_02_9ZhQH-EI_frame000300_l.jpg,1,102.56,362.09,113.80,343.74,114.90,347.10,117.67,367.37,117.46,387.41,71.99,346.69,98.12,385.17,123.89,397.12,140.92,395.76,55.56,365.95,90.43,407.90,121.57,415.86,140.25,410.69,49.19,386.94,77.59,426.37,108.24,428.57,126.75,421.19,50.08,406.65,63.75,438.19,85.59,444.20,101.09,442.77
ND_0CnNVmyf0qc_frame000898_r.jpg,0,523.27,402.04,534.71,402.57,539.07,406.16,537.68,414.19,534.52,422.38,511.61,402.00,516.55,414.75,524.67,423.20,531.92,429.14,503.26,410.54,512.54,426.21,524.14,431.95,532.95,432.34,499.05,418.97,507.81,433.30,519.71,436.93,528.64,436.04,497.90,426.32,502.99,436.81,511.68,440.10,519.46,439.09
ND_0CnNVmyf0qc_frame010466_l.jpg,0,638.77,337.98,640.23,312.41,652.92,286.66,662.03,268.43,660.73,254.57,672.03,298.68,698.12,288.60,715.71,284.64,729.72,282.86,680.13,314.35,711.06,305.99,731.49,301.51,748.16,299.12,684.86,328.80,714.70,322.18,732.86,317.71,746.92,314.74,686.95,341.31,710.92,337.95,725.30,335.42,737.05,333.56
ND_0CnNVmyf0qc_frame016745_r.jpg,0,569.87,408.72,572.02,387.26,573.88,366.26,576.14,349.73,580.58,337.06,554.59,377.08,559.31,364.31,569.41,353.25,579.45,346.11,554.72,393.82,571.83,387.90,588.95,386.47,603.34,385.17,559.87,409.22,581.22,402.44,597.10,399.13,610.39,397.15,567.69,421.47,585.63,417.17,597.09,412.63,605.63,408.59
ND_0O9qhuAfe44_frame004751_r.jpg,0,353.95,426.27,360.72,277.30,420.10,203.82,495.26,195.47,538.87,240.13,580.08,204.99,608.77,186.19,564.15,203.38,528.91,223.50,614.32,288.29,623.67,267.53,581.72,272.39,545.83,292.52,615.79,369.06,615.91,339.28,577.15,342.36,540.70,359.42,600.72,434.14,596.30,408.86,562.43,408.31,530.88,417.37
ND_0O9qhuAfe44_frame004751_r.jpg,1,22.77,252.34,110.35,249.71,210.36,226.78,299.89,217.12,360.94,208.97,219.76,82.48,328.33,122.92,358.98,181.73,360.00,231.43,204.52,102.74,287.96,170.05,294.96,241.01,274.31,293.59,186.71,135.87,250.30,205.10,252.68,262.32,229.90,307.45,174.13,163.69,221.41,214.60,227.63,257.67,215.04,295.24
ND_0WQSn-PUZtY_frame009270_r.jpg,0,449.85,621.13,498.26,569.09,565.30,536.89,629.76,538.45,677.02,547.72,552.18,509.09,596.82,485.09,646.28,494.90,689.32,509.27,527.97,546.33,602.19,564.07,665.29,591.34,713.27,614.67,513.95,596.42,590.35,625.74,651.91,650.27,698.56,665.83,508.91,647.84,569.61,688.40,599.75,706.81,624.88,716.58
ND_0hf8Dcl5Ex0_frame000301_r.jpg,0,21.90,429.43,29.12,388.51,41.36,353.51,60.95,333.05,81.35,324.53,10.50,325.70,53.32,294.42,82.35,303.51,96.79,316.40,10.70,342.19,60.58,310.34,93.83,313.66,116.35,319.48,18.02,363.35,72.52,344.15,102.51,342.84,120.69,343.19,30.13,384.28,72.65,370.04,96.85,364.59,114.21,360.65
ND_0kxPUGKUbIQ_frame003251_r.jpg,0,1174.71,436.97,1089.32,500.42,998.54,507.12,925.37,482.83,882.88,448.34,993.01,459.93,898.59,390.23,831.93,376.65,795.09,379.63,993.98,390.08,838.67,350.24,781.58,343.10,776.92,345.09,1007.40,331.30,851.97,291.54,802.24,287.83,798.92,294.65,1029.23,282.78,946.51,225.94,901.22,214.60,884.92,221.67
ND_0kxPUGKUbIQ_frame003251_r.jpg,1,7.87,519.93,118.77,572.80,232.37,545.94,313.75,485.53,360.69,432.32,222.68,505.72,362.85,442.26,428.04,404.47,469.37,380.09,174.87,432.37,323.81,344.31,375.34,342.46,389.04,362.81,127.74,372.86,266.76,296.38,320.82,309.76,336.93,335.44,85.89,334.54,190.22,261.91,237.82,271.31,256.59,295.10
ND_0qcs_fgPj3g_frame028751_r.jpg,0,944.49,488.06,872.32,485.96,815.82,443.97,777.41,409.86,746.21,390.31,859.24,354.05,793.74,345.36,771.07,366.92,765.23,383.78,889.51,342.28,822.43,341.36,798.39,366.87,792.80,389.65,907.20,346.99,845.08,345.00,821.54,364.42,814.78,385.00,914.99,358.75,866.44,354.22,844.21,366.32,833.92,381.82
ND_1JthTZfRWvo_frame000300_l.jpg,0,203.74,330.63,222.35,325.32,241.12,331.76,252.64,344.27,259.39,355.06,242.66,328.69,261.45,345.85,269.27,358.54,272.48,368.39,233.46,338.57,252.86,357.01,260.64,366.14,262.24,370.92,223.83,348.58,242.34,365.69,249.60,372.59,251.58,374.83,215.07,357.93,229.74,371.63,236.64,376.01,239.74,376.98
ND_1d7Bzrqr5TI_frame011251_l.jpg,0,261.16,728.00,359.33,650.32,460.66,544.02,569.80,457.99,660.18,391.75,305.72,369.25,459.50,280.47,570.82,283.06,647.44,301.38,317.63,385.43,466.80,303.45,566.47,309.64,637.40,334.30,338.82,419.16,465.28,358.54,549.44,364.10,612.30,390.10,361.17,454.55,457.99,410.01,521.55,413.35,570.83,433.21
ND_1d7Bzrqr5TI_frame011251_l.jpg,1,1218.76,624.87,1115.14,619.08,1004.48,525.70,906.95,431.45,818.99,353.10,1095.40,318.56,928.57,221.03,819.80,222.19,740.44,238.47,1098.48,318.65,931.21,238.61,833.07,268.45,783.56,313.92,1089.58,339.32,947.21,292.64,882.31,339.80,853.53,371.94,1078.97,358.46,979.36,342.74,929.18,376.28,907.76,409.16
ND_1dxACounNRE_frame017044_r.jpg,0,391.48,951.26,468.40,867.48,517.20,770.32,518.06,720.66,480.34,706.90,433.26,611.05,420.06,548.45,465.21,623.50,496.51,698.43,328.97,662.91,313.10,627.71,403.94,745.59,462.56,813.21,243.44,733.00,218.80,700.40,320.34,809.04,385.07,864.35,171.75,813.51,154.12,791.18,237.08,854.50,298.29,888.63
ND_1fAq474jxLA_frame006454_l.jpg,0,829.07,993.67,852.22,956.97,881.90,925.38,909.00,906.49,927.15,895.16,867.57,923.88,876.60,883.89,885.45,866.38,889.39,850.57,862.04,947.06,911.31,929.81,949.99,922.58,978.68,916.55,866.36,975.46,917.60,960.77,956.95,952.47,986.92,943.14,876.64,1003.96,917.00,991.87,940.84,985.01,961.38,978.46
ND_1fAq474jxLA_frame006454_l.jpg,1,1090.69,628.30,1134.94,631.79,1168.50,654.73,1184.37,684.22,1190.44,710.15,1173.02,651.31,1185.92,690.39,1189.43,712.70,1188.90,730.58,1151.82,652.07,1163.18,705.11,1168.68,733.32,1172.97,755.40,1129.47,654.05,1137.63,706.78,1144.73,726.37,1151.39,738.41,1108.36,656.34,1113.82,692.58,1118.35,699.80,1122.68,701.71
ND_1fAq474jxLA_frame006693_r.jpg,0,828.46,994.42,848.67,956.12,877.45,925.66,905.50,911.18,925.81,911.25,862.49,921.09,867.53,880.82,876.62,867.94,880.56,858.81,858.54,943.66,903.35,924.26,939.15,915.87,964.44,909.22,863.20,972.14,911.51,954.98,949.79,945.51,978.03,935.46,873.63,1000.28,911.07,986.60,935.02,978.27,955.17,969.69
ND_1fAq474jxLA_frame006932_l.jpg,0,1316.17,863.77,1332.78,822.49,1360.53,790.54,1385.28,763.21,1395.59,739.67,1411.44,819.82,1462.95,811.18,1493.42,807.06,1517.07,804.50,1417.75,845.15,1473.97,834.86,1507.59,829.20,1533.21,825.42,1416.53,869.29,1470.01,863.62,1502.31,861.22,1526.22,859.46,1410.10,891.54,1451.00,892.29,1475.54,892.51,1495.22,892.28
ND_1kD4M3B9t68_frame000301_l.jpg,0,131.73,442.80,124.69,414.46,100.73,401.91,76.40,398.99,58.09,395.86,79.78,420.46,44.90,418.39,23.70,416.72,7.70,414.48,78.14,440.25,40.96,439.32,16.23,434.23,-2.35,428.86,80.88,453.63,53.58,445.12,41.78,436.79,33.75,430.25,86.23,461.38,69.86,449.78,65.16,440.99,63.46,434.08
ND_1lre1rD0fZE_frame016501_r.jpg,0,1065.56,549.04,1082.13,565.67,1107.36,576.86,1130.70,579.48,1150.07,579.89,1123.57,571.71,1151.62,581.22,1161.29,586.38,1164.96,587.77,1124.64,566.79,1151.07,576.41,1160.15,582.04,1165.70,584.64,1124.12,564.12,1147.64,572.62,1157.87,577.47,1164.77,579.67,1122.28,564.19,1144.19,570.38,1153.26,575.52,1158.41,578.19
ND_1n988ZbdIwc_frame008373_r.jpg,0,1477.15,729.47,1296.52,722.79,1200.23,625.68,1179.39,535.84,1179.39,478.96,1182.11,478.36,1084.68,413.34,1042.45,399.65,1027.48,404.02,1273.42,426.73,1200.48,312.54,1197.64,349.54,1204.14,390.70,1362.12,408.29,1304.13,315.37,1280.55,356.09,1286.57,392.33,1445.94,414.20,1391.15,348.06,1363.40,378.66,1371.62,415.30
ND_1y30oBpiYK4_frame000751_l.jpg,0,600.92,423.99,598.28,394.86,591.66,371.64,588.79,354.24,587.28,338.46,564.07,384.14,551.83,377.25,555.31,367.86,561.73,360.45,565.90,397.30,557.38,391.33,564.30,378.86,573.50,370.73,574.18,410.60,571.87,404.76,580.04,392.83,588.45,383.94,586.57,422.52,587.93,417.79,594.41,410.05,601.16,403.59
ND_1y30oBpiYK4_frame002501_l.jpg,0,630.55,552.16,610.26,551.20,590.95,554.17,576.90,558.91,566.29,563.00,608.13,556.46,606.95,573.81,605.79,585.44,605.01,596.66,624.14,563.46,617.70,588.07,610.51,596.36,604.47,600.14,636.75,570.31,630.37,595.11,622.52,600.53,615.71,600.55,645.95,576.02,640.28,595.06,632.91,600.71,626.35,602.29
ND_1y30oBpiYK4_frame002501_l.jpg,1,469.42,550.28,489.36,553.12,501.35,563.17,504.73,577.67,503.16,588.55,483.60,561.38,486.43,581.10,490.31,594.14,494.42,606.60,468.28,566.71,474.69,590.68,482.99,606.93,491.14,620.38,456.87,571.93,460.05,592.66,466.57,607.21,474.96,618.58,449.71,575.58,444.42,588.85,446.92,599.35,453.39,608.16
ND_1y30oBpiYK4_frame002751_l.jpg,0,481.88,510.44,476.26,503.92,473.32,501.07,477.45,498.09,480.52,497.93,473.62,537.20,471.18,548.08,477.92,549.58,489.76,548.54,484.67,546.55,486.16,560.87,495.77,562.74,506.49,560.26,495.85,551.49,499.23,565.75,508.90,566.94,519.16,565.21,506.05,552.53,510.09,563.39,517.27,565.60,524.66,564.21
ND_1y30oBpiYK4_frame013251_r.jpg,0,871.69,456.78,900.38,445.29,926.04,443.63,942.72,450.47,951.98,460.21,944.46,439.12,971.02,454.68,970.75,465.02,967.09,470.12,945.64,450.00,972.05,467.90,967.44,474.44,959.48,474.53,942.26,461.98,958.75,478.39,950.65,481.50,942.70,479.53,935.51,473.77,946.01,482.79,939.80,483.48,933.31,481.50
ND_1y30oBpiYK4_frame013251_r.jpg,1,780.07,403.33,788.24,421.73,803.54,430.78,814.96,436.71,824.14,439.52,831.44,420.84,843.17,431.75,842.95,443.06,836.94,447.76,837.63,416.59,855.57,428.93,850.77,441.88,840.91,446.78,842.89,413.39,865.81,421.87,859.82,434.19,848.82,438.85,847.41,411.24,869.34,413.99,868.56,423.84,859.78,430.21
ND_1y30oBpiYK4_frame013501_l.jpg,0,162.98,319.01,232.18,303.85,323.95,296.65,413.93,319.42,485.79,355.70,392.65,188.09,485.22,217.35,533.54,253.85,563.56,288.81,391.47,225.07,477.40,258.79,510.68,298.24,527.75,338.88,383.30,265.57,451.69,294.12,472.72,327.68,487.06,360.10,372.34,304.21,424.32,321.24,441.02,346.96,452.65,370.67
ND_22notxXFw4M_frame007801_r.jpg,0,911.29,182.59,905.80,245.01,871.99,285.22,834.19,300.49,810.61,307.64,820.55,255.47,789.43,313.09,793.43,334.27,799.91,344.53,797.38,230.31,763.26,293.34,773.64,316.24,787.86,325.15,788.79,211.31,772.66,265.91,787.84,281.26,802.49,282.37,790.49,200.24,780.39,241.81,794.20,256.42,809.40,257.50
ND_2AsZewJTyjQ_frame007441_r.jpg,0,1778.26,1632.80,1867.27,1636.64,1923.82,1685.74,1941.27,1748.05,1939.98,1797.02,1946.16,1750.41,2005.61,1845.70,2013.38,1885.00,2012.57,1910.65,1902.66,1788.49,1952.34,1899.47,1962.48,1946.76,1964.54,1976.79,1853.38,1807.34,1858.77,1875.59,1848.46,1859.99,1838.30,1837.57,1807.02,1813.65,1803.21,1855.61,1794.56,1845.95,1787.53,1824.78
ND_2Yg-G5Ar-z4_frame002751_l.jpg,0,422.07,368.98,455.61,368.21,478.96,393.47,491.99,424.55,504.49,447.33,442.65,422.58,460.59,456.86,479.58,467.60,493.98,470.70,429.65,431.01,466.71,445.40,483.50,435.22,486.40,425.01,424.69,432.81,462.29,440.01,474.98,429.60,475.87,421.78,424.85,433.63,455.29,439.12,465.90,430.91,465.67,424.26
ND_2Yg-G5Ar-z4_frame002751_l.jpg,1,642.32,303.84,634.84,318.70,626.58,345.19,611.88,372.01,596.94,390.93,664.54,379.23,633.80,403.44,609.54,412.73,589.44,417.06,653.52,381.36,617.81,390.16,607.63,367.55,605.59,347.44,640.54,378.73,610.03,381.98,604.64,361.63,605.73,344.07,630.81,373.95,609.02,373.74,603.71,359.63,603.50,347.29
ND_2Yg-G5Ar-z4_frame003501_r.jpg,0,790.20,33.52,735.72,60.67,700.71,105.72,676.67,151.32,657.73,188.44,750.30,108.64,733.53,193.63,725.04,240.67,720.32,270.89,799.13,114.76,784.78,210.79,762.16,252.70,743.14,270.19,835.27,120.88,819.14,210.34,792.00,241.67,769.43,252.93,855.22,126.26,837.33,196.47,811.22,219.13,790.07,225.71
ND_2Yg-G5Ar-z4_frame003501_r.jpg,1,238.76,105.11,301.65,71.24,369.74,76.93,421.34,105.93,463.38,122.82,349.28,99.72,424.69,138.44,462.78,158.70,489.81,172.82,328.30,142.50,410.78,186.20,456.31,201.39,486.94,209.19,311.30,176.91,392.89,211.04,425.81,203.01,441.05,190.43,299.77,201.28,367.96,223.16,400.13,213.97,415.28,200.57
ND_2Yg-G5Ar-z4_frame007751_r.jpg,0,429.64,588.34,452.95,599.12,470.43,620.38,483.21,638.93,496.84,649.54,448.85,629.27,448.00,655.47,445.28,671.80,442.14,684.86,431.00,631.94,426.51,660.20,421.53,677.00,416.08,690.07,418.21,632.98,414.27,659.91,409.88,676.32,405.10,689.26,410.55,633.99,408.62,657.56,406.61,671.76,404.18,683.28
ND_2Yg-G5Ar-z4_frame007751_r.jpg,1,699.29,538.93,681.86,539.14,665.30,555.40,650.17,573.19,640.25,586.59,697.45,580.00,678.90,606.68,659.88,612.08,645.89,610.52,705.52,587.79,683.41,613.76,663.20,616.68,648.58,613.49,706.93,592.36,684.94,616.19,666.88,617.89,654.47,614.69,704.25,594.14,686.15,613.24,670.23,616.58,658.62,614.84
ND_2jZlt_JB0CQ_frame001196_l.jpg,0,178.88,742.79,198.33,673.57,194.36,628.95,194.68,601.18,204.96,581.48,114.98,619.64,170.70,575.80,210.45,575.66,235.07,586.91,118.16,643.96,176.78,591.49,212.00,602.52,223.20,619.28,134.92,670.15,179.41,615.30,210.66,620.39,220.02,633.46,157.83,694.37,192.82,656.92,208.32,652.14,208.74,655.02
ND_2jZlt_JB0CQ_frame001196_l.jpg,1,393.81,598.20,396.63,626.36,407.20,653.49,405.04,681.09,402.13,706.72,434.09,616.24,419.41,623.73,393.06,632.62,368.28,641.62,432.03,587.39,407.68,592.98,381.59,601.51,356.39,612.50,423.20,563.79,408.74,559.66,384.72,564.59,360.49,573.97,411.69,543.04,421.00,523.61,413.31,520.70,397.51,527.52
ND_2ue7tmgxWCE_frame003001_l.jpg,0,1049.88,343.08,1014.83,362.38,994.51,389.58,978.01,415.21,961.15,432.48,1037.31,415.54,1037.53,456.28,1039.92,484.37,1042.33,508.38,1066.40,416.62,1083.10,461.93,1091.14,491.18,1097.47,514.81,1087.18,412.58,1104.76,453.48,1111.66,481.17,1117.03,503.08,1098.66,405.68,1115.63,437.29,1125.42,458.06,1133.00,475.45
ND_2ue7tmgxWCE_frame003001_l.jpg,1,465.32,11.93,501.03,24.92,529.14,54.25,547.49,86.54,559.48,111.11,478.23,84.38,491.65,133.35,502.93,150.51,509.93,156.38,453.52,90.37,470.02,140.56,484.06,158.90,495.33,166.78,440.58,92.36,458.99,132.62,474.74,146.65,487.25,152.79,436.15,91.84,452.93,118.99,467.04,128.87,478.57,133.21
ND_2ue7tmgxWCE_frame011401_l.jpg,0,587.14,214.03,617.92,236.73,628.20,269.97,627.72,299.16,623.60,318.53,574.14,302.41,583.72,339.82,607.50,327.40,613.97,305.88,558.16,305.78,575.00,348.06,602.86,330.16,605.83,306.59,544.57,307.05,562.93,351.20,588.75,332.31,588.59,307.89,533.62,305.45,546.86,349.31,570.03,341.22,576.69,319.04
ND_2ue7tmgxWCE_frame021001_l.jpg,0,918.09,536.10,909.98,477.72,871.76,448.56,829.25,453.98,803.23,474.12,863.37,417.81,794.44,444.42,767.67,475.40,755.70,498.38,843.58,432.84,781.34,469.64,765.51,500.25,758.37,521.83,825.45,455.87,774.32,494.74,763.77,520.52,757.73,539.48,810.55,487.19,778.35,518.53,769.79,537.15,763.32,552.86
ND_2ue7tmgxWCE_frame021901_r.jpg,0,908.21,565.43,921.61,487.78,897.44,421.22,880.27,376.80,871.31,357.12,792.14,457.48,797.97,392.07,831.50,368.71,858.71,359.82,780.47,498.99,791.05,427.24,831.39,403.77,862.78,395.60,789.11,533.55,796.13,471.55,829.10,446.21,859.60,435.93,807.03,558.81,812.02,512.36,834.13,489.67,856.53,478.64
ND_2ue7tmgxWCE_frame033301_l.jpg,0,328.26,103.27,384.97,91.81,457.13,104.60,513.80,130.60,558.58,154.83,498.60,66.90,554.07,88.21,566.48,116.04,561.99,137.74,486.15,98.79,543.13,122.83,558.27,152.39,564.74,177.43,469.65,127.25,518.80,147.77,538.77,171.47,541.14,194.21,449.48,154.53,489.82,167.48,510.09,181.32,519.81,196.71
ND_2ue7tmgxWCE_frame034201_r.jpg,0,315.99,521.62,283.33,423.12,305.86,336.93,335.88,272.23,343.49,218.50,425.28,362.03,500.26,300.69,551.07,262.97,593.80,234.46,462.81,409.99,555.04,359.21,616.63,323.43,665.70,299.07,480.42,456.88,571.95,419.04,628.75,391.03,674.51,368.78,482.73,498.02,562.39,481.51,613.97,471.92,659.23,461.82
ND_3-tEjTl7Lzk_frame003001_l.jpg,0,353.11,516.91,376.11,535.39,386.02,558.05,384.97,577.65,380.20,592.22,388.62,563.38,389.87,597.45,384.57,611.71,378.87,620.56,373.03,563.22,372.15,596.09,367.80,611.58,363.32,620.75,357.12,562.32,354.96,590.97,352.85,604.69,351.37,612.82,343.05,561.06,341.71,584.16,341.93,594.98,342.12,602.00
ND_306wcl_ZdIs_frame002391_r.jpg,0,434.20,500.07,454.86,458.67,487.46,440.15,511.00,432.96,523.09,426.23,525.28,477.10,540.55,442.40,524.19,433.27,514.80,436.94,528.35,496.96,550.43,462.54,534.04,452.93,521.55,456.31,521.93,508.17,544.41,479.75,531.51,468.80,519.01,470.94,512.54,511.10,529.57,489.51,522.39,480.49,513.97,482.22
ND_321FfAhcQfs_frame002991_l.jpg,0,325.89,230.53,314.65,217.96,301.72,209.82,290.59,206.87,282.36,208.18,299.78,206.47,280.42,202.46,271.03,203.93,264.97,205.85,300.32,214.21,279.23,209.05,271.49,209.69,267.34,210.97,300.67,223.96,281.05,221.74,282.79,224.26,287.99,226.24,300.42,234.52,284.19,233.26,285.25,233.92,289.64,234.72
ND_3MIx2xsfays_frame002501_l.jpg,0,2155.62,1503.63,2157.50,1361.67,2068.60,1235.34,1979.02,1155.34,1905.34,1091.82,1945.46,1371.14,1773.31,1337.30,1699.02,1282.93,1659.43,1236.53,1913.15,1455.21,1744.98,1403.07,1707.03,1331.21,1718.68,1281.54,1899.61,1501.41,1755.43,1442.22,1726.55,1375.40,1731.39,1331.42,1895.68,1515.79,1780.99,1461.47,1752.83,1409.05,1748.77,1370.41
ND_3Pyo3m3Ib3M_frame007501_l.jpg,0,1083.02,348.75,1030.25,302.61,962.69,286.57,910.35,313.14,878.58,345.72,981.94,266.09,895.71,292.22,857.98,330.74,842.18,360.03,1006.84,309.69,911.11,328.46,860.61,360.93,841.73,384.32,1022.46,359.53,929.51,375.29,879.03,396.14,859.07,410.21,1032.48,412.44,950.62,432.62,914.51,435.24,900.73,431.77
ND_3Pyo3m3Ib3M_frame007501_l.jpg,1,559.71,444.83,567.17,408.49,567.18,389.41,582.83,395.10,600.94,413.44,508.76,397.37,534.40,389.51,565.31,398.66,584.50,412.15,499.33,433.29,551.47,434.53,581.14,435.85,589.18,436.76,506.80,466.10,556.35,465.73,581.07,462.55,582.24,459.56,519.79,493.80,557.77,491.12,577.34,485.42,580.27,480.62
ND_3Pyo3m3Ib3M_frame023501_r.jpg,0,1074.50,728.74,1043.50,716.93,1022.92,699.09,1006.75,686.32,989.31,678.22,1037.12,672.66,1026.09,648.50,1013.10,639.94,1000.24,634.30,1048.19,674.97,1046.75,645.85,1039.46,629.76,1031.73,615.50,1059.82,684.85,1060.69,659.09,1056.81,643.16,1052.11,627.96,1071.53,701.52,1080.25,687.38,1080.93,677.18,1080.64,666.42
ND_3Pyo3m3Ib3M_frame023501_r.jpg,1,808.80,626.33,795.39,623.59,789.00,612.63,796.46,600.51,807.07,591.18,791.08,580.29,787.11,559.62,785.69,550.29,784.15,540.88,804.55,575.38,802.95,556.86,803.32,546.71,804.05,539.39,817.46,577.77,821.40,560.01,824.90,553.79,827.28,551.79,828.54,584.64,832.66,571.90,834.88,567.91,836.14,566.98
ND_3ey3cr5iCIs_frame021828_l.jpg,0,1077.27,482.95,1070.44,438.53,1049.50,403.21,1022.70,380.36,998.32,369.11,994.84,404.32,944.17,406.08,914.72,409.36,892.79,412.53,984.92,431.49,934.51,430.95,901.67,433.49,876.62,437.13,981.14,462.21,935.34,458.83,903.61,457.68,879.20,456.20,980.62,494.59,943.49,489.59,921.32,486.18,903.74,482.07
ND_41Glwpi3-Xc_frame003601_l.jpg,0,400.52,761.57,477.66,708.05,521.81,624.44,555.24,555.29,596.15,517.73,464.29,592.05,455.56,467.68,448.47,394.78,444.23,339.82,391.76,599.36,363.66,457.37,353.61,373.42,348.58,310.25,334.19,606.37,311.27,479.22,315.87,403.64,322.83,350.07,297.18,615.75,289.43,508.37,298.59,452.63,310.63,413.42
ND_47_XQJhKK9o_frame000898_r.jpg,0,705.32,1807.72,606.64,1564.54,644.62,1349.26,711.44,1206.87,722.69,1131.05,937.26,1374.59,867.97,1150.44,789.31,1094.26,742.50,1075.05,1058.95,1421.40,1019.20,1181.36,910.35,1142.94,829.15,1155.61,1109.31,1476.41,1075.79,1262.99,978.74,1217.90,906.40,1232.17,1108.31,1526.13,1078.52,1367.25,998.51,1317.54,931.73,1319.26
ND_4iGS873sCno_frame000001_l.jpg,0,577.00,684.18,550.57,678.12,515.41,687.05,485.12,691.22,462.42,688.22,544.70,687.12,532.30,691.43,522.48,691.22,513.20,691.17,561.48,699.46,546.07,710.89,536.77,713.73,531.30,715.61,574.85,711.33,562.76,725.20,558.45,726.13,558.37,726.45,585.87,720.54,576.43,734.87,574.54,737.03,576.32,737.39
ND_4iGS873sCno_frame021230_r.jpg,0,680.93,514.74,674.81,529.20,671.26,549.09,669.37,565.69,668.53,577.74,678.22,558.07,676.98,577.48,674.59,587.45,671.94,593.86,681.19,557.35,680.36,575.66,677.63,585.97,674.71,592.65,682.18,555.68,681.00,572.71,678.86,582.63,675.92,589.87,681.49,553.69,680.14,568.34,677.91,576.88,674.57,583.06
ND_4iGS873sCno_frame021230_r.jpg,1,539.28,223.55,562.40,218.80,589.37,225.60,609.30,232.85,624.94,230.07,576.97,237.60,583.22,259.42,587.05,266.68,590.07,269.86,561.84,246.97,572.55,275.32,580.08,282.75,585.23,284.75,549.31,254.41,564.59,278.86,570.96,278.18,573.88,272.88,540.02,260.39,551.99,279.57,555.78,277.00,556.30,271.29
ND_4l22-sl19H4_frame000300_r.jpg,0,194.45,524.25,240.66,517.94,271.60,529.28,287.07,552.21,285.48,569.72,273.13,542.68,295.80,553.17,312.39,561.82,327.09,568.68,264.71,555.69,285.26,570.74,298.62,577.47,307.67,579.26,253.41,567.21,272.68,583.67,287.02,588.67,295.23,586.23,238.67,578.87,253.48,596.04,264.85,599.17,272.41,593.80
ND_4xKGfdtb35A_frame008751_r.jpg,0,996.75,32.68,946.12,24.72,891.09,35.62,849.95,51.04,818.97,68.03,880.32,21.71,825.62,23.03,792.11,35.67,764.71,49.59,895.17,37.33,842.44,46.17,808.55,74.44,786.41,101.68,918.34,60.27,873.87,78.96,845.63,103.81,824.99,124.38,946.37,85.40,921.67,108.55,905.95,131.07,892.02,151.12
ND_4zpQMLhotBA_frame009601_l.jpg,0,659.98,596.40,663.19,621.79,643.15,638.58,616.30,649.44,605.33,659.27,575.23,610.26,538.10,674.92,527.48,718.35,523.86,750.76,548.92,613.04,512.97,679.66,511.78,720.80,518.96,751.09,533.50,622.78,503.75,685.60,503.93,723.24,509.96,752.47,527.95,636.30,504.51,685.00,503.27,717.79,506.15,742.69
ND_4zpQMLhotBA_frame009601_l.jpg,1,1277.58,610.05,1224.13,633.08,1183.94,675.81,1166.04,715.45,1144.88,743.39,1215.21,679.41,1221.08,725.96,1223.82,755.01,1223.83,780.27,1243.45,684.40,1252.00,735.53,1255.92,770.04,1256.88,798.91,1266.39,688.29,1275.21,736.67,1279.69,770.05,1281.71,798.60,1283.88,689.65,1296.56,731.52,1302.74,757.47,1307.43,781.11
ND_4zpQMLhotBA_frame010801_l.jpg,0,1444.44,233.61,1394.77,228.36,1357.94,225.19,1341.02,236.30,1339.09,249.26,1378.34,135.17,1344.14,173.32,1339.09,224.15,1342.88,260.42,1424.46,134.71,1391.10,170.84,1373.43,230.77,1369.16,275.41,1466.75,150.07,1438.67,183.56,1417.57,239.57,1409.44,278.34,1503.00,174.48,1481.98,205.88,1460.46,241.60,1448.00,264.70
ND_5-CHNb4RBzg_frame000599_l.jpg,0,450.02,994.87,433.38,917.41,428.83,859.59,407.12,809.19,384.55,760.64,597.21,847.59,551.68,783.24,479.16,778.30,412.70,779.15,612.35,897.65,561.82,840.21,475.23,816.57,392.82,807.06,601.14,957.48,615.25,922.92,580.85,901.27,531.79,892.87,573.24,1014.60,604.73,1045.73,603.90,1039.70,590.48,1027.46
ND_5NUoDswdnqI_frame000301_l.jpg,0,354.81,234.21,310.87,241.13,279.76,270.35,270.73,304.55,269.98,333.45,300.85,253.27,283.20,311.05,277.27,345.90,273.33,369.56,339.84,259.91,324.83,331.82,308.21,366.87,295.87,384.15,371.16,269.87,352.04,340.96,331.79,349.94,321.22,341.07,393.67,280.04,375.75,338.02,355.60,345.23,343.49,336.01
ND_5NoNXynn5Bw_frame011363_r.jpg,0,744.39,355.43,717.29,368.44,699.10,388.74,694.25,412.54,694.28,430.25,688.79,379.01,678.92,415.38,680.40,439.04,683.92,456.53,706.68,373.10,697.99,409.39,701.30,436.58,706.30,455.27,727.88,372.34,721.57,407.02,722.63,433.16,724.38,450.87,749.32,376.82,743.72,405.97,741.11,426.59,739.07,442.49
ND_5NoNXynn5Bw_frame011363_r.jpg,1,522.14,512.11,525.51,503.11,524.41,499.30,518.92,502.88,510.43,506.68,487.53,498.79,476.98,496.71,472.86,505.79,472.31,517.87,477.46,510.89,458.74,506.52,451.72,513.18,450.40,521.05,473.82,522.53,456.76,521.91,451.13,528.28,450.75,535.75,476.32,533.37,465.22,536.50,461.82,542.37,462.93,548.83
ND_5NoNXynn5Bw_frame012559_r.jpg,0,587.92,399.49,595.75,388.58,588.38,373.64,562.82,361.80,543.65,357.27,585.35,350.90,574.92,361.98,576.87,378.56,578.65,376.13,575.86,351.57,563.09,366.61,567.87,384.74,573.00,382.77,567.40,352.42,554.56,364.93,560.78,382.24,568.29,382.88,558.72,353.65,548.14,362.36,550.57,374.61,555.36,375.65
ND_5NoNXynn5Bw_frame020632_l.jpg,0,544.09,506.23,571.81,505.74,591.51,527.18,596.51,553.86,595.22,573.20,562.80,541.20,567.96,583.95,574.78,604.81,583.12,619.94,543.30,553.34,567.59,584.61,580.74,577.38,583.75,567.70,533.51,560.92,558.79,585.18,569.39,577.68,569.52,567.05,530.16,566.37,550.58,584.37,559.46,579.27,559.55,570.44
ND_5ST7PNK212E_frame000721_r.jpg,0,207.50,490.54,292.37,442.58,394.24,464.13,467.28,518.66,530.01,548.45,347.49,509.72,430.87,610.09,481.91,634.63,504.75,631.87,312.74,566.98,412.50,666.18,463.86,668.36,481.10,642.76,293.88,609.90,395.38,682.86,439.03,675.31,454.79,651.81,285.38,637.73,369.18,678.36,411.84,670.65,434.73,650.47
ND_5ST7PNK212E_frame000961_r.jpg,0,364.36,736.02,349.89,649.75,364.04,567.52,388.49,505.66,426.50,469.92,447.98,682.92,525.34,661.96,583.25,643.20,630.74,629.76,483.92,743.00,588.59,747.43,660.77,740.34,719.02,734.36,509.00,771.91,606.51,760.33,675.92,747.51,732.20,736.18,525.02,772.11,604.69,754.27,657.22,739.45,699.80,727.45
ND_5ST7PNK212E_frame021121_l.jpg,0,320.47,566.75,338.28,465.45,368.87,377.39,420.79,327.20,470.78,306.97,307.47,340.85,419.55,292.89,501.05,298.23,559.28,310.35,310.51,399.13,443.07,343.94,535.46,334.83,597.92,336.54,332.19,460.38,453.20,406.75,517.41,396.70,554.10,395.24,367.32,516.59,456.33,470.30,500.79,451.59,530.33,441.81
ND_5ST7PNK212E_frame021121_l.jpg,1,775.72,513.21,777.26,450.35,800.02,385.99,814.27,329.00,814.46,271.63,934.22,387.07,1003.05,352.29,1042.08,331.18,1071.82,318.16,955.43,438.58,1031.36,423.70,1066.83,409.97,1090.75,400.25,950.52,490.74,1020.90,490.76,1052.12,476.68,1075.07,462.20,924.79,540.53,955.56,563.80,977.25,571.66,998.67,573.79
ND_5d0i8NS9KvQ_frame003290_l.jpg,0,250.66,583.46,308.44,655.01,405.28,670.84,491.77,641.28,554.71,613.06,377.81,582.18,510.55,559.76,589.38,553.73,649.14,549.14,366.27,518.47,506.63,502.87,590.99,500.97,652.66,501.92,367.98,478.29,486.37,459.31,565.51,454.53,627.01,452.05,376.33,458.34,466.16,444.33,521.68,440.11,570.71,436.00
ND_5hDWXOXdxVg_frame003589_l.jpg,0,1165.59,385.07,1106.25,369.77,1053.19,309.23,1019.65,259.04,1000.95,214.24,1110.56,214.65,1093.81,148.50,1067.25,111.54,1045.74,87.54,1146.32,202.59,1128.30,126.81,1096.46,88.66,1068.69,60.82,1180.88,200.44,1165.15,121.45,1131.00,88.63,1102.11,66.77,1215.65,207.01,1207.19,141.53,1183.09,112.88,1157.30,95.36
ND_5j5kR-CE_bk_frame000300_l.jpg,0,749.62,571.88,719.31,585.54,704.67,622.57,695.88,658.64,685.25,688.43,748.44,656.75,745.26,708.41,721.43,717.93,704.32,709.81,763.11,658.69,757.69,713.30,731.18,722.65,712.49,716.12,768.94,657.88,761.14,707.10,736.58,715.89,719.14,712.13,767.60,655.84,760.10,696.86,740.80,707.99,725.88,707.05
ND_5maf47_pK6c_frame036479_r.jpg,0,865.67,120.54,895.26,207.47,865.82,275.92,808.44,313.25,774.99,339.70,778.93,272.21,734.17,326.82,723.78,347.88,716.86,361.41,742.71,233.97,714.14,295.25,735.71,304.17,756.91,293.87,724.08,197.31,708.57,253.32,733.35,258.94,750.97,248.00,714.27,165.79,705.54,209.17,725.26,220.89,741.41,215.63
ND_5maf47_pK6c_frame049934_r.jpg,0,996.89,523.96,1008.32,572.08,992.81,606.95,954.40,628.36,927.14,646.43,924.29,543.71,879.73,575.47,867.06,611.59,867.05,641.36,894.06,536.19,835.83,568.14,817.67,606.60,818.73,636.36,879.58,541.90,828.54,574.98,810.21,607.35,806.64,633.01,875.70,555.58,837.34,581.32,819.64,605.51,811.88,627.85
ND_5maf47_pK6c_frame050233_r.jpg,0,972.70,471.56,939.79,443.48,893.25,434.42,851.56,450.60,821.58,472.20,844.81,416.58,790.37,421.92,781.65,450.40,786.52,477.57,842.97,445.31,790.89,450.86,784.36,473.87,791.60,494.18,846.12,472.02,801.13,477.80,793.60,493.31,798.51,507.71,854.70,494.60,819.41,501.74,807.21,510.98,804.40,519.76
ND_5maf47_pK6c_frame050532_r.jpg,0,1043.41,428.68,1021.21,460.57,987.62,476.77,948.90,483.62,923.61,490.78,977.59,403.08,932.51,434.85,919.89,466.55,915.00,492.43,957.55,391.07,906.86,425.68,892.10,465.19,889.07,495.29,942.13,390.75,891.01,417.97,875.65,452.28,871.99,480.68,932.12,398.65,889.51,416.49,874.24,438.79,867.35,458.70
ND_63h8xKFNUi0_frame004486_l.jpg,0,350.38,193.44,335.74,195.41,319.12,193.06,306.05,193.83,296.65,197.97,321.58,169.56,304.54,164.51,292.63,166.47,283.66,171.40,325.39,166.46,309.27,160.22,296.21,161.99,286.63,167.15,329.02,166.23,314.65,158.75,301.86,159.88,292.30,163.47,332.27,168.49,320.58,162.38,310.44,160.90,301.60,161.90
ND_67lwx0sDaPY_frame004064_l.jpg,0,1277.41,308.22,1146.04,312.90,1055.93,366.54,1020.86,428.25,1006.46,476.30,1047.31,447.92,972.11,533.17,930.31,563.76,900.86,585.53,1099.58,492.53,1014.10,581.88,969.36,608.78,936.98,624.34,1162.38,520.20,1078.44,606.30,1026.86,631.62,987.97,644.37,1232.15,535.86,1175.53,606.71,1132.94,635.97,1096.49,654.38
ND_6EtPj2ADssk_frame001196_l.jpg,0,643.03,633.21,633.13,590.06,595.81,552.42,550.12,544.32,519.60,554.93,612.02,535.83,547.40,537.86,551.92,555.51,566.55,560.61,606.65,559.12,537.95,566.40,549.79,579.01,567.90,579.44,598.29,585.74,536.05,591.29,550.20,601.87,568.84,601.26,588.28,613.18,542.31,615.42,554.14,623.91,570.28,624.57
ND_6EtPj2ADssk_frame001196_l.jpg,1,389.84,713.97,416.62,688.58,426.35,658.00,426.69,634.01,435.03,610.36,377.88,639.56,419.20,657.59,430.25,671.47,428.47,675.59,357.55,660.32,411.10,682.55,420.02,689.08,415.51,688.12,346.98,684.67,394.85,703.03,402.10,706.71,396.62,704.91,341.95,709.95,376.60,722.07,382.65,726.55,377.11,728.09
ND_6IdsAKDNB4s_frame000599_l.jpg,0,823.39,702.54,846.51,710.92,867.20,719.61,871.29,733.52,863.34,746.73,845.16,696.56,833.16,717.55,829.70,735.18,827.59,748.58,820.82,695.65,810.47,723.26,810.42,740.45,811.76,748.09,801.55,700.13,791.62,726.44,792.90,741.70,796.59,747.30,788.01,708.01,777.21,725.53,776.60,738.88,780.18,745.58
ND_6IdsAKDNB4s_frame000898_r.jpg,0,827.09,694.96,849.99,705.33,866.72,716.56,870.51,732.07,863.28,745.56,841.56,699.29,831.33,720.85,826.91,736.47,823.40,749.77,817.92,696.63,807.83,717.75,807.02,736.25,807.95,748.55,800.04,699.54,789.01,719.41,787.81,737.42,790.19,747.93,788.21,705.79,775.16,720.34,773.04,734.03,775.32,743.33
ND_6dSrSRVIKVM_frame004486_r.jpg,0,819.29,620.17,747.21,607.94,711.14,573.18,709.25,531.55,712.59,510.33,674.73,494.58,701.99,469.56,725.39,489.46,736.00,511.26,714.31,462.20,742.90,453.63,759.42,479.11,766.74,500.43,760.48,448.44,783.65,450.60,796.76,477.12,802.23,500.94,805.65,444.22,823.42,456.32,831.13,480.51,832.70,500.60
ND_6r2XbLF9A-c_frame004194_l.jpg,0,719.90,218.79,759.50,200.45,807.53,205.62,841.28,233.20,860.40,260.83,818.84,176.58,871.44,213.00,903.10,243.46,924.86,269.31,806.80,194.03,870.53,222.53,905.22,252.64,927.51,280.37,790.93,221.46,849.24,248.29,881.40,275.93,902.82,299.43,773.64,255.50,811.97,286.76,834.09,309.36,850.41,328.58
ND_6r2XbLF9A-c_frame005991_l.jpg,0,847.33,710.97,878.42,690.51,911.95,683.48,941.05,686.17,955.35,693.74,895.53,675.71,927.68,669.93,946.33,669.28,961.82,671.17,886.67,696.32,935.02,715.88,926.36,714.59,909.37,709.27,878.38,718.29,923.56,734.63,914.24,733.09,899.28,729.27,869.62,736.66,898.08,752.51,908.68,761.45,916.20,768.79
ND_6r2XbLF9A-c_frame008986_l.jpg,0,1057.82,677.18,1048.78,643.86,1031.65,620.14,1017.15,596.00,1008.05,577.47,997.85,673.89,950.31,682.88,926.93,669.38,915.29,652.15,991.60,690.36,939.16,699.28,909.14,685.23,893.93,667.53,986.43,696.30,939.90,702.00,913.53,688.24,899.34,672.16,982.66,695.26,947.41,695.94,927.06,685.20,915.22,672.35
ND_6r2XbLF9A-c_frame011981_r.jpg,0,774.46,400.83,813.82,391.64,853.63,397.20,879.65,416.13,898.98,434.50,817.53,411.18,851.90,453.00,874.39,481.24,890.15,501.35,782.55,427.98,795.41,469.40,811.26,502.44,823.64,526.39,756.04,441.71,764.35,481.28,784.09,516.16,797.65,540.51,738.16,453.56,740.78,490.87,749.38,515.25,756.41,531.23
ND_6r2XbLF9A-c_frame013179_r.jpg,0,1104.53,739.54,1066.72,721.65,1027.46,713.93,997.15,708.90,977.03,704.36,1050.90,732.50,1038.03,747.07,1025.08,756.72,1007.33,765.85,1057.64,753.32,1045.25,769.67,1026.19,778.54,1005.87,785.88,1059.56,773.69,1042.12,796.28,1020.12,805.84,998.69,814.54,1057.80,791.87,1036.38,811.94,1018.80,824.25,1001.39,832.41
ND_6r2XbLF9A-c_frame014377_r.jpg,0,823.90,847.60,873.56,842.73,911.30,868.41,928.29,904.21,939.85,927.57,868.14,888.36,902.74,931.29,927.63,946.67,947.73,953.41,846.25,909.02,887.17,960.73,917.47,977.70,941.04,983.83,836.63,923.46,878.18,965.79,907.33,975.23,928.68,976.40,836.89,931.19,871.94,962.25,895.50,967.66,912.57,964.48
ND_6r2XbLF9A-c_frame014976_r.jpg,0,1042.06,755.45,1015.27,772.69,999.87,803.01,984.00,828.09,968.92,845.33,1046.43,834.61,1013.95,856.14,990.01,855.72,973.87,849.38,1050.46,841.21,1022.22,873.34,1001.83,868.04,990.30,856.98,1046.85,841.99,1022.67,867.91,1004.25,860.84,994.50,850.46,1040.06,841.26,1024.17,858.78,1009.65,854.85,1000.16,848.21
ND_6r2XbLF9A-c_frame014976_r.jpg,1,853.52,732.46,867.20,749.41,868.27,777.42,869.62,800.60,871.81,814.58,849.99,809.65,840.73,841.45,858.71,833.21,872.49,818.71,848.49,813.88,844.38,850.12,867.54,839.93,876.96,823.46,847.32,813.72,846.62,847.45,868.81,839.02,879.04,824.53,844.91,809.30,848.96,833.30,866.34,831.13,876.67,821.40
ND_6xXnuZaeBxg_frame002751_r.jpg,0,866.58,53.20,815.14,46.77,767.68,79.71,736.31,121.88,710.70,152.24,796.82,87.40,750.21,145.74,724.80,166.98,708.76,172.20,828.97,112.48,781.96,177.30,749.28,197.72,728.85,198.51,853.72,133.19,810.52,192.39,778.43,205.42,757.59,202.11,868.42,147.50,837.47,196.56,811.37,208.62,791.84,206.38
ND_6xXnuZaeBxg_frame002751_r.jpg,1,526.02,34.88,586.08,37.66,622.22,80.41,637.89,132.51,649.27,173.04,560.72,122.86,606.41,188.06,641.05,200.68,667.19,199.05,525.88,136.49,570.22,207.59,609.05,214.18,635.58,204.63,507.72,139.27,552.70,196.48,589.54,201.19,611.92,193.12,500.41,136.15,538.62,172.90,572.05,178.89,593.89,174.99
ND_73kCoVnL4ac_frame004801_r.jpg,0,455.80,698.24,418.46,662.00,405.27,623.46,392.33,590.96,374.82,569.58,470.63,585.99,474.17,535.51,478.00,505.94,482.57,483.65,500.26,596.21,514.45,538.40,522.42,502.60,529.63,478.26,521.70,614.68,545.51,562.17,562.04,529.08,575.29,503.84,535.28,637.97,565.17,606.75,585.27,586.95,602.02,569.74
ND_73kCoVnL4ac_frame026701_l.jpg,0,916.51,480.92,919.51,309.57,806.40,180.60,674.95,111.85,576.83,80.08,770.39,202.99,629.10,130.92,578.23,84.30,551.11,54.04,703.10,290.23,583.22,196.02,609.93,181.11,659.18,203.13,656.84,370.89,587.59,271.49,619.62,261.58,655.37,282.41,622.39,434.96,595.37,343.65,628.93,338.69,653.63,356.80
ND_73kCoVnL4ac_frame031801_r.jpg,0,146.92,693.46,121.00,655.31,115.08,595.72,121.35,546.60,134.09,512.76,111.92,601.31,79.47,553.73,89.02,532.90,104.53,527.90,141.64,610.77,146.25,576.31,154.73,575.82,156.13,584.11,172.09,629.36,183.95,611.54,188.61,615.63,184.71,621.95,200.37,652.21,212.84,638.63,212.89,641.44,207.82,646.90
ND_74extqgChkA_frame000721_r.jpg,0,282.09,146.83,330.23,111.33,391.21,80.27,456.49,66.97,507.08,72.83,430.87,37.59,492.64,24.93,509.60,50.96,499.52,83.51,439.59,76.12,507.48,75.84,506.02,105.85,483.22,130.95,444.78,117.12,503.02,119.11,498.36,143.05,471.83,158.33,447.07,151.15,491.38,149.21,484.99,162.01,462.11,171.75
ND_74extqgChkA_frame000961_r.jpg,0,56.56,462.95,89.09,395.79,147.06,383.49,193.87,404.75,222.09,439.26,185.37,360.70,267.95,356.11,317.12,365.10,350.92,371.14,209.73,398.25,296.67,412.75,297.28,441.03,277.23,455.33,216.02,444.98,246.84,495.54,217.61,509.03,190.30,503.34,209.99,493.92,198.25,535.07,173.39,539.93,154.00,528.53
ND_784sK2vadfw_frame003001_l.jpg,0,471.18,175.28,429.36,177.65,391.98,197.11,360.56,218.28,336.21,238.70,433.50,253.99,422.00,299.43,415.71,326.57,412.23,346.49,463.42,263.32,458.20,311.31,451.84,340.67,447.30,363.46,487.71,263.77,485.00,305.99,481.03,331.34,477.73,351.77,504.44,258.66,504.93,293.86,503.67,315.12,501.71,331.63
ND_7DY_agzeyn4_frame007775_r.jpg,0,1646.13,440.88,1542.63,361.59,1487.58,250.54,1462.18,169.64,1442.63,87.55,1615.90,138.58,1484.28,197.41,1400.85,277.15,1355.27,329.26,1684.07,183.05,1515.06,275.49,1485.14,360.52,1504.63,388.05,1729.33,253.53,1568.07,346.53,1541.03,409.64,1558.30,414.17,1755.63,330.51,1628.30,397.67,1598.07,438.22,1611.31,433.94
ND_7PNs9dNO3tU_frame004187_r.jpg,0,658.37,420.21,662.86,389.09,684.48,371.41,709.08,364.32,728.19,358.79,715.77,382.96,749.56,372.27,747.96,370.25,740.26,373.19,721.80,401.79,757.19,388.52,767.39,383.39,771.06,381.84,721.71,418.96,759.06,407.10,778.04,400.17,791.34,395.54,718.15,434.62,747.74,433.99,765.90,433.46,780.48,432.76
ND_7PNs9dNO3tU_frame004187_r.jpg,1,872.90,476.35,889.79,495.87,917.90,507.24,938.40,516.48,955.94,525.92,936.36,481.69,960.46,481.90,974.69,481.73,985.55,480.19,932.48,477.08,953.01,477.14,967.41,479.65,978.10,482.52,928.44,476.36,946.87,477.29,959.12,480.75,970.07,485.22,925.06,479.32,941.92,482.39,952.41,485.66,960.86,488.98
ND_7Rn1xsOPowg_frame000001_r.jpg,0,288.73,71.05,274.60,117.71,281.23,153.84,285.98,180.68,289.38,201.71,351.33,158.60,320.18,206.78,300.61,231.99,288.44,250.29,356.93,154.38,309.18,204.50,278.90,183.60,272.10,164.87,350.62,148.01,304.17,191.71,279.35,173.55,276.69,156.50,335.70,140.29,314.67,174.04,299.26,175.71,295.20,172.44
ND_7buWIULbjis_frame003825_r.jpg,0,506.09,630.84,476.11,640.68,481.45,604.69,530.69,573.13,588.30,542.74,452.30,493.37,530.46,445.71,561.39,496.59,563.94,549.33,505.78,470.13,601.15,436.29,639.85,509.08,650.14,566.57,560.17,464.42,645.57,438.90,679.56,508.52,688.16,567.89,605.13,469.44,668.96,454.56,693.85,500.37,699.51,542.32
ND_7jOlCH5nc3g_frame001251_l.jpg,0,625.07,30.67,636.04,90.41,693.66,183.99,744.95,299.76,783.77,398.10,897.79,131.84,928.95,299.50,890.22,384.63,833.19,432.10,881.65,169.86,881.53,331.83,816.69,398.33,745.36,425.78,846.10,201.22,831.05,344.96,776.57,397.08,720.68,416.34,809.59,220.87,787.19,325.54,743.63,365.78,698.24,382.95
ND_7jOlCH5nc3g_frame001251_l.jpg,1,131.76,619.41,267.62,506.41,421.62,497.51,547.65,502.71,623.23,491.16,498.71,687.37,676.67,666.03,693.66,580.85,669.03,522.27,471.37,741.94,621.31,684.88,637.06,596.84,617.05,532.78,435.95,754.31,551.25,681.96,563.75,610.08,544.11,554.33,407.52,747.78,491.15,686.94,508.06,632.13,496.84,585.06
ND_7jOlCH5nc3g_frame008251_l.jpg,0,946.25,392.54,969.55,370.32,975.61,343.17,975.62,320.22,981.09,307.54,946.76,316.60,950.67,299.28,955.44,304.10,956.90,310.80,929.07,321.01,932.79,312.93,940.30,319.04,944.55,326.49,916.22,332.43,921.71,327.45,930.52,333.30,935.20,340.60,906.29,344.49,909.82,341.79,917.03,346.22,921.33,351.71
ND_7la9mZttnOs_frame000898_l.jpg,0,611.39,215.92,695.14,216.84,787.43,216.53,874.20,242.72,954.28,276.20,898.08,181.71,1016.42,213.01,1092.92,234.07,1156.89,250.14,888.73,199.62,1015.49,226.30,1088.02,242.98,1152.22,254.89,864.18,218.77,947.04,262.38,949.69,284.78,948.24,299.58,832.83,238.87,899.14,263.97,928.89,280.23,951.50,291.27
ND_7wwZuka0f_c_frame000251_l.jpg,0,739.68,851.86,775.71,855.47,812.81,868.65,834.97,888.05,845.80,893.41,795.22,847.83,818.13,893.04,826.88,915.30,827.74,924.97,767.30,855.12,800.98,907.04,814.70,925.25,816.93,929.90,744.35,868.48,778.54,920.29,795.27,933.88,801.85,933.60,726.10,885.55,755.46,925.21,772.37,933.45,781.53,930.93
ND_7wwZuka0f_c_frame000251_l.jpg,1,1171.32,574.44,1149.63,592.95,1134.88,602.92,1134.78,622.94,1146.93,638.69,1138.10,546.38,1126.98,560.42,1125.67,584.84,1126.89,606.62,1164.98,537.92,1169.68,572.91,1173.96,604.43,1175.58,627.92,1190.18,540.14,1197.55,576.51,1200.42,608.34,1200.95,633.14,1211.02,548.09,1221.06,565.78,1227.60,589.49,1231.96,612.67
ND_7wwZuka0f_c_frame011501_r.jpg,0,905.10,671.15,923.70,643.58,949.00,627.59,972.56,623.46,989.66,630.08,936.29,641.94,981.45,644.12,971.73,642.00,957.41,641.90,934.42,662.55,981.16,660.08,972.63,658.10,957.62,658.93,936.12,681.23,979.14,675.35,969.96,673.54,955.31,674.14,939.27,696.26,971.42,689.18,964.88,687.05,952.64,688.48
ND_82062f4x_IE_frame005383_r.jpg,0,1012.67,178.93,963.10,193.62,942.29,240.22,938.23,288.51,927.35,325.55,991.47,267.15,971.17,331.75,949.32,359.88,930.63,377.74,1018.82,275.11,996.39,343.97,968.59,371.41,944.01,385.15,1031.33,277.05,1011.50,337.64,984.10,359.49,959.81,369.65,1032.63,274.53,1013.52,318.62,989.71,335.61,968.23,344.10
ND_82062f4x_IE_frame005383_r.jpg,1,729.96,216.52,783.56,229.94,813.09,271.26,822.82,319.24,829.12,356.50,776.04,299.86,790.67,368.88,808.32,394.82,821.73,401.92,741.03,307.88,755.34,382.76,777.82,400.99,792.97,400.29,716.05,309.08,727.82,377.30,751.64,394.17,767.33,393.50,701.48,305.06,710.59,357.40,730.42,374.88,745.17,377.20
ND_86gHTpFZBvM_frame002996_r.jpg,0,1758.31,759.57,1605.05,541.15,1382.45,422.75,1150.44,435.13,968.49,458.23,1370.34,283.27,1149.21,273.02,1082.80,361.92,1083.35,439.76,1329.87,441.90,1122.88,459.40,1038.87,543.20,991.52,603.49,1313.58,580.09,1121.45,610.40,1049.39,694.02,1002.51,770.57,1310.35,720.59,1148.12,763.51,1081.00,831.20,1025.40,886.29
ND_86gHTpFZBvM_frame043728_r.jpg,0,1007.33,929.96,1006.78,868.87,1039.37,821.28,1069.56,789.29,1091.60,761.64,1098.59,855.07,1141.71,834.47,1153.53,816.37,1152.93,801.85,1102.68,881.54,1134.55,851.52,1139.69,826.21,1137.38,809.56,1097.23,896.91,1120.71,865.99,1126.31,842.40,1123.39,827.21,1088.59,907.02,1106.61,876.52,1112.22,856.00,1110.84,842.43
ND_86gHTpFZBvM_frame043728_r.jpg,1,888.41,638.89,897.56,607.46,921.07,580.64,938.88,561.66,942.96,542.48,979.34,605.08,1016.21,600.83,1038.39,599.35,1055.98,598.02,984.49,629.49,1025.72,634.80,1048.35,638.21,1064.82,641.52,978.95,651.24,1016.50,661.04,1036.44,664.74,1052.15,668.10,963.88,669.41,983.15,687.54,994.64,697.35,1004.46,705.94
ND_86gHTpFZBvM_frame045525_l.jpg,0,580.78,819.62,629.91,779.59,679.63,761.44,710.22,749.23,728.59,734.92,714.53,783.54,781.01,806.71,798.04,826.44,800.36,838.81,709.07,817.20,770.96,850.95,787.92,870.35,792.06,882.37,694.93,850.31,746.94,884.46,764.21,900.64,770.10,908.26,675.54,878.48,711.19,906.31,721.67,915.47,724.39,917.23
ND_87zqp3R54YQ_frame026612_l.jpg,0,829.58,431.68,813.63,437.16,804.37,446.79,798.47,454.82,792.96,459.95,811.83,460.41,803.71,471.09,797.14,476.05,791.35,479.73,815.12,464.86,807.16,477.02,799.83,482.28,793.55,486.24,816.22,466.99,808.97,478.66,801.85,483.45,795.78,486.67,815.33,467.12,809.37,477.36,803.99,482.28,799.55,485.34
ND_87zqp3R54YQ_frame031097_l.jpg,0,471.40,370.32,449.21,383.81,436.98,399.54,427.83,406.08,419.86,410.22,458.24,415.52,461.80,435.66,462.16,444.25,461.77,450.07,473.18,413.36,478.98,432.13,480.27,440.54,479.85,446.10,484.31,408.46,490.37,424.32,492.45,432.42,492.64,439.16,492.41,402.60,499.94,411.68,502.66,416.02,503.17,419.03
ND_89M9PT6Kmd8_frame000501_l.jpg,0,453.62,462.00,417.06,415.66,361.62,397.40,309.32,391.82,271.44,405.29,342.18,500.16,264.46,537.53,217.95,555.92,184.94,570.29,349.86,536.19,284.24,508.65,292.35,468.90,315.34,447.46,358.25,549.89,297.67,520.39,308.28,486.75,329.27,470.58,360.21,552.53,311.33,526.76,316.20,500.43,332.14,487.47
ND_8NkoRkhCAnU_frame000599_l.jpg,0,290.48,562.04,349.23,520.87,420.93,537.98,476.05,595.02,513.89,648.69,370.96,566.29,438.63,602.64,482.44,623.01,513.17,644.14,348.98,632.04,452.30,691.64,504.69,695.86,528.24,694.10,339.50,685.61,434.30,746.15,482.15,740.86,504.81,727.88,341.12,723.75,417.59,769.99,456.78,765.93,473.32,750.55
ND_8NkoRkhCAnU_frame006878_r.jpg,0,578.53,493.21,606.22,484.91,629.85,487.49,646.38,501.08,654.21,515.64,626.34,480.71,655.78,503.80,666.29,520.10,671.63,532.61,614.38,495.37,647.56,518.82,662.60,534.62,671.61,545.84,603.21,512.56,635.29,532.75,652.21,545.55,663.43,553.86,593.27,530.21,619.27,544.61,634.26,553.30,645.68,560.33
ND_8NkoRkhCAnU_frame006878_r.jpg,1,747.44,466.76,721.37,473.78,699.22,487.75,691.48,508.42,694.22,524.33,700.27,473.18,693.40,507.23,696.51,508.61,699.25,502.46,719.47,476.27,709.42,514.99,712.06,513.32,716.05,503.25,737.05,483.23,725.54,520.70,728.40,516.48,732.57,505.31,752.94,491.78,742.16,519.53,743.20,515.02,747.40,505.43
ND_8Udzbz2PuTE_frame000895_l.jpg,0,613.31,518.68,593.56,490.39,572.60,471.85,547.01,468.26,524.88,474.16,610.95,478.85,571.05,486.74,541.97,489.58,521.57,491.70,618.47,509.27,571.77,520.50,539.31,516.70,521.13,509.80,616.20,536.65,567.68,547.52,534.16,541.60,513.91,530.43,608.17,559.11,567.34,567.78,538.64,562.98,518.44,553.08
ND_8Udzbz2PuTE_frame001193_r.jpg,0,766.16,374.99,794.65,347.66,828.71,347.48,851.64,359.37,863.67,366.80,844.39,386.49,869.41,406.25,886.43,412.83,897.38,413.54,831.10,406.35,846.11,406.76,844.78,397.32,837.46,390.81,814.92,416.28,830.94,413.78,829.97,406.25,822.25,401.21,800.25,420.38,814.14,417.91,813.08,411.94,805.86,408.19
ND_8Udzbz2PuTE_frame001789_l.jpg,0,435.39,506.97,417.55,495.57,397.98,489.71,385.63,486.84,380.60,484.96,408.30,505.44,395.50,518.15,383.90,525.89,372.45,532.14,416.39,519.63,395.88,535.84,379.05,544.61,364.82,549.82,420.86,532.10,403.08,548.12,388.35,555.07,375.71,557.66,423.68,542.26,410.14,556.74,398.39,561.95,387.17,563.59
ND_8Udzbz2PuTE_frame002087_r.jpg,0,717.69,451.29,728.96,431.31,741.81,421.95,755.02,417.64,763.57,415.58,757.84,430.37,780.24,428.27,775.80,431.17,765.93,432.87,759.76,443.20,782.45,442.36,777.40,443.22,767.13,443.39,758.30,455.80,779.64,455.55,775.26,454.55,766.56,454.12,754.04,467.10,771.53,465.49,768.95,463.15,762.76,461.78
ND_8Udzbz2PuTE_frame003875_l.jpg,0,673.17,372.74,690.95,345.33,719.26,339.18,742.18,345.94,752.50,356.99,731.67,345.96,767.12,355.21,780.64,360.71,786.11,365.57,729.25,367.38,766.57,374.63,772.21,372.93,767.12,371.00,724.28,386.32,757.72,391.25,762.03,387.09,757.24,384.04,718.80,400.99,746.69,404.16,750.09,399.62,745.00,396.34
ND_8fRxamj-yEY_frame004187_r.jpg,0,445.98,664.57,472.48,651.12,505.62,641.80,531.96,640.51,550.70,642.82,494.31,643.06,525.85,655.42,544.93,663.67,560.39,667.52,479.26,661.87,513.72,682.01,533.32,694.68,549.37,704.18,465.10,680.61,494.99,703.19,512.19,716.32,525.16,725.15,452.77,697.31,466.15,716.72,473.89,728.28,480.03,737.04
ND_8fRxamj-yEY_frame012858_r.jpg,0,804.75,350.73,809.15,327.07,806.25,300.69,804.91,280.86,809.23,266.96,811.50,309.66,794.58,285.41,783.81,272.32,774.60,262.90,801.65,320.66,786.59,294.33,774.75,278.54,765.95,268.26,791.74,331.98,779.28,310.17,772.33,298.85,768.79,291.62,781.83,342.28,770.71,327.62,766.39,319.72,764.38,314.21
ND_8fRxamj-yEY_frame012858_r.jpg,1,639.61,449.88,652.49,440.32,659.77,423.43,660.05,407.38,655.02,393.86,649.41,426.61,643.82,409.02,639.36,396.36,635.74,385.89,636.68,425.74,632.67,407.02,629.05,393.80,625.61,383.26,625.35,428.23,620.09,413.08,616.59,403.30,614.73,394.40,616.56,432.80,607.99,424.72,604.55,418.01,603.38,411.75
ND_8xzutlyuouc_frame000001_r.jpg,0,237.93,-6.02,148.54,45.04,106.18,115.46,90.19,186.59,70.28,248.76,140.17,145.69,131.43,252.85,132.07,330.50,132.13,398.94,204.47,148.72,205.14,261.09,203.63,350.05,200.82,425.98,264.02,137.65,291.20,229.05,304.08,307.90,310.19,375.68,314.49,118.45,352.37,184.86,368.80,238.00,381.35,290.57
ND_8xzutlyuouc_frame000601_r.jpg,0,260.40,52.75,178.91,82.26,133.23,121.60,115.98,171.62,106.92,225.59,173.67,158.24,155.56,255.69,151.01,321.39,145.65,381.21,234.55,169.06,246.21,251.32,252.78,331.32,253.93,401.86,286.55,173.70,296.70,249.53,292.50,331.08,287.09,393.76,327.82,176.11,345.13,238.42,346.56,290.11,344.50,334.62
ND_8zpyU5PmIiI_frame000501_r.jpg,0,281.27,426.76,361.79,334.75,484.73,313.77,578.96,304.93,635.62,271.49,554.48,462.55,665.93,393.64,712.50,350.46,753.52,329.97,548.09,506.49,647.32,425.15,686.01,366.72,712.74,325.79,531.49,515.47,618.59,431.97,652.32,376.54,673.56,337.33,518.58,505.94,587.94,445.60,620.78,396.15,639.67,354.60
ND_8zpyU5PmIiI_frame002001_l.jpg,0,122.98,457.87,188.04,382.38,294.06,390.60,381.05,408.18,460.83,422.37,331.48,527.54,456.41,579.66,527.96,547.55,555.10,502.23,319.52,565.79,446.43,597.92,519.35,558.04,539.90,512.68,308.16,578.09,424.50,590.55,490.74,557.30,517.61,520.41,307.17,573.41,401.50,578.76,459.38,555.78,488.21,528.69
ND_9DBUFeYPDWc_frame001197_r.jpg,0,515.90,663.23,457.80,663.24,415.99,651.05,393.34,619.50,387.73,587.22,416.62,706.48,391.96,636.64,386.64,586.82,383.28,551.71,459.19,698.79,427.82,618.90,416.79,567.99,409.40,532.52,494.00,682.46,461.94,605.13,442.91,561.70,427.45,532.40,518.12,662.31,491.75,604.08,472.49,574.07,454.52,554.30
ND_9DBUFeYPDWc_frame001795_l.jpg,0,424.58,688.44,383.77,671.14,341.57,656.98,314.77,642.63,301.05,638.67,312.44,689.41,285.74,688.16,307.35,676.92,334.56,665.29,326.00,711.49,316.98,712.18,345.30,690.53,370.78,669.84,346.28,728.47,349.12,722.82,372.08,696.52,393.86,675.29,369.98,741.52,378.73,731.89,394.13,710.85,407.75,693.46
ND_9DBUFeYPDWc_frame009569_r.jpg,0,1107.68,603.55,1097.98,561.49,1060.94,536.15,1020.30,530.86,990.37,529.39,1051.01,583.60,987.90,558.32,968.95,538.58,963.44,524.08,1040.76,611.53,971.69,579.44,951.88,552.94,948.33,532.56,1031.28,628.40,967.06,602.60,942.71,577.13,930.71,556.79,1024.70,636.45,975.01,623.20,953.53,606.41,941.29,590.20
ND_9DBUFeYPDWc_frame009569_r.jpg,1,894.15,303.32,872.81,325.35,842.67,337.35,818.00,347.97,796.27,357.40,821.28,308.75,793.50,307.22,781.36,313.61,775.65,323.90,826.95,305.95,802.84,307.26,791.18,317.62,785.15,328.65,833.73,307.10,814.16,310.20,803.41,317.81,797.69,327.22,839.69,309.83,823.33,313.72,813.14,320.25,807.31,326.80
ND_9I7xvdL2504_frame005084_r.jpg,0,417.45,516.54,391.86,512.79,369.56,525.00,355.22,540.07,341.43,547.35,381.45,544.47,361.20,564.76,350.64,561.98,346.18,555.85,389.20,552.78,367.26,571.23,355.79,567.82,350.76,561.17,393.85,556.55,373.39,572.25,361.53,569.57,354.84,564.16,395.62,556.92,379.23,570.01,367.86,569.82,361.18,566.83
ND_9I7xvdL2504_frame005084_r.jpg,1,263.80,460.86,276.39,445.60,287.08,439.15,295.80,451.78,302.48,466.45,257.18,438.51,270.84,456.63,286.79,468.82,296.89,472.84,245.47,456.41,264.10,474.75,279.21,480.54,286.75,480.04,240.48,472.66,257.86,488.34,270.05,489.92,277.10,487.81,239.10,486.60,251.94,496.50,263.23,497.30,271.26,495.57
ND_9J5JTOq2qGM_frame025715_r.jpg,0,553.60,260.23,524.70,251.58,495.60,258.91,475.08,271.17,461.55,282.16,492.14,283.93,473.47,304.19,462.78,314.94,455.26,322.04,505.49,296.01,493.14,310.37,494.81,303.00,499.76,294.62,519.96,303.48,508.00,313.26,509.32,307.23,514.11,300.53,533.42,307.70,521.66,313.17,523.00,307.60,527.69,302.29
ND_9M7mRgF3zqw_frame001001_l.jpg,0,162.48,535.53,299.43,550.33,456.45,496.61,593.02,447.38,693.04,400.67,357.78,265.92,564.42,234.69,639.96,308.11,655.81,373.05,331.73,262.36,521.63,275.41,533.04,369.80,493.53,426.72,320.80,282.20,478.64,317.75,472.69,399.61,431.20,444.15,314.35,294.56,429.57,339.00,436.56,404.11,407.49,443.30
ND_9SreR6JHpi4_frame001751_l.jpg,0,189.58,141.27,209.07,144.97,223.75,159.17,229.16,175.68,231.19,188.86,214.68,159.64,216.97,183.75,221.04,194.76,223.69,197.57,201.40,163.63,204.47,189.42,211.15,198.71,215.64,198.45,190.67,167.18,193.98,192.03,201.38,199.67,206.78,198.02,183.11,169.45,186.45,190.69,193.10,198.18,198.74,197.93
ND_9SreR6JHpi4_frame001751_l.jpg,1,347.61,163.84,331.97,178.76,320.16,197.44,306.85,218.20,299.12,234.34,382.29,196.48,405.16,217.26,419.05,238.53,426.78,256.94,394.75,197.00,418.68,220.62,430.75,241.79,438.13,260.79,401.96,198.97,423.30,221.54,433.21,241.08,439.05,258.09,404.86,200.79,420.07,219.90,428.60,235.39,433.75,249.50
ND_9SreR6JHpi4_frame005251_r.jpg,0,160.44,99.96,171.30,87.75,188.30,79.30,204.42,77.85,216.64,77.37,187.59,73.53,209.77,71.22,224.43,73.44,235.65,75.54,184.45,83.75,213.47,88.51,230.44,93.81,242.75,97.87,181.70,96.94,208.96,106.92,224.23,112.28,235.03,115.76,179.41,110.64,199.09,114.53,206.59,116.00,211.86,117.08
ND_9m2QA71f9zg_frame002991_l.jpg,0,261.48,7.10,270.66,35.79,310.09,64.75,339.40,99.11,355.90,133.86,362.90,25.37,404.89,68.79,396.18,102.31,379.28,119.36,367.58,24.28,407.56,70.91,394.26,103.72,374.84,121.43,363.48,30.42,393.85,74.11,384.94,104.44,369.86,121.63,353.53,40.96,375.44,78.48,370.53,102.70,359.88,117.29
ND_9m2QA71f9zg_frame003290_l.jpg,0,308.77,-14.67,278.72,13.67,277.64,52.65,289.59,91.52,290.04,128.46,343.34,43.99,365.73,93.30,375.32,132.47,380.05,163.38,368.29,38.52,392.12,89.16,396.90,133.74,396.21,166.29,380.75,38.06,409.68,75.85,420.12,112.00,423.62,141.85,384.48,39.06,415.88,63.74,428.86,86.45,433.73,105.72
ND_9mIwp8TZtfU_frame000751_r.jpg,0,100.48,294.59,118.28,249.45,162.45,226.07,196.83,209.38,207.06,186.76,198.63,235.69,245.51,240.86,271.74,247.61,290.75,253.71,204.72,267.30,226.36,267.86,212.10,267.17,196.82,268.89,201.07,297.68,217.23,293.06,204.11,292.60,188.58,294.68,193.85,323.31,207.17,315.73,195.87,315.46,182.13,317.82
ND_9mIwp8TZtfU_frame000751_r.jpg,1,495.26,89.39,465.06,114.71,433.37,119.13,411.74,120.99,395.78,122.31,405.45,70.51,378.66,84.12,376.30,93.18,380.78,95.11,400.14,71.26,377.06,113.71,395.08,124.00,410.64,117.70,401.18,78.97,380.00,125.47,404.22,130.59,420.27,120.31,408.74,90.28,410.48,132.45,430.88,136.88,441.77,127.43
ND_9mIwp8TZtfU_frame008501_l.jpg,0,378.24,297.57,366.64,286.69,352.57,288.18,342.04,295.48,333.76,301.45,353.52,309.11,334.54,314.38,323.11,313.82,315.15,311.88,355.71,317.33,335.12,324.22,323.50,322.43,316.29,318.34,356.83,320.53,337.77,324.93,327.97,322.91,321.86,319.57,356.70,320.20,341.21,322.49,332.75,320.41,327.33,317.61
ND_9mIwp8TZtfU_frame008751_r.jpg,0,421.15,310.46,388.07,305.93,360.12,309.47,342.34,323.45,334.69,339.31,349.58,300.68,317.90,326.57,305.30,346.84,299.60,362.45,356.10,314.23,310.95,328.96,289.32,344.68,275.53,358.45,366.81,330.39,324.22,344.81,302.73,358.49,288.38,367.81,379.07,348.21,345.97,360.77,328.13,368.07,314.10,373.92
ND_9mIwp8TZtfU_frame008751_r.jpg,1,153.21,300.48,170.33,318.79,189.01,338.33,204.17,351.01,220.19,354.28,185.33,316.32,184.53,340.30,181.66,359.90,177.71,375.61,165.34,307.80,159.29,337.06,153.65,361.79,148.57,380.74,145.90,304.01,137.06,331.26,132.42,352.74,129.36,368.59,128.66,304.26,118.94,327.76,111.45,343.94,104.60,357.54
ND_9mIwp8TZtfU_frame020251_r.jpg,0,439.28,278.77,432.99,261.34,434.18,242.31,437.35,228.89,440.05,219.37,448.62,229.09,451.62,210.15,443.66,213.47,435.70,222.69,458.29,235.50,448.33,228.12,436.30,239.05,429.57,249.01,464.39,245.10,449.08,242.89,437.07,253.03,430.01,260.51,467.18,255.84,452.71,255.45,442.05,261.68,436.51,266.17
ND_9mIwp8TZtfU_frame020251_r.jpg,1,214.43,258.02,223.06,248.55,228.54,237.24,231.11,229.73,231.37,227.56,219.21,216.64,216.65,201.37,219.05,196.83,223.70,198.18,209.74,219.69,214.90,212.43,222.98,223.92,228.91,235.22,202.15,226.21,209.98,226.38,218.82,236.75,224.96,245.27,196.26,235.03,204.37,238.23,212.70,245.45,218.18,250.64
ND_9mIwp8TZtfU_frame020751_l.jpg,0,493.18,300.83,472.67,299.29,457.89,314.10,451.85,331.37,445.99,343.46,471.00,323.97,462.07,344.47,455.47,356.43,449.87,364.68,482.24,330.92,475.71,352.38,468.34,363.12,461.87,369.48,489.25,334.83,481.76,354.80,473.94,363.81,467.24,369.43,491.77,336.20,484.16,351.40,477.62,358.82,471.94,363.81
ND_9mIwp8TZtfU_frame020751_l.jpg,1,335.91,246.10,348.95,250.85,359.48,263.90,362.40,278.66,362.66,289.47,363.34,254.14,366.85,273.98,366.10,284.08,364.90,291.11,353.29,254.91,356.24,279.65,352.94,279.70,350.44,274.09,342.97,257.55,346.65,278.96,343.63,275.85,341.97,269.52,333.24,261.14,337.60,277.09,335.73,273.65,333.92,267.98
ND_9rVoW69w7AM_frame000001_l.jpg,0,289.41,331.73,306.49,323.59,325.98,323.87,340.43,332.64,349.22,342.64,333.37,316.46,353.24,334.19,361.16,347.19,364.17,357.41,327.16,324.30,347.67,343.61,353.91,356.00,355.32,364.04,319.63,334.21,337.90,353.76,339.45,362.39,337.39,366.04,311.71,345.48,325.21,362.00,326.75,367.53,325.62,369.51
ND_9rVoW69w7AM_frame000898_r.jpg,0,270.48,292.40,281.28,283.16,294.86,277.35,307.73,278.21,316.71,281.23,293.20,267.83,312.47,270.37,320.12,276.45,323.62,281.12,289.66,275.05,310.99,277.95,320.18,284.31,324.57,289.57,286.95,284.64,306.52,288.11,313.33,293.69,315.87,297.54,285.37,295.49,300.60,298.15,307.80,300.43,312.38,301.99
ND_9rvZPdd6w84_frame000251_l.jpg,0,1219.85,555.53,1153.13,476.10,1089.36,398.42,1028.18,347.97,973.41,305.53,1156.64,319.89,1077.25,267.61,1015.31,262.32,967.52,274.05,1129.55,367.09,1053.51,321.21,991.64,316.41,941.42,324.20,1104.49,411.56,1029.58,385.51,974.74,382.67,919.99,375.61,1079.70,449.64,1012.78,429.39,967.84,426.65,925.35,415.38
ND_A1ShIZUWF4M_frame003001_r.jpg,0,856.87,604.75,861.13,577.86,877.94,565.39,894.08,564.53,905.50,571.00,902.49,555.59,919.47,555.10,913.24,564.36,904.26,570.47,911.02,569.70,924.48,572.09,916.26,578.50,906.96,581.89,915.45,585.67,923.58,587.17,915.19,590.96,905.84,592.96,916.55,599.97,919.53,601.93,911.32,604.01,902.77,605.22
ND_A1ShIZUWF4M_frame012301_l.jpg,0,1152.86,548.36,1125.31,535.77,1099.51,546.91,1082.42,566.57,1069.36,581.58,1098.15,586.01,1068.82,604.68,1070.29,591.34,1079.91,582.48,1109.52,599.42,1079.26,616.70,1077.49,604.06,1086.36,596.63,1120.94,606.18,1094.09,621.94,1091.47,610.35,1099.03,602.81,1131.30,608.67,1107.74,622.56,1104.48,614.33,1111.00,607.11
ND_A1ShIZUWF4M_frame025501_r.jpg,0,1611.39,491.10,1542.19,539.15,1445.27,500.10,1367.76,450.15,1300.69,440.84,1471.51,388.74,1376.15,339.26,1320.59,362.38,1286.84,393.48,1490.33,352.62,1379.70,333.86,1329.91,377.04,1307.61,414.56,1497.82,341.76,1394.74,337.70,1349.17,377.34,1329.95,409.55,1497.41,344.44,1414.80,343.36,1374.57,371.82,1359.69,399.72
ND_APDLIziWowE_frame000501_r.jpg,0,209.85,62.82,324.99,40.52,421.61,69.57,489.61,124.10,533.04,173.23,336.89,86.35,411.78,135.02,475.44,170.86,528.59,197.96,272.49,156.30,393.86,271.70,477.02,321.51,539.53,350.02,238.17,219.74,364.86,330.84,453.81,366.54,514.40,375.90,225.18,263.23,338.50,342.35,405.06,354.31,451.87,351.37
ND_ASaCOlrn7F8_frame014102_l.jpg,0,535.19,450.74,540.09,422.86,543.52,397.47,552.39,378.61,559.88,364.77,520.18,387.74,539.95,365.36,555.46,353.26,567.64,344.20,522.42,400.29,552.51,377.54,572.00,366.85,586.42,359.28,530.42,413.98,562.72,394.75,581.04,385.43,593.53,378.75,541.28,428.02,568.43,415.67,584.15,408.70,596.15,403.13
ND_ASaCOlrn7F8_frame015058_r.jpg,0,460.50,453.81,476.72,438.08,489.22,411.35,500.85,392.37,510.34,378.14,462.99,391.04,464.19,366.47,470.80,351.92,476.23,340.51,450.41,395.24,453.94,369.54,466.70,383.17,472.84,397.56,439.10,403.91,445.35,391.02,456.98,405.61,460.77,416.55,429.17,415.93,434.04,406.36,447.19,414.21,453.94,421.35
ND_ASaCOlrn7F8_frame016014_r.jpg,0,617.33,350.32,625.28,332.94,641.87,322.07,657.18,317.01,668.03,316.30,657.56,341.04,677.36,345.82,682.40,340.35,682.92,335.49,657.00,351.58,672.99,348.65,676.32,341.10,675.16,335.89,654.32,357.82,667.37,351.81,670.22,344.80,669.27,339.72,651.55,360.71,662.30,354.78,664.96,349.20,664.02,345.10
ND_AWwHUWqD6po_frame029761_r.jpg,0,449.62,592.28,461.18,548.17,500.18,521.72,542.31,518.31,569.74,531.69,510.45,519.27,569.75,504.91,583.07,519.88,577.56,532.97,519.46,549.65,573.52,543.99,562.24,551.44,543.03,551.98,523.25,580.01,569.12,572.90,555.44,575.50,537.39,575.65,522.51,607.40,552.81,598.43,540.88,597.78,526.81,597.98
ND_AWwHUWqD6po_frame039601_r.jpg,0,34.36,350.16,84.48,317.07,153.24,290.96,209.06,276.64,243.53,247.56,124.79,261.69,205.49,289.83,231.64,313.28,238.00,328.22,99.58,295.64,193.71,331.16,223.05,348.22,234.27,355.06,80.89,335.02,176.57,364.89,189.57,374.33,182.10,376.89,69.16,374.10,146.80,394.19,164.37,392.58,163.50,385.78
ND_AWwHUWqD6po_frame045361_r.jpg,0,472.49,602.67,498.99,542.36,549.35,518.09,603.12,516.59,641.51,510.86,575.63,556.55,645.96,543.33,635.14,529.35,613.91,528.10,580.10,595.19,639.62,570.57,624.70,554.60,606.50,556.57,580.16,623.88,640.04,600.57,626.31,583.70,605.40,582.81,576.92,644.54,628.85,634.17,636.61,616.73,632.24,607.69
ND_AWwHUWqD6po_frame047041_r.jpg,0,421.61,530.06,440.14,484.09,469.81,455.24,499.24,448.68,523.52,454.22,480.01,424.59,539.31,418.01,557.76,439.81,558.00,460.25,490.38,435.34,556.41,446.86,559.79,475.39,548.64,490.75,499.48,454.78,560.88,471.03,557.20,496.54,543.18,510.73,506.78,479.64,553.02,496.87,549.77,516.46,538.16,527.53
ND_AfHwjFihkrk_frame001501_r.jpg,0,1178.18,949.25,1165.93,975.53,1168.59,1011.92,1168.22,1042.88,1166.67,1065.63,1218.16,1015.49,1213.67,1065.09,1195.81,1081.75,1182.80,1087.60,1221.87,1015.86,1216.03,1062.92,1199.88,1080.92,1187.50,1091.59,1218.36,1017.80,1212.30,1059.42,1198.51,1076.73,1186.63,1086.93,1211.34,1021.31,1206.56,1055.17,1194.98,1072.07,1184.32,1081.57
ND_AfHwjFihkrk_frame021601_l.jpg,0,872.37,454.29,829.81,458.84,806.31,498.18,793.05,537.50,780.36,569.04,843.10,538.35,819.32,592.31,795.95,620.22,776.20,639.04,861.32,549.97,839.09,603.71,812.46,629.33,789.67,644.13,869.20,554.40,848.59,604.19,823.12,627.38,800.00,641.44,868.31,554.51,852.12,595.22,831.29,616.30,811.73,629.23
ND_Aj06W0azS68_frame004751_r.jpg,0,517.21,557.60,526.66,532.30,551.19,516.56,569.17,518.30,582.62,526.99,537.77,539.45,574.54,543.02,577.95,545.13,572.00,547.22,530.38,564.40,570.56,581.57,585.56,584.41,591.24,583.32,525.51,582.69,563.78,595.05,580.05,592.24,587.56,586.68,522.97,595.59,551.96,598.91,560.60,592.40,561.71,584.99
ND_Aj06W0azS68_frame006001_l.jpg,0,460.11,303.15,485.32,290.76,518.00,290.56,540.18,307.62,559.76,322.80,561.90,316.88,590.97,330.93,602.61,342.75,611.20,355.12,550.99,339.95,578.04,363.15,587.94,378.63,592.97,392.01,533.07,354.94,552.06,380.12,555.49,390.85,555.39,397.58,510.62,365.12,520.70,385.38,521.54,391.41,519.64,394.23
ND_Aj06W0azS68_frame007001_r.jpg,0,473.08,510.90,496.06,494.74,522.79,489.23,539.73,492.67,549.28,497.78,521.39,506.74,548.75,533.06,542.02,525.87,532.76,517.13,511.94,524.68,541.22,547.59,538.12,540.63,529.31,532.38,504.56,538.51,528.15,550.54,525.43,543.35,518.17,536.66,499.42,548.57,518.23,552.54,515.80,546.44,510.06,542.24
ND_Aj06W0azS68_frame007501_r.jpg,0,646.39,506.35,651.43,488.89,662.95,475.30,671.61,463.61,680.28,450.41,681.27,504.46,693.33,513.17,691.85,517.66,685.86,522.60,673.14,521.10,679.79,535.82,674.29,542.86,665.02,548.08,661.62,531.72,663.89,545.29,656.99,551.84,648.91,555.54,648.41,537.41,647.19,547.68,641.63,553.97,634.53,557.87
ND_ArUTm2iiy2Q_frame005501_r.jpg,0,195.27,245.75,183.38,239.81,169.48,240.85,158.97,247.10,152.23,253.41,163.88,242.46,149.42,250.31,140.47,256.11,134.04,261.07,166.33,249.13,151.22,255.29,142.08,259.76,135.36,263.70,170.17,256.36,156.62,261.80,148.31,265.07,142.29,267.71,175.01,263.78,164.57,267.07,158.75,268.90,154.33,270.77
ND_ArUTm2iiy2Q_frame005501_r.jpg,1,82.08,237.98,78.48,239.73,70.30,244.04,62.47,250.97,57.16,256.65,55.98,236.34,44.53,241.45,38.75,246.99,35.96,252.63,54.97,240.25,44.33,243.89,38.64,248.86,35.30,253.49,55.52,244.07,46.51,247.26,41.22,250.65,37.36,253.82,57.26,247.46,49.12,250.08,44.44,252.41,40.90,254.78
ND_ArUTm2iiy2Q_frame005751_r.jpg,0,234.22,222.76,240.27,210.70,241.68,201.24,241.56,195.37,241.58,192.67,225.93,190.80,230.10,183.49,236.71,185.81,240.70,190.04,223.02,194.49,230.15,188.76,237.28,190.31,241.50,193.45,222.48,200.14,230.99,197.26,237.58,199.37,241.29,202.16,223.47,206.32,230.31,205.17,234.92,206.34,237.80,208.54
ND_ArUTm2iiy2Q_frame005751_r.jpg,1,320.61,199.96,310.28,191.35,305.79,182.78,303.41,176.51,301.69,172.42,310.68,174.56,306.63,168.63,300.27,170.70,295.60,174.90,315.27,176.94,312.33,169.70,304.63,172.12,299.69,176.71,319.42,181.44,317.39,175.16,309.70,176.70,304.84,179.91,322.52,187.98,320.05,184.14,314.50,183.43,310.04,184.05
ND_ArUTm2iiy2Q_frame022751_l.jpg,0,170.72,214.83,192.00,218.52,207.58,237.60,218.46,258.50,229.50,272.63,177.54,258.68,191.94,285.38,206.80,294.10,217.89,295.67,170.16,264.63,187.22,289.36,204.27,295.74,217.36,294.26,169.18,266.38,187.76,288.65,203.04,292.46,214.92,290.65,172.15,265.93,187.05,284.43,199.89,288.86,210.81,288.67
ND_ArUTm2iiy2Q_frame022751_l.jpg,1,437.47,228.23,406.66,219.45,384.29,235.67,370.53,257.17,357.03,271.57,406.33,254.98,385.28,280.35,366.17,285.98,353.29,283.67,418.66,267.85,399.18,301.31,381.42,305.67,369.46,301.66,424.06,274.57,402.71,301.89,385.63,301.33,376.12,295.63,423.75,276.94,404.98,295.02,389.16,295.11,379.21,291.27
ND_ArUTm2iiy2Q_frame025001_l.jpg,0,405.11,-7.93,385.26,-9.60,367.14,2.67,352.00,19.87,339.67,35.50,385.83,33.11,364.69,54.94,354.65,49.37,353.96,43.24,391.13,38.99,367.62,51.27,360.77,41.28,363.79,34.05,391.60,39.74,370.82,50.44,365.55,41.97,367.55,36.25,390.32,38.89,373.09,47.40,368.76,41.33,370.48,36.10
ND_ArUTm2iiy2Q_frame025501_l.jpg,0,194.94,288.56,204.37,285.54,209.47,284.78,212.33,290.46,212.50,298.78,195.13,270.31,203.45,278.44,207.87,289.26,209.37,297.34,185.68,274.85,194.68,288.89,201.22,302.67,205.41,311.60,179.55,282.84,187.37,296.82,194.96,309.03,200.26,316.40,176.05,292.08,181.35,303.01,187.87,311.14,193.65,315.98
ND_B28IROPi9bo_frame000241_r.jpg,0,401.03,33.60,447.83,40.09,473.25,68.00,480.21,98.55,486.39,118.20,454.31,105.96,471.26,148.74,483.68,166.89,494.56,180.43,433.16,115.51,459.47,150.12,478.78,159.43,492.78,164.42,419.53,118.43,446.60,142.55,465.14,149.08,477.57,151.39,412.02,117.92,435.21,135.28,451.55,140.26,463.02,140.64
ND_B28IROPi9bo_frame007681_l.jpg,0,520.61,119.31,509.58,96.31,498.75,96.20,493.05,116.32,492.08,139.05,521.14,99.66,524.44,125.60,521.82,142.89,522.77,155.55,533.45,123.04,515.75,153.71,505.91,150.52,505.39,143.83,537.61,144.51,515.40,164.38,511.71,153.24,513.79,140.27,538.44,159.33,521.20,169.29,516.76,158.63,517.29,148.81
ND_B28IROPi9bo_frame007681_l.jpg,1,196.49,172.25,198.58,173.86,212.02,187.55,233.33,202.16,251.08,212.72,209.61,228.43,243.47,233.93,256.43,225.12,257.45,214.38,221.13,229.56,252.88,229.13,255.57,213.01,247.63,198.28,230.85,226.06,259.26,224.56,258.86,209.40,249.88,196.22,238.11,221.14,258.61,220.67,258.54,209.88,251.81,200.21
ND_B28IROPi9bo_frame008401_l.jpg,0,162.39,293.10,137.43,305.44,124.37,328.71,116.67,350.47,104.21,367.68,154.37,375.10,184.34,396.34,209.22,403.29,232.39,406.89,177.91,370.56,214.35,393.77,239.70,402.92,263.10,409.22,196.18,363.01,227.50,382.91,251.86,391.77,273.41,396.56,210.03,355.44,236.27,370.59,254.89,377.69,271.08,382.76
ND_B28IROPi9bo_frame010801_r.jpg,0,292.46,159.00,291.31,187.79,300.86,220.70,314.34,243.86,325.95,260.15,296.33,218.02,307.35,252.39,317.53,273.34,327.25,289.96,305.30,210.49,314.86,246.72,325.67,268.35,335.52,286.71,319.84,197.53,329.23,229.88,340.52,253.80,349.68,273.08,339.68,180.58,354.88,202.33,367.27,218.86,377.83,232.49
ND_B28IROPi9bo_frame010801_r.jpg,1,552.27,175.97,522.46,168.08,497.16,188.87,476.28,209.14,454.94,221.44,525.51,234.69,498.47,256.47,478.22,258.11,465.23,253.57,534.29,243.14,500.23,258.33,479.24,253.88,465.20,247.44,535.84,245.65,504.81,258.97,485.73,254.83,472.69,249.60,532.83,244.97,507.99,256.04,492.45,254.06,481.83,250.29
ND_B6zLeqVxGcE_frame003290_l.jpg,0,88.37,661.29,142.61,638.62,184.83,648.48,208.90,678.15,211.55,701.49,170.45,716.49,232.93,764.91,269.45,785.39,297.78,800.75,149.34,749.07,220.17,798.35,265.06,813.43,298.17,821.66,136.41,767.46,201.88,809.64,243.42,818.54,272.57,819.25,130.72,772.20,181.16,799.88,213.81,807.13,236.73,808.43
ND_BEkAgPRzHM8_frame002094_r.jpg,0,1582.55,365.04,1617.15,342.85,1662.95,337.81,1702.76,340.21,1735.05,348.82,1651.63,414.36,1679.61,464.93,1715.60,486.10,1745.16,494.18,1640.38,437.44,1676.16,488.57,1718.77,508.66,1751.80,515.22,1637.62,449.84,1672.17,494.88,1710.96,510.73,1741.92,516.27,1641.11,452.10,1670.85,485.09,1700.75,500.33,1726.76,507.10
ND_BEkAgPRzHM8_frame003888_l.jpg,0,1854.77,435.32,1745.61,376.28,1614.99,404.56,1524.12,486.72,1470.89,567.96,1737.80,356.46,1583.23,486.91,1492.33,561.22,1432.06,618.50,1811.64,433.58,1643.72,570.81,1551.96,619.89,1505.86,638.00,1849.81,506.70,1682.66,622.29,1600.21,652.23,1558.96,652.31,1859.04,574.27,1721.15,651.82,1651.31,663.19,1614.84,655.34
ND_BEkAgPRzHM8_frame021529_r.jpg,0,1394.47,338.98,1386.75,301.63,1346.96,296.65,1299.53,331.01,1249.18,361.31,1226.16,246.04,1168.93,238.68,1170.16,269.24,1187.15,307.88,1199.99,300.27,1143.31,341.09,1164.10,390.82,1197.55,429.46,1194.20,351.45,1150.04,397.82,1177.39,442.58,1210.74,474.13,1204.27,395.63,1174.67,428.43,1192.08,460.90,1215.40,484.85
ND_BKZQxLosM8M_frame005383_r.jpg,0,814.73,746.99,699.73,694.13,627.64,610.35,574.39,547.99,523.93,502.93,753.93,477.03,756.39,355.36,745.41,289.11,734.87,246.47,827.18,484.12,836.70,355.35,813.07,296.22,787.06,263.20,878.75,506.70,874.05,396.11,848.30,339.75,821.40,312.82,903.22,535.82,886.39,456.17,858.85,414.02,836.89,391.14
ND_BLmXrGzbzYY_frame001201_l.jpg,0,239.41,927.29,255.86,859.49,300.65,804.69,351.53,768.44,386.42,735.74,365.04,877.31,448.67,836.18,493.50,815.96,530.19,800.29,386.10,918.80,461.43,859.01,464.09,824.60,458.62,808.15,394.76,942.09,456.51,880.27,445.57,849.53,426.33,838.17,398.29,952.30,439.08,899.62,433.86,871.65,421.04,860.84
ND_BLmXrGzbzYY_frame001201_l.jpg,1,583.09,753.33,586.62,691.01,601.95,649.32,620.11,625.84,631.65,611.53,660.47,644.08,670.59,621.36,661.00,606.29,643.11,590.43,663.68,677.85,645.35,668.59,606.40,659.28,569.58,652.66,653.35,716.17,627.58,708.88,588.68,698.23,554.29,689.13,633.47,753.43,607.46,749.83,578.67,741.60,554.25,732.95
ND_Bh7GDNJvB3w_frame000898_l.jpg,0,961.83,532.21,928.24,495.55,913.79,434.75,898.31,372.13,878.18,322.69,985.57,369.78,955.96,292.33,908.12,274.10,864.42,273.01,977.01,367.94,943.58,303.24,897.58,288.15,853.60,287.56,961.92,373.88,927.88,321.13,890.55,309.68,854.74,304.77,947.57,383.89,921.83,344.35,890.54,332.56,859.42,328.36
ND_Bi7aqFsPG8w_frame000961_l.jpg,0,699.51,477.08,685.98,451.47,662.59,439.67,644.52,432.35,631.32,427.01,640.79,479.03,615.26,467.62,613.66,454.24,618.06,447.26,641.40,490.31,614.79,474.75,614.60,459.19,620.11,451.50,643.59,493.96,619.87,478.21,620.62,464.01,626.10,457.40,645.74,491.80,625.62,479.51,624.52,468.59,628.50,463.15
ND_Bi7aqFsPG8w_frame003841_r.jpg,0,739.73,506.14,716.70,484.95,688.76,480.72,667.27,478.63,652.78,473.86,676.77,512.48,651.89,525.25,643.91,525.41,642.10,521.83,686.12,528.12,660.37,537.39,654.41,532.81,654.00,527.02,696.74,538.06,673.54,543.16,668.85,536.85,669.32,530.77,706.90,543.49,688.89,544.80,683.78,539.00,683.44,533.95
ND_Bi7aqFsPG8w_frame003841_r.jpg,1,714.65,422.31,716.94,440.89,704.60,455.66,691.96,467.16,684.06,475.39,676.27,452.32,670.21,476.15,679.19,488.94,686.13,491.91,671.68,451.05,667.47,474.52,674.92,487.27,680.74,493.07,671.77,451.12,667.48,474.36,674.63,485.93,679.78,490.55,673.90,453.37,670.92,474.42,675.29,484.47,679.06,488.48
ND_Bi7aqFsPG8w_frame005761_l.jpg,0,692.79,475.10,674.43,449.96,652.34,435.98,632.17,435.41,619.35,439.67,629.80,444.78,610.66,449.05,616.33,451.61,625.18,452.39,627.80,462.35,603.03,464.44,608.37,464.75,618.75,464.17,629.64,478.74,603.45,478.94,608.64,477.29,618.65,475.32,634.27,492.39,609.33,488.67,605.37,484.67,606.61,481.38
ND_Bi7aqFsPG8w_frame005761_l.jpg,1,635.35,334.87,623.84,354.42,607.77,365.82,591.64,374.56,580.40,382.98,575.03,349.57,565.96,374.70,568.65,390.40,572.63,399.55,569.90,347.20,560.47,373.39,566.69,388.45,574.09,397.88,569.11,347.73,559.87,372.52,565.47,385.95,571.78,394.77,571.69,350.40,562.83,369.52,566.05,379.93,570.39,387.42
ND_Bi7aqFsPG8w_frame007201_r.jpg,0,777.08,434.27,748.52,397.98,707.38,385.31,672.60,384.57,647.22,381.93,680.41,450.68,637.82,445.93,632.90,432.77,635.32,424.21,687.87,467.56,656.49,447.23,659.84,424.84,670.00,409.71,697.64,472.00,671.40,451.33,671.65,430.20,679.18,415.04,705.64,469.67,681.75,456.34,678.16,439.05,682.91,424.48
ND_Bi7aqFsPG8w_frame007441_r.jpg,0,636.21,505.20,620.26,474.99,601.98,462.24,589.36,450.57,576.37,443.08,566.64,504.71,550.36,473.27,559.28,456.39,570.92,451.26,563.90,511.00,550.83,473.97,563.53,460.30,575.14,458.41,564.63,509.16,550.62,473.83,561.90,460.63,573.67,458.66,567.23,501.17,553.44,473.73,559.04,459.71,567.81,453.70
ND_Bi7aqFsPG8w_frame007441_r.jpg,1,556.08,355.86,554.48,337.33,545.63,323.22,533.35,316.22,521.30,316.03,521.56,324.04,517.08,315.04,516.09,316.19,517.52,321.08,511.06,334.31,497.82,324.32,494.61,325.03,498.75,329.91,504.76,346.45,489.27,341.17,485.71,341.78,489.13,344.62,503.35,360.03,489.79,362.61,483.87,365.03,482.36,367.52
ND_BmuSnlHINp8_frame019801_r.jpg,0,978.27,435.28,998.09,442.21,1012.87,454.35,1018.12,469.49,1017.58,483.09,1026.73,454.22,1032.55,480.39,1023.03,488.76,1014.86,488.95,1022.20,458.74,1022.94,488.06,1011.43,491.57,1005.22,487.66,1014.84,463.04,1010.53,490.37,999.66,491.27,994.58,485.98,1005.66,466.57,1000.65,486.89,992.51,486.78,988.57,481.80
ND_BmuSnlHINp8_frame020701_r.jpg,0,994.77,458.58,1003.12,430.67,1023.84,405.84,1049.45,398.72,1080.44,388.62,1104.06,414.40,1116.03,425.84,1083.08,438.28,1052.56,443.17,1111.01,448.34,1121.81,464.78,1074.30,470.86,1039.14,466.97,1107.06,478.11,1116.38,498.66,1071.10,496.22,1037.10,485.63,1094.52,503.33,1100.63,519.46,1069.88,514.19,1046.46,500.98
ND_CFHe1zU9VKM_frame001201_r.jpg,0,617.66,71.72,573.13,52.49,526.81,47.90,492.37,56.84,472.88,77.93,500.22,23.23,447.52,66.33,441.06,103.20,448.22,124.25,511.09,32.48,450.08,84.03,449.06,118.38,461.34,135.44,528.12,53.16,462.73,97.00,458.96,130.08,468.22,146.37,548.40,80.04,497.81,113.05,488.00,136.09,490.58,149.95
ND_CK5r_QkD_eg_frame001197_l.jpg,0,865.25,1043.71,875.63,1031.68,883.05,1024.40,900.06,1015.94,920.60,1005.37,797.95,1031.31,758.22,1028.02,725.77,1019.18,697.16,1008.13,775.90,1036.16,714.33,1032.01,667.14,1015.09,630.33,995.19,764.43,1036.51,705.81,1032.76,666.57,1016.93,636.37,997.20,759.56,1032.83,721.00,1028.77,694.56,1019.84,672.94,1006.93
ND_CK5r_QkD_eg_frame003589_l.jpg,0,943.41,582.46,931.51,607.29,908.99,621.42,885.26,626.50,869.98,630.02,901.37,610.22,870.14,630.82,852.31,644.75,838.35,654.48,893.66,591.69,859.85,611.95,841.55,624.77,827.41,632.95,890.85,573.84,854.83,581.80,836.14,588.03,822.68,593.00,890.83,557.94,865.15,553.61,852.17,555.90,843.33,559.55
ND_CK5r_QkD_eg_frame018838_l.jpg,0,780.61,965.14,808.61,959.77,831.22,956.18,846.23,965.00,852.77,981.28,801.29,927.64,827.17,973.55,830.90,989.17,825.16,987.58,774.88,936.28,805.12,992.99,808.37,995.50,801.31,982.79,753.64,952.03,783.93,1002.50,787.16,998.14,779.13,984.60,738.06,967.81,762.24,1005.04,766.17,1001.17,759.17,988.54
ND_CK5r_QkD_eg_frame018838_l.jpg,1,1148.11,350.88,1117.48,329.58,1098.67,301.88,1088.48,279.97,1079.43,263.15,1136.96,258.98,1133.29,231.84,1124.82,217.49,1116.61,206.62,1151.87,260.74,1142.02,234.79,1129.02,221.72,1116.03,213.28,1165.06,266.43,1150.18,246.46,1134.26,237.60,1119.31,232.56,1176.90,276.37,1159.98,263.90,1144.91,258.51,1130.72,255.85
ND_CK5r_QkD_eg_frame023323_r.jpg,0,1048.94,646.90,1014.84,622.66,976.12,608.93,944.32,595.39,922.62,580.77,966.98,633.41,928.35,633.17,907.31,634.46,889.86,636.10,971.08,658.17,935.17,672.19,911.39,682.19,891.84,691.37,980.18,679.23,946.38,696.67,921.91,707.71,901.90,717.21,991.37,692.76,967.69,712.26,952.50,724.90,938.59,735.43
ND_CK5r_QkD_eg_frame024818_l.jpg,0,857.62,692.00,874.78,664.69,895.47,640.18,901.88,621.35,895.49,609.01,910.00,646.59,948.42,636.06,972.13,636.02,990.90,638.29,912.67,667.39,950.59,662.56,976.00,662.79,995.31,665.02,912.26,691.13,948.86,692.19,975.77,696.70,996.75,701.41,910.02,714.95,940.34,719.12,960.35,723.75,978.20,728.11
ND_CK5r_QkD_eg_frame031097_l.jpg,0,784.43,932.25,820.67,924.57,861.73,941.27,894.47,961.73,920.76,967.96,806.40,974.12,846.98,1006.16,873.15,997.79,881.29,986.98,794.36,996.87,845.36,1030.79,869.64,1012.99,870.45,998.04,792.61,1012.37,843.84,1040.58,864.27,1021.42,862.71,1005.99,797.62,1021.85,839.43,1043.82,857.79,1030.23,857.74,1016.33
ND_CLFU3cLFw6E_frame000601_r.jpg,0,421.07,549.36,417.66,576.33,395.88,595.89,370.72,609.15,353.15,623.36,379.31,557.31,355.21,593.52,344.76,613.07,333.34,627.37,363.09,547.57,343.67,593.96,355.48,600.84,362.28,596.82,353.38,545.04,338.89,588.77,351.98,594.18,358.78,589.63,348.09,548.89,337.81,581.10,347.14,588.43,354.11,586.61
ND_CLFU3cLFw6E_frame000601_r.jpg,1,457.70,714.01,418.12,694.67,380.74,701.70,358.04,723.38,349.25,744.53,354.90,705.52,325.20,737.37,318.86,758.30,319.65,771.74,364.11,726.72,337.21,765.58,341.40,780.08,349.50,783.63,378.28,748.39,354.91,783.13,363.12,789.51,373.29,785.96,396.31,768.39,378.39,795.44,385.31,796.24,394.24,788.59
ND_CSc1C3CWkmI_frame007501_r.jpg,0,821.68,279.81,816.51,256.66,812.35,234.48,806.94,218.92,799.70,209.85,824.00,244.78,804.71,238.64,790.58,236.55,779.40,234.83,823.22,261.98,795.49,254.04,778.69,248.76,766.83,245.05,818.69,277.46,790.69,269.42,774.82,263.00,763.80,256.78,811.84,289.84,789.85,283.55,776.65,277.37,766.58,271.27
ND_CSc1C3CWkmI_frame009001_l.jpg,0,538.60,428.70,562.75,435.99,581.55,452.22,592.79,468.02,604.84,477.05,569.08,444.17,571.73,474.85,571.75,487.77,568.46,491.19,550.54,446.68,556.76,482.46,560.50,491.44,560.14,490.19,535.36,450.75,542.58,485.79,548.06,492.84,550.13,490.57,524.47,454.40,530.59,481.05,536.64,487.82,540.17,487.46
ND_CSc1C3CWkmI_frame009001_l.jpg,1,812.32,480.26,795.11,466.02,778.55,464.05,767.11,471.70,756.78,481.84,799.63,496.86,788.73,513.34,771.79,520.37,756.22,524.44,803.02,514.23,785.80,533.24,764.30,538.17,747.58,538.08,801.24,525.33,784.82,544.99,764.42,548.66,748.33,547.52,796.63,531.59,782.68,549.94,766.72,553.95,753.57,552.72
ND_CSc1C3CWkmI_frame013001_r.jpg,0,885.83,294.65,834.14,279.45,777.85,289.93,747.87,318.91,738.29,346.74,750.48,279.47,683.93,317.64,649.71,344.28,625.48,365.47,768.76,306.40,735.48,354.78,758.97,352.28,776.77,335.48,793.19,334.59,770.36,367.55,790.19,361.05,804.33,346.92,818.83,362.51,802.75,376.14,819.68,368.04,830.38,358.40
ND_CSc1C3CWkmI_frame013001_r.jpg,1,254.46,84.12,307.28,98.36,345.32,129.79,359.86,168.78,354.27,199.79,326.21,120.87,358.67,196.35,356.97,185.09,344.16,164.35,287.41,137.50,328.74,213.56,332.01,201.79,320.46,181.19,255.16,155.31,300.61,222.94,304.75,208.64,294.04,188.44,230.40,170.89,271.11,221.49,277.58,209.35,267.07,190.08
ND_CSc1C3CWkmI_frame020251_r.jpg,0,519.30,477.40,546.08,488.64,557.81,514.39,554.30,538.31,546.89,554.21,544.00,513.09,543.95,547.58,545.51,566.62,547.29,575.27,525.03,515.28,523.55,554.52,529.35,569.56,535.05,570.73,510.09,517.07,510.38,555.48,519.42,566.87,526.55,564.71,500.52,518.76,501.65,550.89,510.15,561.54,517.66,560.60
ND_CZrJEz5pRwk_frame000501_r.jpg,0,286.69,845.27,285.28,848.54,244.36,856.65,189.23,881.17,135.88,906.88,132.91,800.41,47.14,839.01,20.59,890.07,16.66,935.24,116.09,834.35,35.27,877.11,42.64,933.47,70.22,968.20,108.03,868.58,39.98,914.62,67.20,957.50,104.45,976.21,107.51,900.48,51.78,932.85,68.73,960.62,103.70,971.89
ND_CZrJEz5pRwk_frame000501_r.jpg,1,1550.26,856.71,1549.72,873.96,1576.54,902.86,1623.42,948.29,1664.08,989.53,1699.39,857.15,1751.26,939.17,1727.99,987.86,1694.73,1009.83,1722.90,886.46,1767.30,969.06,1720.83,1004.59,1676.32,1010.69,1728.34,918.84,1758.70,984.74,1712.84,1010.96,1668.92,1013.31,1722.31,944.47,1738.23,990.97,1706.55,1013.30,1674.16,1018.34
ND_CZrJEz5pRwk_frame001751_r.jpg,0,1022.83,756.92,975.26,715.34,909.55,721.78,866.18,765.75,852.57,810.33,980.29,777.28,895.42,794.30,848.63,806.22,817.22,816.44,993.09,825.52,895.23,842.84,837.84,840.66,801.88,831.62,990.65,856.67,897.82,865.54,848.56,851.94,818.57,836.15,979.23,873.01,907.08,869.04,870.68,853.09,846.90,838.30
ND_CZrJEz5pRwk_frame005001_r.jpg,0,1102.93,629.81,1047.75,599.44,986.81,602.55,940.37,629.31,911.68,654.06,989.28,584.38,918.41,626.01,880.82,655.76,853.19,679.28,1022.90,613.52,946.73,661.90,901.34,693.13,868.96,715.83,1053.58,650.31,984.20,700.77,942.19,726.33,911.95,740.11,1077.69,689.24,1022.24,730.41,993.14,744.00,972.65,748.42
ND_CZrJEz5pRwk_frame006251_l.jpg,0,1163.47,734.96,1121.76,694.45,1055.12,686.61,1000.51,701.27,966.54,720.01,1077.33,705.68,999.51,717.84,967.60,726.39,948.45,734.41,1088.53,751.40,1000.28,760.86,1008.76,748.19,1035.50,741.21,1096.02,789.63,1015.83,793.83,1024.26,778.46,1047.71,771.71,1100.43,818.18,1034.19,819.16,1039.25,804.01,1058.64,797.81
ND_CZrJEz5pRwk_frame009001_l.jpg,0,613.02,533.72,665.85,497.10,718.71,483.07,767.35,503.03,793.81,531.39,676.97,440.82,746.39,458.63,782.28,492.14,801.05,521.27,651.00,474.44,731.84,516.78,774.50,539.11,802.54,553.14,634.22,511.59,715.78,554.17,713.31,555.34,698.19,548.78,626.87,546.39,695.50,579.31,693.14,576.10,678.45,567.58
ND_CZrJEz5pRwk_frame009001_l.jpg,1,1075.07,529.84,1040.40,474.43,971.09,431.20,901.31,428.46,854.28,439.91,986.98,401.05,900.28,398.69,864.49,423.58,854.18,442.02,990.70,435.20,889.43,437.64,892.25,464.27,914.43,475.31,991.98,477.59,900.70,486.83,919.69,502.74,948.44,502.26,991.15,520.93,922.53,528.50,939.67,535.77,964.69,531.53
ND_CZrJEz5pRwk_frame009251_r.jpg,0,1408.16,306.92,1410.54,259.45,1406.05,213.36,1388.61,175.35,1371.49,159.46,1492.07,218.60,1437.71,163.20,1392.13,167.28,1369.78,180.95,1488.29,254.96,1411.95,201.09,1376.65,223.19,1371.10,245.67,1468.38,290.10,1396.41,236.78,1370.97,256.07,1371.76,274.27,1441.20,319.78,1385.10,278.83,1371.37,290.09,1377.33,305.39
ND_CdQv5NsWGdo_frame016801_r.jpg,0,811.48,583.92,753.90,521.83,744.83,429.47,747.43,348.32,743.45,283.89,854.76,391.14,840.15,294.92,810.62,250.11,780.16,220.48,894.41,389.88,881.28,292.74,844.83,243.92,801.25,222.84,906.68,397.24,877.08,315.61,840.41,277.12,800.42,258.94,904.05,406.44,873.02,358.33,836.86,334.15,800.05,319.19
ND_CdQv5NsWGdo_frame016801_r.jpg,1,282.37,601.30,271.21,551.29,285.22,474.24,332.84,400.12,377.54,336.96,205.89,376.25,244.41,293.71,277.28,234.87,301.85,181.81,256.87,365.44,274.59,281.49,294.77,228.26,309.07,175.48,303.09,376.38,344.99,334.74,350.37,403.64,340.84,441.41,344.17,399.41,369.13,362.28,366.99,412.80,352.23,445.49
ND_CdQv5NsWGdo_frame019201_r.jpg,0,779.69,511.52,741.11,467.11,700.88,391.35,647.58,324.06,595.89,272.65,808.51,280.62,769.14,187.81,710.27,182.98,655.39,200.04,781.42,283.11,736.33,208.11,678.07,201.90,632.61,217.51,753.52,296.20,712.66,233.15,666.96,228.36,630.53,240.27,726.46,315.78,692.16,268.77,657.62,261.80,632.83,268.48
ND_ChbZcn4DSBg_frame003589_r.jpg,0,449.95,1050.43,484.62,1000.48,528.63,955.65,574.40,938.57,611.60,936.30,521.22,904.10,606.10,900.54,650.42,915.38,678.36,926.77,516.79,920.75,618.59,930.28,611.33,965.63,586.94,974.23,520.04,950.91,615.50,965.16,601.93,995.80,575.94,999.62,527.83,987.87,602.68,1008.42,589.97,1026.94,566.35,1026.22
ND_CnXQqzKHy-U_frame005001_l.jpg,0,517.17,362.43,523.20,419.97,569.92,453.46,626.35,481.30,673.05,516.59,647.73,410.51,717.03,460.80,759.83,497.46,797.50,526.32,674.22,384.22,763.56,415.57,818.88,447.95,860.63,473.55,686.04,374.58,768.86,393.62,821.45,418.48,862.59,441.15,688.57,376.61,759.76,388.27,805.18,404.73,840.74,423.30
ND_CnXQqzKHy-U_frame005001_l.jpg,1,74.91,796.70,46.10,672.31,69.95,573.26,126.32,519.10,166.55,503.81,206.13,557.00,312.25,478.03,348.22,449.11,351.40,440.05,263.68,615.88,366.84,527.55,378.52,494.29,359.23,487.35,296.61,677.60,389.40,597.72,408.16,555.65,394.02,538.04,306.75,732.19,361.32,664.55,368.40,623.56,356.34,601.01
ND_D-IuDUp2ISY_frame007501_l.jpg,0,920.50,215.34,845.75,198.21,766.29,218.16,708.92,253.81,671.29,289.70,750.62,199.60,664.94,250.15,614.61,291.96,576.94,327.42,782.72,224.83,683.28,277.64,625.63,319.22,583.63,351.73,826.42,258.15,731.03,316.59,677.76,358.37,636.55,388.15,875.66,296.22,813.04,346.95,771.47,377.49,733.31,401.39
ND_D-IuDUp2ISY_frame022751_l.jpg,0,620.31,455.45,604.12,437.33,583.31,435.58,569.71,443.24,566.51,453.37,565.11,454.39,543.95,459.80,538.66,460.10,537.75,458.78,568.81,467.75,562.32,465.13,569.22,461.21,576.23,459.08,576.94,476.36,570.02,472.07,574.91,468.96,581.36,467.80,584.99,482.69,578.28,477.89,582.49,474.89,588.06,473.45
ND_D-IuDUp2ISY_frame028501_r.jpg,0,595.50,228.36,644.81,228.55,682.89,252.39,705.94,283.47,723.24,308.21,665.74,273.60,700.88,317.44,720.28,332.76,732.73,338.55,639.02,289.30,679.87,335.18,703.66,344.83,717.52,344.75,616.87,300.14,656.13,339.60,677.79,341.56,688.53,336.96,599.47,305.92,632.36,338.46,652.66,340.61,662.56,335.59
ND_DAtsXfxKG0A_frame006215_r.jpg,0,1192.24,559.75,1223.17,572.05,1252.18,579.03,1272.00,586.22,1286.66,592.62,1260.27,553.19,1280.13,554.62,1279.22,569.41,1272.67,580.15,1245.76,546.44,1263.03,549.54,1259.67,568.79,1252.27,580.40,1224.56,541.54,1236.49,545.23,1232.88,562.62,1227.73,571.52,1200.75,537.27,1203.23,539.31,1204.68,549.08,1203.58,553.49
ND_DAtsXfxKG0A_frame008844_l.jpg,0,685.09,363.92,661.08,362.25,636.04,366.77,617.40,370.40,603.78,369.34,640.59,375.39,623.28,390.70,614.44,400.75,607.50,408.96,650.73,383.37,635.96,400.97,628.33,413.10,622.72,422.44,663.56,389.98,650.48,406.53,643.88,417.47,638.51,425.58,677.97,395.64,673.24,408.70,670.14,417.36,667.75,424.44
ND_DJnh5wqcr04_frame016745_r.jpg,0,464.07,514.34,494.88,469.24,540.12,460.98,578.14,464.60,607.03,460.60,567.33,514.74,604.12,496.10,602.56,476.71,593.61,467.72,555.69,539.54,590.40,517.21,588.64,495.17,577.76,484.99,540.53,550.82,571.31,529.58,572.66,509.73,563.77,499.93,526.86,555.65,553.04,537.77,558.75,521.54,554.94,511.92
ND_DJnh5wqcr04_frame018240_l.jpg,0,272.35,486.49,316.64,460.58,356.28,462.29,380.91,479.65,395.71,502.41,377.50,461.10,430.97,470.59,438.03,491.46,425.93,503.69,378.04,484.21,438.84,505.36,445.83,528.93,435.65,541.40,369.64,510.19,425.04,538.13,433.82,561.09,429.93,572.80,352.97,539.05,392.07,565.22,392.61,577.37,383.28,580.53
ND_DP44Rtu7X-4_frame016446_r.jpg,0,526.70,252.73,555.35,242.76,581.04,238.23,600.80,245.43,605.29,261.24,575.68,259.12,599.74,274.61,601.39,278.72,597.55,279.93,566.72,273.42,593.48,288.71,597.93,294.35,596.44,297.53,557.33,285.69,583.57,299.68,591.47,305.19,594.66,308.52,546.95,296.21,567.06,307.17,578.54,311.35,586.83,314.19
ND_DQgGxgcIgcE_frame002630_l.jpg,0,437.96,738.86,473.46,696.81,489.23,654.20,502.58,619.93,518.74,592.23,444.36,617.36,463.14,580.86,476.33,571.61,481.81,566.68,437.56,631.58,469.12,604.92,493.88,611.38,509.06,621.68,437.46,648.33,470.90,631.46,495.21,640.20,510.04,651.78,439.70,660.81,464.56,645.44,485.71,648.77,501.32,655.79
ND_DQgGxgcIgcE_frame004303_l.jpg,0,423.87,718.22,453.29,706.00,474.14,677.85,491.42,648.96,506.47,624.16,432.90,638.36,459.65,592.38,478.67,570.87,493.31,554.04,421.97,631.98,437.44,582.04,451.43,557.01,462.35,539.48,419.66,631.02,431.38,588.13,442.04,563.90,451.91,544.08,423.62,632.77,432.29,597.37,439.44,576.24,446.82,559.99
ND_DQgGxgcIgcE_frame004303_l.jpg,1,810.02,721.43,815.16,710.52,814.04,700.87,809.76,698.08,802.10,695.84,765.01,665.76,742.37,643.49,726.68,643.27,715.73,650.95,751.57,680.87,724.26,663.57,705.36,664.11,691.90,668.98,746.75,699.22,717.57,688.85,697.39,689.59,681.62,692.20,747.73,719.83,725.85,719.93,710.13,723.59,696.94,726.64
ND_DQgGxgcIgcE_frame006215_l.jpg,0,1130.62,569.68,1097.31,504.81,1021.42,458.00,943.89,447.80,883.85,448.33,1033.23,433.97,936.66,418.69,869.34,418.97,813.51,423.54,1040.58,481.89,932.48,478.34,852.37,487.12,787.48,496.40,1049.10,540.29,963.57,539.22,907.08,537.98,862.70,536.13,1055.77,599.76,979.68,607.10,931.57,614.42,888.33,619.25
ND_DS_fGMcnGiU_frame015001_r.jpg,0,435.27,297.83,444.08,258.62,434.42,225.87,415.31,207.07,403.58,203.12,394.99,226.26,371.76,205.91,374.08,206.94,378.78,210.95,378.49,245.80,364.63,226.87,375.81,231.11,386.24,239.13,369.28,265.57,366.30,249.94,375.63,253.33,384.33,261.61,364.20,284.52,365.63,269.16,374.67,271.29,381.57,277.85
ND_DS_fGMcnGiU_frame015001_r.jpg,1,400.17,49.82,413.90,63.62,430.46,78.15,442.26,92.44,454.07,103.99,440.03,45.40,419.88,59.76,405.05,72.72,392.76,82.42,423.02,26.34,397.99,50.81,386.51,66.58,378.37,77.79,405.15,14.55,383.57,35.96,377.72,49.68,375.33,58.93,388.89,6.52,377.62,15.79,377.56,21.70,379.74,25.71
ND_DS_fGMcnGiU_frame017101_r.jpg,0,156.71,437.99,166.96,427.10,172.83,421.34,177.96,425.23,179.97,434.84,136.31,409.09,143.67,431.33,152.26,445.72,161.09,453.80,123.26,421.08,134.26,449.52,147.26,464.08,158.86,471.69,117.54,434.39,128.78,461.78,141.24,474.10,152.01,480.59,117.11,446.34,126.23,469.46,136.75,479.42,145.89,484.29
ND_DVjsGkvRgmI_frame003589_r.jpg,0,903.08,811.98,915.67,796.60,945.58,784.17,983.44,784.22,1014.23,787.50,982.77,749.95,1033.35,756.02,1046.53,779.35,1045.23,801.57,989.77,765.97,1035.27,777.35,1038.61,804.56,1029.36,826.39,993.56,784.02,1031.47,793.77,1031.91,814.80,1022.29,830.82,993.84,799.79,1024.18,806.26,1026.53,819.95,1018.94,830.89
ND_DVjsGkvRgmI_frame005383_l.jpg,0,1267.44,816.15,1257.31,847.14,1264.53,872.73,1276.40,896.26,1290.94,912.90,1336.85,851.30,1344.87,883.99,1324.07,888.14,1310.13,881.27,1346.92,835.02,1346.42,867.02,1322.64,873.59,1306.53,867.71,1347.57,825.45,1344.25,854.97,1323.02,862.74,1307.97,858.91,1344.03,822.66,1338.86,852.50,1323.32,859.22,1309.99,856.00
ND_DcTJmttqB48_frame002393_l.jpg,0,1565.79,734.79,1640.65,668.17,1649.95,572.27,1648.73,494.47,1660.21,425.86,1512.42,523.54,1537.93,435.27,1588.60,423.51,1627.47,433.42,1470.54,554.27,1519.09,478.45,1580.38,475.70,1623.49,489.74,1457.34,592.97,1510.16,529.48,1565.50,519.34,1608.14,529.11,1460.92,626.69,1494.88,567.68,1539.51,557.15,1575.48,567.32
ND_DcTJmttqB48_frame009569_r.jpg,0,1383.94,846.73,1336.65,815.18,1282.20,814.95,1241.49,810.23,1219.35,790.25,1247.81,848.14,1205.57,892.65,1183.44,918.66,1169.88,937.20,1265.16,881.97,1219.54,934.28,1228.58,928.21,1244.54,912.32,1287.96,909.61,1254.55,947.12,1262.81,936.36,1275.53,921.58,1311.90,931.83,1282.30,952.86,1289.01,941.66,1299.19,928.89
ND_DcTJmttqB48_frame011064_r.jpg,0,614.30,922.40,583.42,925.67,546.54,928.64,509.53,935.53,475.49,941.36,517.28,899.17,471.90,914.83,453.66,933.22,448.03,950.29,521.63,909.83,481.88,923.12,466.55,939.93,460.30,955.66,527.63,920.77,494.76,931.15,483.05,944.11,476.00,957.42,532.38,931.30,508.03,940.48,498.56,949.23,493.07,957.65
ND_DfS61ZILc9w_frame000961_r.jpg,0,781.06,196.08,783.28,243.99,753.13,280.22,723.17,302.94,706.31,317.99,695.59,251.76,661.68,295.79,668.74,325.87,683.14,343.61,690.82,241.46,661.89,284.45,675.67,312.97,696.98,328.90,693.85,238.17,676.39,279.36,691.51,302.49,711.28,315.44,700.14,238.54,690.91,270.13,700.98,290.19,718.27,303.11
ND_DfaffRfMdcM_frame005682_r.jpg,0,0.05,439.32,16.64,425.72,35.37,413.52,49.31,404.49,59.31,393.25,15.29,421.98,40.08,437.00,56.40,444.77,69.59,450.65,6.91,441.04,36.99,455.54,55.50,462.69,70.61,467.86,1.60,456.04,31.03,468.84,47.36,477.10,60.21,483.65,-1.66,468.27,19.65,478.46,34.53,487.06,46.64,495.80
ND_DfaffRfMdcM_frame007177_l.jpg,0,249.15,516.26,245.08,488.20,225.72,470.56,202.67,462.47,183.90,457.66,221.57,497.56,199.37,466.40,208.37,465.48,215.88,472.68,212.37,511.22,189.49,477.15,199.75,475.98,208.71,483.69,203.68,519.45,184.50,487.09,194.24,486.11,202.23,493.13,196.44,523.59,184.18,500.93,192.03,498.47,198.51,503.43
ND_DfaffRfMdcM_frame033788_r.jpg,0,280.02,156.59,304.68,164.12,319.02,176.94,319.30,195.26,313.58,213.73,302.84,144.78,297.47,153.82,293.40,171.42,290.21,184.53,277.86,135.02,264.29,151.90,256.41,170.38,251.12,183.34,258.54,133.42,243.04,148.58,235.26,165.62,231.08,176.72,246.91,135.47,230.19,145.51,221.23,157.42,216.22,165.73
ND_DqmaTbRqp6A_frame000898_r.jpg,0,888.65,738.26,822.45,729.58,775.04,712.56,742.42,692.68,717.71,674.04,799.46,702.66,774.73,686.39,754.01,676.03,734.69,664.38,815.45,711.69,797.38,701.48,782.96,695.55,766.89,686.25,834.23,726.68,820.52,724.68,806.84,725.84,791.76,721.64,855.45,747.94,848.81,759.25,841.07,763.44,834.41,763.05
ND_DqmaTbRqp6A_frame003589_r.jpg,0,576.92,724.77,622.83,700.32,662.89,704.68,689.96,724.99,713.86,737.50,637.78,733.35,681.21,784.40,689.95,775.66,682.97,760.10,617.10,761.18,668.63,800.35,673.70,784.06,661.04,768.94,604.16,783.09,654.69,812.26,657.09,795.57,644.98,782.46,597.51,799.70,637.98,817.66,642.04,805.43,632.69,795.12
ND_DqmaTbRqp6A_frame003589_r.jpg,1,893.18,764.45,856.69,735.53,824.22,732.64,810.06,761.84,806.75,785.62,851.67,768.70,837.21,799.96,824.18,821.13,809.67,838.96,863.42,793.28,842.47,826.50,824.26,848.08,806.06,866.15,868.05,810.55,846.36,843.05,828.71,862.57,810.55,879.08,869.48,821.85,850.89,851.91,836.03,867.39,820.91,879.75
ND_DqmaTbRqp6A_frame008373_l.jpg,0,624.29,302.66,736.73,257.13,852.69,271.78,941.67,328.95,996.25,397.54,913.84,221.59,1044.44,304.70,1130.31,359.30,1195.08,400.20,871.05,246.51,982.33,417.95,946.77,505.99,905.50,533.81,812.11,303.62,895.94,485.23,847.43,533.26,801.32,522.84,749.93,369.56,815.42,512.41,788.02,536.97,756.99,518.35
ND_DqmaTbRqp6A_frame009270_l.jpg,0,597.82,869.19,637.70,852.05,685.30,844.55,721.66,851.44,739.78,867.30,675.67,835.60,712.46,870.56,725.94,894.51,733.28,911.76,653.84,856.46,694.56,892.84,711.64,916.79,721.86,933.56,633.63,881.54,674.56,915.28,691.73,933.66,703.32,944.36,616.48,907.00,647.23,932.89,665.14,945.51,679.74,952.76
ND_DqmaTbRqp6A_frame009569_r.jpg,0,878.96,884.71,835.24,882.35,794.24,893.49,758.23,904.69,729.12,910.39,842.19,909.96,818.75,957.13,798.64,988.58,781.75,1012.66,873.25,928.83,856.00,984.31,831.51,1015.86,810.41,1033.68,894.17,944.47,883.56,996.19,864.20,1025.86,845.71,1042.62,905.29,955.62,903.09,998.53,890.64,1021.76,875.39,1034.82
ND_DqmaTbRqp6A_frame009569_r.jpg,1,609.89,905.15,654.99,888.85,695.94,893.38,725.79,907.25,748.08,918.70,658.98,905.60,690.32,941.47,712.27,969.17,730.21,992.64,625.84,927.59,644.12,978.59,665.14,1009.99,682.62,1032.83,604.33,948.11,618.90,994.48,642.22,1022.92,662.86,1040.21,593.80,964.89,604.12,1006.70,621.97,1027.30,641.31,1039.39
ND_DqmaTbRqp6A_frame009868_l.jpg,0,556.81,875.53,587.26,846.44,617.14,830.73,640.85,818.37,652.27,798.08,593.24,869.22,613.11,889.66,629.49,903.16,645.98,915.83,578.90,901.20,609.71,926.35,634.45,937.97,654.43,947.74,573.11,924.02,604.33,947.69,628.45,958.03,649.00,964.95,574.73,937.59,601.29,958.62,620.81,967.95,639.35,972.86
ND_DqmaTbRqp6A_frame009868_l.jpg,1,944.06,830.76,908.59,814.84,882.40,814.16,863.78,807.99,856.87,790.48,905.82,860.93,878.14,894.84,858.38,912.85,841.72,929.43,918.47,885.16,885.42,920.50,859.57,937.83,838.35,951.00,923.82,901.36,892.23,935.65,867.58,952.56,847.07,964.86,923.11,910.61,897.30,940.57,876.93,956.21,859.20,966.58
ND_DqmaTbRqp6A_frame018539_l.jpg,0,625.16,605.13,594.81,567.44,560.11,547.34,525.40,548.30,499.60,556.43,569.94,534.01,525.10,537.33,496.75,548.79,474.38,559.47,579.46,561.58,526.24,571.68,493.79,582.16,471.18,590.40,582.52,590.36,528.47,601.21,496.16,608.31,473.30,613.16,581.85,617.69,536.85,626.64,509.56,628.39,487.84,628.26
ND_DqmaTbRqp6A_frame022426_r.jpg,0,852.08,636.55,820.36,604.68,793.70,585.21,767.39,578.51,748.21,581.18,817.66,588.28,793.00,597.54,772.10,603.99,756.83,608.31,827.91,617.70,794.52,626.07,766.72,628.15,748.56,625.87,829.69,647.32,793.92,654.31,765.07,653.63,745.63,647.26,828.27,675.01,796.66,679.08,776.56,676.04,762.89,669.36
ND_DqmaTbRqp6A_frame023323_l.jpg,0,927.54,839.93,884.58,837.72,858.82,852.32,860.53,876.12,875.35,892.60,909.10,864.44,920.08,887.63,924.87,908.85,925.42,927.10,933.17,873.64,940.68,901.71,936.00,917.45,929.89,926.91,944.85,880.30,948.69,906.96,939.37,916.23,928.98,920.07,949.82,884.28,950.88,905.01,943.16,913.75,934.03,917.55
ND_Du188vty6SM_frame001201_r.jpg,0,60.03,506.81,89.10,490.50,132.40,460.11,186.58,432.49,211.19,417.88,57.46,381.12,117.12,392.89,140.91,417.87,142.59,426.26,54.58,384.44,116.12,398.33,135.08,426.50,132.84,437.16,58.14,396.15,114.82,407.67,131.07,433.08,124.48,437.78,66.51,412.44,112.95,418.25,123.34,437.74,118.04,442.77
ND_Dx54vYpswzM_frame001201_l.jpg,0,266.20,118.33,255.31,127.73,255.55,149.84,259.32,173.84,263.22,194.23,306.12,146.44,330.12,160.98,335.68,178.66,335.02,194.31,310.35,152.30,328.17,172.43,330.53,193.65,326.25,211.35,309.74,157.77,324.85,178.25,326.44,197.00,323.04,212.96,306.70,162.12,318.11,180.18,321.12,194.78,320.12,207.41
ND_DxzL6CSktjk_frame000898_r.jpg,0,762.20,476.17,751.33,494.25,738.71,506.01,733.55,515.70,729.08,525.00,723.65,493.43,708.33,496.77,699.91,502.91,694.21,508.50,730.30,488.55,714.14,490.43,704.70,497.18,697.12,503.62,739.62,483.35,727.82,484.04,717.58,488.90,709.12,494.10,751.92,480.12,747.48,478.86,742.42,481.42,737.73,484.24
ND_DydCrNHfT9A_frame008101_r.jpg,0,325.20,335.61,339.52,337.15,350.29,342.66,355.92,352.24,356.51,360.78,334.97,351.47,341.12,365.71,344.80,365.09,344.36,360.87,325.74,357.45,331.98,376.95,336.04,376.00,335.33,370.62,317.40,362.06,323.41,381.43,328.02,379.24,328.29,373.08,309.86,365.13,310.40,381.85,315.30,385.18,318.68,383.72
ND_DydCrNHfT9A_frame009001_r.jpg,0,655.82,320.86,661.63,339.66,670.72,350.81,679.48,354.58,687.75,355.86,686.88,347.52,699.33,350.64,709.76,352.01,719.11,353.05,689.49,342.71,702.86,344.65,713.35,345.93,722.53,347.29,691.63,337.90,704.23,340.35,714.18,341.96,722.48,343.02,692.33,333.37,703.42,336.93,711.43,338.75,718.19,340.39
ND_DydCrNHfT9A_frame009601_l.jpg,0,569.03,488.14,591.85,495.28,601.42,515.03,604.27,537.83,608.02,553.62,579.25,536.94,584.98,569.23,595.55,577.54,601.69,578.83,569.82,540.38,579.34,568.73,590.73,576.99,598.44,578.89,566.47,540.49,577.16,564.50,587.57,571.00,594.74,572.40,567.55,540.52,576.65,559.25,584.79,565.37,590.97,567.34
ND_DydCrNHfT9A_frame010801_r.jpg,0,683.59,471.47,710.90,467.03,730.00,474.67,739.10,488.37,741.46,500.07,735.21,490.75,749.98,512.22,746.16,512.75,740.04,509.65,723.90,504.55,741.23,526.08,738.49,523.10,732.77,517.05,711.48,513.85,727.32,533.05,725.93,528.68,721.57,521.98,699.48,518.87,709.11,530.66,709.38,526.06,706.54,519.50
ND_DydCrNHfT9A_frame010801_r.jpg,1,271.55,558.60,270.98,584.90,263.18,603.16,254.38,613.42,247.10,619.57,253.56,601.77,240.57,623.58,238.39,625.50,239.46,621.36,240.60,592.80,224.04,613.95,224.05,616.74,227.59,614.59,232.60,583.22,218.88,598.82,222.46,601.61,228.60,600.24,229.64,574.50,220.98,583.94,223.53,587.43,229.28,586.76
ND_DydCrNHfT9A_frame012001_l.jpg,0,496.49,552.98,523.82,560.78,551.63,574.93,576.69,581.75,596.40,586.09,529.34,618.06,557.95,629.76,579.34,624.37,595.21,614.25,524.49,622.46,553.82,632.83,574.69,625.29,589.52,613.47,519.70,624.62,548.20,633.22,567.96,626.25,580.93,615.15,514.93,624.17,539.51,632.09,557.65,629.40,570.26,621.87
ND_DydCrNHfT9A_frame012001_l.jpg,1,717.73,480.17,692.18,490.73,673.90,519.31,654.74,542.85,636.01,557.23,713.86,552.29,679.42,580.80,654.49,587.21,636.01,587.28,722.55,558.80,691.32,595.60,664.90,603.26,644.47,603.44,724.71,559.37,698.13,592.53,673.64,598.93,654.64,598.97,722.18,556.56,703.59,581.86,686.16,589.07,671.79,590.57
ND_E5-c4fFJ9To_frame008074_l.jpg,0,1147.16,314.02,1133.56,303.07,1110.32,305.08,1080.22,305.38,1050.42,304.47,1102.62,357.63,1067.22,358.01,1040.50,348.53,1022.07,337.66,1100.76,373.23,1063.79,383.30,1041.04,369.60,1030.39,351.74,1097.83,377.13,1066.59,385.22,1046.88,372.94,1034.91,358.68,1093.08,373.16,1067.80,380.52,1051.68,371.64,1039.92,360.53
ND_EWcCTo3bFbc_frame011064_r.jpg,0,582.74,124.64,476.45,180.96,418.41,253.79,386.31,341.80,369.00,415.00,507.93,239.79,499.04,341.80,474.31,401.04,453.24,441.38,601.84,239.01,585.03,347.34,538.35,381.23,492.64,383.10,676.82,233.43,660.95,333.01,616.79,375.09,566.42,389.81,734.50,223.28,757.45,301.83,735.46,341.37,695.62,365.85
ND_EpzI6ROo_xw_frame011961_r.jpg,0,892.94,47.41,930.26,205.11,1032.01,348.94,1114.50,500.15,1176.22,624.58,1347.49,120.36,1444.99,347.96,1317.58,395.71,1249.27,346.34,1345.30,66.71,1423.78,310.36,1300.67,360.39,1222.02,302.81,1308.27,48.65,1386.61,274.31,1280.40,324.50,1213.17,276.23,1260.51,48.08,1337.33,240.48,1272.28,274.55,1222.74,227.59
ND_F-Qx9ZMN_30_frame025117_l.jpg,0,1134.42,351.15,1088.42,337.05,1042.85,327.98,1005.84,332.81,981.49,342.09,1067.56,304.41,1041.76,305.00,1025.58,307.53,1014.82,307.97,1083.56,327.25,1056.08,344.30,1031.28,354.03,1012.11,360.82,1099.57,352.26,1074.95,366.01,1047.38,374.93,1024.50,380.53,1113.95,379.05,1102.56,384.58,1089.56,383.23,1076.89,380.83
ND_F-Qx9ZMN_30_frame025117_l.jpg,1,575.19,128.30,577.10,159.09,583.28,187.56,582.97,217.68,581.54,242.58,611.42,163.23,619.17,164.59,618.35,161.00,620.92,160.09,619.26,138.91,636.99,139.41,645.62,137.25,651.70,136.10,624.57,118.80,646.04,117.31,659.55,111.83,670.89,109.60,626.02,102.89,643.61,92.03,654.57,83.78,664.69,78.76
ND_F09JBIq0Hkk_frame000751_r.jpg,0,466.19,447.42,485.71,474.60,514.56,503.32,537.78,537.80,550.92,569.21,587.38,472.36,588.27,522.24,577.95,550.92,562.87,569.24,589.32,481.95,586.04,535.78,566.26,562.11,543.03,577.90,580.66,493.88,575.75,545.87,556.50,566.76,535.85,578.07,566.63,504.62,564.22,544.74,550.52,561.10,535.06,569.99
ND_F09JBIq0Hkk_frame000751_r.jpg,1,317.20,653.39,370.69,604.58,430.23,596.26,473.75,613.60,495.81,636.96,452.27,602.66,520.59,627.01,554.91,637.69,577.49,645.77,447.76,648.02,526.55,666.18,515.57,657.85,490.50,650.54,436.83,688.88,509.36,702.79,498.48,688.49,474.90,678.92,421.91,720.30,467.25,717.10,461.21,699.27,446.73,688.86
ND_F09JBIq0Hkk_frame006001_l.jpg,0,505.62,459.62,478.55,447.20,458.05,450.65,447.37,460.93,444.72,473.76,441.94,448.09,421.69,458.41,419.38,469.36,422.90,476.94,442.65,461.75,427.53,478.06,431.94,484.20,438.66,484.64,448.02,475.54,442.36,489.21,449.33,489.29,456.19,485.15,455.83,488.03,456.49,495.04,463.51,494.29,469.88,490.90
ND_F5HFkLGHnIA_frame002152_l.jpg,0,917.29,411.21,776.14,429.02,620.45,458.66,499.79,455.34,399.35,442.17,566.90,564.73,431.46,556.39,352.20,519.67,289.78,465.85,604.14,600.73,456.78,609.49,373.81,558.41,315.39,485.66,675.48,626.22,541.36,659.37,466.86,614.49,415.90,545.10,770.89,645.37,709.92,669.66,656.25,630.67,617.86,571.24
ND_F8H09j5o3vw_frame000901_l.jpg,0,210.10,473.00,232.58,418.62,228.37,377.97,222.33,348.89,227.40,330.75,152.28,344.93,120.63,325.82,129.96,340.22,148.06,354.93,121.44,371.86,111.31,365.89,129.18,382.29,147.46,392.33,105.97,407.02,93.60,393.53,109.31,404.04,127.22,415.44,99.74,441.41,99.28,436.06,115.23,440.78,130.03,446.67
ND_FKrSv4vNXt0_frame004785_l.jpg,0,512.90,198.76,455.64,193.03,411.76,227.49,391.67,271.22,380.31,306.90,419.57,229.11,392.65,279.77,375.77,319.33,362.13,351.61,454.08,255.88,420.31,320.49,395.40,361.84,375.13,390.24,487.57,278.10,454.05,339.56,425.07,374.36,401.18,396.26,516.12,294.38,487.97,341.70,463.22,367.36,439.98,384.80
ND_FMa5Dy8jnmc_frame018570_l.jpg,0,1871.14,822.19,1760.87,576.96,1549.36,474.61,1366.46,481.36,1289.16,551.15,1355.35,704.07,1110.20,764.39,1019.35,755.91,979.14,739.01,1363.53,852.33,1245.60,749.69,1302.08,682.05,1380.18,658.78,1417.08,945.13,1325.14,825.59,1362.18,774.13,1426.80,761.82,1473.73,1001.19,1395.87,892.70,1427.00,842.97,1487.49,828.21
ND_FajOwucOJa0_frame002393_r.jpg,0,886.85,122.33,951.02,65.68,1033.14,65.17,1089.17,89.13,1131.73,87.33,993.73,98.03,1037.79,147.81,1061.89,188.04,1082.70,227.70,963.75,162.34,1017.50,222.89,1051.76,270.02,1078.26,315.15,946.50,212.80,1006.17,272.44,1040.68,316.73,1068.00,357.15,939.83,248.87,992.96,302.31,1025.18,336.62,1052.85,368.83
ND_FajOwucOJa0_frame005682_r.jpg,0,1506.69,169.79,1451.43,155.02,1410.03,174.53,1394.61,209.87,1398.30,240.36,1418.46,166.14,1375.29,202.81,1350.09,226.65,1329.22,245.02,1435.96,190.41,1381.32,224.07,1349.09,240.91,1328.60,250.44,1454.45,219.54,1422.72,260.61,1426.05,258.90,1436.06,247.39,1471.61,247.28,1444.94,276.30,1445.25,271.20,1452.32,259.38
ND_FajOwucOJa0_frame015549_l.jpg,0,1415.35,866.83,1350.17,769.96,1331.49,679.63,1331.75,610.05,1338.41,548.98,1432.44,609.41,1343.14,606.97,1317.27,664.89,1318.28,710.05,1467.21,627.78,1358.82,639.54,1336.95,696.20,1336.54,737.63,1489.68,660.05,1383.35,671.85,1363.23,719.38,1360.79,755.69,1502.86,703.21,1424.05,700.63,1387.96,722.48,1364.81,746.25
ND_FajOwucOJa0_frame016147_r.jpg,0,728.76,781.79,704.30,705.32,686.09,659.66,680.31,631.27,685.81,607.58,588.04,670.08,631.19,643.98,691.43,640.22,729.36,648.71,596.23,721.68,695.56,695.85,757.29,692.60,787.70,695.78,624.24,767.91,726.04,735.68,771.89,727.96,789.66,727.23,661.24,805.14,746.07,776.44,778.00,760.85,787.85,752.62
ND_FajOwucOJa0_frame016147_r.jpg,1,1283.93,933.81,1270.50,846.45,1209.85,781.51,1147.60,761.07,1101.12,770.49,1188.55,855.59,1109.61,888.60,1049.53,883.10,999.94,870.74,1171.05,912.29,1082.37,943.08,1017.83,920.20,975.42,890.49,1152.39,950.41,1061.78,981.60,996.13,964.06,951.74,938.48,1135.69,972.01,1060.38,990.98,1010.40,982.93,969.31,965.41
ND_FajOwucOJa0_frame016745_r.jpg,0,1516.05,996.48,1562.63,956.23,1629.54,957.08,1691.42,953.52,1752.94,952.33,1591.39,1017.96,1610.65,1056.02,1614.31,1079.86,1617.47,1104.68,1536.32,1051.34,1532.93,1103.92,1529.13,1130.09,1522.20,1146.72,1486.46,1058.37,1451.80,1096.44,1423.10,1104.70,1398.95,1109.47,1442.79,1046.06,1386.69,1049.97,1342.82,1038.63,1309.43,1024.57
ND_FajOwucOJa0_frame017044_r.jpg,0,1533.81,841.86,1470.50,864.61,1450.72,890.57,1435.48,908.75,1408.14,904.30,1582.99,915.23,1639.38,961.75,1685.40,989.96,1734.14,1015.28,1641.32,916.19,1724.86,944.53,1788.67,958.91,1846.19,969.07,1677.82,922.18,1758.83,948.46,1819.20,961.59,1870.87,970.60,1695.85,930.38,1769.66,958.54,1823.94,975.59,1871.59,987.18
ND_Fbm6S56WlQw_frame040561_r.jpg,0,266.83,400.62,300.69,376.54,325.41,345.76,351.21,329.98,376.81,322.44,288.06,288.52,317.89,275.31,349.80,294.95,377.08,318.44,249.58,303.48,277.21,322.03,310.09,367.62,332.04,402.00,220.37,332.00,246.78,352.01,276.31,389.37,294.02,413.98,201.23,365.87,227.17,392.14,251.74,413.51,266.83,424.57
ND_Fbm6S56WlQw_frame097441_r.jpg,0,518.24,376.81,594.61,369.23,671.86,367.86,727.73,377.88,772.59,387.27,687.37,317.97,763.02,317.43,807.77,338.12,838.22,357.90,669.28,325.62,757.04,350.21,788.23,402.83,796.55,445.37,646.74,349.25,727.87,380.23,755.72,429.17,764.35,465.78,623.31,382.43,690.32,409.39,715.73,444.27,726.78,473.22
ND_Fbm6S56WlQw_frame126241_r.jpg,0,729.57,685.65,683.19,671.53,641.58,670.57,614.98,677.23,595.14,685.84,614.31,659.13,557.45,665.27,523.57,670.84,496.39,672.99,615.82,672.19,554.57,686.39,516.19,695.78,486.25,700.72,623.92,689.66,566.82,705.26,530.65,714.68,501.34,719.21,635.79,708.78,593.59,724.67,564.88,733.08,540.25,738.41
ND_FdiohLUjSls_frame001197_r.jpg,0,412.64,334.33,273.30,361.22,172.34,458.26,139.73,572.15,157.41,652.02,213.11,479.47,182.42,615.28,166.82,686.27,149.66,732.54,297.08,508.99,260.15,641.99,217.53,700.70,186.56,724.29,372.78,526.82,330.80,652.58,288.51,669.00,263.29,651.23,434.10,540.32,396.74,626.36,371.38,624.76,359.43,598.42
ND_FiWIcDMkzhU_frame005701_r.jpg,0,519.87,512.46,547.28,508.89,576.93,515.02,598.14,521.56,614.46,522.55,565.00,522.43,577.54,533.33,581.66,541.70,583.97,548.86,551.42,534.58,564.79,550.58,573.68,562.92,580.26,573.03,538.82,545.02,550.43,564.75,559.92,578.30,568.65,588.47,527.32,553.35,534.49,572.63,541.72,583.04,549.79,591.22
ND_FiWIcDMkzhU_frame005701_r.jpg,1,686.57,406.39,668.75,425.08,655.36,448.51,650.51,469.48,647.14,486.43,647.80,438.21,646.64,459.83,648.71,472.89,652.32,484.90,658.38,432.70,654.58,451.53,656.58,465.73,660.52,478.11,671.73,425.63,671.82,438.05,672.87,443.49,674.24,448.13,687.16,417.49,688.79,425.00,689.12,428.42,689.36,431.13
ND_FiWIcDMkzhU_frame027001_r.jpg,0,578.01,487.02,590.68,492.23,598.52,504.81,598.09,521.50,597.19,535.58,595.34,532.91,603.07,546.03,605.60,545.67,605.19,540.05,590.15,537.26,594.89,550.42,597.96,546.48,598.97,539.46,585.75,539.16,589.15,551.29,593.74,548.79,595.69,543.70,581.92,538.40,584.70,550.45,589.07,551.08,591.80,548.86
ND_FiWIcDMkzhU_frame027001_r.jpg,1,838.75,457.31,819.12,461.36,803.83,470.21,797.68,482.83,797.78,494.60,826.08,495.61,807.21,516.23,803.88,508.11,806.22,498.75,838.81,502.75,818.42,522.10,814.93,513.03,817.61,503.13,847.68,506.57,828.62,523.68,825.87,515.42,828.61,506.11,854.00,507.42,840.35,521.50,835.78,516.05,835.92,508.88
ND_FiWIcDMkzhU_frame029701_r.jpg,0,639.37,491.88,620.59,505.62,605.06,523.32,598.46,540.02,595.01,553.44,592.44,516.88,585.35,537.76,583.97,550.75,583.55,561.05,601.46,512.16,595.80,531.07,598.93,545.25,604.18,553.75,614.94,508.25,611.19,523.85,613.87,537.01,618.18,544.59,631.01,505.20,627.85,519.29,627.68,529.92,629.29,536.98
ND_FiWIcDMkzhU_frame029701_r.jpg,1,445.03,629.06,456.12,612.63,466.95,603.31,477.72,601.15,487.49,599.99,464.68,644.75,482.03,657.82,497.10,663.40,509.42,665.97,463.26,659.38,479.75,681.11,496.41,682.77,508.09,678.44,464.86,667.57,480.44,685.19,495.67,685.07,506.55,681.54,468.97,669.95,481.41,682.74,493.42,684.51,502.58,683.08
ND_FiuUCX28dL4_frame008401_r.jpg,0,607.82,420.59,610.42,398.20,609.52,381.08,613.79,366.72,619.71,357.26,572.34,383.71,549.67,373.76,536.63,370.40,526.59,368.20,565.09,398.13,541.46,390.78,528.50,387.87,520.20,385.90,563.57,412.73,543.11,405.71,532.32,402.34,526.07,399.57,566.05,426.17,554.33,423.93,550.13,421.77,549.16,419.88
ND_FiuUCX28dL4_frame009001_l.jpg,0,583.26,458.24,563.97,435.41,538.00,430.53,517.06,430.75,504.19,424.90,524.19,444.62,495.29,454.13,479.32,460.36,468.85,465.12,527.80,461.75,495.94,471.28,481.76,474.02,475.20,474.77,534.62,477.15,505.51,488.66,492.50,489.94,485.88,488.48,544.14,489.66,523.60,499.75,514.53,500.70,510.13,498.97
ND_Fru2XJ54YHQ_frame002393_l.jpg,0,590.16,127.65,622.15,145.13,643.89,166.97,652.33,191.33,652.72,210.12,635.16,158.17,648.35,185.03,654.25,208.05,657.68,227.15,606.56,163.14,611.98,197.75,616.02,221.36,619.86,238.17,580.25,166.01,583.29,200.18,591.88,218.15,601.62,226.82,556.48,166.67,552.63,188.90,558.92,196.86,567.10,198.75
ND_Fru2XJ54YHQ_frame002393_l.jpg,1,990.95,353.93,979.01,367.42,957.24,377.99,938.18,385.17,923.38,397.30,956.92,392.48,930.06,403.19,909.42,407.33,892.83,409.26,956.95,383.94,924.76,388.15,901.32,393.20,886.08,396.53,958.94,369.17,929.51,371.81,918.62,373.36,912.59,373.63,961.10,348.47,949.16,345.81,951.80,348.97,954.29,350.88
ND_Fru2XJ54YHQ_frame005682_r.jpg,0,874.21,228.68,834.48,236.73,803.27,257.93,788.48,284.62,785.59,308.23,835.09,248.45,820.37,292.86,811.48,320.64,804.69,341.55,864.38,254.70,846.61,303.14,834.94,334.71,826.29,356.03,887.59,263.90,873.08,308.24,860.12,336.28,848.74,355.76,904.76,273.62,898.13,307.14,890.33,327.76,882.69,344.06
ND_GKyRrpznUpA_frame011701_r.jpg,0,1670.86,962.84,1612.92,837.00,1485.65,779.78,1361.60,750.06,1278.73,708.46,1422.10,888.46,1274.40,777.61,1223.48,718.75,1201.40,682.85,1390.93,973.61,1202.67,876.67,1172.71,795.49,1185.27,746.32,1379.89,1031.80,1201.54,964.02,1178.10,882.24,1188.92,831.02,1380.96,1060.96,1240.89,1018.51,1207.71,961.03,1203.07,917.50
ND_GOhBgqPW7bo_frame001501_r.jpg,0,453.34,345.01,525.84,307.48,613.42,296.95,681.28,308.94,732.46,322.61,641.66,274.52,722.24,334.00,692.27,352.75,664.53,339.22,625.73,302.35,704.05,370.93,670.64,383.31,643.74,367.12,604.44,338.82,675.34,403.80,643.33,410.07,619.29,393.69,577.82,380.02,636.01,429.12,609.10,429.46,587.27,414.60
ND_GOhBgqPW7bo_frame001801_r.jpg,0,542.58,545.61,618.21,490.86,709.43,493.31,779.66,525.95,830.81,547.35,712.36,561.59,822.16,594.57,879.02,605.74,919.00,613.44,694.45,620.70,810.61,653.06,855.82,643.38,876.16,631.96,677.84,659.51,780.35,684.79,813.90,672.41,823.26,658.69,666.30,677.97,742.94,703.78,773.46,699.19,784.65,689.14
ND_GSoNUnn-LfA_frame001197_r.jpg,0,934.50,394.25,889.25,345.43,851.93,300.45,816.86,267.45,776.16,231.19,895.64,361.63,897.42,328.69,894.01,298.55,886.50,279.96,925.20,405.93,929.47,385.16,926.14,365.20,918.11,356.76,951.76,450.17,958.20,456.94,952.73,453.87,944.71,452.96,975.12,488.08,984.24,514.50,987.12,533.51,988.95,550.27
ND_GckDM8ncVRA_frame054001_l.jpg,0,536.88,628.34,580.18,555.49,656.39,459.83,757.24,382.85,858.28,318.40,597.15,265.22,679.43,173.17,763.08,127.38,831.67,107.27,655.85,304.15,757.98,223.72,839.14,210.11,917.01,210.17,713.13,347.85,803.36,287.75,878.64,278.85,948.55,284.09,754.98,399.22,832.32,339.40,890.53,327.21,941.03,325.15
ND_GfQnfvZo0Sw_frame000601_l.jpg,0,969.00,1374.35,915.85,1293.07,869.98,1284.28,794.15,1332.87,721.96,1409.17,993.07,1260.19,898.03,1345.76,802.57,1398.89,712.56,1430.08,1017.67,1373.14,936.76,1482.65,803.42,1528.64,688.16,1542.43,1008.80,1490.83,936.83,1598.50,797.50,1624.45,680.89,1617.69,972.97,1598.88,876.32,1697.34,761.08,1716.04,661.80,1712.34
ND_Gg2tG4jeRjM_frame016201_l.jpg,0,2463.24,1102.17,2360.81,999.18,2319.00,909.65,2281.48,854.04,2246.02,808.43,2460.39,810.56,2358.70,793.45,2288.80,798.81,2232.12,809.73,2490.92,844.86,2356.26,843.29,2273.15,863.58,2211.32,880.80,2502.43,898.92,2370.95,891.59,2294.76,903.20,2238.21,910.15,2497.34,965.65,2416.77,949.65,2367.08,946.48,2326.93,941.69
ND_Gg2tG4jeRjM_frame016201_l.jpg,1,1275.73,1772.80,1338.23,1720.91,1391.50,1720.37,1441.20,1750.89,1474.04,1794.91,1255.79,1700.18,1361.34,1741.78,1435.69,1776.69,1489.71,1799.85,1221.77,1773.13,1342.88,1833.65,1438.36,1870.57,1504.52,1881.11,1212.20,1844.05,1331.86,1894.63,1434.08,1912.95,1500.59,1913.74,1218.22,1899.21,1321.28,1930.72,1403.51,1927.40,1456.28,1920.35
ND_Gg2tG4jeRjM_frame016801_r.jpg,0,2812.04,1881.84,2744.66,1841.05,2661.39,1842.83,2580.25,1859.34,2495.17,1859.40,2783.14,1833.53,2706.02,1870.24,2626.98,1874.95,2553.11,1870.29,2829.58,1894.58,2730.12,1924.17,2630.29,1924.55,2543.76,1917.44,2852.06,1947.84,2767.09,1977.99,2668.00,1979.29,2580.61,1972.22,2855.15,1985.61,2824.29,2020.19,2774.22,2037.98,2720.95,2052.06
ND_Gg2tG4jeRjM_frame016801_r.jpg,1,1348.55,1903.04,1439.97,1829.76,1536.23,1763.84,1599.11,1745.18,1628.61,1759.79,1458.71,1729.10,1590.92,1763.48,1623.06,1790.81,1622.72,1811.91,1410.41,1798.57,1594.00,1861.56,1606.96,1850.61,1579.39,1830.75,1378.45,1882.80,1566.20,1938.85,1583.85,1911.71,1562.55,1881.54,1355.25,1964.44,1510.33,2002.00,1574.66,2000.34,1608.35,1996.45
ND_Gg2tG4jeRjM_frame021001_r.jpg,0,2977.68,1944.17,2925.18,1860.71,2935.74,1756.49,2959.64,1669.22,2976.74,1593.18,3128.16,1733.33,3199.76,1677.99,3233.68,1646.04,3218.87,1633.76,3183.25,1801.67,3297.13,1750.77,3310.04,1747.86,3265.73,1764.02,3203.63,1877.67,3322.88,1839.19,3303.69,1849.30,3246.92,1867.10,3200.60,1962.75,3295.65,1942.72,3274.22,1948.87,3216.20,1959.25
ND_Gi-BLklLu3w_frame001201_r.jpg,0,526.94,553.63,492.99,463.12,517.82,388.43,560.22,334.31,607.86,320.89,619.70,378.82,696.72,309.50,698.82,296.97,667.93,324.05,677.02,431.47,786.55,350.70,782.53,313.94,745.06,315.31,707.19,484.73,819.06,429.04,806.02,397.47,774.73,392.04,710.49,542.14,804.74,506.78,795.55,478.45,761.71,467.95
ND_Gi-BLklLu3w_frame008701_l.jpg,0,492.35,607.45,588.06,540.40,684.98,548.57,763.89,598.78,827.56,616.04,716.94,578.21,787.06,601.96,831.72,609.19,871.62,609.55,698.56,626.60,769.92,653.42,817.89,658.74,854.52,657.24,667.74,667.85,745.22,685.75,783.69,677.24,807.66,664.40,631.75,707.99,672.97,692.39,670.58,663.36,663.10,636.12
ND_Gr3TxWpVELA_frame009270_l.jpg,0,487.83,343.38,519.27,337.85,546.08,348.20,564.37,364.95,578.88,378.52,529.47,362.09,561.39,388.50,567.85,388.85,561.81,382.89,516.32,377.48,549.99,406.17,557.07,405.15,552.53,398.12,505.15,389.82,536.17,416.15,543.09,413.29,539.52,406.02,496.62,397.99,521.19,420.36,527.95,418.62,524.70,411.40
ND_Gr3TxWpVELA_frame009270_l.jpg,1,676.26,280.29,685.89,269.43,691.68,268.22,678.91,273.99,663.82,281.76,712.69,282.67,724.42,288.20,718.82,288.81,712.52,287.33,701.71,294.60,704.74,302.30,702.16,300.90,697.34,296.41,687.51,302.18,673.47,302.72,662.34,292.18,654.72,281.88,672.95,306.54,660.01,306.25,651.82,297.53,646.56,288.47
ND_Gw5F0yIlka0_frame004187_r.jpg,0,99.38,131.09,204.26,75.11,320.19,84.67,400.92,145.54,474.22,179.73,367.49,77.50,453.73,114.84,485.88,169.37,496.36,212.61,351.41,137.79,451.46,180.54,473.83,233.03,474.15,271.22,325.52,183.96,418.96,226.05,443.05,263.56,431.32,291.53,292.34,232.52,365.85,261.71,385.87,284.97,384.47,303.67
ND_Gw5F0yIlka0_frame004187_r.jpg,1,132.74,670.44,168.23,518.22,276.11,394.71,350.83,313.20,400.69,255.08,450.15,478.84,506.74,354.17,483.85,296.75,459.40,256.91,456.80,536.91,469.95,411.53,428.32,338.91,375.53,295.96,430.46,575.70,429.10,463.80,388.74,400.09,344.48,357.92,404.57,592.30,402.12,504.25,369.53,451.13,329.71,416.52
ND_H0XTcFOUWDw_frame007201_l.jpg,0,94.51,311.82,156.03,230.36,242.37,180.94,323.58,181.11,384.23,183.76,252.69,146.32,323.39,136.01,371.59,153.96,406.32,176.42,256.98,199.99,328.58,197.92,373.38,217.44,408.27,243.94,255.32,252.12,323.95,254.23,367.25,265.46,400.60,287.33,250.26,308.17,307.61,310.48,342.96,314.23,376.93,323.51
ND_H0XTcFOUWDw_frame009901_l.jpg,0,264.58,250.12,361.11,231.14,456.86,215.38,528.06,217.26,581.90,220.48,476.93,149.35,561.99,142.48,589.89,170.98,590.71,197.36,460.03,186.13,531.05,196.05,550.18,227.60,553.59,252.90,438.13,223.76,481.54,246.67,495.30,276.86,496.20,302.38,415.37,260.09,447.20,277.92,451.52,300.52,446.37,320.58
ND_H0XTcFOUWDw_frame012601_r.jpg,0,710.54,599.09,757.34,536.41,768.54,475.99,756.51,425.58,736.99,392.20,800.74,501.10,807.14,440.57,803.64,399.49,799.08,362.24,758.46,512.82,761.94,467.83,747.56,425.49,732.76,385.77,716.18,529.73,688.01,494.47,657.52,460.47,636.55,429.14,676.93,545.48,648.53,521.59,625.01,501.09,610.65,481.35
ND_HGmakg5bHgQ_frame008373_r.jpg,0,458.26,241.87,442.78,225.22,422.08,217.53,403.61,213.44,389.15,215.47,417.38,260.41,388.06,257.62,377.55,247.09,375.82,238.47,417.58,270.73,388.41,267.45,378.01,256.28,375.66,247.12,416.48,274.54,390.75,271.60,381.74,261.89,378.23,253.81,415.13,274.57,394.60,274.18,384.83,266.46,381.46,258.58
ND_HOBa40Isc-s_frame000001_l.jpg,0,742.27,578.92,745.85,544.93,732.87,511.77,705.29,500.41,683.78,508.06,730.46,501.87,688.04,483.33,689.49,496.75,702.09,507.37,716.45,519.70,672.68,501.88,677.95,515.33,692.00,523.83,701.42,538.93,662.33,522.96,670.03,534.89,683.74,542.47,686.38,559.30,659.47,543.29,667.42,552.72,679.12,560.96
ND_HOBa40Isc-s_frame003251_l.jpg,0,1109.87,83.80,1056.91,12.74,973.32,-16.18,900.33,-7.04,854.87,10.16,1001.64,24.49,885.73,27.32,808.03,20.66,754.04,12.11,997.46,88.66,874.18,83.45,794.33,58.19,746.83,31.08,988.16,138.90,870.42,117.59,804.41,80.47,765.94,48.55,977.06,169.61,890.64,133.16,847.07,97.51,820.61,70.15
ND_HfUItHiQhOo_frame007775_r.jpg,0,577.54,230.01,551.58,241.37,533.73,264.89,530.01,289.67,527.64,309.40,558.39,271.75,549.92,300.54,544.08,313.20,539.44,320.93,577.30,276.82,566.95,307.72,557.96,322.59,550.82,330.54,591.62,279.62,583.53,308.47,574.85,322.37,567.78,330.15,601.73,280.63,597.65,305.05,591.05,316.96,584.62,323.95
ND_HfUItHiQhOo_frame007775_r.jpg,1,377.05,375.65,356.17,394.75,353.99,420.21,365.13,438.25,378.93,446.53,374.83,439.45,384.80,466.46,384.55,459.01,381.21,446.64,394.73,436.49,402.91,464.57,401.13,457.13,398.72,445.15,413.86,429.48,421.62,457.84,417.72,451.16,414.49,439.60,430.78,419.88,437.93,445.10,433.54,440.71,429.78,431.35
ND_HfUItHiQhOo_frame032293_r.jpg,0,174.31,417.56,206.78,432.01,225.22,458.27,230.11,483.48,229.35,501.90,222.23,469.26,225.52,508.60,225.17,523.00,224.24,528.37,201.62,473.49,206.18,513.04,207.83,523.53,208.69,523.73,180.85,475.52,186.60,510.64,189.10,515.40,190.14,510.31,162.27,476.03,169.77,502.70,173.24,506.41,174.48,502.31
ND_HnjrO7kobsk_frame001201_r.jpg,0,1116.02,863.85,1055.93,890.11,1005.34,947.46,962.24,990.08,921.73,1008.21,1037.29,964.44,1010.13,1012.71,989.72,1047.05,971.91,1076.05,1083.11,976.06,1083.53,1040.93,1080.58,1084.23,1077.59,1119.38,1125.60,975.30,1137.56,1038.50,1142.41,1081.27,1147.26,1114.66,1159.46,964.27,1183.44,1013.28,1200.70,1045.76,1214.43,1074.13
ND_HnjrO7kobsk_frame001201_r.jpg,1,662.47,987.93,715.82,951.25,776.11,978.07,811.29,1031.38,831.55,1067.63,715.34,1027.69,788.36,1072.61,829.24,1087.40,857.86,1095.20,695.33,1068.54,781.58,1106.45,822.08,1107.12,840.56,1103.10,684.42,1094.58,760.26,1119.65,793.32,1111.00,805.21,1099.75,681.60,1109.03,736.37,1129.72,766.41,1121.60,779.96,1112.41
ND_HnjrO7kobsk_frame007201_l.jpg,0,747.69,304.31,855.65,286.64,948.85,335.68,1003.12,415.78,1026.39,487.41,812.39,311.18,900.23,408.40,970.64,466.43,1021.80,512.06,746.38,367.52,830.80,479.09,918.46,539.18,980.40,570.23,709.38,426.80,787.71,532.37,871.76,585.28,938.46,610.34,697.64,478.47,754.20,569.02,816.76,614.67,874.54,637.85
ND_HnjrO7kobsk_frame007201_l.jpg,1,1433.42,410.85,1338.99,427.32,1262.60,498.25,1186.89,563.01,1119.87,604.62,1376.39,485.69,1365.64,568.98,1341.96,636.12,1323.97,701.95,1445.04,525.23,1429.13,648.15,1399.91,735.74,1374.59,808.00,1481.37,567.04,1455.40,681.34,1418.37,766.18,1384.92,828.03,1492.49,600.79,1460.33,693.73,1428.98,753.13,1399.37,802.75
ND_HtAEixEp7R0_frame012301_r.jpg,0,464.94,255.08,502.16,260.04,539.92,277.52,549.11,301.18,540.35,317.53,545.64,237.95,574.68,291.08,570.39,317.47,562.56,327.87,522.29,241.98,545.58,303.06,530.74,306.45,517.24,295.64,495.73,251.85,518.77,310.51,505.83,306.67,493.18,291.76,468.81,265.00,492.51,311.02,485.34,306.22,473.98,292.56
ND_HuUB5bePKIo_frame000001_l.jpg,0,1115.36,283.11,1072.17,276.17,1009.69,267.75,957.13,279.51,922.11,297.46,976.79,198.15,902.70,182.79,858.58,189.40,825.95,203.53,971.66,224.89,902.10,220.40,858.33,235.78,823.12,251.46,975.76,250.42,931.97,261.13,925.82,275.01,917.48,282.69,987.00,269.18,959.25,285.16,962.96,296.06,968.73,304.17
ND_HuUB5bePKIo_frame000001_l.jpg,1,787.22,620.31,847.49,545.37,849.35,475.56,834.54,417.64,838.71,378.60,747.70,430.53,729.62,356.13,757.43,352.24,777.26,369.67,702.36,455.42,702.21,381.04,734.72,379.63,753.09,398.60,676.72,485.73,682.33,427.38,708.53,424.41,725.41,443.68,666.03,515.71,672.45,469.20,694.25,462.67,711.18,476.24
ND_HuUB5bePKIo_frame001201_r.jpg,0,854.47,285.55,828.69,321.84,778.97,354.55,739.38,386.29,707.98,412.66,716.90,318.74,677.74,382.15,668.87,428.81,668.87,463.54,719.54,321.95,685.63,377.65,677.55,422.04,679.99,459.58,727.68,329.38,696.29,379.24,686.51,418.00,679.81,451.32,737.69,336.98,706.44,377.47,694.96,407.61,687.17,432.68
ND_HydZ-3jhmCk_frame008074_r.jpg,0,464.79,579.36,579.06,617.61,668.25,587.37,736.09,530.01,747.25,465.78,667.04,442.83,753.08,369.28,802.06,320.72,837.26,279.55,609.80,389.87,690.08,280.48,739.30,207.53,773.05,149.48,545.65,365.22,603.93,262.88,646.28,196.63,678.60,145.36,484.03,362.98,499.64,268.80,514.72,207.15,531.85,156.34
ND_HydZ-3jhmCk_frame008074_r.jpg,1,1145.54,775.66,1037.84,765.44,950.59,707.49,897.66,626.06,874.01,551.26,1025.11,616.93,932.77,504.85,883.91,448.43,849.79,407.84,1099.80,578.13,1027.99,442.23,975.18,379.51,937.31,342.08,1155.19,562.78,1112.28,443.17,1056.80,425.40,1019.55,434.42,1191.83,559.94,1157.47,472.83,1112.64,456.44,1079.97,465.24
ND_I4TF9C37taE_frame008001_l.jpg,0,1072.01,443.29,993.79,451.85,943.83,507.16,925.82,568.57,907.01,616.99,1009.84,497.60,977.59,590.59,939.79,628.61,910.67,642.65,1057.39,520.92,1009.53,628.26,963.20,661.45,935.39,658.44,1087.65,544.47,1039.66,646.09,994.42,668.80,965.95,662.12,1104.15,563.66,1065.84,644.34,1025.68,663.39,997.82,658.86
ND_I4TF9C37taE_frame008001_l.jpg,1,309.02,426.30,316.12,444.29,306.12,485.51,298.68,536.94,302.46,580.22,203.62,466.82,186.38,521.03,208.08,553.62,230.50,571.76,191.07,485.14,159.80,542.67,186.32,570.67,215.75,579.47,193.03,501.13,167.77,550.81,193.62,570.90,218.22,577.97,202.58,511.45,185.82,548.78,203.35,565.93,222.92,572.93
ND_IHcJg9Zokw0_frame000001_l.jpg,0,49.68,474.47,76.71,464.01,96.45,441.23,108.06,421.69,116.66,405.83,82.18,403.66,104.56,379.29,124.63,364.39,139.65,353.19,78.48,399.08,101.79,374.35,121.46,360.90,138.07,349.14,77.72,397.06,99.70,374.31,118.47,360.11,133.94,347.97,79.21,397.32,97.80,375.89,113.15,362.60,125.94,352.41
ND_IZqwA6zss2g_frame001501_l.jpg,0,89.65,388.10,155.61,375.18,206.28,344.39,256.41,327.05,306.65,318.97,166.31,185.30,207.47,116.08,257.64,119.23,305.51,147.52,96.76,179.03,82.60,69.31,133.10,63.43,184.92,91.69,34.36,213.02,17.09,139.02,76.39,178.62,128.06,229.82,-12.37,273.29,-3.55,268.98,44.72,301.83,86.33,337.67
ND_IZqwA6zss2g_frame001501_l.jpg,1,746.19,455.84,676.61,419.92,615.36,344.11,530.48,311.66,445.63,314.55,651.69,195.56,573.27,138.26,507.93,129.91,448.84,139.06,709.72,164.50,677.94,58.24,623.22,37.15,566.94,49.63,776.62,169.98,795.98,50.36,776.48,-4.13,754.64,-31.87,835.51,210.25,892.05,126.26,928.53,75.87,959.97,41.30
ND_IarMagOBXAM_frame000601_r.jpg,0,363.79,868.21,414.90,790.45,486.04,744.26,543.31,718.18,596.15,687.47,542.26,817.87,438.36,786.73,364.10,748.69,323.72,722.31,510.87,887.19,384.22,833.54,324.12,784.45,293.90,755.85,463.38,942.21,350.99,889.77,304.31,838.77,282.17,804.69,411.37,982.43,342.50,959.90,315.29,926.32,300.72,895.11
ND_ImfftJApq1E_frame018001_r.jpg,0,360.45,216.04,426.77,225.07,472.29,223.37,498.14,223.97,511.35,222.29,498.67,129.08,532.69,159.64,533.66,204.59,521.38,230.60,472.73,118.83,514.44,162.73,508.31,217.23,490.48,240.64,437.28,123.04,482.90,161.07,476.73,215.62,460.56,237.55,397.03,138.72,433.81,175.40,437.92,213.95,432.35,231.87
ND_ImfftJApq1E_frame083761_r.jpg,0,409.06,612.48,439.50,609.37,472.20,619.46,488.60,642.50,489.52,667.56,440.91,590.38,467.12,609.85,480.91,634.49,489.39,657.90,412.98,602.29,426.30,630.19,435.60,646.15,437.34,652.74,392.04,621.48,402.80,650.07,412.46,663.40,416.64,666.47,378.78,641.92,386.17,671.76,394.59,684.95,401.47,686.85
ND_ImfftJApq1E_frame114241_l.jpg,0,730.33,629.06,713.06,635.51,702.51,654.19,697.27,681.73,687.21,704.73,761.16,675.27,734.58,701.30,713.38,693.28,708.24,680.78,765.65,692.81,730.75,713.09,712.24,699.22,711.81,686.77,761.71,704.71,732.26,723.23,715.92,710.92,712.95,699.22,755.08,712.27,736.80,726.87,724.27,721.19,719.36,715.00
ND_ImfftJApq1E_frame114241_l.jpg,1,425.86,577.72,452.14,549.92,472.30,524.46,496.63,519.65,522.23,523.65,429.52,503.31,429.69,487.79,439.70,483.98,450.58,484.58,404.37,525.88,420.89,524.70,437.29,524.48,449.15,525.80,394.31,556.06,444.27,566.82,468.13,567.41,480.48,565.46,396.50,586.36,440.43,591.56,468.05,589.35,486.30,585.35
ND_ImfftJApq1E_frame133441_l.jpg,0,625.81,638.77,597.14,618.87,567.85,616.50,547.01,628.28,539.31,650.28,598.37,635.51,557.75,660.30,537.88,664.84,526.45,664.14,611.20,660.57,553.76,682.23,546.05,670.79,553.41,660.67,616.55,682.44,559.61,699.84,557.46,686.50,567.42,677.42,616.86,698.98,571.58,711.74,568.66,701.28,577.48,693.83
ND_IoSu4wvLU5Q_frame000001_l.jpg,0,787.12,462.16,805.34,473.16,817.60,487.76,821.74,500.93,816.48,507.04,800.94,496.52,802.07,525.93,802.72,539.12,803.04,549.01,787.35,495.89,789.75,527.42,791.50,543.56,792.24,554.63,775.15,494.13,777.81,523.30,780.29,538.10,782.14,547.96,764.66,491.29,764.83,511.16,766.30,522.88,767.80,531.66
ND_IoSu4wvLU5Q_frame000251_l.jpg,0,969.25,525.93,986.01,540.71,990.58,561.70,982.46,577.54,974.51,592.95,950.35,580.67,936.03,604.68,926.36,618.98,916.76,630.51,936.97,574.55,918.62,596.80,906.11,610.02,893.94,619.95,928.68,564.53,910.22,583.10,898.35,592.74,887.28,599.95,923.78,551.27,906.69,563.95,895.89,570.59,885.88,575.88
ND_IoSu4wvLU5Q_frame000251_l.jpg,1,740.49,365.35,718.05,356.14,695.53,355.39,677.69,358.23,663.98,359.62,682.56,384.14,661.16,391.81,651.57,393.17,643.55,394.02,688.19,393.28,666.65,402.42,656.32,404.48,648.02,404.81,696.53,400.08,676.89,408.87,666.49,411.73,657.90,412.28,707.64,405.36,694.53,414.34,685.34,417.56,676.90,418.87
ND_IoSu4wvLU5Q_frame000751_l.jpg,0,856.37,593.20,836.88,581.41,814.14,588.63,796.33,602.32,782.06,614.84,817.10,630.84,789.09,643.17,775.82,633.06,770.90,622.39,818.47,640.17,790.83,648.41,778.39,636.77,773.79,626.21,817.43,643.79,791.15,649.56,780.53,639.27,777.22,630.39,816.01,644.56,793.23,649.70,781.22,642.59,776.78,634.39
ND_IpiC3DXsq1U_frame002991_l.jpg,0,305.62,660.60,355.55,578.28,444.84,537.36,525.43,554.27,574.60,595.84,475.38,496.57,600.99,511.43,624.03,559.77,618.43,594.29,485.26,537.34,628.37,566.07,639.17,620.88,622.10,651.94,485.53,592.28,605.96,657.31,567.74,694.09,526.72,696.77,474.38,655.30,537.77,727.05,503.44,738.11,469.52,721.63
ND_IpiC3DXsq1U_frame009868_r.jpg,0,289.90,529.87,319.97,548.35,332.16,582.87,338.59,616.47,354.38,636.56,296.39,591.00,293.31,631.58,289.27,657.54,284.72,679.10,271.53,594.14,264.87,644.02,261.36,676.30,257.61,701.43,253.73,594.52,244.26,642.58,238.59,672.71,233.79,695.62,243.40,593.17,229.83,630.70,221.78,653.99,214.68,673.53
ND_IpiC3DXsq1U_frame015549_r.jpg,0,443.71,413.21,438.62,381.03,444.54,343.34,448.04,315.02,443.99,292.66,455.87,358.84,493.77,330.66,498.12,326.88,489.04,333.49,471.33,381.96,514.59,350.69,506.23,350.27,489.36,359.51,485.36,403.14,525.87,374.79,514.51,373.30,497.76,380.29,496.59,421.67,531.51,406.68,525.60,403.85,513.11,406.52
ND_J1lDx3lC9_c_frame000501_r.jpg,0,855.32,673.46,759.47,645.13,715.01,571.77,706.36,512.75,699.76,481.41,722.91,486.30,688.69,416.62,668.26,385.57,654.18,366.43,787.02,469.82,767.39,391.32,760.19,414.85,759.99,448.23,844.87,477.89,817.48,436.86,807.18,465.79,809.40,493.43,890.67,497.24,866.96,474.12,857.80,497.81,861.39,523.13
ND_J3mY6itiPZ4_frame015601_r.jpg,0,256.06,590.24,203.53,563.19,109.52,567.31,28.56,599.29,-24.16,642.41,118.49,568.55,-12.19,648.49,-55.74,680.02,-76.26,688.95,127.48,587.74,-16.71,679.80,-66.98,705.08,-93.53,710.27,125.88,610.08,-7.22,688.13,-31.29,695.61,-34.61,688.91,114.29,631.38,8.89,682.56,-4.21,686.66,2.76,680.73
ND_J4_5HX8yLO8_frame006280_r.jpg,0,1212.76,702.81,1220.73,792.39,1163.99,873.60,1092.13,941.38,1060.99,1008.76,1035.48,763.31,985.97,904.52,999.33,983.04,1022.11,1038.73,993.67,739.27,951.53,891.85,978.79,973.63,1011.45,1022.67,980.55,737.86,938.54,872.95,968.05,938.38,999.34,974.25,983.70,752.88,942.31,846.86,958.76,894.86,981.14,920.12
ND_J5ZgPgI1ljI_frame000001_r.jpg,0,73.48,381.17,99.68,355.09,121.27,311.90,138.95,281.90,155.99,259.20,86.23,265.30,109.69,235.38,131.13,259.69,139.68,287.11,65.93,269.02,91.81,233.77,116.86,264.51,127.57,294.37,42.28,278.26,73.69,256.96,99.16,295.20,107.56,325.57,16.71,293.50,44.29,274.06,65.40,297.10,72.34,319.38
ND_J5ZgPgI1ljI_frame000001_r.jpg,1,271.40,345.94,259.39,353.38,252.72,364.26,251.64,376.88,249.98,388.37,257.79,348.64,256.09,370.39,255.67,384.48,255.13,396.00,271.61,346.37,275.10,366.90,274.04,383.85,271.82,396.54,283.74,346.89,288.66,364.59,287.51,379.48,285.61,391.03,292.66,349.60,299.69,360.17,301.89,369.69,302.46,378.15
ND_J9xtxkTsYZc_frame007775_r.jpg,0,1199.43,623.41,1157.04,657.58,1104.74,667.99,1064.05,667.94,1037.77,661.03,1083.68,614.51,1039.86,634.50,1054.70,655.33,1071.45,655.96,1090.16,598.14,1056.65,626.51,1066.83,647.92,1079.45,651.65,1100.27,592.85,1072.63,622.95,1079.78,640.88,1091.95,644.08,1107.33,593.87,1084.53,618.61,1090.76,630.89,1102.79,631.19
ND_JF19xb358vg_frame006665_r.jpg,0,358.90,622.76,359.76,583.54,381.92,543.05,405.58,511.32,427.62,489.36,397.38,598.49,428.75,581.53,450.56,566.77,466.98,555.55,415.20,624.99,470.11,621.68,499.98,601.49,516.52,581.48,428.64,636.79,480.74,631.65,506.28,609.29,518.77,586.41,437.05,636.08,476.68,626.19,498.30,609.12,509.53,590.54
ND_JF19xb358vg_frame054027_l.jpg,0,644.68,616.19,610.88,592.72,577.99,596.11,558.94,608.57,550.58,624.92,555.85,603.01,518.33,613.42,524.80,616.04,538.98,614.10,559.67,626.66,524.23,636.80,532.36,634.16,545.28,629.21,569.88,645.96,541.42,651.27,549.48,645.22,560.72,640.68,583.28,659.56,566.74,655.62,572.60,648.67,580.16,644.56
ND_JF19xb358vg_frame054027_l.jpg,1,608.65,476.69,578.62,478.25,553.16,482.47,532.52,496.53,515.60,509.67,539.18,450.91,509.13,463.37,499.38,477.74,497.03,491.12,543.17,461.63,516.74,475.96,509.24,491.41,509.18,505.37,547.57,472.77,524.79,486.28,518.42,499.30,516.88,510.71,551.20,483.53,532.49,495.15,526.37,504.16,523.95,510.76
ND_JF19xb358vg_frame074019_r.jpg,0,537.22,275.38,619.29,195.21,685.20,108.01,753.94,57.25,834.78,18.39,557.18,-71.86,635.30,-63.88,702.13,-29.85,757.63,-7.34,453.41,-51.80,536.18,-21.40,617.76,63.29,667.92,113.69,369.54,5.08,469.81,59.68,555.47,155.53,601.53,209.25,308.92,83.05,391.09,127.29,464.36,188.98,508.14,221.63
ND_JF19xb358vg_frame135185_r.jpg,0,595.99,612.35,661.84,564.78,744.74,565.22,798.60,600.95,817.06,635.26,700.09,617.05,792.04,648.66,837.43,653.17,864.81,649.33,687.70,666.52,788.75,705.69,835.64,698.42,856.26,680.23,683.84,698.91,771.19,720.10,808.12,703.41,821.08,682.86,687.51,712.38,750.92,724.77,780.25,709.99,790.59,691.71
ND_JaMiOoXjjhc_frame011401_r.jpg,0,277.43,328.03,292.07,335.29,299.36,346.87,299.90,357.16,297.70,364.39,302.15,353.01,305.49,371.47,302.14,375.80,298.61,374.61,293.54,356.32,295.98,375.76,293.05,378.91,290.39,376.79,284.09,358.11,285.85,376.46,284.14,378.84,282.66,376.50,274.76,358.25,276.73,372.61,275.96,374.92,274.93,373.45
ND_JfMkGoETX-M_frame005981_r.jpg,0,577.45,301.90,605.35,296.03,625.62,290.34,639.69,290.80,649.90,293.37,619.34,269.08,637.69,275.21,646.33,286.57,649.82,294.86,605.97,273.93,626.74,285.50,628.82,300.35,625.38,306.89,594.13,284.11,615.27,299.62,616.15,311.06,611.03,312.46,584.33,296.72,603.47,310.41,605.94,315.70,602.57,313.62
ND_JfMkGoETX-M_frame013157_r.jpg,0,1187.79,405.68,1203.70,371.94,1225.05,365.53,1244.42,376.08,1252.00,393.53,1256.42,370.57,1274.30,380.42,1263.83,391.74,1252.47,393.65,1266.32,395.82,1288.89,407.87,1279.90,417.99,1269.01,421.51,1266.52,421.67,1276.41,436.13,1262.84,440.60,1250.64,438.51,1258.55,447.33,1254.11,458.73,1242.54,458.49,1232.31,453.41
ND_JfMkGoETX-M_frame017941_l.jpg,0,523.67,604.19,502.34,553.63,500.82,508.15,505.15,473.64,511.13,455.70,584.94,504.44,614.06,490.99,611.08,493.17,602.61,498.16,602.21,534.60,596.90,525.87,580.27,526.02,564.93,532.66,605.19,565.02,597.19,555.04,580.86,557.12,564.02,564.04,603.47,592.87,594.53,585.46,579.76,587.05,565.25,591.81
ND_JfMkGoETX-M_frame021529_r.jpg,0,956.68,295.64,978.35,257.88,1010.91,245.27,1040.46,255.30,1058.95,273.32,1032.53,225.47,1066.01,247.37,1063.28,267.15,1051.62,276.77,1046.79,242.38,1082.02,264.00,1076.26,282.98,1064.17,289.19,1055.85,265.72,1092.35,288.51,1082.45,304.94,1068.14,309.02,1059.59,294.18,1085.45,319.87,1077.12,330.38,1064.76,331.38
ND_JfMkGoETX-M_frame031396_l.jpg,0,229.34,555.82,269.50,467.31,249.70,396.81,227.11,350.45,216.88,312.97,131.17,380.32,203.69,308.33,256.76,276.51,293.89,265.34,123.66,401.65,212.35,308.84,279.24,287.84,321.18,282.95,144.90,425.35,223.98,333.17,286.58,316.58,323.09,313.28,183.17,450.53,246.78,374.01,291.53,366.56,319.94,370.01
ND_JlNmeVK_zLg_frame001501_r.jpg,0,569.95,575.13,600.44,568.36,625.06,573.01,643.15,584.27,660.80,589.99,574.16,551.03,595.18,549.35,607.10,557.72,612.04,571.28,548.86,571.95,563.55,581.63,565.52,592.82,563.82,601.80,530.35,597.05,531.56,613.72,527.23,627.43,519.85,637.21,519.88,620.99,514.43,635.02,510.12,646.52,505.64,655.13
ND_JlNmeVK_zLg_frame004001_r.jpg,0,283.22,682.93,249.31,654.34,199.37,651.18,159.66,658.44,126.24,658.91,168.93,710.16,132.53,734.61,119.74,742.19,116.56,745.81,185.09,735.74,152.43,762.92,146.40,761.50,147.84,758.12,205.79,753.27,178.05,779.62,176.04,778.19,179.29,774.43,230.42,763.75,211.50,789.77,210.72,788.96,214.44,784.91
ND_JnazEHwFg9k_frame014353_l.jpg,0,614.45,100.49,620.22,149.16,595.64,195.35,559.33,229.34,533.81,252.50,562.41,138.79,524.10,206.95,507.84,247.04,490.42,280.39,523.13,124.63,477.09,198.12,479.54,236.17,484.16,260.62,498.39,122.20,469.83,195.44,480.48,225.14,490.24,241.17,486.52,130.22,468.70,184.40,477.80,210.56,488.31,224.94
ND_JqF_hmqSUyk_frame014652_r.jpg,0,338.00,738.91,398.39,744.08,456.18,782.04,495.18,828.79,529.20,854.70,472.61,775.06,511.07,852.38,524.08,902.11,529.13,939.32,437.90,787.25,475.10,878.44,475.75,918.74,469.29,937.67,397.39,804.04,434.94,890.31,443.44,933.53,446.85,956.50,356.43,822.72,386.92,891.02,400.78,928.64,411.43,954.30
ND_JqF_hmqSUyk_frame047243_l.jpg,0,354.78,285.96,306.97,353.74,257.67,396.96,233.27,430.43,221.01,462.82,147.68,319.88,155.34,414.19,186.18,471.16,215.77,508.04,169.57,272.16,211.93,382.93,273.25,432.25,314.07,453.59,214.36,238.90,258.04,351.80,310.13,404.62,342.59,427.81,270.62,218.34,299.19,306.48,331.77,358.38,352.93,384.12
ND_JtDuUraOHI0_frame003301_l.jpg,0,17.84,494.11,106.42,389.85,241.77,355.92,366.26,397.95,469.69,438.94,330.46,401.78,435.56,439.08,511.62,477.74,560.47,511.61,324.94,480.10,432.09,519.95,504.58,550.85,564.22,585.64,303.95,553.26,410.54,588.61,476.95,615.67,535.42,639.72,269.56,621.37,368.34,649.25,422.31,662.04,467.54,670.64
ND_KC8ReSzKEAE_frame004486_r.jpg,0,454.16,723.00,425.86,609.63,469.92,465.78,565.13,360.82,643.42,300.77,393.24,416.44,525.59,273.73,623.63,275.77,673.76,306.94,437.34,476.92,627.33,379.15,668.84,417.62,649.98,448.75,504.80,537.04,668.63,457.27,672.39,498.64,633.95,526.72,575.96,585.17,692.34,509.70,686.44,544.23,654.74,569.22
ND_KDsr4zR9eZE_frame008074_l.jpg,0,646.02,332.20,589.44,247.15,502.35,224.13,426.36,234.04,384.86,269.59,455.70,210.76,340.29,222.03,273.17,238.43,227.53,252.67,442.74,255.36,311.43,270.80,233.26,289.71,178.12,307.64,442.71,315.29,320.30,339.20,244.29,361.00,188.26,382.67,452.24,382.58,347.80,407.89,293.50,433.51,250.33,459.12
ND_KDsr4zR9eZE_frame018240_l.jpg,0,853.65,335.88,737.76,269.83,640.76,298.18,573.85,346.56,542.89,394.42,572.24,306.40,460.26,361.29,424.20,417.14,414.49,460.69,564.45,365.96,436.76,437.44,394.46,503.25,386.41,555.08,585.56,432.70,483.44,517.45,456.63,576.68,448.60,620.85,634.88,499.33,581.84,581.56,563.47,626.15,553.46,657.88
ND_KJFAhuRhg_s_frame000001_r.jpg,0,360.22,311.15,372.04,293.96,390.42,286.24,406.63,289.22,417.37,295.05,394.15,290.26,419.97,292.43,422.35,295.31,416.64,297.18,393.23,304.14,417.07,308.91,412.73,308.01,402.52,305.41,390.90,316.53,411.21,319.20,406.40,317.62,397.34,315.46,388.16,326.61,405.48,327.26,401.47,325.30,393.52,323.78
ND_KJFAhuRhg_s_frame000001_r.jpg,1,451.96,269.13,462.47,264.73,477.96,261.34,490.39,262.96,498.03,266.68,477.97,247.16,488.82,235.51,497.03,231.64,502.82,230.51,480.35,251.75,491.76,247.32,499.04,248.82,504.50,252.47,482.09,257.97,493.57,259.35,499.62,263.20,504.17,268.27,483.62,264.35,493.60,267.51,499.73,270.88,504.72,275.41
ND_KJFAhuRhg_s_frame000297_l.jpg,0,326.88,104.80,338.18,118.97,353.52,125.30,366.04,130.59,376.19,135.94,375.50,108.15,394.10,121.78,404.88,132.40,413.07,140.05,376.87,104.31,395.11,118.69,405.46,130.31,413.15,139.47,376.53,104.14,392.68,117.40,402.87,128.10,410.16,136.84,374.73,106.79,388.89,117.23,397.93,125.77,403.83,132.89
ND_KJFAhuRhg_s_frame000297_l.jpg,1,237.94,202.92,253.16,176.76,278.04,171.86,298.30,178.79,310.87,183.60,290.92,195.36,312.65,198.10,312.38,190.88,306.56,187.10,287.87,209.19,303.03,202.18,300.99,194.61,294.80,192.81,282.79,217.71,294.86,207.48,292.20,201.52,285.90,200.94,277.94,222.58,287.48,212.42,285.12,207.64,279.83,207.37
ND_KJFAhuRhg_s_frame000889_r.jpg,0,191.08,211.93,210.43,184.89,235.91,171.02,257.96,167.09,273.97,163.00,253.40,192.88,286.92,196.84,278.97,195.23,265.13,195.33,251.15,212.31,280.12,212.84,273.25,208.95,260.42,207.69,246.50,228.89,269.66,225.66,263.77,221.98,252.60,220.63,241.32,243.03,259.76,237.80,254.53,233.84,245.45,232.40
ND_KJFAhuRhg_s_frame004145_l.jpg,0,199.76,266.91,220.86,235.94,251.00,230.27,275.78,237.16,291.87,241.36,271.41,248.20,299.76,260.85,300.03,264.83,291.54,265.87,268.10,268.09,279.85,270.45,274.10,267.03,265.37,264.93,259.63,283.16,265.57,279.02,259.65,275.77,251.54,273.71,250.05,294.13,252.33,288.59,246.77,284.82,240.92,282.80
ND_KJFAhuRhg_s_frame004145_l.jpg,1,320.83,138.58,333.98,150.43,351.17,157.14,364.79,163.83,374.57,170.82,373.23,153.86,395.49,165.30,407.52,174.26,416.62,181.81,375.80,151.58,397.31,163.41,408.41,172.64,417.40,180.89,376.40,151.02,396.45,162.16,407.86,170.57,416.69,178.13,375.40,151.84,392.08,159.68,402.00,166.20,409.32,172.21
ND_KJFAhuRhg_s_frame006513_r.jpg,0,181.74,179.06,180.67,144.09,200.44,116.27,227.16,108.58,246.39,115.70,205.65,124.24,241.40,94.87,253.81,95.04,258.12,103.83,220.01,148.29,268.28,125.72,264.13,125.82,251.65,132.95,231.49,169.16,270.96,145.40,263.12,142.63,251.80,147.51,239.68,185.31,267.50,162.42,260.48,157.82,251.56,161.73
ND_KJFAhuRhg_s_frame006513_r.jpg,1,253.48,234.69,229.50,258.73,224.82,290.14,235.66,313.55,247.30,330.53,250.59,306.84,270.61,331.65,276.20,337.79,275.29,336.61,269.34,298.02,290.60,325.80,292.24,328.56,287.16,324.44,285.85,284.93,306.41,310.66,306.01,314.46,298.68,312.02,299.31,269.39,313.92,286.81,313.13,293.35,306.32,294.94
ND_KJFAhuRhg_s_frame006809_r.jpg,0,209.65,135.62,203.21,131.86,196.53,136.44,190.50,147.55,185.55,158.47,214.57,144.71,206.35,157.30,195.92,167.05,186.37,173.69,216.51,154.66,208.99,169.06,197.81,177.14,188.17,182.68,214.47,162.74,207.83,176.14,197.23,182.25,188.58,185.63,210.26,168.77,204.68,179.63,196.48,185.14,189.21,188.56
ND_KJFAhuRhg_s_frame006809_r.jpg,1,14.54,104.57,43.92,96.31,77.72,101.04,103.72,114.21,115.80,126.78,78.27,80.88,107.82,107.03,109.11,124.35,103.41,129.74,66.93,92.43,101.15,119.38,98.46,131.96,91.52,132.58,54.63,107.28,84.53,135.55,76.47,139.47,67.23,132.98,42.24,123.67,67.20,143.34,61.64,142.79,52.79,135.94
ND_KTLuuIbNdDc_frame001201_l.jpg,0,1152.65,742.12,1101.75,727.69,1070.62,682.92,1065.25,634.48,1057.21,592.14,1122.47,627.21,1122.47,582.59,1119.78,614.00,1120.72,645.50,1168.78,625.89,1176.22,571.83,1176.40,552.61,1177.50,538.76,1207.46,643.50,1229.36,591.24,1243.42,558.67,1253.41,529.74,1240.41,671.71,1269.54,652.07,1289.23,642.53,1301.30,632.31
ND_KkpX-5y7iio_frame000001_l.jpg,0,601.13,545.45,618.83,525.84,642.63,523.48,666.90,530.81,687.99,534.63,645.84,563.67,683.14,567.21,699.95,557.70,710.72,548.64,645.45,579.37,685.99,586.51,707.14,579.69,721.75,572.58,645.25,585.50,682.04,590.26,701.54,583.06,715.32,575.44,645.47,585.49,673.50,585.77,688.42,579.51,699.62,573.36
ND_KkpX-5y7iio_frame000001_l.jpg,1,832.28,521.53,807.54,509.15,786.68,506.78,767.75,509.93,752.10,509.48,784.67,542.88,755.94,565.75,739.16,573.44,726.88,578.77,794.04,558.93,759.21,577.03,741.30,579.60,730.02,579.40,801.61,569.18,770.26,577.72,759.46,574.84,754.26,570.46,806.52,574.52,781.57,578.11,771.25,575.19,766.46,570.41
ND_KkpX-5y7iio_frame017044_r.jpg,0,621.24,63.03,645.74,89.06,674.08,132.63,707.27,168.14,734.73,193.89,638.84,192.73,679.58,242.86,713.47,257.07,742.63,263.49,653.97,191.54,695.09,233.53,729.52,246.57,761.64,250.06,668.85,181.82,706.50,214.21,735.98,221.70,764.16,225.81,679.28,168.22,706.06,188.16,727.94,191.91,748.99,193.54
ND_KkpX-5y7iio_frame017044_r.jpg,1,950.46,52.08,887.29,57.07,840.92,92.60,822.62,144.74,825.11,186.31,892.49,128.36,852.19,194.45,828.06,223.67,811.37,243.19,932.36,149.53,884.53,219.32,860.38,216.59,851.71,202.69,961.48,160.73,912.69,219.44,889.99,210.76,884.37,196.28,980.60,165.28,939.06,207.43,918.15,201.33,912.99,189.60
ND_KkpX-5y7iio_frame036479_r.jpg,0,563.00,-11.76,675.39,-3.18,755.89,50.71,818.98,106.66,879.19,132.77,731.88,184.84,835.43,231.16,875.44,204.04,884.20,168.74,660.40,221.99,766.05,258.68,804.66,221.54,811.95,177.99,596.92,223.56,685.90,252.15,720.57,219.71,725.05,180.33,542.69,208.43,614.23,229.49,649.65,205.48,656.16,174.89
ND_KkpX-5y7iio_frame059502_r.jpg,0,674.05,394.06,646.99,393.49,621.14,398.42,600.03,406.53,584.46,414.16,623.52,391.18,602.00,407.60,591.50,419.59,583.11,429.63,635.41,395.14,613.33,414.84,601.10,430.16,591.87,442.50,648.70,401.29,628.67,420.45,617.23,434.93,607.86,446.39,662.17,409.12,649.56,425.06,640.16,436.24,631.30,446.38
ND_KkpX-5y7iio_frame059502_r.jpg,1,516.70,401.49,537.00,394.06,552.67,395.92,563.03,406.71,571.80,419.18,530.19,403.74,543.03,419.06,552.13,422.49,557.48,423.54,518.89,417.06,533.54,434.80,545.83,445.15,555.64,452.49,512.74,428.35,524.88,445.53,536.11,453.75,546.87,459.54,510.51,436.77,517.97,451.20,525.81,457.98,534.51,462.52
ND_KlyHw8b3Y8Y_frame000301_r.jpg,0,66.97,388.82,78.69,367.77,89.32,354.29,100.04,350.18,110.56,352.72,68.23,356.26,82.94,352.52,98.26,355.44,107.29,360.87,66.15,374.88,90.63,379.44,113.45,382.88,128.27,385.46,69.45,392.76,95.04,398.69,114.49,398.88,127.05,398.16,75.12,409.06,95.58,412.76,110.48,410.14,121.74,407.63
ND_KlyHw8b3Y8Y_frame000901_r.jpg,0,156.38,387.19,159.70,359.93,163.95,344.92,179.71,338.05,195.74,337.32,119.49,366.85,152.87,360.16,183.40,351.65,201.53,348.27,124.33,396.53,176.98,387.43,211.92,369.06,225.66,357.04,139.52,417.79,188.77,409.89,218.87,388.35,228.18,371.50,156.48,429.97,191.44,425.26,213.28,409.14,221.54,393.14
ND_Kuh8StycMX0_frame000599_l.jpg,0,510.61,503.48,550.74,480.69,581.79,486.92,594.17,508.45,595.67,525.01,605.68,531.96,626.97,562.56,615.00,554.00,603.30,540.89,585.58,554.21,604.03,579.52,593.72,568.10,582.16,555.22,562.50,567.86,580.18,590.15,572.17,579.28,560.71,566.60,539.99,575.56,556.76,599.54,553.09,590.53,544.82,577.73
ND_Kuh8StycMX0_frame000599_l.jpg,1,370.16,59.21,377.21,89.87,401.70,107.15,431.99,112.59,461.31,118.73,431.26,56.52,474.11,58.94,504.14,61.78,530.82,63.73,440.80,35.89,486.14,21.08,515.79,13.91,540.82,6.55,446.78,27.09,485.36,12.15,513.61,3.91,537.27,-2.79,449.12,24.85,480.97,11.50,502.43,2.93,521.01,-3.27
ND_Kuh8StycMX0_frame001197_l.jpg,0,457.51,438.05,449.17,389.24,468.85,352.05,505.05,336.75,532.53,332.19,502.21,391.68,557.27,348.41,579.86,323.75,593.95,306.74,524.61,421.52,585.71,375.07,594.28,344.60,591.45,326.02,537.82,440.12,583.40,393.10,582.69,367.13,575.02,355.75,542.65,450.30,569.33,410.61,566.70,387.99,559.58,378.35
ND_Kuh8StycMX0_frame001197_l.jpg,1,420.66,124.45,427.77,175.00,456.57,207.73,492.75,230.91,515.46,253.70,488.41,174.61,537.57,208.15,568.02,226.98,593.11,241.80,505.52,142.42,562.34,167.44,599.39,181.31,629.93,190.04,512.94,116.11,565.58,124.95,600.41,129.72,629.12,132.21,510.83,98.56,552.46,88.51,577.13,80.17,599.97,72.75
ND_Kuh8StycMX0_frame002094_l.jpg,0,544.22,452.23,556.78,405.94,583.31,384.60,615.91,378.55,638.15,371.53,618.35,417.12,651.58,399.44,637.32,390.50,622.76,393.76,622.51,441.43,651.27,417.86,638.83,407.13,625.54,410.44,620.06,458.86,644.63,436.02,633.97,425.95,621.00,429.04,615.52,471.39,633.92,451.43,626.03,442.55,615.72,445.04
ND_Kuh8StycMX0_frame003589_r.jpg,0,282.56,510.23,301.97,514.34,316.02,524.90,320.89,536.33,324.01,545.32,307.02,554.83,311.27,574.48,312.16,578.36,312.69,576.99,293.79,556.70,295.78,576.04,295.49,568.64,295.85,560.17,281.06,555.16,281.51,572.91,282.32,564.95,283.47,556.57,268.51,550.70,267.00,566.40,268.89,562.40,271.22,556.55
ND_Kuh8StycMX0_frame003589_r.jpg,1,629.09,532.25,622.91,546.84,623.41,561.24,627.53,571.86,628.20,580.86,644.14,565.30,656.78,575.68,664.48,580.11,671.20,583.16,652.42,557.74,667.20,566.56,675.36,570.23,681.83,571.51,656.91,548.71,670.76,549.48,677.22,548.13,681.49,546.45,658.85,538.92,671.00,537.13,676.81,535.93,680.76,535.17
ND_LIGRNRG8QC8_frame009001_l.jpg,0,472.61,144.52,541.29,128.80,596.90,157.56,619.36,210.20,629.29,256.66,523.71,108.96,552.90,213.92,579.94,274.57,596.75,303.26,455.66,128.14,483.06,250.72,530.17,297.01,560.93,298.92,410.69,160.00,434.63,267.31,485.94,303.56,519.57,299.56,384.54,194.32,410.95,272.36,455.22,300.63,488.96,301.21
ND_LIGRNRG8QC8_frame017401_r.jpg,0,1026.09,230.66,988.45,248.53,973.87,294.59,972.11,344.76,970.18,385.16,1034.08,276.23,1022.45,355.67,991.91,393.79,966.97,410.38,1072.49,286.44,1061.67,372.56,1017.29,406.19,982.61,412.61,1090.94,302.13,1088.49,377.94,1049.83,407.06,1018.59,415.20,1093.81,317.86,1088.48,374.89,1061.70,397.47,1037.92,406.87
ND_LIGRNRG8QC8_frame017401_r.jpg,1,157.86,192.79,145.02,160.78,104.98,140.47,70.28,146.04,46.02,170.10,29.05,153.44,-11.41,165.89,3.49,168.13,27.14,164.42,28.37,192.05,-13.34,207.45,17.87,204.70,47.03,196.16,37.88,226.59,-4.13,242.78,29.23,236.22,59.70,226.33,56.86,256.74,30.70,270.43,51.45,261.24,72.19,249.62
ND_LKJ-w4Aw09M_frame001913_r.jpg,0,320.75,464.37,337.73,461.86,350.68,470.30,357.67,482.85,366.84,492.84,341.73,487.24,352.56,509.15,357.74,516.07,361.20,519.18,330.64,493.67,342.54,515.62,350.47,518.67,354.75,516.56,321.49,496.74,332.31,516.00,339.52,516.64,343.75,514.24,314.77,497.91,322.07,513.03,328.66,514.48,333.23,512.19
ND_LSeSlkBTOSs_frame010167_l.jpg,0,88.26,1269.91,306.27,929.92,720.38,714.49,1089.89,672.34,1386.41,592.31,1036.51,888.67,1369.55,729.71,1568.21,583.13,1738.56,477.17,1063.97,1044.06,1428.19,846.97,1642.25,668.74,1808.23,528.04,1039.34,1222.73,1453.72,1024.21,1618.67,831.40,1731.01,691.79,983.37,1426.22,1246.99,1189.29,1333.60,1007.70,1382.70,886.21
ND_Lf8qAqGjJHo_frame000898_r.jpg,0,215.07,259.57,182.59,257.48,163.06,238.68,155.70,217.17,155.09,201.14,188.02,205.36,173.14,175.36,165.19,159.38,159.44,148.45,203.57,198.59,188.53,168.63,176.46,155.69,167.97,148.23,212.84,196.26,199.73,171.28,188.09,160.24,179.70,153.70,216.28,196.34,206.90,175.52,198.40,165.18,191.37,159.44
ND_LgjkVNGGY08_frame010517_r.jpg,0,821.77,664.66,811.33,622.22,788.17,580.62,765.45,551.29,749.39,527.49,786.23,602.35,747.68,584.73,724.27,574.86,703.88,566.68,777.54,631.34,729.80,616.01,699.84,604.11,677.34,595.79,767.85,656.88,719.16,641.41,689.45,627.43,667.75,616.47,758.60,676.81,718.46,658.72,700.99,644.50,690.63,633.80
ND_LgjkVNGGY08_frame010517_r.jpg,1,279.70,712.64,271.23,667.36,279.87,622.14,289.65,586.81,295.83,557.83,306.32,636.15,331.13,593.56,347.92,568.73,362.65,549.15,328.93,656.86,365.19,618.38,387.97,593.44,405.02,573.44,346.40,677.77,385.41,647.26,408.71,627.40,424.83,610.51,358.48,696.34,394.14,674.80,415.39,661.21,431.54,648.40
ND_LgjkVNGGY08_frame027247_r.jpg,0,793.44,475.10,776.29,469.79,758.04,469.32,745.45,464.31,734.17,455.99,775.78,476.48,769.90,483.33,773.24,485.98,777.52,489.20,791.57,482.60,789.00,495.23,796.37,493.18,802.42,487.96,804.96,485.94,806.52,495.93,813.92,493.67,820.01,489.03,816.46,486.54,823.98,490.11,832.61,488.83,840.05,485.99
ND_LgjkVNGGY08_frame029637_r.jpg,0,725.36,318.14,723.66,287.85,734.38,267.93,743.19,252.27,747.83,239.18,771.11,280.03,767.59,251.70,754.19,240.16,742.55,236.28,768.84,285.39,761.18,252.12,743.77,243.34,731.08,242.35,760.45,288.13,750.19,257.32,734.76,249.62,723.60,248.76,747.41,288.73,735.57,266.55,724.89,259.62,717.02,257.10
ND_LgjkVNGGY08_frame029637_r.jpg,1,585.10,381.40,599.24,365.64,618.55,352.77,633.45,349.76,643.55,351.16,600.91,339.11,625.97,335.22,642.76,342.00,653.33,349.41,594.90,349.96,625.29,349.06,641.70,357.16,648.88,362.82,592.69,364.96,622.49,365.28,632.08,369.98,632.66,374.28,593.20,383.19,617.08,381.36,622.78,381.86,621.77,382.90
ND_LgjkVNGGY08_frame030115_l.jpg,0,466.00,540.28,469.71,560.18,459.17,579.38,445.40,598.13,436.25,612.31,432.91,550.08,419.37,585.05,419.70,605.86,419.99,621.14,417.44,549.19,397.19,585.14,403.09,604.86,413.55,615.87,410.15,552.47,395.01,586.62,404.12,603.83,415.44,613.20,409.48,558.98,401.40,582.45,408.83,597.46,418.40,606.89
ND_LgjkVNGGY08_frame031549_r.jpg,0,526.46,380.45,542.07,352.35,551.75,332.67,562.01,321.41,572.61,315.30,525.15,322.19,547.60,312.81,564.06,314.83,575.71,318.14,522.03,336.39,545.40,328.24,563.36,328.48,577.09,330.13,523.01,351.23,544.39,342.23,560.50,339.77,572.94,339.78,527.19,364.59,543.90,357.39,554.52,353.90,563.21,352.25
ND_LgjkVNGGY08_frame031549_r.jpg,1,789.43,462.83,770.62,479.08,750.27,481.79,735.70,479.11,725.55,474.10,743.75,479.06,716.81,479.44,702.07,477.98,690.36,475.84,742.05,470.29,717.91,470.58,702.79,467.24,690.32,463.59,742.70,459.95,720.49,462.37,705.24,461.27,693.26,460.22,743.97,448.93,728.71,450.23,718.58,451.21,710.35,451.69
ND_LjAu6AwqWVo_frame000599_r.jpg,0,239.20,414.44,208.61,402.44,177.37,410.47,158.07,430.66,153.15,446.90,221.90,415.24,188.37,446.12,161.69,465.38,141.21,476.72,242.13,441.38,211.21,474.79,185.01,484.34,170.28,482.83,250.61,464.35,227.00,495.74,199.65,505.01,182.63,504.36,250.41,483.59,227.89,508.02,203.63,513.04,185.25,511.68
ND_LjAu6AwqWVo_frame000599_r.jpg,1,-7.57,439.35,29.62,426.83,67.51,436.75,90.80,455.39,104.30,475.02,38.62,416.70,86.97,466.63,109.77,490.69,122.94,504.96,19.83,439.45,80.15,486.98,102.58,495.14,115.29,493.61,7.00,465.42,63.07,505.82,83.77,504.68,94.28,497.76,-1.77,489.27,46.53,512.95,65.45,511.77,73.12,507.99
ND_LjAu6AwqWVo_frame000898_r.jpg,0,82.35,504.84,114.39,507.26,135.82,523.99,145.47,544.12,150.39,558.37,128.84,535.87,149.71,567.26,160.91,580.48,165.85,584.81,111.30,549.53,134.43,585.16,145.77,590.78,148.60,586.07,94.93,558.33,116.21,594.82,127.54,597.26,130.83,589.87,81.07,562.10,86.69,592.93,95.59,600.14,101.78,596.97
ND_LjAu6AwqWVo_frame000898_r.jpg,1,276.72,466.59,267.83,453.42,262.05,449.93,253.41,459.29,248.43,473.08,293.71,474.67,304.72,484.72,299.66,494.43,291.07,502.79,296.85,494.33,310.48,509.27,300.11,517.56,286.19,520.94,294.04,507.60,301.91,521.02,289.76,526.56,276.87,528.52,287.31,514.93,288.44,525.14,278.91,528.46,268.29,529.88
ND_LmdOR4vtPXA_frame003589_r.jpg,0,123.58,616.77,160.87,579.07,200.81,571.68,233.24,584.29,250.24,601.08,245.65,584.90,287.73,597.73,280.04,604.66,265.09,603.86,241.71,618.70,276.96,628.18,262.21,627.72,243.93,624.23,230.60,649.78,265.52,654.46,252.11,651.77,233.92,648.38,217.70,675.57,253.21,677.81,244.71,673.53,230.16,670.15
ND_LmdOR4vtPXA_frame003589_r.jpg,1,82.15,423.48,84.50,463.78,112.00,489.07,143.34,502.27,165.39,510.96,127.91,477.76,167.33,510.02,181.22,525.71,188.40,534.48,144.17,457.17,185.53,493.96,201.25,512.65,209.84,524.16,154.88,440.10,190.51,475.46,204.08,494.95,211.86,506.90,160.47,429.75,181.43,460.36,185.41,477.68,185.92,487.68
ND_LppLibUiK-Q_frame008701_l.jpg,0,1763.91,897.98,1915.26,771.85,1937.06,603.06,1902.79,459.99,1862.36,361.47,1917.04,548.11,1932.98,374.91,1919.97,280.93,1902.93,220.77,1807.81,541.02,1801.66,333.76,1779.03,193.83,1756.56,89.87,1685.81,577.15,1628.53,373.70,1592.07,243.30,1569.74,143.37,1570.85,647.64,1481.05,500.87,1426.14,406.19,1387.70,322.83
ND_LzIBd-xSWYI_frame002001_l.jpg,0,780.14,585.53,750.95,592.87,733.14,614.00,728.79,635.70,729.55,651.16,746.75,615.48,726.97,648.93,717.76,665.41,711.49,676.52,766.36,624.21,748.43,661.19,736.00,671.59,727.70,674.04,781.26,631.66,760.46,665.13,747.88,668.47,741.12,666.51,789.30,637.42,770.71,659.52,758.53,661.43,752.25,659.42
ND_LzIBd-xSWYI_frame003001_r.jpg,0,726.27,558.32,697.73,544.25,664.98,549.74,642.23,565.97,627.19,578.64,677.21,554.12,638.38,578.13,618.00,588.09,603.95,594.11,689.53,575.15,645.53,598.62,622.98,605.58,608.90,607.39,696.99,593.00,654.59,611.68,633.98,614.50,621.22,614.00,700.02,606.09,665.49,617.44,647.40,617.40,635.95,616.13
ND_LzIBd-xSWYI_frame003001_r.jpg,1,555.12,586.31,575.09,570.07,591.12,569.74,599.41,580.30,605.17,590.27,552.97,562.75,574.98,582.33,589.87,592.10,598.42,595.91,537.04,576.12,563.61,601.00,582.55,605.23,591.68,601.35,530.61,590.28,556.77,608.26,574.62,610.09,583.62,606.62,530.93,602.28,549.95,612.14,566.24,613.40,576.70,610.62
ND_LzIBd-xSWYI_frame007251_r.jpg,0,871.92,259.60,817.62,262.76,782.94,300.92,767.79,348.74,747.85,382.33,838.73,347.89,787.84,402.06,756.19,428.44,731.50,448.64,858.00,367.67,799.04,418.44,763.87,436.20,736.76,446.55,862.23,377.19,805.69,419.66,775.40,428.53,752.65,431.01,857.04,379.42,811.20,409.11,784.41,417.15,764.75,421.15
ND_LzIBd-xSWYI_frame007251_r.jpg,1,521.31,233.37,592.26,219.65,645.15,256.54,658.59,302.72,653.04,328.81,646.52,315.53,682.64,368.29,691.86,398.18,695.48,421.43,611.61,340.37,652.77,369.32,661.44,354.22,657.01,338.68,581.22,351.06,620.95,364.70,630.13,350.03,624.43,335.63,558.17,354.30,593.19,361.39,601.31,348.23,596.89,334.92
ND_LzIBd-xSWYI_frame010501_r.jpg,0,657.65,452.23,625.50,439.83,597.18,455.17,577.51,477.57,557.41,487.07,640.29,459.61,599.08,500.04,576.25,512.89,562.12,517.65,660.28,480.37,611.72,519.93,585.86,525.02,570.95,519.90,667.70,496.82,617.75,528.02,594.43,525.44,582.37,517.46,666.57,509.34,628.15,527.14,606.86,523.93,593.90,518.93
ND_LzIBd-xSWYI_frame010501_r.jpg,1,421.08,396.01,453.89,401.43,468.15,426.96,464.32,456.84,458.43,477.32,426.73,426.78,440.23,474.07,450.17,497.55,456.45,515.25,403.02,437.44,416.21,488.85,434.92,489.39,443.02,479.73,391.90,446.31,406.54,490.67,426.11,491.80,433.42,483.50,389.20,454.02,402.06,486.19,419.15,489.27,427.61,483.36
ND_M-V75yqU-mU_frame002087_l.jpg,0,599.43,337.14,558.52,332.22,524.28,304.67,495.21,274.81,470.27,254.22,573.55,245.21,549.40,185.94,519.25,165.52,495.35,158.40,589.17,241.25,561.38,184.80,528.11,166.12,503.18,160.94,592.04,242.77,563.95,197.00,534.36,181.71,511.08,176.96,588.28,243.88,565.40,210.41,543.19,196.28,524.43,189.50
ND_M-V75yqU-mU_frame002087_l.jpg,1,347.23,429.55,369.74,415.38,389.70,370.58,412.96,328.57,431.82,288.87,340.79,309.72,367.21,243.04,406.91,247.16,428.74,266.56,350.19,303.51,375.31,235.99,417.13,247.05,438.11,270.23,363.93,303.22,388.02,249.13,422.14,257.45,438.92,279.13,378.55,307.97,397.31,266.62,423.90,269.72,437.65,287.25
ND_M-ahbRuiU70_frame001201_r.jpg,0,321.41,638.26,300.93,590.59,270.42,545.24,219.80,518.49,179.29,498.54,272.82,486.19,238.18,439.09,206.77,432.99,178.98,435.85,250.97,514.32,211.23,476.00,174.02,470.97,148.44,474.42,237.84,544.47,196.30,527.58,164.97,533.50,142.26,540.18,230.83,574.65,200.35,567.67,181.79,573.21,167.50,576.79
ND_M0mhu_KSncI_frame000301_r.jpg,0,549.48,77.69,529.22,79.14,502.69,86.15,482.05,97.34,465.45,105.27,494.10,76.92,478.98,91.78,474.02,104.73,474.03,111.72,501.26,88.29,489.42,107.18,498.32,111.16,508.43,107.96,510.20,97.66,502.30,115.24,514.88,113.99,525.32,106.90,519.76,104.12,515.23,116.94,524.01,116.21,531.16,109.23
ND_MO03eYN_wx4_frame000300_r.jpg,0,14.33,377.74,19.97,371.37,20.25,358.37,12.69,344.75,1.91,334.18,20.19,325.44,15.09,304.78,8.27,290.93,2.30,279.87,12.91,323.39,6.96,302.97,0.89,289.20,-4.58,278.11,5.99,325.33,0.22,306.23,-4.67,294.08,-8.75,284.82,-0.35,330.48,-5.70,314.93,-9.90,304.95,-13.57,297.60
ND_MO03eYN_wx4_frame011662_r.jpg,0,144.63,337.43,163.10,326.84,176.75,304.81,183.96,288.96,189.45,276.36,172.66,286.14,180.95,272.06,189.46,265.10,195.98,260.47,163.68,282.81,172.39,268.19,181.47,261.82,189.64,257.48,153.29,281.59,160.42,265.30,169.39,256.52,178.34,250.21,140.88,282.90,142.88,263.97,148.95,251.32,156.99,241.96
ND_MO03eYN_wx4_frame014054_r.jpg,0,365.71,457.71,337.24,466.41,314.74,478.84,297.72,494.27,284.51,508.78,287.28,452.68,268.43,483.49,264.87,505.95,264.23,522.52,291.74,447.51,269.90,480.65,264.39,505.83,263.18,525.35,302.73,446.60,280.94,476.61,275.12,499.49,272.68,517.80,318.86,448.54,307.44,468.19,306.01,480.05,305.98,488.54
ND_MO03eYN_wx4_frame014054_r.jpg,1,122.72,454.90,145.78,455.98,166.02,451.63,178.88,448.06,189.99,446.83,160.43,403.36,176.01,421.99,182.78,437.96,188.77,451.75,149.77,399.43,169.00,415.77,178.07,432.15,184.50,449.02,134.66,404.21,149.58,411.82,159.80,425.82,167.85,439.69,119.36,414.27,105.75,414.56,98.95,414.80,94.97,416.84
ND_MO03eYN_wx4_frame027210_r.jpg,0,110.85,410.55,134.95,443.87,159.63,464.32,173.92,480.36,184.64,494.08,191.71,433.21,205.12,470.57,210.54,496.57,212.83,515.49,183.62,428.14,198.30,470.55,189.06,493.13,180.75,503.74,168.64,427.55,181.80,467.10,172.37,486.31,163.20,492.96,149.94,430.19,160.63,458.35,154.98,469.34,148.14,471.30
ND_MO03eYN_wx4_frame027210_r.jpg,1,368.38,447.87,361.51,456.01,351.27,465.90,342.25,477.44,335.34,483.09,331.70,432.10,312.25,433.77,305.69,450.75,303.74,468.21,333.32,427.68,310.72,433.49,301.31,452.76,298.68,472.67,341.36,426.15,321.59,427.78,311.04,441.91,306.54,459.20,353.84,426.38,349.09,423.17,345.26,430.52,342.17,441.88
ND_MPKJZzYkaNI_frame001197_r.jpg,0,1621.25,689.12,1528.37,598.18,1423.47,604.32,1352.20,648.13,1322.71,690.90,1341.69,666.65,1239.19,695.56,1271.19,681.39,1319.98,670.26,1356.35,732.97,1319.33,722.22,1354.85,700.54,1384.80,694.34,1395.39,781.41,1376.68,759.40,1404.33,739.57,1432.27,735.50,1439.82,818.63,1418.11,802.97,1441.66,785.96,1467.70,779.79
ND_N2uZuPFDjdU_frame007801_l.jpg,0,841.58,764.81,810.84,740.49,768.76,730.40,733.92,736.31,706.71,743.40,782.67,736.27,753.88,750.75,734.77,760.45,717.90,766.14,795.22,758.09,756.50,778.51,730.68,785.57,711.30,787.40,807.01,780.38,773.73,800.37,747.51,808.86,726.52,812.57,817.06,802.25,791.61,819.45,774.90,828.37,760.43,835.46
ND_N2uZuPFDjdU_frame008101_r.jpg,0,609.96,767.26,646.10,741.44,669.40,704.79,682.04,672.45,686.48,641.22,609.55,681.66,643.12,682.66,677.90,700.31,706.67,721.15,580.48,707.54,605.89,722.09,636.55,739.92,660.93,756.39,562.21,740.13,595.67,760.02,635.31,779.14,664.13,791.68,554.26,772.55,574.00,787.86,601.05,797.03,622.56,803.07
ND_N2uZuPFDjdU_frame008101_r.jpg,1,927.80,776.80,880.21,760.33,825.35,765.11,787.84,786.48,757.32,800.99,855.51,781.85,829.05,810.65,809.03,825.92,788.10,839.97,882.12,806.68,862.65,840.81,843.14,863.33,823.98,883.59,902.96,827.03,892.71,864.26,880.34,889.78,867.29,912.36,917.47,843.20,912.20,878.81,909.53,903.18,904.70,925.78
ND_N5apy3yoiN4_frame000501_l.jpg,0,1188.87,189.95,1149.90,212.81,1127.79,251.81,1103.70,287.90,1072.89,314.41,1218.97,272.11,1256.57,316.67,1264.49,353.70,1259.99,382.71,1235.77,274.03,1270.58,320.30,1274.63,358.88,1265.65,386.57,1240.60,276.23,1266.44,320.61,1267.10,353.60,1259.15,380.15,1240.00,280.21,1255.70,316.50,1255.13,342.14,1248.89,363.63
ND_NADprjzPY8g_frame008101_r.jpg,0,1062.55,236.00,961.17,201.38,876.63,227.06,816.34,243.84,777.22,252.85,862.34,381.25,786.40,441.47,735.80,469.63,696.59,482.55,909.65,408.86,858.99,471.34,824.02,483.68,801.93,477.63,947.45,409.38,899.02,463.34,866.79,472.75,847.73,468.04,971.56,394.79,928.11,435.31,902.01,444.42,887.45,439.10
ND_NADprjzPY8g_frame008101_r.jpg,1,429.67,143.31,430.43,220.70,477.21,258.81,523.50,256.70,558.87,230.83,478.77,284.72,528.86,271.55,552.82,249.00,564.45,233.40,515.45,271.25,565.25,255.91,587.79,232.62,599.23,214.59,550.07,244.45,606.34,228.67,633.66,200.10,652.52,179.62,580.25,209.17,636.30,199.20,662.95,174.33,682.01,151.87
ND_NMnIiPVIiMs_frame049934_l.jpg,0,1281.89,512.34,1222.31,531.31,1173.19,547.93,1138.91,541.88,1115.14,535.58,1175.36,596.35,1141.46,624.27,1122.32,634.20,1105.97,639.77,1186.96,593.79,1156.26,625.43,1136.13,634.44,1118.87,638.46,1198.67,583.32,1167.22,605.62,1145.10,616.20,1127.10,622.55,1209.06,564.22,1180.55,562.23,1162.35,560.43,1148.85,559.75
ND_NPDrnmHX01M_frame004751_r.jpg,0,1379.93,776.58,1335.58,796.45,1311.47,827.68,1290.26,852.09,1270.64,867.62,1343.89,877.28,1322.16,917.05,1310.66,926.94,1303.22,929.08,1372.96,879.85,1352.84,924.50,1334.87,930.69,1322.68,926.74,1394.57,873.02,1369.48,904.58,1353.51,901.95,1345.83,893.83,1407.05,862.13,1384.54,886.05,1370.94,884.08,1364.12,876.39
ND_NPDrnmHX01M_frame004751_r.jpg,1,824.33,512.65,833.64,532.30,827.17,556.96,817.39,585.10,809.72,610.63,770.62,558.40,781.06,597.84,804.80,600.71,817.05,593.46,770.84,563.08,785.59,598.20,809.99,597.42,823.02,589.74,776.05,567.44,792.82,600.63,814.20,596.50,824.12,586.51,781.55,572.40,795.98,600.25,813.03,597.52,820.54,588.05
ND_NPDrnmHX01M_frame004751_r.jpg,2,984.63,608.15,1009.30,633.64,1018.40,666.14,1020.46,695.29,1016.71,715.34,1005.26,673.91,1011.21,709.35,1012.07,718.60,1010.49,712.81,982.62,676.77,986.62,711.01,990.32,711.73,991.39,700.36,961.59,676.72,968.32,707.78,974.06,706.46,975.83,695.03,944.69,674.55,950.18,699.76,955.99,699.62,957.66,690.46
ND_NPDrnmHX01M_frame005501_r.jpg,0,1093.04,280.66,1066.52,306.19,1056.98,343.46,1049.62,381.95,1041.00,410.22,1126.72,373.37,1087.85,420.02,1057.89,420.11,1043.17,416.02,1133.82,375.52,1094.32,417.58,1068.77,411.66,1057.86,400.72,1130.87,374.94,1093.09,411.33,1071.94,404.03,1062.05,391.93,1124.34,373.71,1094.67,401.13,1077.29,397.10,1067.66,387.93
ND_NPDrnmHX01M_frame005501_r.jpg,1,763.40,448.56,806.25,406.17,862.51,402.14,908.13,413.24,940.91,421.80,875.98,461.21,917.15,509.28,936.96,538.45,952.05,561.64,863.56,490.74,905.10,485.98,908.68,461.51,899.59,446.95,851.66,503.70,887.54,492.22,886.25,473.07,875.12,461.54,844.09,508.53,873.60,494.40,871.83,480.22,861.75,471.95
ND_NPDrnmHX01M_frame008001_l.jpg,0,1519.70,82.90,1369.37,65.84,1232.65,149.97,1114.63,243.75,1034.82,329.92,1296.84,342.74,1106.60,361.01,1010.40,352.61,939.21,355.12,1344.35,391.47,1155.91,387.31,1057.76,365.56,984.67,354.77,1376.59,401.12,1204.73,386.65,1132.11,355.68,1084.39,332.31,1392.31,390.56,1255.28,386.92,1190.39,360.86,1147.14,335.52
ND_NPDrnmHX01M_frame010001_l.jpg,0,1141.28,587.68,1160.54,548.74,1156.93,507.52,1130.43,478.00,1103.67,460.21,1153.68,509.52,1146.20,469.49,1125.41,440.43,1107.04,418.97,1135.42,514.83,1125.64,464.10,1106.90,427.19,1093.79,401.64,1116.70,521.25,1116.03,468.54,1107.47,431.15,1099.73,404.23,1099.01,529.77,1103.96,497.67,1101.47,470.33,1095.83,447.53
ND_NPDrnmHX01M_frame010501_r.jpg,0,1341.87,610.77,1356.20,622.00,1356.99,647.85,1334.63,673.27,1312.80,702.15,1440.70,718.68,1368.73,755.58,1297.83,733.08,1260.46,702.30,1434.28,742.75,1330.04,780.46,1271.09,740.10,1249.00,695.83,1419.19,757.42,1324.81,782.75,1272.72,738.44,1254.13,695.37,1402.49,758.31,1330.36,769.87,1289.66,736.96,1272.03,702.27
ND_NhdEyhAuY3I_frame001197_r.jpg,0,799.19,522.69,728.82,531.77,653.69,473.39,580.60,401.13,502.36,356.31,747.46,336.77,660.36,234.04,584.80,214.02,520.29,214.66,746.45,317.89,665.14,223.71,581.24,205.26,511.68,217.53,729.86,323.96,651.33,260.67,579.84,249.47,519.30,254.80,708.51,337.96,643.69,310.87,587.96,310.17,540.04,314.72
ND_NhdEyhAuY3I_frame001197_r.jpg,1,323.90,563.75,351.94,554.44,368.28,510.63,386.52,453.71,409.69,395.22,269.02,377.30,234.98,281.12,229.93,210.17,229.94,157.74,298.18,361.28,291.88,272.17,303.51,217.33,307.75,172.07,334.36,356.38,353.91,284.45,373.38,254.66,379.68,231.00,366.93,359.93,388.61,303.89,407.82,282.35,417.09,272.34
ND_NiMBLkY2aWk_frame000901_l.jpg,0,42.34,294.38,94.39,184.53,204.27,160.38,301.36,178.65,363.35,197.88,227.04,199.26,334.79,168.68,399.57,162.27,431.12,164.64,229.52,289.60,381.37,298.47,414.01,281.13,403.24,265.64,223.08,364.64,370.74,376.88,376.29,343.83,346.71,321.69,208.74,420.68,310.00,411.78,304.18,376.35,273.14,354.87
ND_Nx35Lwdzn68_frame003001_r.jpg,0,-44.74,220.32,94.37,96.99,245.94,93.17,339.87,160.71,394.08,247.85,355.73,43.37,485.62,200.84,438.33,274.08,388.23,297.36,394.70,87.02,498.97,295.51,410.61,342.20,335.57,327.20,400.07,152.56,434.74,371.68,314.78,392.29,239.84,362.41,382.82,233.58,358.12,398.03,269.88,400.33,215.64,367.41
ND_NxmRTEHIN6o_frame002031_r.jpg,0,141.79,178.17,179.65,209.72,165.20,252.02,117.38,288.73,70.48,302.82,141.19,193.81,95.58,256.35,74.39,298.96,59.27,325.60,95.12,192.92,52.67,271.88,40.78,312.70,33.36,334.82,59.70,195.90,20.40,272.24,18.86,297.68,20.31,305.01,32.78,208.42,4.43,261.87,5.62,272.55,11.38,266.98
ND_O03KTYYqZKI_frame003601_l.jpg,0,705.88,863.74,742.01,869.61,768.02,895.37,776.71,928.07,772.71,952.61,742.37,877.24,756.10,927.69,762.44,956.28,764.93,975.34,709.08,883.36,719.52,943.78,731.29,972.16,740.30,983.74,683.52,891.50,693.47,946.55,710.44,971.43,724.75,981.73,667.11,898.22,676.91,939.57,690.92,958.08,703.87,965.22
ND_O03KTYYqZKI_frame003601_l.jpg,1,1120.42,722.74,1110.49,689.84,1090.41,662.74,1063.73,653.38,1042.18,655.49,1111.46,667.91,1090.24,654.21,1064.56,652.18,1043.82,652.95,1107.02,694.67,1074.72,681.50,1038.27,676.78,1013.20,673.45,1096.81,720.76,1062.63,709.62,1028.29,700.52,1005.52,691.35,1083.78,746.06,1049.59,749.92,1025.99,743.15,1011.13,730.86
ND_O03KTYYqZKI_frame006001_l.jpg,0,1507.10,697.76,1377.82,634.46,1235.63,637.66,1123.44,700.38,1044.70,757.56,1278.59,585.27,1108.40,670.67,1005.43,732.61,920.89,779.94,1354.42,664.26,1153.27,756.11,1022.07,826.80,920.94,872.60,1417.17,754.74,1226.71,843.34,1099.60,907.98,999.57,945.08,1462.08,848.23,1331.13,921.92,1241.70,960.84,1160.53,982.41
ND_O03KTYYqZKI_frame007201_r.jpg,0,843.15,510.22,811.32,506.84,781.60,496.60,753.76,489.59,721.68,487.47,821.39,502.02,843.56,516.50,861.83,526.72,877.22,539.34,853.98,512.10,873.05,522.93,885.70,536.70,898.14,550.13,876.38,521.84,888.85,534.89,895.05,548.71,903.89,560.79,889.06,533.70,897.07,539.91,905.34,545.73,915.40,549.90
ND_O03KTYYqZKI_frame020401_r.jpg,0,1177.27,825.09,1212.96,808.68,1246.86,815.27,1270.38,832.93,1284.21,850.07,1253.57,823.32,1300.28,846.10,1321.32,861.18,1333.28,872.50,1243.84,847.70,1293.26,873.88,1309.65,883.49,1313.42,886.76,1231.35,869.18,1276.92,894.84,1287.38,895.86,1285.75,891.11,1217.24,885.77,1249.46,907.94,1258.91,906.57,1258.09,899.80
ND_O03KTYYqZKI_frame022201_r.jpg,0,1019.57,185.23,1124.09,135.20,1219.80,117.30,1302.19,107.48,1377.07,77.31,1121.43,53.59,1269.79,148.11,1345.84,233.85,1386.01,303.82,1028.88,117.92,1184.60,265.32,1264.50,331.84,1304.16,373.90,971.14,195.05,1125.39,324.60,1190.96,359.07,1213.87,371.98,938.76,262.43,1051.71,360.00,1100.23,382.00,1113.28,388.42
ND_O03KTYYqZKI_frame032401_l.jpg,0,843.60,705.96,856.30,667.25,849.13,619.53,843.40,585.63,838.73,562.31,784.14,596.61,773.81,546.43,777.07,510.48,782.53,482.89,767.91,615.10,761.22,557.79,797.54,540.58,828.46,541.22,768.32,636.40,800.50,589.66,842.25,597.80,862.16,612.54,780.62,658.05,831.51,631.78,854.33,642.49,857.82,656.21
ND_O4J0W9WdP70_frame010466_l.jpg,0,409.29,301.92,351.71,311.15,309.52,285.38,293.86,249.94,298.15,226.49,285.78,225.31,257.03,189.52,250.97,178.07,252.78,176.16,313.79,202.13,301.20,176.52,307.46,190.97,316.18,207.33,344.44,190.26,332.96,178.15,337.05,191.67,344.87,206.95,371.62,185.27,362.17,178.72,365.51,191.37,372.48,204.81
ND_O4Rcw3HKf40_frame002751_l.jpg,0,1079.81,730.68,1051.75,728.09,1027.64,734.44,1013.13,746.77,1007.97,760.61,1015.20,736.51,992.28,757.57,986.63,774.79,986.73,786.88,1018.64,746.90,990.02,767.95,985.17,785.59,986.89,797.88,1026.86,757.49,1000.64,778.42,995.00,794.18,994.89,804.65,1038.66,768.70,1021.23,785.95,1015.07,798.71,1012.78,809.21
ND_O8wN8_9h1TU_frame000301_l.jpg,0,283.11,958.36,511.95,918.75,732.71,780.45,913.08,703.86,1085.50,627.02,616.78,444.82,795.32,299.44,931.74,247.01,1020.99,220.83,573.37,485.33,730.25,345.98,860.87,304.84,971.01,283.49,547.28,541.18,674.46,433.44,789.51,379.53,897.22,351.50,546.41,605.28,658.25,507.77,748.41,458.25,828.54,427.48
ND_OKQ3zA2hHqo_frame011401_r.jpg,0,153.24,329.36,136.37,314.67,135.11,292.33,146.44,272.21,156.71,253.64,172.13,299.77,175.18,265.97,174.08,248.21,174.01,236.16,189.89,302.99,195.23,267.09,189.95,250.63,184.80,241.38,199.35,303.71,199.04,270.37,190.31,259.95,184.58,255.23,202.54,301.70,201.79,277.16,193.82,267.74,188.00,262.97
ND_OKYfZVU71Ik_frame001201_r.jpg,0,803.19,441.96,776.65,398.92,773.93,360.96,779.02,339.68,781.38,328.44,827.50,333.13,828.44,302.19,822.33,310.46,818.33,323.72,860.92,345.43,883.02,295.85,896.23,270.66,909.14,253.58,881.86,368.85,914.16,331.90,936.09,310.39,955.32,294.43,891.05,397.97,924.81,390.25,948.66,385.01,968.88,380.91
ND_OVsL0aMT7xc_frame001795_r.jpg,0,1231.25,121.51,1200.52,189.84,1150.78,243.80,1102.96,288.77,1065.74,328.70,1116.30,158.50,1062.76,242.83,1041.06,290.54,1018.87,327.98,1096.90,130.92,1043.33,233.54,1020.64,289.49,1002.74,332.66,1084.93,121.49,1034.25,219.61,1016.33,272.64,1005.09,313.20,1078.43,126.70,1042.88,201.74,1036.72,243.30,1033.63,272.53
ND_OVsL0aMT7xc_frame011662_l.jpg,0,1055.02,554.82,1107.96,520.33,1167.79,542.16,1214.68,585.69,1243.78,614.95,1147.93,619.97,1231.35,654.07,1272.76,651.78,1297.16,647.13,1137.29,648.88,1222.67,681.30,1262.51,671.61,1282.19,659.88,1134.83,659.67,1211.18,689.18,1247.16,678.20,1265.61,666.99,1139.58,658.04,1198.07,682.47,1232.52,679.00,1252.53,671.31
ND_OXFfcgfDR_c_frame006878_r.jpg,0,363.18,101.53,402.37,55.55,473.40,31.60,538.29,35.42,588.05,51.48,484.05,5.84,570.18,15.50,624.18,27.34,663.41,40.84,478.91,37.64,580.07,53.73,604.30,96.01,602.74,128.95,472.21,82.01,564.62,116.52,567.61,148.76,550.10,165.05,462.72,130.34,529.63,160.92,522.90,174.37,501.72,177.25
ND_OXFfcgfDR_c_frame010167_l.jpg,0,841.45,578.35,812.21,565.46,782.81,562.14,760.89,571.51,748.95,585.76,786.02,552.91,754.48,567.98,742.15,583.50,736.63,595.05,798.42,565.86,763.24,582.33,749.37,596.37,744.94,605.59,808.36,582.83,773.54,597.82,759.07,608.36,753.98,614.23,816.33,601.89,786.31,615.91,771.88,620.84,764.17,622.49
ND_OXFfcgfDR_c_frame010167_l.jpg,1,617.40,561.28,647.07,550.77,675.27,554.72,695.16,572.82,706.06,590.27,672.21,541.37,702.21,567.80,712.97,586.90,719.05,601.37,657.45,555.33,688.89,582.48,699.66,601.05,704.47,612.78,645.33,572.81,676.62,597.57,688.06,611.59,694.14,619.14,636.76,590.68,662.91,608.71,676.58,617.54,686.94,622.84
ND_OXFfcgfDR_c_frame010466_r.jpg,0,629.45,584.63,660.75,586.04,688.63,598.71,705.88,618.13,713.75,634.45,672.03,578.36,689.08,603.37,697.81,622.48,704.46,636.70,652.55,584.75,665.65,609.31,676.64,629.58,685.14,643.19,634.88,595.03,648.93,617.49,660.42,636.50,670.39,648.89,619.76,607.19,632.12,625.85,642.07,639.58,650.79,650.11
ND_OXFfcgfDR_c_frame017343_l.jpg,0,726.78,540.20,757.91,528.52,792.94,529.47,822.32,543.13,841.10,557.15,787.24,507.85,812.98,540.08,815.18,562.72,812.28,577.50,771.26,521.14,798.39,561.26,801.97,579.76,801.37,588.47,757.59,538.11,783.76,577.01,786.21,587.40,784.15,587.93,746.22,556.28,767.81,587.15,772.49,591.75,773.10,588.89
ND_OXFfcgfDR_c_frame017343_l.jpg,1,887.08,547.20,858.23,555.13,842.95,583.88,842.02,612.06,838.12,631.78,870.24,575.23,868.02,605.03,865.64,624.40,863.67,642.31,891.34,578.16,894.45,598.57,892.28,616.49,890.31,631.63,904.30,582.64,911.82,604.06,911.09,621.92,910.07,636.94,911.16,588.38,919.04,607.73,919.92,621.24,918.57,634.25
ND_OXFfcgfDR_c_frame018240_l.jpg,0,639.35,552.97,666.17,546.28,693.11,554.99,710.42,577.14,719.54,595.14,685.22,535.44,711.11,570.22,717.63,593.25,718.84,608.74,666.12,546.79,695.57,585.93,702.11,601.30,701.95,606.88,650.64,562.11,680.57,599.22,687.48,606.91,687.26,605.16,639.60,579.16,665.32,608.37,674.62,612.22,677.79,608.95
ND_OXFfcgfDR_c_frame018240_l.jpg,1,809.59,561.41,779.94,560.81,756.28,579.10,741.87,601.32,732.13,617.08,762.81,574.07,748.26,607.87,741.80,627.43,737.19,642.24,782.09,579.94,767.01,613.19,757.69,633.86,750.91,649.63,800.09,585.70,792.06,612.97,784.47,630.44,776.89,644.32,815.02,590.54,815.18,607.33,814.73,614.75,813.94,620.76
ND_O_RVh41jRbY_frame000001_l.jpg,0,677.93,465.56,590.23,460.13,497.07,495.15,434.90,536.34,422.23,583.38,532.03,509.69,465.27,615.43,453.82,648.87,459.84,647.60,590.44,537.13,514.42,663.47,476.83,730.84,453.15,769.94,647.08,566.30,581.13,680.66,545.86,739.02,520.08,773.14,695.70,590.77,649.65,685.55,622.63,736.92,601.45,770.68
ND_OdYBQcaXkO8_frame001251_l.jpg,0,1107.28,606.54,1091.80,564.31,1071.13,538.51,1044.84,528.11,1023.32,528.24,1114.16,538.52,1061.01,528.25,1024.52,527.01,995.94,530.65,1125.35,574.38,1039.72,571.56,995.81,572.81,966.33,574.31,1127.59,607.88,1039.44,606.43,1001.07,603.18,977.64,599.85,1118.70,634.33,1063.70,635.71,1037.21,633.94,1019.29,631.04
ND_OdYBQcaXkO8_frame003501_l.jpg,0,1003.48,486.11,941.31,463.93,900.64,430.77,869.75,415.24,842.21,408.53,946.65,357.42,899.61,333.82,861.43,355.34,842.91,382.15,963.98,366.10,910.76,327.40,869.06,352.35,851.64,379.44,974.80,389.28,924.66,356.93,882.91,375.39,861.72,394.90,976.07,422.43,926.54,403.64,890.36,407.58,867.46,414.18
ND_OdYBQcaXkO8_frame003501_l.jpg,1,541.19,653.19,557.99,614.72,558.40,575.65,555.83,553.33,568.04,578.85,539.15,596.73,545.58,581.01,564.59,576.99,581.51,579.67,534.05,633.85,564.35,642.72,604.90,650.09,637.16,654.10,536.16,670.85,566.44,680.30,608.94,686.06,640.44,685.48,543.23,699.78,573.88,712.65,601.66,713.66,624.54,707.44
ND_OdYBQcaXkO8_frame006251_l.jpg,0,644.64,387.31,681.16,367.36,698.54,324.04,704.29,294.79,711.26,276.71,678.94,261.62,683.31,218.50,684.39,193.61,683.78,171.96,656.07,255.03,655.01,202.43,653.62,171.73,651.55,147.45,633.21,259.27,627.92,209.22,626.73,179.96,625.49,155.57,609.22,274.65,597.92,237.84,591.55,212.97,586.64,189.82
ND_OdYBQcaXkO8_frame016501_r.jpg,0,248.32,413.50,244.53,434.82,242.78,467.35,239.37,500.78,238.87,531.41,281.84,492.10,283.29,534.91,273.42,564.76,261.12,585.53,269.63,494.93,266.95,539.13,254.71,569.40,240.52,590.94,254.11,493.19,249.54,531.37,236.77,554.16,223.30,570.02,240.57,488.45,235.38,518.25,226.91,535.60,217.86,547.65
ND_OdYBQcaXkO8_frame030001_l.jpg,0,689.32,458.46,669.27,454.78,654.69,459.41,646.82,475.36,640.78,492.98,694.50,464.72,686.57,488.89,675.16,507.99,660.89,524.09,711.77,483.78,702.15,511.38,684.92,532.27,667.05,546.11,718.25,499.39,712.68,527.79,696.05,546.95,678.93,559.28,718.09,512.28,713.84,533.33,701.08,546.00,686.66,554.36
ND_OhwEBLfm-Vg_frame003589_l.jpg,0,733.06,640.21,705.78,596.06,672.42,581.40,649.81,583.57,639.40,586.41,639.79,625.89,608.75,621.07,616.27,606.18,629.02,599.33,647.23,646.79,620.76,632.52,629.06,615.13,638.62,606.51,658.54,658.71,637.81,640.20,643.48,624.58,654.31,616.92,670.84,661.83,651.00,645.72,655.67,632.70,665.76,627.86
ND_OhwEBLfm-Vg_frame011363_r.jpg,0,229.64,605.47,200.15,538.41,174.23,484.75,168.14,448.18,184.89,425.38,111.66,501.91,107.19,457.24,143.30,429.19,180.15,414.67,127.15,539.42,147.14,484.91,191.21,449.89,227.59,430.24,159.27,570.50,207.29,509.32,249.39,470.67,280.09,445.82,201.11,590.70,237.96,532.44,266.00,498.43,287.08,474.67
ND_PNvLXuV14MA_frame007775_r.jpg,0,707.41,297.93,679.09,297.44,662.16,305.92,659.09,316.54,662.26,323.12,650.63,339.82,628.46,363.00,612.56,377.93,599.37,390.55,666.27,352.09,652.78,383.52,645.12,404.51,639.56,422.00,685.55,357.90,677.85,391.69,673.07,413.46,669.04,430.58,704.48,357.96,708.41,385.34,712.01,402.49,714.27,417.09
ND_PNvLXuV14MA_frame007775_r.jpg,1,535.12,133.11,539.82,160.99,525.72,181.64,512.92,197.33,502.24,208.20,488.36,165.19,466.45,189.01,462.17,203.01,461.29,212.35,483.05,154.34,463.11,177.60,460.60,193.44,462.72,204.08,483.99,147.61,465.42,167.53,463.17,183.28,464.53,194.11,487.81,144.89,473.10,162.60,468.61,174.03,469.01,182.70
ND_POn9ny_T9j8_frame000751_l.jpg,0,848.01,625.22,839.09,590.60,819.48,554.39,809.91,523.75,815.02,498.94,803.14,577.31,769.64,560.90,748.64,551.25,730.63,543.79,796.97,602.04,765.59,598.42,746.31,596.32,730.04,596.07,793.89,624.78,761.30,627.99,739.70,630.39,721.52,634.54,793.69,643.07,764.42,653.32,747.53,662.97,732.73,671.88
ND_POn9ny_T9j8_frame000751_l.jpg,1,563.14,631.49,604.28,622.24,645.16,617.13,676.64,620.15,696.27,620.66,623.24,597.04,639.18,577.63,643.85,559.37,645.93,541.75,609.57,603.56,635.62,595.15,656.12,599.01,670.55,604.34,596.50,620.25,619.53,625.46,639.22,634.75,654.98,642.04,585.02,642.63,604.54,657.21,618.64,668.87,632.59,678.14
ND_POn9ny_T9j8_frame001251_l.jpg,0,728.62,643.34,699.70,618.64,666.74,612.51,636.52,614.29,617.03,611.64,644.56,652.23,610.59,664.84,592.10,674.36,579.19,682.48,650.61,676.18,616.43,694.03,598.23,706.03,585.77,715.74,662.55,693.63,634.26,711.96,618.62,720.45,608.91,726.60,679.66,705.60,662.15,726.99,650.87,736.50,643.24,742.57
ND_POn9ny_T9j8_frame001751_l.jpg,0,720.85,624.11,686.31,604.23,651.23,606.55,625.95,619.95,610.19,633.39,619.64,626.94,585.24,646.96,570.06,661.72,561.72,674.94,625.73,647.75,592.33,675.26,583.17,689.39,581.52,698.27,639.17,665.90,610.78,693.20,604.24,702.94,603.59,706.68,657.61,681.25,635.34,704.74,626.71,711.60,622.77,712.45
ND_POn9ny_T9j8_frame024001_r.jpg,0,627.28,607.05,655.46,586.06,685.56,582.71,711.56,590.21,733.40,593.25,705.09,605.28,744.24,619.39,762.49,628.58,776.85,636.93,699.58,623.34,742.08,639.54,764.81,649.62,780.80,658.82,688.14,640.02,727.67,656.09,749.39,666.21,765.61,675.12,672.48,655.58,703.96,670.03,723.81,677.73,740.87,684.87
ND_PbAClKyiDtE_frame002101_r.jpg,0,318.20,152.82,352.29,172.89,370.81,210.13,379.59,251.60,378.21,282.37,296.51,227.27,328.16,280.74,357.70,294.49,381.84,299.60,281.16,233.54,314.12,288.25,347.38,298.90,373.65,296.41,279.82,235.69,312.43,282.46,341.92,290.02,364.50,286.05,285.43,236.70,310.35,268.50,334.03,274.56,352.95,271.86
ND_PbAClKyiDtE_frame002101_r.jpg,1,797.61,145.62,760.06,175.98,739.32,212.41,734.13,247.46,727.88,277.10,792.77,239.22,805.18,277.21,790.18,280.33,772.60,275.57,819.67,233.92,830.77,282.29,827.16,314.69,821.55,340.90,840.36,224.10,858.14,266.62,863.94,296.41,865.43,321.05,855.12,211.92,875.76,246.17,886.60,268.99,893.18,290.36
ND_PfDnDkgIIMg_frame001798_l.jpg,0,1335.18,844.80,1296.98,836.85,1256.50,853.72,1242.14,889.90,1248.16,922.66,1329.21,830.95,1304.62,882.69,1279.10,912.75,1257.78,934.73,1357.50,857.92,1306.52,916.47,1274.59,924.35,1262.59,920.71,1370.81,886.87,1316.02,937.94,1288.00,930.29,1281.10,913.33,1375.93,911.52,1331.94,951.08,1308.40,945.44,1301.03,932.58
ND_PfDnDkgIIMg_frame001798_l.jpg,1,706.26,513.83,696.68,467.87,711.60,423.29,737.19,395.96,761.78,380.32,709.51,400.62,744.94,350.59,767.69,326.04,785.12,306.24,729.23,414.88,781.91,382.99,778.46,402.02,762.47,416.23,750.68,435.61,794.06,410.11,786.32,426.20,770.92,437.78,768.56,457.88,802.91,433.87,796.15,445.06,782.88,454.98
ND_PfDnDkgIIMg_frame039535_r.jpg,0,859.19,726.42,891.25,703.23,939.08,702.44,980.28,717.63,1009.58,730.58,934.27,691.16,993.34,722.40,1002.34,738.92,995.67,747.37,923.19,717.09,985.65,747.88,981.82,754.09,968.11,751.32,913.15,745.07,971.05,769.06,959.25,768.25,942.88,761.92,904.20,771.65,949.00,787.83,941.35,783.14,927.95,776.44
ND_PfDnDkgIIMg_frame040134_r.jpg,0,862.18,686.32,868.61,706.25,871.27,721.32,878.19,732.04,883.29,743.40,804.13,739.16,816.93,765.59,840.82,772.00,860.74,772.25,798.14,733.48,814.97,760.74,847.91,771.66,873.44,771.81,801.57,721.15,812.49,744.68,843.52,754.79,867.12,756.21,812.35,705.46,809.55,714.02,820.02,723.40,829.64,731.02
ND_PfDnDkgIIMg_frame040134_r.jpg,1,1262.34,718.90,1259.94,734.54,1277.38,753.74,1292.31,769.91,1295.25,785.14,1326.18,762.97,1359.12,765.66,1367.55,772.95,1370.10,784.77,1328.72,771.33,1360.55,788.20,1364.99,801.46,1362.72,811.83,1323.57,774.78,1353.13,796.31,1356.81,809.54,1354.54,819.75,1313.12,774.19,1337.34,793.46,1344.50,808.12,1346.82,821.23
ND_Pj2tBxXRhnk_frame016001_l.jpg,0,1347.96,588.08,1272.47,578.71,1216.18,609.48,1202.07,660.91,1214.76,697.52,1192.78,695.68,1171.65,770.65,1176.12,793.57,1182.20,797.48,1230.76,728.54,1239.55,755.47,1256.01,735.33,1263.38,710.21,1275.34,744.90,1278.81,750.72,1291.20,731.33,1299.42,710.90,1320.91,753.99,1317.20,752.20,1329.95,729.81,1338.20,711.43
ND_Pj2tBxXRhnk_frame016001_l.jpg,1,990.58,793.74,1030.01,752.44,1085.40,732.38,1130.71,741.94,1157.53,762.86,1104.25,699.84,1169.10,723.22,1170.92,749.19,1159.28,760.27,1094.46,728.81,1166.56,757.15,1171.12,777.25,1164.53,784.98,1083.88,765.46,1156.35,794.89,1162.75,808.56,1157.44,811.14,1073.30,805.93,1135.48,826.72,1143.89,830.26,1142.28,826.69
ND_Pj2tBxXRhnk_frame036751_r.jpg,0,1291.67,326.82,1280.03,386.71,1289.20,432.67,1287.32,465.51,1280.72,494.66,1368.14,431.40,1353.25,496.88,1314.54,523.34,1281.12,533.96,1371.30,412.50,1348.38,494.06,1297.65,521.97,1260.81,531.42,1355.29,391.43,1341.48,471.10,1295.28,504.79,1261.88,518.86,1326.54,371.23,1311.80,432.09,1287.18,468.05,1268.17,489.20
ND_PjLdynwZ1jU_frame003251_r.jpg,0,360.69,524.06,326.49,523.93,300.83,516.53,281.00,515.05,265.95,519.67,303.81,479.70,267.82,494.57,252.57,514.55,244.88,530.30,320.11,486.52,280.62,501.34,264.90,524.94,261.04,540.21,335.43,501.13,302.36,513.01,288.98,533.46,286.40,545.57,348.34,518.74,326.41,523.46,316.86,531.04,314.79,535.04
ND_PnptPHHaJ_I_frame010765_l.jpg,0,25.06,828.46,119.09,728.36,243.65,648.80,389.80,596.67,476.78,518.42,229.65,476.32,398.62,476.03,401.79,551.35,371.49,598.92,253.90,561.39,394.10,580.03,376.55,642.91,333.36,687.98,270.29,649.77,379.61,666.31,362.01,713.19,329.86,739.51,280.54,728.99,367.66,729.37,357.45,751.78,335.73,760.46
ND_PssP_Xz1cCs_frame005401_l.jpg,0,1011.48,663.98,937.21,623.63,877.35,588.34,832.61,567.49,809.17,546.05,931.97,505.09,897.28,480.34,863.88,493.48,839.03,512.42,972.37,522.08,924.81,517.15,882.13,556.42,863.47,590.25,1004.95,554.62,954.88,567.23,917.04,602.82,903.81,629.97,1028.29,595.62,983.42,608.05,956.13,628.58,948.26,643.42
ND_PssP_Xz1cCs_frame005401_l.jpg,1,583.67,697.43,568.78,638.03,591.83,578.67,634.48,549.07,673.94,540.09,595.05,559.77,657.93,507.21,687.55,504.10,693.33,519.65,620.86,592.64,697.40,539.16,710.12,549.90,696.52,571.96,649.23,631.13,723.95,582.67,722.12,596.23,700.40,616.42,676.15,670.60,737.15,629.38,728.06,638.00,704.66,655.65
ND_Pv1TWxPAVCk_frame000751_l.jpg,0,1085.24,147.53,1112.21,227.11,1149.96,273.26,1168.82,319.96,1189.50,364.29,1255.16,191.85,1278.28,254.82,1258.96,304.55,1229.68,331.86,1254.42,182.62,1268.82,276.78,1226.78,309.57,1192.52,308.53,1241.24,183.56,1248.58,279.38,1203.80,298.01,1174.12,284.34,1217.54,193.20,1218.08,272.45,1188.46,281.62,1167.39,263.87
ND_Q4sDBRVFcsA_frame000957_l.jpg,0,694.33,709.20,676.08,673.35,638.68,666.12,606.39,679.20,584.22,687.88,633.24,703.50,591.52,718.16,566.24,718.26,549.44,715.24,634.07,725.61,591.06,733.84,565.78,730.23,550.92,725.45,634.44,736.17,595.53,741.07,574.22,735.89,560.46,729.95,634.61,739.35,601.37,742.59,581.07,738.20,567.70,731.97
ND_Q4sDBRVFcsA_frame001435_l.jpg,0,780.61,611.85,742.12,573.59,727.13,522.83,718.08,487.48,697.21,457.44,779.23,477.76,757.69,449.75,739.28,430.95,722.16,416.95,802.22,487.59,745.10,483.65,713.88,519.81,703.21,546.49,817.94,509.39,756.63,513.41,741.29,550.62,747.03,572.88,828.57,536.48,776.04,535.57,759.68,559.57,765.28,574.11
ND_Q4sDBRVFcsA_frame003108_l.jpg,0,387.55,647.63,392.87,599.91,396.47,545.01,398.54,501.58,394.45,465.07,384.90,572.67,394.81,533.65,417.44,516.62,438.23,503.53,397.52,601.07,408.16,567.62,433.01,546.17,454.16,531.15,415.96,631.32,428.37,609.18,450.44,588.12,467.88,571.70,437.78,659.46,466.99,650.51,490.36,643.59,510.33,638.13
ND_QFh2m9yNL4Y_frame000001_l.jpg,0,755.10,548.00,741.63,527.32,720.60,513.92,701.96,506.71,689.24,500.89,721.92,540.42,695.85,545.93,678.33,542.56,666.00,538.55,720.95,561.31,686.06,563.13,667.88,556.09,656.14,548.56,719.28,576.37,684.90,576.94,667.74,568.95,656.10,561.25,717.59,586.12,687.83,586.23,670.52,579.86,659.18,573.50
ND_QFh2m9yNL4Y_frame013157_r.jpg,0,942.92,638.59,836.52,570.76,767.38,498.00,715.45,459.28,667.53,423.75,882.35,417.94,857.41,374.53,834.75,374.75,816.78,385.11,925.76,441.57,891.17,407.37,861.59,404.40,838.92,408.76,948.14,476.60,916.71,448.47,889.35,437.08,865.51,441.88,956.95,510.50,931.93,482.50,908.32,469.80,886.83,471.80
ND_QFh2m9yNL4Y_frame014054_l.jpg,0,730.16,545.87,708.19,536.10,684.74,537.55,665.79,542.54,653.70,548.82,700.95,549.20,683.75,568.06,669.98,577.55,659.54,583.71,712.69,562.45,692.81,583.07,675.73,590.95,663.48,593.88,719.28,572.22,699.99,590.08,684.24,595.06,672.91,595.00,721.69,578.80,704.36,592.40,690.45,596.23,680.56,596.18
ND_QKNf-bjdkUk_frame003901_l.jpg,0,869.41,851.70,847.18,837.40,823.01,839.81,803.85,861.06,805.94,885.12,869.61,849.73,834.02,879.55,821.47,885.51,816.73,893.35,878.82,872.98,830.82,901.48,825.74,892.28,832.08,885.62,880.28,893.60,834.30,924.64,827.01,919.18,832.47,914.16,877.29,911.22,846.37,940.53,827.03,954.53,814.61,965.99
ND_QKNf-bjdkUk_frame005401_r.jpg,0,425.77,65.37,552.80,129.04,608.61,236.57,596.88,321.82,560.77,363.55,588.32,366.32,587.12,477.09,574.81,445.45,565.07,395.34,497.05,377.16,495.35,410.81,500.38,361.65,502.66,312.65,413.42,359.11,427.68,359.81,434.50,319.75,436.44,274.58,346.96,333.64,361.41,335.97,368.69,299.44,369.78,263.02
ND_QKNf-bjdkUk_frame021001_l.jpg,0,655.57,1013.63,645.60,983.08,645.87,961.14,661.86,942.31,690.65,933.17,660.81,1011.30,703.64,1018.89,736.36,1022.70,763.61,1023.58,678.80,1028.02,729.76,1035.78,763.87,1036.09,790.19,1033.43,691.90,1041.77,741.23,1044.40,772.28,1042.66,794.09,1037.70,703.25,1049.34,746.75,1047.31,776.75,1042.08,797.49,1037.10
ND_QNZl1VpyB_Y_frame006579_l.jpg,0,1154.34,450.72,1144.70,345.21,1086.21,273.63,1010.57,244.71,951.22,217.05,1053.95,259.64,988.99,216.45,946.55,202.75,912.58,198.00,1016.83,295.44,948.86,256.50,904.50,249.33,872.62,254.72,986.16,338.49,914.29,300.26,874.42,293.41,845.99,299.30,961.51,391.79,903.55,351.04,865.89,333.45,834.17,324.69
ND_QUejikgacfo_frame005701_r.jpg,0,245.63,644.22,182.67,641.83,129.53,617.01,80.61,603.65,39.15,591.58,191.77,519.90,149.68,453.42,125.76,418.51,110.24,395.93,229.82,505.18,217.30,427.00,191.33,396.54,168.68,387.13,251.31,505.31,245.73,439.26,222.52,414.14,201.34,406.39,257.00,512.47,253.03,462.76,236.47,441.68,219.81,432.73
ND_QdHQ235zmzw_frame050501_r.jpg,0,131.74,619.21,215.56,577.66,275.12,503.86,319.31,438.08,358.05,388.72,170.51,416.15,230.37,327.17,278.22,294.52,314.80,275.93,124.24,411.17,178.75,316.33,224.80,302.22,257.62,306.83,101.35,420.66,156.87,347.86,200.02,340.31,230.66,344.75,98.20,436.24,143.51,379.02,178.69,366.69,205.15,366.87
ND_QftCAzHtBGI_frame011401_l.jpg,0,266.75,354.05,278.68,290.88,348.23,243.85,411.32,227.15,452.58,199.38,393.90,271.23,445.39,260.94,479.49,255.96,511.16,257.16,404.39,304.90,458.56,280.24,467.82,263.60,478.61,261.12,404.10,340.46,446.20,307.45,402.45,295.41,375.03,304.92,396.66,379.19,418.33,343.18,379.91,330.97,353.15,340.40
ND_Qhl-y-C6S74_frame000898_l.jpg,0,590.73,625.23,498.73,586.11,417.69,572.10,362.75,576.50,331.25,583.70,412.14,579.64,325.67,621.46,302.07,674.83,321.88,696.36,429.49,620.19,345.26,668.74,327.85,716.65,351.45,724.16,455.44,665.17,373.82,714.30,358.97,757.64,378.99,759.71,484.51,710.12,423.55,755.84,401.47,784.61,408.92,787.83
ND_Qhl-y-C6S74_frame005981_r.jpg,0,84.93,235.14,106.18,235.16,123.90,246.51,133.78,261.20,139.15,274.10,115.58,262.43,126.86,280.27,131.11,284.35,133.72,284.11,103.96,271.09,114.90,291.23,123.10,298.78,129.68,301.18,94.13,276.23,103.06,295.15,112.94,302.31,121.55,304.72,86.44,279.39,93.91,294.18,102.80,299.99,111.13,301.28
ND_Qhl-y-C6S74_frame006280_r.jpg,0,497.52,258.21,515.88,240.29,534.44,232.57,547.22,231.86,553.80,234.88,549.47,241.05,577.12,245.32,593.58,247.83,605.89,249.47,550.44,255.70,581.78,258.63,600.11,260.21,613.54,260.35,549.32,268.82,578.50,275.92,595.52,278.50,607.45,278.13,546.31,278.92,568.03,281.32,578.40,281.18,585.04,279.44
ND_Qq7OJbtMst0_frame001496_l.jpg,0,901.55,-44.93,831.78,-1.44,806.83,73.74,821.70,149.25,828.59,214.59,922.40,59.91,936.68,175.72,936.16,255.44,931.01,307.92,981.55,57.02,973.14,175.20,946.29,222.89,926.19,243.23,1011.25,58.12,994.75,166.70,968.24,203.53,946.11,215.72,1021.80,59.91,1017.40,145.44,999.45,185.14,984.64,202.48
ND_R2skBTafglM_frame007775_r.jpg,0,569.27,299.79,570.47,321.70,565.44,339.95,558.17,352.24,548.77,358.78,572.83,353.74,562.01,366.12,551.68,367.42,544.42,366.10,570.29,350.19,559.03,359.70,550.78,360.88,545.81,360.12,565.22,344.02,554.13,353.44,547.69,355.38,543.93,354.83,558.56,336.40,547.23,345.35,539.94,350.31,534.70,353.80
ND_R48Nmi7S76Q_frame000898_l.jpg,0,682.01,505.35,665.42,494.41,647.22,489.99,630.96,492.24,618.00,496.46,645.42,492.61,628.99,502.28,624.92,512.61,623.39,522.05,653.89,502.48,637.64,513.90,631.70,525.83,628.62,536.09,663.60,511.25,648.14,522.23,640.93,531.84,635.37,540.01,673.77,519.00,661.04,527.06,653.28,532.82,645.48,537.88
ND_R48Nmi7S76Q_frame019436_r.jpg,0,454.92,496.39,477.50,493.03,504.29,500.35,523.47,509.98,536.20,514.72,510.41,498.31,535.68,513.98,547.10,523.74,555.91,528.14,500.15,508.31,523.97,531.20,536.13,542.89,543.02,546.42,486.85,519.52,507.53,543.51,518.50,551.61,524.67,554.40,472.13,531.59,487.52,551.57,497.16,556.72,503.37,557.90
ND_R48Nmi7S76Q_frame020034_l.jpg,0,578.14,502.14,555.29,510.34,541.05,528.22,536.29,544.21,534.51,557.35,529.88,536.25,519.12,558.14,513.94,573.87,511.24,586.59,540.92,545.05,531.27,566.37,526.54,582.42,522.67,595.59,553.78,552.48,545.31,571.33,540.77,585.05,536.40,596.34,567.83,557.96,560.04,572.51,555.61,583.12,551.78,592.90
ND_R64buC-8tcg_frame002101_r.jpg,0,1576.62,208.19,1415.47,146.13,1265.33,190.64,1156.71,278.22,1081.35,347.65,1285.62,274.92,1110.48,370.52,1019.36,420.48,958.70,453.29,1348.68,368.53,1144.10,468.81,1024.36,517.78,938.48,549.46,1412.34,445.13,1231.11,552.57,1116.61,600.41,1031.31,625.49,1470.49,493.20,1340.10,591.21,1251.70,626.38,1178.16,646.81
ND_Rg-6AG0J05k_frame006280_l.jpg,0,77.16,875.15,109.20,881.84,126.26,909.91,123.35,949.53,118.78,992.48,52.92,937.82,50.29,992.43,58.41,1023.66,67.01,1045.88,26.61,948.12,35.15,1009.81,58.35,1029.88,74.44,1037.32,17.32,954.37,34.26,1005.43,64.25,1006.00,82.19,996.14,18.95,960.79,33.06,998.65,56.64,1002.75,71.21,995.69
ND_RisDBj7Gkt8_frame001496_l.jpg,0,886.36,656.87,872.19,619.87,863.61,596.31,873.47,582.20,894.07,580.29,824.20,635.07,840.18,604.34,866.09,583.07,894.30,569.78,842.15,666.13,890.58,618.12,928.07,586.54,960.06,564.81,872.34,687.71,925.81,642.51,965.33,617.47,993.75,600.30,905.28,701.00,947.00,666.76,973.57,646.95,994.58,630.65
ND_RisDBj7Gkt8_frame001496_l.jpg,1,1231.19,576.37,1198.77,548.58,1174.61,520.08,1154.27,499.69,1136.18,477.19,1223.34,480.53,1186.07,483.28,1161.16,498.89,1139.29,515.72,1251.13,494.55,1203.97,512.87,1170.41,536.80,1144.26,557.50,1270.53,518.72,1224.72,541.88,1192.23,566.40,1167.70,585.46,1282.45,547.67,1249.40,567.35,1221.30,585.98,1198.31,598.48
ND_RisDBj7Gkt8_frame004785_l.jpg,0,1035.68,772.17,1073.93,731.21,1080.15,689.25,1075.88,654.79,1079.25,624.53,1011.10,728.42,965.40,712.54,930.15,688.87,899.51,670.05,973.81,747.98,920.05,714.33,893.44,680.15,875.10,656.54,951.13,756.86,905.67,717.28,884.23,679.39,868.09,649.22,938.67,758.27,908.10,719.49,889.64,688.88,872.85,664.59
ND_RisDBj7Gkt8_frame024519_r.jpg,0,512.17,552.07,532.30,514.75,567.33,494.22,599.56,492.38,625.02,500.08,586.38,480.21,637.54,480.43,654.95,496.69,657.01,509.82,590.73,500.50,642.74,514.13,637.47,528.61,623.71,530.56,591.07,526.23,635.11,545.43,623.10,553.06,607.38,550.29,587.28,552.33,620.28,567.58,609.17,570.61,595.01,565.47
ND_RisDBj7Gkt8_frame024519_r.jpg,1,667.28,673.33,697.84,653.54,720.00,640.93,732.44,629.01,737.19,615.34,743.59,654.29,764.73,643.36,755.32,624.07,740.82,606.85,729.91,663.08,732.20,634.30,721.49,604.76,710.82,583.34,709.15,669.12,708.95,643.39,702.42,614.57,695.45,592.43,685.83,672.86,681.50,652.61,678.58,631.25,675.78,612.95
ND_RnIQ7k1Enx0_frame000501_r.jpg,0,998.05,137.04,855.69,54.00,682.83,22.14,550.11,11.01,446.87,9.02,525.76,186.55,365.11,229.67,272.09,244.27,192.92,252.96,557.46,266.78,382.93,307.91,270.40,312.76,168.54,305.04,618.98,338.64,450.88,393.94,336.73,401.97,237.38,391.45,709.69,407.44,574.62,451.77,479.27,462.11,387.33,458.48
ND_Ry4Tao_uuVc_frame041251_l.jpg,0,141.60,484.21,201.80,439.60,282.81,439.86,350.61,467.80,400.63,483.91,240.60,510.84,350.33,562.93,420.15,586.24,477.40,602.04,217.95,571.26,329.64,618.45,412.57,638.22,475.11,646.32,203.78,611.44,280.50,671.84,352.43,703.78,406.17,717.27,200.59,633.19,255.47,679.84,307.03,704.84,350.39,717.45
ND_Ry4Tao_uuVc_frame048251_r.jpg,0,791.10,262.58,776.44,300.32,765.15,330.28,747.60,340.35,739.50,338.54,794.48,303.85,779.62,304.76,742.98,296.40,719.23,286.77,796.61,265.85,779.44,254.13,731.48,247.84,696.82,244.52,796.05,232.31,780.29,214.03,733.64,207.40,697.99,204.24,793.20,203.26,782.83,182.85,752.69,171.97,725.83,163.03
ND_Rzdxdsnl2v4_frame004793_l.jpg,0,636.47,573.99,699.71,544.06,769.48,566.36,813.69,600.96,841.62,624.42,770.65,614.65,818.37,652.99,845.85,684.05,866.20,709.63,754.24,645.86,802.10,683.01,833.30,709.22,858.63,732.38,738.80,667.51,786.04,698.43,817.66,720.36,843.05,740.24,726.28,679.61,769.86,702.69,798.15,719.35,819.76,734.14
ND_Rzdxdsnl2v4_frame007788_l.jpg,0,658.48,688.85,660.38,650.36,674.54,612.49,682.90,582.18,677.20,559.40,694.26,626.05,725.53,595.07,746.32,576.77,763.12,562.51,708.86,646.69,749.60,618.37,776.15,601.48,796.65,589.04,719.75,666.21,758.53,643.26,784.04,628.87,802.73,617.43,727.27,682.88,760.58,668.77,780.92,659.36,797.06,650.64
ND_Rzdxdsnl2v4_frame007788_l.jpg,1,1015.78,609.66,976.82,598.96,934.40,602.04,901.54,601.05,882.62,584.08,941.04,617.77,901.78,627.57,875.82,633.89,854.82,638.60,953.09,638.15,914.28,668.89,891.02,689.81,873.89,707.28,967.18,656.79,934.29,690.97,916.00,711.22,903.18,727.20,981.49,671.38,960.19,701.37,950.14,717.45,942.52,729.75
ND_S3FwHrbevMw_frame005101_l.jpg,0,621.37,275.35,645.72,333.34,695.55,395.62,744.71,457.38,774.15,508.87,789.36,298.22,820.48,409.67,808.77,473.77,794.98,513.76,822.85,289.49,888.27,386.89,864.56,449.90,829.65,484.37,834.53,295.69,892.61,375.26,871.38,432.38,841.84,463.70,833.10,311.01,870.20,366.97,860.89,407.53,843.36,433.20
ND_SEX237gKhNU_frame001496_r.jpg,0,631.88,123.14,773.48,128.52,887.62,228.34,907.23,346.67,866.09,437.26,960.01,249.58,1082.54,394.40,1160.32,507.10,1219.36,592.78,909.57,311.39,895.37,477.81,825.58,446.16,800.91,376.74,825.87,376.69,815.96,520.35,760.63,483.02,743.20,419.84,733.50,436.36,738.22,556.65,691.45,520.86,671.16,466.68
ND_SdFCd8W6Ogc_frame002251_r.jpg,0,811.20,715.53,859.06,671.31,920.58,652.86,978.28,659.39,1020.34,671.93,880.33,640.50,949.88,662.63,993.78,679.51,1024.38,693.12,859.41,680.82,942.97,707.08,987.39,712.46,1009.51,710.93,849.33,722.85,934.95,745.61,975.59,742.78,992.85,732.21,847.90,761.76,918.44,776.53,955.77,771.06,976.12,757.76
ND_SdFCd8W6Ogc_frame002251_r.jpg,1,1291.33,739.13,1236.38,690.32,1186.64,659.79,1138.44,662.62,1106.53,676.28,1194.71,629.42,1117.73,627.94,1073.70,647.52,1040.91,667.03,1216.01,660.48,1134.70,663.27,1081.05,687.68,1043.26,709.91,1228.11,700.91,1150.67,705.12,1098.39,721.85,1060.59,736.10,1230.84,745.98,1169.65,748.10,1131.26,753.32,1099.17,758.74
ND_SdFCd8W6Ogc_frame008251_r.jpg,0,1574.14,372.54,1500.35,228.66,1387.09,174.25,1270.46,147.36,1191.63,124.08,1300.73,219.15,1132.30,189.07,1116.86,152.00,1149.34,136.62,1283.30,310.92,1121.10,255.02,1115.32,205.82,1146.79,187.66,1286.66,381.00,1166.70,315.98,1163.86,268.82,1189.97,252.89,1305.55,432.92,1228.55,367.35,1226.64,328.79,1246.28,315.45
ND_SdFCd8W6Ogc_frame009251_r.jpg,0,290.88,695.09,433.82,448.98,700.56,385.70,960.96,424.76,1137.71,469.52,678.70,602.93,1040.22,578.98,1216.45,552.93,1322.18,522.84,668.26,803.15,1054.27,778.76,1240.71,705.71,1341.38,627.15,657.21,950.71,1025.84,959.73,1201.43,888.68,1294.98,803.77,642.32,1042.46,898.01,1084.59,1059.17,1058.12,1176.88,1007.88
ND_SdFCd8W6Ogc_frame009251_r.jpg,1,1855.08,222.95,1791.81,200.11,1745.59,260.13,1656.25,390.49,1536.74,532.49,1858.55,619.03,1608.83,703.79,1438.94,728.56,1308.26,735.27,1829.35,714.10,1544.28,780.38,1361.04,777.12,1223.36,752.46,1775.43,750.10,1522.51,803.87,1361.99,803.10,1227.44,784.44,1717.82,754.40,1540.09,788.65,1406.96,786.07,1287.44,777.20
ND_SdFCd8W6Ogc_frame010001_l.jpg,0,29.13,691.96,195.88,594.35,412.68,615.07,553.78,718.32,623.84,836.47,460.63,585.21,690.02,714.42,755.92,827.83,761.47,907.13,391.63,702.24,620.06,895.21,554.49,897.04,464.09,839.37,307.90,827.92,508.09,995.84,436.88,975.77,359.31,919.57,217.59,942.94,381.35,1081.71,334.25,1052.51,271.52,999.98
ND_SdFCd8W6Ogc_frame013001_l.jpg,0,817.13,781.69,874.46,747.54,907.66,701.83,934.46,663.65,962.92,629.10,868.01,654.57,866.89,611.66,879.39,590.85,900.04,573.43,839.84,670.53,820.04,627.93,834.35,611.26,858.92,597.47,813.44,699.36,793.05,665.88,809.40,652.69,834.81,643.13,791.95,736.64,770.22,717.20,778.65,708.88,796.13,703.08
ND_SfGr5hnnP4U_frame001801_r.jpg,0,1606.85,94.86,1505.59,168.03,1463.23,287.28,1441.52,375.65,1416.74,440.47,1625.89,368.77,1542.02,439.49,1494.10,481.35,1460.25,513.82,1673.98,356.14,1549.22,388.63,1496.12,344.62,1475.62,300.31,1690.22,325.01,1577.44,354.98,1521.70,327.33,1496.23,291.05,1689.46,293.62,1598.41,318.90,1551.71,298.32,1527.71,272.55
ND_SgoC6W-mTyE_frame002094_l.jpg,0,790.03,72.59,763.81,125.90,782.04,186.96,800.86,230.19,822.39,260.68,850.37,203.14,877.16,260.91,901.00,300.39,925.20,326.92,864.54,205.37,892.34,261.39,914.56,298.95,938.42,331.51,872.60,209.85,901.27,260.60,923.05,297.70,946.70,330.50,874.53,216.48,898.48,263.81,921.06,296.38,941.27,322.87
ND_SpeLYYz8RXs_frame003001_l.jpg,0,513.05,-75.50,594.50,-16.16,668.99,53.17,736.22,76.56,781.69,77.08,556.50,213.24,694.82,213.96,791.73,148.07,848.11,85.76,503.62,184.53,664.29,174.14,781.63,112.19,847.98,48.98,467.26,130.60,606.88,133.99,725.91,87.05,794.58,32.38,445.56,59.04,555.17,63.87,652.49,41.19,720.49,9.85
ND_SpeLYYz8RXs_frame009001_r.jpg,0,1424.15,773.44,1394.91,735.29,1358.35,712.01,1324.92,712.34,1303.81,728.29,1397.64,749.09,1362.25,776.36,1329.77,782.93,1302.56,784.95,1408.73,791.43,1362.86,818.97,1323.55,815.48,1298.83,805.14,1408.91,821.97,1365.43,841.71,1331.82,833.20,1312.16,818.53,1402.31,840.55,1366.50,851.03,1337.75,843.49,1318.55,832.24
ND_SpeLYYz8RXs_frame009751_l.jpg,0,1540.62,653.94,1483.04,620.92,1418.40,627.56,1371.74,653.34,1341.44,683.42,1408.61,611.26,1345.76,635.79,1312.08,662.59,1292.68,686.00,1433.80,646.58,1360.78,703.91,1330.34,723.27,1319.02,731.57,1460.66,683.84,1385.54,735.84,1380.82,725.73,1395.41,709.81,1485.92,717.71,1424.06,749.63,1422.19,737.91,1436.70,721.37
ND_SpeLYYz8RXs_frame009751_l.jpg,1,1036.22,532.98,1104.09,501.79,1173.23,502.10,1218.73,525.54,1243.77,554.82,1213.91,482.25,1290.48,535.36,1285.86,571.99,1270.39,585.17,1197.16,504.57,1253.00,579.93,1227.11,591.42,1204.69,575.12,1173.40,536.24,1218.77,607.97,1192.37,609.80,1171.55,592.88,1148.17,569.92,1184.39,623.30,1160.50,622.67,1141.21,608.67
ND_SpeLYYz8RXs_frame016001_l.jpg,0,913.02,767.89,962.12,778.87,1008.61,811.25,1029.88,850.94,1040.26,884.87,1018.36,782.43,1067.54,833.57,1086.01,878.22,1093.09,914.82,981.33,786.15,1018.94,854.77,1022.82,889.49,1017.45,903.11,940.85,799.16,973.40,872.52,980.24,899.17,980.74,902.42,902.57,817.60,929.96,882.00,942.08,899.33,948.12,898.80
ND_SpeLYYz8RXs_frame016001_l.jpg,1,1608.86,712.04,1549.10,685.33,1498.32,711.92,1476.01,764.52,1473.81,808.59,1548.63,713.14,1507.53,764.36,1483.92,794.63,1465.23,812.92,1587.35,744.43,1547.21,812.06,1516.19,839.32,1493.69,848.06,1611.80,767.30,1576.42,828.00,1546.21,839.69,1526.43,834.19,1622.30,782.40,1592.28,826.93,1563.08,837.13,1544.71,832.63
ND_Sv2CIKIx-WM_frame000300_l.jpg,0,1181.76,1631.54,904.88,1730.92,599.56,1636.04,390.06,1480.58,202.44,1364.86,592.62,1304.30,429.82,1135.33,343.17,1055.45,277.93,1008.76,724.71,1177.02,585.74,1007.02,530.59,937.16,497.78,879.94,847.14,1100.69,758.95,926.37,705.74,864.73,666.84,812.15,987.33,1037.75,917.40,885.73,876.97,819.05,844.38,759.29
ND_T0pwg0f7hEk_frame000600_r.jpg,0,1078.10,623.92,1052.06,633.93,1041.63,653.48,1043.85,675.16,1044.45,692.54,1072.06,655.18,1065.50,690.26,1051.95,694.57,1045.37,690.40,1086.38,660.93,1070.77,696.14,1058.65,690.16,1058.22,677.56,1092.80,664.67,1076.12,694.77,1064.97,687.79,1064.72,676.30,1094.54,667.16,1081.03,687.79,1070.53,684.30,1069.38,676.06
ND_T0pwg0f7hEk_frame001199_l.jpg,0,749.53,560.86,723.53,543.64,696.71,539.89,672.68,539.28,652.17,534.07,690.35,579.50,658.29,598.21,640.50,604.09,628.83,607.71,699.17,592.73,666.63,609.98,653.30,606.18,647.93,599.63,706.83,599.06,677.81,613.20,665.85,609.34,660.32,603.71,712.23,600.64,688.91,611.30,677.20,609.45,671.64,606.08
ND_T0pwg0f7hEk_frame008387_r.jpg,0,929.51,347.26,881.12,299.19,796.55,271.37,721.71,285.95,674.92,327.49,733.68,296.27,666.17,309.82,623.94,334.06,594.12,354.28,732.17,343.38,664.50,361.40,616.34,384.73,581.12,409.95,743.14,382.37,674.60,399.31,632.12,417.11,601.17,436.47,765.23,416.40,706.47,432.64,672.13,444.86,646.28,455.22
ND_T0pwg0f7hEk_frame014377_r.jpg,0,627.65,577.04,604.34,582.79,584.19,599.19,575.94,619.18,573.02,635.40,579.06,623.85,570.35,644.31,568.97,649.98,570.28,647.50,592.40,630.41,585.77,652.32,585.85,654.56,589.56,647.61,606.00,632.82,600.26,652.88,600.67,655.00,604.24,648.52,620.70,631.40,617.19,647.82,616.79,649.98,618.03,646.01
ND_T0pwg0f7hEk_frame014377_r.jpg,1,924.21,509.73,895.31,505.06,867.03,511.90,850.98,526.40,845.71,541.33,855.34,510.19,833.99,536.20,830.62,553.25,832.87,563.40,862.30,518.65,837.41,544.38,834.91,561.05,839.68,569.93,874.12,528.39,850.77,552.90,848.35,567.94,851.73,575.36,889.17,539.62,872.35,559.17,867.89,569.29,867.75,574.31
ND_T0qck5kvJ8I_frame009901_r.jpg,0,694.89,388.98,712.42,369.72,733.71,360.84,751.98,365.37,764.59,374.93,738.43,355.35,773.39,359.18,785.55,370.23,787.53,379.85,737.33,371.09,775.99,378.10,783.73,388.51,780.50,393.95,735.26,388.72,770.83,397.89,770.66,403.03,762.74,402.71,732.14,405.25,759.29,412.11,759.41,412.70,753.27,410.54
ND_T0qck5kvJ8I_frame018901_l.jpg,0,634.49,389.32,607.03,381.20,591.23,368.35,578.88,359.01,568.15,353.57,609.65,335.42,599.02,315.30,590.84,303.67,584.73,292.87,611.30,338.45,580.18,329.02,573.54,342.26,576.28,352.54,609.32,346.85,579.91,348.43,579.96,360.53,586.51,366.42,605.29,357.71,582.30,363.34,583.03,372.46,589.22,376.55
ND_T0qck5kvJ8I_frame018901_l.jpg,1,522.46,354.33,535.25,333.32,540.34,309.50,538.88,291.16,529.72,278.05,516.71,291.48,514.14,267.03,512.97,254.35,511.68,242.28,506.19,296.97,511.65,278.74,520.86,295.09,524.74,307.31,496.52,304.72,506.48,292.61,514.47,310.97,515.08,322.09,487.46,314.58,498.07,303.38,505.83,315.23,505.90,323.78
ND_T0qck5kvJ8I_frame021301_l.jpg,0,836.25,543.46,827.43,557.21,829.42,575.75,835.41,591.69,839.85,605.94,864.42,567.91,874.35,590.67,875.07,606.36,873.94,619.34,875.79,566.90,901.66,584.36,913.96,596.92,923.03,607.44,880.72,568.92,903.75,583.33,914.41,594.92,922.47,605.29,880.99,572.44,900.36,585.21,910.50,593.21,916.50,600.75
ND_TB6GY0koRGo_frame001496_r.jpg,0,342.16,101.86,394.94,81.66,444.03,93.40,478.58,111.77,503.03,121.43,450.97,113.48,494.80,152.03,518.61,172.88,536.30,189.39,432.55,138.88,467.01,170.31,463.60,157.84,451.81,144.44,411.45,157.67,440.37,173.57,434.61,160.82,422.20,150.56,391.34,169.39,414.58,173.61,409.90,163.81,399.32,157.22
ND_TCr_NYyRz0c_frame011281_r.jpg,0,390.80,134.09,380.28,135.68,368.22,131.03,356.82,127.03,348.33,124.69,367.42,114.65,350.92,115.52,344.27,121.87,342.14,127.32,366.31,116.12,351.18,118.08,343.11,123.41,338.32,129.25,365.05,119.00,350.89,120.10,342.29,124.62,335.88,129.93,363.95,121.87,351.34,121.94,344.48,124.10,338.99,127.19
ND_TCr_NYyRz0c_frame019921_l.jpg,0,323.53,79.68,331.27,97.42,329.59,115.26,324.38,129.13,320.81,142.41,303.48,114.31,296.61,127.43,297.10,132.53,299.90,134.93,293.50,107.48,285.92,119.52,285.60,125.04,288.24,127.66,285.34,98.39,276.49,108.49,275.98,115.77,279.23,120.30,277.66,86.54,266.92,92.96,266.06,99.20,270.10,104.30
ND_TCr_NYyRz0c_frame023521_r.jpg,0,232.16,255.89,228.74,253.26,229.04,259.02,234.48,271.53,239.47,283.65,202.30,279.25,215.64,289.86,229.65,291.63,240.37,290.47,207.52,290.03,222.75,298.87,238.31,296.41,248.23,292.47,215.52,296.06,229.17,303.06,241.38,299.44,248.92,294.59,223.95,298.33,232.34,303.14,240.83,300.42,246.53,296.47
ND_TF7LgMQiPuo_frame003589_r.jpg,0,860.74,522.14,885.46,506.94,912.93,495.44,937.21,492.24,955.35,488.72,890.87,473.23,917.02,477.88,934.89,486.06,948.96,494.41,878.67,486.17,910.19,497.61,929.75,509.27,943.19,518.87,872.02,503.31,903.87,518.67,923.52,530.56,936.31,538.66,869.20,521.54,896.23,534.93,911.27,542.99,922.42,549.04
ND_TF7LgMQiPuo_frame005084_r.jpg,0,590.65,805.88,600.11,654.18,684.87,512.06,813.38,443.97,920.56,428.80,593.05,570.44,737.74,498.26,851.84,465.62,928.90,447.53,628.20,692.18,842.63,601.58,991.68,538.38,1090.10,496.84,687.48,798.38,908.95,721.62,1049.36,649.07,1139.30,594.79,758.21,880.37,943.26,819.41,1049.58,763.68,1125.53,715.52
ND_TF7LgMQiPuo_frame006280_r.jpg,0,1127.60,650.97,1111.54,651.16,1094.50,662.08,1076.82,676.39,1061.17,688.17,1125.98,660.23,1111.31,671.82,1097.77,679.45,1087.10,687.08,1136.40,672.15,1123.75,688.55,1114.10,698.58,1107.26,706.18,1140.12,683.94,1130.13,705.68,1121.40,720.93,1115.63,732.89,1139.15,694.77,1134.08,716.66,1128.68,732.29,1123.79,744.75
ND_TF7LgMQiPuo_frame008373_l.jpg,0,937.98,571.56,931.77,543.90,936.69,514.93,939.67,493.10,931.11,478.98,971.77,528.23,997.58,496.17,1006.36,477.01,1009.64,464.11,987.01,542.13,1011.55,505.61,1015.19,485.38,1013.17,474.23,997.39,551.90,1018.70,517.13,1019.22,498.58,1014.63,488.03,1003.74,558.33,1020.54,531.20,1020.80,515.48,1016.21,505.02
ND_TF7LgMQiPuo_frame008373_l.jpg,1,1197.45,556.64,1185.04,529.84,1173.49,508.57,1159.26,495.83,1145.21,487.47,1197.45,497.78,1192.08,475.38,1173.05,471.39,1156.54,472.10,1200.12,511.90,1183.58,494.85,1157.43,491.29,1138.72,493.06,1197.55,529.86,1179.54,518.36,1156.16,513.86,1139.11,512.82,1192.42,548.43,1175.97,543.37,1160.54,538.95,1148.68,536.37
ND_TF7LgMQiPuo_frame016745_l.jpg,0,939.52,535.81,934.81,501.01,940.50,466.06,953.16,441.52,964.53,425.62,945.28,458.05,960.71,415.76,970.14,389.17,976.79,368.15,955.21,465.82,975.58,422.81,987.23,394.32,996.22,371.76,966.88,479.65,987.55,439.66,999.13,413.85,1008.26,392.07,979.60,497.98,992.70,473.77,1001.44,455.96,1011.37,439.99
ND_TF7LgMQiPuo_frame017343_r.jpg,0,744.00,966.32,779.14,973.39,805.38,993.80,821.71,1012.78,839.17,1028.31,765.96,996.11,770.69,1021.53,775.07,1040.82,777.18,1061.23,736.13,1001.22,723.54,1030.00,717.59,1050.53,710.54,1069.27,714.47,1004.52,698.82,1029.77,688.98,1047.95,679.61,1065.97,700.65,1005.55,681.25,1024.55,667.67,1036.05,655.90,1048.05
ND_THtF87rQn9k_frame000901_l.jpg,0,609.50,994.11,738.14,974.83,822.45,870.81,845.79,747.06,849.97,650.27,810.26,869.37,868.24,681.54,898.36,570.02,924.71,485.88,725.51,842.10,796.47,648.92,839.87,519.54,873.98,429.57,639.24,818.14,703.87,645.09,750.71,530.68,793.84,448.98,561.38,795.50,583.03,662.25,600.00,573.38,621.27,505.00
ND_THtF87rQn9k_frame004201_l.jpg,0,294.85,688.53,444.19,639.65,546.23,524.26,631.31,429.77,713.72,364.62,406.90,356.12,565.31,283.75,650.53,270.97,710.97,263.43,339.05,340.53,504.77,309.85,573.70,353.03,612.26,388.88,302.76,361.37,452.61,336.29,521.18,368.47,560.40,403.69,289.19,391.77,403.06,366.14,465.06,387.32,502.53,412.95
ND_TRqP64NyIGw_frame008074_l.jpg,0,1706.41,1571.42,1774.14,1593.70,1825.52,1660.09,1857.29,1724.66,1899.68,1761.90,1838.88,1719.82,1865.56,1789.84,1877.22,1846.03,1884.25,1891.37,1798.10,1739.22,1819.68,1808.37,1805.27,1829.72,1785.62,1821.94,1753.88,1745.57,1766.02,1812.88,1756.72,1823.80,1745.01,1799.39,1708.25,1743.57,1713.93,1795.37,1710.82,1802.08,1708.65,1782.28
ND_TW3uVV4V_kw_frame003601_l.jpg,0,823.17,1078.08,788.33,970.06,757.53,874.88,737.28,804.49,701.86,757.54,691.10,921.67,796.83,801.00,817.52,825.71,808.48,872.51,737.25,992.69,880.42,851.08,883.91,895.92,855.45,939.29,799.35,1043.30,929.68,906.67,911.33,948.99,877.98,993.21,862.42,1084.51,960.92,973.02,948.09,993.51,920.61,1034.47
ND_TXtd1Bbi-zY_frame005101_r.jpg,0,638.24,331.00,629.12,310.20,611.20,296.73,596.31,288.43,583.01,282.20,581.42,308.03,559.23,300.77,545.16,293.91,534.38,287.34,580.14,318.96,557.61,313.15,542.57,304.80,530.54,296.00,583.66,329.36,562.12,326.22,548.65,319.45,539.56,311.75,591.17,339.61,573.57,338.82,563.07,333.72,556.74,327.39
ND_TXtd1Bbi-zY_frame005101_r.jpg,1,531.91,274.27,539.72,263.99,539.36,250.54,531.86,238.09,524.16,228.00,528.76,228.59,514.83,217.97,508.17,226.97,505.55,238.34,516.71,229.22,501.98,218.50,497.83,232.20,498.76,246.36,505.68,231.46,491.59,221.49,489.16,234.45,491.96,247.90,495.60,235.93,486.12,228.16,484.68,235.79,487.98,245.23
ND_TjKB6z4TU_Y_frame007177_r.jpg,0,767.16,174.96,727.93,137.37,682.11,130.61,639.13,128.48,611.11,114.32,663.66,178.18,603.78,195.51,569.35,205.29,542.01,213.80,670.34,209.68,604.80,219.98,565.83,223.54,535.43,225.85,680.67,235.17,623.40,250.97,586.38,255.29,558.09,257.24,691.44,253.01,649.21,275.52,622.48,287.75,599.02,297.35
ND_U1MuY-IcElE_frame001201_l.jpg,0,726.87,750.04,674.08,700.00,635.90,629.26,647.82,554.88,658.55,505.43,508.56,638.25,445.54,579.40,415.08,524.73,399.71,479.97,559.32,620.33,538.92,564.28,563.11,542.35,599.53,536.35,613.34,607.27,603.41,548.69,626.81,528.68,648.36,519.17,668.28,593.63,682.72,542.81,696.98,519.04,712.73,507.42
ND_U2ZVUROwy04_frame053701_l.jpg,0,608.25,128.95,683.63,107.26,765.29,111.49,826.03,133.90,868.01,151.02,723.97,208.14,777.48,248.39,788.45,222.72,781.10,200.18,685.51,243.27,745.80,274.28,759.48,247.30,751.97,224.51,653.49,262.81,712.79,280.71,725.34,256.89,717.59,234.93,626.95,272.32,675.02,284.01,687.83,263.43,683.37,244.32
ND_UIO1fOmcpP0_frame003001_r.jpg,0,282.66,324.19,347.89,357.71,425.52,363.56,487.95,381.16,532.87,397.54,427.33,239.82,522.03,246.96,543.31,283.73,539.37,313.78,407.35,202.21,496.85,177.58,522.01,212.80,517.14,246.56,384.07,190.20,452.18,155.09,473.57,183.82,474.12,211.50,365.85,196.69,402.31,161.00,421.48,168.97,428.10,182.72
ND_UIO1fOmcpP0_frame003001_r.jpg,1,437.44,590.00,424.50,508.48,451.07,450.85,479.77,421.00,490.65,405.85,560.19,444.28,647.46,423.74,653.60,430.02,628.65,439.83,588.14,494.92,681.22,468.71,673.78,471.05,645.19,478.25,599.03,545.39,680.01,527.19,664.18,526.92,634.74,531.52,594.79,593.26,652.33,587.39,639.82,582.05,612.87,581.37
ND_UNXCyHO9crk_frame000001_l.jpg,0,119.13,567.16,129.47,544.23,154.11,533.11,177.75,531.99,193.48,536.38,174.54,551.57,200.64,561.85,206.00,557.22,202.93,554.92,173.31,568.23,199.19,569.99,203.75,562.66,200.84,558.69,169.28,580.29,192.59,577.46,197.79,570.41,196.47,566.51,164.49,588.31,182.78,580.07,188.10,573.29,188.46,570.31
ND_UOc0tHugCSM_frame029401_l.jpg,0,1282.86,924.28,1251.19,867.99,1178.87,828.70,1110.95,825.23,1061.86,837.90,1157.42,802.08,1054.93,801.41,1001.38,825.90,972.90,850.59,1158.00,836.88,1037.76,831.14,988.94,857.13,964.67,877.68,1163.92,888.28,1050.58,874.63,1002.59,893.94,974.07,909.15,1173.58,948.49,1096.24,939.98,1048.05,946.10,1011.54,953.54
ND_UOc0tHugCSM_frame042901_l.jpg,0,535.19,252.90,654.23,318.81,770.80,321.29,871.80,268.96,937.15,208.77,721.93,273.13,906.01,230.42,1016.52,192.76,1100.39,156.72,685.76,160.53,906.55,110.16,1045.29,70.47,1140.49,43.71,663.52,64.24,860.50,8.71,983.27,-26.71,1071.22,-52.67,652.53,-3.75,792.28,-42.48,877.14,-63.62,944.95,-82.74
ND_UOc0tHugCSM_frame045601_r.jpg,0,771.64,667.49,780.20,631.78,777.74,599.11,777.83,571.87,779.79,547.43,733.47,588.79,712.92,563.82,705.23,546.88,700.61,529.82,721.41,603.00,696.43,578.79,684.31,561.62,675.42,544.50,716.77,624.67,693.26,605.24,680.09,590.85,670.51,575.13,717.90,650.57,700.89,643.84,694.58,635.11,690.80,624.20
ND_UOc0tHugCSM_frame045601_r.jpg,1,1170.51,681.69,1173.07,638.23,1175.38,598.60,1171.95,570.38,1168.48,549.55,1197.84,603.06,1206.28,566.45,1211.31,540.28,1216.41,517.69,1192.36,615.89,1193.62,581.09,1191.49,555.69,1190.43,533.59,1179.15,632.87,1173.53,601.14,1166.33,575.42,1161.61,552.95,1159.46,651.77,1146.02,629.63,1134.62,611.01,1124.88,594.84
ND_UOc0tHugCSM_frame045901_l.jpg,0,692.58,841.66,730.63,819.31,782.64,808.25,819.17,793.33,841.99,768.05,757.50,835.14,771.88,850.79,776.48,864.87,782.39,880.69,740.63,865.43,750.64,897.17,757.68,919.86,766.25,942.06,729.08,890.29,744.47,924.38,754.19,947.84,766.16,970.13,723.65,908.07,741.19,937.38,752.49,957.29,764.19,977.11
ND_Uh5yhms9Zi4_frame001496_r.jpg,0,775.84,627.00,793.40,582.47,819.81,570.29,835.67,580.13,838.36,596.26,863.76,578.55,857.37,595.21,839.01,602.64,825.86,603.72,869.72,610.05,858.36,627.90,839.70,629.92,825.84,629.97,864.37,640.97,852.76,655.61,834.89,658.52,818.49,657.11,854.75,665.99,841.17,681.89,825.84,685.41,812.75,683.21
ND_Uh5yhms9Zi4_frame001795_r.jpg,0,556.47,623.31,585.09,612.85,613.99,619.57,632.25,635.14,641.25,651.94,633.06,624.54,658.09,648.32,666.37,667.33,667.55,681.35,626.98,639.82,655.57,661.77,664.66,680.21,665.51,694.03,615.83,656.44,640.33,679.07,644.50,693.82,642.32,703.30,601.28,672.90,617.93,691.26,622.88,701.70,623.26,708.94
ND_Uh5yhms9Zi4_frame001795_r.jpg,1,826.45,588.48,796.29,576.83,764.06,573.28,739.78,580.64,724.54,593.66,751.43,562.99,718.43,577.38,699.36,588.29,684.48,597.71,758.30,575.86,724.28,595.24,705.94,610.67,692.83,623.49,767.24,592.88,733.76,610.68,716.47,623.75,705.06,633.50,777.21,612.14,750.34,625.17,736.09,633.26,725.42,640.45
ND_Uh5yhms9Zi4_frame002991_l.jpg,0,1166.34,663.70,1178.35,572.99,1146.64,499.22,1095.44,466.12,1058.07,460.89,1096.17,423.34,990.78,376.54,932.93,367.83,892.19,365.10,1056.52,457.00,965.72,445.04,983.55,476.42,1015.60,493.06,1023.31,502.64,953.73,491.13,970.31,520.81,998.11,536.79,996.69,555.05,938.93,530.74,953.40,552.32,978.61,567.90
ND_UhAv7-4o3U0_frame000001_l.jpg,0,48.36,487.09,77.07,502.50,97.00,491.69,113.78,477.61,127.11,463.97,85.02,448.48,106.06,443.62,124.26,443.82,131.97,446.69,90.75,430.60,115.67,424.99,134.54,428.25,148.43,433.14,97.63,410.75,126.82,406.19,143.06,416.83,152.06,426.16,104.70,390.01,138.05,384.37,149.73,392.30,153.40,402.07
ND_UqHO2pvsvHo_frame000001_l.jpg,0,567.98,855.44,510.82,862.60,478.70,896.35,457.80,933.12,442.21,958.97,482.06,924.89,459.01,983.94,450.69,1003.31,448.25,1004.09,512.01,942.53,486.16,1014.08,471.03,1050.28,461.40,1070.50,542.75,953.39,527.61,1019.13,513.08,1050.89,501.10,1068.36,572.21,953.59,562.44,1007.42,551.86,1025.31,540.25,1030.93
ND_UqHO2pvsvHo_frame000001_l.jpg,1,29.72,898.22,78.19,950.14,123.33,968.17,153.85,978.97,177.25,988.16,170.02,891.91,208.11,939.07,203.46,982.76,189.30,1012.16,155.55,885.31,199.21,946.45,190.68,995.58,174.59,1023.86,132.26,891.66,170.16,956.70,158.28,1002.43,143.66,1026.07,105.26,906.69,123.15,964.56,109.89,986.11,95.19,993.92
ND_UqHO2pvsvHo_frame001496_r.jpg,0,56.90,343.29,126.02,329.52,187.98,363.36,216.93,415.02,231.90,456.37,164.91,345.85,223.39,437.55,254.74,486.28,266.67,515.37,116.11,373.24,186.35,478.91,221.92,514.93,226.83,519.66,77.94,403.51,144.85,505.04,180.83,527.43,189.42,518.43,52.18,430.42,109.54,509.94,143.34,524.55,155.92,514.17
ND_UqHO2pvsvHo_frame001496_r.jpg,1,679.30,840.70,632.48,810.59,582.49,801.55,539.48,820.57,511.89,844.91,621.28,820.01,583.59,848.46,550.20,863.88,519.43,872.63,641.74,855.76,594.65,900.60,549.99,917.74,514.86,925.21,651.61,886.01,603.26,931.08,559.86,945.89,524.79,950.17,654.35,908.46,616.17,947.93,584.26,959.97,555.83,962.53
ND_UzZXo5w3GxE_frame016321_r.jpg,0,2616.39,266.99,2557.95,455.76,2413.89,606.85,2277.26,696.32,2171.29,762.79,2192.63,519.00,2045.37,661.57,2037.44,749.12,2072.76,786.26,2168.66,499.20,2100.85,663.00,2239.99,683.70,2352.42,641.79,2154.70,482.64,2108.28,653.41,2252.87,660.93,2365.63,608.89,2157.48,464.38,2128.08,616.73,2214.94,637.18,2296.41,596.66
ND_V1zSNYio9Qs_frame000300_l.jpg,0,569.31,330.29,594.10,321.12,619.45,320.90,637.15,318.54,645.71,310.02,624.55,329.99,646.87,336.54,659.63,341.25,669.35,345.11,619.75,343.82,643.64,360.19,657.15,369.39,667.71,377.17,611.93,355.75,633.63,372.48,645.77,381.75,655.66,389.01,602.74,365.10,616.67,379.80,624.71,388.46,631.58,395.50
ND_V1zSNYio9Qs_frame000300_l.jpg,1,776.14,445.63,751.67,453.39,736.98,470.76,728.91,488.53,719.33,498.50,740.91,480.95,729.49,504.90,724.65,517.70,721.59,527.95,752.84,487.85,741.92,514.40,736.90,528.40,733.66,538.74,764.56,492.06,756.57,517.09,752.33,529.91,749.81,538.91,775.24,494.15,770.52,514.07,767.39,525.55,764.96,534.60
ND_V1zSNYio9Qs_frame000898_r.jpg,0,766.37,474.86,787.20,465.09,805.73,474.93,821.99,492.13,835.93,503.41,789.24,509.58,825.20,519.63,844.91,520.26,859.93,519.95,784.83,521.70,823.61,531.71,847.61,531.38,865.88,528.60,783.94,526.87,817.75,539.90,840.51,541.24,858.23,539.80,786.48,527.87,811.85,540.17,829.54,543.65,844.08,544.68
ND_V1zSNYio9Qs_frame005383_l.jpg,0,666.17,374.31,675.63,388.66,675.36,403.52,671.77,415.26,669.45,423.97,663.81,405.38,655.55,421.03,656.41,428.73,659.14,431.95,657.94,403.21,648.64,420.30,651.02,427.68,654.63,430.15,654.40,401.76,645.19,417.50,648.25,425.59,652.20,428.98,653.18,400.72,646.09,413.41,647.03,421.24,649.70,425.77
ND_VFBG3fxsWXs_frame000300_l.jpg,0,594.11,534.63,574.34,486.73,536.07,468.02,505.06,455.70,486.44,438.84,489.15,500.56,453.67,502.78,463.65,492.92,477.97,485.80,491.75,528.28,464.10,522.71,475.77,513.38,491.50,510.66,502.22,551.93,483.43,541.37,494.21,534.33,509.38,533.72,514.95,570.02,501.88,557.13,512.61,550.30,525.92,550.42
ND_VJEP7yBbrxI_frame005682_r.jpg,0,50.39,363.97,77.93,363.27,96.49,355.83,109.26,342.79,119.25,329.87,80.74,328.74,89.36,293.79,94.01,272.48,96.78,255.39,62.71,324.30,72.34,288.22,79.06,265.44,83.99,248.20,45.82,323.27,54.26,290.07,61.08,268.09,66.75,251.59,31.72,324.26,33.62,298.96,36.05,281.77,38.61,267.93
ND_VJEP7yBbrxI_frame005682_r.jpg,1,358.25,357.44,330.98,357.39,307.16,345.33,291.82,326.93,278.49,311.15,324.23,322.05,312.65,284.04,306.75,262.41,303.92,246.19,343.11,314.55,328.24,274.83,320.40,251.72,315.81,234.33,357.92,309.45,344.00,273.10,335.35,252.19,329.48,236.03,368.55,305.98,357.55,278.87,350.88,262.55,345.63,249.17
ND_VJKbCXhePho_frame003601_r.jpg,0,1481.23,307.28,1418.86,246.77,1348.11,227.07,1293.55,277.48,1266.34,340.90,1451.47,271.55,1372.02,325.45,1309.20,343.85,1260.67,340.27,1468.72,350.59,1372.76,400.47,1290.41,403.50,1235.77,391.50,1467.75,413.64,1365.87,451.71,1290.48,450.20,1244.40,435.10,1450.36,454.55,1372.03,481.55,1313.56,482.19,1276.14,471.90
ND_VbRfDWT4DFk_frame000001_l.jpg,0,132.85,633.85,320.38,501.94,537.87,409.56,740.67,408.43,912.09,435.96,585.04,364.35,761.93,347.39,870.08,379.51,948.25,420.28,578.57,471.80,767.68,475.21,888.85,507.11,982.87,562.70,555.26,580.99,732.49,602.32,856.18,635.52,952.17,687.04,523.17,702.24,661.50,731.63,751.70,758.25,826.21,792.21
ND_VjIlu7f2RwQ_frame000901_r.jpg,0,73.81,350.78,77.33,331.50,93.87,312.92,111.69,302.03,123.58,296.34,81.95,320.55,85.94,302.33,91.24,291.26,96.74,282.23,89.94,333.47,92.96,324.68,95.37,319.52,98.70,314.61,98.41,345.00,108.77,336.80,117.96,327.35,125.83,318.53,107.92,354.03,121.40,346.97,129.81,338.43,137.10,329.19
ND_Vk2_48n9BlA_frame004801_r.jpg,0,130.90,225.60,150.97,226.83,163.15,225.93,171.32,228.34,178.09,232.54,163.39,206.06,177.61,209.34,185.14,215.19,190.45,222.19,158.23,206.57,174.61,208.17,182.62,214.73,188.30,222.02,151.26,210.53,164.00,211.07,171.81,215.56,178.64,220.27,143.88,216.57,146.80,216.10,150.34,216.75,154.42,218.42
ND_Vk2_48n9BlA_frame004801_r.jpg,1,239.58,217.37,242.92,223.66,243.21,228.17,241.11,228.68,238.64,226.70,231.86,213.02,221.21,220.13,216.57,226.03,214.79,230.49,224.66,208.91,214.01,216.03,211.56,223.47,212.23,229.20,219.87,207.37,210.59,214.21,208.62,221.09,209.05,225.99,216.75,207.99,209.49,212.20,207.17,216.98,207.15,220.36
ND_Vk2_48n9BlA_frame008401_l.jpg,0,227.62,235.07,215.72,230.21,205.73,221.33,199.37,215.09,192.95,213.01,205.90,208.00,197.88,202.60,191.50,205.69,186.11,210.34,209.78,204.88,200.72,198.28,193.32,201.06,187.28,205.96,216.11,203.52,209.34,193.64,201.89,193.74,194.86,196.45,223.37,204.05,227.65,193.68,226.85,187.59,223.58,183.77
ND_Vk2_48n9BlA_frame008401_l.jpg,1,137.74,230.25,142.51,217.46,153.05,210.97,164.85,211.33,171.96,215.29,155.33,222.80,172.85,220.94,180.57,217.25,183.19,213.98,157.27,232.53,175.56,230.01,182.96,225.30,184.82,220.99,157.99,239.71,175.00,238.44,182.60,234.35,185.76,230.00,157.56,244.11,167.69,247.38,174.31,247.17,179.00,245.74
ND_Vk2_48n9BlA_frame008701_r.jpg,0,128.15,232.66,141.89,234.67,151.40,232.20,155.28,228.39,155.82,225.85,160.40,212.78,166.44,220.72,166.85,228.47,165.58,233.31,155.64,211.03,160.56,220.20,160.97,227.40,159.67,231.98,148.44,212.16,152.05,221.23,152.96,227.32,152.50,231.27,140.61,215.31,141.91,223.17,141.91,228.49,140.98,232.13
ND_Vk2_48n9BlA_frame008701_r.jpg,1,249.45,225.26,234.61,230.11,222.59,229.88,214.32,228.44,209.45,227.96,207.91,217.35,194.13,221.44,192.50,229.51,194.20,236.10,212.84,215.61,198.91,221.49,195.87,229.57,196.19,236.05,220.50,216.76,208.69,222.77,205.42,229.17,205.01,234.34,229.62,220.65,223.27,226.37,220.46,230.25,219.11,233.61
ND_Vk2_48n9BlA_frame013801_r.jpg,0,130.88,238.84,148.92,233.79,160.15,230.95,168.32,229.66,174.23,228.47,154.03,209.18,165.07,213.19,171.95,218.45,176.93,224.53,149.17,211.30,160.73,214.29,168.90,219.09,174.46,225.55,143.16,217.05,153.11,216.54,161.22,220.55,167.77,225.00,137.93,224.97,137.11,224.44,137.36,223.92,137.97,224.22
ND_Vk2_48n9BlA_frame013801_r.jpg,1,226.42,237.08,208.85,233.11,197.94,227.50,190.41,225.11,183.54,224.30,199.62,214.96,192.21,210.14,186.08,214.73,182.18,221.25,205.62,214.94,198.86,205.92,191.04,209.78,186.79,216.37,212.88,217.82,207.98,209.03,200.31,210.89,194.75,214.92,220.31,223.95,219.72,222.12,215.86,222.93,212.21,224.28
ND_Vk2_48n9BlA_frame018901_r.jpg,0,239.23,227.75,240.19,224.97,238.99,224.20,235.62,225.73,231.04,225.13,215.41,216.58,207.84,220.85,203.79,226.42,200.36,232.35,209.51,221.21,200.93,225.55,196.25,230.40,192.16,236.24,207.06,226.39,197.97,230.82,193.34,234.18,189.17,238.34,206.74,231.89,198.48,234.93,194.13,237.66,190.57,240.77
ND_Vk2_48n9BlA_frame018901_r.jpg,1,123.20,207.47,112.68,210.28,104.63,215.48,100.22,221.57,98.58,227.77,111.79,217.20,111.62,224.98,112.53,230.53,114.31,236.27,122.25,216.27,125.24,225.57,127.79,232.51,130.07,238.67,131.44,215.14,135.94,223.97,138.95,230.67,141.05,236.73,139.20,213.70,144.09,220.77,147.10,226.18,148.92,231.53
ND_Vk2_48n9BlA_frame020101_r.jpg,0,105.42,191.47,120.36,192.63,131.77,192.13,139.64,191.59,146.61,190.63,135.80,178.10,140.52,189.45,135.05,192.03,132.08,190.23,130.01,177.79,134.54,193.06,129.15,194.14,126.33,191.15,123.54,179.65,127.71,194.43,123.04,194.65,119.99,190.67,117.20,182.37,119.94,194.09,116.62,194.00,113.93,189.55
ND_Vk2_48n9BlA_frame020101_r.jpg,1,178.16,243.56,171.54,235.72,162.00,234.34,155.12,236.67,150.35,240.21,150.65,232.31,138.36,231.63,133.03,233.40,131.81,235.40,148.82,238.37,135.52,240.42,132.44,241.63,132.94,242.59,148.60,244.66,136.06,246.70,134.09,247.15,134.98,247.20,149.33,250.32,139.72,251.15,137.02,251.21,136.76,251.07
ND_VqhlBPWlZtg_frame014054_l.jpg,0,450.96,424.25,461.45,397.49,460.73,371.21,460.38,351.14,460.13,334.77,415.64,357.45,403.23,332.82,414.70,325.77,428.13,326.86,408.29,370.57,405.28,351.39,420.87,341.27,436.08,338.57,408.64,387.38,417.02,370.54,433.88,360.69,448.13,356.55,415.55,405.17,428.38,393.54,440.65,387.39,450.68,384.71
ND_VqhlBPWlZtg_frame017044_l.jpg,0,115.52,256.61,222.72,243.07,310.65,284.33,360.16,359.79,411.03,421.63,271.36,292.85,331.96,383.55,367.59,458.19,395.03,520.31,208.23,332.52,247.52,426.16,285.76,508.17,316.80,573.61,154.57,366.90,176.87,462.94,215.98,540.44,239.82,599.85,115.43,400.11,129.99,481.02,141.42,536.81,154.43,587.44
ND_VqhlBPWlZtg_frame017044_l.jpg,1,888.00,27.93,858.09,44.46,875.70,67.05,919.73,99.79,965.21,136.96,988.70,54.92,1041.62,110.69,1072.03,159.92,1097.04,206.60,1025.38,62.60,1091.60,111.47,1128.25,160.97,1158.75,203.71,1042.11,77.92,1102.21,122.56,1139.47,168.72,1169.06,208.42,1049.91,92.36,1098.08,131.09,1124.50,167.38,1147.44,200.11
ND_VqhlBPWlZtg_frame024818_l.jpg,0,971.56,553.45,974.77,548.54,980.31,548.09,981.52,553.61,983.50,562.19,1006.25,564.92,1022.17,584.12,1017.40,597.32,1005.70,608.05,996.03,575.03,993.58,595.60,980.01,608.53,964.18,615.21,984.20,581.67,974.23,598.39,958.92,604.87,944.60,604.95,972.77,584.93,963.01,597.35,950.98,599.38,939.35,596.69
ND_VqhlBPWlZtg_frame032293_r.jpg,0,677.27,516.32,648.28,520.38,623.62,537.13,609.38,554.70,600.59,571.13,611.45,535.38,587.28,558.58,578.73,577.35,576.13,591.47,624.13,538.96,600.69,565.50,593.61,586.74,592.75,600.65,641.95,543.70,619.74,569.99,612.91,589.28,611.30,600.92,662.22,548.71,644.74,569.90,635.45,584.34,629.26,594.04
ND_VqhlBPWlZtg_frame032293_r.jpg,1,525.67,443.82,556.65,460.52,575.47,488.54,580.38,515.05,575.59,529.18,582.43,463.50,586.83,485.21,581.96,502.37,575.07,514.84,564.45,461.85,560.30,498.14,557.96,515.69,556.27,526.65,546.38,464.47,543.28,500.51,545.73,515.24,548.33,523.54,530.06,469.42,533.29,498.51,538.06,512.22,542.24,521.83
ND_WLF5HAlupsw_frame008672_r.jpg,0,263.91,594.52,300.28,580.52,340.07,583.72,373.79,578.44,399.59,570.78,337.52,646.23,379.75,666.72,406.43,677.17,427.58,683.27,328.64,654.98,370.75,671.39,399.00,674.35,420.88,673.93,319.74,655.31,355.30,666.80,380.62,667.64,397.97,665.87,313.35,650.37,342.68,658.25,362.14,659.51,374.68,657.95
ND_WLF5HAlupsw_frame008672_r.jpg,1,317.90,425.42,335.73,432.09,359.46,439.96,382.09,451.65,400.99,458.77,390.80,426.90,424.92,438.78,424.29,450.24,415.81,454.17,388.29,438.51,411.41,456.72,401.21,461.95,390.79,458.53,382.31,449.74,397.35,466.15,385.62,465.87,376.19,460.06,374.79,458.43,385.38,470.52,377.57,469.87,369.91,465.50
ND_WLIvgVhjWfM_frame000001_r.jpg,0,157.78,292.74,185.85,298.13,210.24,315.94,222.66,335.78,229.14,352.56,225.46,309.91,250.62,333.40,251.84,356.53,242.23,369.00,209.44,312.01,221.00,354.64,216.23,374.02,209.43,377.92,187.68,317.25,192.30,364.50,187.85,376.20,182.66,372.53,164.59,323.93,170.88,363.48,171.45,372.80,171.26,371.73
ND_WOifwQdvapQ_frame000601_l.jpg,0,586.07,657.77,585.03,626.54,606.56,599.98,639.16,582.33,659.78,560.30,628.74,655.90,673.51,612.28,687.97,581.74,695.62,560.87,650.36,673.96,700.21,625.53,693.55,601.33,681.05,591.96,664.60,679.96,702.91,634.08,693.95,613.74,682.26,607.01,673.90,677.50,697.07,644.08,691.14,626.45,682.70,619.28
ND_WOifwQdvapQ_frame000601_l.jpg,1,752.86,610.12,746.09,563.05,740.76,532.94,728.11,516.82,713.62,508.92,786.98,531.14,769.50,515.01,741.92,507.95,718.35,504.51,785.52,556.79,734.63,538.53,696.83,528.11,669.77,522.17,773.44,582.60,731.40,569.15,716.21,561.39,709.12,556.29,755.88,603.72,725.23,589.21,714.80,579.26,710.92,571.11
ND_WOifwQdvapQ_frame004501_l.jpg,0,216.51,274.79,358.64,302.35,491.35,297.01,589.80,319.77,656.53,358.18,555.70,143.13,693.90,155.51,762.66,195.42,806.20,230.64,541.86,183.53,652.10,244.93,669.32,306.40,672.28,347.18,518.99,232.70,609.77,293.65,613.04,346.04,602.26,377.44,495.20,277.77,559.17,324.86,563.91,362.24,551.93,387.60
ND_WOifwQdvapQ_frame005701_r.jpg,0,454.00,271.41,541.65,363.35,659.40,383.55,747.86,414.39,811.98,443.02,734.36,207.34,848.95,254.81,874.54,317.51,875.43,362.80,715.05,165.31,816.14,234.28,829.68,311.20,821.60,369.83,688.30,152.64,773.43,217.39,788.83,287.88,782.57,343.64,664.05,161.43,735.99,210.22,757.19,260.38,758.04,303.05
ND_WXYHZfsLmio_frame009001_l.jpg,0,1488.09,913.40,1413.00,837.57,1304.36,860.01,1195.98,926.69,1098.08,955.54,1393.72,922.64,1275.71,1020.11,1170.84,1070.92,1102.87,1094.45,1418.44,1009.87,1294.18,1116.13,1199.84,1162.50,1135.49,1183.93,1414.69,1071.37,1309.06,1162.76,1222.84,1202.69,1159.88,1219.23,1398.81,1111.33,1316.89,1186.24,1247.59,1217.67,1197.49,1230.24
ND_Wk0gVd-lGx8_frame000599_r.jpg,0,475.65,511.90,491.82,514.23,498.92,523.20,492.29,535.32,480.68,546.47,462.45,522.62,456.79,533.94,459.50,543.28,462.39,553.43,449.60,532.82,445.73,554.53,451.30,564.41,455.83,568.48,443.43,542.72,435.96,565.37,438.59,574.69,440.26,580.02,441.47,552.05,434.52,569.18,431.89,576.48,429.03,580.33
ND_Wk0gVd-lGx8_frame005383_l.jpg,0,521.39,460.56,514.86,468.44,514.01,475.54,522.92,475.35,533.66,472.68,535.08,507.09,548.40,509.16,560.52,502.56,572.20,493.58,550.33,502.56,567.20,501.75,577.03,490.65,583.24,477.02,561.21,496.39,575.87,492.65,582.51,481.82,586.70,471.17,567.35,489.20,578.45,487.91,583.94,479.04,587.17,469.28
ND_Wk0gVd-lGx8_frame005383_l.jpg,1,756.85,480.65,757.26,488.17,755.54,497.34,750.55,499.54,742.19,497.79,726.18,513.43,714.03,512.22,705.99,503.36,699.16,493.91,713.79,506.76,697.49,499.82,691.41,487.41,690.42,473.83,705.75,498.99,694.01,487.41,693.64,475.49,696.15,463.77,702.66,491.03,694.28,481.29,694.42,472.15,697.03,462.90
ND_WmOKGKCwxzQ_frame000300_l.jpg,0,687.33,615.52,622.58,588.23,572.78,558.85,534.73,547.95,506.96,549.32,600.84,493.53,520.93,489.74,488.61,538.93,481.38,575.35,632.18,515.43,550.01,528.48,519.15,587.27,519.64,615.70,656.83,551.96,585.58,575.73,561.76,619.18,566.93,632.04,676.54,593.92,617.67,613.50,589.55,637.66,585.64,642.49
ND_WusOD-qjwjs_frame006280_r.jpg,0,1069.44,82.20,1027.83,74.73,962.43,78.32,902.93,110.57,855.26,131.08,914.02,46.32,859.62,106.67,891.79,117.36,923.56,109.48,924.66,78.76,882.90,132.01,916.05,135.98,943.98,125.24,937.41,106.89,903.00,149.99,935.16,148.50,960.08,135.39,950.05,130.43,925.85,161.29,950.59,157.82,970.31,142.53
ND_WusOD-qjwjs_frame006280_r.jpg,1,981.55,483.93,938.46,369.75,849.25,301.45,754.39,272.01,691.86,248.45,767.11,388.91,710.33,293.25,747.33,279.59,773.66,290.40,748.14,446.81,711.23,344.30,752.99,327.16,784.82,340.78,752.50,483.29,715.32,392.52,749.96,370.97,782.73,380.25,765.51,503.60,727.06,430.47,750.61,405.61,777.10,408.34
ND_WvNp1iscEH8_frame004785_r.jpg,0,175.53,164.73,305.60,54.55,453.75,57.06,555.60,104.08,610.87,149.93,537.55,247.73,690.90,248.05,724.06,212.75,721.49,196.36,496.03,309.62,611.07,249.47,602.56,182.89,566.04,149.43,447.34,331.74,547.16,251.73,538.39,194.37,507.72,167.50,406.77,326.28,474.36,253.52,475.33,206.21,454.40,179.94
ND_Wx9bAWSiaRU_frame000751_l.jpg,0,183.58,259.17,195.53,259.86,204.91,258.14,211.43,257.61,216.97,258.66,204.72,247.28,217.05,243.86,224.83,246.17,229.78,249.92,202.69,247.58,215.90,243.91,224.05,248.20,228.73,253.39,200.24,250.30,211.31,246.65,217.71,250.34,221.67,254.48,197.83,254.71,204.00,251.31,207.53,251.46,209.69,252.48
ND_Wx9bAWSiaRU_frame001001_l.jpg,0,291.82,174.49,309.44,175.66,325.49,178.02,336.47,181.64,342.89,185.41,331.66,166.64,346.74,174.04,351.69,180.32,354.39,184.46,325.89,166.19,337.71,179.61,337.36,190.41,334.68,197.34,318.60,168.78,330.00,181.67,330.46,191.23,328.11,196.80,310.94,173.22,321.26,183.08,322.66,189.50,321.33,193.04
ND_X9I1BYEMFNA_frame003301_r.jpg,0,621.43,636.55,610.63,627.73,593.82,628.55,580.24,637.15,571.61,645.19,554.05,649.41,528.79,661.27,531.69,674.48,543.37,685.95,559.80,668.70,546.00,688.94,557.45,699.72,572.43,705.44,568.36,683.82,555.33,704.76,564.09,713.56,577.13,716.02,578.67,693.52,570.28,711.47,573.96,719.86,581.44,723.68
ND_X9I1BYEMFNA_frame010201_r.jpg,0,512.83,654.43,544.78,607.31,592.63,579.54,622.74,553.31,640.52,526.91,635.89,635.87,655.21,587.84,641.81,555.83,628.14,534.88,627.19,656.42,635.85,603.25,623.75,570.45,607.17,548.37,610.32,665.21,617.77,615.78,611.14,585.06,599.77,563.11,594.89,667.25,601.57,624.70,596.85,597.78,587.55,578.13
ND_X9I1BYEMFNA_frame016201_l.jpg,0,653.98,615.60,684.71,605.09,714.53,607.85,735.78,617.31,754.09,624.83,736.07,635.20,761.49,644.81,779.91,651.45,794.17,657.13,728.70,650.12,755.36,662.49,771.93,667.97,785.52,671.85,718.12,662.59,740.64,676.77,754.78,681.58,765.80,684.03,702.31,674.38,718.66,688.62,728.79,693.11,736.09,694.06
ND_XMGMgK6Oa2s_frame005501_r.jpg,0,237.59,98.92,287.17,95.48,352.35,108.36,413.43,141.64,485.09,174.54,474.43,56.49,558.66,102.81,599.28,146.24,617.75,188.66,466.03,107.14,548.39,166.50,558.80,221.47,545.60,267.37,450.54,153.92,514.36,208.14,524.79,258.18,513.65,296.43,429.54,193.86,469.68,236.92,475.46,273.48,467.17,302.16
ND_XMGMgK6Oa2s_frame005501_r.jpg,1,218.14,620.19,214.90,519.58,290.34,416.76,344.57,332.57,367.17,252.49,457.72,451.44,539.92,356.02,569.08,297.59,584.28,256.68,475.93,490.41,550.57,398.23,575.75,336.77,582.66,293.46,466.25,513.09,514.58,427.82,531.73,371.75,539.60,327.94,448.94,517.49,484.38,437.76,494.43,390.69,497.95,355.84
ND_XMGMgK6Oa2s_frame008501_r.jpg,0,220.74,403.15,240.62,417.37,253.31,437.76,261.27,451.49,265.19,462.21,228.07,455.10,238.38,475.53,249.85,476.83,257.90,472.00,218.70,452.78,230.47,470.26,242.23,471.98,251.47,468.34,213.91,447.82,224.46,461.25,234.40,464.11,242.27,461.66,211.77,443.20,221.47,454.55,229.25,458.44,236.16,457.55
ND_XMGMgK6Oa2s_frame008501_r.jpg,1,541.25,310.35,525.39,326.81,520.99,348.88,522.41,367.64,522.47,381.09,547.22,361.37,552.29,379.72,546.98,375.91,542.36,368.52,560.77,356.72,562.01,371.10,556.43,367.11,553.14,360.43,570.91,349.82,571.79,363.26,566.89,360.18,563.70,353.77,578.46,342.48,580.70,354.61,576.59,353.23,573.18,347.98
ND_XNZsoeaq_34_frame006280_l.jpg,0,1614.24,150.69,1480.33,94.64,1351.31,105.65,1217.03,132.61,1118.22,152.19,1490.27,301.53,1469.50,473.56,1383.18,589.41,1292.35,669.89,1542.48,392.19,1489.37,576.04,1360.68,680.83,1246.91,729.56,1559.77,453.17,1511.47,622.60,1398.92,714.06,1297.99,766.44,1556.83,490.65,1527.05,627.38,1466.23,709.70,1406.85,769.05
ND_XPtwccJe5U8_frame016561_r.jpg,0,1215.71,725.31,1104.24,716.85,985.69,671.97,877.95,610.24,782.83,566.64,1098.05,515.29,994.44,383.54,911.66,345.05,850.62,330.32,1166.35,456.21,1110.11,266.41,1030.70,186.37,961.26,147.09,1203.31,434.24,1148.16,279.16,1071.51,212.90,1006.50,186.62,1214.52,436.81,1161.92,328.32,1109.45,283.96,1059.88,263.79
ND_XPtwccJe5U8_frame016561_r.jpg,1,269.72,736.28,407.82,676.79,503.12,588.14,585.66,510.34,661.92,464.95,332.20,420.21,418.83,278.91,479.43,236.16,527.11,213.69,248.73,406.00,340.47,244.89,417.85,209.03,478.07,205.31,195.01,414.82,270.59,280.21,335.35,263.26,380.89,270.74,165.15,432.67,206.30,327.21,252.96,304.76,294.19,307.95
ND_XTDhKl38doo_frame001201_r.jpg,0,977.59,495.47,991.71,453.49,983.05,417.34,976.79,389.04,988.89,370.88,937.74,388.03,896.55,379.62,878.50,387.55,871.19,393.42,918.45,400.96,874.38,397.47,865.08,412.57,867.39,421.59,902.36,420.45,861.23,420.56,854.90,435.22,859.38,443.99,890.99,445.00,855.26,442.80,847.34,450.72,848.51,456.93
ND_XTDhKl38doo_frame001201_r.jpg,1,459.04,443.88,482.00,419.94,514.16,396.53,542.28,383.22,558.91,365.47,504.47,374.67,549.16,376.49,577.24,383.23,599.85,389.22,494.56,387.83,545.70,397.88,576.88,409.70,600.73,419.48,487.58,409.37,537.17,420.45,565.75,431.00,585.98,438.95,483.40,433.06,521.17,438.47,544.98,442.88,563.35,446.96
ND_XTDhKl38doo_frame002101_r.jpg,0,963.99,562.69,930.74,503.66,930.47,448.85,951.47,404.35,970.69,367.03,984.92,477.00,1043.81,416.26,1075.72,376.31,1099.69,345.45,1025.62,504.94,1090.59,438.38,1125.95,391.46,1150.28,355.72,1057.32,524.61,1119.77,472.30,1150.21,433.79,1169.68,402.47,1077.30,535.54,1131.57,500.69,1160.33,476.14,1179.33,452.66
ND_XTDhKl38doo_frame011101_r.jpg,0,888.46,491.93,857.25,512.54,796.38,550.10,734.69,596.95,679.43,634.04,695.98,490.90,625.07,539.49,629.25,591.55,654.58,628.91,709.40,523.74,666.23,590.42,704.20,630.85,743.32,646.77,730.12,554.81,705.00,614.91,743.31,638.75,778.31,644.16,754.38,576.47,737.36,623.49,762.55,638.10,788.40,634.80
ND_XTDhKl38doo_frame015301_l.jpg,0,697.55,578.32,691.79,537.45,659.09,509.29,626.21,496.25,600.39,490.91,647.62,501.01,608.30,473.07,582.44,455.27,561.28,441.19,633.19,516.92,584.94,482.08,552.32,459.95,526.91,441.04,619.67,539.35,575.14,501.30,545.51,475.78,523.56,454.83,608.29,567.17,574.37,537.88,552.13,516.52,533.69,496.92
ND_XTDhKl38doo_frame015301_l.jpg,1,791.82,453.15,762.78,461.56,730.16,451.87,697.52,441.86,670.57,435.83,735.66,403.54,690.79,394.23,668.57,397.00,654.59,399.92,736.72,398.04,692.38,392.52,668.80,395.55,654.54,399.97,735.63,400.55,695.26,397.71,673.70,400.12,659.02,403.39,730.24,405.65,696.98,401.01,677.26,401.90,663.31,404.08
ND_XVkT_WGNbP4_frame002401_r.jpg,0,816.36,524.51,780.30,522.22,746.14,528.72,723.24,538.92,709.92,551.64,746.62,563.62,724.96,579.56,712.12,583.54,702.83,584.16,756.70,575.23,733.43,590.83,720.68,592.99,711.96,591.16,768.14,584.17,746.40,598.46,732.37,599.73,722.47,597.34,779.75,590.96,759.40,601.35,746.78,602.56,736.47,600.64
ND_XYdl9FQdXH0_frame003601_l.jpg,0,997.21,583.46,893.21,602.07,815.50,563.57,759.17,539.59,702.30,544.91,838.20,428.39,769.87,382.35,711.48,366.12,669.23,361.67,874.36,416.00,809.39,361.47,751.82,353.87,706.51,353.50,898.36,423.07,852.60,374.70,803.40,365.34,766.83,367.29,913.80,436.05,876.66,396.58,841.43,380.21,813.39,375.61
ND_XdMAoRSeASg_frame004501_l.jpg,0,1045.56,506.49,1011.36,490.05,963.68,480.43,926.69,468.63,899.48,454.97,958.39,471.37,901.82,472.69,865.43,477.97,835.76,483.17,970.45,482.89,906.95,494.41,865.79,511.87,837.36,525.47,989.15,502.01,929.75,519.72,895.18,543.92,872.54,561.27,1010.23,525.13,964.19,541.49,938.19,558.14,918.84,572.65
ND_XdMAoRSeASg_frame007501_l.jpg,0,957.73,561.88,942.62,532.82,917.95,513.41,901.84,501.66,893.58,488.66,874.02,498.10,830.45,492.05,807.37,499.62,795.93,508.34,867.90,511.61,818.87,514.68,803.44,530.14,800.88,539.77,865.10,531.10,819.87,539.28,812.80,554.97,816.58,563.94,866.97,555.48,828.19,559.05,821.99,567.89,826.38,574.40
ND_XdMAoRSeASg_frame024001_r.jpg,0,850.12,423.44,825.09,448.41,785.75,468.86,754.42,491.22,728.65,514.02,746.27,439.11,706.16,466.23,695.87,494.00,696.10,517.71,754.46,446.22,724.66,475.32,720.94,506.06,728.05,530.74,765.05,453.85,740.55,480.04,739.24,504.80,741.16,526.07,773.73,460.42,756.32,482.04,755.17,500.14,757.69,515.34
ND_XiGgsMltimI_frame000895_l.jpg,0,85.12,631.31,93.76,620.57,91.94,603.83,107.60,585.65,118.53,571.21,7.82,553.71,60.73,525.45,98.58,547.61,106.61,569.02,-13.08,557.84,61.85,529.04,97.91,553.63,94.94,574.85,-18.64,573.72,59.61,551.99,90.76,567.91,80.50,584.87,-14.90,604.52,59.14,589.51,86.08,604.49,74.91,624.53
ND_YFnWfx0j93M_frame004081_r.jpg,0,522.13,88.41,563.46,216.41,660.82,301.61,712.99,385.30,728.87,464.71,845.88,177.70,965.36,274.45,992.19,346.87,995.77,400.15,863.64,104.45,1000.66,176.00,1001.16,246.37,963.96,300.33,848.64,64.29,959.01,125.72,961.00,192.55,935.61,243.34,819.96,54.49,900.30,101.55,911.00,151.97,900.86,195.27
ND_YPIaH76EueY_frame000001_r.jpg,0,751.56,485.80,758.61,597.54,712.19,699.24,671.24,783.18,654.94,864.40,611.03,680.35,478.22,753.46,395.84,790.23,329.53,820.14,568.52,602.29,420.25,673.63,324.79,718.73,251.74,756.12,552.04,525.66,407.94,570.80,311.71,599.97,236.47,624.28,552.47,461.37,447.90,496.32,379.74,517.51,322.99,539.77
ND_YW2LfJ0ev_s_frame006481_l.jpg,0,1398.36,190.92,1393.94,254.05,1384.54,337.87,1353.34,400.43,1328.07,445.40,1462.61,393.41,1434.15,475.85,1403.63,523.81,1372.93,559.06,1425.08,391.25,1378.77,471.05,1328.83,508.22,1282.92,541.89,1388.77,378.63,1337.98,437.98,1292.56,471.33,1248.21,495.37,1353.86,360.36,1315.40,402.33,1281.95,421.15,1248.22,436.47
ND_YYAAMfnU60I_frame000300_r.jpg,0,575.68,921.52,510.81,921.32,459.27,952.97,423.35,990.04,406.16,1025.01,495.76,1005.20,457.03,1079.38,431.69,1107.82,416.82,1121.88,528.65,1027.23,477.72,1099.89,447.67,1104.51,434.38,1095.65,554.26,1039.26,506.94,1108.35,477.61,1107.40,466.58,1091.35,572.50,1044.28,548.87,1105.47,522.31,1112.93,505.37,1102.19
ND_YYAAMfnU60I_frame000300_r.jpg,1,216.27,967.40,279.49,951.37,333.64,979.24,368.51,1021.71,389.92,1052.06,324.39,1039.80,382.05,1107.26,413.61,1112.11,421.11,1096.66,296.66,1070.28,354.73,1147.92,393.67,1152.62,408.95,1136.32,274.01,1084.76,329.08,1137.13,363.47,1133.83,376.59,1118.58,259.25,1087.54,306.39,1117.45,335.96,1110.86,348.19,1095.84
ND_YbyILq0omrw_frame008101_l.jpg,0,789.29,454.59,758.81,459.39,740.98,481.28,733.42,504.74,727.51,521.61,752.69,497.94,747.42,535.33,742.04,549.80,739.17,555.15,772.22,505.08,766.50,542.79,756.56,554.50,749.79,556.39,788.11,508.28,783.48,544.82,772.70,555.24,764.13,556.14,799.87,509.02,800.22,539.31,793.57,553.17,786.22,559.02
ND_YbyILq0omrw_frame011101_r.jpg,0,685.14,432.76,712.46,429.74,735.65,444.69,744.91,465.90,746.44,483.13,744.51,441.78,756.23,472.91,759.71,490.35,762.48,504.47,731.81,452.23,739.64,482.89,734.64,477.82,729.94,468.26,717.98,461.53,726.19,482.89,721.43,476.87,717.40,468.73,704.91,468.93,712.59,481.10,708.45,475.44,704.46,469.12
ND_YfriUPPtRQ0_frame000501_l.jpg,0,212.78,665.25,228.28,646.52,248.45,640.57,266.90,643.22,278.90,645.18,254.09,657.67,276.37,659.56,284.14,657.67,287.94,656.34,252.76,671.53,275.67,670.65,278.03,664.32,273.89,660.53,250.10,681.49,270.50,678.84,270.74,672.65,266.06,669.52,247.28,687.99,263.46,685.47,264.21,680.37,260.56,677.55
ND_YgDgP6btLdo_frame000001_r.jpg,0,829.01,1957.67,1008.37,1873.29,1114.67,1790.99,1214.41,1753.09,1305.36,1735.49,986.48,1601.44,1124.61,1546.04,1220.91,1549.95,1292.32,1563.76,929.56,1626.80,1101.71,1564.24,1212.31,1594.02,1284.72,1626.95,892.50,1693.14,1057.60,1648.76,1165.81,1699.65,1232.70,1750.97,872.97,1779.62,979.99,1756.79,1060.81,1758.22,1126.49,1766.35
ND_YiZfdF968pc_frame001196_l.jpg,0,155.51,376.15,166.68,373.69,176.82,372.34,185.31,372.76,188.91,373.55,159.84,341.04,172.41,350.73,181.91,360.62,187.68,366.46,146.37,349.05,162.93,368.63,172.31,381.07,176.66,385.40,137.06,361.47,154.43,380.04,163.72,388.67,168.07,390.91,131.30,374.81,144.22,387.40,153.80,393.06,159.84,394.68
ND_YiZfdF968pc_frame001196_l.jpg,1,237.64,350.16,242.76,328.20,239.03,310.68,228.09,306.96,220.79,311.26,241.03,335.39,212.14,328.81,206.54,316.54,207.51,306.32,231.69,348.67,204.30,335.51,196.08,319.20,195.83,307.57,223.33,356.65,198.83,342.64,187.90,325.73,183.95,312.81,215.68,359.55,197.29,349.77,187.23,338.53,182.13,329.76
ND_Yin8R4tS3pg_frame005401_r.jpg,0,818.23,492.01,716.58,508.16,642.36,470.54,601.20,414.08,584.69,372.49,636.13,328.48,593.13,249.38,580.87,225.09,575.47,218.80,700.27,286.46,702.09,208.56,718.31,227.06,729.08,260.77,766.02,272.69,771.04,265.24,781.13,299.83,787.51,332.22,824.28,272.65,823.49,280.99,831.16,310.10,838.02,338.07
ND_YqV7fj_SVWc_frame001197_r.jpg,0,675.71,427.02,658.40,407.03,650.29,381.91,650.13,362.01,658.40,348.53,678.69,349.42,680.91,325.32,671.75,331.04,662.69,345.77,695.84,354.35,684.02,351.91,670.43,369.77,662.20,386.22,708.21,365.93,686.87,375.43,675.41,393.53,669.41,407.72,716.50,380.53,696.29,388.79,684.61,401.89,678.97,412.31
ND_YqV7fj_SVWc_frame001197_r.jpg,1,330.92,447.33,352.95,427.01,364.78,402.37,371.81,382.24,367.39,366.08,347.39,367.51,346.81,336.58,360.72,343.23,368.19,356.44,334.09,371.93,332.01,339.99,349.77,352.40,357.87,367.65,321.66,380.46,320.47,353.23,340.46,364.76,350.76,379.28,310.17,392.76,313.46,372.22,329.72,376.49,340.14,385.44
ND_YqV7fj_SVWc_frame010466_r.jpg,0,531.72,533.02,504.09,518.88,474.37,510.33,448.41,510.13,431.32,517.65,480.61,511.29,454.37,514.00,437.81,518.34,425.69,523.03,484.79,523.14,461.53,524.38,444.51,527.95,431.35,531.37,489.34,534.74,469.30,535.39,454.81,537.45,442.89,539.00,494.41,546.65,479.53,546.95,469.94,547.11,462.34,547.62
ND_YqV7fj_SVWc_frame014054_l.jpg,0,277.26,452.49,270.72,420.18,269.33,403.43,278.46,402.86,290.46,409.85,249.27,407.60,246.33,401.08,266.41,407.69,285.40,413.44,252.73,426.99,269.94,432.81,296.46,432.93,315.01,428.51,261.00,445.06,280.11,450.69,306.14,445.54,325.11,436.84,273.08,458.44,293.70,461.91,313.01,456.00,328.71,447.95
ND_YqV7fj_SVWc_frame014054_l.jpg,1,710.00,554.21,688.52,539.35,674.08,533.19,662.79,534.78,655.76,543.28,695.19,536.58,668.12,547.84,654.95,555.74,652.97,560.32,705.68,556.25,673.63,570.64,657.32,572.73,656.72,569.37,711.82,574.84,682.20,588.42,666.36,587.53,662.78,580.78,714.73,589.38,691.68,600.78,676.65,600.30,670.17,593.91
ND_YqV7fj_SVWc_frame018838_r.jpg,0,280.55,470.97,311.61,459.92,341.81,465.26,360.49,483.32,370.47,501.86,351.22,460.31,383.06,490.66,394.50,511.83,399.79,528.56,337.83,473.33,370.06,508.50,376.89,528.50,375.31,540.17,321.71,489.10,351.07,521.90,356.38,534.64,354.27,538.77,305.05,505.83,328.93,531.39,332.78,534.25,329.88,531.20
ND_YqV7fj_SVWc_frame018838_r.jpg,1,711.68,550.77,692.67,565.41,681.95,577.29,684.00,588.74,694.76,594.84,709.47,556.38,719.36,571.11,725.25,586.58,730.05,602.42,726.49,554.57,737.16,570.00,740.83,586.71,744.10,602.73,737.67,556.84,747.95,571.90,749.64,586.72,750.63,600.26,744.80,561.27,752.96,574.09,755.13,584.69,755.59,594.22
ND_YqV7fj_SVWc_frame019137_r.jpg,0,197.25,570.10,190.95,553.83,175.43,544.23,157.76,541.08,142.37,535.93,134.82,541.98,110.11,543.06,95.06,548.16,80.45,554.73,130.57,559.85,104.25,565.49,93.23,574.33,84.13,582.72,132.73,575.72,108.10,582.14,97.26,589.58,89.47,596.52,139.66,589.88,119.61,596.34,107.05,602.52,96.10,607.79
ND_Z7_n9vfRdg8_frame007201_l.jpg,0,916.58,501.86,871.08,464.12,802.49,449.90,745.31,455.21,700.18,465.96,801.92,411.01,733.17,395.42,683.66,421.39,648.81,451.71,832.30,438.03,740.66,464.75,680.86,504.27,641.84,533.49,854.98,479.55,764.38,517.91,705.30,550.09,666.91,572.89,869.36,526.49,790.02,560.20,743.78,580.59,709.74,593.35
ND_Z7_n9vfRdg8_frame007201_l.jpg,1,286.02,447.09,358.43,457.98,426.91,440.74,467.48,416.54,497.45,399.66,447.60,312.40,473.89,341.08,479.20,387.58,474.40,435.00,400.45,286.39,413.82,357.32,397.66,430.88,382.00,484.13,348.34,285.65,359.55,350.39,346.47,419.91,336.10,467.99,297.47,298.14,301.55,329.34,297.95,366.32,295.41,391.81
ND_Z7_n9vfRdg8_frame022081_l.jpg,0,833.56,670.44,814.56,626.94,818.35,587.91,822.07,560.73,827.59,545.70,844.21,629.56,862.14,621.34,879.81,620.19,896.89,623.22,846.60,672.13,872.41,684.32,888.99,693.70,904.66,701.92,846.13,708.27,867.72,725.81,883.34,731.69,900.82,734.56,843.23,735.84,861.37,756.94,871.90,764.05,883.60,765.35
ND_Z7_n9vfRdg8_frame032401_r.jpg,0,158.79,663.49,174.89,584.77,165.91,530.41,164.39,490.52,164.88,452.91,62.12,535.52,81.78,478.35,117.96,446.92,153.22,426.74,53.64,559.41,64.15,483.69,111.26,451.63,152.91,435.08,64.10,585.61,74.20,520.93,116.81,482.58,152.76,459.31,90.46,611.04,103.71,559.17,128.98,527.27,151.09,504.57
ND_Z7khC_SQq9s_frame053521_r.jpg,0,575.63,689.31,610.90,668.25,657.86,671.54,694.54,688.96,716.82,706.46,655.57,683.38,701.47,702.06,722.83,714.38,736.51,724.32,649.58,698.13,693.57,714.40,715.82,722.34,729.65,729.16,643.41,710.45,684.70,720.64,703.99,725.75,715.11,729.58,639.90,721.03,673.25,726.51,689.72,729.86,699.62,732.67
ND_ZBj4eV6V7SU_frame004187_l.jpg,0,1311.77,570.59,1295.80,554.20,1277.22,549.09,1263.48,554.36,1254.94,564.08,1285.19,579.25,1273.01,595.02,1263.57,600.21,1255.99,602.65,1291.40,593.67,1274.97,609.02,1263.55,609.43,1255.50,606.23,1293.19,602.27,1277.61,615.40,1267.31,613.89,1259.49,609.13,1292.27,606.82,1278.82,615.76,1268.73,615.06,1260.83,611.50
ND_ZBj4eV6V7SU_frame005084_l.jpg,0,816.64,689.41,839.88,700.50,862.16,718.60,872.37,739.00,876.24,756.47,868.98,712.06,888.46,740.35,889.92,759.95,888.45,776.91,853.72,711.82,870.94,746.31,874.14,770.41,875.19,789.15,834.84,712.37,850.73,745.33,855.20,766.01,859.19,782.83,814.85,713.81,823.42,734.04,830.09,748.53,836.68,762.63
ND_ZDUpHgebEu0_frame021230_r.jpg,0,1239.73,678.61,1158.48,672.46,1080.98,695.63,1027.98,737.36,988.06,773.83,1134.47,679.85,1065.07,756.59,1038.03,812.19,1021.91,856.65,1194.46,710.27,1115.86,801.03,1070.00,867.76,1038.92,913.48,1249.64,748.35,1187.42,829.58,1138.89,889.62,1101.65,932.36,1296.80,788.55,1255.26,864.42,1218.27,911.77,1183.11,948.29
ND_ZDUpHgebEu0_frame021230_r.jpg,1,611.40,894.48,716.16,828.32,837.71,839.89,934.61,893.09,985.03,947.80,818.12,968.73,959.71,1035.43,988.16,1001.44,970.27,970.03,771.94,1037.37,913.56,1087.62,927.81,1039.30,903.65,1008.25,727.81,1074.30,844.72,1113.27,851.71,1075.99,825.43,1052.43,691.24,1092.41,779.61,1128.76,791.56,1106.28,770.28,1087.93
ND_ZDUpHgebEu0_frame022725_l.jpg,0,1197.41,632.83,1146.36,633.80,1108.41,664.11,1092.17,701.38,1083.67,731.86,1133.55,648.47,1096.59,712.70,1080.62,744.56,1071.25,764.81,1169.87,665.91,1129.29,738.22,1105.74,765.02,1091.09,775.40,1198.58,686.95,1156.79,754.39,1131.21,767.59,1116.95,766.31,1217.35,705.89,1188.27,762.05,1164.40,771.82,1148.72,767.21
ND_ZDUpHgebEu0_frame022725_l.jpg,1,923.18,516.41,985.51,526.46,1025.14,569.27,1047.38,620.86,1068.74,659.26,963.63,628.60,975.19,693.18,994.40,713.05,1012.09,720.37,930.16,635.33,955.69,693.92,983.99,709.21,1005.42,710.43,913.76,632.91,944.59,680.41,970.34,691.50,990.54,690.80,906.75,628.14,935.25,663.42,959.67,674.15,980.81,676.13
ND_ZIVB5l2FNyQ_frame000001_l.jpg,0,484.87,344.00,618.83,299.51,760.37,331.46,854.35,413.91,897.88,500.92,848.71,293.50,987.76,378.64,1032.52,430.21,1052.66,454.75,824.83,334.31,967.30,525.73,986.31,653.00,983.43,737.87,774.20,397.53,884.28,600.69,893.63,717.50,890.82,786.55,712.15,467.38,805.22,629.13,823.66,718.94,836.61,779.65
ND_ZIVB5l2FNyQ_frame000001_l.jpg,1,1442.34,209.93,1327.75,172.94,1183.61,206.10,1090.87,296.57,1052.17,379.80,1107.27,206.36,982.70,368.63,1009.12,413.80,1060.57,400.57,1169.67,256.86,1070.74,473.19,1126.78,460.83,1163.98,399.04,1245.50,314.71,1165.28,496.66,1218.85,466.92,1248.57,405.98,1331.40,374.35,1260.05,509.20,1296.61,483.34,1324.34,429.69
ND_ZVWR8bhjhK8_frame000601_l.jpg,0,516.14,447.17,537.80,429.07,555.52,408.41,570.89,395.65,588.01,390.52,532.07,387.46,538.56,364.59,553.19,362.94,568.93,367.83,519.37,395.24,514.12,369.45,528.46,366.03,544.65,369.84,508.74,410.67,499.88,394.39,511.16,388.02,524.17,385.24,502.46,430.14,492.86,433.65,491.95,432.65,493.14,431.05
ND_ZVWR8bhjhK8_frame002401_l.jpg,0,713.05,397.25,738.48,401.22,756.07,392.08,763.14,378.80,761.41,366.12,769.17,386.75,773.29,371.35,766.40,371.55,759.93,376.46,765.12,377.35,767.58,362.95,760.61,364.32,753.69,370.15,757.44,367.90,760.25,355.40,753.66,358.42,748.39,365.39,747.78,359.56,749.84,350.05,743.87,354.15,739.43,360.79
ND_ZVWR8bhjhK8_frame004801_l.jpg,0,792.33,534.97,810.21,521.04,828.28,515.79,848.47,517.91,869.75,524.52,795.58,529.17,784.09,539.87,772.81,541.75,759.17,542.53,772.91,534.13,757.80,544.04,742.25,549.27,727.25,554.69,760.61,535.84,746.02,542.35,732.50,545.94,719.88,550.09,754.46,534.09,743.76,534.52,735.92,536.00,728.14,539.09
ND_ZVWR8bhjhK8_frame004801_l.jpg,1,601.93,431.43,602.35,404.08,615.83,383.59,627.38,365.43,629.93,347.55,626.46,409.61,647.52,406.66,662.42,401.12,676.55,395.48,634.42,432.92,667.49,433.26,688.80,426.02,705.56,418.81,641.85,449.22,675.53,449.56,697.59,442.20,715.20,433.72,648.40,458.28,679.41,457.37,699.63,453.16,715.34,446.61
ND_ZVWR8bhjhK8_frame008701_r.jpg,0,476.08,423.13,448.78,425.62,429.11,439.14,419.81,456.96,420.62,471.66,418.73,445.51,399.84,470.59,402.63,482.95,409.63,484.48,427.42,456.94,408.57,488.57,413.89,498.91,422.52,496.72,441.42,465.94,431.01,497.73,438.82,500.24,445.80,493.87,458.98,472.40,458.75,494.19,463.70,491.43,466.27,482.57
ND_ZXLY1utNy74_frame004303_r.jpg,0,1724.71,649.81,1559.49,655.59,1401.01,581.39,1236.76,536.42,1100.71,535.24,1571.88,298.65,1395.69,120.38,1268.02,157.90,1186.11,239.47,1606.40,254.37,1370.96,127.53,1219.14,196.14,1138.65,297.78,1607.99,247.77,1395.80,147.84,1267.09,218.07,1195.67,315.84,1594.02,253.31,1442.33,194.87,1338.79,245.00,1267.22,321.88
ND_ZXOhbzS7jCQ_frame000599_r.jpg,0,1867.00,740.17,1684.63,748.81,1495.89,651.03,1376.19,524.13,1277.98,427.19,1594.23,663.96,1435.20,426.03,1355.69,319.80,1318.63,270.26,1720.51,589.31,1505.28,285.40,1463.32,307.30,1489.71,390.78,1827.75,508.26,1628.66,242.78,1598.84,290.29,1628.54,369.40,1907.28,439.15,1744.99,237.98,1716.51,271.94,1743.01,340.51
ND_Zap7jglcJT8_frame003601_r.jpg,0,1305.40,520.08,1269.89,476.97,1274.46,435.42,1289.88,410.04,1301.71,395.59,1329.94,404.40,1338.74,368.23,1321.13,374.63,1311.91,393.31,1360.74,421.68,1372.26,378.20,1352.28,383.81,1344.08,402.52,1379.78,443.24,1399.53,398.84,1381.92,402.64,1374.33,419.03,1389.72,466.79,1410.66,436.22,1398.64,435.16,1390.47,446.95
ND_ZhydUsYdifE_frame007801_r.jpg,0,1858.04,1061.89,1914.70,1015.44,1978.74,1014.50,2028.69,1045.74,2057.37,1074.10,1955.70,1035.15,2030.24,1070.14,2070.62,1082.39,2099.73,1086.05,1941.79,1081.80,2032.19,1110.72,2077.52,1111.85,2105.04,1104.49,1934.89,1118.47,2022.37,1134.35,2061.11,1127.06,2081.80,1115.55,1934.17,1142.09,2003.45,1143.37,2033.69,1132.38,2049.50,1120.36
ND_ZhydUsYdifE_frame018601_r.jpg,0,3175.92,1274.38,2929.82,1384.19,2655.66,1343.02,2439.31,1347.12,2264.76,1368.81,2674.40,1002.85,2437.88,883.02,2293.46,811.20,2176.09,753.90,2703.33,984.43,2460.05,849.04,2294.29,781.54,2166.66,725.81,2773.98,1006.18,2527.95,1001.16,2367.41,1088.20,2269.42,1147.57,2860.46,1054.04,2685.36,1109.07,2584.54,1188.48,2530.65,1249.18
ND__0HlhDk-6eo_frame006251_r.jpg,0,638.61,315.23,683.43,378.69,730.89,403.57,765.93,419.27,795.48,432.38,792.12,330.88,818.76,390.37,827.75,430.28,829.83,459.76,786.62,321.31,810.87,405.68,777.23,431.53,750.68,434.47,770.60,323.86,779.46,406.75,740.42,414.88,715.50,403.77,747.11,334.45,741.86,400.32,712.94,401.85,694.41,389.30
ND__IenkBmGaAQ_frame009901_r.jpg,0,187.79,373.38,167.20,318.50,159.56,260.68,165.86,210.87,170.52,171.85,140.71,267.65,138.94,207.26,153.27,169.44,167.05,143.01,158.71,283.67,176.78,214.54,209.25,185.74,233.22,177.48,187.64,302.12,211.52,237.79,240.28,218.83,257.09,216.02,221.24,321.09,246.71,275.50,265.45,255.07,277.62,243.76
ND__L6moEr9r_o_frame000501_l.jpg,0,243.89,695.06,243.75,677.04,246.64,665.07,253.84,660.11,260.58,659.85,261.32,657.42,268.69,649.14,263.75,654.30,258.78,660.72,268.25,663.22,277.70,653.51,270.74,659.38,264.57,665.58,273.56,670.16,282.13,661.71,275.03,665.66,268.43,670.59,277.23,678.14,284.40,671.51,279.18,671.91,273.47,674.41
ND__M-9xA89l-8_frame008093_r.jpg,0,608.13,744.89,574.03,620.40,536.82,525.85,520.81,453.70,524.06,422.38,395.29,649.99,392.22,574.73,443.64,501.16,496.96,445.70,414.55,721.87,415.63,620.19,481.42,524.91,542.92,455.06,457.65,781.70,463.24,688.74,512.21,594.90,562.87,530.21,516.24,826.19,518.78,763.43,544.24,689.49,572.68,628.45
ND__M-9xA89l-8_frame177073_r.jpg,0,479.90,601.24,516.44,596.79,546.97,586.25,571.86,574.51,593.05,565.93,500.12,589.25,502.75,581.75,503.84,575.43,506.28,572.53,473.34,594.30,473.92,582.90,476.35,581.68,477.98,583.40,455.36,601.21,452.24,597.42,450.79,599.19,451.14,600.64,442.00,609.46,431.60,609.82,426.31,611.28,421.85,612.59
ND__M-9xA89l-8_frame177073_r.jpg,1,786.13,595.80,739.02,585.35,693.27,574.99,658.68,564.06,635.65,549.85,731.85,567.20,714.31,571.01,702.94,579.29,691.37,587.97,751.38,585.09,733.91,593.44,718.99,605.26,707.68,617.35,765.67,606.76,755.94,625.66,753.19,639.58,749.97,651.74,776.07,629.94,765.75,651.48,762.38,668.13,760.96,683.18
ND__M-9xA89l-8_frame224435_r.jpg,0,595.70,530.90,615.74,489.84,650.77,455.69,681.50,431.14,696.53,406.70,651.40,454.75,695.44,438.71,726.72,436.02,752.17,435.40,656.33,479.17,706.93,466.73,740.96,462.97,768.39,461.51,659.61,508.88,709.32,498.41,740.94,494.53,766.25,492.38,662.27,540.94,703.86,539.06,730.11,538.37,753.64,537.55
ND__M-9xA89l-8_frame224435_r.jpg,1,825.31,531.07,805.55,509.31,792.11,484.66,777.70,468.36,764.88,456.25,837.51,479.43,857.81,463.90,864.39,457.34,864.63,457.38,854.38,501.98,883.37,493.84,877.52,492.60,862.85,496.35,860.97,525.72,882.40,522.04,875.95,524.20,865.09,526.80,859.35,549.03,873.65,554.73,871.76,559.31,866.70,562.14
ND__M-9xA89l-8_frame233479_l.jpg,0,385.58,316.61,456.73,295.50,515.44,280.81,557.06,285.80,590.94,302.76,509.25,176.21,574.58,252.72,599.67,314.98,614.19,355.49,465.17,191.80,535.44,266.95,568.81,333.47,588.70,377.79,427.82,224.68,497.22,292.46,534.20,352.81,555.98,391.48,401.39,265.13,461.90,319.81,498.44,357.75,522.43,382.90
ND__YPsn_Q05UQ_frame000301_r.jpg,0,532.45,655.77,431.02,621.35,354.37,531.11,315.99,446.84,298.81,381.50,439.89,445.89,398.06,367.50,402.06,421.89,414.38,471.23,478.06,436.08,441.51,374.58,435.22,452.89,449.17,500.16,501.20,432.00,456.13,373.77,448.90,459.03,468.42,509.80,511.23,436.68,461.80,379.99,452.73,442.37,475.58,491.70
ND__YiWAWaenAk_frame000301_l.jpg,0,97.92,546.23,145.52,519.06,179.24,492.63,204.19,479.76,229.52,472.56,152.02,441.42,208.00,433.39,243.32,447.00,264.20,466.52,130.55,454.23,189.66,440.67,229.60,460.29,250.28,480.42,111.80,480.11,161.98,482.39,183.47,497.64,187.57,502.73,97.81,512.01,133.44,527.88,141.63,533.17,136.69,529.17
ND__YiWAWaenAk_frame000301_l.jpg,1,614.90,487.42,605.74,447.72,569.05,423.28,524.73,414.09,492.03,410.18,593.87,448.03,525.47,447.23,482.88,446.27,450.53,444.04,584.86,480.43,508.61,478.06,463.52,471.18,433.91,465.75,572.80,505.05,505.76,499.52,467.74,489.80,442.41,481.63,561.24,519.84,511.36,512.13,482.29,503.67,460.36,496.81
ND__mvusLXdacQ_frame001801_l.jpg,0,1228.09,741.55,1057.60,740.45,878.11,666.03,716.73,579.19,602.48,510.32,1021.41,567.32,847.71,309.96,739.04,266.82,684.54,300.33,1154.88,485.89,983.65,177.59,853.56,86.29,757.48,78.43,1246.94,416.55,1114.53,122.07,993.80,31.33,895.58,10.14,1294.77,370.57,1188.57,168.03,1082.90,92.32,986.58,71.59
ND_aFTT6hkWwmQ_frame019501_r.jpg,0,273.75,466.68,364.22,446.56,433.02,437.22,480.17,452.71,510.34,483.18,435.85,345.11,491.14,428.30,502.70,488.96,506.81,535.22,380.99,350.80,437.95,440.36,455.39,505.81,462.77,552.12,323.77,374.36,372.52,447.55,393.96,502.48,407.27,537.94,272.72,406.55,296.87,461.46,322.02,497.15,342.67,520.52
ND_aFUQaP7w9iE_frame000301_l.jpg,0,556.38,725.45,533.67,685.85,493.53,696.48,436.79,736.03,389.37,783.52,607.52,834.91,544.31,830.12,482.42,814.68,435.06,797.25,568.98,895.49,480.29,905.44,411.63,896.56,359.01,882.72,524.83,924.32,437.12,944.90,376.72,934.19,332.07,921.94,485.27,934.38,421.07,963.57,383.37,965.93,351.87,965.29
ND_aFUQaP7w9iE_frame001201_r.jpg,0,67.50,707.35,90.12,666.47,135.42,637.76,183.18,634.45,223.60,648.03,64.99,631.78,132.97,621.80,187.78,631.85,219.70,647.25,51.11,677.90,122.73,673.56,181.90,677.12,217.58,684.99,50.52,723.78,118.70,720.79,176.89,718.42,213.32,719.13,59.82,762.90,122.56,765.96,164.58,753.98,192.42,745.77
ND_aFUQaP7w9iE_frame001201_r.jpg,1,568.68,665.20,525.08,635.11,482.13,625.14,433.95,643.60,394.14,669.34,537.68,643.81,468.16,652.41,418.76,663.42,379.86,674.21,555.67,688.21,470.00,712.71,411.92,725.55,373.29,731.72,561.15,724.71,479.52,753.35,425.21,759.00,387.55,761.13,556.31,753.07,516.55,773.17,495.74,781.61,476.08,784.04
ND_aTu8teDhHiw_frame007476_r.jpg,0,314.89,843.97,382.70,797.34,439.72,731.56,493.81,698.95,527.61,683.61,347.23,636.81,325.06,550.77,365.70,584.10,406.75,636.34,295.35,671.59,292.27,618.82,355.20,674.34,402.10,724.95,251.77,716.50,247.47,672.09,313.90,724.56,361.88,771.33,215.44,770.63,222.81,742.23,279.59,768.06,323.52,795.47
ND_aTu8teDhHiw_frame008971_r.jpg,0,343.84,836.56,366.01,799.64,366.16,751.07,378.19,735.06,379.84,729.41,258.12,681.24,197.57,628.12,236.83,641.84,281.30,664.32,219.80,725.92,177.32,708.03,260.13,750.67,325.38,777.98,191.13,777.10,147.16,757.65,233.19,794.32,301.26,820.72,172.07,833.18,125.16,825.04,186.17,841.97,250.01,856.16
ND_aTu8teDhHiw_frame018838_r.jpg,0,549.29,804.68,575.86,740.49,553.10,671.77,512.28,643.30,473.62,649.39,411.33,663.73,348.69,619.42,391.45,641.54,444.58,675.75,369.42,721.62,317.96,699.02,381.85,727.35,442.89,749.62,347.22,778.90,296.22,765.64,352.20,788.09,411.26,804.34,339.32,832.30,284.40,822.35,293.76,827.65,319.25,828.73
ND_aTu8teDhHiw_frame019735_r.jpg,0,197.09,693.31,281.85,729.26,335.58,790.00,363.18,856.10,361.91,905.37,346.22,714.62,388.31,773.17,407.12,857.31,412.53,911.72,288.27,713.77,305.19,798.36,320.68,906.58,321.60,959.95,223.54,732.94,226.66,811.44,252.73,898.91,258.90,938.00,161.08,760.51,155.38,840.63,181.22,893.95,195.24,910.54
ND_aTu8teDhHiw_frame020931_r.jpg,0,233.35,958.99,301.88,942.34,362.77,905.10,414.50,882.50,456.32,864.08,317.80,735.00,374.07,689.39,401.54,739.54,409.98,806.28,236.98,730.97,289.38,761.66,330.14,866.38,350.14,939.32,164.56,762.13,221.00,817.50,263.01,906.36,281.54,958.07,103.14,812.38,151.89,870.91,193.29,928.63,214.21,957.84
ND_aTu8teDhHiw_frame023622_r.jpg,0,508.65,682.18,561.85,696.11,620.94,689.07,655.10,659.21,651.81,618.38,659.55,543.65,670.64,477.97,658.05,453.99,629.32,475.67,605.20,505.86,622.93,422.63,591.91,444.18,572.89,493.45,547.23,491.79,558.11,431.43,532.33,456.35,516.25,500.98,486.54,497.73,482.75,445.69,480.90,457.94,477.97,495.21
ND_aTu8teDhHiw_frame024519_r.jpg,0,461.14,679.87,495.28,605.89,556.10,545.09,622.04,522.21,680.81,516.41,547.47,493.85,666.75,461.67,732.66,476.97,765.09,502.54,536.85,527.43,688.20,510.37,742.55,546.47,757.08,576.78,540.26,578.49,688.11,565.18,730.10,602.24,731.71,631.43,551.15,634.90,672.92,620.53,705.86,639.93,708.01,658.23
ND_aXI8mq6y2tM_frame000001_r.jpg,0,1201.11,939.99,1090.82,1209.12,901.66,1343.85,697.08,1438.70,565.96,1575.73,635.91,1117.93,286.96,1105.11,86.47,1097.28,-68.67,1085.81,626.37,920.02,254.66,907.62,34.26,899.50,-134.85,890.24,665.62,765.84,349.82,742.63,145.78,721.48,-9.97,703.99,731.09,649.11,509.68,591.02,370.39,552.93,247.98,514.66
ND_aZkOQlCC-Hk_frame010167_l.jpg,0,935.79,155.08,890.30,67.12,815.01,42.95,764.29,37.49,733.23,43.82,702.05,122.12,614.88,118.63,612.85,108.63,632.22,110.91,697.02,182.58,595.67,175.53,602.78,155.23,627.42,151.24,710.98,229.35,616.87,218.84,625.73,198.12,646.29,191.38,740.38,255.36,662.00,246.68,660.80,230.45,677.15,224.03
ND_aZkOQlCC-Hk_frame017642_r.jpg,0,879.50,117.50,811.28,127.37,754.08,114.60,716.76,102.56,693.03,86.55,763.24,17.51,703.76,32.96,690.15,78.91,699.79,111.81,781.72,11.79,713.03,32.37,696.18,79.96,704.58,112.20,802.13,20.75,735.20,46.04,717.30,91.47,722.50,121.51,822.20,43.30,765.34,65.41,745.22,97.71,742.65,122.35
ND_afzUpCoDf2U_frame003290_r.jpg,0,1708.46,913.87,1605.92,968.56,1447.93,949.78,1301.34,915.06,1205.16,899.08,1355.23,687.89,1175.91,833.22,1252.71,890.62,1337.87,875.46,1367.91,649.09,1188.71,805.57,1261.28,868.85,1336.00,863.72,1381.48,659.52,1211.86,794.43,1276.08,858.78,1345.69,852.32,1397.67,700.13,1243.70,800.45,1293.36,856.28,1363.63,855.12
ND_atQpg1T_G5s_frame002751_l.jpg,0,322.37,413.75,304.64,423.19,293.17,435.67,286.21,449.62,284.84,460.24,301.34,438.96,295.07,454.60,294.35,458.72,295.35,461.25,313.34,441.64,307.84,462.42,306.15,467.40,305.23,468.63,323.98,443.56,320.75,461.11,319.15,465.01,317.85,465.27,333.49,444.11,332.56,457.03,329.25,462.40,325.96,464.88
ND_atQpg1T_G5s_frame006251_l.jpg,0,214.00,44.58,147.92,62.64,87.20,107.59,52.62,156.66,30.01,200.62,62.37,71.07,3.26,113.58,-27.16,155.62,-43.33,191.29,95.26,80.53,33.04,116.88,8.67,169.73,-2.08,214.90,145.32,92.13,91.83,134.90,74.35,187.55,64.55,230.07,202.51,107.51,175.84,150.09,163.35,190.59,154.37,229.06
ND_atQpg1T_G5s_frame009501_r.jpg,0,627.05,301.30,612.67,316.84,604.72,337.33,594.59,351.54,583.97,362.18,643.32,361.10,648.00,384.18,641.16,401.40,631.11,414.01,651.29,358.91,655.07,383.95,645.96,402.61,634.03,416.72,657.37,354.34,658.62,377.71,649.22,392.16,639.07,401.34,661.86,347.23,664.05,366.14,658.86,379.43,651.87,389.00
ND_atQpg1T_G5s_frame009501_r.jpg,1,481.01,299.83,505.57,298.07,524.93,312.40,539.81,335.72,551.96,355.74,475.84,342.78,464.94,381.08,480.03,400.71,497.93,409.24,473.64,353.44,470.72,387.35,489.82,408.83,507.68,418.58,476.29,361.01,478.41,390.83,495.72,408.05,512.16,415.78,480.37,365.83,484.63,389.75,496.51,404.78,508.49,410.83
ND_atQpg1T_G5s_frame009501_r.jpg,2,374.21,396.27,401.67,405.97,426.31,421.99,442.53,435.68,454.72,443.21,424.46,403.50,434.66,416.08,444.07,422.36,452.93,427.40,408.69,404.31,410.18,441.62,408.42,439.67,407.41,431.45,391.83,407.54,392.44,442.98,392.38,436.03,392.89,424.99,375.35,410.82,377.82,440.17,378.40,432.08,379.68,419.23
ND_atQpg1T_G5s_frame014001_l.jpg,0,701.02,306.26,683.10,285.58,658.95,280.05,641.91,292.22,632.45,304.41,634.04,290.65,611.03,296.49,606.98,297.64,609.12,296.97,635.41,305.49,611.79,310.81,609.11,310.92,612.20,308.66,643.36,318.43,621.51,322.93,617.75,321.88,618.21,318.02,656.36,330.14,641.64,331.70,636.94,325.95,634.86,318.47
ND_b99P3egKLsc_frame001501_l.jpg,0,510.91,802.03,446.78,731.49,424.21,655.52,413.30,600.05,395.98,557.80,537.37,592.68,493.26,518.39,427.04,523.36,382.99,543.80,567.47,626.79,503.91,543.98,427.37,552.47,383.05,576.46,571.49,673.28,471.83,625.52,390.93,627.18,344.56,637.97,556.12,725.38,473.85,691.15,419.32,688.17,385.21,692.75
ND_b9iitXnUYSA_frame000901_l.jpg,0,94.90,418.50,114.52,384.04,146.25,369.33,176.59,371.95,199.75,380.00,136.73,370.46,176.03,365.44,206.14,366.46,230.17,368.61,135.72,401.23,193.94,409.90,230.41,411.06,255.81,408.19,138.96,428.78,196.38,439.53,231.07,435.53,252.71,427.29,145.13,449.23,190.97,450.30,213.12,441.72,228.13,430.64
ND_b9iitXnUYSA_frame000901_l.jpg,1,366.62,354.66,344.63,345.36,316.63,354.33,292.35,371.45,272.27,382.79,341.31,349.30,308.81,380.79,287.92,397.50,273.03,405.90,360.37,371.49,321.04,405.35,296.25,420.94,283.39,424.53,373.69,390.71,341.80,428.25,320.18,436.79,309.29,433.35,382.71,407.24,363.22,441.15,346.99,446.07,336.61,440.75
ND_b9iitXnUYSA_frame001201_r.jpg,0,310.43,395.09,284.32,368.02,273.89,324.57,272.32,295.30,273.27,272.91,325.73,281.91,335.27,243.62,326.65,221.19,316.99,206.57,350.85,296.71,391.30,254.75,364.20,259.20,341.69,274.16,366.95,320.34,391.12,288.37,354.97,306.65,337.76,325.67,378.29,351.01,387.20,329.06,360.15,339.75,347.86,353.62
ND_b9iitXnUYSA_frame001201_r.jpg,1,134.92,380.71,135.98,332.80,157.88,292.08,195.54,273.90,223.46,269.22,124.47,291.84,155.43,267.33,193.63,264.78,225.04,267.51,127.26,326.31,200.65,302.22,250.33,290.64,282.69,282.91,142.49,359.25,212.68,333.54,260.34,317.34,288.90,305.37,162.75,384.47,216.85,360.38,244.19,343.32,261.11,330.58
ND_bKn8JK-CQhw_frame022725_l.jpg,0,733.00,201.56,723.21,248.49,747.29,282.15,783.64,308.95,813.43,330.62,819.95,238.31,880.39,223.57,920.43,224.90,951.76,229.09,839.83,225.44,906.19,243.75,948.19,276.80,974.42,304.95,850.61,220.24,908.21,226.50,942.59,247.36,966.59,265.83,855.35,218.67,899.29,217.74,929.33,225.80,950.02,234.07
ND_bRLSdQCylWo_frame001001_r.jpg,0,499.99,538.48,533.88,553.77,547.39,582.75,544.29,611.98,536.03,631.72,547.30,596.54,547.01,640.33,542.20,663.68,536.05,678.36,524.14,602.00,522.68,649.01,516.96,674.00,510.44,688.24,501.09,602.89,499.74,647.12,495.78,669.77,491.74,683.39,479.87,599.88,477.78,633.05,475.17,650.76,472.70,663.08
ND_bRLSdQCylWo_frame006751_l.jpg,0,763.29,613.29,742.21,621.08,723.24,634.95,708.38,646.12,693.07,648.98,741.26,633.47,734.30,654.65,730.60,668.60,727.57,680.33,757.82,635.75,755.78,658.64,754.98,672.97,754.87,684.28,772.97,637.33,773.87,657.62,772.62,670.38,771.89,680.60,785.73,638.70,792.71,655.80,796.35,667.52,798.39,677.70
ND_bSsaepDSoW4_frame009270_r.jpg,0,1179.15,919.10,984.21,960.49,843.74,843.67,780.39,671.13,729.20,553.58,1006.16,660.24,849.80,485.32,743.23,480.58,691.91,518.61,1091.83,595.38,901.07,433.35,781.83,460.11,737.94,521.36,1129.74,569.56,935.81,468.91,835.25,507.85,806.34,561.58,1134.26,558.62,970.00,508.89,887.65,539.97,863.90,573.28
ND_bSsaepDSoW4_frame009270_r.jpg,1,19.28,1026.40,158.41,1041.60,284.90,1028.16,396.91,1035.75,489.98,1052.58,220.52,834.62,385.36,690.68,482.36,627.57,557.11,586.17,135.24,776.79,301.67,607.35,414.01,525.79,497.87,475.34,64.36,746.56,198.40,584.56,300.25,512.12,383.38,468.96,12.14,738.99,85.96,606.89,145.96,536.26,202.53,486.05
ND_bXhU-hZdbxg_frame044001_l.jpg,0,563.56,322.60,586.24,329.22,605.71,339.67,616.68,358.76,622.10,374.09,622.22,307.05,638.31,301.56,645.89,306.21,648.56,310.77,615.84,314.50,632.43,323.86,634.53,334.28,631.83,342.94,607.70,323.84,620.52,335.55,622.35,344.19,621.69,351.34,598.51,332.99,606.98,343.93,607.91,349.85,606.23,353.84
ND_bbHXpmoM0sQ_frame005293_r.jpg,0,439.78,765.84,552.54,730.91,616.24,638.19,665.84,556.83,702.32,499.40,496.47,493.38,563.04,321.80,631.60,268.16,682.54,257.25,440.36,481.86,499.69,288.85,584.94,242.91,646.41,245.62,412.78,488.58,464.52,328.28,539.32,281.15,596.81,269.34,406.05,504.47,445.49,379.16,500.28,329.42,548.98,314.40
ND_bbHXpmoM0sQ_frame005293_r.jpg,1,1159.73,635.90,1056.56,594.45,957.84,509.62,867.11,451.88,793.54,402.33,1039.85,339.85,957.07,246.53,882.57,229.09,824.81,236.48,1050.49,363.32,966.21,286.26,886.15,282.08,830.48,298.03,1050.11,397.99,972.29,344.02,905.32,337.13,858.47,351.22,1045.80,430.80,986.05,395.53,936.38,396.53,900.57,408.40
ND_bblJ0nkrOQQ_frame002094_l.jpg,0,231.68,252.07,279.00,250.31,331.10,247.47,369.66,228.17,390.84,210.18,340.95,295.59,389.37,265.18,390.14,238.59,378.31,226.09,334.63,276.30,374.45,248.92,375.40,226.90,369.66,216.36,326.58,257.60,358.28,231.07,361.27,216.60,357.58,212.79,317.84,241.26,344.48,220.84,346.38,212.11,341.22,211.73
ND_bblJ0nkrOQQ_frame002094_l.jpg,1,157.05,77.50,199.94,83.32,250.97,81.37,295.23,92.74,328.65,102.71,266.23,20.83,318.49,62.17,298.27,85.87,274.19,87.36,263.98,38.32,306.55,81.83,280.77,98.80,257.63,95.17,259.49,59.65,290.26,96.54,265.19,106.07,246.89,98.64,253.25,76.36,274.95,104.62,256.27,110.04,241.54,104.00
ND_bfSRDaGb2Fc_frame047041_l.jpg,0,531.16,570.80,539.32,550.62,557.22,542.78,576.34,541.28,590.54,536.89,575.99,569.27,605.88,571.08,622.20,568.25,634.17,564.17,577.78,578.17,607.68,576.61,623.02,567.93,632.71,559.29,578.34,581.09,605.19,577.70,618.92,569.65,627.57,561.82,578.73,580.04,601.04,576.61,613.11,570.36,620.62,563.34
ND_bw_oSYvGBKc_frame000001_l.jpg,0,510.31,847.38,560.75,784.68,631.92,769.31,689.88,769.26,730.33,758.92,659.98,850.15,712.08,836.87,687.22,811.81,661.16,808.55,642.63,884.34,686.63,857.28,668.22,832.89,647.93,834.96,620.38,902.61,664.25,877.62,651.72,853.81,631.11,853.49,600.41,911.23,639.62,890.53,630.91,870.62,612.95,871.66
ND_bw_oSYvGBKc_frame000600_r.jpg,0,1153.53,545.53,1182.65,468.07,1242.39,439.19,1291.83,457.51,1309.30,487.96,1319.75,469.85,1392.33,462.35,1438.23,464.48,1469.55,469.32,1328.05,527.44,1336.18,520.89,1309.29,515.53,1286.54,518.29,1310.93,577.07,1315.46,558.34,1293.89,551.48,1272.77,552.79,1286.55,617.19,1292.26,595.85,1273.84,587.59,1254.73,587.08
ND_bw_oSYvGBKc_frame013778_l.jpg,0,764.15,341.47,795.98,264.49,863.90,228.97,933.23,232.47,982.25,233.60,896.16,362.67,1012.70,345.53,1056.95,315.64,1079.37,287.86,908.53,407.50,1037.69,371.48,1098.49,332.93,1139.80,300.82,918.70,426.29,1034.90,395.20,1094.34,359.22,1134.72,328.96,925.07,428.64,1013.03,425.71,1065.97,418.27,1108.64,412.99
ND_bw_oSYvGBKc_frame013778_l.jpg,1,1405.86,-29.01,1328.36,-24.77,1269.76,0.39,1221.58,37.82,1180.38,73.73,1333.83,67.24,1326.24,167.03,1307.33,218.98,1288.51,253.12,1394.63,84.36,1387.30,194.01,1367.15,256.34,1347.43,297.47,1439.67,91.77,1447.62,187.76,1441.11,248.65,1430.96,291.37,1463.33,93.58,1476.78,164.71,1478.63,206.68,1474.93,236.82
ND_c8QxE_ZF1Fw_frame009868_r.jpg,0,598.08,470.49,575.47,456.76,553.59,457.49,538.71,468.41,533.39,481.29,538.06,473.49,518.80,490.19,524.04,489.98,531.47,486.45,545.92,487.33,532.43,498.48,537.83,494.17,544.51,488.28,555.83,498.48,545.36,503.94,548.85,500.55,554.74,496.41,565.45,506.80,554.17,509.66,558.16,506.24,563.79,502.60
ND_c8QxE_ZF1Fw_frame010765_r.jpg,0,485.88,334.70,515.44,321.03,529.77,301.61,542.56,290.03,554.53,283.68,493.50,266.63,519.75,247.45,539.88,251.91,551.39,260.53,490.31,270.95,522.45,251.13,543.16,256.52,554.91,265.49,493.15,280.65,522.91,262.07,543.25,264.59,555.53,270.60,500.87,294.27,525.73,281.27,541.80,278.19,553.02,278.27
ND_c8QxE_ZF1Fw_frame010765_r.jpg,1,699.86,327.94,675.88,314.57,656.97,300.40,638.48,295.34,620.92,293.37,677.78,268.81,662.34,253.16,647.14,244.48,633.50,239.07,685.15,268.66,667.09,251.64,649.56,243.06,632.98,236.76,692.12,274.14,672.63,257.27,656.37,249.56,641.40,243.98,696.87,285.35,683.75,276.79,671.55,271.20,659.96,266.31
ND_cFDd4eK12d4_frame040366_l.jpg,0,626.52,732.71,697.12,650.58,776.62,620.73,845.94,637.06,885.79,660.71,869.82,599.24,958.49,677.97,925.45,722.94,886.36,729.04,899.58,647.79,982.89,721.23,937.52,755.41,891.98,748.44,909.54,709.30,1006.46,756.57,969.41,785.14,926.57,780.10,902.85,773.87,999.42,782.49,996.83,788.75,980.77,776.48
ND_cQsXuWFfQgs_frame000901_l.jpg,0,716.19,363.77,697.25,347.60,677.37,335.37,662.82,325.91,652.96,318.29,688.26,344.12,677.73,342.04,667.97,340.73,658.34,338.04,690.72,358.22,678.83,357.97,666.84,355.19,656.49,351.37,692.15,373.30,679.78,375.75,667.39,376.58,656.65,376.45,692.64,388.73,683.59,392.92,674.32,395.60,664.98,397.37
ND_cQsXuWFfQgs_frame002701_l.jpg,0,592.11,255.45,594.54,230.24,608.48,213.48,621.99,206.37,632.19,203.76,623.04,206.38,639.52,192.09,649.84,186.21,656.56,183.05,633.42,218.17,657.36,206.88,669.58,202.94,676.97,201.08,639.31,231.58,661.71,222.66,673.03,218.54,679.52,215.31,640.84,244.79,657.85,237.71,666.28,233.81,670.96,230.45
ND_cQsXuWFfQgs_frame002701_l.jpg,1,759.95,345.56,757.79,315.22,759.74,293.46,755.63,279.66,748.77,273.52,777.44,302.68,779.84,293.34,767.73,288.01,754.57,284.35,772.40,313.74,771.79,306.63,757.08,300.08,744.28,294.49,762.96,322.69,759.42,314.77,749.00,308.14,740.07,301.47,749.45,329.70,745.26,320.61,739.93,313.88,735.88,307.04
ND_cQsXuWFfQgs_frame005401_r.jpg,0,439.86,476.88,446.38,438.16,470.83,413.55,497.09,405.80,515.36,406.84,477.46,404.81,501.59,374.03,517.61,354.75,531.53,339.71,490.35,422.97,518.33,400.59,538.24,386.25,554.36,374.42,500.88,443.86,531.70,429.89,553.63,419.18,570.26,409.34,507.90,464.03,539.04,459.49,558.39,455.26,575.13,450.44
ND_cQsXuWFfQgs_frame005401_r.jpg,1,745.84,560.57,711.63,538.68,685.46,522.17,662.83,515.88,641.83,514.15,723.88,509.11,703.84,503.67,684.45,505.35,667.15,507.58,734.22,529.57,717.92,526.70,695.07,530.75,677.59,535.30,739.34,551.78,727.81,553.42,708.54,554.82,692.86,555.23,739.58,573.77,727.38,578.79,712.97,581.46,700.78,582.88
ND_cQsXuWFfQgs_frame006901_l.jpg,0,717.00,169.81,743.61,152.10,751.88,138.19,745.30,128.01,729.66,125.06,719.95,182.87,711.65,168.06,694.58,154.29,677.69,136.98,690.09,193.19,669.26,189.36,651.69,177.83,634.71,162.63,665.58,192.83,639.94,190.05,619.39,176.67,603.22,160.50,646.84,185.37,622.04,180.66,604.81,170.51,589.57,159.07
ND_cTi9iTWAx8Y_frame008986_r.jpg,0,720.69,315.47,741.91,245.62,721.18,190.94,687.57,165.08,659.87,162.92,646.98,163.26,613.74,134.77,628.61,151.07,646.65,169.09,612.02,192.87,570.41,150.12,589.47,163.57,609.59,182.57,589.49,230.00,559.41,196.01,580.28,205.34,599.12,220.24,577.55,269.10,547.57,235.64,563.82,238.77,580.22,250.17
ND_cTi9iTWAx8Y_frame008986_r.jpg,1,797.54,266.33,789.77,226.61,747.28,190.94,704.30,184.22,670.19,188.86,697.22,159.20,648.34,156.41,632.86,176.09,637.24,190.82,676.10,186.29,620.17,175.91,608.86,189.68,613.87,200.58,659.76,217.40,607.56,210.11,600.85,223.58,606.14,233.41,649.01,251.23,602.45,243.74,593.40,249.46,595.66,255.82
ND_cTi9iTWAx8Y_frame018570_l.jpg,0,721.45,368.39,703.58,303.79,662.36,267.09,633.76,234.96,625.76,205.47,585.13,323.44,512.55,344.83,477.28,339.89,460.93,328.43,583.93,358.76,509.00,363.31,479.21,344.83,467.89,323.64,588.70,382.28,525.04,378.90,497.29,361.49,484.36,344.32,593.24,393.77,544.61,384.65,519.53,371.24,506.65,357.76
ND_cmyHsRS_21s_frame001795_r.jpg,0,465.05,383.94,563.45,412.57,627.15,498.71,636.93,578.89,621.79,638.39,638.95,544.58,655.90,631.21,650.14,648.28,649.84,646.74,581.24,566.17,574.90,660.25,559.59,644.40,556.99,611.54,515.54,578.31,510.26,654.63,501.72,633.54,500.24,598.29,448.73,579.24,451.96,632.11,447.08,609.84,444.34,579.97
ND_cmyHsRS_21s_frame002393_l.jpg,0,659.66,747.39,741.02,761.48,805.22,830.17,826.27,905.06,828.13,964.86,819.86,852.84,850.15,930.90,856.94,990.50,854.40,1029.19,771.17,880.10,777.75,958.76,767.88,949.99,760.11,920.93,717.68,899.82,727.54,970.58,721.48,957.49,714.41,927.77,664.47,910.75,679.94,965.81,675.84,952.30,669.04,927.30
ND_d5Z32tI1Uqg_frame007801_l.jpg,0,1279.54,474.57,1243.00,422.60,1226.15,384.61,1216.27,361.06,1205.92,346.64,1270.16,352.39,1251.73,323.66,1217.89,332.37,1193.86,345.07,1279.78,375.06,1261.97,346.92,1220.71,351.09,1195.41,362.73,1281.63,403.54,1266.11,381.43,1226.70,380.85,1201.47,386.09,1277.01,434.86,1251.45,421.87,1218.63,421.34,1194.66,423.97
ND_d5Z32tI1Uqg_frame009901_r.jpg,0,1205.51,988.94,1168.00,964.80,1124.56,959.47,1084.54,964.74,1052.82,962.15,1141.79,999.25,1094.01,1028.19,1066.01,1039.56,1044.25,1047.85,1154.31,1029.99,1101.12,1060.26,1072.66,1064.16,1054.10,1062.29,1163.42,1051.85,1115.68,1077.35,1089.44,1076.77,1072.66,1071.08,1167.78,1065.20,1130.27,1084.17,1107.54,1082.97,1091.85,1078.75
ND_d5Z32tI1Uqg_frame009901_r.jpg,1,708.33,883.52,677.72,882.93,649.56,892.69,621.78,902.37,604.94,911.35,665.95,899.98,643.02,923.55,625.49,934.58,614.90,942.20,682.30,913.44,654.42,944.40,637.58,952.94,627.07,955.98,696.72,926.25,673.79,956.81,658.90,962.46,649.30,963.51,712.13,937.05,696.39,960.42,686.79,966.24,680.85,965.12
ND_d5Z32tI1Uqg_frame013201_l.jpg,0,948.14,789.40,963.57,844.61,956.16,892.12,944.35,927.50,928.31,954.32,951.73,903.91,928.63,972.59,898.94,998.53,880.20,1002.11,934.67,895.36,897.93,973.95,873.11,986.80,868.10,973.42,915.01,883.91,879.30,953.78,863.22,967.91,864.01,960.92,895.79,870.98,868.44,922.21,854.44,949.18,853.26,961.51
ND_d5Z32tI1Uqg_frame013201_l.jpg,1,1385.39,572.78,1390.44,539.47,1416.54,516.64,1436.02,501.11,1454.63,488.00,1461.23,509.69,1498.07,496.21,1523.98,480.77,1544.88,468.52,1465.88,518.86,1508.13,506.83,1536.17,487.89,1559.13,472.35,1464.05,530.54,1507.52,522.55,1530.47,503.20,1546.12,486.93,1456.05,542.39,1485.41,532.40,1495.94,514.72,1499.75,498.42
ND_d5wvg4Uuht8_frame001496_l.jpg,0,933.13,977.73,914.70,913.26,933.48,869.95,965.64,858.69,987.52,867.30,1010.76,841.12,1022.58,847.60,1008.15,866.35,993.04,876.58,1037.89,870.54,1043.20,879.61,1025.34,891.56,1008.47,901.09,1051.87,905.78,1050.83,910.56,1033.93,920.80,1016.23,930.90,1056.56,939.72,1054.96,944.31,1038.82,951.77,1022.65,958.54
ND_d5wvg4Uuht8_frame014054_l.jpg,0,1033.03,721.14,1049.40,669.26,1087.63,646.68,1126.08,649.69,1150.02,655.24,1124.69,687.17,1163.83,677.14,1157.25,663.68,1145.55,659.43,1127.02,714.50,1157.93,693.04,1147.82,676.46,1132.74,672.71,1122.36,732.01,1147.29,706.49,1138.42,692.48,1125.13,690.20,1116.23,742.23,1134.80,721.31,1129.80,710.33,1119.72,708.78
ND_d5wvg4Uuht8_frame019735_r.jpg,0,806.29,606.70,831.28,602.33,865.89,603.13,896.76,612.57,918.59,622.19,885.76,567.53,920.11,579.87,933.48,599.63,939.35,618.57,884.29,583.42,914.94,598.17,922.63,619.57,923.26,639.90,881.22,599.66,906.82,611.11,912.93,627.61,911.52,643.15,877.66,612.07,899.01,620.23,904.43,631.58,904.18,643.41
ND_d6IpyTt-iVU_frame013801_r.jpg,0,348.97,581.24,386.10,546.39,437.14,515.40,477.79,490.52,500.26,461.00,411.14,523.08,455.01,502.10,473.79,484.96,480.21,466.22,398.79,545.57,439.75,532.41,459.48,522.02,468.33,511.34,388.88,575.70,426.97,564.37,451.69,551.76,470.57,535.50,382.65,608.42,415.26,613.79,433.96,612.11,449.32,606.30
ND_dFvMilz8HCY_frame001674_l.jpg,0,149.45,873.43,256.54,852.22,357.23,781.38,446.05,719.69,530.83,667.02,239.48,601.45,268.64,462.64,286.49,367.19,285.41,290.63,211.93,582.74,230.84,450.30,258.42,356.04,262.63,284.70,203.38,578.32,227.29,467.75,251.05,386.92,268.83,317.75,206.51,583.83,241.70,504.75,263.14,441.12,273.92,387.12
ND_doe7iw-czWs_frame002393_l.jpg,0,423.46,148.58,395.90,141.26,375.52,158.10,363.38,180.79,353.23,197.84,393.65,181.65,375.87,209.67,362.28,217.49,354.55,217.61,406.05,192.21,382.93,217.76,369.07,219.81,361.11,216.80,412.88,197.44,388.46,218.28,374.82,218.11,367.59,213.91,415.15,198.80,395.30,213.82,382.32,214.37,374.55,211.71
ND_doe7iw-czWs_frame002393_l.jpg,1,277.04,83.33,299.76,99.87,309.48,128.94,303.35,153.56,292.76,165.58,297.10,110.42,285.32,145.69,278.91,165.18,272.89,179.24,275.11,108.89,268.30,150.82,275.43,149.43,279.45,138.76,257.69,110.31,255.37,149.63,263.49,147.24,267.28,136.58,245.03,113.82,247.24,144.51,254.69,144.13,257.68,135.16
ND_doe7iw-czWs_frame003290_r.jpg,0,561.81,133.97,514.87,113.85,457.50,118.25,417.58,145.71,394.05,172.67,434.82,107.02,372.13,152.04,333.94,179.16,304.74,201.86,446.42,128.93,373.98,179.54,329.25,211.56,295.96,236.24,461.51,158.47,388.74,205.15,344.75,234.17,309.89,254.14,479.46,193.84,421.23,224.92,383.79,240.23,350.69,250.26
ND_doe7iw-czWs_frame006878_l.jpg,0,183.46,263.85,185.98,248.55,193.98,235.00,200.38,225.06,201.87,216.49,197.86,235.46,211.12,226.72,219.64,221.31,226.41,216.96,203.53,244.26,220.63,236.22,231.07,231.41,238.97,227.34,207.78,253.38,224.70,246.69,232.47,242.33,237.12,238.27,210.68,262.15,223.53,255.81,229.32,251.96,232.81,247.91
ND_doe7iw-czWs_frame006878_l.jpg,1,369.53,284.02,368.14,268.22,359.36,253.78,349.50,243.89,341.60,236.55,359.81,260.26,345.05,251.01,337.32,246.47,332.63,243.72,354.11,269.96,335.61,259.94,330.73,254.04,330.58,251.21,349.26,278.01,331.85,267.68,329.45,261.40,331.09,258.34,345.33,283.97,332.04,274.45,330.12,268.38,331.25,265.41
ND_drrTsbfZhnA_frame002401_r.jpg,0,1150.02,889.31,1118.27,858.10,1079.81,847.34,1043.61,847.98,1014.33,852.58,1094.92,904.27,1034.24,914.69,999.98,907.72,977.41,897.64,1099.35,934.06,1027.17,957.96,986.73,950.06,964.31,934.62,1096.54,952.00,1033.14,964.62,1002.23,950.19,987.68,933.56,1089.12,958.75,1041.27,965.05,1017.19,953.90,1003.95,939.41
ND_drrTsbfZhnA_frame002401_r.jpg,1,872.19,634.77,851.10,614.76,823.61,598.85,795.28,594.96,766.07,596.67,780.73,578.26,745.51,579.37,730.26,594.41,720.21,610.15,778.30,599.70,744.50,609.67,741.71,627.85,742.46,641.82,779.13,619.58,750.37,630.35,750.52,643.42,758.22,653.56,784.28,637.35,762.27,647.91,761.82,655.12,767.88,659.83
ND_drrTsbfZhnA_frame025801_l.jpg,0,928.50,795.88,869.29,803.91,840.91,839.47,837.38,874.91,847.23,901.69,812.29,857.82,804.20,901.53,819.76,910.86,833.02,904.83,830.36,880.05,833.97,934.08,854.64,933.24,864.74,916.56,857.23,897.02,858.57,952.03,879.60,946.96,887.99,930.00,887.99,908.35,885.80,957.55,901.42,958.15,910.47,945.99
ND_e5-0c2jvDBc_frame000601_r.jpg,0,121.72,653.42,148.89,594.24,200.57,545.36,246.57,525.06,277.73,514.11,181.46,581.28,228.88,593.96,268.36,602.20,302.89,607.37,176.71,632.12,248.71,647.14,304.30,651.40,348.81,652.08,177.56,672.35,253.21,690.70,298.93,688.19,327.81,682.93,183.33,702.20,248.21,709.27,275.62,700.67,292.50,690.73
ND_e5Bllz6Xu3g_frame001001_l.jpg,0,249.52,291.26,251.99,298.89,256.44,302.34,260.78,300.09,265.10,297.52,259.24,283.86,271.80,284.06,281.20,286.50,288.58,289.24,261.31,273.06,275.13,274.71,284.99,279.61,291.29,284.66,263.92,266.24,276.26,266.92,285.50,271.70,291.45,277.03,266.77,262.96,276.49,263.06,283.73,267.27,288.21,272.33
ND_e5Bllz6Xu3g_frame001001_l.jpg,1,392.84,294.20,380.43,282.31,366.49,280.06,357.91,286.06,356.88,293.56,375.16,288.17,359.53,298.20,349.95,302.07,342.55,303.61,378.77,297.66,361.92,307.33,356.28,305.41,355.73,301.53,380.65,305.25,363.09,312.48,360.17,308.80,362.41,304.43,380.78,310.45,365.70,314.82,362.07,311.14,363.16,307.66
ND_e5Bllz6Xu3g_frame005501_r.jpg,0,451.39,244.55,434.79,232.39,413.52,233.05,397.56,241.71,385.62,247.41,417.21,252.27,396.67,261.11,384.28,264.63,374.83,266.87,422.02,264.92,400.49,275.00,384.49,278.70,372.23,280.44,426.86,273.36,412.54,284.99,403.87,286.12,398.08,284.41,431.25,278.00,419.77,289.07,411.95,290.83,406.08,289.74
ND_e5Bllz6Xu3g_frame007251_r.jpg,0,335.03,116.24,358.51,107.41,380.43,128.61,398.67,162.73,413.56,189.74,330.94,156.95,342.13,195.52,365.49,205.85,387.84,209.20,329.90,178.48,350.21,219.17,381.93,222.84,405.22,214.19,335.27,191.40,358.05,221.48,385.82,221.98,406.22,214.90,343.85,197.92,364.96,217.79,385.02,218.93,400.85,213.72
ND_e5Bllz6Xu3g_frame007251_r.jpg,1,595.48,175.31,588.08,181.85,578.89,200.74,561.37,221.27,542.02,233.42,624.46,237.18,617.25,270.05,591.51,273.14,571.93,266.54,614.98,249.12,607.09,284.44,580.35,284.75,562.17,276.19,602.83,255.99,598.34,287.08,576.81,287.18,561.26,278.60,591.41,257.61,585.78,279.25,572.08,282.17,560.84,278.13
ND_e5Bllz6Xu3g_frame008501_r.jpg,0,518.05,169.29,483.24,145.93,443.75,155.93,421.20,177.44,415.64,194.28,444.18,201.79,405.12,221.34,383.18,233.47,367.90,241.73,459.02,223.36,428.06,252.56,411.10,263.64,400.26,269.86,471.49,232.12,439.83,251.01,425.58,252.46,417.80,252.89,480.45,231.93,455.06,237.45,444.51,233.07,440.55,227.93
ND_e92nq-NSMxk_frame001201_l.jpg,0,48.50,322.03,75.29,310.32,101.88,321.90,114.85,342.87,119.41,356.43,79.75,336.92,107.85,362.50,123.50,368.81,132.95,371.25,65.11,352.70,96.21,377.97,111.64,376.59,117.35,370.31,56.22,363.18,86.56,383.47,101.26,379.30,106.41,372.09,52.07,369.96,77.47,380.31,89.88,375.91,94.51,370.20
ND_eLrEn-s1Ryc_frame001501_r.jpg,0,755.23,559.81,725.31,527.54,717.09,496.26,729.32,475.65,748.17,467.01,712.56,473.99,732.59,437.42,742.96,449.62,740.86,464.32,736.93,471.50,757.36,447.23,763.41,461.95,758.11,474.47,762.54,474.18,777.19,457.25,779.88,471.48,774.85,483.41,785.59,480.78,793.80,469.63,794.44,481.57,790.89,491.88
ND_eLrEn-s1Ryc_frame002701_l.jpg,0,486.95,418.35,472.87,382.42,436.34,354.46,399.28,342.91,369.77,335.08,431.46,345.63,384.68,321.09,348.16,304.57,317.55,295.09,422.22,363.78,372.61,333.89,333.68,318.76,301.83,309.10,414.91,389.08,364.88,363.22,326.10,348.70,295.94,338.27,409.34,419.70,367.41,407.48,335.72,399.87,309.51,394.29
ND_eLrEn-s1Ryc_frame012601_l.jpg,0,582.97,491.79,554.78,467.39,530.49,466.58,513.18,474.85,502.71,484.39,515.03,473.81,480.84,475.83,470.51,482.55,473.88,487.53,515.26,493.40,477.67,501.27,465.90,506.73,465.82,510.91,520.95,511.84,496.44,521.02,501.86,516.91,511.45,512.53,531.10,527.90,508.47,533.85,512.16,529.51,521.25,524.28
ND_eLrEn-s1Ryc_frame014401_r.jpg,0,743.48,467.97,703.04,412.41,644.91,395.97,594.95,406.17,566.60,431.86,603.85,396.60,531.00,413.52,513.23,422.48,507.18,425.12,602.46,438.37,547.50,449.62,550.81,453.20,561.13,450.90,608.18,478.84,564.66,478.04,572.14,476.45,588.11,474.44,617.40,515.15,585.56,505.99,596.21,500.61,610.31,497.31
ND_eLrEn-s1Ryc_frame014401_r.jpg,1,831.24,144.26,792.45,130.20,745.15,133.41,710.04,148.29,689.13,159.92,700.56,110.88,673.27,148.94,700.97,154.60,722.25,146.36,709.00,134.87,683.72,169.03,711.90,169.42,728.58,159.93,722.86,156.28,706.60,181.72,728.06,179.10,741.45,170.40,739.03,170.75,724.11,188.34,740.64,184.27,754.34,175.66
ND_eNgJjdD5Pq4_frame008101_r.jpg,0,224.77,159.33,264.97,93.94,319.44,68.55,366.77,83.40,392.18,117.31,357.54,45.58,416.09,82.60,419.20,115.57,405.14,134.09,381.97,80.24,479.00,89.11,520.70,111.98,536.00,135.92,389.72,124.55,465.03,146.66,460.68,171.05,440.57,184.20,382.95,175.30,427.99,194.55,423.62,207.40,409.84,214.29
ND_eVlvxf0onro_frame008401_r.jpg,0,219.22,229.68,209.49,245.68,197.91,269.92,186.85,295.53,180.97,312.64,222.23,261.34,214.94,300.11,209.29,320.06,204.28,333.42,219.89,258.82,201.98,304.03,192.77,323.82,188.09,332.15,214.66,257.88,196.66,301.56,188.98,319.10,185.40,327.34,207.91,258.72,194.66,288.31,187.19,302.86,182.26,312.37
ND_eVlvxf0onro_frame008401_r.jpg,1,323.98,530.22,305.72,513.36,281.26,498.35,264.74,481.19,257.06,463.96,281.17,513.57,243.07,512.67,255.73,513.52,270.10,513.88,281.63,530.86,243.01,529.16,255.44,528.58,270.17,527.18,281.12,546.34,243.77,544.44,253.06,542.76,267.31,541.80,279.00,558.11,251.39,562.77,246.42,560.61,248.76,556.37
ND_eVlvxf0onro_frame009301_l.jpg,0,384.59,422.69,364.71,399.87,339.01,390.15,315.38,394.00,299.84,401.20,336.40,397.08,297.83,399.75,277.29,401.89,261.70,404.39,337.76,416.73,295.02,416.13,271.78,415.39,256.60,414.63,338.95,434.73,298.86,433.75,278.59,432.33,266.32,430.33,340.31,450.70,309.26,452.71,292.79,451.76,281.29,450.23
ND_eVlvxf0onro_frame014701_r.jpg,0,587.16,448.24,615.60,428.24,646.75,428.83,667.44,440.34,677.80,449.49,657.73,448.96,691.06,459.57,706.25,463.80,716.31,465.99,650.64,469.31,685.53,477.64,697.18,474.31,700.91,470.64,642.17,483.98,672.87,488.56,681.29,481.77,681.33,476.85,634.33,493.16,658.14,494.45,663.70,487.48,661.52,482.24
ND_eVlvxf0onro_frame015601_r.jpg,0,172.79,355.31,198.16,368.20,216.97,383.19,229.69,400.65,241.56,415.58,196.32,380.15,210.81,419.50,219.68,438.33,225.45,449.29,175.72,387.47,195.19,431.83,208.18,448.63,216.31,455.19,159.02,394.92,178.50,436.48,191.63,449.96,200.45,454.24,146.37,400.71,158.54,432.41,169.92,445.11,179.63,450.15
ND_eYte2JeR_y0_frame000898_l.jpg,0,1325.57,134.56,1245.79,131.21,1161.70,146.87,1097.41,172.64,1048.78,202.48,1128.40,123.09,1020.23,153.32,1000.53,204.05,1005.92,230.33,1155.43,134.86,1041.43,208.71,982.10,262.03,939.72,293.18,1192.86,160.40,1103.70,246.11,1050.79,294.88,1008.07,321.36,1235.78,192.43,1171.56,263.67,1135.28,299.51,1102.89,323.15
ND_ehaz9wGNLpk_frame004785_l.jpg,0,1174.04,319.20,1078.87,305.02,1004.79,347.40,963.06,412.73,937.37,467.53,994.05,346.75,915.19,446.33,876.33,511.68,848.43,564.39,1051.88,382.93,978.37,504.32,937.00,575.56,906.89,622.83,1107.47,420.94,1045.35,540.34,1001.73,608.91,969.03,650.95,1153.72,453.04,1096.10,531.74,1059.66,563.63,1028.98,578.41
ND_ehaz9wGNLpk_frame004785_l.jpg,1,393.21,229.14,481.08,247.72,512.87,310.45,499.71,374.80,489.79,429.92,432.55,308.97,412.32,419.16,426.96,449.80,438.86,456.41,380.14,323.51,413.71,419.26,446.84,403.60,451.79,374.87,350.37,340.14,395.66,415.99,420.33,392.53,421.51,370.41,335.71,358.13,380.50,405.59,397.89,390.75,398.08,374.62
ND_ejR-m_Wil20_frame006721_l.jpg,0,786.06,514.04,791.26,491.96,809.35,479.82,834.47,482.52,853.28,486.04,824.46,463.97,852.74,458.60,861.68,467.20,862.03,477.67,833.32,481.30,854.65,482.82,845.99,490.18,835.23,492.29,838.34,497.84,853.23,501.48,839.63,505.80,828.61,504.96,839.66,512.64,847.84,516.58,837.79,517.00,829.56,514.15
ND_ekTHLmruKB8_frame003001_r.jpg,0,605.68,594.49,641.79,586.49,680.07,595.18,709.41,606.32,736.10,611.87,694.17,635.80,727.08,659.48,747.40,673.23,765.46,685.30,685.69,649.68,720.30,676.55,742.56,692.81,762.37,706.87,672.80,658.73,703.04,684.90,722.12,700.13,739.94,712.81,655.37,664.24,676.27,686.26,689.64,700.58,701.83,712.76
ND_ekTHLmruKB8_frame003901_l.jpg,0,852.84,440.66,873.13,430.55,899.66,433.60,918.09,448.92,931.00,458.83,924.10,438.89,945.67,450.16,953.82,455.74,958.38,458.88,918.81,452.91,939.94,464.56,948.40,469.29,953.14,472.50,909.43,464.15,928.70,474.96,936.53,479.24,941.82,482.57,896.87,473.09,910.00,481.16,915.73,483.53,919.62,485.09
ND_enZ9pVm5bmA_frame000901_l.jpg,0,536.85,517.37,577.53,518.83,605.96,497.82,616.19,468.93,621.43,446.36,592.88,471.99,624.53,428.42,643.60,399.98,658.09,378.17,568.69,460.64,594.70,412.71,611.91,381.24,625.59,356.09,550.06,454.92,567.63,411.39,579.81,381.28,590.18,357.40,536.85,454.53,546.54,423.08,553.89,402.68,560.49,386.36
ND_enZ9pVm5bmA_frame003001_l.jpg,0,1080.16,679.23,1098.51,645.51,1137.94,622.89,1170.55,610.26,1190.66,591.00,1190.08,657.62,1235.74,653.68,1264.76,650.41,1288.98,648.12,1193.04,683.43,1242.85,687.29,1273.35,688.64,1299.59,689.94,1186.42,706.55,1232.37,715.91,1261.19,720.29,1286.66,723.08,1171.30,727.15,1205.34,740.58,1226.83,749.03,1246.11,754.97
ND_enZ9pVm5bmA_frame003601_r.jpg,0,289.92,453.95,278.38,468.36,262.43,478.39,246.57,488.06,233.13,496.57,239.18,462.63,216.37,475.97,215.00,489.78,219.55,499.44,238.09,460.68,218.21,475.53,217.86,489.14,223.04,498.95,238.99,461.85,221.54,476.00,221.39,488.40,225.53,498.48,240.61,464.23,224.90,476.04,222.17,486.27,224.03,495.17
ND_enZ9pVm5bmA_frame011701_r.jpg,0,978.60,541.61,924.22,455.60,833.92,430.27,752.70,417.91,700.77,383.60,801.31,503.58,683.97,449.64,635.47,420.87,608.91,401.49,794.84,575.66,666.73,518.61,637.08,475.37,634.94,446.58,800.35,623.93,680.52,570.92,654.89,523.42,652.45,493.19,812.73,647.31,730.56,602.00,710.69,560.45,704.64,532.44
ND_enZ9pVm5bmA_frame011701_r.jpg,1,800.60,-22.27,823.43,66.87,803.06,166.41,775.28,261.53,792.01,339.50,680.48,106.78,595.09,226.15,567.74,288.81,551.30,341.88,616.49,68.10,564.89,206.28,595.84,246.11,625.48,255.58,582.34,43.91,554.69,170.08,587.74,203.42,619.32,207.82,565.51,32.68,553.27,122.17,579.83,154.69,606.08,162.83
ND_es2TWfy5-Nc_frame000001_l.jpg,0,996.23,123.53,993.69,343.55,888.68,492.99,764.79,601.71,702.11,714.57,651.85,421.18,437.25,505.30,314.77,555.23,211.71,594.83,589.77,301.63,367.16,402.07,228.76,464.41,122.40,508.75,574.64,193.73,371.15,271.49,241.43,319.51,142.62,356.48,587.00,102.23,430.74,148.08,336.66,177.17,253.58,200.13
ND_es2TWfy5-Nc_frame000001_l.jpg,1,1200.18,1502.64,1101.34,1278.84,929.99,1174.99,754.01,1149.69,633.92,1091.14,741.77,1345.94,487.42,1348.89,342.71,1357.37,233.34,1368.61,733.92,1498.68,462.23,1517.01,303.71,1529.18,188.50,1539.38,761.91,1627.37,512.78,1656.80,364.85,1674.15,253.69,1687.53,814.31,1721.98,630.14,1765.21,519.32,1798.71,427.56,1825.63
ND_et5-PjEJ77I_frame000300_r.jpg,0,276.00,423.30,252.59,378.56,212.46,344.68,174.64,322.83,150.52,303.27,227.40,363.33,175.78,346.59,139.03,342.18,109.68,338.58,222.18,399.59,155.20,396.38,114.67,385.98,88.90,376.30,213.51,429.10,146.54,422.15,114.70,404.09,98.93,387.96,205.17,450.81,153.48,448.46,128.99,437.70,115.97,425.55
ND_f5QgEKeZeDs_frame005981_r.jpg,0,380.78,275.81,441.85,206.67,498.33,186.83,530.58,198.95,537.12,224.28,587.03,255.94,638.98,284.26,601.22,290.55,558.87,280.69,568.59,319.71,599.39,353.86,565.68,347.71,530.15,331.83,532.52,370.93,561.47,407.22,534.90,398.26,503.10,379.08,487.52,406.78,505.35,451.88,501.36,463.20,491.17,463.42
ND_f6ifPCkAsXs_frame000300_r.jpg,0,351.90,79.08,417.41,-2.37,518.10,-34.91,609.60,-33.68,673.62,-22.37,507.47,34.59,653.88,57.05,699.53,26.54,696.20,4.12,499.53,98.39,662.37,97.44,690.49,54.28,669.04,35.01,495.78,146.86,651.93,148.54,677.11,104.87,662.04,80.53,493.79,180.74,603.84,198.63,650.04,174.99,663.70,154.17
ND_fPHu9GcXCj4_frame002101_r.jpg,0,208.98,59.40,160.22,41.05,109.67,33.07,71.28,23.94,48.04,20.36,93.55,112.04,46.38,88.61,51.20,57.12,64.72,43.33,98.95,113.84,45.95,72.38,59.67,42.25,79.40,37.14,106.43,105.56,61.65,54.57,81.18,32.47,102.89,35.44,116.80,90.25,94.37,36.18,107.84,22.42,121.83,28.53
ND_fQ7C0h4maNM_frame009301_r.jpg,0,122.55,304.71,134.45,272.89,162.03,251.62,183.21,236.61,190.00,222.13,187.92,269.39,226.19,271.47,249.62,272.59,264.98,272.97,192.30,293.00,232.42,299.16,245.32,298.22,249.12,296.21,192.33,314.33,228.41,317.48,239.57,313.96,243.60,310.47,188.92,330.45,218.29,337.92,235.35,342.92,248.39,347.27
ND_fUr17iKzUyE_frame001751_r.jpg,0,269.92,554.53,339.40,469.15,376.26,386.12,375.63,313.31,335.33,253.90,250.77,345.47,263.14,263.37,288.87,269.69,304.34,316.16,192.96,341.30,180.83,245.89,207.96,243.73,234.92,289.36,133.50,350.59,102.63,261.74,137.11,258.20,173.59,298.73,74.53,375.68,14.20,318.63,26.16,288.35,60.00,290.17
ND_fXWt7qokmNE_frame000901_l.jpg,0,1661.44,708.43,1542.73,600.25,1424.16,578.37,1342.20,566.34,1297.61,558.21,1335.79,719.11,1234.15,661.31,1211.33,606.28,1208.59,567.79,1365.47,765.34,1268.17,697.25,1257.94,632.44,1268.40,585.51,1402.42,784.73,1323.46,718.68,1315.80,656.66,1327.49,610.42,1433.42,782.99,1375.62,731.69,1361.72,683.31,1367.03,641.52
ND_f_MbFbvbZ3E_frame003301_r.jpg,0,278.81,551.16,302.16,533.91,315.76,507.28,313.43,482.90,312.19,461.62,296.06,453.60,297.92,413.78,297.45,387.38,294.65,364.38,269.81,452.89,261.39,413.13,254.50,385.79,248.57,363.12,247.12,462.84,233.71,424.62,225.08,399.29,218.82,378.39,227.77,482.29,203.54,457.54,187.06,441.55,173.84,426.31
ND_ffbEHkY0JdE_frame000501_r.jpg,0,1152.85,349.09,1026.81,254.52,903.48,250.78,823.03,250.34,751.32,239.01,795.21,350.16,676.68,278.79,603.02,217.84,541.27,166.91,785.51,383.76,620.24,329.87,507.44,287.34,422.98,257.35,799.11,407.54,633.96,362.86,525.79,322.06,436.83,296.86,825.98,415.79,678.52,374.85,578.99,344.21,492.55,318.53
ND_g31d20GWGC4_frame015848_r.jpg,0,169.10,343.15,199.97,338.29,230.47,344.47,252.14,348.50,269.38,347.23,219.87,364.72,228.95,389.97,234.91,406.73,240.24,421.12,202.95,378.74,215.46,412.67,223.15,432.99,230.26,449.86,187.97,388.67,202.26,421.14,210.33,440.40,217.55,455.06,175.61,394.75,190.08,418.31,197.87,431.94,204.84,442.31
ND_g3lQbXpbQnw_frame355633_r.jpg,0,584.38,705.98,641.05,669.25,684.16,621.64,722.33,588.35,766.93,559.89,581.40,560.51,566.86,502.99,565.81,471.86,570.27,439.51,532.72,580.48,495.78,524.18,484.09,487.37,480.45,451.81,499.12,617.04,456.36,567.66,436.58,534.09,425.57,498.16,480.29,665.14,432.04,647.34,401.83,631.70,376.33,611.18
ND_g5Dn20kR5AI_frame002692_r.jpg,0,942.71,598.31,888.78,558.37,834.43,539.28,783.50,551.65,740.05,566.03,893.66,568.67,831.11,590.53,770.92,619.47,722.02,641.46,916.34,627.65,825.19,662.57,753.32,683.23,703.81,699.67,928.89,676.61,840.92,712.53,775.97,726.74,728.94,736.37,930.55,714.24,871.29,745.19,829.89,761.81,794.77,771.46
ND_g5Dn20kR5AI_frame002692_r.jpg,1,376.59,453.41,491.46,458.26,567.11,441.68,624.02,429.82,671.72,418.59,594.33,327.27,658.85,346.32,690.28,382.98,711.16,414.62,560.81,319.20,631.30,360.24,654.78,413.66,665.00,453.90,519.78,327.99,589.75,380.74,608.24,436.26,615.49,477.66,477.75,349.73,536.12,387.34,567.61,426.86,591.29,461.93
ND_gBxt_BAYuUo_frame004187_r.jpg,0,234.41,258.21,336.82,281.45,389.58,356.77,408.45,439.05,417.67,500.03,315.33,425.74,364.96,553.19,403.42,579.84,425.46,567.65,235.01,436.96,263.67,584.60,314.15,596.07,344.80,573.26,177.10,430.71,208.76,546.97,258.79,551.26,283.18,529.57,138.94,409.25,150.37,500.05,189.31,515.82,213.69,501.73
ND_gIIUs2Ogkvc_frame001795_l.jpg,0,780.17,619.36,984.09,617.76,1171.71,487.48,1275.10,310.46,1363.05,165.22,1023.72,340.19,1081.77,125.81,1103.78,-19.47,1113.77,-121.99,887.70,285.21,940.29,66.60,968.51,-68.56,981.46,-159.79,780.33,265.87,822.71,63.12,838.97,-57.83,847.08,-149.17,704.61,276.87,722.21,121.28,725.60,19.21,724.71,-63.41
ND_gPAOvI-nvfk_frame000001_l.jpg,0,322.01,506.01,334.04,474.12,324.16,447.59,311.60,437.34,303.54,434.06,277.28,444.49,276.84,430.59,282.82,428.80,285.49,429.86,268.39,460.68,265.64,446.73,271.29,442.75,275.18,443.94,266.74,476.25,261.13,463.40,263.85,456.55,266.80,454.08,268.79,488.10,260.04,473.70,257.57,465.93,256.85,462.11
ND_gPPgQ2DTDCA_frame004801_l.jpg,0,1028.03,7.14,957.27,7.89,886.21,44.89,828.51,81.75,777.21,95.06,922.09,48.70,867.93,91.23,831.03,130.94,798.88,170.84,970.37,92.14,915.14,146.06,869.58,196.19,832.43,240.61,1013.92,130.22,973.01,202.20,938.24,259.52,912.38,305.38,1048.39,160.59,1019.21,236.88,999.16,294.27,980.47,343.49
ND_g_HcK-r0eMc_frame003290_r.jpg,0,1268.37,310.42,1070.52,248.28,909.64,227.03,773.71,245.46,659.65,307.23,895.78,203.42,774.16,221.68,708.79,270.46,668.33,320.59,921.61,282.22,792.87,315.70,722.18,369.94,669.40,413.86,944.67,359.04,816.22,396.07,746.82,436.13,691.50,478.98,970.46,433.08,863.04,455.31,794.52,480.78,733.00,509.35
ND_ggy9KeksT2c_frame000241_l.jpg,0,769.19,665.17,746.09,627.22,711.38,607.13,680.39,606.54,663.04,617.51,657.20,606.89,623.05,632.65,634.88,643.35,650.83,642.32,651.54,634.49,617.33,657.73,632.03,666.79,649.50,664.45,655.12,664.71,622.66,684.13,638.68,690.49,655.89,687.28,665.97,695.54,633.01,709.26,645.40,711.81,661.16,708.98
ND_ggy9KeksT2c_frame011281_r.jpg,0,491.19,306.99,482.74,372.47,442.59,412.44,394.80,436.79,357.05,454.21,410.38,406.84,349.29,472.33,312.14,509.01,281.92,535.37,386.85,367.27,319.17,434.80,275.51,476.79,240.67,510.34,374.11,329.23,305.50,374.32,263.25,406.54,233.56,436.16,369.95,296.08,313.03,318.77,281.59,339.97,260.98,364.07
ND_ggy9KeksT2c_frame011281_r.jpg,1,201.45,256.73,242.18,299.38,261.32,344.77,272.75,379.14,279.90,405.94,248.54,347.35,253.99,399.40,254.74,431.32,256.36,459.35,217.62,346.00,217.85,400.28,218.24,438.60,220.96,472.01,184.49,337.02,178.75,381.24,177.99,414.75,181.67,444.49,153.02,323.40,137.90,353.49,133.97,377.08,134.42,400.39
ND_ggy9KeksT2c_frame014161_l.jpg,0,756.47,570.63,742.52,507.44,685.89,475.27,630.96,453.81,591.67,444.19,617.09,495.20,611.30,446.28,641.45,443.84,663.13,454.60,606.01,528.24,617.81,478.12,650.23,472.70,671.70,478.88,613.55,555.33,620.28,507.99,646.92,498.19,668.32,503.73,624.86,574.88,624.28,537.17,642.82,526.56,659.77,528.04
ND_ggy9KeksT2c_frame037921_l.jpg,0,382.49,370.15,399.36,399.17,430.79,423.93,451.42,450.45,468.07,465.36,477.01,353.30,524.02,347.63,550.02,361.67,562.11,376.71,477.70,340.98,534.38,337.40,563.34,361.41,575.17,386.41,478.40,337.98,531.94,340.08,548.62,365.39,549.83,387.80,479.20,341.80,522.22,346.60,536.98,364.60,539.99,382.00
ND_gp-DmOPYEVg_frame000301_r.jpg,0,771.49,530.05,755.41,515.71,735.84,511.18,716.73,511.32,702.46,507.79,724.85,538.26,700.40,545.83,685.84,551.85,673.26,557.65,726.57,551.66,702.58,562.67,687.07,570.55,674.20,577.83,729.32,559.65,709.35,572.48,696.84,579.74,686.02,585.93,732.17,563.09,716.20,575.09,706.65,582.03,698.19,587.80
ND_gp-DmOPYEVg_frame010201_l.jpg,0,830.32,473.84,798.40,451.47,765.13,455.19,742.44,471.72,727.37,486.63,762.55,463.12,719.35,482.35,702.10,497.33,698.68,504.42,771.64,490.12,724.43,512.65,703.58,520.97,698.84,521.42,782.20,512.34,737.80,535.04,713.73,540.76,703.21,539.44,792.10,526.83,758.31,539.93,738.96,541.15,727.26,538.08
ND_gxDLPVkemrQ_frame001435_l.jpg,0,783.44,507.50,824.03,546.52,836.96,597.78,828.03,637.42,810.68,663.30,841.39,625.92,830.99,690.23,821.32,688.84,817.63,673.95,806.42,624.74,800.37,691.00,794.47,686.63,791.96,671.92,771.23,619.19,770.03,686.76,768.86,683.66,769.88,670.17,738.83,609.94,736.93,672.83,739.10,688.10,742.60,693.26
ND_hASrzaXK5_4_frame004801_r.jpg,0,147.79,109.27,162.19,88.17,183.73,82.85,200.06,88.73,209.53,94.86,201.60,93.42,223.88,99.33,237.01,103.77,246.26,106.60,198.63,108.85,218.59,116.64,218.69,115.28,214.88,112.08,192.15,121.16,202.73,122.08,197.19,117.68,190.75,113.95,183.65,129.56,191.80,127.77,187.28,123.57,181.66,120.72
ND_hASrzaXK5_4_frame004801_r.jpg,1,243.66,17.21,238.09,38.29,245.29,62.27,251.69,82.37,255.23,98.47,276.65,44.96,284.54,72.69,283.49,89.11,281.52,100.31,285.24,39.38,293.38,67.66,289.91,83.18,285.16,93.42,288.52,36.60,296.18,61.91,292.54,76.09,287.54,85.67,288.11,36.75,294.46,57.65,292.92,70.76,289.54,80.14
ND_hASrzaXK5_4_frame008401_r.jpg,0,144.44,229.36,160.67,194.41,185.66,180.99,208.95,182.02,220.47,184.72,219.40,202.77,242.48,208.61,233.94,205.09,222.43,202.97,218.07,225.07,241.62,226.65,234.71,219.72,222.75,217.41,211.87,242.31,232.52,240.97,226.59,234.36,215.72,232.55,203.19,254.93,218.57,251.32,214.76,245.38,205.66,243.23
ND_hHuzf5hE-_o_frame009585_l.jpg,0,1145.25,718.03,1102.94,707.92,1071.47,729.24,1060.13,763.72,1063.24,787.45,1111.98,756.72,1088.88,807.19,1065.66,825.22,1046.57,832.90,1132.31,775.03,1099.46,827.02,1071.90,838.73,1052.49,836.44,1141.07,786.96,1108.46,828.39,1082.69,834.77,1065.20,831.08,1142.24,793.82,1114.89,820.56,1093.49,823.63,1078.12,819.78
ND_hHuzf5hE-_o_frame010783_l.jpg,0,860.14,702.96,889.32,726.65,898.76,756.49,896.11,779.10,892.43,788.70,858.49,769.17,859.28,811.10,868.01,829.87,875.78,839.28,835.99,769.65,833.45,813.37,846.50,825.89,857.39,827.77,823.42,769.22,822.50,808.81,836.02,819.87,846.70,822.73,819.96,768.15,820.00,798.99,830.00,810.68,840.01,813.73
ND_hHuzf5hE-_o_frame010783_l.jpg,1,1195.39,709.28,1157.92,702.56,1127.44,714.23,1116.34,741.65,1113.22,765.16,1166.31,750.90,1130.02,789.65,1101.20,798.11,1081.60,797.86,1182.59,772.08,1140.12,813.56,1110.50,813.68,1096.18,802.06,1188.11,785.97,1152.89,825.76,1126.60,822.70,1112.85,810.72,1188.08,793.21,1161.69,821.53,1140.58,820.02,1127.06,811.10
ND_hHuzf5hE-_o_frame027555_l.jpg,0,969.33,548.07,947.80,539.17,930.76,544.16,913.97,563.10,897.18,579.73,889.13,543.62,872.81,564.52,864.70,584.03,861.94,600.89,889.54,562.56,872.39,590.09,888.82,596.44,907.74,595.64,894.85,579.00,885.38,605.08,904.68,601.98,922.30,592.67,903.65,591.71,895.66,611.61,908.23,606.86,920.87,596.07
ND_hNGyk5Whgnw_frame002393_r.jpg,0,336.24,270.21,318.00,226.17,281.71,207.37,255.00,214.43,241.60,227.83,250.10,223.51,223.32,216.63,212.87,210.56,208.39,206.28,249.10,248.92,234.14,242.60,243.83,239.73,256.16,240.79,257.31,270.66,247.24,261.72,255.78,258.03,266.25,258.47,268.48,288.54,263.04,278.69,270.76,275.22,279.00,275.36
ND_hNGyk5Whgnw_frame011064_r.jpg,0,1234.46,173.79,1235.02,86.93,1189.23,27.78,1140.01,6.27,1102.32,15.67,1111.50,31.52,1047.21,6.00,1057.53,12.24,1085.39,22.82,1082.59,72.05,1019.07,49.63,1036.87,60.20,1066.29,71.85,1066.87,117.37,1016.27,97.88,1034.26,103.97,1060.96,112.17,1063.59,161.90,1031.26,143.85,1047.44,145.64,1068.99,151.89
ND_h_idZpWb4dU_frame005682_r.jpg,0,765.63,564.15,782.64,560.44,798.86,565.88,808.51,579.65,819.84,591.02,821.60,588.78,828.95,608.04,814.10,609.60,802.49,603.76,813.27,598.36,817.55,617.18,800.21,613.21,789.54,602.22,803.38,604.16,806.56,620.00,792.48,613.58,783.53,601.42,792.87,605.84,794.66,617.20,785.09,612.01,778.50,601.09
ND_h_idZpWb4dU_frame005682_r.jpg,1,498.67,645.88,510.08,639.45,524.37,638.17,538.76,644.01,552.54,650.14,520.51,669.42,549.49,675.41,567.66,672.29,581.42,667.38,522.21,681.20,555.10,686.33,574.55,680.24,588.08,672.60,526.02,686.88,555.83,690.72,573.58,684.86,586.33,677.55,530.96,687.82,555.00,690.72,568.48,685.28,577.94,678.51
ND_h_idZpWb4dU_frame006280_r.jpg,0,739.31,482.18,712.33,486.74,690.79,502.62,675.23,519.41,662.56,531.04,695.54,513.27,680.21,540.23,671.59,555.12,664.39,566.66,709.70,522.16,694.89,552.45,686.95,570.56,680.53,584.93,722.90,528.14,710.39,556.73,703.58,574.00,698.21,587.27,734.46,531.44,725.23,554.63,719.80,568.31,715.65,578.90
ND_h_idZpWb4dU_frame006280_r.jpg,1,543.48,471.87,539.92,450.31,542.03,429.01,549.53,415.53,560.27,407.59,553.89,445.33,579.12,440.80,594.88,435.94,607.30,431.09,562.19,461.54,594.35,452.72,613.51,444.86,628.13,437.22,569.36,472.59,599.19,461.81,617.90,452.27,631.43,443.82,575.33,479.07,599.57,468.96,613.96,460.79,624.82,452.98
ND_hw-to0hKTmE_frame038572_r.jpg,0,694.85,610.54,667.52,595.50,641.43,603.13,624.21,623.45,621.58,641.93,657.36,641.35,631.15,661.75,613.84,667.01,603.06,667.83,667.03,657.59,637.97,676.13,621.75,675.59,611.84,671.65,672.27,665.25,645.11,682.08,629.91,679.57,621.59,674.41,673.59,666.37,650.86,680.60,636.91,679.96,628.10,676.28
ND_hw-to0hKTmE_frame043057_l.jpg,0,534.14,518.85,507.40,511.40,484.47,516.80,472.58,532.71,468.56,547.93,474.32,532.39,460.40,543.39,458.20,552.19,457.54,559.84,480.78,545.25,467.61,558.50,462.30,568.70,460.48,577.89,488.64,554.01,475.97,567.69,469.86,576.58,466.57,584.10,497.66,559.10,486.03,571.43,480.86,578.27,476.82,583.64
ND_hw-to0hKTmE_frame043057_l.jpg,1,713.31,599.90,716.22,583.73,716.71,578.45,714.58,580.92,709.89,588.37,705.34,624.90,692.15,646.05,673.23,649.87,654.60,648.11,694.65,636.24,677.05,660.13,655.31,662.66,636.04,658.02,684.35,640.54,666.56,661.81,647.41,663.77,630.16,659.65,674.80,640.13,659.97,655.68,644.82,658.33,630.84,656.58
ND_hw-to0hKTmE_frame049336_l.jpg,0,761.16,581.07,730.40,563.83,699.58,569.42,684.47,588.66,677.89,602.82,709.68,585.92,677.30,607.68,664.42,614.29,660.50,615.46,720.15,605.58,683.70,627.25,668.35,629.90,663.30,626.90,727.56,619.78,694.06,637.63,680.07,636.02,675.36,630.97,732.18,628.78,705.93,639.22,693.58,636.61,688.25,632.30
ND_hw-to0hKTmE_frame068472_r.jpg,0,768.21,600.20,738.80,593.06,717.76,603.53,708.57,621.52,704.89,633.89,732.27,632.32,705.41,647.29,691.52,646.38,683.60,643.37,741.70,644.28,712.35,657.43,699.39,653.48,693.03,648.37,747.41,650.73,719.34,661.63,707.50,656.72,702.12,651.31,749.68,652.68,726.43,661.39,714.71,657.88,709.02,653.37
ND_hw-to0hKTmE_frame068472_r.jpg,1,672.52,545.53,654.76,545.75,638.22,550.02,629.20,565.81,622.46,579.17,612.94,551.21,612.26,572.28,623.78,572.67,631.13,566.88,620.47,564.69,619.76,582.54,631.68,582.13,639.59,577.00,628.97,574.83,628.27,590.83,638.25,589.17,644.68,584.54,638.53,581.71,637.28,593.80,644.27,592.31,649.20,588.48
ND_hw-to0hKTmE_frame087309_l.jpg,0,727.42,615.59,697.83,600.81,671.07,607.53,657.39,623.47,654.46,637.86,676.50,638.18,640.79,653.63,625.30,653.72,618.40,651.40,686.40,655.57,647.64,670.07,631.59,665.44,626.12,659.19,694.51,666.00,659.25,678.98,643.84,672.78,637.13,665.83,699.75,670.30,671.85,678.32,657.42,674.03,650.07,668.85
ND_hw-to0hKTmE_frame087309_l.jpg,1,588.32,555.49,586.43,580.39,574.94,603.40,560.87,617.80,547.50,625.88,556.27,600.60,537.09,612.44,526.57,621.64,518.64,628.55,546.37,589.97,527.02,603.18,514.91,614.20,505.92,622.32,537.84,578.48,518.76,589.74,506.69,600.33,497.58,609.74,530.33,565.03,512.24,573.76,501.39,582.21,493.15,590.63
ND_hwG0fwDPiJE_frame003001_l.jpg,0,1106.03,622.47,1048.19,523.69,938.48,474.96,841.81,456.32,777.35,480.27,825.53,638.83,697.29,576.84,625.70,543.83,569.74,529.02,821.39,698.27,685.57,613.55,601.20,559.06,536.05,520.43,830.17,721.09,721.96,630.94,669.44,582.68,630.41,551.15,843.73,716.17,758.96,648.04,720.18,604.78,696.89,569.14
ND_i24Vrv-ZNo4_frame003589_r.jpg,0,1104.71,678.27,1101.72,649.23,1082.37,600.21,1039.62,557.10,995.20,523.03,1130.80,532.94,1074.79,480.22,1029.11,455.88,989.94,437.60,1119.29,532.47,1066.62,475.27,1022.59,453.46,985.77,436.32,1103.59,541.79,1059.26,493.90,1022.42,478.52,991.27,461.57,1086.51,558.00,1052.61,521.22,1027.67,511.43,1005.80,501.83
ND_i24Vrv-ZNo4_frame007476_r.jpg,0,464.32,635.56,525.34,562.44,571.65,471.32,611.33,396.24,644.29,338.80,509.58,372.35,602.38,304.55,657.68,322.95,687.28,357.62,527.39,393.50,622.07,345.36,674.44,386.05,697.68,435.08,549.32,424.34,630.38,395.91,675.03,431.86,691.02,477.38,564.57,456.82,619.05,440.44,650.00,468.20,662.88,506.11
ND_i24Vrv-ZNo4_frame007476_r.jpg,1,1032.76,548.38,980.88,528.55,919.75,458.50,853.56,393.35,796.89,339.06,972.42,328.92,877.17,246.19,802.09,236.62,740.37,249.86,935.38,339.31,837.34,280.51,761.38,294.65,706.15,329.33,903.00,359.05,815.79,319.02,760.30,345.86,720.41,375.17,883.24,380.19,819.67,356.65,776.07,375.94,745.44,402.35
ND_i41GWx4tMYg_frame001496_l.jpg,0,391.57,304.55,379.95,303.64,369.09,306.79,361.43,312.29,356.52,316.78,375.15,314.36,367.57,322.82,363.60,325.75,360.88,327.38,381.39,321.57,371.19,330.86,366.71,333.80,364.32,335.38,386.96,326.59,377.53,337.02,373.30,339.60,371.11,340.81,392.00,329.86,386.54,338.68,383.18,341.78,381.19,343.23
ND_i7o0eVKpbls_frame013179_l.jpg,0,302.74,826.33,358.52,693.91,473.59,584.67,614.74,528.87,739.44,478.13,346.52,404.16,477.76,333.89,602.41,303.52,707.11,304.85,409.72,485.66,567.51,427.49,673.73,469.88,736.61,546.17,462.31,558.21,596.68,521.68,669.65,561.77,708.72,628.18,507.10,623.84,609.87,600.12,659.28,621.58,688.38,660.98
ND_i7o0eVKpbls_frame013179_l.jpg,1,1722.17,1047.91,1497.82,996.41,1334.63,877.72,1198.89,779.70,1076.26,733.16,1519.92,658.56,1449.48,411.54,1372.70,308.24,1299.34,252.47,1628.34,626.20,1530.15,389.86,1424.76,322.87,1345.88,317.22,1694.54,623.75,1597.14,429.72,1504.42,376.55,1437.04,375.03,1719.97,633.49,1639.85,495.83,1559.12,449.83,1501.37,442.20
ND_i9iv6Ui2Dqg_frame004486_l.jpg,0,887.78,635.05,903.67,573.82,868.69,498.42,837.07,432.17,807.53,382.91,736.38,546.10,731.93,434.45,765.52,377.07,795.33,338.22,713.64,553.12,705.68,438.89,751.81,405.51,788.88,395.58,709.96,551.25,716.44,448.46,761.66,428.84,793.21,431.19,718.35,545.26,729.27,468.29,761.84,448.26,783.85,446.19
ND_iIjqpibyaTo_frame003888_r.jpg,0,1399.32,747.01,1398.62,767.62,1385.87,777.90,1366.23,775.88,1347.42,772.03,1336.36,763.46,1300.74,765.82,1274.08,769.34,1251.73,772.59,1330.68,759.45,1296.43,763.06,1268.88,768.81,1245.87,773.41,1327.05,757.82,1297.10,761.16,1272.92,766.17,1251.81,769.41,1326.51,757.73,1301.28,760.84,1281.43,763.80,1264.29,765.78
ND_iIjqpibyaTo_frame007476_r.jpg,0,579.93,466.54,585.30,326.02,640.42,223.98,687.18,165.24,720.70,136.44,780.93,250.88,844.77,155.78,870.85,105.92,898.46,73.36,775.73,283.08,780.86,180.90,739.04,162.07,707.25,185.06,754.98,302.99,745.11,201.96,696.03,188.96,664.81,203.06,740.67,318.25,719.67,229.99,678.78,211.77,648.77,223.01
ND_iPF0aCFr6_I_frame000251_l.jpg,0,777.00,179.74,807.19,150.36,853.79,127.35,893.76,121.16,924.46,117.76,844.69,102.02,892.95,104.85,916.88,118.38,931.86,129.40,830.94,120.73,888.39,147.38,885.25,166.55,871.35,171.26,817.53,147.43,872.54,172.96,866.31,186.90,851.37,187.50,806.10,175.13,854.98,190.83,853.28,200.01,842.45,201.36
ND_iPF0aCFr6_I_frame000251_l.jpg,1,988.25,201.06,967.22,185.45,943.46,162.84,924.81,140.17,911.11,120.29,975.49,138.29,940.64,156.64,919.78,178.07,911.36,192.35,1002.66,159.33,949.89,191.65,935.98,205.30,941.34,207.18,1019.88,186.90,970.23,221.16,963.64,227.10,974.39,220.10,1031.24,214.74,991.12,240.48,985.25,241.22,994.28,232.20
ND_iV6cS5I-ZKs_frame000599_l.jpg,0,781.67,456.01,764.54,447.66,747.10,451.11,733.32,463.59,725.23,476.94,777.92,456.37,764.09,468.49,746.70,475.93,732.12,480.76,787.61,473.74,773.16,488.48,751.45,495.90,735.71,498.70,789.30,487.51,778.79,504.35,757.95,511.23,743.16,513.31,785.93,498.06,778.69,515.84,762.42,522.29,747.53,524.31
ND_iV6cS5I-ZKs_frame003589_l.jpg,0,624.56,483.37,605.59,461.74,596.24,446.48,587.54,436.81,578.63,430.05,606.64,433.28,600.60,408.42,585.49,399.70,572.81,398.05,610.52,441.03,612.42,414.51,594.98,408.70,580.92,409.68,615.46,454.31,613.41,435.20,596.86,430.58,583.44,429.47,618.76,471.48,609.86,473.68,597.58,475.67,588.40,477.70
ND_iV6cS5I-ZKs_frame014951_l.jpg,0,697.45,470.94,671.96,463.30,641.41,471.92,624.73,494.68,616.76,513.92,630.05,459.80,595.69,488.42,577.85,506.32,563.64,520.07,641.45,469.41,604.92,501.33,583.68,521.42,567.26,535.54,655.90,482.24,633.50,521.73,637.49,539.96,643.20,549.00,671.27,497.05,657.66,525.07,656.86,538.68,657.78,546.95
ND_iV6cS5I-ZKs_frame014951_l.jpg,1,434.16,421.50,460.58,435.49,474.04,460.03,471.86,487.58,466.06,511.48,440.76,432.72,440.96,476.70,449.14,504.65,455.92,522.34,411.85,435.68,406.76,480.81,419.06,510.76,432.29,526.71,391.82,440.60,378.88,478.79,390.24,506.17,404.35,522.18,379.77,446.18,362.54,471.04,364.87,490.69,373.66,504.08
ND_iV6cS5I-ZKs_frame017642_l.jpg,0,916.57,336.11,923.32,262.22,865.67,206.97,805.81,172.93,765.60,131.57,791.80,268.02,716.07,237.12,663.80,216.26,626.60,203.65,774.51,306.87,701.68,277.09,648.08,255.05,605.74,240.16,766.51,328.83,699.17,308.75,654.12,294.00,612.91,279.97,763.94,340.17,706.46,331.46,668.20,321.60,635.30,308.59
ND_iV6cS5I-ZKs_frame025416_r.jpg,0,134.83,158.41,207.42,135.00,265.07,127.38,315.06,139.53,363.53,158.90,229.19,40.71,310.57,82.68,354.81,123.98,393.76,162.91,166.01,61.43,241.84,119.66,289.33,184.28,326.20,235.08,113.77,100.28,169.02,150.10,210.61,201.86,244.29,237.85,76.92,144.53,106.04,202.23,139.76,240.25,169.50,266.57
ND_jt7h9nyASgc_frame002692_l.jpg,0,1470.65,504.25,1433.10,492.91,1399.51,501.22,1380.08,512.33,1366.53,514.42,1395.40,542.42,1371.65,546.04,1357.06,545.89,1347.46,545.57,1407.81,553.74,1384.73,553.66,1372.35,550.27,1363.63,547.41,1419.70,556.51,1397.16,556.25,1386.33,551.26,1379.94,545.80,1428.77,554.14,1409.17,555.20,1400.00,550.98,1396.20,545.43
ND_jt7h9nyASgc_frame004486_r.jpg,0,1217.89,723.19,1255.58,692.44,1293.33,692.78,1313.84,712.21,1317.94,736.86,1334.45,705.92,1384.97,716.36,1384.71,738.14,1366.66,750.64,1334.53,737.73,1349.83,778.56,1333.43,792.10,1317.65,791.22,1322.45,766.38,1320.78,799.93,1302.82,805.21,1289.05,799.46,1302.37,790.62,1292.73,814.82,1277.52,814.51,1266.31,804.83
ND_jt7h9nyASgc_frame010765_r.jpg,0,655.26,530.56,631.64,544.46,616.76,563.74,608.79,578.66,600.63,586.24,620.26,574.63,605.64,598.18,598.28,610.62,591.30,620.78,637.17,578.96,635.06,607.12,631.22,618.43,626.02,625.70,655.27,578.60,656.33,606.27,653.94,617.01,650.23,624.58,671.88,574.46,682.90,592.84,689.64,604.76,694.62,615.74
ND_jt7h9nyASgc_frame010765_r.jpg,1,562.91,494.53,551.73,513.14,545.83,529.59,551.56,546.08,561.05,558.65,541.08,557.87,537.90,580.72,546.77,584.68,556.97,582.83,555.03,559.53,559.70,580.61,569.08,584.10,577.80,582.63,568.00,557.21,575.41,575.55,583.87,581.20,591.53,582.04,579.81,551.30,588.33,565.90,595.27,572.94,601.76,577.11
ND_jtDyeSJA2mk_frame006579_l.jpg,0,22.45,373.15,27.26,304.00,64.56,237.02,111.99,199.28,149.61,187.97,44.39,217.02,125.63,166.00,175.58,177.74,192.35,203.60,50.09,261.13,151.98,224.72,199.35,236.66,206.92,255.51,63.25,313.66,163.56,285.58,201.73,287.90,202.49,293.44,82.59,367.97,169.99,347.57,204.74,335.93,211.96,325.33
ND_jtDyeSJA2mk_frame014353_l.jpg,0,197.43,463.35,269.83,443.98,329.54,407.90,374.81,382.22,402.96,361.69,316.08,307.14,359.04,267.04,367.26,303.94,363.58,349.18,278.02,291.85,309.43,227.25,342.66,216.99,374.31,219.77,232.43,298.10,249.53,232.30,281.93,209.40,319.25,197.93,184.54,321.03,182.76,280.51,202.54,258.05,231.67,241.95
ND_jyGBX9_PsxY_frame000300_r.jpg,0,38.87,130.15,52.81,152.01,82.78,165.98,110.00,178.85,128.83,192.09,107.24,120.69,135.58,133.98,149.39,151.62,156.98,166.90,117.17,113.06,147.90,129.66,158.67,148.45,163.54,165.14,121.47,114.17,151.26,130.74,159.66,148.67,163.08,164.37,122.50,120.43,146.94,134.89,154.92,150.30,158.44,163.62
ND_jzbrbcR2Yak_frame002701_r.jpg,0,156.02,635.11,177.28,472.22,304.50,304.11,388.00,166.69,394.07,56.15,480.47,398.75,565.59,282.16,609.28,213.28,645.91,154.78,557.54,500.10,725.24,428.36,833.83,385.57,916.80,348.31,593.18,599.65,768.77,558.66,891.90,521.84,988.44,483.82,595.45,699.96,752.56,693.61,860.51,674.73,952.74,639.63
ND_kFpDH8KCS2k_frame032881_l.jpg,0,612.76,459.92,624.79,430.06,643.43,409.41,661.39,398.08,672.70,386.83,664.49,426.01,687.71,419.66,702.92,418.46,716.42,418.74,669.45,443.67,695.28,439.08,712.62,436.33,727.52,434.49,670.32,461.09,695.48,459.94,711.77,458.15,725.15,456.43,667.12,478.23,688.09,480.50,701.98,480.63,713.90,480.18
ND_kU6Lj5jAhnI_frame002692_l.jpg,0,1235.77,213.12,1096.30,172.55,975.01,201.08,856.68,220.35,747.61,218.22,1059.25,403.42,960.38,580.08,860.84,648.84,777.78,673.69,1138.43,466.53,1007.69,643.55,884.97,694.91,798.11,694.13,1199.77,491.23,1105.64,659.27,994.80,699.92,908.54,694.38,1242.60,484.94,1241.09,609.16,1212.79,671.18,1190.10,700.83
ND_kWUPfDdQp-w_frame002101_r.jpg,0,1184.17,352.35,1158.04,323.81,1100.12,294.10,1022.86,295.29,963.25,301.79,1054.09,221.60,969.75,228.02,927.16,260.17,908.08,295.83,1039.93,258.46,967.71,281.56,979.47,324.91,1003.14,355.62,1035.23,296.01,977.08,316.77,1001.04,345.58,1030.66,362.09,1038.32,328.89,994.72,340.95,1009.96,359.06,1033.46,366.62
ND_kX50-5rNVqo_frame007001_l.jpg,0,955.77,231.53,846.96,139.46,743.93,129.60,666.93,146.75,615.40,137.75,679.56,269.49,615.80,307.89,625.09,288.90,656.92,260.58,725.84,335.06,684.00,343.70,709.79,310.37,742.26,284.88,787.21,380.98,746.49,375.69,763.32,349.61,794.68,325.34,847.23,404.44,807.32,401.45,818.93,376.26,842.21,355.06
ND_kX50-5rNVqo_frame017501_r.jpg,0,222.51,643.22,256.02,593.05,270.00,538.42,273.30,498.33,270.02,461.58,215.23,490.94,254.01,472.44,268.87,511.11,272.35,539.22,191.82,499.53,243.98,489.89,256.95,535.30,259.48,566.19,174.42,517.21,228.22,514.11,239.85,555.90,242.63,584.13,163.56,542.63,201.99,528.81,226.04,550.92,243.16,571.93
ND_kX50-5rNVqo_frame038001_r.jpg,0,521.15,554.20,546.70,514.69,555.66,466.45,553.85,427.17,536.33,395.68,506.43,433.48,514.46,400.22,532.89,427.54,541.69,454.37,486.02,443.33,501.35,411.46,521.25,449.32,530.46,480.90,465.24,457.78,487.41,435.56,507.55,475.30,516.06,504.87,445.69,476.85,467.71,453.55,486.18,479.56,493.10,502.84
ND_khh2HhMhgdU_frame000001_r.jpg,0,82.82,138.80,85.50,164.03,69.42,183.25,47.81,197.35,32.86,211.59,28.31,162.11,-1.78,186.02,-13.78,202.45,-19.86,213.32,20.00,153.89,-8.54,176.26,-20.31,192.82,-25.56,204.56,16.79,150.59,-9.25,171.61,-19.45,186.74,-25.65,198.31,16.42,151.73,-6.98,168.95,-18.04,181.41,-25.40,192.37
ND_khh2HhMhgdU_frame000601_r.jpg,0,388.72,199.11,362.10,197.01,336.31,213.49,330.64,246.58,333.05,274.76,303.80,247.21,285.89,273.68,286.92,289.81,295.28,298.01,319.75,265.27,308.71,297.64,319.27,309.59,336.37,308.91,337.78,275.62,336.83,303.62,358.24,299.75,379.00,286.65,356.53,279.49,357.03,300.31,372.01,295.00,387.56,281.82
ND_khqqvnAt9vk_frame001795_l.jpg,0,386.17,117.12,458.93,107.35,546.35,122.56,616.59,157.79,673.03,188.51,596.26,64.04,668.55,98.29,662.10,138.84,636.04,157.84,586.27,107.12,654.69,138.96,653.65,176.67,643.77,197.99,568.72,144.39,620.53,169.93,630.00,198.83,627.82,215.36,543.55,180.62,590.28,196.97,600.36,215.91,601.60,226.79
ND_kklK9hp5VsU_frame002701_r.jpg,0,1355.92,107.86,1235.48,89.64,1113.96,122.52,1021.75,172.96,955.43,216.39,1111.69,133.32,972.96,174.51,871.62,202.98,789.53,228.40,1167.15,173.59,1063.43,253.23,991.60,333.43,936.97,400.40,1239.70,219.76,1144.86,297.23,1075.55,366.84,1023.27,424.19,1319.58,270.10,1241.66,330.32,1189.50,377.40,1144.23,422.84
ND_kklK9hp5VsU_frame004801_l.jpg,0,1443.50,60.51,1207.30,103.22,1054.28,248.69,985.07,403.22,969.74,518.48,1006.89,332.68,914.35,578.30,882.46,726.43,868.04,830.82,1101.56,405.55,959.96,673.33,890.52,838.57,849.48,950.91,1234.07,457.12,1077.50,716.47,995.28,871.34,932.11,981.19,1394.96,483.32,1322.96,679.86,1272.52,797.82,1221.87,889.76
ND_kklK9hp5VsU_frame006601_r.jpg,0,937.22,533.66,975.76,516.62,1014.62,498.67,1043.54,487.94,1066.04,477.10,983.10,477.73,999.58,482.74,1015.46,492.20,1031.70,503.97,969.37,491.84,982.37,501.49,996.73,517.38,1008.32,534.22,959.90,511.95,980.75,528.33,999.03,542.13,1012.55,553.77,956.09,534.51,984.08,553.78,1000.08,564.56,1013.22,572.12
ND_kklK9hp5VsU_frame006601_r.jpg,1,1243.96,477.65,1235.61,438.70,1212.83,402.05,1180.45,387.77,1156.59,387.77,1233.39,405.77,1200.11,396.15,1175.84,393.02,1155.94,391.75,1228.03,430.25,1178.65,412.80,1182.42,417.53,1197.97,423.95,1219.49,452.40,1174.11,433.97,1179.35,436.89,1194.32,441.40,1208.28,472.62,1175.81,455.65,1182.61,455.68,1195.62,459.16
ND_kmcs6amqirQ_frame000901_l.jpg,0,36.51,35.06,32.05,15.42,31.40,-1.00,33.00,-15.40,35.52,-26.93,31.78,29.27,55.56,18.78,74.20,9.02,89.05,1.98,42.08,50.28,67.93,40.89,87.97,24.13,102.81,11.14,52.97,62.74,77.81,55.10,96.20,38.35,108.94,24.50,63.79,68.84,87.26,66.16,100.37,54.29,110.17,43.02
ND_kt2wYAqmYxY_frame000901_r.jpg,0,440.84,88.89,415.44,93.55,398.85,114.44,390.96,129.76,386.87,137.31,416.63,138.60,415.57,163.81,414.23,176.60,413.85,185.58,427.52,139.40,421.90,159.39,416.91,170.40,413.22,178.59,433.51,136.22,422.64,150.01,416.17,154.33,410.48,157.78,435.15,131.74,423.97,141.14,416.28,142.32,411.09,141.06
ND_kt2wYAqmYxY_frame000901_r.jpg,1,204.78,38.51,244.45,59.95,256.26,89.84,251.23,110.84,240.72,119.62,250.24,124.65,260.26,133.32,259.45,119.32,254.71,109.87,225.38,126.28,233.96,126.07,235.20,113.41,232.22,103.96,202.99,118.53,213.03,115.41,215.07,104.62,213.21,95.02,186.98,107.38,196.07,103.65,198.41,95.12,198.09,87.35
ND_kvWAtSH1xIY_frame010501_r.jpg,0,578.55,555.77,588.18,526.86,610.32,513.47,633.93,515.52,649.63,523.97,615.28,519.48,644.08,519.29,639.55,521.25,631.06,525.30,618.93,539.17,641.96,538.77,636.49,539.74,628.00,542.45,621.33,557.75,641.14,556.58,634.77,556.31,625.85,557.41,623.43,573.21,640.99,573.09,635.34,572.06,627.45,572.32
ND_l5_T4kWXEd0_frame014951_r.jpg,0,372.17,483.20,353.00,390.74,383.11,300.64,433.65,245.43,477.60,215.56,439.29,331.21,531.61,266.83,573.93,229.36,594.29,206.29,481.38,385.27,584.00,312.68,615.42,273.06,626.06,253.29,514.27,429.58,618.16,367.87,641.65,326.97,640.65,304.26,534.29,465.23,629.63,428.36,654.95,390.52,651.59,361.17
ND_l5_T4kWXEd0_frame025117_l.jpg,0,1258.66,440.22,1228.93,378.82,1171.06,327.96,1105.55,310.03,1056.37,309.73,1212.47,285.43,1123.39,268.79,1059.51,282.33,1013.98,299.54,1232.31,329.03,1131.58,321.49,1058.26,331.50,1010.66,344.31,1235.94,383.30,1142.33,376.80,1091.67,375.94,1066.13,376.24,1225.56,439.17,1142.70,431.61,1103.64,422.36,1085.60,413.32
ND_lEIiDZSvCC4_frame000601_l.jpg,0,744.20,1127.04,716.01,962.89,641.56,813.08,578.67,695.48,543.12,597.93,445.40,901.82,235.93,907.09,90.02,924.75,-22.27,940.45,418.32,1015.94,221.09,1006.38,72.91,1010.47,-46.88,1012.10,430.43,1134.70,249.96,1128.34,115.95,1122.29,12.24,1110.59,466.30,1251.38,349.94,1298.43,270.87,1331.10,205.42,1351.21
ND_lPatda032x0_frame004187_r.jpg,0,1029.85,1102.21,1036.83,992.60,1105.23,899.33,1186.24,857.51,1275.63,872.38,1092.14,857.39,1194.89,714.80,1285.24,718.12,1327.50,760.76,1134.77,901.08,1343.53,856.20,1405.74,895.98,1392.05,940.57,1187.38,965.30,1396.49,942.76,1447.74,987.85,1437.65,1030.52,1240.88,1033.67,1394.70,1023.18,1438.57,1053.56,1436.68,1081.10
ND_lQAlynsq2Yw_frame024220_l.jpg,0,733.64,870.48,769.30,846.42,806.92,847.96,834.88,877.20,847.54,906.79,750.93,893.78,782.39,926.31,811.05,937.86,835.71,945.27,743.38,926.96,804.37,961.04,842.68,961.99,866.94,953.56,745.04,949.13,806.34,973.71,841.59,967.66,864.48,955.12,754.07,960.96,801.97,971.95,828.73,965.55,846.95,955.19
ND_lQAlynsq2Yw_frame024220_l.jpg,1,1038.39,857.39,1008.06,837.32,976.98,833.33,957.36,842.80,951.62,857.18,1022.61,876.39,998.95,910.11,967.54,920.87,939.87,923.78,1032.97,905.27,993.06,943.40,952.77,950.47,922.73,946.64,1032.01,926.25,994.14,961.54,956.38,966.62,927.16,963.32,1025.14,939.04,996.14,964.84,966.12,968.43,940.96,965.59
ND_lQAlynsq2Yw_frame031097_r.jpg,0,540.60,1017.21,540.72,1037.22,519.17,1053.12,488.10,1065.76,462.08,1068.93,461.17,1029.01,436.00,1066.79,437.68,1098.45,444.69,1118.24,454.80,1036.17,431.04,1073.00,435.53,1106.62,444.58,1129.76,454.86,1046.26,434.46,1081.53,440.25,1109.62,449.38,1129.92,458.93,1058.82,442.49,1086.04,445.10,1109.38,452.48,1128.02
ND_lZ487d7Axfc_frame003290_l.jpg,0,1022.95,821.33,980.15,809.60,939.12,808.95,907.58,817.16,885.56,823.25,960.29,808.96,940.06,826.90,926.33,840.53,912.59,853.09,975.48,828.56,943.99,852.91,922.33,869.73,903.44,882.46,987.57,847.63,955.65,868.61,934.67,882.68,916.28,893.62,999.38,865.54,975.29,880.38,959.15,889.47,945.65,897.56
ND_lZ487d7Axfc_frame003290_l.jpg,1,685.38,723.89,714.83,698.49,755.61,689.00,794.84,698.50,822.36,713.19,731.11,669.92,775.45,687.70,797.90,707.72,812.03,723.35,719.02,695.06,765.24,717.44,791.53,734.36,808.04,747.49,714.33,721.42,758.92,743.36,783.95,754.18,799.93,760.59,717.08,747.18,755.31,762.86,774.72,766.88,789.03,767.90
ND_lZ487d7Axfc_frame006280_l.jpg,0,815.34,638.90,873.70,626.76,920.68,619.67,956.03,618.42,983.65,624.30,889.47,581.02,904.75,570.00,923.67,585.04,935.81,602.28,868.40,592.76,893.53,603.45,916.35,624.59,930.22,642.67,850.14,611.63,876.40,628.54,899.36,646.52,914.16,661.73,834.01,634.43,857.89,651.23,877.67,664.57,891.19,675.56
ND_lZ487d7Axfc_frame006280_l.jpg,1,1155.06,707.89,1143.16,674.69,1124.15,666.04,1100.84,667.08,1087.92,665.76,1097.93,719.37,1057.16,730.99,1031.13,724.59,1009.87,716.57,1085.71,734.80,1040.03,739.37,1015.01,727.34,996.69,714.71,1076.07,739.28,1033.55,741.51,1011.46,730.10,996.07,718.75,1068.64,736.67,1034.98,737.52,1014.89,728.18,1000.75,718.26
ND_lZ487d7Axfc_frame011064_r.jpg,0,1221.69,711.93,1198.20,743.08,1201.11,777.73,1221.30,808.79,1246.16,826.78,1258.17,759.24,1277.82,810.79,1276.71,834.44,1272.98,848.58,1280.52,756.14,1291.20,809.79,1278.58,824.85,1266.66,826.58,1288.99,755.88,1295.52,804.02,1281.34,814.38,1269.37,812.48,1289.96,757.85,1293.00,794.58,1283.03,807.16,1273.54,807.72
ND_lZ487d7Axfc_frame011064_r.jpg,1,658.13,674.59,703.34,687.72,734.87,714.10,744.04,744.32,738.82,766.66,724.34,681.22,719.90,730.92,716.18,759.12,712.82,779.87,693.40,681.92,693.97,740.85,697.42,765.39,700.83,778.91,666.92,689.58,670.47,748.53,677.54,765.17,683.97,769.65,644.50,700.86,650.15,746.95,657.46,760.03,664.28,762.46
ND_lZ487d7Axfc_frame011363_l.jpg,0,1082.63,550.14,1090.28,498.71,1109.27,470.20,1141.72,467.52,1164.17,486.42,1092.00,512.24,1141.59,516.20,1173.16,509.27,1193.24,503.32,1099.38,547.93,1157.58,543.08,1188.33,527.77,1202.14,514.76,1110.47,569.85,1164.60,562.99,1191.33,544.74,1198.32,530.34,1121.78,580.80,1166.60,575.59,1187.81,559.21,1192.99,542.54
ND_lZ487d7Axfc_frame020931_r.jpg,0,769.87,589.53,819.20,586.07,853.04,616.16,865.80,655.60,868.39,683.60,824.62,652.92,843.20,705.44,863.43,716.03,880.05,715.46,801.30,666.19,828.49,711.15,852.64,714.45,867.23,706.66,786.48,671.26,815.38,704.23,836.94,704.24,849.88,696.56,778.16,671.38,803.56,692.86,822.27,694.51,834.51,689.19
ND_lZ487d7Axfc_frame020931_r.jpg,1,1093.88,694.22,1065.54,657.69,1024.95,644.76,991.29,650.37,974.78,663.60,1033.67,647.06,986.32,646.95,969.34,656.79,967.00,665.32,1038.87,670.32,991.92,673.03,975.54,675.19,973.18,677.31,1043.38,693.46,1009.43,709.27,1008.13,717.82,1016.48,723.51,1047.75,712.90,1021.99,724.27,1018.12,731.59,1020.70,738.80
ND_lq7S5DuXfHU_frame001201_r.jpg,0,168.81,547.65,201.43,520.71,253.21,486.44,307.93,459.14,343.84,434.08,178.91,403.77,229.82,364.29,265.06,352.67,291.51,349.09,202.64,413.98,265.00,392.84,282.30,414.92,283.83,434.81,227.82,430.34,279.39,417.52,296.31,437.44,299.41,452.70,245.98,449.02,285.98,442.29,298.85,456.55,301.98,470.97
ND_lq7S5DuXfHU_frame001501_r.jpg,0,96.95,530.11,165.58,542.76,231.18,515.46,280.96,481.06,316.46,455.45,219.74,435.36,291.29,414.80,323.62,402.52,345.25,389.11,194.82,411.95,257.63,380.20,285.90,362.31,305.21,343.64,170.94,402.86,221.17,370.46,246.20,351.23,262.33,332.80,150.94,403.07,190.84,371.99,215.42,354.88,234.61,340.96
ND_mACpJ8BeQC4_frame000901_l.jpg,0,397.71,602.42,373.16,557.12,316.43,498.57,248.64,453.25,204.78,412.10,343.61,401.74,244.37,367.49,209.77,392.87,201.21,425.85,320.16,414.98,230.63,399.18,230.06,446.42,247.84,483.98,301.19,438.89,228.70,431.45,239.01,473.84,259.95,503.55,289.99,461.65,235.59,459.28,242.22,487.53,261.83,506.59
ND_mHepbyNsDJ0_frame027001_l.jpg,0,650.57,546.69,564.34,469.33,497.15,342.74,486.46,218.76,530.87,122.57,569.56,182.77,579.04,28.52,597.61,-43.02,617.91,-93.72,662.26,202.25,721.19,123.81,713.95,254.41,685.90,339.82,746.61,236.64,800.26,168.88,773.98,285.13,731.65,359.38,814.25,283.61,873.98,220.14,844.68,284.60,796.08,333.50
ND_mIMATMhoq7g_frame001674_r.jpg,0,613.42,-0.93,599.51,68.07,573.76,140.70,570.26,209.91,565.71,267.41,463.49,106.10,459.68,195.61,487.35,240.23,516.14,265.93,480.46,107.76,476.76,186.76,502.04,235.08,533.88,263.88,503.79,109.75,502.90,179.34,522.58,221.14,544.53,252.39,524.99,113.96,523.59,171.62,535.98,207.06,548.18,233.11
ND_miAtbZ1sA_M_frame004486_r.jpg,0,631.36,575.76,649.98,576.91,665.06,586.13,676.49,599.17,683.38,611.87,665.49,587.90,671.70,602.83,670.68,609.01,668.77,614.14,652.22,593.62,657.58,609.10,656.46,613.97,655.51,617.82,637.62,597.88,643.15,611.93,640.93,614.72,639.67,617.40,622.42,600.70,624.68,608.85,625.50,612.99,627.30,616.61
ND_miAtbZ1sA_M_frame006878_l.jpg,0,560.28,502.09,580.99,477.92,602.11,461.70,617.27,451.32,619.89,436.66,584.97,474.14,587.05,480.97,588.65,489.68,589.94,498.15,578.89,495.33,583.15,506.17,587.71,515.70,589.59,525.01,575.39,515.54,582.11,527.02,586.26,533.11,589.34,539.49,572.47,533.26,579.78,544.68,583.47,550.83,586.90,557.33
ND_miAtbZ1sA_M_frame012260_r.jpg,0,560.87,531.66,577.71,506.94,598.42,495.45,617.71,502.46,630.65,517.31,578.36,508.45,607.98,525.23,620.63,530.28,624.54,532.98,570.01,530.36,609.48,548.92,622.97,548.92,623.19,545.89,567.55,550.41,606.11,566.37,617.50,562.45,616.94,556.13,568.09,566.62,598.16,577.89,608.57,573.39,609.56,566.25
ND_miXIk7cP4ug_frame014054_r.jpg,0,2782.39,1805.69,2693.67,1891.00,2557.79,1916.25,2451.98,1936.93,2377.76,1947.80,2500.66,1744.72,2345.33,1722.59,2268.87,1690.16,2201.57,1656.34,2513.92,1696.40,2418.53,1789.25,2447.53,1862.95,2488.01,1889.78,2533.51,1687.27,2447.22,1786.44,2474.45,1849.96,2514.48,1873.04,2547.36,1694.49,2488.68,1779.96,2506.36,1831.85,2542.60,1850.27
ND_minh9wqn8hc_frame001001_r.jpg,0,1552.06,87.51,1393.36,115.92,1273.39,240.46,1270.13,384.55,1311.69,489.85,1257.33,258.27,1229.49,513.64,1255.33,495.29,1285.83,409.16,1388.84,293.03,1342.49,577.54,1356.65,528.37,1384.24,430.79,1522.19,322.54,1479.06,569.69,1480.28,513.30,1494.74,426.50,1652.18,338.85,1591.96,522.61,1583.66,487.30,1602.54,418.89
ND_minh9wqn8hc_frame001001_r.jpg,1,819.56,30.51,923.14,152.55,932.35,296.72,873.41,429.02,862.12,536.38,762.53,257.30,731.37,472.50,725.65,578.07,731.20,659.91,661.52,242.87,675.58,468.80,714.22,569.19,755.10,630.51,600.67,241.68,652.38,428.94,705.32,488.78,749.26,510.58,570.47,248.53,625.20,376.94,676.47,421.13,713.98,438.59
ND_minh9wqn8hc_frame006251_l.jpg,0,1235.99,669.02,1203.51,599.49,1143.08,554.47,1079.01,541.62,1031.94,549.19,1151.25,568.73,1052.59,545.09,1008.62,546.27,983.77,556.18,1135.09,626.63,1019.27,606.22,1010.80,595.50,1028.62,592.97,1117.72,681.13,1006.83,655.04,1005.18,636.92,1027.61,630.90,1102.31,726.06,1016.95,703.46,1004.62,679.17,1010.51,664.94
ND_muPk3tXV4I0_frame002751_r.jpg,0,65.68,88.14,80.22,159.95,128.16,218.18,193.01,230.27,252.42,232.53,180.80,240.18,231.64,257.61,271.98,256.37,304.31,247.86,204.72,177.46,180.74,197.15,156.18,195.08,139.36,187.87,209.30,115.84,172.21,134.08,142.82,132.97,131.71,125.40,204.32,58.04,185.92,78.57,168.68,77.89,169.95,73.93
ND_n8hshpYzCYg_frame001201_l.jpg,0,178.38,167.22,159.31,167.34,141.51,159.94,129.18,150.19,119.55,142.66,148.66,149.82,145.07,143.16,144.19,143.74,145.81,144.15,159.84,146.25,158.41,141.40,155.74,144.83,156.45,148.06,171.00,145.38,168.85,141.74,165.60,146.61,165.93,150.41,181.83,147.13,180.49,147.85,176.54,153.24,175.45,158.09
ND_n8hshpYzCYg_frame001801_r.jpg,0,97.08,193.83,100.51,183.88,98.33,174.49,99.79,167.75,104.74,162.71,81.75,176.69,72.90,174.18,68.41,173.53,64.03,173.80,74.55,184.33,63.29,182.52,58.34,183.22,54.42,183.98,70.11,192.45,58.67,190.93,54.70,191.46,52.14,191.96,67.86,200.27,58.89,200.74,55.46,201.82,53.93,203.05
ND_nFS0vYI2I7g_frame000300_l.jpg,0,404.46,585.75,442.62,421.34,546.95,315.71,630.49,254.82,689.44,187.42,654.40,361.88,754.96,333.51,836.95,320.35,884.16,319.62,673.18,447.11,808.16,407.94,872.56,405.72,881.69,413.29,679.01,520.94,809.64,496.18,839.78,496.90,807.11,517.17,685.50,602.75,771.33,596.58,784.70,601.45,761.82,612.25
ND_nFnl3yMFix4_frame002101_r.jpg,0,1275.06,717.05,1243.01,644.85,1241.78,596.82,1236.19,567.75,1228.26,549.69,1307.79,571.85,1269.71,537.33,1231.98,530.79,1198.25,532.08,1313.64,593.45,1281.41,551.37,1238.39,538.51,1198.94,537.59,1306.81,622.92,1289.25,582.17,1256.05,560.77,1224.74,550.67,1287.78,657.11,1275.14,631.27,1254.19,612.50,1232.70,598.58
ND_nFnl3yMFix4_frame002101_r.jpg,1,987.17,753.34,1032.05,709.31,1057.67,676.80,1078.74,655.84,1097.68,647.36,994.16,656.18,1041.24,644.56,1077.74,649.20,1109.67,658.22,976.93,687.12,1015.59,673.89,1055.43,671.78,1090.74,676.74,971.15,722.07,997.73,712.82,1031.53,705.38,1063.42,700.18,974.61,755.94,990.94,764.91,1008.58,763.10,1027.72,760.65
ND_nFnl3yMFix4_frame002401_l.jpg,0,1284.90,750.86,1255.82,719.20,1214.07,706.97,1176.12,715.56,1150.90,726.31,1231.17,691.82,1173.34,710.34,1144.35,729.36,1124.29,744.76,1247.56,718.07,1185.95,734.00,1150.63,749.72,1126.54,760.96,1255.26,747.54,1197.92,759.28,1161.44,768.24,1136.44,774.22,1255.54,775.65,1208.20,781.16,1179.99,781.25,1159.50,780.30
ND_nFnl3yMFix4_frame002401_l.jpg,1,945.39,816.30,988.78,800.61,1015.23,794.00,1028.39,782.53,1034.31,772.12,1034.11,847.95,1066.75,845.32,1077.53,828.74,1082.61,811.83,1016.30,859.74,1047.05,851.96,1048.54,816.63,1042.38,791.39,993.89,860.45,1021.32,845.27,1026.68,807.90,1024.74,783.30,970.86,852.33,995.11,833.00,1005.18,803.96,1008.80,782.37
ND_nFnl3yMFix4_frame003901_l.jpg,0,1407.59,700.60,1366.99,664.15,1316.58,655.84,1275.13,671.46,1250.36,690.71,1329.27,693.83,1265.29,716.63,1227.08,724.69,1196.62,728.29,1341.92,729.74,1273.21,763.60,1226.60,774.07,1193.32,778.91,1349.21,753.75,1296.01,789.42,1256.07,802.27,1227.40,808.88,1351.32,765.47,1308.64,789.35,1280.63,797.38,1259.02,799.61
ND_nFnl3yMFix4_frame006301_l.jpg,0,1608.12,530.24,1610.84,484.10,1592.77,429.63,1559.75,396.41,1526.11,381.67,1608.72,400.96,1555.71,361.09,1519.18,356.72,1500.19,361.77,1597.35,411.52,1541.64,363.08,1510.78,364.73,1496.69,375.61,1578.40,431.43,1520.08,393.61,1500.03,402.32,1496.95,413.50,1552.52,456.35,1505.15,429.13,1490.43,432.46,1486.39,438.14
ND_nFnl3yMFix4_frame007201_r.jpg,0,1048.41,912.96,1008.54,915.28,975.63,934.42,960.78,957.67,953.23,979.05,949.12,939.95,918.19,981.83,899.06,1004.69,883.04,1024.19,960.81,952.33,921.27,991.38,895.75,1015.86,873.50,1035.45,980.25,966.28,936.19,997.39,906.10,1017.39,880.25,1032.49,1004.94,979.58,968.56,998.09,951.35,1000.33,938.70,1000.73
ND_nFnl3yMFix4_frame007201_r.jpg,1,936.31,797.32,964.06,835.04,954.20,875.79,921.96,896.96,899.55,905.03,916.69,859.95,882.60,911.01,864.34,934.65,848.73,954.25,889.54,846.48,865.41,899.02,880.26,909.62,893.33,907.46,876.72,838.79,864.82,885.88,881.06,895.72,893.27,891.04,870.95,836.03,867.74,873.06,881.49,881.63,891.58,878.19
ND_nGLQ1aTKuvg_frame000001_r.jpg,0,101.93,551.06,82.45,582.02,89.39,616.07,104.93,639.43,110.86,655.87,103.06,621.65,119.22,664.74,116.13,676.93,107.33,672.69,127.01,614.71,139.67,662.30,132.52,675.04,122.19,670.20,146.58,604.83,160.90,652.16,153.12,666.97,142.02,666.02,161.17,593.36,179.79,621.29,176.31,635.84,167.56,640.32
ND_nGLQ1aTKuvg_frame000599_r.jpg,0,147.26,360.36,158.26,339.03,165.44,321.51,174.14,319.33,184.22,324.36,97.03,294.55,79.28,291.02,97.73,299.00,122.85,308.33,72.72,321.31,52.82,330.88,83.18,344.79,113.80,352.32,59.71,348.22,61.08,364.85,97.48,377.18,127.72,381.41,54.43,372.65,64.22,387.16,95.17,395.23,120.15,394.84
ND_nHSfdYsLm08_frame001674_r.jpg,0,1318.68,774.80,1337.77,725.63,1377.28,709.76,1408.30,715.70,1428.61,730.73,1407.66,701.34,1450.79,687.39,1476.30,690.89,1492.74,697.85,1422.63,731.13,1480.16,745.56,1487.60,763.83,1480.66,775.35,1426.90,766.10,1477.05,784.59,1485.58,797.69,1480.89,803.19,1421.21,797.42,1449.30,810.29,1451.31,816.04,1444.08,815.84
ND_nQOca2Cz85g_frame005701_l.jpg,0,639.10,773.49,636.03,723.91,657.67,684.64,687.07,665.90,711.22,662.00,669.48,666.87,709.43,634.67,731.71,619.14,743.60,607.30,691.14,685.77,730.54,660.26,741.23,659.27,742.95,657.65,710.66,709.48,742.25,686.66,743.66,691.05,737.96,695.44,725.67,734.08,748.09,713.80,748.09,716.40,742.92,720.96
ND_nQOca2Cz85g_frame006301_l.jpg,0,316.56,344.96,413.32,286.82,533.70,281.99,627.86,312.99,682.98,343.53,525.65,232.97,643.88,317.88,676.64,393.81,686.34,447.92,481.92,275.45,601.89,400.56,579.65,421.84,548.15,409.97,435.39,331.43,543.80,435.18,534.49,440.08,521.62,425.49,392.18,389.55,460.27,465.97,502.10,497.06,538.84,520.94
ND_nRW3RTYr_r4_frame001801_l.jpg,0,604.85,424.73,584.36,385.25,545.64,353.82,507.55,351.92,482.49,366.01,530.88,323.82,466.33,334.95,470.45,358.52,488.21,365.40,520.59,337.69,457.87,360.61,470.72,382.18,490.62,383.76,511.56,360.59,468.40,395.74,487.35,410.22,504.67,402.97,505.26,388.91,485.67,421.75,506.08,431.37,520.46,424.11
ND_nbzHEOTSPHw_frame000901_r.jpg,0,910.07,498.86,936.82,497.21,955.47,512.90,963.90,532.56,967.23,546.06,946.86,516.48,960.48,546.46,965.38,559.09,967.90,565.98,931.64,523.97,948.06,555.74,956.18,568.15,960.73,574.35,920.28,530.74,938.58,557.65,948.37,567.08,953.87,571.43,913.82,536.00,930.41,552.47,939.92,557.28,945.66,558.88
ND_nbzHEOTSPHw_frame000901_r.jpg,1,1061.74,489.92,1051.47,496.95,1044.71,511.34,1038.69,524.97,1033.71,534.37,1071.75,539.60,1068.28,562.70,1058.47,567.05,1050.00,565.19,1073.54,543.17,1065.71,565.07,1054.12,566.62,1045.95,563.18,1072.22,544.63,1065.00,564.46,1055.18,566.03,1048.34,564.18,1069.18,544.08,1063.88,559.41,1055.79,563.16,1049.81,562.65
ND_nbzHEOTSPHw_frame005101_l.jpg,0,585.00,548.63,570.81,545.02,554.75,548.62,541.72,553.35,533.43,561.25,564.39,579.30,547.48,590.02,538.34,590.78,533.16,591.13,565.35,585.98,546.47,598.10,537.01,597.68,531.89,596.19,563.31,588.68,545.71,598.16,537.88,594.97,533.23,591.84,560.44,589.25,546.58,595.65,538.64,592.93,533.81,589.19
ND_nbzHEOTSPHw_frame009001_l.jpg,0,860.72,485.18,837.13,492.15,822.63,508.64,817.39,525.59,815.41,537.05,828.84,512.89,812.73,534.45,804.49,546.38,798.86,554.85,842.94,520.83,830.16,548.34,821.86,551.42,817.73,549.16,855.18,525.37,841.98,546.82,834.93,542.82,833.89,535.34,863.95,527.12,852.40,541.23,846.27,538.87,845.52,534.16
ND_nbzHEOTSPHw_frame009001_l.jpg,1,619.05,448.64,626.69,446.87,635.47,451.02,639.10,460.08,640.31,470.21,638.03,449.44,647.30,465.29,649.64,477.30,650.71,487.62,630.79,456.47,640.67,476.35,643.20,488.35,645.25,498.33,623.26,463.59,631.17,481.60,634.10,491.12,636.78,499.02,616.08,470.24,622.38,483.60,625.81,490.89,629.13,497.34
ND_nbzHEOTSPHw_frame010201_r.jpg,0,778.76,435.26,768.36,423.02,752.33,419.90,737.54,426.37,727.88,434.68,769.93,441.28,749.16,443.10,735.09,438.10,724.61,433.18,767.83,454.97,743.64,455.09,729.36,446.26,722.25,438.92,763.42,463.26,739.65,464.01,727.14,454.37,722.46,446.71,758.40,467.65,741.08,473.55,731.75,467.33,727.43,459.81
ND_nbzHEOTSPHw_frame010201_r.jpg,1,524.16,473.96,537.39,460.53,549.93,453.52,557.22,457.61,554.47,465.13,526.64,446.88,535.75,457.67,544.20,464.02,550.96,468.20,517.69,458.16,530.69,471.98,543.10,479.68,552.84,483.85,513.92,471.06,530.08,482.64,544.58,488.74,557.00,491.37,514.38,482.98,531.30,491.36,544.31,494.89,555.94,495.68
ND_nj1upNfNMsE_frame000601_r.jpg,0,63.37,281.27,104.70,276.20,137.55,277.25,165.62,286.37,190.26,290.60,92.18,286.73,103.88,325.14,108.58,348.94,110.45,366.37,56.21,297.44,73.96,350.25,83.64,386.75,89.93,412.57,29.38,305.09,47.67,350.03,58.70,380.47,64.61,401.00,11.61,313.24,18.98,342.75,28.04,362.91,35.41,378.85
ND_nj1upNfNMsE_frame000601_r.jpg,1,332.30,410.60,324.31,360.36,311.24,331.56,292.60,312.38,283.49,314.48,342.70,364.00,318.22,354.60,295.95,338.00,276.17,325.42,332.95,406.45,279.44,388.12,243.19,372.23,216.57,361.57,315.47,442.24,264.78,422.95,236.49,399.87,221.25,380.63,295.05,468.33,250.47,463.38,234.83,447.43,231.38,428.59
ND_npw8h1sd2Qs_frame000898_r.jpg,0,448.24,513.76,477.77,500.54,505.90,504.77,525.53,516.71,538.15,527.50,491.01,520.00,513.33,539.16,524.89,543.89,529.67,546.04,479.22,538.41,510.50,557.60,523.04,557.13,525.07,553.60,470.31,553.11,502.82,569.46,513.04,566.32,513.01,561.21,465.16,562.96,490.64,573.83,500.26,570.63,501.11,565.69
ND_npw8h1sd2Qs_frame000898_r.jpg,1,811.09,519.67,790.22,495.58,762.98,486.49,739.41,487.89,722.98,487.07,788.00,485.22,759.46,496.74,744.76,501.64,736.82,504.42,794.58,505.33,760.38,515.25,743.08,516.55,737.03,516.51,795.90,523.53,762.50,529.71,746.64,529.16,740.79,527.20,793.87,539.88,766.46,541.99,753.68,538.76,747.92,535.31
ND_npw8h1sd2Qs_frame002393_l.jpg,0,314.79,205.81,336.17,83.27,404.94,11.77,482.79,4.57,540.43,28.58,465.06,-23.01,576.07,-51.36,583.25,-33.05,563.24,-21.81,509.60,30.53,645.45,15.17,622.90,43.60,574.25,55.99,538.30,97.49,666.13,85.92,635.99,105.54,587.88,112.02,547.40,168.94,637.63,161.33,606.77,170.96,564.42,174.56
ND_npw8h1sd2Qs_frame004486_r.jpg,0,524.53,341.13,547.90,369.57,551.44,405.33,542.06,431.44,528.22,449.22,565.52,419.70,547.18,455.47,535.08,476.89,526.09,492.75,551.39,417.22,518.90,452.54,501.72,448.94,495.14,440.26,533.58,410.88,500.20,438.83,490.30,430.49,490.38,419.71,516.24,401.52,490.95,420.18,483.91,414.59,484.71,406.79
ND_npw8h1sd2Qs_frame004486_r.jpg,1,767.03,500.28,751.33,480.34,740.34,468.22,730.44,472.11,730.20,490.53,774.62,474.04,762.04,495.47,753.82,505.01,750.67,513.32,791.39,492.32,762.88,517.48,753.02,518.41,752.83,514.23,796.56,509.28,764.57,528.74,755.66,528.24,755.83,522.47,796.00,523.42,771.43,538.28,761.71,537.14,759.24,532.26
ND_npw8h1sd2Qs_frame009270_l.jpg,0,577.89,277.95,567.78,249.23,543.77,230.71,520.75,221.09,501.54,216.98,516.44,244.37,484.30,245.09,464.82,247.23,449.83,250.84,514.05,263.95,480.54,266.74,459.79,269.49,443.25,272.91,516.30,283.48,486.55,289.08,466.01,292.87,449.97,296.28,521.69,301.24,499.16,306.66,483.33,310.80,470.44,314.09
ND_npw8h1sd2Qs_frame009868_l.jpg,0,812.83,392.71,840.04,372.71,870.89,368.01,895.95,377.64,912.35,391.95,880.73,353.78,918.60,378.34,915.55,395.36,907.31,400.43,877.89,367.79,915.64,396.22,908.78,409.35,899.13,408.29,872.19,384.99,902.78,415.21,893.26,423.37,883.26,418.86,864.92,403.48,886.66,427.45,881.09,433.88,874.16,431.22
ND_nqNTl4vtOE8_frame002393_r.jpg,0,259.68,964.86,262.56,907.98,232.53,842.81,207.60,802.71,191.19,770.53,138.96,809.93,104.34,756.05,138.69,739.95,172.69,746.54,115.21,847.25,104.21,799.01,173.28,820.33,201.91,845.95,103.57,890.83,101.12,847.66,166.94,864.78,190.03,886.74,100.88,941.38,98.72,899.16,149.92,903.08,170.86,917.84
ND_o9sZNayXOD0_frame001201_r.jpg,0,8.66,1133.59,138.81,1130.73,258.22,1082.49,362.12,1061.95,442.90,1044.44,204.45,910.74,267.41,842.06,331.85,819.51,386.52,810.65,181.34,878.69,261.84,802.12,333.88,783.34,397.92,784.31,156.22,853.57,235.46,777.22,314.52,767.23,380.84,778.29,130.70,838.61,211.31,781.73,276.73,773.86,332.20,787.18
ND_oHlUA3mMwqo_frame000601_l.jpg,0,19.53,379.64,44.97,399.51,73.60,411.56,97.15,412.58,116.15,409.77,66.68,413.67,98.90,418.00,122.00,416.50,141.20,412.72,62.38,396.65,91.83,398.60,116.22,395.37,136.52,390.62,56.13,375.97,73.88,376.04,90.40,371.60,105.35,366.81,49.74,352.41,62.69,348.12,71.87,346.89,79.01,344.62
ND_oL0BYy4958E_frame005751_r.jpg,0,650.75,958.63,617.09,953.94,587.53,954.47,567.64,961.48,555.30,971.78,571.19,951.70,530.73,961.97,505.71,967.02,484.80,970.23,570.60,955.29,526.55,963.71,497.61,967.58,473.71,970.09,574.02,963.39,531.41,969.83,506.01,973.87,485.84,976.10,579.77,973.79,551.43,977.64,537.44,981.36,527.38,985.14
ND_oL8wBHwKiPo_frame000501_l.jpg,0,904.86,431.49,896.30,451.00,888.64,471.43,883.92,486.27,882.32,497.20,878.25,477.19,877.23,497.63,877.84,511.44,879.08,522.43,882.02,476.98,880.39,498.37,881.03,512.10,882.34,524.17,887.96,475.85,886.05,496.62,886.47,509.99,887.36,521.16,895.75,474.22,893.59,491.14,892.58,501.89,892.17,511.01
ND_oL8wBHwKiPo_frame003501_r.jpg,0,433.86,195.54,431.61,190.30,427.40,204.73,429.88,230.30,432.91,251.89,429.07,253.40,451.35,277.12,472.54,271.58,486.80,260.78,440.97,267.24,466.48,290.99,492.82,283.70,510.05,270.24,453.15,272.00,477.66,291.45,500.95,284.23,516.82,272.94,465.70,270.02,485.92,284.00,502.28,278.94,513.91,270.77
ND_oL8wBHwKiPo_frame003501_r.jpg,1,628.21,194.68,595.00,194.15,575.08,217.64,566.05,244.78,560.13,265.57,598.63,249.27,583.23,283.29,568.54,303.12,555.92,316.78,615.58,255.99,601.10,288.38,584.42,306.14,569.26,318.60,624.36,257.52,612.80,287.82,598.11,305.27,584.71,317.04,626.74,256.03,616.25,284.31,604.82,300.63,593.85,311.29
ND_oL8wBHwKiPo_frame006251_r.jpg,0,467.93,526.63,499.50,522.45,522.08,533.74,534.36,552.21,539.91,565.56,524.41,551.10,547.46,574.99,559.12,586.58,567.44,595.75,509.26,565.29,529.27,587.67,529.58,578.57,524.41,568.20,495.68,572.63,514.29,584.51,515.03,576.10,509.56,567.85,484.81,575.72,499.26,578.91,499.56,570.94,495.05,564.44
ND_oL8wBHwKiPo_frame006251_r.jpg,1,734.69,444.44,723.70,462.34,721.35,486.70,722.97,506.41,722.66,523.03,750.89,501.13,755.85,523.62,755.25,537.50,754.35,547.77,756.64,498.07,760.97,520.81,761.04,535.17,760.82,546.53,758.17,495.90,763.26,517.11,764.33,530.98,764.55,542.48,756.32,494.74,761.44,514.35,763.12,526.90,763.42,536.94
ND_oL8wBHwKiPo_frame008501_l.jpg,0,486.45,516.39,514.34,518.41,531.03,537.23,537.34,560.81,545.26,577.76,513.77,557.42,528.95,589.68,535.62,605.58,540.32,618.21,499.37,566.43,520.25,592.09,533.67,595.34,541.09,595.43,491.97,570.70,513.88,589.76,526.51,589.09,532.31,586.19,489.87,572.29,507.67,585.42,518.52,585.81,524.32,583.14
ND_oL8wBHwKiPo_frame008501_l.jpg,1,760.42,524.07,733.17,522.88,713.13,540.54,701.18,561.00,705.46,573.04,735.29,549.10,719.83,582.11,712.76,599.31,709.36,613.47,750.75,560.03,727.17,585.36,719.83,579.25,719.82,571.09,760.34,568.11,734.71,586.32,729.74,579.23,731.93,571.70,764.10,574.49,741.71,583.48,736.56,578.19,737.85,573.18
ND_oL8wBHwKiPo_frame009501_l.jpg,0,733.86,527.44,703.95,517.44,677.89,522.78,658.18,535.50,646.66,547.50,671.03,537.23,642.71,551.12,627.84,558.05,617.41,563.87,681.67,554.48,656.86,568.56,659.79,561.41,668.00,553.35,693.60,565.86,675.02,571.52,677.03,564.54,684.29,558.84,705.00,573.45,690.12,573.53,692.95,566.70,699.78,562.48
ND_oL8wBHwKiPo_frame009501_l.jpg,1,483.19,426.37,497.95,443.59,501.58,466.12,502.67,488.03,504.06,505.17,475.78,482.48,494.02,502.27,505.85,498.32,508.12,492.98,469.99,483.39,486.88,501.00,498.97,501.00,503.86,498.01,468.42,482.11,483.21,498.81,494.08,500.95,497.95,499.88,469.33,481.09,481.01,496.69,489.76,499.81,493.38,500.33
ND_oL8wBHwKiPo_frame024001_r.jpg,0,846.17,465.38,829.87,473.78,820.43,491.94,814.95,512.31,811.71,527.74,854.94,502.79,842.15,529.64,826.68,535.34,815.23,535.18,862.99,506.45,846.50,531.90,830.08,535.81,818.16,535.19,864.18,508.89,847.41,531.00,832.65,534.94,821.78,534.90,861.41,510.48,847.65,527.95,835.05,533.31,824.64,534.43
ND_oL8wBHwKiPo_frame024001_r.jpg,1,561.60,461.38,583.68,465.60,603.17,477.32,613.30,493.48,615.94,507.17,581.13,492.88,589.11,516.28,596.79,526.95,603.30,532.45,567.90,499.70,580.63,522.54,591.16,530.14,599.25,531.67,559.36,504.79,572.80,523.84,582.72,527.32,589.67,526.32,554.68,508.08,566.78,522.65,575.40,525.28,581.59,524.46
ND_oQU2kR_MmqM_frame000001_l.jpg,0,698.46,481.62,721.75,489.15,740.07,500.36,752.40,510.53,759.45,518.41,738.36,492.00,753.34,501.38,761.73,507.24,768.83,511.94,732.65,493.04,748.67,503.44,757.96,510.34,765.56,515.71,723.54,496.25,738.01,506.45,746.38,512.86,753.71,517.88,711.89,500.25,718.24,507.10,723.40,512.08,728.07,517.14
ND_oQl5DmDNup4_frame001201_l.jpg,0,996.68,476.35,998.71,435.33,973.27,352.34,916.43,276.32,879.06,200.66,1061.50,258.86,1024.24,165.13,963.37,139.95,904.54,132.58,1008.69,259.85,950.38,182.98,886.76,181.74,835.96,193.51,959.50,271.57,907.65,210.81,855.91,222.52,821.08,238.84,918.47,291.96,880.86,247.82,848.10,249.93,825.84,262.66
ND_oQl5DmDNup4_frame005401_l.jpg,0,438.36,520.54,452.53,476.47,508.23,417.21,582.28,376.16,649.23,344.99,523.62,259.44,578.17,184.73,632.96,161.24,679.42,162.73,571.29,284.10,624.17,204.19,672.27,184.18,715.50,182.95,601.79,323.70,661.68,260.39,708.61,242.71,753.79,238.60,618.93,382.26,679.55,334.49,714.41,328.13,747.28,324.53
ND_oQmReh9qhyw_frame002393_l.jpg,0,683.55,575.82,664.13,567.46,655.30,553.46,655.28,550.10,659.20,553.51,691.29,540.09,702.40,538.45,699.40,546.02,694.01,555.03,706.22,552.22,709.98,565.22,695.32,577.74,679.85,586.44,711.52,569.10,706.69,583.77,688.48,593.41,670.57,599.58,710.55,584.83,703.32,594.86,688.59,600.76,674.25,603.67
ND_oQmReh9qhyw_frame002393_l.jpg,1,311.22,425.73,322.68,398.91,340.43,387.73,359.04,390.03,369.08,401.12,348.15,429.68,370.25,439.06,382.62,441.15,392.35,443.26,351.98,446.42,380.20,452.26,395.86,450.39,405.49,449.63,357.29,454.64,385.28,456.09,399.90,452.14,409.86,450.07,363.08,454.06,387.68,454.15,399.76,452.35,407.06,450.42
ND_oqEgPB8u9L0_frame000001_l.jpg,0,124.65,101.66,132.55,104.16,140.23,109.01,143.04,115.73,144.57,120.71,148.45,109.75,150.68,117.19,146.80,116.31,144.80,113.18,144.33,112.77,146.08,119.74,142.15,118.20,140.54,115.09,139.85,115.30,140.75,120.66,137.53,118.43,136.75,115.15,135.33,116.66,136.28,121.08,134.42,119.26,133.93,116.20
ND_oqEgPB8u9L0_frame000001_l.jpg,1,17.14,93.47,28.46,94.18,39.03,100.36,44.11,109.01,45.57,116.05,45.24,101.78,52.36,114.84,51.28,116.97,52.09,115.14,40.67,104.77,43.25,120.37,38.39,119.06,36.63,113.93,34.50,108.03,35.69,120.90,31.98,118.73,30.80,114.20,27.71,111.02,28.84,120.54,25.70,118.25,24.50,114.67
ND_osfESSHr3Jk_frame013778_l.jpg,0,1424.61,718.20,1421.76,705.13,1428.33,696.76,1439.27,698.71,1448.44,698.17,1491.66,690.16,1501.71,705.50,1498.89,726.47,1490.84,744.95,1502.35,717.15,1513.87,735.64,1501.07,751.91,1484.79,762.33,1503.22,741.14,1514.24,758.13,1504.19,769.59,1491.23,775.92,1497.72,762.94,1509.90,775.64,1503.78,782.81,1494.74,786.41
ND_osfESSHr3Jk_frame020367_l.jpg,0,787.56,640.22,816.43,594.63,872.93,576.38,926.54,581.53,965.87,589.12,868.47,568.54,931.37,557.41,974.18,561.47,1005.34,568.72,867.97,605.89,937.86,615.94,974.92,623.09,997.36,627.79,866.02,644.72,936.55,659.46,966.67,661.82,981.07,659.94,863.60,679.76,920.15,688.68,937.85,686.83,945.04,681.22
ND_osfESSHr3Jk_frame020367_l.jpg,1,1179.72,663.16,1179.26,622.96,1194.23,589.53,1215.70,578.47,1239.69,579.09,1274.31,585.20,1266.22,582.28,1239.26,585.39,1220.18,589.83,1288.10,614.89,1243.41,625.17,1212.64,623.77,1199.38,620.83,1284.52,645.04,1230.01,653.27,1206.51,648.20,1200.17,639.84,1271.84,671.92,1225.67,677.38,1206.51,672.58,1202.16,664.00
ND_osfESSHr3Jk_frame021565_r.jpg,0,1329.20,184.73,1325.59,262.75,1381.14,320.84,1449.16,367.57,1494.39,413.90,1480.95,215.76,1561.63,311.89,1548.55,374.57,1526.74,403.50,1507.31,186.38,1603.72,283.82,1584.44,349.95,1556.82,382.06,1519.21,182.00,1610.01,265.46,1595.38,327.84,1570.30,361.25,1520.49,190.16,1585.72,250.96,1582.53,301.88,1570.61,335.91
ND_osfESSHr3Jk_frame021565_r.jpg,1,360.51,406.41,423.06,314.86,530.51,279.02,620.25,311.43,663.59,362.95,504.95,359.73,658.50,363.70,739.91,366.28,806.62,373.36,515.38,443.79,685.56,421.30,665.55,384.22,620.14,370.76,525.96,498.96,674.12,460.06,657.19,421.44,617.03,411.13,535.61,529.50,640.48,484.83,631.29,449.65,601.19,443.32
ND_osfESSHr3Jk_frame026357_l.jpg,0,967.67,626.77,1002.53,594.21,1046.45,582.36,1084.68,589.06,1110.28,599.56,1048.53,565.55,1099.45,585.16,1129.83,603.44,1150.58,620.99,1040.30,597.70,1102.46,621.70,1140.47,640.38,1165.93,654.81,1032.90,631.56,1092.29,658.79,1127.38,674.33,1150.73,682.68,1026.90,661.64,1073.36,681.96,1098.74,688.54,1117.34,690.52
ND_osfESSHr3Jk_frame027555_r.jpg,0,842.24,909.21,843.27,939.13,848.38,980.29,850.40,1018.70,848.10,1043.81,858.09,965.88,871.44,1020.79,878.84,1051.23,885.32,1074.39,874.03,959.76,894.69,1015.47,906.46,1047.72,915.67,1069.81,891.31,954.04,915.33,1001.06,926.51,1031.15,935.85,1051.28,908.52,947.43,917.14,980.73,918.70,1003.05,919.96,1020.50
ND_otcSv1Azxtw_frame000001_r.jpg,0,704.86,472.11,679.74,466.89,658.25,470.42,642.61,476.61,631.75,482.73,648.23,477.71,628.34,498.20,618.83,511.90,612.10,523.17,655.13,483.26,633.38,506.13,622.95,521.99,615.54,534.43,665.99,489.75,646.33,510.57,635.81,524.34,628.12,535.03,679.27,496.86,666.72,511.79,659.97,522.22,654.78,531.92
ND_otcSv1Azxtw_frame000001_r.jpg,1,515.50,396.85,520.45,415.25,516.73,428.69,507.76,434.27,499.44,434.30,482.37,427.36,463.65,438.19,449.96,443.59,437.81,447.22,474.03,420.58,453.27,432.25,437.76,438.56,424.60,442.36,469.70,414.40,449.55,423.77,434.76,428.87,421.90,431.71,468.62,408.42,450.66,413.94,438.54,416.49,427.95,417.95
ND_otcSv1Azxtw_frame001501_r.jpg,0,942.89,612.45,890.42,588.12,844.99,596.17,816.47,608.03,799.67,622.73,819.65,635.88,776.74,666.84,774.12,687.19,785.76,695.27,835.75,673.34,802.70,716.42,803.43,732.42,812.53,736.09,861.26,704.28,833.99,741.89,831.70,755.12,834.72,758.98,894.12,724.09,868.25,755.13,862.95,766.15,861.78,769.19
ND_otcSv1Azxtw_frame001501_r.jpg,1,781.25,460.53,825.46,494.00,830.67,548.18,820.79,598.53,809.60,631.98,759.87,565.20,747.17,639.97,771.32,665.77,794.23,668.11,734.66,564.15,730.44,640.21,755.25,665.66,778.50,668.00,727.21,561.71,727.41,629.24,749.18,654.10,771.30,659.45,730.64,562.64,728.36,614.44,743.76,640.00,761.77,649.99
ND_otcSv1Azxtw_frame001801_r.jpg,0,549.08,137.70,553.58,166.03,530.44,180.35,493.60,186.21,457.95,193.44,460.27,147.66,406.92,170.41,374.51,195.98,348.82,221.15,443.32,144.22,383.45,167.45,346.67,195.50,320.70,223.14,434.15,147.82,380.28,168.33,347.78,191.14,324.56,212.43,431.03,157.46,390.21,170.05,362.45,184.26,341.01,198.40
ND_oumI9ZBOWfw_frame005383_r.jpg,0,461.94,646.83,466.05,658.93,463.13,686.08,460.80,713.85,458.58,735.59,433.37,697.12,443.03,729.09,456.78,744.47,466.80,751.15,436.27,701.41,445.99,728.00,460.69,741.37,472.36,748.50,440.74,703.30,449.28,727.73,463.26,738.29,472.73,745.64,444.42,704.18,451.83,725.63,463.11,734.46,470.77,739.97
ND_p0l5Gm5eS98_frame000001_r.jpg,0,106.33,877.65,98.13,830.53,95.90,783.89,105.46,738.63,114.70,703.97,32.50,814.83,104.67,786.50,147.54,774.59,170.04,769.46,41.96,864.09,130.04,826.39,171.67,809.79,192.32,800.19,62.88,904.03,142.99,869.41,183.57,844.74,205.65,827.92,88.56,935.44,144.79,911.83,171.69,884.59,189.40,862.19
ND_pANs9ARYsF4_frame000001_l.jpg,0,313.34,247.61,254.39,243.02,199.50,263.99,154.31,280.83,118.46,286.18,212.54,303.89,190.55,370.35,179.63,413.73,171.41,449.04,248.87,321.57,223.27,390.31,206.94,438.12,194.25,477.66,285.98,333.14,260.43,394.71,242.43,436.80,228.04,469.71,320.09,339.28,301.57,386.43,289.68,417.52,278.34,444.18
ND_pCkdeO2Rhzc_frame003301_l.jpg,0,1420.97,759.62,1435.28,670.28,1417.76,586.34,1380.89,526.27,1349.20,486.07,1365.98,645.26,1272.32,581.93,1296.68,572.82,1325.96,584.01,1328.71,690.52,1254.76,614.58,1278.53,600.83,1303.31,613.24,1300.06,724.78,1240.75,651.12,1261.97,635.41,1285.58,644.17,1280.79,749.33,1226.77,696.86,1234.69,672.61,1249.34,666.81
ND_pCkdeO2Rhzc_frame003901_r.jpg,0,901.12,905.69,910.92,904.70,904.75,904.92,886.45,907.00,869.69,909.02,852.28,886.13,842.50,885.85,845.01,909.28,845.79,932.38,826.81,895.55,810.16,889.65,827.48,912.25,841.78,927.02,812.80,903.42,801.24,895.51,819.71,913.25,832.00,923.02,808.73,909.98,800.76,898.74,814.36,909.44,826.02,915.11
ND_pCkdeO2Rhzc_frame003901_r.jpg,1,1418.34,714.06,1376.46,702.75,1337.77,686.34,1302.55,677.33,1270.80,670.00,1378.86,630.60,1350.97,669.33,1342.72,709.41,1344.39,722.21,1413.87,643.45,1374.09,703.34,1363.11,737.74,1367.32,739.31,1441.66,668.44,1400.14,725.41,1385.61,752.51,1387.62,753.97,1462.49,695.67,1430.89,734.19,1410.13,754.37,1401.95,759.82
ND_pFHyMulKLoM_frame003191_l.jpg,0,490.97,269.55,405.76,242.09,334.88,217.61,284.65,216.34,241.43,223.57,338.85,141.49,255.05,138.46,216.82,198.03,205.00,251.17,383.66,155.33,301.46,227.72,274.46,277.04,265.96,298.21,424.65,193.79,355.68,282.74,338.11,307.00,330.49,307.95,457.68,244.74,409.96,319.25,400.59,334.88,398.13,328.73
ND_pjhcSiPImCA_frame003001_l.jpg,0,568.58,268.83,590.98,253.78,606.50,230.09,615.35,210.51,630.07,198.77,582.40,198.73,583.52,173.85,585.99,162.61,591.06,154.32,566.61,199.75,564.71,173.66,567.91,162.74,575.59,156.39,552.06,207.10,546.02,182.52,548.14,171.78,556.29,165.54,537.86,219.39,529.86,203.97,532.69,196.60,540.64,192.81
ND_pjhcSiPImCA_frame003001_l.jpg,1,768.56,518.41,737.74,508.98,704.51,515.40,680.48,534.26,665.18,552.26,696.49,508.16,662.07,527.38,655.41,549.65,659.06,565.28,710.29,519.07,680.28,560.90,677.80,581.47,679.41,590.09,726.43,533.34,699.10,574.29,697.56,590.62,699.57,596.44,742.20,548.55,719.54,575.15,706.75,592.29,696.90,604.06
ND_pjhcSiPImCA_frame003301_l.jpg,0,809.63,434.84,840.28,442.77,870.89,460.22,892.29,478.59,907.59,492.70,875.10,456.23,906.64,475.43,926.71,490.91,942.19,504.19,862.78,463.17,894.29,488.22,915.91,507.81,931.48,524.79,843.26,472.06,868.75,497.54,885.69,516.41,897.98,532.29,820.57,482.06,834.46,508.48,843.11,527.34,850.00,545.36
ND_pjhcSiPImCA_frame003301_l.jpg,1,746.12,520.00,716.48,509.72,681.21,516.06,656.58,534.77,641.87,554.78,673.73,507.03,639.95,527.17,636.30,548.82,642.23,562.67,688.14,518.59,658.76,560.90,659.00,576.33,662.30,580.41,705.27,533.20,680.29,574.08,683.51,580.11,689.14,575.82,721.00,549.50,696.89,574.53,681.35,591.47,669.21,602.97
ND_pqjyTJ1ydVA_frame002094_l.jpg,0,1220.60,58.41,1202.67,91.48,1162.06,120.53,1129.16,153.81,1111.82,174.26,1099.16,71.62,1036.30,110.05,1031.95,145.64,1044.23,173.81,1094.41,64.66,1027.47,74.86,998.87,98.82,989.26,121.95,1101.36,68.11,1054.69,91.00,1042.64,121.36,1043.51,146.77,1110.54,78.56,1084.94,99.80,1078.15,119.73,1077.83,137.86
ND_q0ptuAVU1GQ_frame000300_l.jpg,0,684.17,464.70,675.42,457.56,672.95,457.54,669.25,458.70,668.76,461.08,680.08,503.71,679.05,527.24,671.11,542.60,661.45,553.82,680.85,515.24,679.14,540.44,668.43,553.58,657.25,562.35,679.21,521.82,674.62,545.39,662.21,557.42,649.28,565.86,676.28,525.64,669.16,543.47,659.35,554.28,648.98,561.88
ND_q0ptuAVU1GQ_frame002692_l.jpg,0,374.95,0.09,442.17,5.76,488.14,42.34,504.62,91.48,504.54,129.45,416.53,78.02,450.19,180.16,487.04,214.79,515.80,218.93,367.54,100.43,408.61,209.17,455.51,240.17,491.26,237.82,338.57,113.80,397.69,197.12,443.92,216.20,472.81,212.01,326.48,121.04,380.61,169.35,421.45,179.50,447.43,175.25
ND_q0ptuAVU1GQ_frame002991_r.jpg,0,645.41,527.71,669.92,541.16,680.88,567.76,679.07,595.89,677.30,618.48,643.63,579.16,641.82,612.58,643.41,635.43,645.93,653.31,628.72,583.79,628.34,619.97,632.82,644.23,637.47,662.23,621.56,586.02,623.07,619.45,629.34,641.10,635.92,656.34,620.78,586.09,621.44,611.78,625.94,629.39,631.40,642.23
ND_q0ptuAVU1GQ_frame007177_l.jpg,0,693.82,519.63,714.77,496.23,739.46,495.50,755.00,508.85,758.90,520.73,767.96,522.52,784.77,535.62,778.16,533.57,770.20,531.03,759.49,540.53,781.01,553.00,778.59,549.52,771.38,546.67,746.92,553.05,762.81,561.67,759.11,554.88,751.43,550.06,733.31,561.23,746.47,567.36,743.79,561.40,736.33,557.04
ND_q0ptuAVU1GQ_frame007476_r.jpg,0,656.10,589.28,679.18,557.59,710.87,552.44,735.73,561.70,750.87,570.16,736.29,567.50,770.65,573.76,792.37,579.25,808.39,584.76,736.47,586.74,776.00,591.64,802.47,595.38,823.28,599.61,730.99,605.11,770.22,609.45,794.67,612.14,813.77,615.23,720.53,622.74,747.10,627.74,763.81,630.80,777.86,633.73
ND_qKO5IgZC-Cc_frame030501_r.jpg,0,767.70,966.80,858.84,624.62,990.04,431.79,1058.23,293.00,1064.63,165.36,1467.44,736.78,1636.96,845.43,1598.57,844.94,1505.45,817.24,1416.73,904.39,1463.09,897.65,1371.16,851.01,1278.25,818.89,1308.28,1017.59,1361.55,986.92,1291.36,956.88,1206.20,927.07,1190.56,1082.05,1253.78,1055.01,1193.54,1021.46,1123.22,992.26
ND_qSaapzxph7M_frame000901_l.jpg,0,897.97,453.92,880.78,439.51,860.72,434.71,844.28,436.53,833.06,441.29,853.79,431.64,825.36,434.02,812.33,439.72,805.02,444.98,854.85,443.90,826.85,446.57,815.40,450.46,809.32,453.45,857.06,456.21,835.52,459.70,827.75,460.60,823.99,460.64,860.67,467.70,846.07,468.10,841.66,467.49,839.75,466.90
ND_qVUfJbi_dQI_frame014819_r.jpg,0,447.78,598.88,457.89,553.38,478.19,529.16,503.74,522.00,523.19,523.11,500.94,524.30,549.78,503.34,571.22,501.52,577.77,504.33,515.31,546.85,568.01,524.67,577.86,526.71,570.85,532.16,524.01,572.74,572.02,550.06,578.67,550.11,570.93,554.02,526.73,599.20,563.12,584.49,572.69,580.33,571.16,578.54
ND_q_xPuLW82xY_frame000301_r.jpg,0,124.24,387.31,118.73,338.25,140.98,298.91,179.99,278.91,215.85,271.92,115.44,333.94,165.01,302.92,204.42,281.87,235.14,267.62,132.49,376.76,182.38,358.77,222.59,336.39,249.60,316.65,153.62,415.12,193.45,406.27,230.12,384.13,255.30,364.15,174.40,444.60,199.55,452.43,220.51,446.22,236.88,438.20
ND_q_xPuLW82xY_frame001201_r.jpg,0,256.46,601.17,220.82,612.46,203.34,641.40,199.68,668.03,199.66,687.58,201.68,659.65,189.43,699.30,183.53,723.74,180.72,739.82,224.10,669.36,215.19,710.00,210.31,731.77,207.64,745.56,248.09,674.13,240.86,712.69,235.63,731.49,231.77,742.04,271.12,674.81,267.47,706.57,262.88,720.53,259.45,727.40
ND_q_xPuLW82xY_frame001201_r.jpg,1,46.05,507.15,58.46,498.93,72.18,503.25,84.32,517.03,92.51,532.24,42.02,526.12,53.53,549.09,71.69,555.15,84.75,554.41,37.30,543.45,47.50,572.30,69.30,576.88,85.07,574.19,38.18,556.40,47.09,580.83,69.04,582.98,86.12,579.31,41.34,563.66,47.36,582.25,60.70,584.68,72.71,581.44
ND_qaG1jxIwZnk_frame002251_l.jpg,0,1445.85,706.53,1402.60,565.32,1311.10,456.63,1259.84,342.61,1242.61,239.30,1094.03,583.97,962.40,488.58,939.77,409.82,949.11,358.65,1107.31,654.00,1033.29,521.36,1051.18,438.84,1081.03,385.62,1145.56,692.05,1104.36,579.40,1117.38,503.94,1143.81,451.24,1187.53,703.02,1149.80,611.91,1162.63,550.37,1193.65,509.09
ND_qbkUXw-6BZo_frame040134_r.jpg,0,942.32,942.86,973.63,895.18,1008.65,882.97,1028.08,895.67,1032.29,911.03,1055.23,914.41,1106.68,916.05,1139.93,918.83,1165.20,921.81,1059.46,952.49,1120.91,962.18,1158.53,968.99,1186.67,976.03,1051.47,987.17,1107.58,1006.26,1139.74,1020.60,1163.79,1032.66,1034.44,1015.52,1078.87,1035.13,1103.61,1049.35,1122.95,1061.64
ND_qgl-ougO1jk_frame001501_r.jpg,0,135.04,571.49,105.86,512.22,106.02,446.54,129.39,397.57,157.43,366.71,97.14,433.58,132.14,349.22,167.83,321.37,193.32,316.09,131.94,453.40,175.52,359.15,206.60,330.92,222.79,328.68,170.33,474.92,210.66,385.09,230.16,354.53,233.96,346.79,209.52,496.46,253.22,431.77,266.18,399.72,265.21,382.12
ND_qiIi_GGUy9Y_frame002501_l.jpg,0,874.99,471.08,849.35,444.33,811.04,428.54,783.52,420.85,765.12,413.51,791.33,429.19,732.02,425.49,693.90,430.86,669.20,437.28,797.51,454.20,726.97,461.84,709.57,477.12,715.83,487.36,807.25,485.04,739.45,504.31,738.18,508.42,756.18,503.61,820.51,516.70,769.40,534.90,755.23,537.41,755.84,531.65
ND_ql-xA80pw1c_frame005251_r.jpg,0,1021.58,850.86,1017.00,813.10,1011.92,776.53,1015.47,749.76,1021.60,727.17,939.23,784.63,904.36,760.47,905.89,739.57,914.98,717.86,934.79,806.20,889.59,803.43,877.18,788.89,874.61,770.35,943.32,829.09,905.21,833.86,890.96,817.92,885.44,797.11,961.04,850.04,936.35,858.00,926.46,850.65,923.46,839.11
ND_ql-xA80pw1c_frame006001_l.jpg,0,796.92,491.68,787.70,448.67,760.48,412.12,735.07,384.72,730.31,356.38,744.63,404.18,710.10,367.28,685.18,347.76,664.14,334.54,729.45,419.85,696.32,379.52,669.60,360.23,646.35,347.00,717.03,441.85,678.27,413.22,650.70,397.03,628.73,384.88,708.09,468.10,670.32,463.04,646.09,462.01,624.62,460.06
ND_ql-xA80pw1c_frame006001_l.jpg,1,416.53,699.64,426.25,648.99,422.27,612.94,414.16,588.72,409.18,568.12,352.75,596.53,360.48,577.43,394.05,584.36,415.92,596.97,340.32,614.58,354.18,591.91,390.23,598.00,410.78,610.35,337.66,637.60,361.65,621.50,393.16,631.96,407.14,645.92,342.96,663.04,365.84,649.98,389.43,655.08,399.79,665.27
ND_qnY7Cx-jA5g_frame000301_l.jpg,0,71.78,476.62,92.67,447.00,125.24,429.04,156.30,428.43,180.73,434.79,119.44,414.31,172.54,414.77,200.45,420.23,217.94,425.86,110.51,435.86,173.24,431.60,196.10,446.60,204.77,460.84,104.40,465.31,163.48,463.75,190.07,471.76,206.66,475.36,101.38,497.97,132.27,505.44,147.69,507.48,159.34,505.15
ND_qnY7Cx-jA5g_frame000301_l.jpg,1,230.63,463.40,244.55,471.35,263.39,474.70,277.17,479.47,283.06,482.11,277.22,444.76,282.36,432.86,273.02,440.68,263.46,452.39,262.58,433.58,260.31,431.62,240.36,451.46,226.69,467.74,246.64,426.71,238.61,430.43,221.15,448.35,210.75,461.71,231.73,423.23,224.32,423.98,213.05,437.36,206.80,448.11
ND_qnY7Cx-jA5g_frame001201_r.jpg,0,162.59,614.48,192.55,571.18,214.93,543.93,236.09,529.39,244.51,523.52,123.46,505.99,157.14,506.02,198.70,517.63,222.19,532.97,103.49,543.95,147.32,549.81,202.39,560.49,235.31,574.04,97.52,586.15,134.95,591.63,184.16,593.49,214.12,598.10,103.27,624.96,138.05,627.82,173.47,621.61,197.18,617.41
ND_qnY7Cx-jA5g_frame001201_r.jpg,1,263.76,509.14,248.43,469.66,271.34,432.89,313.57,420.42,349.93,417.42,347.97,428.45,395.00,417.62,368.69,423.13,339.80,432.18,372.28,461.87,418.31,453.26,383.86,456.54,353.90,461.13,385.74,494.06,427.63,487.57,399.09,486.90,372.21,488.07,392.28,524.27,425.23,517.99,410.11,516.52,392.41,516.62
ND_qwPhYkzvkFI_frame001197_l.jpg,0,159.43,200.44,164.18,165.39,180.19,143.77,200.92,140.19,217.63,146.56,193.27,134.26,226.04,120.85,239.56,129.51,242.39,140.42,207.56,148.98,245.61,135.15,259.58,142.57,261.46,152.25,217.93,168.07,254.22,156.40,264.21,164.44,263.07,173.92,224.05,189.28,250.76,183.96,258.78,187.85,258.56,193.25
ND_qwPhYkzvkFI_frame001197_l.jpg,1,190.33,229.29,203.36,207.78,222.24,189.42,234.42,177.12,241.93,166.79,251.16,203.28,276.99,200.75,262.84,195.14,248.00,193.86,251.47,220.93,268.79,217.67,250.00,210.06,236.63,209.06,244.31,237.05,239.02,228.86,222.87,223.89,217.15,224.21,234.02,251.75,224.66,242.19,213.86,237.16,210.65,236.69
ND_qwPhYkzvkFI_frame001795_l.jpg,0,136.57,248.46,144.78,252.35,150.07,258.84,150.51,265.35,148.46,270.35,151.33,260.73,152.99,271.41,151.06,272.02,149.62,269.82,146.27,262.31,146.80,273.61,145.00,272.81,144.15,269.31,140.71,263.43,140.87,273.77,139.75,271.94,139.43,268.16,135.12,263.85,136.01,271.90,135.40,270.32,135.00,267.20
ND_qxqZJH3SfN4_frame013755_r.jpg,0,786.92,964.83,835.53,931.62,889.27,946.47,929.95,982.04,963.05,981.85,850.43,993.06,926.46,1025.05,967.71,1040.31,1000.25,1053.53,837.44,1035.39,929.52,1061.21,976.99,1067.46,1009.90,1072.15,831.01,1065.77,913.36,1081.58,954.47,1080.17,980.91,1076.43,830.90,1084.05,888.79,1098.90,918.63,1097.16,938.38,1094.84
ND_qxqZJH3SfN4_frame013755_r.jpg,1,1132.60,967.83,1165.83,963.09,1200.06,977.91,1223.42,998.64,1248.93,1017.86,1160.57,1051.31,1163.35,1087.75,1161.43,1112.38,1156.14,1132.30,1124.56,1056.71,1115.76,1096.65,1109.62,1117.91,1101.46,1133.18,1094.67,1048.08,1079.98,1085.01,1069.27,1101.98,1059.22,1113.39,1069.71,1029.25,1045.94,1053.94,1032.41,1068.09,1021.10,1079.36
ND_qxqZJH3SfN4_frame016147_r.jpg,0,629.16,611.22,644.92,549.33,632.23,499.92,617.46,464.64,614.48,436.11,562.96,488.63,539.43,444.46,563.11,423.47,591.99,413.60,554.08,511.61,580.02,461.69,627.89,450.08,663.85,453.35,562.42,542.49,600.66,500.62,647.86,492.79,680.56,496.06,578.72,576.93,625.23,557.33,664.69,549.63,691.78,548.05
ND_r0gqRCQNol8_frame007251_l.jpg,0,480.81,341.42,560.89,374.23,621.29,370.04,669.33,373.51,703.90,380.31,611.76,250.70,661.82,198.78,690.31,171.73,708.79,155.12,567.95,226.35,599.09,162.53,622.31,161.18,630.91,180.68,526.06,224.89,547.13,167.57,569.20,164.04,582.41,177.03,491.28,241.15,492.79,199.75,503.27,190.38,508.74,195.36
ND_r96NJ_mGSx8_frame028501_r.jpg,0,105.01,203.46,95.42,204.76,88.97,211.88,88.69,219.39,90.00,224.89,85.67,217.64,84.24,227.44,84.21,232.99,84.50,235.64,90.02,221.40,86.95,231.47,86.00,235.94,85.57,237.67,95.75,224.25,93.02,234.44,92.88,236.94,92.87,236.32,102.29,226.51,100.01,234.75,99.68,236.59,100.02,235.58
ND_r96NJ_mGSx8_frame028501_r.jpg,1,64.18,192.77,59.20,199.01,56.13,205.22,56.66,212.16,58.68,216.63,48.80,207.63,47.28,214.50,47.52,217.30,47.17,217.90,52.78,209.55,55.33,217.12,59.88,218.11,63.17,217.18,56.79,210.69,59.11,217.65,63.42,217.95,66.40,216.40,60.54,211.03,62.37,216.73,65.23,217.24,67.43,216.36
ND_r96NJ_mGSx8_frame044401_r.jpg,0,25.12,87.66,41.37,84.06,56.93,88.94,65.61,99.59,69.35,108.25,53.49,89.52,69.63,101.22,79.60,109.79,86.91,116.45,45.87,99.79,62.14,114.01,72.05,121.72,78.86,127.70,38.98,108.34,54.24,119.31,55.11,116.12,51.82,110.94,34.37,114.93,48.10,124.09,49.23,121.22,46.06,116.27
ND_r96NJ_mGSx8_frame044401_r.jpg,1,172.86,13.66,158.18,23.34,152.84,38.39,155.90,51.48,160.94,60.04,155.03,41.08,155.83,61.77,156.84,61.88,157.32,56.15,166.41,40.95,168.15,60.79,167.62,58.47,167.29,51.98,176.59,39.86,176.75,55.82,175.55,52.80,175.12,47.00,185.09,38.33,183.20,50.95,181.67,47.77,181.65,42.69
ND_rM0IFmcstzU_frame006878_l.jpg,0,372.50,553.83,419.26,557.90,458.93,584.26,475.64,621.44,475.20,657.37,464.67,587.69,491.17,648.81,501.85,688.43,504.61,717.12,434.85,598.04,458.69,676.75,461.44,714.45,459.87,733.73,402.11,610.56,420.14,686.17,423.18,704.02,424.57,705.08,369.79,621.61,385.45,676.59,388.21,677.86,387.64,668.50
ND_rM0IFmcstzU_frame006878_l.jpg,1,841.80,550.29,828.71,538.87,818.99,533.02,813.35,542.35,812.39,554.36,876.28,532.18,864.29,565.88,844.73,577.98,828.55,581.48,891.49,549.82,883.19,585.52,858.66,599.47,838.05,604.46,898.84,566.33,896.09,600.07,873.58,615.34,853.39,621.37,899.04,581.06,899.78,607.49,882.75,618.43,866.01,621.85
ND_rM0IFmcstzU_frame008971_l.jpg,0,363.91,387.07,378.24,368.98,380.39,341.32,371.48,314.84,361.33,294.10,366.52,302.46,365.90,267.42,362.91,245.64,358.27,226.21,347.58,303.91,342.70,267.85,335.82,244.96,327.95,225.49,331.34,313.87,317.64,285.77,306.77,268.31,296.53,253.10,317.77,330.44,305.43,310.23,296.11,298.26,286.72,287.32
ND_rM0IFmcstzU_frame014353_l.jpg,0,146.47,468.99,155.18,427.08,127.79,380.20,98.20,346.77,80.66,316.11,86.08,371.37,57.82,344.83,58.15,323.25,64.47,312.98,70.95,384.05,26.95,355.72,38.11,334.69,58.36,330.74,60.57,399.79,19.14,370.27,38.44,349.16,63.04,344.96,55.38,418.44,33.84,388.90,47.53,368.83,68.00,360.92
ND_rVeaWrPFfCI_frame025201_l.jpg,0,159.88,655.42,205.45,585.98,218.60,520.09,233.37,479.10,245.51,444.75,83.68,464.20,121.12,421.44,187.28,427.44,244.64,441.28,49.31,515.72,120.19,493.07,214.67,512.79,278.12,530.90,39.66,577.31,88.03,553.41,171.98,569.88,231.22,583.64,46.47,639.48,82.25,625.15,140.14,624.73,187.34,623.61
ND_rVeaWrPFfCI_frame025501_r.jpg,0,155.33,607.95,179.36,546.22,198.90,478.47,224.58,428.13,255.81,390.90,69.44,465.66,141.03,428.77,213.31,432.26,269.39,444.81,42.92,522.93,140.08,497.79,233.78,508.02,296.44,524.55,44.25,586.62,111.59,565.78,202.00,564.69,262.69,570.52,63.67,650.66,109.55,636.88,170.81,621.48,215.83,615.31
ND_rWUhzTrz2a8_frame011363_l.jpg,0,690.75,723.03,694.82,667.71,672.94,623.37,643.35,586.58,620.51,554.69,607.25,635.93,546.16,605.07,510.03,589.95,485.62,579.49,587.23,671.68,517.91,648.19,485.31,632.97,466.64,621.02,579.18,704.45,516.96,687.02,488.18,671.83,471.09,658.30,580.03,730.73,531.99,719.53,504.69,710.58,486.69,701.47
ND_rWUhzTrz2a8_frame019735_r.jpg,0,604.12,613.92,623.41,568.10,628.60,509.31,650.74,465.60,664.86,439.61,583.05,506.99,564.08,469.43,583.20,452.49,607.18,442.52,565.76,537.72,541.68,496.91,581.46,498.41,618.42,508.26,558.14,573.63,543.73,548.64,588.54,551.71,626.21,559.99,557.75,614.17,553.91,607.08,577.86,600.57,602.91,596.04
ND_rWUhzTrz2a8_frame026911_r.jpg,0,379.32,507.55,384.61,536.69,394.05,566.56,412.84,589.66,429.89,600.34,336.74,600.17,351.76,645.58,379.68,652.95,395.28,646.61,338.97,594.79,373.14,635.52,401.00,637.90,409.92,627.46,352.00,583.33,392.06,620.30,414.62,617.41,419.61,605.56,372.57,568.63,414.64,592.19,431.60,591.55,436.95,583.84
ND_r_x2lsHtTs4_frame002393_l.jpg,0,775.08,378.14,739.35,398.86,724.99,433.48,732.16,469.06,734.99,498.67,770.42,437.64,782.34,478.16,789.09,504.64,794.35,528.17,796.89,437.23,812.36,475.95,820.49,504.65,827.07,530.21,813.95,437.20,832.36,472.90,843.22,500.10,852.71,524.74,823.05,437.59,841.61,467.31,852.81,487.59,862.20,506.25
ND_r_xcdfVYZQc_frame009601_r.jpg,0,233.44,169.53,246.71,161.85,260.27,158.72,271.89,163.28,278.12,170.51,248.73,158.83,267.26,168.60,276.76,176.01,282.94,182.22,242.00,169.72,262.39,179.49,274.10,184.86,282.02,188.27,238.25,179.73,255.99,188.20,267.01,189.86,273.84,189.15,236.95,187.77,250.26,192.12,258.01,191.63,262.78,189.20
ND_r_xcdfVYZQc_frame009601_r.jpg,1,353.51,160.25,330.64,154.34,311.86,155.35,298.87,164.23,294.68,173.96,321.92,146.65,307.21,150.87,299.30,161.64,294.40,170.93,332.71,155.22,315.46,169.43,301.90,180.35,291.57,187.87,341.89,164.51,329.30,176.36,321.46,178.89,315.68,178.72,348.62,173.63,338.84,183.15,333.90,182.80,331.03,180.21
ND_r_xcdfVYZQc_frame028501_l.jpg,0,123.54,170.62,137.66,178.26,146.78,191.30,149.93,206.27,149.64,217.96,137.61,191.02,145.62,215.79,150.65,231.78,154.08,244.75,123.93,196.09,132.95,221.48,139.25,237.88,144.24,250.17,113.82,199.73,115.38,222.73,118.61,237.19,122.81,247.71,107.84,202.20,108.11,219.25,110.09,229.90,113.74,237.47
ND_r_xcdfVYZQc_frame028501_l.jpg,1,392.43,156.08,379.42,161.63,366.57,172.97,355.67,181.66,345.77,185.08,378.72,170.96,367.06,184.47,359.59,191.88,354.06,198.58,387.26,174.12,379.07,186.00,371.41,192.65,365.62,197.88,393.89,177.18,387.95,189.34,380.79,195.65,375.47,200.31,398.23,180.01,394.50,192.01,390.26,198.20,386.06,202.42
ND_r_xcdfVYZQc_frame028801_l.jpg,0,127.70,163.42,147.90,170.15,155.64,187.50,152.93,204.14,148.33,214.16,148.91,191.54,152.16,214.60,154.64,226.37,156.42,233.97,134.46,194.29,139.96,220.58,143.69,221.56,144.43,217.61,122.04,195.55,126.63,220.53,131.14,218.15,131.64,210.98,112.68,196.07,113.75,215.49,117.47,214.16,118.37,207.90
ND_r_xcdfVYZQc_frame028801_l.jpg,1,387.57,188.23,378.48,183.01,368.00,180.13,358.79,181.26,349.46,180.82,369.58,181.97,366.11,183.34,363.40,188.74,361.63,193.78,376.13,190.36,382.02,178.79,380.92,177.47,379.64,177.87,383.86,196.06,389.62,186.95,388.62,184.95,388.25,184.01,391.50,200.33,396.34,193.98,396.54,191.84,396.93,191.17
ND_raTa2cqdVWY_frame005101_r.jpg,0,584.99,487.30,603.16,484.81,625.04,479.83,635.03,480.45,627.42,478.71,585.90,453.08,568.57,450.13,556.32,460.65,542.19,473.37,562.66,457.81,530.17,450.53,512.99,464.43,498.13,481.68,542.43,463.89,510.79,451.81,492.53,464.32,482.31,480.73,527.58,471.99,505.64,461.97,489.69,467.47,481.12,476.97
ND_rnsm05HTPYs_frame000251_r.jpg,0,1156.86,-6.47,1067.76,82.41,1043.08,195.70,1025.25,278.74,993.25,324.14,1182.09,301.10,1094.45,364.91,1038.74,376.39,997.93,379.00,1249.24,282.29,1159.62,352.33,1094.10,354.13,1046.74,346.52,1286.09,244.40,1209.42,312.55,1147.47,320.29,1099.48,312.46,1299.12,203.46,1242.52,265.92,1192.16,285.73,1151.38,290.11
ND_s2uiSleJVDI_frame020931_r.jpg,0,1102.30,599.88,1086.23,581.36,1064.35,567.15,1044.51,557.64,1032.64,544.86,1068.63,596.95,1045.56,597.61,1031.96,599.45,1019.78,602.67,1067.75,616.13,1039.84,617.19,1023.15,617.53,1009.57,618.51,1067.06,630.04,1039.20,635.48,1021.78,637.74,1007.80,639.83,1066.35,638.84,1043.53,644.14,1028.17,646.04,1015.45,647.19
ND_s2uiSleJVDI_frame020931_r.jpg,1,924.09,549.62,952.72,542.88,983.84,544.14,1007.42,546.04,1022.88,538.10,974.40,548.34,997.37,564.05,1010.71,574.60,1022.05,583.36,961.34,563.90,986.02,585.04,1000.19,597.64,1012.11,608.02,949.21,578.11,973.18,599.76,985.83,612.14,996.76,621.07,939.18,589.86,958.95,608.58,969.02,617.93,978.15,624.89
ND_s41o3SbsC3E_frame006301_l.jpg,0,1023.09,1237.98,918.89,1219.76,801.07,1152.62,662.41,1015.24,540.80,905.50,592.06,1396.97,377.22,1338.43,255.14,1269.71,167.12,1218.20,581.14,1326.46,370.74,1302.23,248.69,1247.89,165.91,1200.53,589.84,1237.59,395.54,1223.72,299.16,1188.94,223.24,1167.35,604.48,1149.25,473.68,1094.21,431.71,1047.90,411.52,1021.38
ND_s7wneDVjEbk_frame000301_r.jpg,0,204.31,294.19,236.74,226.28,293.10,176.18,347.08,174.20,388.72,204.10,401.44,226.09,423.27,268.48,369.63,283.02,328.34,277.41,405.47,280.03,422.75,317.07,354.33,320.60,314.59,304.57,400.92,327.10,418.14,356.23,352.98,352.47,314.81,333.41,388.93,365.41,417.12,385.98,374.56,385.98,344.97,373.48
ND_s7wneDVjEbk_frame000301_r.jpg,1,11.67,571.07,33.25,498.34,87.28,474.38,150.17,492.94,207.78,512.91,126.93,611.72,235.92,578.56,240.92,542.35,220.23,524.57,149.33,657.43,272.51,604.64,268.23,563.09,235.18,550.41,168.26,681.57,285.44,625.13,275.56,581.73,241.44,570.86,187.44,687.32,275.89,641.11,276.66,603.15,252.77,590.22
ND_s9wcKl74AvI_frame004201_r.jpg,0,336.34,300.87,320.00,280.27,301.57,256.92,287.36,238.74,274.81,227.15,295.57,263.34,271.16,243.44,254.85,230.42,240.66,220.20,304.42,270.02,285.98,250.44,276.47,234.01,270.07,219.03,320.43,274.84,318.83,249.02,321.43,230.41,324.15,215.04,340.51,277.45,349.42,250.85,357.82,234.32,365.07,220.56
ND_s9wcKl74AvI_frame004801_l.jpg,0,448.17,278.31,420.50,251.10,404.15,225.54,393.98,205.73,384.61,189.15,422.53,207.20,392.69,203.44,376.07,211.06,367.77,218.78,430.74,220.67,392.62,223.77,380.89,234.59,379.55,243.34,435.82,237.54,397.32,239.26,386.72,246.51,386.14,251.53,437.92,254.83,405.35,253.32,397.98,255.53,398.97,256.98
ND_s9wcKl74AvI_frame004801_l.jpg,1,271.64,303.36,256.22,290.81,236.60,281.34,221.50,275.70,212.14,271.08,231.97,286.07,212.36,282.02,208.01,273.97,205.57,265.40,234.83,293.26,217.01,290.82,216.37,281.39,219.20,271.79,239.82,298.58,239.20,290.81,246.44,281.98,251.70,274.42,246.00,301.73,239.23,293.07,238.94,286.53,237.58,281.27
ND_s9wcKl74AvI_frame012301_r.jpg,0,450.31,209.64,435.22,186.34,423.09,167.86,410.61,157.45,400.57,154.57,438.24,156.51,407.28,152.75,390.01,158.71,380.41,163.75,441.30,170.97,408.50,167.40,389.41,171.12,377.32,174.29,440.10,186.48,409.88,182.18,391.32,182.66,379.96,184.06,435.63,201.49,411.17,195.05,396.95,191.34,386.91,188.57
ND_s9wcKl74AvI_frame012301_r.jpg,1,292.63,240.50,303.36,229.68,315.94,219.56,327.78,211.49,337.97,206.13,292.50,199.58,309.56,204.07,323.93,211.35,335.74,216.50,284.23,211.11,308.64,218.99,326.57,227.63,339.89,233.83,280.04,225.16,302.37,232.60,319.86,240.64,332.57,246.68,278.95,239.37,296.41,244.06,310.58,246.90,321.75,249.91
ND_s9wcKl74AvI_frame012601_r.jpg,0,303.90,320.89,321.12,307.77,339.76,300.25,355.38,300.89,367.01,303.02,322.99,288.74,334.09,282.85,348.99,286.18,363.37,291.19,311.66,301.12,339.48,311.73,359.82,321.46,374.74,328.91,305.80,316.82,334.98,331.26,354.71,340.83,367.60,347.11,304.24,332.26,329.52,344.52,344.73,351.47,356.04,355.27
ND_s9wcKl74AvI_frame012601_r.jpg,1,460.91,262.22,452.82,247.19,446.25,230.99,444.26,219.02,447.26,208.35,476.66,224.25,453.30,225.70,433.24,230.14,419.74,233.58,482.99,239.81,454.17,239.94,431.84,243.75,415.79,246.28,483.56,255.42,455.59,254.39,434.57,255.06,419.10,254.63,480.31,269.44,461.96,268.19,447.70,265.32,435.65,261.30
ND_sMnLI9LE_Tg_frame015250_l.jpg,0,949.28,309.19,918.44,282.05,875.49,278.46,848.45,298.09,838.85,319.98,854.41,274.46,806.16,282.91,776.68,291.32,754.49,297.98,856.32,299.70,822.93,323.55,843.11,324.90,861.59,316.29,864.76,324.84,847.61,344.47,866.98,342.45,878.64,333.01,877.20,348.48,870.42,359.59,887.01,356.84,895.41,349.78
ND_sMnLI9LE_Tg_frame015250_l.jpg,1,1090.09,373.39,1107.67,381.68,1106.41,400.44,1098.43,424.13,1090.06,452.24,1029.36,421.92,999.93,465.61,998.19,500.90,1003.33,531.22,1020.10,430.97,989.81,482.32,984.34,525.17,985.60,559.70,1020.50,440.04,994.68,482.82,991.05,517.84,992.87,546.05,1026.29,449.40,1008.87,478.25,1005.74,503.21,1007.17,523.80
ND_sZV7Q2bjDMU_frame000901_l.jpg,0,66.47,622.68,147.64,579.53,248.93,509.45,351.20,458.30,429.33,423.65,179.80,349.88,321.22,332.35,402.42,363.32,461.36,393.75,196.41,376.41,321.52,397.47,308.08,465.73,270.53,509.57,212.53,413.96,317.14,444.04,293.37,500.68,253.32,531.85,220.58,448.39,294.10,481.95,280.53,522.04,255.52,544.59
ND_s_DkNwBzIJY_frame003301_l.jpg,0,995.18,179.75,1141.81,64.88,1334.98,75.33,1479.55,148.90,1581.59,214.62,1314.17,220.21,1552.81,314.70,1679.63,346.75,1765.64,360.27,1262.11,353.52,1514.15,436.69,1630.76,428.32,1697.21,398.06,1222.20,431.74,1442.61,467.39,1545.51,437.46,1599.19,404.20,1197.70,461.30,1371.59,458.70,1461.59,421.28,1505.19,385.82
ND_sb4n2c60zCM_frame000301_l.jpg,0,135.95,597.36,161.23,577.01,185.30,582.98,198.72,598.01,202.85,609.36,201.65,622.61,221.22,627.83,215.31,616.73,206.07,610.47,194.66,635.33,213.96,638.55,210.87,626.39,202.35,619.09,184.57,641.01,200.94,642.17,198.69,631.71,190.87,625.48,174.86,640.31,187.12,638.92,186.19,631.53,179.97,626.27
ND_sfldKq57pNo_frame005084_l.jpg,0,962.33,662.64,959.48,682.15,968.62,692.55,983.66,699.76,998.63,706.52,1007.06,659.96,1033.29,639.27,1054.49,633.06,1072.54,629.81,1015.23,654.44,1047.13,632.82,1071.94,627.60,1092.80,623.33,1021.04,654.14,1049.89,635.58,1070.82,631.74,1088.99,630.19,1025.54,655.00,1048.54,643.03,1064.13,638.37,1076.59,637.38
ND_siSZfZUKP-g_frame009751_r.jpg,0,598.70,27.59,642.60,52.84,678.05,91.72,705.56,120.40,733.78,132.96,657.08,96.67,662.49,137.49,665.06,164.57,667.10,188.35,625.21,99.33,632.06,140.98,636.37,172.44,639.74,201.70,593.18,98.08,600.61,139.51,604.66,168.05,608.60,193.84,563.67,94.13,569.80,127.35,572.91,149.57,574.21,171.07
ND_siSZfZUKP-g_frame009751_r.jpg,1,1034.46,-5.58,996.86,-10.17,960.97,6.75,936.67,30.03,921.11,54.05,973.14,-0.70,926.99,40.99,900.97,68.39,880.85,92.09,996.79,16.33,951.05,64.36,922.30,97.58,898.16,121.63,1016.52,34.23,975.82,78.89,946.82,109.39,922.28,130.61,1030.48,50.47,999.55,86.09,979.11,108.37,962.06,124.98
ND_srBCM3Nwi4Q_frame001197_r.jpg,0,224.40,705.57,308.32,658.68,383.79,592.35,466.77,569.85,518.58,540.44,282.69,468.00,324.91,401.06,369.05,375.34,396.40,365.57,251.68,490.93,293.03,430.05,336.69,405.29,377.64,395.28,232.84,519.61,269.27,470.26,310.81,439.66,353.62,425.03,234.72,555.86,269.66,509.15,298.58,490.35,325.17,481.75
ND_srBCM3Nwi4Q_frame001197_r.jpg,1,819.83,252.18,636.44,288.01,492.22,294.69,398.40,315.00,320.98,332.09,532.87,111.31,435.46,188.26,417.05,263.00,405.71,310.24,589.27,97.97,493.62,181.36,473.61,249.28,485.67,294.86,634.22,115.93,544.89,197.86,515.80,258.65,515.93,297.30,658.10,140.15,589.58,195.96,565.31,243.82,565.30,274.20
ND_st090C5cO_E_frame012260_r.jpg,0,971.31,630.02,1004.74,561.05,1068.19,534.95,1132.44,545.98,1175.00,558.70,1094.10,598.80,1167.19,629.05,1205.39,627.94,1225.87,618.56,1092.44,644.17,1165.51,650.70,1197.45,631.96,1210.50,611.28,1087.89,674.25,1144.70,661.46,1164.32,638.44,1169.48,620.09,1081.48,693.42,1123.55,671.46,1138.42,649.91,1143.34,633.99
ND_t0to0I4MgNg_frame008387_l.jpg,0,1937.26,353.48,1763.69,322.38,1631.35,369.75,1539.15,437.79,1466.93,489.97,1626.07,435.70,1540.66,493.35,1510.55,527.88,1497.92,549.84,1662.75,490.08,1570.74,544.19,1542.10,577.53,1538.73,592.29,1703.28,527.60,1610.94,580.28,1582.11,603.60,1581.86,604.86,1749.18,553.31,1674.54,601.32,1639.18,622.44,1622.59,626.73
ND_t0to0I4MgNg_frame008387_l.jpg,1,2195.75,770.51,2134.52,636.21,2007.69,571.71,1896.98,574.08,1825.00,604.84,1900.44,574.42,1725.42,567.20,1652.86,580.62,1620.69,587.16,1881.84,657.29,1679.63,645.69,1681.86,681.92,1723.93,702.96,1883.04,748.92,1696.15,726.42,1713.58,756.04,1759.63,771.67,1906.70,844.42,1753.64,817.32,1751.37,824.08,1783.79,830.79
ND_tAYHKWSGD3k_frame008605_r.jpg,0,1356.13,627.44,1368.67,653.86,1364.14,692.84,1359.67,725.96,1367.00,749.36,1313.67,675.74,1291.30,714.26,1291.18,741.69,1298.96,755.58,1296.61,671.05,1270.80,722.09,1284.42,746.29,1301.50,754.35,1288.87,670.93,1268.66,722.32,1284.63,740.87,1301.65,744.98,1288.78,674.43,1274.19,714.59,1284.00,731.41,1297.15,735.72
ND_tJqoIT44ykY_frame003290_l.jpg,0,28.32,274.90,185.53,204.85,349.95,236.46,458.41,321.59,501.47,405.37,327.76,302.69,513.12,456.80,580.96,481.07,603.14,471.34,253.84,396.16,469.92,546.73,535.41,538.65,543.26,503.18,192.72,464.69,392.45,577.00,444.64,545.96,445.26,503.47,143.51,506.88,299.45,566.91,344.04,528.99,343.50,486.81
ND_tTWxMP8QFXM_frame001501_r.jpg,0,787.87,733.10,805.53,687.12,839.46,652.16,874.97,631.20,898.28,617.04,798.36,661.53,829.94,652.59,856.99,648.17,879.51,644.94,800.01,692.36,846.29,684.79,876.88,678.53,896.97,673.33,810.99,720.42,863.17,709.68,889.83,701.89,902.36,694.57,826.65,743.38,874.80,730.77,898.44,719.47,910.75,707.27
ND_tTWxMP8QFXM_frame001501_r.jpg,1,1161.23,741.57,1178.00,707.99,1176.98,681.77,1154.67,665.54,1130.97,662.10,1169.68,686.18,1153.06,678.76,1135.40,672.94,1118.43,668.45,1145.43,696.48,1131.92,694.01,1118.94,691.71,1108.85,689.59,1124.21,704.99,1110.50,702.35,1101.65,701.23,1095.03,699.23,1105.11,714.17,1091.19,705.20,1084.32,699.44,1079.20,693.93
ND_tYW5qbhTzOA_frame013456_r.jpg,0,502.37,372.20,520.24,381.56,534.85,398.83,539.78,416.11,539.63,429.85,549.03,402.45,551.89,425.01,543.51,434.35,536.34,438.53,539.45,401.85,539.34,424.40,530.17,430.21,523.68,430.91,526.19,400.65,522.83,422.10,514.90,424.00,510.64,421.73,510.91,398.93,503.59,415.70,498.19,415.62,495.37,412.32
ND_tYW5qbhTzOA_frame013456_r.jpg,1,751.40,494.78,720.13,472.25,696.11,458.12,678.53,453.93,666.64,456.49,711.89,438.55,685.54,454.87,673.74,464.49,668.32,470.76,720.20,451.75,688.59,471.10,681.72,478.64,682.50,480.32,724.91,468.08,693.93,484.83,686.96,489.40,687.77,488.78,727.20,485.93,699.36,496.59,692.83,499.00,692.78,497.98
ND_tYW5qbhTzOA_frame025416_r.jpg,0,-77.00,235.83,73.79,147.89,228.02,166.60,325.67,254.12,380.21,337.91,314.01,226.01,479.80,334.69,544.76,426.03,562.07,499.31,288.59,334.39,467.37,452.83,482.40,536.52,448.15,578.06,231.96,438.82,407.07,546.55,411.03,620.42,369.34,646.94,149.54,531.24,270.99,637.06,297.41,691.09,289.36,707.73
ND_tYW5qbhTzOA_frame034685_l.jpg,0,826.87,539.97,810.28,542.88,800.27,549.86,789.90,555.03,777.43,556.46,823.52,550.30,835.83,547.38,843.52,547.51,852.43,550.25,838.54,555.92,855.30,556.82,866.87,559.17,877.84,562.19,850.48,561.37,866.99,563.29,878.67,567.14,890.78,572.04,859.08,565.65,872.45,569.25,882.00,572.34,890.81,575.85
ND_tYW5qbhTzOA_frame034685_l.jpg,1,571.33,406.41,573.49,385.80,578.11,367.61,585.70,361.50,591.55,374.83,554.41,382.81,584.87,385.63,594.31,385.80,589.76,384.98,555.07,402.94,593.08,404.58,602.48,400.66,595.32,396.57,561.39,420.20,597.91,420.20,603.94,415.00,594.77,409.76,570.11,433.83,599.52,432.89,604.86,428.07,598.32,423.33
ND_tZUElxm2gCo_frame009001_l.jpg,0,814.58,293.82,791.48,325.31,796.46,363.23,819.03,392.09,841.12,404.87,841.76,355.14,862.34,398.52,852.79,405.82,843.38,395.88,863.13,342.70,882.26,392.46,866.97,397.50,856.85,387.25,876.02,333.69,890.10,377.74,875.64,382.26,866.99,372.30,882.41,326.77,901.43,356.04,892.54,364.90,882.72,362.07
ND_tb6iS8wZRH4_frame001501_r.jpg,0,222.78,59.87,246.35,42.47,271.44,36.85,292.50,41.89,306.54,50.75,265.25,33.44,299.81,40.15,319.11,50.47,331.98,59.92,254.20,49.70,289.21,55.10,311.60,62.73,327.53,69.39,241.69,69.66,269.35,74.54,291.88,80.38,309.30,84.35,230.14,93.02,240.26,105.71,250.01,112.00,259.07,115.28
ND_tqKhS7CmSgM_frame000601_l.jpg,0,33.53,642.00,70.39,601.02,123.49,566.01,182.86,538.65,222.97,518.22,96.90,483.81,157.17,450.24,188.04,476.06,189.64,515.83,113.42,508.07,188.93,499.63,199.46,549.00,185.14,584.93,126.03,531.51,186.29,536.66,184.40,579.73,160.84,610.20,131.89,555.80,182.11,556.06,183.30,588.26,158.98,614.53
ND_tqvx3nsNngk_frame005401_l.jpg,0,776.92,200.52,753.96,167.37,735.25,147.11,718.34,137.71,705.28,133.02,762.26,139.26,752.29,126.43,748.14,117.30,744.68,106.68,772.24,151.96,752.05,148.29,739.74,146.27,728.77,144.81,776.38,168.00,744.94,172.75,723.64,179.52,707.63,185.23,775.48,185.23,746.72,192.73,727.77,194.46,713.31,195.76
ND_tqvx3nsNngk_frame005401_l.jpg,1,492.50,159.87,514.91,146.35,533.26,132.04,551.58,124.77,570.92,118.62,507.64,111.05,505.65,104.82,505.49,101.17,508.17,100.28,486.88,118.15,505.38,130.95,516.25,139.00,525.33,147.52,472.85,132.47,504.86,155.93,523.69,169.93,538.17,182.57,463.77,150.04,490.55,164.63,507.47,171.77,520.93,178.58
ND_tqvx3nsNngk_frame007801_l.jpg,0,774.53,373.49,731.50,349.79,671.21,332.51,627.99,312.95,600.59,286.49,697.23,341.26,655.19,344.82,625.05,354.78,596.07,362.80,711.66,378.72,666.06,387.74,627.56,397.93,595.45,402.39,721.25,420.05,674.01,441.07,631.39,451.81,598.86,457.80,729.02,463.96,684.15,497.77,649.61,518.77,617.77,534.10
ND_tqvx3nsNngk_frame014101_l.jpg,0,742.32,531.43,766.06,517.16,791.90,520.62,808.74,534.51,816.37,547.23,784.56,534.56,817.86,553.12,829.36,554.17,830.54,550.91,775.88,551.45,812.05,569.58,822.33,565.48,820.45,558.41,768.78,564.74,802.32,579.83,811.72,573.45,810.76,566.46,762.69,573.56,789.75,585.45,799.29,580.12,799.70,574.23
ND_tuBEc4Vocrc_frame000501_l.jpg,0,257.67,134.58,324.82,124.27,380.45,167.50,422.12,238.65,464.29,295.52,242.81,257.50,346.98,331.60,423.89,330.55,484.72,316.41,220.87,301.73,346.33,368.41,430.28,349.76,483.98,318.79,226.51,326.56,341.93,384.32,412.13,360.91,455.73,330.64,246.77,337.25,331.88,372.01,387.90,354.65,422.97,331.43
ND_tuBEc4Vocrc_frame000501_l.jpg,1,780.12,37.60,702.78,62.96,644.22,136.18,611.61,209.20,605.60,264.98,716.49,91.60,664.11,212.60,638.46,264.73,625.30,302.52,783.51,104.13,722.00,241.48,692.22,233.22,688.13,208.14,833.33,122.43,765.13,247.05,737.67,226.91,739.05,197.33,863.43,143.73,802.58,237.67,777.44,223.84,781.14,199.01
ND_tyqD_vf0dNA_frame011662_l.jpg,0,503.99,551.83,555.84,500.38,582.92,458.46,602.01,426.72,620.20,406.54,535.41,412.63,599.14,419.37,630.97,444.44,645.11,466.38,523.86,439.70,601.10,463.41,629.15,491.10,637.68,514.40,520.34,474.22,594.38,495.18,614.87,515.65,618.77,532.85,522.94,508.07,582.55,518.19,601.85,528.38,608.46,538.28
ND_u0YnpZTJzOY_frame004751_l.jpg,0,964.04,222.00,897.08,163.43,788.59,159.08,706.94,193.76,645.55,228.43,799.90,147.60,687.86,203.88,644.91,227.46,625.80,244.44,826.61,210.92,692.29,260.26,713.73,242.98,760.87,227.21,851.92,268.72,729.39,307.18,758.01,286.62,799.13,271.31,873.72,318.68,775.64,335.84,799.25,318.23,835.17,308.14
ND_u0YnpZTJzOY_frame006251_l.jpg,0,958.64,494.21,953.76,451.97,927.90,420.88,895.03,409.71,868.24,407.80,934.45,420.66,885.48,400.95,858.19,393.52,838.37,388.23,921.69,447.97,863.07,424.19,830.56,409.45,810.43,398.13,909.22,472.85,854.61,450.72,826.59,432.81,810.08,416.93,898.59,493.19,855.69,483.27,836.47,470.26,824.67,455.32
ND_u0YnpZTJzOY_frame008751_r.jpg,0,600.35,162.19,574.61,73.31,508.99,8.98,445.81,-8.58,399.62,4.91,464.29,10.89,368.39,-1.38,327.41,13.82,316.32,30.26,438.02,65.45,325.24,43.14,314.46,53.56,337.27,67.93,423.40,124.79,322.12,104.64,331.77,105.14,364.42,107.31,420.03,183.86,338.38,158.75,343.95,149.02,369.06,143.55
ND_u0YnpZTJzOY_frame009751_l.jpg,0,862.97,355.48,802.80,339.31,756.73,330.65,724.01,342.71,693.46,354.30,783.10,265.52,736.19,309.40,714.03,349.29,704.74,378.68,819.49,280.43,764.95,335.50,766.10,363.45,775.66,367.07,849.57,304.74,799.19,360.76,801.18,375.86,809.19,368.55,873.20,332.67,829.79,375.21,827.84,383.61,833.87,372.98
ND_uBFU0GrLk2E_frame004187_l.jpg,0,1361.91,300.42,1298.40,381.52,1212.59,415.52,1131.17,420.37,1081.46,414.81,1227.71,289.20,1079.58,342.31,1046.47,404.44,1053.07,443.66,1226.84,212.95,1054.98,284.77,1029.42,367.70,1046.42,425.29,1218.99,165.78,1056.24,238.01,1037.88,325.50,1056.65,381.56,1210.76,146.15,1091.11,199.59,1067.38,266.26,1077.54,313.32
ND_uJ_tHcUMMf4_frame006878_l.jpg,0,204.10,267.64,265.03,254.39,302.78,222.47,320.77,215.21,316.12,231.11,248.15,200.33,233.67,213.25,221.74,248.14,221.30,270.67,190.16,195.96,175.34,218.97,170.08,264.48,173.68,281.78,147.22,202.92,132.48,228.90,131.35,268.24,138.07,278.34,115.02,215.96,103.68,243.77,107.06,276.66,118.56,286.45
ND_uJiHUn1WvD4_frame010466_l.jpg,0,971.64,468.06,945.13,459.30,906.35,447.29,860.47,451.53,821.06,456.06,953.18,385.02,932.08,319.98,895.81,293.16,856.60,282.66,975.55,386.07,944.05,374.36,899.42,391.96,860.72,409.79,986.63,403.00,937.41,431.13,902.18,467.79,877.12,488.02,987.55,427.60,942.68,453.93,909.08,481.73,884.04,497.43
ND_uVAqgqQY7UM_frame000898_r.jpg,0,585.10,596.49,546.59,501.34,475.69,450.99,402.82,479.69,369.12,531.55,527.14,474.88,400.23,502.87,317.80,524.34,251.49,537.77,547.61,554.03,407.59,564.77,303.25,561.49,227.02,558.36,542.64,621.72,391.87,628.06,295.73,620.52,232.02,611.53,518.14,673.91,403.00,663.08,339.47,647.97,294.75,634.57
ND_uVTdzTCsvTQ_frame006579_r.jpg,0,927.69,320.86,859.70,329.12,806.20,367.93,782.83,423.24,776.56,467.25,799.00,364.34,733.57,435.48,704.23,480.13,681.68,517.37,843.79,376.28,786.88,468.08,755.55,525.35,731.79,567.24,890.14,393.55,851.61,489.36,829.97,545.40,813.37,583.10,930.30,413.44,911.31,498.30,907.08,543.62,903.09,579.10
ND_uVTdzTCsvTQ_frame006579_r.jpg,1,609.48,107.67,571.43,91.82,537.96,103.42,528.99,110.14,548.87,104.72,560.43,162.17,571.27,187.20,570.55,167.06,571.76,146.82,600.96,176.38,614.62,176.26,604.30,137.04,591.93,107.92,634.55,170.37,643.86,162.78,629.01,124.33,612.54,97.20,661.20,153.43,666.57,141.35,654.57,111.61,636.47,90.76
ND_uVTdzTCsvTQ_frame008074_r.jpg,0,783.33,2.30,748.84,0.84,718.38,37.21,691.68,79.94,665.69,118.32,778.65,98.22,742.67,156.28,713.46,167.84,699.42,160.85,789.87,114.08,741.89,161.96,709.47,157.50,695.08,141.08,790.03,120.27,743.16,161.52,714.25,152.05,701.15,135.58,784.11,121.09,745.99,149.87,719.21,145.46,704.90,135.20
ND_uVTdzTCsvTQ_frame020931_r.jpg,0,775.91,361.01,758.73,364.17,747.74,376.89,742.24,389.83,739.80,399.22,748.53,385.27,739.74,404.76,738.24,407.16,739.31,405.22,757.17,390.22,747.38,410.10,745.44,410.57,746.38,407.13,766.49,392.97,756.80,411.59,754.79,411.88,755.51,409.06,776.00,393.99,768.82,407.10,765.23,411.00,763.95,412.58
ND_uVTdzTCsvTQ_frame022127_r.jpg,0,696.72,359.58,693.53,349.24,690.40,343.75,684.80,345.80,683.72,348.94,714.15,356.53,705.52,366.41,695.59,369.07,686.04,368.44,715.37,368.46,696.80,379.58,680.63,378.80,668.73,375.44,712.38,376.77,693.11,384.80,677.39,383.68,666.26,380.24,707.07,381.96,691.59,388.00,679.83,387.34,671.47,384.16
ND_uVTdzTCsvTQ_frame023024_l.jpg,0,722.78,362.69,708.40,348.45,693.26,342.08,679.81,343.16,671.37,346.17,686.18,356.85,664.51,358.13,662.22,353.50,665.07,349.49,687.97,367.21,670.61,365.72,676.86,360.59,686.79,358.02,690.39,374.53,675.20,373.44,680.90,369.56,690.01,367.62,693.16,379.73,681.49,380.31,684.33,375.72,690.47,372.90
ND_uZmDSPcAhdQ_frame002101_l.jpg,0,831.07,145.94,767.96,140.10,713.77,157.92,678.70,174.40,672.73,198.17,753.83,250.46,703.52,265.50,680.86,259.50,668.30,251.14,789.85,266.64,744.83,256.80,738.04,231.07,744.95,211.90,820.99,262.45,781.55,253.24,776.34,232.91,783.95,214.41,844.32,251.23,814.61,247.48,807.84,233.37,811.59,219.98
ND_uZmDSPcAhdQ_frame002101_l.jpg,1,492.18,91.74,529.29,100.63,566.85,125.03,601.38,144.62,617.43,162.81,534.71,200.13,579.40,234.71,610.06,253.30,637.23,267.66,538.37,199.88,583.11,238.97,616.77,254.10,643.08,260.57,543.56,191.99,593.14,208.48,607.41,184.33,609.62,163.62,547.91,180.80,586.37,182.92,598.98,167.08,601.12,151.35
ND_uZmDSPcAhdQ_frame003301_r.jpg,0,515.80,6.54,555.55,29.36,574.48,74.32,582.18,113.99,590.27,142.72,507.90,106.14,546.18,146.89,579.04,165.67,603.94,176.59,492.61,105.85,550.57,124.04,583.44,103.31,598.86,82.19,490.88,101.78,550.77,116.11,579.34,95.50,593.18,74.87,493.78,96.39,541.73,105.44,565.31,92.37,577.42,77.39
ND_uZmDSPcAhdQ_frame004201_r.jpg,0,874.87,173.04,849.61,200.56,839.40,248.38,829.25,287.56,821.75,318.62,886.96,281.95,854.67,321.99,829.30,341.91,810.32,355.01,886.37,279.34,853.18,309.92,827.93,319.46,807.35,326.37,879.39,271.41,848.02,295.85,828.01,297.69,811.43,298.41,871.57,263.71,846.70,282.96,831.78,282.72,819.06,281.23
ND_uZmDSPcAhdQ_frame004201_r.jpg,1,554.45,-0.98,609.98,22.15,638.18,63.66,645.70,104.61,638.62,129.48,578.63,113.36,611.54,164.72,640.38,172.95,660.18,170.71,556.56,116.82,599.45,157.64,630.14,163.74,650.38,161.61,547.89,113.46,592.87,142.53,618.56,144.46,633.95,140.11,549.10,108.28,584.75,133.26,606.87,134.47,621.79,127.16
ND_ualAchumHu4_frame000901_l.jpg,0,904.09,790.24,939.71,734.68,953.07,664.10,962.79,616.64,963.38,582.48,867.31,604.13,819.15,528.39,857.89,536.09,907.75,567.71,823.20,646.68,827.18,602.90,906.55,636.40,964.55,671.88,788.98,699.73,777.16,660.96,854.99,695.07,912.79,726.35,760.96,762.34,749.59,740.52,809.88,755.44,860.56,772.62
ND_ualAchumHu4_frame012601_l.jpg,0,896.32,431.07,858.13,352.75,883.87,274.62,941.92,283.58,1018.04,323.66,1136.34,201.20,1268.01,177.76,1320.37,240.22,1346.61,319.27,1191.04,279.13,1339.39,266.57,1405.67,329.35,1448.60,391.55,1210.71,349.61,1350.09,349.37,1423.94,393.63,1478.39,442.10,1206.19,421.68,1320.72,431.23,1393.22,452.88,1459.31,477.06
ND_uuVwMN8pH6E_frame000251_r.jpg,0,73.88,165.23,134.22,167.36,184.78,213.85,213.25,264.77,242.08,296.81,145.41,215.69,178.12,287.28,207.88,336.62,226.15,367.05,99.48,234.31,127.61,318.51,164.54,353.49,187.80,359.96,63.39,251.66,87.92,333.45,128.14,362.54,149.80,360.37,39.66,264.69,66.45,334.16,99.58,358.82,119.21,361.01
ND_v7F5bq-Rtog_frame015601_r.jpg,0,336.85,177.59,468.97,109.14,589.63,147.08,642.40,221.57,650.23,277.17,651.75,268.87,715.56,333.53,687.28,315.92,639.92,291.13,591.89,338.78,651.25,414.52,644.55,393.38,614.18,360.33,525.53,374.27,587.39,415.93,586.02,387.43,558.92,354.41,463.64,381.86,506.53,396.71,515.19,367.12,503.03,335.79
ND_vB2MAjpebno_frame000241_l.jpg,0,870.51,500.88,854.00,508.88,844.63,518.51,844.24,525.26,847.94,530.09,853.26,545.99,852.92,562.44,853.31,557.01,853.56,547.89,866.00,548.57,865.85,566.06,866.44,559.81,866.26,550.18,878.31,547.36,879.70,564.53,879.10,558.99,878.26,550.34,889.76,543.35,892.76,556.79,891.60,553.58,890.33,547.04
ND_vF0CXcVNX-o_frame000898_r.jpg,0,1661.60,589.78,1617.44,549.21,1543.60,531.49,1475.20,513.18,1414.74,497.17,1427.88,610.60,1326.65,615.45,1263.48,610.01,1216.86,603.65,1428.57,600.83,1335.82,586.81,1288.79,557.18,1255.04,527.33,1438.90,579.64,1362.91,546.28,1353.69,503.94,1354.31,464.12,1452.33,555.29,1397.82,524.95,1380.86,494.87,1373.79,464.32
ND_vF0CXcVNX-o_frame000898_r.jpg,1,1394.15,70.70,1399.38,51.29,1378.61,52.60,1354.55,81.90,1326.35,126.22,1253.11,91.38,1184.67,127.12,1143.76,163.08,1114.53,196.32,1241.87,119.26,1175.31,163.40,1141.80,207.97,1121.76,250.22,1245.98,140.91,1183.74,184.51,1157.94,225.55,1143.63,263.03,1259.83,157.87,1218.49,194.43,1198.80,226.11,1188.74,254.50
ND_vQ6zj0275sY_frame014951_l.jpg,0,698.25,676.19,677.41,658.58,653.30,657.83,633.10,666.97,618.47,678.50,673.39,670.52,641.37,671.48,644.03,658.70,654.48,651.93,678.11,689.40,636.69,693.09,641.51,684.01,654.88,680.54,679.24,705.23,639.75,706.16,644.55,697.39,655.79,694.53,679.01,717.19,645.99,714.16,650.60,706.97,661.88,705.37
ND_vQ6zj0275sY_frame015549_r.jpg,0,680.23,640.49,659.44,626.31,636.50,629.00,616.90,639.97,599.75,650.17,650.67,657.26,615.01,662.58,612.92,654.33,622.68,647.93,657.66,675.52,617.42,684.82,605.50,676.01,608.37,666.39,662.81,688.36,625.98,702.03,612.66,694.13,612.28,685.28,666.21,696.02,639.49,711.05,625.26,708.75,619.86,703.05
ND_vQ6zj0275sY_frame016147_l.jpg,0,729.77,504.10,703.97,491.17,679.61,502.76,661.06,519.77,643.70,521.91,693.33,533.16,667.73,545.72,654.05,539.26,646.80,531.35,699.79,546.22,672.81,552.75,660.47,544.40,654.20,536.47,703.70,552.36,677.91,555.21,668.75,545.77,665.34,537.43,704.92,554.54,684.41,555.93,676.48,548.37,674.21,541.17
ND_vQ6zj0275sY_frame016147_l.jpg,1,586.98,449.48,610.05,451.80,626.17,469.37,628.66,489.04,626.40,503.99,602.77,469.99,604.95,502.77,607.73,517.29,609.69,527.74,584.43,472.80,588.95,509.33,597.69,509.39,601.34,501.79,572.27,475.26,579.10,508.12,588.47,505.53,592.14,498.23,564.92,477.02,571.82,502.14,580.43,501.13,584.13,494.76
ND_vQ6zj0275sY_frame017044_l.jpg,0,61.11,625.12,147.66,634.44,292.99,599.15,448.82,535.15,573.29,479.91,134.24,359.35,333.97,331.27,477.41,359.52,585.86,388.14,166.88,289.94,350.00,168.99,459.58,217.65,536.70,275.75,207.27,268.24,372.56,153.29,458.38,218.92,513.50,283.18,248.63,270.23,375.72,230.04,449.04,279.88,503.36,324.56
ND_vQ6zj0275sY_frame017941_r.jpg,0,1232.76,562.28,1097.34,565.15,954.07,556.03,833.12,510.57,744.17,469.32,890.20,654.38,782.09,597.11,752.44,533.91,749.19,479.17,918.71,592.27,827.01,508.90,826.63,429.14,848.35,363.05,951.50,533.68,883.34,468.94,881.31,400.34,903.22,346.12,987.59,488.53,938.98,447.67,930.97,400.69,940.64,356.59
ND_vwdzzN8ppho_frame001251_l.jpg,0,527.21,522.41,528.32,547.32,543.22,567.79,560.96,575.15,576.19,575.43,550.89,584.07,579.23,592.93,600.91,598.31,618.03,600.34,558.68,578.83,589.42,590.07,610.63,595.73,628.14,598.12,567.27,568.66,596.61,580.82,616.14,586.90,631.39,590.72,576.60,553.59,599.84,562.68,614.47,568.38,625.87,572.73
ND_vyJDNTxvY_8_frame000251_r.jpg,0,449.16,568.45,477.55,571.81,511.75,585.15,531.56,597.29,539.54,598.87,498.80,569.72,523.40,605.06,521.02,604.17,510.55,593.44,476.78,572.97,503.50,610.94,499.55,603.95,487.62,589.98,457.01,581.90,484.97,616.59,482.41,608.47,474.08,595.49,440.43,594.08,464.82,618.02,465.70,612.65,460.66,604.38
ND_vyJDNTxvY_8_frame000251_r.jpg,1,845.26,390.96,823.41,399.34,800.17,398.95,785.92,401.33,786.05,405.79,797.23,365.45,784.65,371.73,784.22,385.50,785.58,400.95,817.15,358.70,818.95,376.88,823.13,398.69,827.38,417.93,841.67,359.16,844.51,380.97,845.09,403.28,845.85,420.67,864.43,363.08,869.68,380.92,868.10,397.03,865.76,408.34
ND_vyJDNTxvY_8_frame003751_r.jpg,0,628.17,318.08,593.22,310.75,559.41,324.75,539.25,345.68,522.13,361.61,567.67,342.47,541.33,372.56,527.52,385.68,518.93,392.05,587.58,355.89,560.35,385.10,545.16,393.49,536.25,394.35,605.13,364.41,578.55,390.77,563.57,397.18,554.90,396.83,619.89,369.06,596.75,389.45,583.49,392.95,575.25,392.01
ND_vyJDNTxvY_8_frame003751_r.jpg,1,408.68,271.77,432.48,280.76,441.01,299.54,435.08,319.88,428.61,333.69,402.61,309.09,397.14,337.10,411.10,345.10,423.13,343.55,391.26,312.10,395.96,341.70,414.03,348.77,427.78,345.40,387.51,314.18,394.34,342.31,412.20,348.45,426.38,346.30,387.89,315.79,393.70,339.54,406.22,346.56,417.68,346.20
ND_vyJDNTxvY_8_frame013751_l.jpg,0,707.36,522.49,688.37,501.79,664.94,494.24,646.48,497.47,634.56,502.55,651.91,501.03,628.09,494.39,613.25,491.92,601.37,490.58,648.32,517.21,618.13,517.45,598.00,518.79,581.88,520.51,649.32,530.78,628.43,527.26,627.16,518.57,628.83,512.27,653.46,541.04,636.62,538.03,633.27,532.87,633.09,530.03
ND_wK2t1mLZ5ts_frame002881_r.jpg,0,924.36,557.63,886.33,558.08,854.97,575.60,833.40,591.36,812.73,590.98,871.56,601.13,856.13,620.67,850.16,634.38,846.90,646.81,893.32,613.48,884.11,647.40,881.30,668.95,879.68,687.70,915.56,617.78,909.90,651.38,908.12,672.58,905.42,691.13,938.33,614.87,938.59,642.08,939.24,659.44,938.00,675.67
ND_wK2t1mLZ5ts_frame012481_r.jpg,0,470.67,530.58,494.53,466.13,539.84,439.57,584.55,444.17,611.54,460.85,597.08,441.57,656.48,443.84,674.75,461.42,675.25,477.94,610.81,482.60,664.01,483.15,651.79,496.30,627.22,504.45,612.89,526.38,664.13,523.54,648.75,531.70,624.60,537.95,605.37,569.81,652.57,564.54,642.46,565.88,623.19,568.60
ND_wK2t1mLZ5ts_frame012481_r.jpg,1,801.52,415.63,757.07,442.59,730.95,483.38,707.49,516.69,681.06,529.81,802.03,535.37,740.77,551.91,708.70,537.70,693.15,523.32,821.93,536.70,756.35,549.53,723.63,532.50,705.90,515.84,829.42,528.32,767.85,541.37,737.45,530.54,719.96,516.07,829.39,517.10,781.60,533.86,756.07,529.58,740.60,520.87
ND_wK2t1mLZ5ts_frame021121_r.jpg,0,374.78,453.88,374.09,427.39,387.97,407.67,405.43,395.47,417.54,382.42,419.69,422.10,447.16,414.79,465.24,411.11,480.16,409.39,425.32,437.63,455.61,430.19,475.48,424.31,491.82,420.45,425.82,452.49,454.26,445.21,472.49,439.19,487.99,434.75,423.18,467.18,445.07,463.24,459.65,459.44,473.10,456.01
ND_wO5i6QjjMNc_frame012251_l.jpg,0,700.06,424.82,701.65,407.06,698.46,391.33,689.48,381.51,680.84,376.52,704.93,388.47,691.33,374.39,681.58,369.26,673.87,365.69,700.66,396.55,682.67,382.82,671.79,376.55,663.45,371.74,693.70,404.10,676.04,391.66,666.63,385.15,659.70,379.68,685.42,410.62,670.61,401.62,662.61,396.95,656.03,392.97
ND_wOopKZqe92c_frame000001_l.jpg,0,835.05,1264.59,807.44,1232.58,771.12,1217.31,738.81,1219.46,719.52,1228.56,756.60,1249.05,712.86,1249.14,714.48,1237.82,727.33,1230.09,759.45,1272.26,716.09,1270.16,720.28,1257.14,734.68,1252.21,764.81,1288.89,724.29,1286.74,728.18,1273.82,740.79,1268.52,770.74,1299.02,738.47,1295.50,739.48,1284.82,749.93,1280.78
ND_wRlXrDq6Q2c_frame000601_r.jpg,0,488.55,95.00,561.83,92.92,603.69,137.98,603.58,186.48,585.32,211.23,607.14,225.03,629.59,250.89,625.52,239.58,611.71,222.36,561.08,241.25,573.18,238.24,570.62,213.70,559.34,195.26,516.92,237.54,531.71,234.30,533.02,212.00,524.23,192.68,480.02,226.60,496.13,222.97,498.10,205.09,491.92,189.28
ND_wWX4ON2h3AA_frame001001_l.jpg,0,993.24,555.83,981.85,516.43,998.58,473.37,1036.57,443.54,1068.67,424.85,996.45,425.35,997.53,385.74,1001.64,354.32,1006.69,331.16,1024.47,443.80,1058.71,415.65,1070.76,424.73,1072.74,440.06,1043.90,468.78,1069.27,461.35,1052.58,488.82,1036.24,504.49,1054.25,495.44,1073.59,489.33,1057.17,511.18,1040.04,524.32
ND_waf93G_2pQU_frame002393_l.jpg,0,1097.11,548.34,1074.38,563.73,1065.46,582.53,1066.72,597.65,1072.97,608.78,1059.73,590.62,1055.07,618.91,1057.39,633.04,1061.73,640.17,1072.04,594.95,1068.44,625.51,1070.82,640.21,1075.12,646.69,1086.42,597.28,1084.38,626.78,1086.62,640.29,1089.99,646.11,1101.60,597.92,1100.56,621.07,1101.03,631.60,1102.34,637.03
ND_waf93G_2pQU_frame005981_r.jpg,0,975.81,941.23,956.88,841.28,886.05,802.50,818.13,803.30,775.47,803.05,846.81,833.27,797.76,823.13,773.06,821.56,757.74,817.76,844.94,893.06,794.45,902.28,768.43,904.55,756.21,909.76,860.98,941.83,818.91,945.41,796.40,937.13,788.23,933.09,890.95,976.08,867.33,966.79,859.54,960.03,861.43,958.00
ND_waf93G_2pQU_frame013157_l.jpg,0,1021.73,444.65,994.38,438.17,976.89,447.27,966.33,458.61,958.55,464.10,970.49,473.77,963.83,482.66,968.09,474.53,972.45,467.56,983.16,481.91,978.74,484.26,982.22,476.74,986.56,470.57,997.02,485.21,992.66,485.29,994.98,479.27,999.71,473.64,1010.02,486.87,1005.57,485.99,1007.12,479.99,1011.00,474.64
ND_weJxZ1ZrKPk_frame008074_r.jpg,0,366.55,254.15,372.26,238.20,385.64,230.05,399.34,230.12,408.84,231.42,384.85,238.12,405.84,241.02,414.74,242.46,420.30,243.57,384.42,248.94,407.64,249.82,416.77,248.32,421.15,247.03,385.25,257.21,406.51,256.78,413.55,253.96,416.43,251.52,386.85,262.82,403.54,261.02,409.41,258.17,411.65,255.35
ND_weJxZ1ZrKPk_frame008074_r.jpg,1,298.15,409.70,310.93,394.59,330.92,387.32,349.30,387.79,362.78,390.48,330.76,394.42,355.20,399.70,347.61,400.00,338.83,399.21,329.47,408.62,353.77,412.11,347.06,411.77,338.16,410.48,327.95,421.13,350.05,422.95,344.25,422.30,335.88,420.82,326.55,431.33,343.74,431.91,340.27,430.89,333.95,429.92
ND_weJxZ1ZrKPk_frame008074_r.jpg,2,316.76,362.44,323.17,358.33,331.82,357.34,339.74,364.17,345.78,371.44,350.36,353.02,363.57,358.35,363.88,361.31,360.16,362.23,349.90,361.70,353.50,372.12,343.29,373.75,335.23,371.41,347.79,370.11,350.37,378.28,341.18,377.75,334.55,374.47,344.37,376.90,348.24,383.58,342.15,382.94,337.16,380.04
ND_weJxZ1ZrKPk_frame014951_l.jpg,0,406.61,335.73,423.00,327.36,439.35,324.64,453.11,329.33,461.48,337.12,438.27,329.26,456.36,337.36,464.61,341.04,470.43,343.65,435.25,338.19,455.21,344.52,462.22,345.73,465.75,346.14,432.53,347.18,451.29,352.49,456.14,351.27,457.72,349.65,430.72,355.91,445.95,358.48,450.96,356.58,452.66,354.59
ND_wmDgiSHsre4_frame038936_r.jpg,0,315.77,895.63,360.97,810.45,406.17,721.94,439.18,665.78,454.44,604.34,337.47,676.63,372.16,613.59,414.45,573.31,450.15,546.76,317.11,725.34,476.00,689.82,548.82,719.84,577.69,749.65,322.24,797.78,493.27,786.26,530.83,806.00,517.70,819.71,339.41,872.12,477.76,850.16,509.02,847.57,497.59,846.61
ND_wvXgshdp3x8_frame000721_l.jpg,0,662.47,824.54,626.11,821.46,591.22,834.54,571.72,850.01,560.00,863.08,569.94,841.56,529.96,860.49,503.58,873.27,482.25,883.71,571.60,848.71,526.62,868.92,499.84,881.76,475.65,892.31,578.54,860.72,533.78,880.59,507.55,893.69,485.19,903.75,591.63,877.06,558.22,892.26,536.93,901.40,519.51,909.29
ND_wvXgshdp3x8_frame008641_r.jpg,0,229.94,502.72,286.59,449.22,358.01,425.53,418.46,424.76,459.02,434.17,394.61,492.22,477.98,479.98,510.25,457.25,522.60,438.32,401.17,537.49,490.48,515.80,512.43,488.21,513.91,469.55,401.13,568.90,484.25,548.77,506.48,521.87,510.91,500.80,397.23,588.15,463.82,589.69,499.48,575.59,521.10,558.45
ND_wyVcHRbFGis_frame000601_r.jpg,0,247.44,489.51,251.63,507.52,250.35,523.39,250.33,533.64,251.24,540.84,223.60,522.07,216.80,535.63,214.70,542.49,213.50,548.61,222.18,517.87,218.00,530.84,218.11,539.34,219.73,545.30,224.06,514.42,226.28,526.32,229.74,532.94,233.19,537.23,227.40,511.97,232.14,521.36,236.22,525.72,240.66,528.25
ND_xBT4FtcekUo_frame002751_r.jpg,0,782.18,708.88,785.49,603.85,759.04,495.74,727.60,402.39,697.95,325.84,652.71,460.86,587.65,395.05,545.41,359.79,518.78,331.04,609.44,510.05,526.25,459.02,479.34,422.37,448.52,383.67,579.18,566.15,503.42,527.43,469.03,497.01,448.77,459.42,562.69,626.41,495.01,606.10,467.40,586.92,452.27,557.85
ND_xCMe3LXN3uk_frame008101_l.jpg,0,195.12,733.90,221.70,487.16,290.96,295.86,367.31,164.90,407.01,77.65,445.19,360.76,590.08,325.12,709.14,330.82,795.31,341.38,472.56,467.43,634.23,416.31,630.79,477.67,566.55,549.39,486.29,576.26,615.75,541.33,621.92,594.31,559.41,653.96,488.51,692.94,591.81,674.38,584.45,698.13,533.77,732.06
ND_xCS2cjqqQNw_frame000901_l.jpg,0,502.04,512.94,504.93,494.12,507.88,478.50,511.43,465.60,513.47,451.32,493.94,505.36,510.52,505.17,525.07,501.03,536.69,494.83,500.25,521.95,521.03,518.46,539.40,510.97,553.05,502.44,508.23,532.83,526.95,532.43,542.26,524.87,554.64,516.74,517.48,539.12,531.91,542.37,543.65,539.51,553.32,534.82
ND_xCS2cjqqQNw_frame000901_l.jpg,1,771.84,490.37,763.33,473.80,748.76,459.11,730.46,449.57,715.31,440.99,750.42,484.46,727.16,480.92,710.45,476.10,697.29,471.72,743.71,502.21,714.60,496.37,695.43,488.61,681.87,481.82,737.94,514.52,709.59,511.62,691.51,502.89,678.52,495.23,733.25,522.82,708.96,524.31,694.28,518.82,683.97,511.93
ND_xCS2cjqqQNw_frame002101_r.jpg,0,672.45,430.78,632.54,393.99,593.67,378.26,556.98,369.45,530.43,368.32,564.89,447.03,510.73,464.73,514.63,449.46,533.23,437.83,576.60,479.97,517.67,493.08,524.27,474.79,541.92,465.45,592.84,502.19,537.58,518.12,540.15,502.38,555.12,492.04,610.48,514.45,582.04,542.24,567.28,540.97,560.49,535.32
ND_xCS2cjqqQNw_frame002101_r.jpg,1,681.12,174.94,675.30,175.78,649.22,188.39,620.77,203.77,597.51,213.28,605.44,186.38,582.56,197.52,569.90,212.27,565.32,223.76,609.99,205.05,600.69,235.69,625.76,238.63,650.22,229.66,620.20,217.54,626.51,243.80,654.78,237.92,675.30,223.93,633.12,222.99,639.66,242.83,660.34,237.01,675.98,224.34
ND_xHurRMXc2Z0_frame005101_l.jpg,0,860.72,408.56,850.26,381.88,831.03,369.03,812.56,368.41,799.51,373.88,813.03,364.03,784.15,358.45,767.13,359.27,754.83,362.12,805.46,374.64,770.44,368.39,749.27,368.02,733.61,369.31,801.22,388.65,766.97,381.39,746.98,379.30,732.02,378.41,799.57,405.60,771.16,400.33,753.71,398.64,738.71,398.07
ND_xHurRMXc2Z0_frame005101_l.jpg,1,721.52,207.85,706.61,226.00,684.55,241.14,668.82,259.07,658.98,275.31,654.54,217.32,632.34,240.19,638.66,257.19,647.91,267.28,657.99,220.97,638.01,241.68,644.25,258.42,653.70,268.61,665.04,226.10,649.09,244.76,653.39,259.19,659.93,268.39,673.07,231.21,662.23,245.19,663.61,256.29,667.60,263.19
ND_xHurRMXc2Z0_frame007801_r.jpg,0,175.78,264.36,139.39,270.85,114.54,287.93,104.78,307.08,105.17,323.11,123.77,304.76,103.37,335.27,92.20,354.40,83.52,368.38,146.74,317.56,130.12,366.94,119.92,396.65,112.61,417.80,168.16,326.57,150.55,371.07,139.41,394.84,131.68,411.60,185.12,330.50,171.59,364.68,162.42,383.41,155.28,396.77
ND_xHurRMXc2Z0_frame012601_l.jpg,0,647.79,259.47,674.33,243.90,704.27,246.36,725.45,262.47,735.56,278.73,710.57,237.44,741.11,268.07,746.06,288.78,746.26,301.04,696.75,252.94,730.27,287.05,744.78,307.90,752.57,322.56,684.96,270.50,717.96,305.27,724.74,309.57,723.53,307.71,675.11,288.11,702.83,312.99,711.42,313.97,713.57,311.15
ND_xNm5D2FvBC0_frame001201_r.jpg,0,852.60,413.22,838.30,400.53,822.56,399.61,811.32,406.58,803.01,412.83,833.34,400.17,813.05,410.17,805.25,412.85,800.53,415.05,841.07,412.55,819.06,419.60,821.81,415.89,829.03,413.07,846.36,424.01,825.44,428.11,829.41,424.70,836.62,422.65,849.73,434.23,831.72,436.45,835.54,432.45,842.75,430.49
ND_xNm5D2FvBC0_frame001201_r.jpg,1,738.19,435.31,747.96,448.28,751.52,462.77,752.51,474.94,754.20,484.89,726.13,465.31,719.51,482.98,715.94,492.88,713.38,500.77,717.02,460.27,709.54,476.10,708.31,485.41,708.04,491.91,712.37,455.47,704.50,468.31,703.44,477.41,703.67,484.11,710.46,451.90,703.21,461.18,701.07,468.52,700.68,474.73
ND_xU9W8VqWFYo_frame010466_l.jpg,0,980.20,95.61,992.07,108.71,1008.17,116.91,1019.10,122.22,1027.42,128.98,1025.58,110.39,1041.62,120.24,1051.88,130.28,1059.18,138.87,1027.00,109.42,1043.44,119.92,1052.66,129.55,1059.77,138.40,1027.23,109.55,1043.61,118.63,1052.78,127.31,1059.58,135.09,1025.95,110.38,1040.22,116.45,1048.33,122.26,1054.30,127.93
ND_xUvRYPaeOa0_frame000901_l.jpg,0,991.91,622.81,1004.45,628.64,1016.82,634.09,1027.24,634.47,1036.73,631.67,1008.29,662.61,1014.93,680.01,1019.44,688.87,1024.33,696.61,994.22,663.92,991.83,684.36,989.89,697.14,988.17,707.52,982.45,658.46,974.19,675.77,968.23,685.11,963.79,693.12,973.17,648.91,965.53,657.62,963.23,660.55,962.53,663.18
ND_xUvRYPaeOa0_frame000901_l.jpg,1,831.00,591.03,829.55,601.65,828.60,616.22,831.08,630.19,833.94,640.43,803.81,619.35,804.72,636.32,812.74,642.42,820.13,643.66,803.50,623.18,806.48,640.91,814.86,646.78,822.96,647.38,805.23,625.90,808.19,644.33,816.29,650.49,823.68,652.59,807.82,627.42,810.56,644.03,816.80,650.94,823.30,654.40
ND_xUvRYPaeOa0_frame012601_l.jpg,0,938.45,596.20,912.93,552.65,875.71,533.51,856.77,518.88,850.26,511.91,836.75,579.51,801.56,580.30,779.10,577.65,767.55,575.34,847.95,594.86,818.05,590.94,801.66,584.32,790.30,578.57,860.26,602.59,835.44,596.43,819.63,588.64,808.95,581.36,872.51,602.41,850.75,595.84,837.70,588.40,830.70,581.70
ND_xUvRYPaeOa0_frame012601_l.jpg,1,1028.10,270.27,1014.10,253.12,984.15,244.05,952.82,252.04,929.26,263.33,963.50,217.57,935.63,216.48,926.81,221.49,921.59,224.05,958.54,232.57,934.72,243.59,938.67,257.82,943.92,266.58,959.73,247.68,937.76,257.98,942.36,268.60,946.45,274.17,965.77,259.88,947.42,265.28,949.97,272.73,954.27,277.26
ND_xrt8hjXoJD0_frame008672_r.jpg,0,1114.74,570.31,1062.49,486.84,969.19,446.51,872.16,463.48,808.21,479.96,964.93,411.75,870.98,404.60,811.54,425.37,768.33,447.42,953.68,469.81,864.29,472.62,807.06,495.07,773.93,522.10,954.03,517.48,877.75,524.67,831.64,540.62,797.32,558.35,960.22,563.20,898.71,568.79,863.13,582.83,836.01,592.14
ND_y6HE3k8dChI_frame007001_l.jpg,0,140.89,201.56,144.02,219.56,132.99,234.63,117.01,242.55,103.82,247.36,112.30,220.02,90.86,227.56,75.41,234.98,63.79,242.22,107.43,214.69,85.92,222.46,70.08,231.66,56.74,240.31,104.90,212.43,85.57,220.76,71.81,230.25,60.35,238.87,103.82,213.01,88.25,221.16,77.11,228.90,68.18,235.86
ND_y6HE3k8dChI_frame010501_r.jpg,0,443.59,81.55,405.70,42.43,365.43,38.12,336.23,54.98,323.10,76.48,342.16,45.55,292.06,55.70,282.27,62.48,285.25,66.46,341.55,78.76,284.47,91.97,271.53,91.36,271.01,89.92,346.22,107.36,299.51,110.15,292.69,102.36,295.26,98.21,353.32,125.39,320.54,113.87,319.95,102.52,327.07,95.86
ND_y6HE3k8dChI_frame012001_l.jpg,0,288.72,244.11,273.23,233.03,256.16,234.09,242.90,238.89,235.38,242.90,243.56,236.57,221.22,240.72,213.91,241.84,210.16,244.06,244.88,243.99,221.70,246.45,217.10,245.93,215.86,246.55,248.79,250.48,237.56,252.05,243.02,249.07,248.90,246.65,254.17,255.92,247.26,254.30,251.57,252.02,256.30,249.86
ND_y6HE3k8dChI_frame014001_l.jpg,0,143.08,177.22,157.11,168.75,171.90,167.23,182.77,171.09,189.24,176.86,179.70,163.70,195.89,173.66,201.00,182.66,202.69,189.34,177.53,170.49,194.64,180.63,199.58,189.08,200.80,195.37,174.21,178.22,190.11,187.53,195.07,194.50,196.88,199.47,170.07,186.35,181.84,193.71,187.25,198.67,190.73,202.65
ND_y6HE3k8dChI_frame014251_l.jpg,0,187.13,178.68,189.99,165.10,192.23,153.10,196.20,144.76,198.01,140.46,170.15,146.77,182.20,142.19,191.41,143.38,197.59,145.59,165.41,153.04,178.42,148.22,187.90,151.41,192.81,154.94,164.11,161.20,178.00,159.20,185.32,163.30,186.18,166.69,165.18,169.95,177.53,169.41,182.03,172.07,180.83,174.54
ND_yDAk9E_b8As_frame001197_r.jpg,0,-18.64,515.42,49.36,410.85,179.19,342.68,331.83,350.40,458.28,354.35,281.38,224.89,408.45,202.21,486.59,216.38,548.91,240.32,316.43,313.17,457.95,320.77,524.79,356.72,574.71,399.87,325.20,394.45,452.33,392.55,515.07,414.14,563.34,443.67,310.99,472.74,415.32,450.96,463.98,447.58,503.85,451.36
ND_yGwjhewXPl4_frame000001_l.jpg,0,90.11,522.26,85.20,526.06,74.16,535.87,65.96,549.61,58.22,559.77,54.87,536.04,47.48,557.63,53.39,568.88,62.37,573.66,59.15,543.03,57.18,562.17,67.47,566.06,77.28,563.67,64.06,548.84,62.97,565.47,72.13,565.96,80.22,561.69,68.49,552.91,67.48,564.25,73.89,563.94,80.09,559.76
ND_yGwjhewXPl4_frame000301_l.jpg,0,277.32,379.76,257.10,364.52,245.47,344.34,240.86,331.56,243.27,319.23,253.38,321.83,237.95,310.74,227.99,319.38,220.84,333.53,265.29,320.66,255.86,299.92,240.21,301.05,225.99,309.94,279.11,325.37,279.92,297.50,266.66,290.99,251.54,291.97,293.50,337.00,306.87,321.64,299.19,313.16,285.48,310.07
ND_yGwjhewXPl4_frame001201_r.jpg,0,107.54,376.27,125.07,359.74,148.93,349.38,170.19,351.91,181.98,357.77,132.36,347.72,168.39,361.84,187.94,370.94,204.23,378.54,119.62,364.98,160.80,387.16,156.90,387.88,150.65,384.48,111.66,382.29,152.09,400.97,147.84,397.98,141.48,392.59,108.29,397.82,140.48,412.31,138.53,408.65,131.44,403.36
ND_yGwjhewXPl4_frame001201_r.jpg,1,311.71,449.20,294.77,424.56,276.60,411.85,256.90,410.08,241.45,411.48,293.20,414.70,274.09,412.10,255.52,414.99,239.39,417.43,296.67,437.80,264.62,441.80,236.76,444.85,217.04,445.98,295.55,459.26,264.59,465.06,244.62,464.42,232.74,460.12,292.76,477.51,268.80,485.70,255.62,482.78,249.17,475.02
ND_yJQ0RdsCMII_frame000301_l.jpg,0,318.02,1054.97,332.58,1014.10,378.97,1006.25,427.40,1012.86,463.03,1019.63,405.95,1062.43,463.00,1056.05,502.69,1043.63,531.30,1033.80,410.66,1080.17,462.89,1070.24,503.13,1054.31,530.93,1039.51,413.06,1085.78,461.09,1074.35,494.24,1057.85,516.84,1042.74,416.30,1083.28,456.19,1073.67,481.86,1060.72,500.45,1048.57
ND_yJmV0dKOT7w_frame000898_r.jpg,0,65.20,359.23,86.04,380.72,85.07,403.87,74.38,425.28,75.55,442.53,54.01,406.30,42.94,437.51,54.45,434.98,61.34,425.86,37.11,401.76,37.46,429.25,48.14,425.44,51.99,417.11,27.43,397.54,31.89,422.51,40.72,419.14,44.48,411.42,22.01,395.04,27.14,415.40,34.19,412.89,37.27,406.09
ND_yUv0yxeltHY_frame017044_r.jpg,0,598.68,364.20,660.60,392.51,719.32,376.80,773.10,352.64,815.85,344.70,717.93,303.12,789.96,311.40,820.40,326.23,838.12,338.89,705.29,263.35,794.02,240.84,847.46,227.53,888.97,212.15,685.61,238.35,751.03,190.51,791.98,163.68,825.56,140.54,662.81,229.84,693.82,181.83,717.08,154.56,740.31,133.12
ND_yUv0yxeltHY_frame017044_r.jpg,1,697.53,626.00,690.37,576.53,730.84,522.24,772.79,474.79,803.14,435.94,815.47,551.96,846.02,465.08,837.35,410.00,825.28,374.45,823.82,557.98,820.28,479.74,783.12,461.24,757.56,463.19,816.76,553.37,799.48,487.01,768.97,482.50,752.76,492.01,806.96,546.29,787.66,497.65,763.04,492.35,748.68,500.26
ND_yZd2KP9kyh0_frame004801_r.jpg,0,545.22,576.03,549.35,562.23,538.21,555.56,519.51,571.09,504.24,584.43,489.71,531.97,480.49,553.38,481.39,573.21,487.89,586.93,476.27,545.27,466.36,570.23,473.92,587.49,487.05,597.76,473.18,560.85,464.88,581.77,472.95,595.14,485.53,602.96,476.88,575.44,469.46,590.31,477.27,598.47,487.60,602.38
ND_yZd2KP9kyh0_frame004801_r.jpg,1,991.65,557.54,1001.57,549.69,1019.19,552.14,1035.35,559.94,1049.74,565.61,1029.01,582.36,1056.35,602.52,1072.96,615.40,1086.26,626.85,1025.30,596.25,1048.93,621.63,1061.19,638.53,1070.80,653.43,1017.10,603.65,1027.45,628.59,1033.48,646.43,1037.78,661.81,1006.12,606.01,1012.30,628.83,1013.10,644.29,1011.63,656.98
ND_yZd2KP9kyh0_frame006001_r.jpg,0,409.67,525.43,391.37,536.36,370.11,547.43,353.41,561.17,341.41,573.53,346.51,525.70,326.87,548.53,326.05,566.33,328.94,578.29,349.14,529.89,332.42,548.81,332.34,565.22,335.10,578.42,354.18,535.42,340.06,551.57,339.18,564.95,339.66,576.24,359.71,539.95,348.67,552.92,347.02,563.37,347.54,572.42
ND_yZd2KP9kyh0_frame006001_r.jpg,1,562.63,621.95,533.71,606.69,505.67,617.04,490.01,635.37,480.36,651.17,497.43,628.48,462.61,650.74,443.91,663.33,431.31,672.35,508.06,647.27,473.78,672.37,460.99,674.21,458.27,670.28,519.42,660.43,487.36,679.75,477.12,675.78,476.34,668.89,528.95,667.15,504.92,676.81,496.20,671.06,494.75,663.96
ND_ykYYHDmjCEk_frame000301_l.jpg,0,284.41,407.28,298.51,395.58,311.63,383.24,323.89,377.37,333.61,373.25,298.83,370.29,315.60,367.97,325.05,374.55,327.78,380.74,293.62,377.01,313.65,378.32,318.49,385.45,316.03,389.46,290.15,386.34,308.38,388.60,312.12,394.48,310.03,396.95,287.68,396.69,302.13,398.89,305.95,402.28,304.78,404.06
ND_ykuBELaEbSw_frame000301_l.jpg,0,46.20,438.85,37.89,364.59,41.22,303.63,67.37,258.08,104.17,250.62,120.72,338.51,167.05,315.15,182.86,302.43,182.70,296.90,141.14,371.96,193.15,337.84,190.11,329.18,164.84,334.82,154.97,409.71,196.56,386.56,174.13,386.86,141.16,395.88,161.74,452.21,198.35,436.80,182.12,427.41,155.24,429.24
ND_ywinZG_Amzg_frame006301_r.jpg,0,373.56,337.21,364.47,325.79,347.84,323.57,332.04,325.60,318.55,329.09,342.01,350.18,318.37,353.04,308.76,346.59,306.15,339.79,344.09,357.72,321.48,358.01,313.97,349.47,311.79,341.80,345.28,360.73,324.73,359.97,316.91,352.20,313.82,344.93,345.65,360.75,327.82,360.53,319.22,353.76,315.84,347.00
ND_yz9IWvj1YWw_frame008844_l.jpg,0,667.94,444.58,669.02,413.32,653.54,390.89,640.91,374.07,631.78,358.91,619.46,406.40,597.43,395.02,593.29,383.60,593.24,377.76,616.04,418.20,596.53,404.29,590.22,391.93,588.06,384.08,615.83,425.61,600.80,411.55,593.78,399.89,590.77,391.14,619.26,429.27,604.93,416.23,598.51,405.74,596.26,398.92
ND_yz9IWvj1YWw_frame009800_r.jpg,0,921.25,575.13,889.81,574.58,859.79,583.18,837.17,591.54,818.03,598.82,855.72,602.09,830.74,612.91,811.36,613.10,796.45,609.88,863.73,610.65,838.34,622.27,820.41,621.42,806.87,615.98,875.70,617.57,852.99,628.06,837.65,624.73,827.26,616.74,891.16,622.84,873.10,628.92,860.43,623.97,851.37,616.48
ND_z2HIU2XcaY8_frame006579_r.jpg,0,939.24,54.07,861.59,168.62,867.96,301.27,920.05,433.81,980.56,520.91,1045.58,351.28,1030.53,508.50,990.78,564.50,954.56,581.19,1127.90,312.59,1104.94,487.80,1046.82,522.37,1010.13,525.98,1175.15,267.34,1171.39,436.96,1119.23,489.74,1084.13,498.40,1196.02,220.24,1226.05,359.33,1195.12,414.04,1166.10,430.16
ND_zEoyPl4WIeI_frame025501_r.jpg,0,742.99,584.84,709.93,552.19,673.60,541.55,644.41,550.54,629.97,570.00,642.89,537.62,610.28,553.89,617.40,563.79,630.20,566.45,638.27,563.68,612.48,577.76,622.88,584.40,635.70,583.03,641.64,591.12,618.31,598.67,630.93,603.16,643.94,601.99,650.12,616.80,632.97,618.59,646.54,619.42,658.13,617.70
ND_zEoyPl4WIeI_frame025501_r.jpg,1,533.50,545.15,564.60,552.68,589.10,559.68,604.98,569.93,622.75,576.85,575.93,516.45,589.44,559.78,593.64,590.13,595.61,610.54,549.52,520.95,563.52,571.72,570.77,599.55,574.69,616.77,525.67,531.28,540.09,575.83,550.35,601.92,558.18,617.76,505.09,544.71,513.81,574.00,525.48,593.09,536.19,605.00
ND_zMZ19xhz4co_frame006579_l.jpg,0,1130.04,341.57,1118.74,235.39,1056.07,162.20,994.27,125.35,951.43,91.76,944.12,155.80,875.12,101.06,837.02,69.04,807.63,48.32,912.93,204.26,826.24,160.58,780.57,135.25,743.21,119.70,900.83,257.06,817.90,225.56,778.14,207.98,748.16,195.17,904.00,311.94,839.55,289.83,808.92,274.58,789.20,264.09
ND_z_vFpfShqYA_frame019201_r.jpg,0,951.00,414.15,966.78,390.46,988.16,381.39,1007.00,383.22,1019.59,389.21,1001.45,380.18,1032.49,373.03,1051.08,370.52,1063.39,369.37,1005.10,398.53,1042.58,399.56,1042.00,399.41,1033.92,398.30,1004.80,416.34,1037.50,418.14,1034.68,415.80,1026.41,413.67,1001.07,431.09,1027.42,429.83,1027.34,426.25,1021.43,423.51
ND_zhJUXKmj2sk_frame000001_l.jpg,0,-26.21,549.37,27.44,532.41,99.23,487.00,168.61,444.27,221.95,409.84,40.55,358.98,119.31,308.43,174.70,282.77,216.24,261.36,49.88,361.55,125.51,311.95,179.73,288.09,223.35,266.84,59.61,379.34,141.76,367.67,176.62,390.80,195.48,409.08,66.74,402.61,136.64,401.89,160.67,421.67,170.32,439.89
ND_ziSsE9PIEQk_frame004751_l.jpg,0,72.67,614.27,167.28,491.64,311.54,413.95,418.75,416.63,493.12,439.17,356.63,291.95,530.87,255.86,619.56,277.02,680.04,310.13,352.50,322.28,548.39,470.50,483.14,546.22,414.83,548.94,344.25,394.94,519.31,549.60,433.54,604.49,363.33,595.02,335.89,478.80,486.85,589.83,421.73,632.79,354.56,628.25
ND_zq_LRaBgc24_frame006513_r.jpg,0,666.24,331.34,617.91,307.73,569.51,322.90,539.73,354.31,526.03,376.17,571.16,365.44,538.10,402.02,534.06,394.94,540.96,382.92,590.03,390.09,560.10,392.25,561.06,374.96,569.75,364.84,609.06,402.44,582.18,395.64,582.78,381.56,590.24,373.27,625.35,406.81,603.26,397.87,602.37,386.73,607.44,381.55
ND_zq_LRaBgc24_frame006513_r.jpg,1,188.98,195.65,189.02,228.94,204.56,259.90,212.26,289.40,214.94,312.39,232.83,245.28,251.07,245.46,233.76,249.26,216.62,253.35,230.77,217.30,258.22,192.61,237.96,198.48,218.69,209.42,222.43,192.70,246.30,167.28,224.28,173.91,203.15,184.03,209.91,172.16,215.74,155.87,199.40,157.20,187.14,162.42
ND_zwq7QfKjJD0_frame014101_l.jpg,0,557.34,490.42,579.08,480.62,596.87,470.88,610.75,463.98,624.64,460.55,584.05,444.83,596.34,428.76,609.58,433.40,621.79,442.16,572.92,446.68,575.91,425.51,590.16,423.26,603.49,426.35,561.39,455.38,556.54,435.41,567.12,430.25,579.01,428.08,552.36,468.94,541.71,464.02,542.30,460.69,545.23,458.35
ND_zwq7QfKjJD0_frame015001_r.jpg,0,409.20,602.80,441.30,587.39,474.04,597.73,492.23,624.12,509.56,644.68,439.18,615.50,457.37,649.80,470.05,672.66,480.46,691.01,419.99,638.57,451.15,680.38,472.52,701.27,488.52,715.60,409.62,656.80,442.70,690.88,464.96,706.69,482.38,716.60,406.47,669.62,431.17,695.79,449.15,707.59,464.44,715.76
