image_name,hand_idx,lm_0_x,lm_0_y,lm_1_x,lm_1_y,lm_2_x,lm_2_y,lm_3_x,lm_3_y,lm_4_x,lm_4_y,lm_5_x,lm_5_y,lm_6_x,lm_6_y,lm_7_x,lm_7_y,lm_8_x,lm_8_y,lm_9_x,lm_9_y,lm_10_x,lm_10_y,lm_11_x,lm_11_y,lm_12_x,lm_12_y,lm_13_x,lm_13_y,lm_14_x,lm_14_y,lm_15_x,lm_15_y,lm_16_x,lm_16_y,lm_17_x,lm_17_y,lm_18_x,lm_18_y,lm_19_x,lm_19_y,lm_20_x,lm_20_y
EK_0003_P01_107_frame_0000001155_l.jpg,0,-125.55,251.09,-125.66,250.88,-125.95,250.71,-126.18,250.45,-126.41,250.01,-125.17,250.16,-125.00,249.72,-125.07,249.42,-125.25,249.10,-125.06,249.96,-124.94,249.53,-125.15,249.28,-125.47,249.11,-125.13,249.96,-125.13,249.57,-125.38,249.32,-125.66,249.14,-125.25,249.98,-125.26,249.71,-125.38,249.49,-125.56,249.35
EK_0003_P01_107_frame_0000001421_r.jpg,0,746.23,664.70,746.28,664.56,746.45,664.43,746.59,664.29,746.76,664.11,746.15,664.10,746.20,663.86,746.30,663.73,746.43,663.62,746.15,664.01,746.21,663.79,746.34,663.69,746.49,663.62,746.21,664.06,746.28,663.88,746.39,663.75,746.51,663.65,746.29,664.12,746.33,663.99,746.40,663.87,746.47,663.80
EK_0003_P01_107_frame_0000001501_r.jpg,0,816.19,435.31,816.20,435.16,816.38,434.97,816.55,434.84,816.79,434.73,816.12,434.55,816.24,434.28,816.40,434.17,816.60,434.10,816.18,434.43,816.30,434.17,816.47,434.10,816.67,434.10,816.31,434.49,816.34,434.25,816.48,434.11,816.66,434.08,816.43,434.58,816.48,434.40,816.58,434.29,816.69,434.23
EK_0003_P01_107_frame_0000002430_r.jpg,0,768.74,648.83,768.78,648.85,769.04,648.82,769.28,648.79,769.60,648.71,768.96,648.37,769.21,648.35,769.33,648.51,769.34,648.73,769.10,648.23,769.35,648.30,769.40,648.50,769.33,648.72,769.20,648.26,769.44,648.27,769.49,648.49,769.35,648.66,769.29,648.33,769.48,648.35,769.51,648.52,769.36,648.61
EK_0003_P01_107_frame_0000002806_l.jpg,0,674.09,250.11,673.94,249.79,673.74,249.56,673.59,249.35,673.47,249.12,674.28,249.24,674.41,248.97,674.29,248.84,674.10,248.79,674.42,249.25,674.47,248.98,674.29,248.92,674.05,248.92,674.44,249.41,674.47,249.14,674.29,249.04,674.05,249.06,674.41,249.55,674.36,249.36,674.21,249.29,674.04,249.29
EK_0003_P01_107_frame_0000002908_r.jpg,0,779.24,444.35,779.25,444.26,779.32,444.11,779.39,443.97,779.50,443.72,778.94,443.85,778.80,443.64,778.81,443.49,778.90,443.34,778.90,443.71,778.78,443.49,778.77,443.31,778.78,443.12,778.98,443.68,778.84,443.52,778.79,443.35,778.79,443.16,779.09,443.68,778.99,443.54,778.94,443.40,778.98,443.29
EK_0003_P01_107_frame_0000002926_l.jpg,0,247.77,573.20,247.57,572.96,247.40,572.70,247.28,572.43,247.10,572.07,247.76,572.26,247.70,571.89,247.55,571.69,247.35,571.49,247.86,572.15,247.77,571.80,247.62,571.59,247.42,571.38,247.87,572.24,247.82,571.93,247.65,571.70,247.42,571.53,247.82,572.35,247.77,572.12,247.64,571.95,247.46,571.83
EK_0003_P01_107_frame_0000003304_l.jpg,0,347.80,536.15,347.53,535.92,347.38,535.65,347.25,535.39,347.12,535.10,347.49,535.27,347.20,535.14,347.09,535.33,347.18,535.57,347.56,535.23,347.25,535.24,347.12,535.44,347.18,535.66,347.61,535.40,347.35,535.26,347.14,535.39,347.15,535.61,347.61,535.57,347.42,535.46,347.25,535.54,347.20,535.69
EK_0003_P01_107_frame_0000004784_l.jpg,0,586.27,589.65,586.19,589.44,586.18,589.29,586.24,589.20,586.32,589.12,586.43,589.18,586.52,589.03,586.57,588.93,586.62,588.84,586.53,589.25,586.46,589.22,586.38,589.24,586.29,589.27,586.55,589.40,586.50,589.34,586.42,589.35,586.32,589.38,586.54,589.52,586.51,589.47,586.45,589.48,586.38,589.51
EK_0003_P01_107_frame_0000004992_l.jpg,0,681.04,600.33,680.91,600.16,680.81,600.03,680.80,599.92,680.83,599.87,681.06,599.87,681.09,599.73,681.08,599.68,681.07,599.64,681.18,599.92,681.19,599.83,681.16,599.80,681.13,599.77,681.24,600.06,681.21,600.01,681.15,600.03,681.08,600.07,681.26,600.19,681.24,600.16,681.18,600.19,681.11,600.21
EK_0003_P01_107_frame_0000005201_r.jpg,0,1031.09,510.94,1030.98,510.88,1030.95,510.77,1031.00,510.66,1031.10,510.55,1030.97,510.51,1031.02,510.52,1031.07,510.59,1031.10,510.66,1031.09,510.43,1031.14,510.49,1031.17,510.59,1031.21,510.68,1031.23,510.47,1031.27,510.41,1031.28,510.49,1031.28,510.59,1031.34,510.54,1031.37,510.42,1031.38,510.41,1031.35,510.45
EK_0003_P01_107_frame_0000005267_r.jpg,0,911.24,-9.83,911.18,-9.88,911.29,-9.95,911.45,-9.99,911.72,-10.03,911.29,-10.39,911.46,-10.38,911.52,-10.21,911.53,-10.00,911.45,-10.49,911.59,-10.36,911.63,-10.17,911.62,-9.95,911.60,-10.42,911.73,-10.41,911.79,-10.23,911.76,-10.01,911.72,-10.33,911.83,-10.38,911.90,-10.29,911.85,-10.14
EK_0003_P01_107_frame_0000005328_l.jpg,0,642.92,786.93,642.78,786.78,642.69,786.66,642.63,786.55,642.53,786.41,642.92,786.50,642.83,786.47,642.76,786.50,642.68,786.55,643.05,786.54,642.93,786.55,642.84,786.59,642.74,786.66,643.12,786.68,643.05,786.63,642.95,786.67,642.85,786.75,643.15,786.81,643.10,786.79,643.01,786.82,642.91,786.85
EK_0003_P01_107_frame_0000005701_r.jpg,0,580.47,339.50,580.58,339.39,580.80,339.45,581.00,339.48,581.24,339.54,581.02,339.03,581.28,339.03,581.39,339.16,581.47,339.33,581.16,339.05,581.40,339.10,581.42,339.27,581.40,339.45,581.18,339.22,581.39,339.21,581.48,339.34,581.51,339.49,581.18,339.38,581.34,339.37,581.43,339.42,581.49,339.50
EK_0003_P01_107_frame_0000005851_r.jpg,0,820.84,831.59,820.83,831.38,820.91,831.23,821.02,831.13,821.10,830.95,821.00,831.15,821.14,831.02,821.20,831.01,821.19,831.05,821.12,831.20,821.26,831.11,821.34,831.07,821.37,831.06,821.19,831.34,821.30,831.25,821.33,831.23,821.29,831.25,821.24,831.44,821.31,831.37,821.32,831.32,821.29,831.28
EK_00084_P04_06_frame_0000000110_r.jpg,0,1129.12,679.73,1129.06,679.50,1129.09,679.29,1129.22,679.18,1129.41,679.10,1129.20,679.14,1129.36,678.99,1129.47,679.01,1129.52,679.07,1129.34,679.17,1129.53,679.09,1129.61,679.14,1129.61,679.22,1129.46,679.31,1129.62,679.21,1129.69,679.24,1129.68,679.29,1129.54,679.43,1129.66,679.35,1129.73,679.34,1129.74,679.35
EK_00084_P04_06_frame_0000001214_r.jpg,0,802.41,577.47,802.37,577.17,802.42,576.94,802.48,576.77,802.54,576.57,802.64,576.96,802.64,576.79,802.57,576.71,802.48,576.62,802.67,577.09,802.64,576.97,802.55,576.91,802.44,576.83,802.61,577.28,802.61,577.17,802.52,577.10,802.42,577.00,802.52,577.43,802.54,577.38,802.49,577.32,802.43,577.23
EK_00084_P04_06_frame_0000001555_l.jpg,0,593.81,669.34,593.58,669.26,593.41,669.13,593.32,668.97,593.42,668.79,593.35,668.94,593.27,668.75,593.31,668.73,593.41,668.82,593.46,668.83,593.37,668.64,593.31,668.49,593.24,668.32,593.65,668.81,593.59,668.72,593.63,668.81,593.68,668.94,593.79,668.81,593.76,668.77,593.78,668.85,593.81,668.97
EK_00084_P04_06_frame_0000001896_r.jpg,0,901.52,352.90,901.50,352.79,901.59,352.76,901.74,352.71,901.92,352.73,901.81,352.52,901.96,352.47,902.01,352.52,902.03,352.59,901.96,352.56,902.11,352.50,902.14,352.56,902.13,352.64,902.02,352.70,902.16,352.60,902.22,352.64,902.21,352.69,902.05,352.83,902.13,352.79,902.15,352.80,902.15,352.82
EK_00084_P04_06_frame_0000003097_l.jpg,0,639.54,535.73,639.29,535.73,639.10,535.70,638.94,535.61,638.88,535.53,639.02,535.43,638.86,535.27,638.77,535.17,638.66,535.07,639.10,535.28,638.98,535.11,638.89,535.00,638.79,534.90,639.27,535.22,639.15,535.08,639.06,534.97,638.98,534.90,639.40,535.20,639.33,535.08,639.26,534.97,639.17,534.87
EK_00084_P04_06_frame_0000003296_l.jpg,0,476.29,630.59,476.35,630.40,476.29,630.29,476.24,630.22,476.20,630.13,476.54,630.38,476.54,630.34,476.46,630.29,476.34,630.23,476.51,630.49,476.43,630.43,476.31,630.38,476.19,630.31,476.41,630.59,476.34,630.50,476.23,630.42,476.13,630.33,476.31,630.66,476.24,630.57,476.17,630.49,476.09,630.39
EK_00084_P04_06_frame_0000003560_r.jpg,0,1101.71,123.08,1101.62,122.90,1101.63,122.73,1101.80,122.64,1102.02,122.70,1102.04,122.60,1102.19,122.61,1102.21,122.72,1102.23,122.83,1102.26,122.71,1102.45,122.69,1102.51,122.75,1102.55,122.79,1102.33,122.93,1102.29,123.01,1102.10,123.12,1101.87,123.18,1102.35,123.12,1102.28,123.16,1102.12,123.22,1101.92,123.27
EK_00084_P04_06_frame_0000004126_l.jpg,0,674.67,471.62,674.49,471.35,674.32,471.14,674.18,470.95,674.05,470.81,674.72,470.83,674.58,470.59,674.43,470.48,674.27,470.38,674.88,470.81,674.77,470.57,674.58,470.52,674.37,470.52,674.95,470.94,674.92,470.69,674.74,470.61,674.53,470.64,674.96,471.06,674.95,470.88,674.82,470.79,674.65,470.78
EK_00084_P04_06_frame_0000004648_l.jpg,0,797.73,710.44,797.62,710.19,797.49,710.03,797.40,709.92,797.31,709.82,797.64,709.95,797.68,709.80,797.60,709.73,797.47,709.70,797.64,710.05,797.50,709.98,797.36,710.03,797.33,710.08,797.62,710.23,797.42,710.19,797.32,710.23,797.35,710.26,797.57,710.38,797.43,710.37,797.37,710.39,797.41,710.40
EK_00084_P04_06_frame_0000006190_r.jpg,0,918.00,574.39,918.25,574.10,918.42,573.80,918.47,573.55,918.44,573.35,918.16,573.39,918.37,573.18,918.48,573.40,918.43,573.64,918.05,573.35,918.35,573.28,918.44,573.53,918.39,573.76,917.99,573.53,918.27,573.38,918.43,573.61,918.41,573.82,918.00,573.70,918.14,573.51,918.34,573.58,918.41,573.74
EK_00084_P04_06_frame_0000009087_l.jpg,0,479.43,328.11,479.16,328.02,479.06,327.94,479.06,327.78,479.20,327.72,479.04,327.56,479.00,327.33,478.93,327.23,478.84,327.15,479.16,327.48,479.07,327.29,479.00,327.20,478.92,327.07,479.32,327.55,479.20,327.38,479.13,327.25,479.06,327.10,479.42,327.64,479.32,327.54,479.24,327.48,479.14,327.38
EK_00084_P04_06_frame_0000009310_r.jpg,0,1102.84,675.25,1102.92,675.22,1103.03,675.05,1103.11,674.89,1103.28,674.69,1102.85,674.81,1102.99,674.62,1103.14,674.57,1103.30,674.49,1102.85,674.67,1102.98,674.50,1103.13,674.43,1103.28,674.33,1102.90,674.65,1103.01,674.53,1103.16,674.47,1103.31,674.41,1102.96,674.66,1103.06,674.60,1103.16,674.59,1103.28,674.58
EK_00084_P04_06_frame_0000010271_l.jpg,0,506.18,345.99,505.97,345.80,505.83,345.63,505.76,345.43,505.64,345.26,505.98,345.33,505.84,345.16,505.71,345.24,505.55,345.36,506.06,345.32,505.85,345.28,505.74,345.42,505.67,345.57,506.12,345.45,505.92,345.39,505.80,345.54,505.80,345.68,506.14,345.58,505.99,345.55,505.90,345.64,505.89,345.73
EK_00084_P04_06_frame_0000011826_r.jpg,0,869.20,402.66,869.30,402.49,869.47,402.30,869.64,402.17,869.88,402.14,869.42,401.99,869.66,401.87,869.84,401.88,869.97,401.92,869.48,401.95,869.71,401.84,869.88,401.87,869.98,401.95,869.53,402.07,869.72,401.95,869.90,401.96,869.99,401.96,869.58,402.20,869.74,402.13,869.88,402.07,870.02,402.00
EK_00084_P04_06_frame_0000012523_r.jpg,0,1033.27,618.32,1033.21,618.30,1033.25,618.18,1033.30,617.96,1033.50,617.79,1033.23,617.80,1033.25,617.55,1033.36,617.51,1033.43,617.55,1033.36,617.66,1033.42,617.44,1033.55,617.53,1033.62,617.69,1033.51,617.69,1033.52,617.46,1033.65,617.51,1033.71,617.67,1033.64,617.74,1033.65,617.57,1033.72,617.53,1033.75,617.59
EK_00084_P04_06_frame_0000013049_l.jpg,0,525.35,383.95,525.08,383.96,524.89,383.98,524.76,383.95,524.66,383.92,524.85,383.62,524.73,383.51,524.69,383.62,524.72,383.78,524.95,383.55,524.83,383.60,524.84,383.76,524.87,383.93,525.11,383.60,524.97,383.61,524.95,383.77,524.99,383.94,525.23,383.67,525.12,383.66,525.12,383.79,525.15,383.90
EK_00084_P04_06_frame_0000014060_r.jpg,0,1301.10,629.72,1301.23,629.56,1301.37,629.50,1301.47,629.36,1301.44,629.10,1300.90,629.18,1301.05,629.03,1301.24,629.04,1301.39,629.11,1300.76,629.08,1300.99,628.96,1301.18,629.03,1301.23,629.21,1300.73,629.08,1300.89,628.93,1301.11,628.94,1301.25,629.09,1300.75,629.08,1300.79,628.93,1300.96,628.89,1301.10,628.98
EK_00084_P04_06_frame_0000015071_r.jpg,0,643.64,134.89,643.89,134.90,644.31,134.84,644.65,134.70,645.06,134.60,644.40,134.17,644.81,133.95,645.13,134.01,645.44,134.19,644.54,133.99,644.97,133.87,645.27,134.02,645.55,134.25,644.56,134.07,644.94,133.95,645.28,134.06,645.58,134.24,644.58,134.20,644.88,134.16,645.15,134.19,645.48,134.27
EK_00084_P04_06_frame_0000015302_r.jpg,0,978.16,224.85,978.27,224.78,978.50,224.83,978.70,224.82,978.97,224.93,978.71,224.50,978.97,224.55,979.06,224.69,979.18,224.82,978.84,224.52,979.06,224.63,979.14,224.78,979.21,224.92,978.84,224.65,979.03,224.71,979.13,224.85,979.19,224.97,978.83,224.79,978.96,224.84,979.05,224.93,979.13,225.00
EK_00084_P04_06_frame_0000017084_r.jpg,0,978.33,264.07,978.47,264.06,978.65,264.02,978.82,263.97,979.02,263.85,978.55,263.67,978.68,263.50,978.83,263.46,978.99,263.51,978.56,263.54,978.72,263.41,978.88,263.42,979.00,263.54,978.57,263.54,978.71,263.45,978.88,263.43,978.98,263.53,978.59,263.56,978.69,263.50,978.81,263.47,978.88,263.53
EK_00084_P04_06_frame_0000017448_r.jpg,0,1047.51,42.31,1047.32,42.29,1047.24,42.21,1047.36,42.14,1047.56,42.11,1047.42,41.91,1047.47,41.95,1047.49,42.07,1047.49,42.18,1047.63,41.86,1047.67,41.97,1047.65,42.10,1047.63,42.22,1047.81,41.94,1047.86,41.99,1047.84,42.11,1047.79,42.25,1047.94,42.05,1048.04,42.04,1048.03,42.12,1047.95,42.21
EK_00084_P04_06_frame_0000018536_l.jpg,0,619.32,224.26,619.07,223.99,618.93,223.79,618.86,223.55,618.75,223.35,619.21,223.42,619.23,223.19,619.14,223.19,619.00,223.25,619.39,223.43,619.33,223.27,619.19,223.32,619.00,223.41,619.51,223.62,619.41,223.46,619.25,223.49,619.05,223.58,619.56,223.79,619.48,223.69,619.35,223.69,619.17,223.71
EK_00084_P04_06_frame_0000018827_l.jpg,0,777.51,168.85,777.49,168.63,777.46,168.44,777.37,168.31,777.20,168.31,777.54,168.54,777.42,168.45,777.30,168.41,777.18,168.37,777.50,168.66,777.33,168.58,777.20,168.54,777.09,168.49,777.42,168.80,777.29,168.70,777.16,168.66,777.06,168.60,777.35,168.89,777.23,168.85,777.13,168.81,777.05,168.75
EK_00084_P04_06_frame_0000019118_l.jpg,0,791.00,535.56,791.15,535.25,791.19,534.97,791.14,534.74,790.99,534.45,790.91,534.94,790.66,534.76,790.59,534.71,790.59,534.70,790.67,534.98,790.45,534.82,790.34,534.69,790.29,534.53,790.51,535.09,790.37,534.90,790.27,534.70,790.22,534.47,790.40,535.16,790.32,534.99,790.28,534.82,790.30,534.60
EK_00084_P04_06_frame_0000021119_r.jpg,0,1105.95,500.34,1105.90,500.28,1105.92,500.15,1105.99,499.97,1106.21,499.82,1106.04,499.81,1106.04,499.64,1106.09,499.55,1106.16,499.45,1106.19,499.73,1106.30,499.61,1106.39,499.75,1106.45,499.94,1106.32,499.80,1106.41,499.75,1106.51,499.86,1106.59,500.04,1106.42,499.90,1106.51,499.80,1106.60,499.87,1106.61,499.99
EK_00084_P04_06_frame_0000022175_l.jpg,0,539.46,810.94,539.52,810.74,539.56,810.59,539.61,810.46,539.67,810.32,539.81,810.67,539.72,810.56,539.63,810.53,539.53,810.53,539.83,810.76,539.71,810.68,539.61,810.64,539.49,810.63,539.77,810.87,539.69,810.76,539.60,810.72,539.50,810.66,539.69,810.94,539.66,810.85,539.59,810.81,539.50,810.80
EK_00084_P04_06_frame_0000022296_r.jpg,0,835.07,197.16,835.26,197.01,835.44,196.76,835.53,196.50,835.66,196.18,835.16,196.40,835.34,196.13,835.53,196.03,835.76,195.93,835.09,196.26,835.32,196.04,835.54,195.99,835.79,195.94,835.07,196.30,835.23,196.08,835.45,195.95,835.67,195.86,835.10,196.36,835.23,196.21,835.37,196.09,835.54,195.96
EK_00084_P04_06_frame_0000022420_r.jpg,0,374.74,233.03,374.78,232.93,374.86,232.80,375.02,232.66,375.29,232.63,375.19,232.57,375.40,232.43,375.55,232.40,375.72,232.34,375.36,232.59,375.58,232.45,375.74,232.45,375.88,232.47,375.41,232.74,375.60,232.59,375.78,232.55,375.94,232.52,375.44,232.89,375.59,232.79,375.74,232.75,375.85,232.69
EK_00084_P04_06_frame_0000022482_r.jpg,0,781.51,510.98,781.51,510.66,781.63,510.43,781.82,510.33,782.09,510.28,781.84,510.35,782.06,510.18,782.14,510.16,782.17,510.18,782.01,510.45,782.23,510.32,782.30,510.27,782.33,510.23,782.09,510.65,782.27,510.49,782.39,510.38,782.46,510.25,782.14,510.81,782.20,510.68,782.23,510.59,782.26,510.50
EK_00084_P04_06_frame_0000023349_l.jpg,0,506.79,478.73,506.56,478.59,506.45,478.42,506.40,478.25,506.36,478.09,506.58,478.12,506.54,477.93,506.48,477.91,506.43,477.96,506.73,478.07,506.68,477.92,506.60,477.95,506.52,478.04,506.88,478.16,506.82,477.99,506.74,477.99,506.66,478.06,506.97,478.25,506.94,478.12,506.87,478.09,506.79,478.13
EK_00084_P04_06_frame_0000023674_l.jpg,0,548.31,248.56,548.05,248.55,547.88,248.54,547.76,248.45,547.73,248.35,547.84,248.16,547.72,247.97,547.64,247.91,547.56,247.89,547.95,248.04,547.83,247.87,547.74,247.83,547.66,247.83,548.11,248.04,548.01,247.87,547.92,247.79,547.84,247.77,548.23,248.06,548.19,247.97,548.15,247.94,548.10,247.95
EK_00084_P04_06_frame_0000023820_r.jpg,0,957.03,367.39,957.14,367.47,957.31,367.44,957.47,367.36,957.73,367.24,957.50,367.18,957.71,367.06,957.87,367.03,958.05,367.02,957.62,367.09,957.81,367.25,957.70,367.40,957.50,367.37,957.64,367.10,957.77,367.29,957.63,367.43,957.43,367.41,957.65,367.16,957.73,367.28,957.64,367.40,957.49,367.42
EK_00084_P04_06_frame_0000026043_r.jpg,0,1058.79,296.85,1058.99,296.88,1059.28,296.85,1059.54,296.77,1059.89,296.71,1059.41,296.42,1059.74,296.42,1059.96,296.47,1060.21,296.46,1059.51,296.30,1059.82,296.36,1060.03,296.45,1060.28,296.51,1059.50,296.35,1059.76,296.36,1059.98,296.44,1060.19,296.50,1059.49,296.43,1059.67,296.42,1059.82,296.46,1059.97,296.49
EK_00084_P04_06_frame_0000026658_r.jpg,0,1049.79,202.12,1049.65,202.02,1049.61,201.87,1049.76,201.80,1049.95,201.79,1049.90,201.70,1049.95,201.73,1049.99,201.81,1050.05,201.86,1050.10,201.73,1050.17,201.78,1050.23,201.84,1050.30,201.85,1050.22,201.88,1050.29,201.83,1050.33,201.84,1050.35,201.82,1050.29,202.02,1050.28,202.08,1050.21,202.18,1050.11,202.26
EK_00084_P04_06_frame_0000027166_l.jpg,0,499.34,528.98,499.14,528.86,499.00,528.74,498.92,528.62,498.82,528.52,499.17,528.46,499.07,528.33,499.01,528.32,498.95,528.32,499.31,528.43,499.23,528.37,499.17,528.43,499.10,528.52,499.43,528.53,499.36,528.44,499.31,528.49,499.26,528.58,499.51,528.63,499.47,528.54,499.43,528.57,499.38,528.63
EK_00084_P04_06_frame_0000032278_l.jpg,0,319.17,652.11,318.97,652.04,318.88,651.95,318.85,651.83,318.86,651.78,318.91,651.66,318.83,651.59,318.82,651.64,318.82,651.72,319.05,651.59,319.05,651.41,319.05,651.32,319.03,651.22,319.20,651.65,319.21,651.50,319.22,651.40,319.21,651.31,319.31,651.72,319.31,651.63,319.30,651.57,319.27,651.50
EK_00084_P04_06_frame_0000033123_l.jpg,0,423.82,366.25,423.57,366.05,423.48,365.78,423.38,365.54,423.24,365.26,423.74,365.52,423.54,365.29,423.39,365.23,423.26,365.24,423.93,365.43,423.72,365.26,423.55,365.23,423.38,365.29,424.05,365.49,423.87,365.30,423.69,365.28,423.53,365.38,424.11,365.55,423.97,365.41,423.83,365.41,423.72,365.50
EK_00084_P04_06_frame_0000033695_r.jpg,0,1008.82,42.65,1008.65,42.62,1008.57,42.49,1008.70,42.41,1008.89,42.41,1008.76,42.23,1008.81,42.24,1008.82,42.37,1008.79,42.50,1008.95,42.18,1008.99,42.29,1008.98,42.42,1008.94,42.55,1009.12,42.26,1009.18,42.30,1009.15,42.44,1009.08,42.58,1009.24,42.37,1009.38,42.32,1009.38,42.38,1009.29,42.47
EK_00084_P04_06_frame_0000033884_r.jpg,0,995.70,4.20,995.52,4.07,995.48,3.91,995.65,3.84,995.90,3.88,995.80,3.59,995.84,3.61,995.81,3.76,995.73,3.92,996.06,3.59,996.06,3.72,995.99,3.89,995.90,4.04,996.24,3.77,996.27,3.78,996.20,3.93,996.09,4.09,996.35,3.94,996.51,3.89,996.61,3.88,996.67,3.88
EK_00084_P04_06_frame_0000034235_r.jpg,0,1037.84,62.41,1037.86,62.15,1038.01,62.00,1038.19,61.95,1038.31,61.99,1038.22,61.91,1038.40,61.80,1038.37,61.85,1038.30,61.92,1038.36,62.01,1038.53,61.94,1038.48,61.97,1038.39,62.01,1038.40,62.19,1038.56,62.08,1038.54,62.08,1038.46,62.12,1038.41,62.33,1038.51,62.24,1038.47,62.24,1038.37,62.27
EK_00084_P04_06_frame_0000035679_r.jpg,0,1099.08,573.92,1099.03,573.90,1099.11,573.90,1099.17,573.84,1099.35,573.79,1099.04,573.54,1099.07,573.37,1099.13,573.30,1099.20,573.22,1099.15,573.45,1099.18,573.28,1099.26,573.22,1099.34,573.17,1099.26,573.48,1099.29,573.34,1099.37,573.27,1099.43,573.22,1099.36,573.53,1099.40,573.44,1099.44,573.39,1099.48,573.33
EK_00084_P04_06_frame_0000040023_r.jpg,0,1150.89,360.85,1150.84,360.89,1150.80,360.92,1150.81,360.86,1150.94,360.73,1150.82,360.50,1150.80,360.47,1150.84,360.47,1150.89,360.46,1150.92,360.35,1151.03,360.33,1151.14,360.40,1151.29,360.46,1151.05,360.33,1151.13,360.27,1151.25,360.31,1151.39,360.36,1151.17,360.35,1151.23,360.27,1151.32,360.30,1151.40,360.37
EK_00084_P04_06_frame_0000041953_r.jpg,0,961.83,362.73,961.81,362.62,961.89,362.52,962.04,362.40,962.29,362.39,962.07,362.24,962.25,362.12,962.38,362.13,962.52,362.17,962.22,362.23,962.40,362.13,962.51,362.16,962.61,362.24,962.31,362.35,962.44,362.24,962.56,362.25,962.65,362.30,962.37,362.48,962.46,362.39,962.56,362.36,962.62,362.37
EK_00084_P04_06_frame_0000042463_l.jpg,0,714.66,130.20,714.55,129.86,714.41,129.55,714.27,129.28,714.10,128.95,714.82,129.20,714.60,128.91,714.36,128.85,714.09,128.88,714.87,129.18,714.63,128.93,714.37,128.93,714.13,129.01,714.81,129.35,714.62,129.10,714.34,129.09,714.18,129.14,714.71,129.50,714.56,129.32,714.36,129.30,714.24,129.36
EK_00084_P04_06_frame_0000042714_r.jpg,0,942.79,456.65,943.00,456.55,943.17,456.47,943.29,456.35,943.37,456.15,943.02,456.21,943.03,456.03,943.07,455.90,943.14,455.76,942.89,456.12,942.93,455.94,942.99,455.80,943.09,455.68,942.76,456.13,942.82,455.98,942.86,455.84,942.92,455.69,942.68,456.14,942.69,456.03,942.70,455.93,942.74,455.81
EK_0016_P07_101_frame_0000000776_l.jpg,0,536.71,731.30,536.65,731.05,536.55,730.86,536.44,730.74,536.26,730.62,536.47,730.84,536.27,730.74,536.30,730.82,536.41,730.92,536.38,730.94,536.23,730.93,536.31,731.00,536.46,731.07,536.33,731.12,536.20,731.07,536.30,731.14,536.45,731.20,536.28,731.25,536.19,731.22,536.28,731.26,536.41,731.30
EK_0016_P07_101_frame_0000002469_r.jpg,0,1040.17,579.82,1040.30,579.80,1040.43,579.72,1040.54,579.64,1040.68,579.50,1040.28,579.48,1040.34,579.33,1040.43,579.24,1040.55,579.16,1040.24,579.36,1040.35,579.21,1040.48,579.17,1040.63,579.19,1040.24,579.33,1040.39,579.28,1040.54,579.30,1040.68,579.36,1040.25,579.33,1040.37,579.31,1040.49,579.33,1040.60,579.39
EK_0016_P07_101_frame_0000003151_l.jpg,0,654.15,554.71,653.98,554.68,653.86,554.66,653.78,554.62,653.73,554.58,653.93,554.41,653.89,554.31,653.86,554.27,653.85,554.25,654.02,554.38,653.99,554.29,653.96,554.26,653.93,554.23,654.13,554.43,654.08,554.39,654.05,554.41,654.02,554.42,654.21,554.50,654.17,554.49,654.14,554.50,654.09,554.52
EK_0016_P07_101_frame_0000003348_r.jpg,0,1231.82,172.29,1231.71,172.34,1231.85,172.33,1232.02,172.26,1232.29,172.22,1231.72,171.90,1231.80,171.84,1231.92,171.98,1232.02,172.15,1231.88,171.75,1232.06,171.85,1232.15,172.01,1232.22,172.21,1232.07,171.76,1232.19,171.77,1232.28,171.94,1232.32,172.14,1232.22,171.80,1232.35,171.77,1232.44,171.84,1232.47,171.96
EK_0016_P07_101_frame_0000004586_l.jpg,0,511.25,206.79,510.93,206.76,510.72,206.63,510.56,206.49,510.33,206.32,510.71,206.44,510.55,206.21,510.46,206.10,510.38,205.98,510.84,206.29,510.67,206.09,510.56,205.98,510.46,205.91,511.03,206.21,510.86,206.04,510.75,205.93,510.64,205.85,511.17,206.17,511.04,206.05,510.94,206.01,510.85,205.99
EK_0016_P07_101_frame_0000005268_l.jpg,0,348.14,658.19,347.88,658.07,347.66,657.96,347.47,657.86,347.24,657.75,347.75,657.58,347.51,657.50,347.34,657.53,347.19,657.65,347.81,657.53,347.58,657.53,347.43,657.64,347.33,657.82,347.91,657.64,347.68,657.61,347.53,657.73,347.47,657.89,347.96,657.77,347.80,657.71,347.66,657.78,347.61,657.90
EK_0016_P07_101_frame_0000005488_l.jpg,0,614.35,255.86,614.13,255.90,613.93,255.93,613.75,255.93,613.54,255.96,613.87,255.56,613.72,255.42,613.63,255.35,613.54,255.27,613.96,255.42,613.84,255.26,613.76,255.17,613.67,255.06,614.13,255.38,614.01,255.24,613.93,255.12,613.84,255.02,614.28,255.39,614.23,255.25,614.19,255.14,614.14,255.03
EK_0016_P07_101_frame_0000006936_r.jpg,0,1353.05,358.07,1353.25,357.98,1353.38,357.86,1353.46,357.75,1353.52,357.58,1353.19,357.82,1353.17,357.62,1353.19,357.49,1353.22,357.35,1353.04,357.76,1353.05,357.55,1353.07,357.41,1353.11,357.28,1352.90,357.73,1352.95,357.55,1352.98,357.40,1353.05,357.28,1352.82,357.69,1352.83,357.56,1352.87,357.45,1352.96,357.36
EK_0016_P07_101_frame_0000007678_r.jpg,0,785.40,570.01,785.52,569.97,785.74,569.91,785.93,569.84,786.20,569.80,785.72,569.52,785.96,569.48,786.12,569.53,786.28,569.62,785.79,569.44,786.02,569.44,786.18,569.50,786.34,569.59,785.82,569.50,786.00,569.47,786.17,569.53,786.31,569.61,785.85,569.58,785.96,569.53,786.09,569.54,786.19,569.58
EK_0016_P07_101_frame_0000008786_l.jpg,0,446.32,405.71,446.18,405.46,445.99,405.29,445.83,405.16,445.59,405.00,446.10,405.00,445.92,404.83,445.74,404.83,445.54,404.88,446.07,405.04,445.81,405.01,445.62,405.05,445.42,405.10,446.04,405.22,445.80,405.19,445.61,405.25,445.42,405.29,445.99,405.38,445.83,405.34,445.69,405.36,445.54,405.38
EK_0016_P07_101_frame_0000009901_l.jpg,0,719.96,325.80,719.71,325.68,719.50,325.61,719.32,325.55,719.19,325.51,719.63,325.21,719.44,325.13,719.32,325.22,719.22,325.36,719.72,325.16,719.52,325.19,719.39,325.28,719.26,325.41,719.82,325.26,719.63,325.23,719.48,325.33,719.35,325.46,719.88,325.37,719.75,325.31,719.62,325.35,719.50,325.44
EK_0016_P07_101_frame_0000011086_r.jpg,0,1045.05,388.94,1045.13,388.93,1045.28,388.89,1045.40,388.84,1045.57,388.77,1044.96,388.66,1044.89,388.49,1045.00,388.41,1045.16,388.40,1044.90,388.52,1044.89,388.35,1045.03,388.29,1045.19,388.34,1044.93,388.46,1044.93,388.32,1045.06,388.24,1045.20,388.30,1044.97,388.42,1045.03,388.32,1045.12,388.26,1045.21,388.31
EK_0016_P07_101_frame_0000011142_l.jpg,0,662.55,306.50,662.66,306.21,662.59,305.97,662.48,305.80,662.31,305.59,662.74,305.85,662.65,305.61,662.53,305.48,662.40,305.33,662.61,305.88,662.47,305.67,662.33,305.54,662.23,305.37,662.44,306.01,662.35,305.79,662.21,305.67,662.13,305.50,662.30,306.11,662.22,305.96,662.12,305.84,662.05,305.70
EK_0016_P07_101_frame_0000011276_l.jpg,0,591.29,537.87,591.09,537.80,590.99,537.76,590.92,537.70,590.85,537.66,591.06,537.48,590.99,537.40,590.94,537.44,590.88,537.52,591.17,537.45,591.10,537.40,591.04,537.45,590.98,537.51,591.29,537.53,591.22,537.48,591.15,537.52,591.07,537.59,591.37,537.62,591.32,537.59,591.26,537.61,591.18,537.64
EK_0016_P07_101_frame_0000011621_r.jpg,0,995.65,461.12,995.57,461.07,995.63,461.11,995.73,461.14,995.86,461.19,995.74,460.71,995.85,460.56,995.92,460.52,995.98,460.52,995.90,460.67,996.01,460.54,996.09,460.53,996.16,460.54,996.03,460.76,996.11,460.63,996.20,460.59,996.28,460.56,996.11,460.86,996.17,460.84,996.22,460.84,996.26,460.82
EK_0016_P07_101_frame_0000012176_r.jpg,0,928.72,229.88,928.69,229.78,928.70,229.74,928.76,229.67,928.92,229.65,928.92,229.35,929.04,229.17,929.16,229.12,929.30,229.09,929.08,229.31,929.22,229.13,929.35,229.08,929.48,229.06,929.19,229.42,929.29,229.24,929.43,229.17,929.52,229.14,929.26,229.54,929.38,229.42,929.49,229.36,929.55,229.31
EK_0016_P07_101_frame_0000012329_l.jpg,0,617.45,484.51,617.27,484.51,617.04,484.45,616.85,484.36,616.67,484.17,617.21,484.09,617.05,483.90,616.90,483.92,616.84,484.04,617.24,483.92,617.05,483.77,616.89,483.82,616.79,483.97,617.27,483.89,617.07,483.78,616.91,483.86,616.84,484.03,617.26,483.90,617.11,483.84,616.98,483.90,616.94,484.04
EK_0016_P07_101_frame_0000012621_l.jpg,0,587.62,566.73,587.44,566.53,587.25,566.38,587.09,566.23,586.89,566.07,587.36,566.05,587.23,565.86,587.06,565.85,586.88,565.93,587.38,566.05,587.17,565.94,586.99,565.98,586.82,566.04,587.39,566.20,587.21,566.06,587.02,566.09,586.88,566.14,587.38,566.34,587.26,566.22,587.11,566.22,587.01,566.26
EK_0016_P07_101_frame_0000013513_l.jpg,0,539.80,213.99,539.54,213.91,539.35,213.73,539.24,213.54,539.09,213.33,539.50,213.41,539.32,213.23,539.20,213.20,539.09,213.22,539.62,213.28,539.47,213.08,539.34,213.12,539.22,213.23,539.74,213.29,539.60,213.10,539.44,213.12,539.32,213.24,539.79,213.33,539.67,213.20,539.54,213.21,539.44,213.30
EK_0016_P07_101_frame_0000015562_r.jpg,0,941.35,289.63,941.25,289.59,941.26,289.52,941.29,289.40,941.39,289.32,941.26,289.17,941.36,289.14,941.44,289.24,941.48,289.40,941.40,289.06,941.52,289.11,941.57,289.25,941.59,289.42,941.56,289.10,941.65,289.06,941.69,289.20,941.72,289.35,941.68,289.17,941.76,289.08,941.78,289.15,941.75,289.26
EK_0016_P07_101_frame_0000016025_r.jpg,0,1008.25,597.71,1008.30,597.59,1008.37,597.40,1008.43,597.22,1008.47,596.98,1008.02,597.28,1008.06,597.06,1008.14,596.93,1008.27,596.80,1007.93,597.20,1007.98,596.99,1008.07,596.85,1008.18,596.72,1007.95,597.20,1007.98,597.03,1008.07,596.88,1008.19,596.78,1008.00,597.20,1008.04,597.08,1008.10,596.98,1008.20,596.89
EK_0016_P07_101_frame_0000016611_l.jpg,0,623.98,-461.43,623.37,-461.50,622.87,-461.68,622.44,-461.87,621.82,-461.96,622.84,-462.49,622.33,-462.68,622.17,-462.38,622.28,-461.98,622.98,-462.72,622.50,-462.65,622.45,-462.27,622.62,-461.88,623.24,-462.62,622.77,-462.61,622.69,-462.21,622.88,-461.87,623.42,-462.46,623.07,-462.54,622.98,-462.23,623.09,-461.99
EK_0016_P07_101_frame_0000016734_l.jpg,0,352.84,854.80,352.87,854.55,352.85,854.35,352.79,854.18,352.72,854.00,353.07,854.33,352.95,854.16,352.85,854.06,352.70,854.02,353.05,854.40,352.89,854.27,352.77,854.19,352.64,854.13,352.95,854.54,352.87,854.37,352.73,854.30,352.63,854.22,352.85,854.63,352.82,854.50,352.74,854.41,352.68,854.37
EK_0016_P07_101_frame_0000016778_r.jpg,0,269.94,546.74,269.87,546.50,269.82,546.31,269.81,546.14,269.83,545.99,270.06,546.20,269.98,546.05,269.84,546.07,269.74,546.19,270.11,546.25,269.98,546.15,269.84,546.21,269.79,546.30,270.08,546.41,270.00,546.27,269.84,546.31,269.84,546.38,270.03,546.53,269.98,546.42,269.86,546.44,269.85,546.48
EK_0016_P07_101_frame_0000016822_l.jpg,0,386.09,511.90,385.96,511.68,385.87,511.49,385.83,511.31,385.81,511.11,386.11,511.27,386.02,511.09,385.90,511.04,385.76,511.06,386.20,511.27,386.05,511.16,385.92,511.13,385.76,511.14,386.22,511.40,386.10,511.27,385.95,511.26,385.78,511.30,386.21,511.52,386.12,511.41,386.00,511.40,385.88,511.44
EK_0016_P07_101_frame_0000016850_l.jpg,0,554.73,461.42,554.53,461.27,554.38,461.10,554.27,460.93,554.17,460.74,554.56,460.79,554.42,460.61,554.28,460.60,554.14,460.68,554.65,460.72,554.50,460.58,554.36,460.66,554.27,460.82,554.72,460.80,554.56,460.66,554.41,460.76,554.36,460.93,554.74,460.89,554.62,460.79,554.50,460.84,554.45,460.95
EK_0016_P07_101_frame_0000018553_r.jpg,0,951.41,130.29,951.50,130.33,951.60,130.36,951.71,130.34,951.79,130.20,951.40,130.13,951.33,130.11,951.40,130.04,951.53,130.03,951.36,130.00,951.49,129.88,951.61,129.84,951.74,129.87,951.37,129.92,951.51,129.85,951.64,129.82,951.77,129.85,951.40,129.87,951.49,129.83,951.59,129.81,951.68,129.86
EK_0016_P07_101_frame_0000018586_l.jpg,0,335.76,751.05,335.64,750.76,335.47,750.54,335.29,750.36,335.07,750.11,335.78,750.19,335.64,749.94,335.43,749.92,335.20,749.94,335.80,750.18,335.56,750.02,335.34,750.01,335.10,750.04,335.75,750.35,335.53,750.18,335.29,750.16,335.07,750.16,335.67,750.49,335.52,750.36,335.37,750.29,335.20,750.19
EK_0016_P07_101_frame_0000018893_l.jpg,0,573.20,671.34,572.97,671.18,572.75,671.11,572.55,671.04,572.37,670.93,572.89,670.71,572.67,670.61,572.52,670.68,572.43,670.84,572.96,670.68,572.73,670.70,572.60,670.82,572.54,670.98,573.03,670.81,572.81,670.79,572.68,670.93,572.68,671.05,573.06,670.94,572.91,670.90,572.78,670.97,572.75,671.06
EK_0016_P07_101_frame_0000019226_r.jpg,0,911.93,605.40,911.99,605.28,912.12,605.10,912.22,604.93,912.38,604.74,911.83,604.85,912.01,604.69,912.16,604.67,912.33,604.68,911.80,604.75,912.01,604.65,912.18,604.65,912.35,604.69,911.85,604.78,912.02,604.67,912.19,604.66,912.34,604.71,911.92,604.82,912.04,604.75,912.16,604.73,912.27,604.76
EK_0016_P07_101_frame_0000020234_r.jpg,0,1196.58,523.50,1196.61,523.50,1196.63,523.51,1196.67,523.46,1196.79,523.32,1196.51,523.17,1196.57,523.06,1196.65,523.01,1196.76,522.95,1196.54,523.04,1196.60,522.91,1196.71,522.89,1196.84,522.87,1196.61,523.01,1196.61,522.88,1196.71,522.83,1196.83,522.79,1196.68,523.01,1196.70,522.90,1196.78,522.85,1196.86,522.84
EK_0016_P07_101_frame_0000021876_l.jpg,0,600.62,294.39,600.33,294.39,600.14,294.26,600.05,294.07,600.07,293.89,600.04,294.04,599.93,293.90,600.00,293.94,600.11,294.03,600.14,293.88,600.02,293.69,600.04,293.73,600.10,293.84,600.33,293.81,600.20,293.66,600.22,293.73,600.27,293.85,600.47,293.78,600.36,293.68,600.34,293.71,600.36,293.80
EK_0016_P07_101_frame_0000022418_l.jpg,0,367.09,380.01,366.78,379.97,366.55,379.86,366.36,379.73,366.16,379.59,366.58,379.46,366.35,379.36,366.23,379.43,366.16,379.57,366.67,379.33,366.44,379.26,366.33,379.39,366.26,379.57,366.80,379.36,366.57,379.32,366.44,379.45,366.37,379.64,366.89,379.42,366.72,379.36,366.61,379.45,366.55,379.59
EK_0016_P07_101_frame_0000022786_l.jpg,0,564.58,676.41,564.67,676.19,564.62,675.99,564.54,675.83,564.40,675.65,564.74,675.85,564.60,675.68,564.49,675.66,564.40,675.70,564.64,675.85,564.52,675.69,564.41,675.64,564.35,675.65,564.50,675.95,564.44,675.77,564.34,675.69,564.30,675.68,564.38,676.04,564.30,675.93,564.22,675.85,564.15,675.77
EK_0017_P07_103_frame_0000000825_l.jpg,0,749.20,414.75,749.24,414.55,749.21,414.39,749.16,414.27,749.10,414.14,749.32,414.43,749.27,414.34,749.17,414.29,749.05,414.25,749.27,414.50,749.16,414.42,749.04,414.37,748.96,414.32,749.17,414.61,749.07,414.51,748.96,414.45,748.88,414.39,749.08,414.68,749.00,414.60,748.92,414.54,748.86,414.48
EK_0017_P07_103_frame_0000001163_l.jpg,0,515.87,802.99,515.90,802.79,515.81,802.68,515.73,802.60,515.63,802.49,515.93,802.64,515.83,802.55,515.73,802.51,515.62,802.47,515.86,802.69,515.74,802.60,515.63,802.55,515.55,802.48,515.77,802.79,515.68,802.68,515.58,802.62,515.52,802.52,515.69,802.86,515.64,802.77,515.59,802.69,515.54,802.57
EK_0017_P07_103_frame_0000001480_l.jpg,0,414.86,763.90,414.62,763.76,414.45,763.64,414.30,763.54,414.13,763.38,414.58,763.33,414.43,763.23,414.30,763.28,414.19,763.42,414.67,763.33,414.49,763.31,414.35,763.41,414.26,763.57,414.77,763.48,414.59,763.43,414.45,763.53,414.37,763.68,414.81,763.61,414.67,763.58,414.54,763.61,414.47,763.69
EK_0018_P07_110_frame_0000000565_r.jpg,0,717.19,652.22,717.05,652.19,716.93,652.20,716.88,652.18,716.95,652.18,717.13,651.84,717.18,651.78,717.21,651.91,717.24,652.08,717.29,651.78,717.33,651.80,717.33,651.95,717.31,652.12,717.44,651.85,717.45,651.85,717.45,652.00,717.43,652.17,717.55,651.93,717.57,651.90,717.56,651.99,717.50,652.10
EK_0018_P07_110_frame_0000000743_r.jpg,0,613.90,684.04,613.94,683.97,614.10,683.90,614.26,683.83,614.50,683.73,614.05,683.52,614.25,683.44,614.39,683.50,614.47,683.66,614.15,683.44,614.34,683.37,614.47,683.47,614.50,683.65,614.23,683.50,614.38,683.42,614.52,683.51,614.51,683.67,614.31,683.59,614.44,683.57,614.53,683.61,614.49,683.71
EK_0018_P07_110_frame_0000002076_r.jpg,0,815.76,382.25,815.74,382.15,815.93,382.02,816.10,381.89,816.32,381.77,815.96,381.56,816.22,381.53,816.36,381.66,816.46,381.86,816.15,381.47,816.37,381.47,816.45,381.68,816.47,381.92,816.30,381.59,816.45,381.54,816.55,381.71,816.59,381.92,816.41,381.73,816.52,381.70,816.59,381.77,816.62,381.87
EK_0018_P07_110_frame_0000003176_l.jpg,0,416.14,486.02,416.14,485.71,415.99,485.49,415.85,485.31,415.68,485.04,416.26,485.25,416.07,485.04,415.90,484.96,415.70,484.85,416.20,485.29,415.98,485.11,415.80,485.03,415.60,484.93,416.07,485.46,415.90,485.27,415.71,485.16,415.54,485.07,415.95,485.60,415.82,485.47,415.70,485.37,415.56,485.22
EK_0018_P07_110_frame_0000003476_l.jpg,0,221.24,550.02,221.32,549.72,221.17,549.44,220.97,549.25,220.74,548.97,221.50,549.14,221.31,548.87,221.10,548.80,220.86,548.76,221.40,549.11,221.15,548.91,220.94,548.89,220.74,548.92,221.21,549.25,221.00,549.09,220.78,549.06,220.61,549.09,221.04,549.37,220.91,549.22,220.78,549.14,220.64,549.06
EK_0018_P07_110_frame_0000003521_l.jpg,0,9.09,384.87,8.96,384.56,8.67,384.36,8.39,384.25,8.02,384.06,8.89,383.86,8.55,383.69,8.31,383.72,8.04,383.83,8.81,383.86,8.46,383.79,8.23,383.89,8.07,384.06,8.72,384.08,8.42,384.00,8.17,384.07,8.03,384.21,8.63,384.28,8.43,384.20,8.26,384.19,8.08,384.19
EK_0018_P07_110_frame_0000003675_r.jpg,0,909.84,564.85,910.19,564.90,910.42,564.72,910.58,564.50,910.80,564.24,910.72,564.70,910.99,564.51,911.12,564.35,911.25,564.16,910.66,564.50,910.92,564.32,911.06,564.14,911.19,563.98,910.45,564.34,910.70,564.21,910.85,564.02,911.02,563.88,910.27,564.22,910.44,564.12,910.58,564.00,910.78,563.89
EK_0018_P07_110_frame_0000005630_l.jpg,0,484.98,466.19,484.80,465.98,484.61,465.86,484.47,465.78,484.29,465.67,484.93,465.53,484.92,465.30,484.85,465.21,484.73,465.15,485.04,465.53,484.94,465.37,484.83,465.30,484.69,465.25,485.09,465.67,485.00,465.52,484.88,465.45,484.73,465.40,485.09,465.80,484.97,465.74,484.86,465.69,484.79,465.61
EK_0018_P07_110_frame_0000005676_r.jpg,0,946.39,387.39,946.35,387.13,946.54,386.91,946.71,386.72,946.90,386.45,946.37,386.50,946.53,386.25,946.71,386.28,946.83,386.46,946.52,386.46,946.63,386.16,946.80,386.20,946.92,386.37,946.69,386.61,946.81,386.36,946.99,386.31,947.09,386.45,946.84,386.76,946.95,386.59,947.07,386.51,947.10,386.59
EK_0018_P07_110_frame_0000005993_r.jpg,0,924.51,541.39,924.56,541.35,924.59,541.24,924.64,541.13,924.76,540.95,924.57,540.98,924.75,540.89,924.85,540.98,924.82,541.13,924.61,540.87,924.80,540.92,924.88,541.04,924.86,541.19,924.67,540.89,924.82,540.86,924.92,540.98,924.90,541.14,924.73,540.92,924.78,540.80,924.89,540.80,924.92,540.88
EK_0018_P07_110_frame_0000006712_r.jpg,0,704.64,422.67,704.90,422.53,705.01,422.27,705.09,422.05,705.19,421.74,704.77,422.10,704.80,421.86,704.87,421.67,704.97,421.48,704.59,421.98,704.60,421.73,704.69,421.54,704.84,421.37,704.45,421.98,704.46,421.75,704.53,421.54,704.66,421.35,704.38,421.98,704.44,421.80,704.49,421.63,704.52,421.44
EK_0018_P07_110_frame_0000006967_r.jpg,0,879.23,335.95,879.39,335.86,879.46,335.64,879.54,335.46,879.65,335.22,879.20,335.49,879.21,335.25,879.30,335.10,879.44,334.97,879.08,335.36,879.19,335.15,879.31,335.02,879.49,334.92,879.04,335.34,879.14,335.16,879.25,335.00,879.37,334.87,879.05,335.33,879.13,335.19,879.20,335.06,879.23,334.90
EK_0018_P07_110_frame_0000007851_l.jpg,0,-150.24,213.36,-150.70,213.20,-151.07,212.95,-151.37,212.70,-151.77,212.41,-150.94,212.28,-151.33,212.04,-151.59,212.12,-151.74,212.42,-150.84,212.14,-151.25,211.99,-151.49,212.18,-151.62,212.52,-150.70,212.30,-151.05,212.10,-151.35,212.27,-151.42,212.62,-150.64,212.49,-150.92,212.43,-151.12,212.62,-151.11,212.85
EK_0018_P07_110_frame_0000008259_l.jpg,0,541.62,433.02,541.26,433.00,541.02,432.85,540.85,432.67,540.64,432.45,540.97,432.46,540.83,432.19,540.81,432.25,540.86,432.42,541.11,432.27,540.99,432.18,540.99,432.30,541.02,432.47,541.35,432.26,541.19,432.18,541.17,432.32,541.22,432.54,541.53,432.29,541.40,432.22,541.37,432.33,541.38,432.49
EK_0018_P07_110_frame_0000008351_r.jpg,0,1014.36,416.62,1014.46,416.58,1014.68,416.55,1014.88,416.51,1015.13,416.44,1014.44,416.08,1014.45,415.82,1014.56,415.70,1014.74,415.67,1014.48,415.93,1014.55,415.70,1014.74,415.66,1014.94,415.71,1014.55,415.94,1014.62,415.75,1014.79,415.65,1014.98,415.64,1014.62,415.99,1014.72,415.86,1014.84,415.79,1014.96,415.77
EK_0018_P07_110_frame_0000008451_r.jpg,0,989.53,455.52,989.59,455.47,989.80,455.44,989.97,455.41,990.21,455.34,989.55,454.96,989.56,454.70,989.66,454.57,989.83,454.53,989.60,454.81,989.66,454.57,989.84,454.54,990.04,454.58,989.68,454.82,989.76,454.64,989.92,454.54,990.12,454.52,989.78,454.86,989.86,454.74,989.97,454.67,990.09,454.64
EK_0018_P07_110_frame_0000008626_r.jpg,0,980.21,476.41,980.27,476.39,980.42,476.38,980.58,476.37,980.79,476.31,980.17,475.90,980.13,475.66,980.20,475.54,980.37,475.50,980.20,475.73,980.24,475.51,980.40,475.47,980.61,475.50,980.28,475.71,980.34,475.54,980.48,475.46,980.68,475.48,980.38,475.73,980.44,475.59,980.54,475.52,980.65,475.57
EK_0018_P07_110_frame_0000008926_l.jpg,0,870.00,66.02,869.49,65.99,869.09,65.95,868.73,65.89,868.26,65.91,869.10,65.22,868.83,64.91,868.65,64.80,868.47,64.73,869.28,65.01,869.07,64.71,868.89,64.72,868.71,64.81,869.56,65.04,869.28,64.86,869.11,64.90,868.96,65.03,869.76,65.13,869.54,65.06,869.42,65.11,869.31,65.21
EK_0018_P07_110_frame_0000009146_l.jpg,0,684.56,422.57,684.25,422.48,683.99,422.45,683.77,422.40,683.56,422.33,684.13,421.93,684.03,421.67,683.91,421.59,683.79,421.61,684.27,421.82,684.10,421.66,683.97,421.67,683.85,421.74,684.44,421.87,684.29,421.72,684.15,421.73,684.03,421.84,684.54,421.95,684.42,421.91,684.31,421.92,684.18,421.94
EK_0018_P07_110_frame_0000009750_l.jpg,0,-80.00,616.19,-80.08,615.82,-80.26,615.60,-80.41,615.40,-80.52,615.21,-79.63,615.43,-79.51,615.22,-79.70,615.23,-79.91,615.33,-79.47,615.55,-79.46,615.37,-79.67,615.38,-79.89,615.46,-79.47,615.78,-79.47,615.59,-79.68,615.59,-79.91,615.67,-79.52,615.97,-79.51,615.82,-79.67,615.78,-79.84,615.81
EK_0018_P07_110_frame_0000010692_l.jpg,0,623.25,533.01,623.13,532.81,623.03,532.66,622.95,532.52,622.87,532.37,623.30,532.48,623.30,532.34,623.21,532.33,623.09,532.37,623.39,532.53,623.30,532.45,623.20,532.43,623.07,532.44,623.42,532.67,623.34,532.59,623.23,532.57,623.10,532.58,623.41,532.79,623.35,532.74,623.27,532.71,623.19,532.66
EK_0018_P07_110_frame_0000011113_l.jpg,0,583.09,529.41,582.91,529.25,582.78,529.10,582.70,528.95,582.61,528.78,583.04,528.85,582.99,528.74,582.93,528.77,582.87,528.86,583.19,528.85,583.11,528.83,583.05,528.86,582.96,528.94,583.30,528.98,583.23,528.94,583.16,528.99,583.08,529.07,583.36,529.10,583.34,529.09,583.27,529.12,583.20,529.13
EK_0018_P07_110_frame_0000011476_l.jpg,0,658.48,362.72,658.30,362.52,658.10,362.43,657.93,362.34,657.76,362.27,658.43,362.07,658.46,361.84,658.40,361.72,658.31,361.64,658.55,362.05,658.52,361.84,658.44,361.75,658.32,361.68,658.62,362.16,658.58,361.97,658.50,361.87,658.38,361.81,658.65,362.26,658.58,362.15,658.51,362.08,658.43,362.01
EK_0018_P07_110_frame_0000011515_r.jpg,0,855.14,322.42,855.38,322.24,855.65,322.10,855.90,321.98,856.24,321.87,855.37,321.57,855.54,321.27,855.72,321.14,855.96,321.04,855.31,321.46,855.52,321.21,855.73,321.10,855.99,321.04,855.28,321.55,855.45,321.31,855.67,321.18,855.92,321.09,855.29,321.67,855.39,321.49,855.54,321.36,855.72,321.23
EK_0018_P07_110_frame_0000011748_r.jpg,0,1043.72,103.60,1044.01,103.19,1044.19,102.92,1044.25,102.70,1044.31,102.39,1043.64,102.37,1043.64,101.92,1043.63,101.66,1043.65,101.59,1043.29,102.40,1043.16,101.98,1043.06,101.75,1043.15,101.67,1043.06,102.68,1042.86,102.35,1042.69,102.22,1042.73,102.12,1042.93,102.94,1042.75,102.89,1042.61,102.89,1042.53,102.84
EK_0018_P07_110_frame_0000012249_l.jpg,0,781.35,395.43,781.25,395.16,781.20,394.95,781.15,394.80,781.11,394.70,781.34,394.82,781.22,394.65,781.08,394.59,780.90,394.58,781.35,394.90,781.23,394.75,781.08,394.71,780.89,394.72,781.32,395.08,781.24,394.93,781.07,394.87,780.90,394.87,781.26,395.22,781.16,395.13,781.04,395.06,780.93,395.02
EK_0018_P07_110_frame_0000012480_r.jpg,0,837.40,315.64,837.45,315.57,837.62,315.47,837.79,315.39,838.04,315.36,837.44,315.11,837.53,314.92,837.67,314.86,837.82,314.91,837.49,315.00,837.61,314.82,837.76,314.78,837.92,314.81,837.57,315.04,837.63,314.85,837.78,314.78,837.92,314.79,837.64,315.09,837.74,314.98,837.85,314.94,837.93,314.98
EK_0018_P07_110_frame_0000012619_r.jpg,0,492.27,338.31,492.40,338.28,492.60,338.23,492.78,338.20,493.03,338.11,492.40,337.84,492.53,337.66,492.69,337.63,492.87,337.69,492.39,337.70,492.57,337.55,492.74,337.54,492.91,337.63,492.41,337.69,492.59,337.59,492.77,337.60,492.93,337.69,492.45,337.71,492.59,337.68,492.73,337.70,492.85,337.77
EK_0025_P09_103_frame_0000000492_r.jpg,0,687.73,271.39,687.82,271.36,687.99,271.32,688.14,271.26,688.35,271.16,687.87,270.97,687.96,270.80,688.10,270.77,688.26,270.80,687.90,270.86,688.07,270.76,688.21,270.77,688.36,270.83,687.93,270.87,688.06,270.79,688.22,270.79,688.36,270.84,687.97,270.91,688.05,270.83,688.16,270.81,688.25,270.85
EK_0025_P09_103_frame_0000000576_l.jpg,0,409.21,342.69,408.91,342.59,408.67,342.55,408.48,342.51,408.31,342.52,408.79,342.10,408.60,341.97,408.48,341.98,408.40,342.04,408.94,342.03,408.80,341.93,408.70,342.03,408.61,342.20,409.11,342.12,408.96,342.04,408.86,342.14,408.79,342.32,409.23,342.23,409.13,342.16,409.04,342.23,408.96,342.35
EK_0025_P09_103_frame_0000000626_l.jpg,0,300.46,326.47,300.15,326.34,299.91,326.26,299.71,326.19,299.53,326.17,300.10,325.83,299.91,325.68,299.78,325.68,299.67,325.72,300.26,325.79,300.12,325.67,300.01,325.77,299.91,325.95,300.43,325.92,300.28,325.80,300.16,325.89,300.06,326.06,300.53,326.05,300.43,325.96,300.33,326.01,300.23,326.13
EK_0025_P09_103_frame_0000000934_r.jpg,0,1201.26,-265.50,1201.07,-265.51,1200.90,-265.37,1200.81,-265.41,1200.95,-265.63,1200.75,-266.06,1200.78,-266.31,1200.93,-266.18,1201.04,-265.97,1200.86,-266.26,1200.85,-266.56,1201.00,-266.46,1201.09,-266.24,1201.09,-266.30,1201.04,-266.57,1201.16,-266.47,1201.24,-266.24,1201.30,-266.30,1201.25,-266.46,1201.32,-266.35,1201.35,-266.16
EK_0025_P09_103_frame_0000005959_r.jpg,0,929.36,479.29,929.44,479.30,929.51,479.23,929.61,479.05,929.77,478.79,929.55,478.81,929.63,478.58,929.82,478.64,929.88,478.82,929.63,478.66,929.87,478.55,930.01,478.68,930.09,478.87,929.71,478.66,929.90,478.56,930.09,478.66,930.19,478.85,929.79,478.71,929.90,478.60,930.06,478.64,930.12,478.76
EK_0025_P09_103_frame_0000007551_l.jpg,0,830.86,493.75,830.90,493.55,830.90,493.40,830.90,493.26,830.88,493.08,830.82,493.34,830.76,493.20,830.72,493.10,830.68,492.99,830.72,493.39,830.65,493.26,830.59,493.16,830.56,493.06,830.64,493.49,830.61,493.36,830.56,493.26,830.54,493.15,830.57,493.57,830.55,493.49,830.51,493.41,830.50,493.32
EK_0025_P09_103_frame_0000008921_r.jpg,0,931.96,283.29,931.81,283.18,931.72,283.02,931.78,282.85,931.93,282.73,931.93,282.68,931.96,282.72,931.99,282.83,932.01,282.90,932.13,282.62,932.20,282.52,932.21,282.63,932.19,282.78,932.31,282.73,932.46,282.57,932.58,282.52,932.67,282.47,932.44,282.86,932.52,282.70,932.55,282.66,932.53,282.63
EK_0025_P09_103_frame_0000012195_r.jpg,0,794.02,367.68,794.34,367.51,794.69,367.51,794.98,367.44,795.28,367.35,794.49,366.77,794.71,366.49,794.92,366.38,795.19,366.31,794.44,366.66,794.73,366.47,794.98,366.44,795.27,366.46,794.37,366.78,794.64,366.59,794.91,366.54,795.21,366.54,794.34,366.92,794.55,366.79,794.76,366.72,794.98,366.69
EK_0025_P09_103_frame_0000015151_r.jpg,0,1149.54,467.00,1149.65,466.86,1149.79,466.67,1149.88,466.47,1150.03,466.22,1149.66,466.32,1149.76,466.08,1149.88,465.96,1150.06,465.85,1149.68,466.23,1149.76,465.98,1149.95,465.98,1150.11,466.11,1149.72,466.31,1149.83,466.13,1150.02,466.13,1150.17,466.27,1149.78,466.40,1149.85,466.26,1149.99,466.22,1150.07,466.31
EK_0025_P09_103_frame_0000017071_l.jpg,0,384.69,591.33,384.51,591.14,384.36,591.00,384.32,590.82,384.44,590.71,384.65,590.76,384.54,590.62,384.50,590.73,384.52,590.88,384.82,590.73,384.72,590.64,384.66,590.74,384.61,590.89,384.94,590.81,384.85,590.70,384.80,590.79,384.77,590.93,385.01,590.88,384.96,590.80,384.92,590.87,384.88,590.98
EK_0025_P09_103_frame_0000017434_l.jpg,0,337.69,382.77,337.37,382.66,337.13,382.56,336.93,382.44,336.75,382.36,337.28,382.12,337.18,381.86,337.10,381.84,337.05,381.91,337.46,382.04,337.37,381.93,337.30,382.03,337.23,382.17,337.66,382.14,337.52,382.06,337.45,382.16,337.41,382.31,337.80,382.26,337.72,382.19,337.67,382.26,337.63,382.39
EK_0025_P09_103_frame_0000017601_l.jpg,0,331.88,13.63,331.68,13.43,331.47,13.37,331.29,13.33,331.09,13.33,331.77,13.07,331.71,12.96,331.60,12.96,331.49,13.00,331.90,13.12,331.79,13.09,331.67,13.12,331.52,13.16,331.98,13.29,331.87,13.21,331.75,13.24,331.61,13.28,332.02,13.45,331.92,13.38,331.83,13.37,331.70,13.39
EK_0025_P09_103_frame_0000018894_r.jpg,0,844.65,225.02,844.80,225.02,844.95,225.01,845.10,224.97,845.22,224.79,844.87,224.67,845.07,224.63,845.16,224.73,845.15,224.87,844.85,224.54,845.05,224.58,845.08,224.70,844.97,224.81,844.83,224.52,845.00,224.53,845.07,224.66,844.94,224.75,844.84,224.53,844.95,224.49,845.02,224.58,844.97,224.67
EK_0025_P09_103_frame_0000019294_l.jpg,0,573.60,301.23,573.35,301.16,573.19,301.02,573.10,300.88,573.01,300.76,573.25,300.71,573.14,300.63,573.14,300.74,573.18,300.88,573.40,300.62,573.33,300.62,573.33,300.75,573.35,300.90,573.57,300.68,573.50,300.57,573.49,300.68,573.51,300.82,573.69,300.75,573.64,300.65,573.64,300.73,573.65,300.85
EK_0025_P09_103_frame_0000022576_l.jpg,0,485.03,283.48,484.86,283.24,484.62,283.06,484.38,282.96,484.04,282.84,484.87,282.62,484.55,282.56,484.34,282.61,484.11,282.70,484.87,282.58,484.56,282.60,484.34,282.66,484.12,282.75,484.84,282.74,484.58,282.64,484.36,282.72,484.19,282.82,484.79,282.89,484.61,282.79,484.44,282.81,484.32,282.91
EK_0025_P09_103_frame_0000027507_l.jpg,0,575.94,282.67,575.65,282.56,575.48,282.41,575.36,282.26,575.26,282.16,575.56,282.03,575.42,281.90,575.35,281.90,575.28,281.93,575.72,281.93,575.65,281.72,575.58,281.83,575.53,282.01,575.90,281.99,575.85,281.77,575.76,281.83,575.68,282.00,576.02,282.07,575.95,281.93,575.87,281.96,575.81,282.07
EK_0025_P09_103_frame_0000029076_r.jpg,0,1154.35,474.55,1154.31,474.44,1154.31,474.29,1154.32,474.11,1154.44,473.90,1154.12,474.03,1154.18,473.84,1154.33,473.86,1154.45,473.98,1154.16,473.93,1154.33,473.86,1154.46,473.95,1154.56,474.09,1154.28,473.95,1154.40,473.88,1154.55,473.93,1154.66,474.05,1154.39,473.98,1154.44,473.90,1154.55,473.94,1154.62,474.03
EK_0025_P09_103_frame_0000033480_l.jpg,0,915.10,396.38,915.14,395.99,915.15,395.67,915.03,395.44,914.81,395.41,915.30,395.66,915.05,395.47,914.85,395.42,914.66,395.42,915.22,395.79,914.95,395.61,914.75,395.53,914.56,395.45,915.05,396.00,914.89,395.76,914.71,395.67,914.64,395.67,914.89,396.15,914.81,395.96,914.73,395.92,914.75,395.97
EK_0026_P09_104_frame_0000000326_r.jpg,0,1015.55,312.08,1015.60,311.99,1015.76,311.94,1015.92,311.90,1016.10,311.73,1015.37,311.62,1015.33,311.39,1015.45,311.31,1015.62,311.33,1015.33,311.50,1015.38,311.30,1015.52,311.23,1015.69,311.25,1015.38,311.49,1015.46,311.35,1015.61,311.29,1015.78,311.36,1015.45,311.49,1015.48,311.40,1015.59,311.35,1015.70,311.41
EK_0026_P09_104_frame_0000000363_l.jpg,0,539.16,481.73,538.95,481.53,538.76,481.36,538.62,481.19,538.52,481.01,538.98,481.00,538.81,480.80,538.64,480.75,538.46,480.76,539.06,480.96,538.85,480.84,538.66,480.83,538.46,480.89,539.11,481.09,538.92,480.95,538.72,480.95,538.53,481.03,539.12,481.22,538.99,481.10,538.84,481.09,538.69,481.14
EK_0026_P09_104_frame_0000000537_l.jpg,0,895.99,478.62,895.97,478.38,895.90,478.21,895.82,478.07,895.71,477.93,896.02,478.24,895.93,478.18,895.80,478.15,895.67,478.13,895.98,478.35,895.81,478.29,895.68,478.26,895.58,478.24,895.91,478.50,895.76,478.41,895.63,478.37,895.54,478.34,895.83,478.60,895.72,478.54,895.63,478.49,895.55,478.44
EK_0026_P09_104_frame_0000000757_r.jpg,0,861.92,255.60,861.86,255.50,861.86,255.41,861.92,255.42,862.01,255.45,862.10,255.44,862.11,255.45,862.07,255.48,862.03,255.51,862.19,255.54,862.24,255.52,862.18,255.57,862.11,255.60,862.21,255.67,862.23,255.68,862.15,255.73,862.07,255.76,862.19,255.77,862.27,255.80,862.25,255.83,862.19,255.83
EK_0026_P09_104_frame_0000001822_r.jpg,0,902.28,19.40,902.52,19.60,902.81,19.79,903.07,19.96,903.42,20.20,903.18,19.31,903.56,19.36,903.77,19.50,903.97,19.70,903.31,19.18,903.59,19.40,903.76,19.60,903.91,19.85,903.25,19.16,903.51,19.36,903.70,19.57,903.78,19.81,903.17,19.20,903.37,19.33,903.55,19.46,903.68,19.62
EK_0026_P09_104_frame_0000003683_l.jpg,0,558.01,591.49,557.87,591.18,557.70,590.95,557.52,590.78,557.29,590.53,557.60,590.81,557.52,590.53,557.41,590.56,557.41,590.74,557.51,590.93,557.27,591.01,557.38,591.13,557.61,591.15,557.48,591.17,557.30,591.26,557.43,591.34,557.65,591.32,557.45,591.37,557.36,591.38,557.50,591.44,557.69,591.43
EK_0026_P09_104_frame_0000003942_r.jpg,0,1050.04,352.17,1050.19,352.16,1050.41,352.07,1050.61,351.99,1050.86,351.79,1050.28,351.65,1050.55,351.55,1050.75,351.57,1050.96,351.63,1050.31,351.48,1050.59,351.50,1050.79,351.57,1051.00,351.67,1050.34,351.47,1050.58,351.51,1050.78,351.59,1050.97,351.72,1050.39,351.51,1050.54,351.49,1050.68,351.54,1050.77,351.66
EK_0026_P09_104_frame_0000004271_l.jpg,0,813.06,396.84,812.90,396.68,812.78,396.55,812.74,396.40,812.80,396.35,813.02,396.31,812.94,396.17,812.87,396.20,812.83,396.30,813.15,396.30,813.08,396.17,813.00,396.23,812.93,396.33,813.23,396.40,813.19,396.27,813.11,396.30,813.05,396.40,813.28,396.50,813.26,396.39,813.21,396.40,813.14,396.45
EK_0026_P09_104_frame_0000004771_r.jpg,0,1141.78,453.60,1141.74,453.64,1141.76,453.75,1141.83,453.74,1141.94,453.57,1141.60,453.32,1141.54,453.17,1141.64,453.18,1141.78,453.24,1141.65,453.18,1141.60,453.04,1141.70,453.05,1141.82,453.13,1141.76,453.13,1141.69,453.02,1141.78,453.03,1141.89,453.12,1141.86,453.12,1141.88,453.03,1141.96,453.05,1142.00,453.14
EK_0026_P09_104_frame_0000005559_r.jpg,0,905.71,217.56,905.89,217.43,906.18,217.32,906.44,217.22,906.69,217.12,906.15,216.80,906.49,216.77,906.65,216.93,906.71,217.16,906.22,216.72,906.55,216.73,906.68,216.93,906.65,217.16,906.25,216.85,906.52,216.79,906.68,216.97,906.64,217.17,906.29,217.00,906.47,216.93,906.60,217.01,906.54,217.13
EK_0026_P09_104_frame_0000006080_l.jpg,0,638.96,317.30,638.72,317.26,638.52,317.24,638.38,317.19,638.32,317.14,638.56,316.81,638.51,316.79,638.54,316.88,638.57,316.98,638.70,316.69,638.67,316.57,638.69,316.68,638.72,316.82,638.89,316.70,638.86,316.54,638.86,316.61,638.87,316.73,639.05,316.75,639.02,316.64,639.01,316.69,639.00,316.80
EK_0026_P09_104_frame_0000006517_r.jpg,0,941.59,465.54,941.58,465.47,941.62,465.45,941.70,465.35,941.85,465.20,941.46,465.07,941.45,464.86,941.56,464.79,941.71,464.83,941.50,464.96,941.45,464.76,941.52,464.65,941.64,464.60,941.60,464.97,941.52,464.80,941.55,464.66,941.64,464.59,941.70,465.00,941.68,464.86,941.73,464.76,941.80,464.77
EK_0026_P09_104_frame_0000006917_r.jpg,0,666.39,428.71,666.51,428.58,666.75,428.51,666.98,428.46,667.26,428.45,666.75,428.10,667.00,427.99,667.18,427.96,667.36,427.99,666.84,428.06,667.08,427.95,667.27,427.95,667.46,427.99,666.87,428.18,667.09,428.09,667.28,428.14,667.43,428.24,666.91,428.31,667.07,428.31,667.22,428.35,667.40,428.40
EK_0026_P09_104_frame_0000009617_l.jpg,0,685.32,570.04,685.15,569.86,684.98,569.76,684.87,569.66,684.87,569.63,685.19,569.53,685.11,569.40,685.00,569.41,684.87,569.50,685.27,569.57,685.12,569.53,684.99,569.61,684.89,569.71,685.32,569.71,685.19,569.64,685.05,569.72,684.95,569.81,685.34,569.84,685.26,569.77,685.14,569.79,685.06,569.85
EK_0026_P09_104_frame_0000009909_l.jpg,0,562.05,690.17,561.93,689.98,561.78,689.89,561.64,689.81,561.46,689.76,561.98,689.67,561.88,689.54,561.76,689.60,561.66,689.69,562.02,689.71,561.86,689.68,561.73,689.72,561.58,689.76,562.03,689.86,561.89,689.80,561.75,689.84,561.61,689.87,562.02,689.98,561.91,689.95,561.80,689.97,561.68,689.98
EK_0026_P09_104_frame_0000009963_l.jpg,0,751.61,721.81,751.42,721.62,751.22,721.54,751.05,721.52,750.92,721.50,751.51,721.31,751.37,721.24,751.24,721.31,751.13,721.45,751.62,721.38,751.45,721.39,751.31,721.44,751.15,721.52,751.69,721.56,751.53,721.51,751.37,721.55,751.21,721.62,751.71,721.71,751.60,721.65,751.47,721.67,751.35,721.73
EK_0026_P09_104_frame_0000010121_r.jpg,0,764.77,467.18,765.00,467.05,765.24,466.88,765.44,466.68,765.70,466.43,765.21,466.40,765.53,466.27,765.55,466.50,765.34,466.63,765.24,466.30,765.55,466.22,765.57,466.46,765.36,466.61,765.23,466.42,765.47,466.30,765.59,466.53,765.39,466.70,765.25,466.56,765.41,466.44,765.53,466.59,765.43,466.73
EK_0026_P09_104_frame_0000010407_r.jpg,0,767.09,341.06,767.34,341.03,767.64,340.96,767.90,340.86,768.25,340.72,767.71,340.45,768.01,340.26,768.24,340.32,768.38,340.54,767.77,340.33,768.09,340.23,768.27,340.40,768.24,340.66,767.74,340.41,768.02,340.33,768.22,340.50,768.15,340.75,767.72,340.52,767.90,340.42,768.08,340.49,768.06,340.66
EK_0026_P09_104_frame_0000010526_l.jpg,0,531.07,458.57,530.82,458.39,530.56,458.28,530.37,458.08,530.34,457.75,531.05,457.89,530.96,457.56,530.79,457.48,530.65,457.52,531.24,457.76,531.08,457.48,530.90,457.50,530.73,457.63,531.35,457.77,531.17,457.53,530.99,457.56,530.87,457.71,531.38,457.79,531.26,457.62,531.12,457.62,531.03,457.74
EK_0026_P09_104_frame_0000011051_l.jpg,0,762.26,640.19,762.01,640.07,761.81,639.97,761.70,639.81,761.67,639.66,761.94,639.59,761.92,639.36,761.90,639.34,761.88,639.42,762.10,639.50,762.07,639.30,762.04,639.35,762.01,639.47,762.29,639.55,762.23,639.35,762.19,639.36,762.16,639.47,762.42,639.61,762.39,639.46,762.34,639.42,762.29,639.48
EK_0026_P09_104_frame_0000011301_l.jpg,0,699.92,479.82,699.82,479.58,699.69,479.39,699.54,479.27,699.36,479.12,699.77,479.20,699.62,479.04,699.47,478.99,699.29,479.01,699.74,479.26,699.53,479.17,699.37,479.13,699.21,479.13,699.70,479.43,699.51,479.34,699.34,479.33,699.20,479.34,699.65,479.58,699.51,479.52,699.38,479.50,699.24,479.46
EK_0026_P09_104_frame_0000012976_l.jpg,0,452.42,664.99,452.38,664.66,452.29,664.37,452.17,664.11,452.01,663.80,452.57,664.07,452.31,663.85,452.08,663.85,451.86,663.98,452.54,664.07,452.23,664.02,452.07,664.17,452.12,664.40,452.43,664.25,452.16,664.17,452.05,664.36,452.15,664.55,452.30,664.39,452.12,664.31,452.07,664.45,452.20,664.58
EK_0026_P09_104_frame_0000013063_r.jpg,0,1023.33,183.55,1023.49,183.43,1023.66,183.27,1023.79,183.09,1023.93,182.86,1023.45,182.88,1023.51,182.62,1023.65,182.51,1023.87,182.49,1023.41,182.77,1023.51,182.52,1023.71,182.53,1023.87,182.67,1023.41,182.82,1023.53,182.64,1023.73,182.59,1023.93,182.70,1023.44,182.89,1023.50,182.75,1023.65,182.69,1023.77,182.77
EK_0026_P09_104_frame_0000015113_l.jpg,0,319.42,162.42,319.34,162.40,319.29,162.36,319.28,162.25,319.32,162.09,319.14,162.12,319.19,162.02,319.27,162.10,319.30,162.21,319.17,162.01,319.27,161.97,319.36,162.07,319.36,162.20,319.28,161.98,319.37,161.94,319.43,162.06,319.38,162.17,319.39,161.98,319.46,161.95,319.50,162.04,319.47,162.13
EK_0026_P09_104_frame_0000015496_r.jpg,0,742.17,306.33,742.15,306.19,742.26,306.10,742.49,306.01,742.80,306.03,742.50,305.71,742.67,305.49,742.80,305.60,742.80,305.83,742.70,305.71,742.84,305.82,742.84,306.03,742.78,306.27,742.81,305.88,742.92,305.92,742.96,306.11,742.93,306.35,742.88,306.05,742.99,306.03,743.02,306.15,742.95,306.27
EK_0026_P09_104_frame_0000016007_r.jpg,0,772.54,557.79,772.72,557.52,772.97,557.40,773.18,557.29,773.49,557.29,773.19,557.62,773.45,557.48,773.54,557.37,773.51,557.33,773.28,557.82,773.50,557.68,773.51,557.56,773.38,557.44,773.24,557.98,773.39,557.79,773.40,557.64,773.30,557.51,773.20,558.08,773.30,557.92,773.33,557.78,773.26,557.66
EK_0026_P09_104_frame_0000017623_l.jpg,0,-87.57,94.66,-87.71,94.39,-87.91,94.28,-88.05,94.19,-88.11,94.17,-87.45,94.05,-87.41,93.82,-87.55,93.83,-87.70,93.95,-87.32,94.14,-87.36,94.10,-87.52,94.14,-87.71,94.20,-87.29,94.35,-87.35,94.25,-87.51,94.27,-87.69,94.36,-87.30,94.53,-87.37,94.43,-87.49,94.44,-87.63,94.48
EK_0026_P09_104_frame_0000017717_l.jpg,0,436.52,699.52,436.44,699.20,436.32,698.91,436.23,698.63,436.17,698.33,436.74,698.57,436.57,698.26,436.33,698.30,436.19,698.53,436.79,698.53,436.49,698.37,436.27,698.48,436.22,698.72,436.72,698.68,436.49,698.47,436.26,698.59,436.25,698.79,436.62,698.81,436.47,698.64,436.32,698.74,436.33,698.88
EK_0026_P09_104_frame_0000017901_l.jpg,0,532.42,659.59,532.27,659.30,532.11,659.05,531.95,658.81,531.77,658.52,532.39,658.63,532.23,658.33,532.00,658.36,531.89,658.60,532.43,658.60,532.14,658.44,531.92,658.54,531.91,658.77,532.39,658.77,532.11,658.65,531.94,658.83,532.03,659.02,532.32,658.92,532.12,658.84,532.00,658.98,532.06,659.12
EK_0026_P09_104_frame_0000019201_r.jpg,0,1013.13,76.04,1013.29,75.98,1013.40,76.01,1013.45,75.89,1013.44,75.70,1013.21,75.69,1013.19,75.53,1013.21,75.42,1013.20,75.28,1013.11,75.58,1013.29,75.50,1013.38,75.55,1013.45,75.62,1013.05,75.56,1013.19,75.46,1013.32,75.47,1013.40,75.53,1013.03,75.55,1013.08,75.44,1013.19,75.45,1013.25,75.53
EK_0026_P09_104_frame_0000019226_r.jpg,0,995.65,100.70,995.59,100.70,995.49,100.72,995.47,100.63,995.62,100.50,995.53,100.35,995.49,100.25,995.51,100.22,995.54,100.15,995.62,100.23,995.73,100.32,995.78,100.45,995.84,100.56,995.74,100.22,995.82,100.25,995.90,100.39,995.94,100.51,995.84,100.24,995.91,100.21,995.96,100.32,995.95,100.42
EK_0026_P09_104_frame_0000020026_r.jpg,0,1160.82,43.05,1160.69,43.06,1160.69,43.15,1160.80,43.10,1160.97,42.97,1160.64,42.70,1160.68,42.74,1160.73,42.88,1160.76,43.04,1160.77,42.59,1160.82,42.67,1160.85,42.81,1160.87,42.98,1160.92,42.60,1160.95,42.64,1160.99,42.78,1161.00,42.95,1161.05,42.64,1161.09,42.66,1161.09,42.76,1161.03,42.87
EK_0026_P09_104_frame_0000021159_r.jpg,0,777.47,274.66,777.51,274.36,777.80,274.24,778.06,274.15,778.38,274.11,777.73,273.75,777.90,273.46,778.10,273.51,778.22,273.66,777.88,273.77,778.09,273.51,778.30,273.53,778.43,273.64,778.00,273.99,778.20,273.76,778.40,273.72,778.50,273.78,778.10,274.19,778.21,274.12,778.20,274.22,778.05,274.34
EK_0026_P09_104_frame_0000023201_r.jpg,0,1118.81,431.07,1118.82,430.86,1118.94,430.64,1119.06,430.45,1119.30,430.29,1118.92,430.33,1119.07,430.10,1119.19,429.97,1119.35,429.85,1119.04,430.30,1119.17,430.08,1119.32,430.07,1119.41,430.17,1119.15,430.45,1119.23,430.23,1119.37,430.19,1119.46,430.30,1119.25,430.58,1119.29,430.42,1119.37,430.34,1119.43,430.32
EK_0026_P09_104_frame_0000023696_r.jpg,0,849.27,424.66,849.50,424.54,849.71,424.33,849.85,424.09,850.03,423.79,849.55,423.87,849.66,423.54,849.84,423.39,850.11,423.34,849.53,423.71,849.53,423.37,849.77,423.30,850.00,423.43,849.51,423.76,849.59,423.49,849.80,423.33,850.06,423.35,849.54,423.85,849.61,423.66,849.77,423.53,849.92,423.58
EK_0026_P09_104_frame_0000025882_l.jpg,0,620.42,676.60,620.31,676.30,620.20,676.07,620.06,675.92,619.92,675.77,620.24,675.96,620.13,675.77,619.95,675.73,619.76,675.79,620.19,676.07,619.95,675.98,619.84,676.06,619.89,676.17,620.14,676.29,619.91,676.27,619.92,676.37,620.07,676.42,620.08,676.46,619.93,676.48,619.96,676.52,620.09,676.52
EK_0026_P09_104_frame_0000026803_r.jpg,0,1051.08,298.46,1051.27,298.33,1051.40,298.20,1051.48,298.07,1051.52,297.86,1051.21,298.00,1051.29,297.81,1051.33,297.83,1051.31,297.93,1051.07,297.93,1051.17,297.78,1051.22,297.83,1051.25,297.95,1050.95,297.96,1051.06,297.83,1051.13,297.85,1051.16,297.95,1050.88,297.99,1050.93,297.87,1050.99,297.87,1051.04,297.95
EK_0026_P09_104_frame_0000027001_r.jpg,0,1143.66,260.21,1143.62,260.19,1143.68,260.20,1143.76,260.18,1143.94,260.15,1143.70,259.82,1143.80,259.84,1143.88,259.93,1143.96,260.03,1143.82,259.74,1143.94,259.74,1144.01,259.84,1144.08,259.94,1143.93,259.78,1144.01,259.80,1144.09,259.89,1144.14,259.99,1144.03,259.85,1144.10,259.85,1144.15,259.92,1144.17,260.01
EK_0026_P09_104_frame_0000027061_r.jpg,0,1342.75,84.40,1342.78,84.38,1342.89,84.37,1343.01,84.31,1343.16,84.09,1342.66,83.95,1342.85,83.89,1343.00,83.96,1343.17,84.05,1342.68,83.80,1342.89,83.82,1343.03,83.93,1343.14,84.08,1342.77,83.78,1342.89,83.77,1343.04,83.86,1343.14,84.02,1342.86,83.79,1342.94,83.76,1343.04,83.80,1343.12,83.91
EK_0026_P09_104_frame_0000027465_l.jpg,0,905.30,390.07,904.89,389.87,904.53,389.64,904.23,389.40,904.05,388.97,904.98,389.06,904.59,388.88,904.40,389.00,904.29,389.23,905.21,388.85,904.81,388.84,904.61,389.02,904.48,389.31,905.37,388.87,904.98,388.83,904.78,389.02,904.63,389.32,905.44,388.93,905.16,388.84,904.97,388.96,904.86,389.20
EK_0027_P09_106_frame_0000000263_l.jpg,0,549.07,704.15,549.18,703.91,549.13,703.70,549.02,703.57,548.87,703.45,549.25,703.69,549.20,703.50,549.13,703.38,549.01,703.26,549.14,703.74,549.02,703.56,548.93,703.44,548.84,703.30,548.98,703.84,548.87,703.69,548.75,703.57,548.65,703.45,548.86,703.91,548.79,703.79,548.73,703.69,548.65,703.54
EK_0027_P09_106_frame_0000002634_r.jpg,0,1004.14,594.56,1004.35,594.45,1004.53,594.24,1004.67,594.03,1004.85,593.75,1004.23,593.94,1004.40,593.69,1004.56,593.59,1004.77,593.50,1004.12,593.79,1004.38,593.73,1004.55,593.74,1004.73,593.81,1004.06,593.79,1004.32,593.73,1004.52,593.76,1004.71,593.87,1004.06,593.80,1004.24,593.76,1004.42,593.76,1004.61,593.83
EK_0027_P09_106_frame_0000002882_l.jpg,0,806.13,532.47,805.91,532.28,805.69,532.15,805.51,532.02,805.33,531.88,806.00,531.75,806.00,531.48,805.92,531.35,805.78,531.28,806.14,531.69,806.07,531.45,805.94,531.38,805.75,531.39,806.22,531.78,806.13,531.57,805.98,531.50,805.80,531.53,806.25,531.88,806.17,531.73,806.06,531.64,805.92,531.62
EK_0027_P09_106_frame_0000003176_l.jpg,0,138.39,621.04,138.18,620.77,137.96,620.55,137.76,620.35,137.49,620.08,138.12,620.11,137.98,619.80,137.86,619.61,137.72,619.40,138.13,620.10,137.98,619.81,137.81,619.65,137.62,619.46,138.12,620.29,138.01,620.01,137.82,619.85,137.63,619.65,138.08,620.47,137.98,620.29,137.86,620.14,137.73,619.97
EK_0027_P09_106_frame_0000003392_l.jpg,0,621.40,776.42,621.42,776.17,621.39,775.98,621.37,775.81,621.35,775.65,621.64,775.97,621.70,775.89,621.66,775.81,621.57,775.73,621.63,776.05,621.71,775.98,621.63,775.92,621.53,775.81,621.55,776.19,621.61,776.06,621.54,775.98,621.44,775.87,621.46,776.28,621.49,776.18,621.46,776.11,621.39,776.01
EK_0027_P09_106_frame_0000003501_l.jpg,0,273.29,279.32,273.38,279.10,273.35,278.92,273.34,278.77,273.31,278.71,273.69,279.08,273.82,279.08,273.79,279.02,273.71,278.93,273.68,279.21,273.78,279.20,273.75,279.12,273.70,279.03,273.56,279.33,273.66,279.28,273.66,279.20,273.61,279.09,273.44,279.40,273.44,279.33,273.43,279.26,273.40,279.16
EK_0027_P09_106_frame_0000004221_r.jpg,0,880.08,90.31,880.02,90.12,880.18,90.13,880.31,90.12,880.43,90.05,880.41,89.78,880.54,89.76,880.60,89.80,880.65,89.87,880.59,89.85,880.70,89.85,880.73,89.92,880.75,90.00,880.67,90.05,880.75,90.03,880.78,90.08,880.79,90.14,880.69,90.22,880.72,90.23,880.73,90.25,880.78,90.25
EK_0027_P09_106_frame_0000004438_r.jpg,0,712.06,352.70,712.31,352.64,712.62,352.58,712.88,352.45,713.22,352.30,712.73,352.10,713.02,351.90,713.11,352.11,712.99,352.34,712.81,352.02,713.09,351.83,713.17,352.07,713.06,352.29,712.78,352.13,713.02,351.98,713.18,352.19,713.05,352.40,712.75,352.27,712.91,352.12,713.10,352.19,713.09,352.29
EK_0027_P09_106_frame_0000004471_l.jpg,0,386.37,407.27,386.06,407.16,385.78,407.16,385.53,407.16,385.23,407.15,385.81,406.65,385.68,406.40,385.50,406.47,385.39,406.67,385.88,406.61,385.63,406.54,385.46,406.64,385.29,406.81,385.99,406.75,385.75,406.68,385.57,406.80,385.44,406.97,386.06,406.90,385.89,406.86,385.74,406.94,385.63,407.07
EK_0027_P09_106_frame_0000004626_r.jpg,0,800.70,351.48,800.89,351.41,801.14,351.31,801.35,351.19,801.60,351.02,801.09,350.87,801.35,350.72,801.54,350.74,801.73,350.86,801.12,350.76,801.38,350.63,801.55,350.74,801.61,350.96,801.12,350.83,801.34,350.74,801.54,350.84,801.58,351.05,801.13,350.92,801.28,350.83,801.43,350.87,801.45,351.00
EK_0027_P09_106_frame_0000006530_r.jpg,0,1208.07,519.53,1207.96,519.40,1207.91,519.24,1207.90,519.08,1207.95,518.94,1207.98,519.00,1208.02,518.87,1208.08,518.88,1208.12,518.92,1208.12,518.96,1208.16,518.79,1208.21,518.81,1208.25,518.87,1208.25,519.04,1208.31,518.87,1208.37,518.83,1208.40,518.84,1208.36,519.12,1208.41,519.01,1208.43,519.00,1208.40,519.04
EK_0029_P26_108_frame_0000000540_l.jpg,0,495.97,531.15,495.84,530.98,495.70,530.86,495.61,530.76,495.55,530.67,495.88,530.60,495.83,530.42,495.76,530.32,495.66,530.24,495.93,530.60,495.87,530.45,495.78,530.38,495.66,530.30,495.94,530.71,495.85,530.58,495.75,530.52,495.64,530.43,495.93,530.82,495.83,530.74,495.75,530.68,495.65,530.59
EK_0029_P26_108_frame_0000001076_r.jpg,0,695.67,-207.99,696.01,-208.04,696.36,-208.24,696.64,-208.49,697.04,-208.78,696.45,-208.82,696.77,-209.15,697.01,-209.34,697.25,-209.61,696.50,-208.99,696.84,-209.28,697.10,-209.47,697.36,-209.71,696.46,-208.90,696.74,-209.16,697.01,-209.37,697.23,-209.63,696.44,-208.76,696.64,-208.95,696.84,-209.12,697.01,-209.31
EK_0029_P26_108_frame_0000001613_r.jpg,0,801.33,19.58,801.18,19.45,801.11,19.21,801.13,18.99,801.21,18.83,801.20,18.85,801.26,18.61,801.33,18.50,801.37,18.38,801.39,18.75,801.51,18.51,801.62,18.39,801.70,18.27,801.60,18.84,801.73,18.61,801.86,18.49,801.95,18.37,801.76,18.95,801.83,18.77,801.91,18.64,801.97,18.52
EK_0029_P26_108_frame_0000001895_r.jpg,0,828.27,639.44,828.41,639.35,828.54,639.22,828.67,639.12,828.87,639.02,828.51,638.96,828.58,638.77,828.67,638.68,828.81,638.60,828.51,638.89,828.64,638.75,828.75,638.66,828.89,638.57,828.49,638.95,828.60,638.81,828.72,638.71,828.85,638.63,828.50,639.03,828.62,638.99,828.73,638.94,828.87,638.85
EK_0029_P26_108_frame_0000003073_r.jpg,0,708.14,568.66,708.43,568.64,708.64,568.53,708.80,568.40,709.01,568.24,708.60,568.19,708.73,567.97,708.84,567.86,708.99,567.80,708.51,568.04,708.67,567.85,708.79,567.78,708.96,567.76,708.37,568.02,708.53,567.87,708.67,567.78,708.85,567.74,708.28,568.04,708.40,567.94,708.52,567.85,708.67,567.77
EK_0029_P26_108_frame_0000003394_r.jpg,0,712.98,591.86,713.16,591.71,713.37,591.59,713.54,591.48,713.72,591.35,713.22,591.19,713.45,591.10,713.62,591.11,713.81,591.18,713.20,591.14,713.45,591.10,713.63,591.16,713.80,591.24,713.19,591.24,713.41,591.17,713.60,591.21,713.75,591.27,713.20,591.36,713.36,591.31,713.51,591.32,713.61,591.36
EK_0029_P26_108_frame_0000005130_r.jpg,0,1161.22,273.21,1161.50,273.00,1161.74,272.69,1161.92,272.41,1162.12,272.06,1161.37,272.22,1161.53,271.85,1161.74,271.70,1162.03,271.58,1161.24,272.06,1161.51,271.77,1161.74,271.63,1162.04,271.53,1161.19,272.13,1161.43,271.86,1161.70,271.72,1161.97,271.61,1161.20,272.23,1161.44,272.10,1161.65,271.99,1161.90,271.84
EK_0029_P26_108_frame_0000006563_l.jpg,0,222.97,730.69,222.76,730.52,222.64,730.35,222.57,730.20,222.53,730.04,222.81,730.11,222.68,729.97,222.58,730.01,222.53,730.14,222.93,730.11,222.78,730.08,222.67,730.15,222.58,730.28,223.02,730.26,222.90,730.16,222.79,730.22,222.72,730.37,223.07,730.39,222.99,730.29,222.91,730.34,222.84,730.45
EK_0029_P26_108_frame_0000006746_l.jpg,0,71.70,-273.66,71.39,-273.93,71.14,-274.15,70.95,-274.34,70.80,-274.49,71.46,-274.63,71.15,-274.67,70.98,-274.53,70.81,-274.36,71.62,-274.67,71.30,-274.59,71.11,-274.43,70.89,-274.28,71.72,-274.49,71.42,-274.52,71.19,-274.38,70.96,-274.23,71.76,-274.32,71.55,-274.39,71.35,-274.33,71.16,-274.21
EK_0029_P26_108_frame_0000008026_l.jpg,0,363.78,531.26,363.53,531.16,363.28,531.17,363.06,531.14,362.86,531.17,363.34,530.65,363.20,530.41,363.04,530.39,362.85,530.42,363.37,530.58,363.23,530.38,363.05,530.40,362.85,530.44,363.45,530.68,363.27,530.53,363.09,530.54,362.89,530.56,363.49,530.79,363.32,530.74,363.17,530.73,362.99,530.70
EK_0029_P26_108_frame_0000008551_r.jpg,0,1196.73,166.58,1197.04,166.51,1197.32,166.37,1197.57,166.23,1197.91,166.11,1197.28,165.88,1197.55,165.67,1197.76,165.64,1198.01,165.55,1197.24,165.73,1197.55,165.61,1197.78,165.59,1198.05,165.52,1197.16,165.79,1197.44,165.68,1197.70,165.63,1197.96,165.55,1197.12,165.88,1197.33,165.80,1197.52,165.75,1197.75,165.67
EK_0029_P26_108_frame_0000008784_l.jpg,0,449.90,871.86,449.83,871.64,449.73,871.47,449.63,871.34,449.53,871.15,449.94,871.30,449.81,871.15,449.69,871.10,449.54,871.06,449.96,871.32,449.79,871.24,449.65,871.23,449.50,871.25,449.93,871.46,449.79,871.34,449.64,871.32,449.52,871.32,449.88,871.57,449.80,871.46,449.70,871.40,449.62,871.35
EK_0031_P22_107_frame_0000000213_r.jpg,0,946.61,477.84,946.77,477.78,946.89,477.71,946.93,477.59,946.99,477.44,946.78,477.50,946.80,477.36,946.84,477.26,946.90,477.16,946.69,477.43,946.75,477.28,946.81,477.20,946.89,477.13,946.62,477.43,946.67,477.31,946.74,477.21,946.81,477.12,946.57,477.44,946.58,477.35,946.60,477.26,946.65,477.18
EK_0031_P22_107_frame_0000000493_l.jpg,0,385.95,343.72,385.80,343.46,385.66,343.26,385.53,343.09,385.41,343.06,385.83,343.02,385.78,342.80,385.61,342.79,385.44,342.89,385.86,343.07,385.69,342.93,385.51,342.95,385.34,343.00,385.85,343.25,385.73,343.09,385.54,343.09,385.37,343.10,385.82,343.41,385.73,343.30,385.58,343.30,385.47,343.30
EK_0031_P22_107_frame_0000001201_l.jpg,0,112.27,257.71,111.81,257.72,111.43,257.82,111.10,257.90,110.67,258.05,111.21,257.31,110.86,257.25,110.73,257.49,110.62,257.78,111.28,257.27,110.98,257.49,110.89,257.77,110.80,258.05,111.51,257.41,111.20,257.56,111.14,257.86,111.12,258.11,111.70,257.56,111.47,257.69,111.44,257.90,111.48,258.05
EK_0031_P22_107_frame_0000001411_r.jpg,0,583.62,397.01,583.74,396.64,583.87,396.31,584.11,396.17,584.49,396.06,584.04,396.06,584.35,395.84,584.58,395.90,584.75,396.05,584.18,396.15,584.54,396.10,584.58,396.27,584.53,396.46,584.26,396.44,584.53,396.26,584.62,396.38,584.59,396.51,584.33,396.68,584.50,396.54,584.50,396.61,584.40,396.72
EK_0031_P22_107_frame_0000001700_r.jpg,0,957.09,629.01,957.18,628.98,957.30,628.93,957.39,628.84,957.42,628.67,957.13,628.72,957.19,628.60,957.29,628.55,957.40,628.55,957.10,628.62,957.21,628.52,957.32,628.51,957.43,628.57,957.09,628.60,957.17,628.51,957.29,628.48,957.39,628.54,957.11,628.60,957.16,628.54,957.24,628.51,957.31,628.56
EK_0031_P22_107_frame_0000001726_l.jpg,0,784.65,397.25,784.46,397.15,784.33,397.10,784.31,397.01,784.39,396.99,784.46,396.82,784.42,396.69,784.38,396.66,784.33,396.65,784.56,396.80,784.51,396.74,784.47,396.76,784.42,396.77,784.66,396.89,784.59,396.81,784.55,396.82,784.50,396.83,784.73,396.97,784.66,396.91,784.62,396.90,784.57,396.90
EK_0031_P22_107_frame_0000002042_r.jpg,0,1055.40,-90.39,1055.57,-90.49,1055.77,-90.57,1055.92,-90.74,1056.01,-91.09,1055.31,-91.01,1055.25,-91.34,1055.44,-91.46,1055.67,-91.41,1055.20,-91.18,1055.51,-91.28,1055.65,-91.11,1055.61,-90.86,1055.20,-91.22,1055.48,-91.30,1055.66,-91.15,1055.63,-90.89,1055.24,-91.23,1055.44,-91.30,1055.57,-91.16,1055.52,-90.98
EK_0031_P22_107_frame_0000002132_l.jpg,0,-193.95,626.95,-193.91,626.65,-193.99,626.42,-194.07,626.22,-194.16,626.00,-193.50,626.40,-193.40,626.19,-193.48,626.07,-193.65,625.99,-193.43,626.48,-193.42,626.29,-193.52,626.17,-193.70,626.07,-193.52,626.62,-193.49,626.42,-193.58,626.28,-193.76,626.21,-193.62,626.72,-193.60,626.57,-193.66,626.45,-193.78,626.37
EK_0031_P22_107_frame_0000002211_l.jpg,0,377.49,-66.58,377.24,-66.53,377.08,-66.44,376.97,-66.38,376.92,-66.27,377.05,-66.88,376.98,-66.93,376.99,-66.84,377.03,-66.73,377.18,-66.99,377.15,-66.98,377.16,-66.87,377.18,-66.76,377.38,-66.99,377.30,-66.98,377.32,-66.87,377.33,-66.75,377.54,-66.94,377.47,-66.94,377.47,-66.86,377.47,-66.74
EK_0031_P22_107_frame_0000002463_l.jpg,0,261.40,-321.96,261.06,-321.70,260.85,-321.54,260.66,-321.44,260.54,-321.29,260.46,-321.95,260.25,-321.82,260.30,-321.65,260.39,-321.46,260.52,-322.15,260.42,-321.96,260.47,-321.76,260.54,-321.52,260.77,-322.26,260.61,-322.10,260.66,-321.89,260.75,-321.64,261.00,-322.30,260.88,-322.21,260.90,-322.03,260.97,-321.83
EK_0031_P22_107_frame_0000002582_r.jpg,0,1009.19,74.14,1009.23,73.67,1009.53,73.33,1009.80,73.04,1010.25,72.72,1008.95,72.75,1009.24,72.38,1009.57,72.26,1009.93,72.19,1008.99,72.72,1009.34,72.38,1009.70,72.29,1010.07,72.25,1009.17,72.96,1009.43,72.60,1009.78,72.43,1010.12,72.34,1009.37,73.17,1009.53,72.91,1009.73,72.73,1010.02,72.57
EK_0031_P22_107_frame_0000002798_r.jpg,0,994.06,330.23,994.39,330.06,994.62,329.86,994.73,329.63,994.73,329.28,994.39,329.50,994.48,329.18,994.58,328.99,994.69,328.79,994.18,329.36,994.37,329.21,994.45,329.35,994.46,329.58,993.98,329.39,994.20,329.21,994.33,329.24,994.40,329.43,993.85,329.42,993.98,329.26,994.11,329.25,994.20,329.35
EK_0031_P22_107_frame_0000003138_r.jpg,0,699.19,14.12,699.38,14.00,699.66,13.84,699.94,13.68,700.34,13.77,699.93,13.44,700.30,13.33,700.55,13.34,700.83,13.34,700.08,13.43,700.43,13.28,700.70,13.25,700.97,13.23,700.09,13.62,700.37,13.42,700.65,13.35,700.91,13.27,700.08,13.82,700.32,13.73,700.55,13.67,700.77,13.58
EK_0031_P22_107_frame_0000003588_r.jpg,0,927.56,-51.74,927.91,-52.16,928.08,-52.57,928.09,-52.93,928.06,-53.29,927.57,-52.96,927.45,-53.27,927.53,-53.40,927.76,-53.38,927.27,-52.90,927.21,-53.21,927.35,-53.33,927.66,-53.31,927.10,-52.58,927.01,-52.94,927.11,-53.12,927.40,-53.14,927.02,-52.29,926.87,-52.54,926.79,-52.76,926.85,-52.94
EK_0031_P22_107_frame_0000003619_r.jpg,0,485.95,514.76,486.09,514.71,486.15,514.40,486.18,514.07,486.38,513.67,486.15,513.96,486.43,513.66,486.66,513.51,486.95,513.39,486.22,513.74,486.49,513.49,486.75,513.36,487.05,513.27,486.31,513.75,486.50,513.53,486.75,513.39,487.03,513.32,486.42,513.82,486.53,513.65,486.67,513.51,486.86,513.41
EK_0031_P22_107_frame_0000004057_r.jpg,0,1139.98,87.73,1140.05,87.58,1140.11,87.34,1140.19,87.11,1140.26,86.77,1139.69,87.10,1139.95,86.91,1140.17,86.92,1140.39,87.00,1139.60,86.97,1139.90,86.90,1140.13,86.92,1140.37,86.97,1139.64,86.96,1139.91,86.91,1140.15,86.98,1140.36,87.12,1139.72,86.96,1139.90,86.92,1140.08,86.99,1140.26,87.12
EK_0031_P22_107_frame_0000004273_l.jpg,0,499.32,580.06,499.34,579.75,499.25,579.48,499.10,579.29,498.91,579.03,499.32,579.24,499.14,579.01,498.95,578.95,498.75,578.98,499.20,579.27,498.93,579.14,498.73,579.12,498.53,579.13,499.05,579.45,498.84,579.30,498.64,579.28,498.48,579.29,498.92,579.60,498.79,579.47,498.66,579.41,498.54,579.36
EK_0031_P22_107_frame_0000004421_l.jpg,0,519.92,426.17,519.75,425.98,519.59,425.85,519.47,425.73,519.32,425.58,519.63,425.66,519.49,425.55,519.36,425.63,519.31,425.75,519.63,425.72,519.42,425.73,519.34,425.83,519.35,425.93,519.66,425.89,519.46,425.87,519.38,425.96,519.42,426.03,519.66,426.04,519.51,426.02,519.44,426.05,519.46,426.10
EK_0031_P22_107_frame_0000004507_r.jpg,0,1025.37,263.76,1025.23,263.63,1025.21,263.54,1025.25,263.44,1025.31,263.40,1025.36,263.32,1025.38,263.18,1025.35,263.20,1025.31,263.27,1025.49,263.33,1025.47,263.31,1025.43,263.37,1025.36,263.42,1025.58,263.45,1025.53,263.41,1025.48,263.45,1025.42,263.50,1025.62,263.55,1025.58,263.53,1025.53,263.56,1025.45,263.59
EK_0031_P22_107_frame_0000004589_r.jpg,0,725.81,639.39,725.96,639.41,726.14,639.39,726.30,639.35,726.50,639.21,726.09,639.04,726.31,638.97,726.38,639.09,726.27,639.21,726.10,638.90,726.32,638.91,726.35,639.05,726.21,639.13,726.10,638.88,726.29,638.88,726.36,639.03,726.22,639.11,726.11,638.90,726.24,638.86,726.32,638.97,726.24,639.05
EK_0031_P22_107_frame_0000004630_r.jpg,0,880.24,583.26,880.34,583.18,880.50,583.06,880.62,582.91,880.78,582.71,880.42,582.73,880.59,582.58,880.74,582.63,880.86,582.76,880.45,582.64,880.64,582.52,880.78,582.62,880.86,582.77,880.49,582.70,880.63,582.58,880.79,582.64,880.87,582.79,880.54,582.77,880.63,582.68,880.75,582.69,880.80,582.79
EK_0031_P22_107_frame_0000004643_r.jpg,0,727.42,478.35,727.44,478.29,727.56,478.32,727.72,478.30,727.96,478.30,727.71,477.98,727.90,477.93,727.91,478.06,727.85,478.19,727.84,477.97,728.02,477.90,728.01,478.05,727.94,478.19,727.91,478.07,728.04,478.00,728.04,478.14,727.96,478.26,727.94,478.18,728.03,478.13,728.03,478.21,727.95,478.29
EK_0031_P22_107_frame_0000004657_l.jpg,0,546.53,670.46,546.46,670.24,546.33,670.12,546.23,670.02,546.10,669.88,546.44,669.95,546.39,669.83,546.26,669.81,546.11,669.82,546.41,670.00,546.24,669.93,546.10,669.92,545.94,669.90,546.37,670.15,546.22,670.06,546.08,670.03,545.94,670.01,546.31,670.28,546.21,670.20,546.11,670.14,546.00,670.07
EK_0031_P22_107_frame_0000004684_l.jpg,0,503.88,681.02,503.76,680.81,503.62,680.71,503.51,680.63,503.37,680.52,503.73,680.55,503.58,680.51,503.44,680.53,503.29,680.54,503.74,680.63,503.54,680.63,503.40,680.64,503.24,680.63,503.74,680.79,503.57,680.73,503.42,680.73,503.27,680.70,503.72,680.93,503.61,680.86,503.50,680.83,503.43,680.81
EK_0031_P22_107_frame_0000004951_r.jpg,0,793.59,-145.03,793.78,-145.16,794.04,-145.35,794.25,-145.56,794.59,-145.73,793.77,-145.84,793.98,-146.13,794.20,-146.23,794.45,-146.33,793.76,-146.00,794.03,-146.22,794.28,-146.24,794.55,-146.23,793.79,-145.95,794.01,-146.14,794.27,-146.19,794.52,-146.19,793.85,-145.86,793.99,-146.00,794.17,-146.07,794.35,-146.07
EK_0031_P22_107_frame_0000005086_l.jpg,0,501.99,-22.73,501.57,-22.90,501.37,-23.12,501.26,-23.41,501.12,-23.67,501.46,-23.66,501.40,-24.03,501.30,-24.17,501.21,-24.41,501.69,-23.79,501.58,-24.07,501.52,-24.23,501.45,-24.50,501.95,-23.67,501.81,-23.94,501.75,-24.14,501.66,-24.39,502.12,-23.54,502.03,-23.73,501.97,-23.86,501.90,-24.07
EK_0031_P22_107_frame_0000005600_r.jpg,0,755.94,313.75,756.11,313.66,756.33,313.66,756.51,313.67,756.74,313.73,756.32,313.27,756.49,313.12,756.62,313.06,756.78,312.99,756.34,313.23,756.52,313.12,756.67,313.07,756.83,313.01,756.31,313.34,756.47,313.22,756.63,313.18,756.77,313.10,756.30,313.44,756.44,313.43,756.57,313.42,756.72,313.38
EK_0031_P22_107_frame_0000005867_l.jpg,0,775.18,610.11,775.00,609.92,774.86,609.81,774.81,609.67,774.84,609.60,775.13,609.50,775.23,609.31,775.22,609.24,775.17,609.24,775.29,609.50,775.34,609.31,775.28,609.33,775.20,609.38,775.39,609.62,775.41,609.46,775.36,609.46,775.30,609.51,775.45,609.74,775.43,609.62,775.40,609.61,775.35,609.63
EK_0031_P22_107_frame_0000005947_l.jpg,0,638.60,489.40,638.32,489.42,638.08,489.50,637.86,489.54,637.59,489.61,637.93,489.07,637.67,489.00,637.52,489.08,637.36,489.20,637.95,488.99,637.73,488.92,637.58,489.01,637.43,489.15,638.08,489.05,637.86,488.98,637.70,489.06,637.53,489.17,638.18,489.13,638.05,489.07,637.92,489.11,637.78,489.18
EK_0031_P22_107_frame_0000006359_l.jpg,0,381.53,341.81,381.31,341.58,381.08,341.40,380.88,341.25,380.63,341.05,381.43,340.98,381.31,340.71,381.17,340.58,380.98,340.51,381.55,340.93,381.35,340.73,381.18,340.62,380.96,340.57,381.60,341.06,381.46,340.83,381.30,340.69,381.07,340.67,381.60,341.18,381.49,341.02,381.35,340.92,381.19,340.86
EK_0031_P22_107_frame_0000006549_r.jpg,0,827.48,469.22,827.70,469.10,827.97,468.97,828.21,468.87,828.47,468.67,827.65,468.50,827.79,468.22,827.96,468.09,828.19,468.02,827.58,468.36,827.83,468.20,828.04,468.12,828.28,468.09,827.54,468.39,827.78,468.26,828.00,468.17,828.23,468.13,827.55,468.45,827.70,468.34,827.86,468.26,828.03,468.20
EK_0031_P22_107_frame_0000006619_l.jpg,0,806.93,569.86,806.70,569.69,806.49,569.61,806.33,569.52,806.31,569.48,806.75,569.21,806.64,569.00,806.53,568.95,806.42,568.99,806.88,569.18,806.73,569.05,806.60,569.04,806.46,569.10,806.99,569.30,806.84,569.17,806.72,569.17,806.61,569.25,807.05,569.41,806.95,569.31,806.85,569.33,806.76,569.41
EK_0031_P22_107_frame_0000007272_r.jpg,0,614.09,-122.18,614.16,-122.28,614.30,-122.28,614.45,-122.39,614.70,-122.59,614.10,-122.84,614.07,-123.13,614.19,-123.28,614.40,-123.36,614.14,-122.98,614.18,-123.26,614.38,-123.32,614.61,-123.30,614.22,-122.95,614.28,-123.20,614.49,-123.27,614.70,-123.25,614.32,-122.90,614.38,-123.07,614.52,-123.14,614.66,-123.10
EK_0031_P22_107_frame_0000007688_r.jpg,0,922.64,290.23,922.75,290.13,922.91,289.99,923.07,289.88,923.27,289.75,922.67,289.70,922.82,289.53,922.97,289.51,923.12,289.58,922.64,289.60,922.79,289.44,922.95,289.44,923.11,289.52,922.65,289.63,922.77,289.48,922.94,289.44,923.09,289.51,922.69,289.67,922.80,289.59,922.92,289.56,923.04,289.61
EK_0031_P22_107_frame_0000008318_r.jpg,0,1043.27,-205.43,1043.16,-205.68,1043.12,-205.89,1043.23,-206.03,1043.39,-206.04,1043.42,-206.06,1043.38,-206.12,1043.31,-205.99,1043.25,-205.83,1043.60,-206.02,1043.51,-205.99,1043.42,-205.85,1043.32,-205.70,1043.69,-205.86,1043.63,-205.89,1043.55,-205.76,1043.46,-205.61,1043.73,-205.72,1043.75,-205.77,1043.67,-205.71,1043.57,-205.64
EK_0031_P22_107_frame_0000008493_r.jpg,0,723.48,-4.69,723.42,-4.83,723.37,-5.02,723.36,-5.21,723.53,-5.35,723.30,-5.26,723.33,-5.49,723.39,-5.62,723.46,-5.72,723.37,-5.33,723.43,-5.54,723.53,-5.66,723.62,-5.76,723.50,-5.27,723.51,-5.47,723.62,-5.60,723.70,-5.70,723.62,-5.21,723.66,-5.35,723.73,-5.46,723.80,-5.56
EK_0031_P22_107_frame_0000008696_r.jpg,0,981.84,395.89,982.03,395.82,982.34,395.77,982.59,395.66,982.94,395.61,982.31,395.23,982.58,395.03,982.80,394.99,983.05,394.93,982.38,395.12,982.64,394.92,982.87,394.95,983.12,395.02,982.39,395.21,982.64,395.08,982.90,395.09,983.13,395.12,982.41,395.32,982.60,395.27,982.79,395.28,982.98,395.27
EK_0031_P22_107_frame_0000009138_l.jpg,0,311.56,163.42,311.38,163.25,311.21,163.13,311.14,163.01,311.15,162.95,311.49,162.83,311.46,162.69,311.41,162.73,311.35,162.84,311.65,162.82,311.71,162.67,311.66,162.67,311.57,162.71,311.77,162.94,311.82,162.77,311.78,162.73,311.71,162.77,311.84,163.06,311.88,162.93,311.85,162.87,311.78,162.87
EK_0031_P22_107_frame_0000009430_r.jpg,0,779.69,-141.88,779.63,-141.75,779.79,-141.61,779.93,-141.61,780.14,-141.76,779.59,-142.19,779.66,-142.36,779.80,-142.31,779.93,-142.23,779.72,-142.40,779.81,-142.49,779.97,-142.38,780.09,-142.22,779.90,-142.46,779.93,-142.54,780.09,-142.44,780.20,-142.27,780.05,-142.47,780.10,-142.54,780.19,-142.42,780.20,-142.24
EK_0031_P22_107_frame_0000009538_l.jpg,0,695.73,666.68,695.59,666.51,695.42,666.40,695.26,666.28,695.08,666.09,695.50,666.07,695.40,665.87,695.31,665.75,695.17,665.64,695.48,666.07,695.31,665.95,695.16,665.89,694.98,665.84,695.47,666.20,695.31,666.07,695.15,666.02,694.99,665.96,695.45,666.33,695.34,666.23,695.22,666.16,695.11,666.11
EK_0031_P22_107_frame_0000009746_r.jpg,0,634.10,-2.02,634.01,-1.96,634.16,-2.00,634.27,-2.13,634.54,-2.23,634.07,-2.37,634.16,-2.51,634.23,-2.47,634.32,-2.43,634.23,-2.49,634.32,-2.60,634.40,-2.52,634.46,-2.37,634.40,-2.48,634.43,-2.57,634.48,-2.52,634.56,-2.37,634.54,-2.43,634.57,-2.48,634.61,-2.54,634.71,-2.66
EK_0031_P22_107_frame_0000010051_r.jpg,0,872.15,167.60,872.13,167.56,872.24,167.54,872.36,167.45,872.56,167.37,872.30,167.23,872.43,167.11,872.54,167.06,872.66,167.00,872.42,167.18,872.56,167.13,872.66,167.17,872.72,167.22,872.50,167.25,872.58,167.22,872.63,167.33,872.60,167.44,872.56,167.33,872.61,167.33,872.59,167.43,872.51,167.51
EK_0031_P22_107_frame_0000010134_l.jpg,0,-232.30,619.94,-232.63,619.69,-232.90,619.49,-232.98,619.22,-232.78,618.93,-232.67,619.23,-232.76,618.87,-232.78,618.68,-232.76,618.60,-232.41,619.15,-232.47,618.81,-232.52,618.66,-232.54,618.65,-232.14,619.19,-232.23,618.93,-232.28,618.91,-232.29,619.03,-231.95,619.22,-232.02,619.04,-232.06,619.03,-232.10,619.12
EK_0031_P22_107_frame_0000010198_r.jpg,0,673.51,282.67,673.45,282.65,673.55,282.56,673.65,282.43,673.80,282.38,673.62,282.26,673.76,282.20,673.84,282.28,673.91,282.35,673.77,282.19,673.92,282.21,674.01,282.29,674.09,282.36,673.90,282.25,674.00,282.22,674.07,282.29,674.12,282.36,673.99,282.34,674.07,282.26,674.13,282.24,674.19,282.21
EK_0031_P22_107_frame_0000010230_r.jpg,0,1255.69,-74.18,1255.97,-74.24,1256.15,-74.44,1256.25,-74.64,1256.27,-74.95,1255.96,-74.58,1256.05,-74.85,1256.15,-74.95,1256.29,-75.02,1255.80,-74.73,1255.97,-74.93,1256.08,-75.00,1256.26,-74.98,1255.65,-74.80,1255.85,-74.95,1256.00,-75.04,1256.18,-75.03,1255.57,-74.84,1255.72,-74.95,1255.86,-75.03,1256.05,-75.04
EK_0031_P22_107_frame_0000010476_l.jpg,0,415.38,-243.48,415.10,-243.61,414.95,-243.78,414.90,-243.97,414.75,-244.18,415.12,-244.10,415.06,-244.11,415.04,-243.98,415.04,-243.89,415.32,-244.13,415.36,-244.26,415.40,-244.33,415.45,-244.46,415.51,-243.99,415.51,-244.17,415.55,-244.27,415.57,-244.39,415.63,-243.85,415.64,-243.99,415.66,-244.07,415.68,-244.19
EK_0031_P22_107_frame_0000010776_l.jpg,0,576.64,514.83,576.47,514.62,576.26,514.53,576.08,514.44,575.92,514.34,576.55,514.16,576.62,513.93,576.56,513.79,576.41,513.73,576.64,514.15,576.56,513.96,576.44,513.89,576.26,513.89,576.67,514.28,576.59,514.10,576.46,514.04,576.29,514.05,576.67,514.40,576.58,514.28,576.48,514.24,576.35,514.25
EK_0031_P22_107_frame_0000010825_l.jpg,0,450.99,526.81,450.66,526.71,450.43,526.58,450.28,526.39,450.18,526.22,450.54,526.17,450.42,525.90,450.31,525.82,450.23,525.85,450.70,526.03,450.56,525.79,450.44,525.76,450.34,525.82,450.88,526.05,450.74,525.84,450.61,525.79,450.53,525.84,451.00,526.11,450.88,525.97,450.79,525.92,450.70,525.95
EK_0031_P22_107_frame_0000011421_r.jpg,0,843.63,628.86,843.73,628.79,843.83,628.64,843.90,628.43,843.99,628.15,843.71,628.25,843.78,628.05,843.93,627.99,844.15,627.99,843.73,628.09,843.87,627.92,844.06,628.00,844.18,628.19,843.79,628.11,843.88,627.96,844.08,627.99,844.26,628.13,843.86,628.16,843.91,628.00,844.06,628.01,844.12,628.14
EK_0031_P22_107_frame_0000011859_l.jpg,0,542.68,494.24,542.44,494.12,542.25,494.05,542.09,493.97,541.98,493.90,542.37,493.71,542.30,493.54,542.21,493.49,542.09,493.50,542.46,493.69,542.36,493.57,542.25,493.54,542.12,493.53,542.56,493.80,542.46,493.66,542.36,493.62,542.22,493.62,542.62,493.92,542.53,493.83,542.45,493.78,542.35,493.76
EK_0031_P22_107_frame_0000012351_r.jpg,0,829.68,408.85,829.85,408.74,830.02,408.54,830.13,408.34,830.23,408.05,829.76,408.22,829.91,407.98,830.08,407.95,830.26,408.03,829.70,408.08,829.94,407.96,830.12,408.01,830.28,408.15,829.69,408.10,829.93,408.05,830.13,408.13,830.27,408.29,829.71,408.14,829.87,408.07,830.03,408.13,830.12,408.26
EK_0031_P22_107_frame_0000012850_r.jpg,0,597.99,317.74,598.01,317.51,598.17,317.30,598.32,317.11,598.60,316.97,598.13,316.94,598.35,316.74,598.53,316.76,598.67,316.87,598.26,316.92,598.47,316.73,598.64,316.78,598.76,316.88,598.38,317.08,598.50,316.86,598.68,316.83,598.81,316.91,598.48,317.23,598.57,317.07,598.69,317.00,598.76,317.03
EK_0031_P22_107_frame_0000013001_l.jpg,0,404.98,452.52,404.76,452.28,404.61,452.07,404.51,451.87,404.41,451.65,404.88,451.74,404.82,451.48,404.69,451.40,404.54,451.41,405.01,451.72,404.78,451.65,404.62,451.77,404.53,451.97,405.08,451.88,404.87,451.77,404.69,451.86,404.62,452.07,405.10,452.02,404.97,451.91,404.84,451.97,404.76,452.09
EK_0031_P22_107_frame_0000013050_r.jpg,0,215.53,385.74,215.21,385.83,215.01,385.87,214.78,385.76,214.56,385.57,214.86,385.40,214.58,385.30,214.41,385.31,214.24,385.34,214.90,385.19,214.63,385.15,214.45,385.17,214.26,385.24,215.02,385.12,214.78,385.01,214.57,384.99,214.38,385.03,215.11,385.11,214.97,384.97,214.81,384.90,214.63,384.87
EK_0031_P22_107_frame_0000013084_l.jpg,0,364.97,544.01,364.86,543.75,364.84,543.49,364.85,543.25,364.88,542.96,365.06,543.23,365.01,542.96,364.89,542.83,364.70,542.75,365.12,543.20,365.04,542.95,364.89,542.83,364.69,542.75,365.09,543.33,365.06,543.09,364.93,542.93,364.74,542.83,365.03,543.45,365.04,543.27,364.97,543.12,364.85,543.02
EK_0031_P22_107_frame_0000016517_r.jpg,0,752.83,-47.91,753.00,-48.09,753.17,-48.35,753.29,-48.62,753.45,-48.97,753.01,-48.80,753.20,-49.10,753.43,-49.15,753.68,-49.05,753.02,-48.91,753.34,-49.02,753.56,-48.91,753.67,-48.66,753.06,-48.81,753.29,-48.97,753.53,-48.87,753.56,-48.60,753.12,-48.68,753.25,-48.85,753.43,-48.85,753.47,-48.68
EK_0031_P22_107_frame_0000017076_l.jpg,0,711.66,417.23,711.40,417.17,711.19,417.22,711.01,417.25,710.93,417.25,711.23,416.75,711.11,416.56,710.99,416.57,710.91,416.67,711.32,416.69,711.17,416.57,711.05,416.63,710.95,416.76,711.44,416.76,711.28,416.67,711.15,416.70,711.06,416.85,711.52,416.85,711.40,416.77,711.30,416.82,711.22,416.91
EK_0031_P22_107_frame_0000017334_l.jpg,0,668.64,621.77,668.52,621.58,668.44,621.42,668.41,621.30,668.46,621.29,668.63,621.29,668.54,621.18,668.42,621.21,668.30,621.30,668.70,621.35,668.53,621.36,668.41,621.41,668.30,621.50,668.72,621.50,668.57,621.45,668.44,621.50,668.35,621.58,668.71,621.62,668.62,621.56,668.51,621.58,668.44,621.62
EK_0031_P22_107_frame_0000017359_l.jpg,0,722.98,538.73,722.93,538.53,722.84,538.42,722.79,538.38,722.76,538.38,722.95,538.35,722.86,538.31,722.74,538.31,722.63,538.34,722.93,538.43,722.78,538.40,722.66,538.41,722.56,538.42,722.89,538.56,722.76,538.50,722.64,538.50,722.56,538.50,722.85,538.66,722.75,538.60,722.67,538.57,722.58,538.55
EK_0031_P22_107_frame_0000017444_l.jpg,0,555.11,704.10,554.88,703.98,554.70,703.89,554.58,703.80,554.46,703.69,554.80,703.63,554.68,703.53,554.57,703.53,554.47,703.62,554.90,703.64,554.76,703.61,554.65,703.67,554.53,703.79,555.01,703.76,554.87,703.70,554.75,703.74,554.64,703.87,555.07,703.89,554.98,703.82,554.89,703.82,554.79,703.87
EK_0031_P22_107_frame_0000017705_l.jpg,0,415.57,825.29,415.51,825.11,415.42,825.00,415.33,824.92,415.24,824.85,415.54,824.93,415.42,824.87,415.32,824.89,415.25,824.94,415.55,825.00,415.40,824.98,415.31,825.01,415.31,825.04,415.52,825.12,415.40,825.08,415.31,825.09,415.31,825.10,415.49,825.22,415.40,825.18,415.34,825.18,415.34,825.18
EK_0031_P22_107_frame_0000018269_r.jpg,0,784.92,458.01,784.94,457.87,785.06,457.76,785.22,457.65,785.45,457.56,785.18,457.42,785.39,457.31,785.51,457.38,785.54,457.51,785.33,457.40,785.54,457.35,785.63,457.47,785.63,457.63,785.41,457.53,785.60,457.42,785.69,457.51,785.67,457.65,785.48,457.67,785.62,457.58,785.72,457.61,785.72,457.69
EK_0031_P22_107_frame_0000018700_l.jpg,0,317.29,427.88,317.05,427.80,316.87,427.67,316.77,427.50,316.69,427.33,317.00,427.36,316.93,427.14,316.85,427.02,316.76,426.91,317.12,427.25,317.03,427.05,316.94,426.93,316.82,426.81,317.25,427.27,317.16,427.08,317.08,426.94,316.97,426.81,317.32,427.31,317.26,427.17,317.20,427.05,317.11,426.94
EK_0031_P22_107_frame_0000018834_l.jpg,0,645.89,512.98,645.79,512.79,645.60,512.68,645.42,512.58,645.21,512.46,645.89,512.34,645.87,512.11,645.74,512.03,645.56,512.01,645.93,512.30,645.79,512.14,645.64,512.09,645.46,512.07,645.91,512.40,645.80,512.23,645.65,512.17,645.48,512.14,645.87,512.50,645.80,512.37,645.68,512.30,645.56,512.26
EK_0031_P22_107_frame_0000018860_l.jpg,0,622.72,510.39,622.60,510.20,622.42,510.09,622.26,510.00,622.05,509.89,622.72,509.77,622.69,509.56,622.56,509.50,622.39,509.50,622.78,509.75,622.67,509.58,622.53,509.55,622.35,509.54,622.78,509.85,622.68,509.68,622.53,509.63,622.37,509.60,622.75,509.95,622.68,509.82,622.57,509.76,622.44,509.74
EK_0031_P22_107_frame_0000018976_l.jpg,0,559.45,471.16,559.33,470.96,559.15,470.85,558.99,470.76,558.78,470.65,559.46,470.53,559.45,470.32,559.33,470.25,559.16,470.25,559.52,470.52,559.39,470.36,559.24,470.32,559.07,470.29,559.51,470.62,559.40,470.46,559.26,470.40,559.10,470.37,559.48,470.72,559.41,470.60,559.30,470.53,559.17,470.49
EK_0031_P22_107_frame_0000019201_r.jpg,0,749.53,348.31,749.67,348.27,749.88,348.17,750.07,348.04,750.30,347.87,749.81,347.78,750.08,347.74,750.25,347.80,750.41,347.93,749.86,347.66,750.11,347.71,750.24,347.85,750.28,348.06,749.89,347.69,750.11,347.69,750.27,347.81,750.31,347.99,749.93,347.76,750.08,347.72,750.22,347.78,750.29,347.89
EK_0031_P22_107_frame_0000019326_l.jpg,0,512.34,378.08,512.09,377.99,511.90,377.85,511.75,377.69,511.53,377.52,512.10,377.55,512.07,377.32,511.96,377.18,511.82,377.07,512.22,377.42,512.16,377.18,512.06,377.03,511.93,376.89,512.33,377.42,512.28,377.21,512.17,377.04,512.04,376.90,512.38,377.44,512.35,377.28,512.27,377.15,512.16,377.06
EK_0031_P22_107_frame_0000019467_r.jpg,0,469.31,202.81,469.51,202.66,469.70,202.61,469.86,202.52,470.06,202.40,469.44,202.32,469.37,202.16,469.32,202.04,469.26,201.89,469.29,202.26,469.20,202.09,469.15,201.94,469.12,201.77,469.16,202.29,469.10,202.13,469.06,201.97,469.04,201.80,469.08,202.32,469.03,202.20,469.02,202.07,469.08,201.97
EK_0031_P22_107_frame_0000019613_l.jpg,0,475.88,470.24,475.65,470.12,475.44,470.06,475.26,469.98,475.08,469.89,475.62,469.65,475.58,469.41,475.47,469.32,475.34,469.30,475.70,469.57,475.57,469.42,475.44,469.40,475.29,469.42,475.78,469.64,475.63,469.51,475.49,469.51,475.35,469.56,475.82,469.73,475.70,469.63,475.59,469.63,475.47,469.68
EK_0031_P22_107_frame_0000019713_l.jpg,0,478.44,389.41,478.24,389.24,478.06,389.11,477.92,388.99,477.73,388.88,478.28,388.75,478.26,388.51,478.19,388.37,478.08,388.24,478.36,388.70,478.31,388.48,478.20,388.38,478.05,388.31,478.42,388.80,478.35,388.60,478.23,388.49,478.07,388.43,478.43,388.90,478.35,388.77,478.25,388.68,478.14,388.59
EK_0031_P22_107_frame_0000019851_r.jpg,0,698.26,313.91,698.29,313.87,698.45,313.80,698.60,313.68,698.84,313.61,698.48,313.46,698.65,313.32,698.76,313.43,698.81,313.60,698.59,313.40,698.74,313.26,698.84,313.39,698.85,313.57,698.66,313.46,698.77,313.37,698.88,313.48,698.90,313.63,698.72,313.55,698.80,313.50,698.85,313.58,698.83,313.68
EK_0031_P22_107_frame_0000020234_r.jpg,0,711.95,519.48,712.03,519.44,712.20,519.33,712.37,519.26,712.60,519.21,712.12,519.03,712.33,519.00,712.48,519.02,712.64,519.04,712.17,518.93,712.24,518.74,712.36,518.66,712.50,518.67,712.22,518.96,712.37,518.88,712.53,518.91,712.63,519.01,712.27,519.02,712.38,518.94,712.50,518.97,712.51,519.09
EK_0031_P22_107_frame_0000020476_l.jpg,0,540.61,405.21,540.52,404.97,540.38,404.83,540.25,404.72,540.08,404.56,540.47,404.70,540.27,404.64,540.13,404.67,540.01,404.71,540.44,404.79,540.23,404.77,540.10,404.79,540.01,404.81,540.41,404.96,540.23,404.88,540.10,404.87,540.05,404.87,540.36,405.09,540.25,405.02,540.16,404.97,540.05,404.91
EK_0031_P22_107_frame_0000020744_r.jpg,0,897.17,352.89,897.34,352.74,897.43,352.59,897.44,352.43,897.40,352.22,897.25,352.39,897.22,352.20,897.22,352.07,897.23,351.92,897.12,352.34,897.10,352.16,897.11,352.02,897.13,351.86,897.02,352.40,897.02,352.23,897.02,352.08,897.04,351.93,896.96,352.45,896.95,352.33,896.96,352.22,897.01,352.10
EK_0031_P22_107_frame_0000020832_r.jpg,0,1138.63,600.89,1138.82,600.79,1138.88,600.61,1138.90,600.45,1138.93,600.23,1138.79,600.50,1138.82,600.30,1138.86,600.22,1138.93,600.18,1138.66,600.42,1138.73,600.24,1138.80,600.17,1138.90,600.15,1138.54,600.41,1138.63,600.26,1138.72,600.15,1138.85,600.10,1138.48,600.42,1138.53,600.30,1138.59,600.20,1138.68,600.10
EK_0031_P22_107_frame_0000021383_r.jpg,0,838.97,331.55,838.93,331.45,839.00,331.32,839.16,331.23,839.36,331.19,839.20,331.09,839.35,331.00,839.38,331.07,839.37,331.14,839.37,331.08,839.52,330.99,839.52,331.11,839.48,331.23,839.46,331.21,839.60,331.06,839.63,331.15,839.56,331.27,839.52,331.33,839.65,331.25,839.66,331.31,839.59,331.38
EK_0031_P22_107_frame_0000021768_r.jpg,0,801.44,472.77,801.51,472.76,801.60,472.67,801.63,472.53,801.60,472.34,801.48,472.44,801.50,472.24,801.63,472.22,801.75,472.30,801.49,472.31,801.66,472.39,801.64,472.52,801.53,472.62,801.52,472.29,801.68,472.36,801.68,472.50,801.56,472.59,801.57,472.29,801.68,472.25,801.66,472.37,801.56,472.39
EK_0031_P22_107_frame_0000021807_l.jpg,0,906.32,354.44,906.12,354.43,905.97,354.40,905.89,354.30,905.82,354.21,905.98,354.07,905.95,353.90,905.93,353.81,905.92,353.73,906.10,353.97,906.06,353.83,906.04,353.75,906.00,353.67,906.26,353.99,906.19,353.86,906.15,353.77,906.11,353.71,906.38,354.03,906.34,353.93,906.30,353.86,906.25,353.81
EK_0031_P22_107_frame_0000021942_l.jpg,0,587.83,699.10,587.61,699.07,587.44,699.07,587.30,699.04,587.19,698.98,587.43,698.81,587.28,698.78,587.20,698.86,587.17,699.01,587.50,698.78,587.35,698.83,587.29,698.94,587.29,699.06,587.61,698.86,587.47,698.87,587.39,698.98,587.40,699.09,587.69,698.94,587.58,698.93,587.51,699.01,587.49,699.09
EK_0031_P22_107_frame_0000022042_l.jpg,0,658.39,683.85,658.22,683.71,658.06,683.67,657.91,683.66,657.73,683.64,658.09,683.51,657.91,683.55,657.95,683.63,658.08,683.58,658.11,683.57,657.94,683.61,657.98,683.70,658.10,683.62,658.16,683.71,658.00,683.70,658.02,683.78,658.14,683.74,658.18,683.83,658.08,683.79,658.06,683.84,658.14,683.78
EK_0031_P22_107_frame_0000022228_l.jpg,0,566.85,622.00,566.67,621.81,566.52,621.67,566.42,621.53,566.35,621.41,566.73,621.43,566.63,621.31,566.51,621.35,566.40,621.47,566.82,621.46,566.68,621.42,566.55,621.47,566.40,621.54,566.89,621.60,566.76,621.51,566.62,621.55,566.47,621.63,566.91,621.73,566.82,621.66,566.71,621.69,566.60,621.74
EK_0031_P22_107_frame_0000022371_l.jpg,0,288.77,330.70,288.41,330.52,288.30,330.17,288.32,329.87,288.33,329.46,288.52,330.11,288.40,329.74,288.30,329.51,288.20,329.24,288.79,329.98,288.68,329.61,288.55,329.40,288.39,329.18,289.02,329.94,288.90,329.63,288.75,329.41,288.54,329.26,289.15,329.91,289.13,329.67,289.03,329.47,288.88,329.29
EK_0031_P22_107_frame_0000022426_r.jpg,0,157.11,82.81,157.48,82.81,157.91,82.82,158.27,82.70,158.70,82.53,157.98,82.05,158.44,82.09,158.51,82.38,158.47,82.72,158.04,81.87,158.47,81.96,158.49,82.29,158.37,82.60,157.97,81.94,158.36,81.99,158.48,82.32,158.45,82.64,157.92,82.07,158.20,82.09,158.34,82.30,158.33,82.52
EK_0031_P22_107_frame_0000022486_r.jpg,0,864.81,252.08,864.99,251.95,865.25,251.82,865.47,251.69,865.73,251.49,864.87,251.39,864.83,251.08,864.95,250.90,865.16,250.78,864.79,251.24,864.79,250.94,864.97,250.81,865.20,250.73,864.78,251.26,864.83,251.00,865.00,250.84,865.21,250.73,864.81,251.30,864.90,251.13,865.04,251.02,865.19,250.91
EK_0031_P22_107_frame_0000022884_r.jpg,0,567.28,-22.77,567.55,-22.87,567.88,-23.04,568.12,-23.28,568.44,-23.57,567.74,-23.63,567.95,-23.98,568.17,-24.14,568.45,-24.27,567.75,-23.80,567.87,-24.17,568.08,-24.37,568.34,-24.54,567.74,-23.72,567.89,-24.03,568.08,-24.27,568.28,-24.50,567.76,-23.61,567.90,-23.82,568.05,-24.00,568.18,-24.16
EK_0031_P22_107_frame_0000023103_r.jpg,0,621.92,409.14,621.78,409.09,621.80,409.26,621.97,409.37,622.28,409.47,622.14,408.64,622.25,408.73,622.17,408.94,622.01,409.12,622.41,408.62,622.42,408.78,622.34,408.99,622.19,409.15,622.58,408.77,622.57,408.85,622.49,409.05,622.34,409.18,622.69,408.93,622.71,409.02,622.59,409.16,622.40,409.22
EK_0031_P22_107_frame_0000023914_r.jpg,0,889.66,461.55,889.73,461.57,889.88,461.57,890.00,461.53,890.18,461.44,889.84,461.27,889.97,461.17,890.09,461.21,890.21,461.30,889.89,461.17,890.04,461.10,890.15,461.17,890.24,461.29,889.93,461.16,890.05,461.11,890.17,461.17,890.24,461.29,889.97,461.19,890.05,461.16,890.13,461.18,890.19,461.25
EK_0031_P22_107_frame_0000025011_r.jpg,0,763.59,110.32,763.81,110.29,764.08,110.23,764.31,110.16,764.59,110.05,764.08,109.79,764.36,109.70,764.53,109.78,764.69,109.94,764.11,109.67,764.39,109.62,764.56,109.72,764.72,109.88,764.08,109.73,764.32,109.66,764.53,109.74,764.68,109.88,764.07,109.82,764.25,109.78,764.40,109.84,764.47,109.95
EK_0031_P22_107_frame_0000025039_r.jpg,0,699.00,663.35,699.07,663.42,699.18,663.49,699.31,663.49,699.49,663.45,699.22,663.18,699.30,663.03,699.40,662.96,699.53,662.90,699.27,663.07,699.42,662.96,699.55,662.96,699.69,663.00,699.30,663.03,699.43,662.97,699.57,662.96,699.70,663.00,699.33,663.04,699.40,662.99,699.50,662.99,699.57,663.05
EK_0031_P22_107_frame_0000025338_l.jpg,0,313.76,204.36,313.72,204.37,313.58,204.36,313.44,204.24,313.34,204.05,313.34,204.11,313.20,203.93,313.16,203.80,313.13,203.66,313.30,203.95,313.28,203.74,313.36,203.62,313.48,203.53,313.39,203.86,313.34,203.67,313.42,203.53,313.55,203.46,313.50,203.80,313.43,203.65,313.46,203.52,313.55,203.45
EK_0031_P22_107_frame_0000025396_l.jpg,0,143.53,442.61,143.16,442.43,142.86,442.30,142.62,442.13,142.37,441.92,143.12,441.75,142.98,441.42,142.87,441.22,142.74,441.02,143.34,441.61,143.16,441.36,143.00,441.26,142.84,441.28,143.57,441.68,143.40,441.42,143.25,441.28,143.11,441.24,143.72,441.77,143.64,441.55,143.53,441.43,143.38,441.41
EK_0031_P22_107_frame_0000025692_r.jpg,0,920.15,574.41,920.07,574.44,920.00,574.41,920.02,574.31,920.08,574.22,920.05,574.10,920.08,574.05,920.12,574.06,920.14,574.08,920.16,573.98,920.20,573.93,920.25,573.97,920.28,574.01,920.30,573.98,920.29,573.83,920.34,573.81,920.37,573.83,920.41,574.01,920.46,573.89,920.51,573.85,920.52,573.85
EK_0031_P22_107_frame_0000026238_r.jpg,0,895.11,235.29,895.09,235.29,895.18,235.37,895.28,235.37,895.42,235.27,895.03,234.96,895.00,234.78,895.09,234.77,895.21,234.83,895.08,234.84,895.09,234.68,895.20,234.71,895.30,234.77,895.18,234.83,895.16,234.70,895.25,234.69,895.34,234.74,895.27,234.85,895.27,234.76,895.31,234.73,895.33,234.78
EK_0031_P22_107_frame_0000026269_l.jpg,0,515.59,420.47,515.41,420.27,515.29,420.10,515.26,419.93,515.31,419.85,515.55,419.84,515.54,419.62,515.47,419.52,515.37,419.47,515.67,419.81,515.65,419.61,515.56,419.53,515.44,419.47,515.74,419.92,515.70,419.73,515.62,419.63,515.51,419.56,515.76,420.03,515.72,419.89,515.66,419.80,515.56,419.73
EK_0031_P22_107_frame_0000026463_r.jpg,0,1277.65,434.80,1277.77,434.73,1277.84,434.60,1277.89,434.48,1277.95,434.32,1277.70,434.49,1277.78,434.35,1277.85,434.31,1277.95,434.24,1277.62,434.42,1277.72,434.30,1277.81,434.27,1277.93,434.25,1277.57,434.41,1277.68,434.32,1277.78,434.29,1277.90,434.26,1277.55,434.41,1277.65,434.39,1277.74,434.38,1277.86,434.34
EK_0031_P22_107_frame_0000026561_r.jpg,0,626.41,219.39,626.71,219.28,626.94,219.11,627.08,218.90,627.18,218.65,626.82,218.68,626.98,218.41,627.15,218.30,627.36,218.27,626.74,218.55,626.92,218.33,627.11,218.26,627.34,218.29,626.64,218.61,626.82,218.41,627.02,218.33,627.26,218.33,626.59,218.70,626.75,218.58,626.91,218.51,627.11,218.49
EK_0031_P22_107_frame_0000026869_l.jpg,0,756.64,548.48,756.43,548.34,756.28,548.19,756.22,548.01,756.11,547.81,756.46,547.90,756.48,547.69,756.49,547.57,756.52,547.42,756.62,547.87,756.65,547.68,756.68,547.56,756.72,547.40,756.76,547.97,756.77,547.79,756.80,547.66,756.82,547.52,756.86,548.07,756.88,547.95,756.91,547.86,756.93,547.74
EK_0031_P22_107_frame_0000027126_r.jpg,0,750.60,312.84,750.64,312.74,750.76,312.77,750.96,312.80,751.23,312.86,751.00,312.37,751.24,312.28,751.27,312.40,751.21,312.53,751.16,312.37,751.37,312.32,751.37,312.47,751.29,312.62,751.22,312.51,751.41,312.41,751.42,312.56,751.31,312.69,751.25,312.65,751.39,312.56,751.40,312.66,751.31,312.73
EK_0031_P22_107_frame_0000027730_r.jpg,0,801.52,523.68,801.70,523.62,801.79,523.47,801.85,523.33,801.86,523.12,801.62,523.35,801.58,523.26,801.59,523.17,801.68,523.07,801.51,523.24,801.50,523.08,801.52,522.95,801.60,522.81,801.44,523.21,801.54,523.06,801.63,522.94,801.69,522.79,801.41,523.19,801.51,523.11,801.60,523.03,801.66,522.89
EK_0031_P22_107_frame_0000027871_r.jpg,0,738.92,519.62,739.05,519.57,739.23,519.51,739.38,519.44,739.60,519.39,739.16,519.18,739.17,518.99,739.24,518.87,739.36,518.78,739.17,519.11,739.20,518.91,739.27,518.78,739.39,518.67,739.18,519.15,739.27,519.00,739.41,518.93,739.54,518.93,739.19,519.22,739.32,519.22,739.43,519.27,739.51,519.34
EK_0033_P25_101_frame_0000001005_l.jpg,0,411.02,574.52,410.66,574.31,410.34,574.16,410.10,573.98,409.96,573.73,410.59,573.59,410.42,573.26,410.23,573.15,410.00,573.19,410.73,573.53,410.45,573.38,410.24,573.39,410.04,573.55,410.87,573.69,410.61,573.53,410.40,573.56,410.22,573.74,410.94,573.86,410.78,573.71,410.60,573.75,410.49,573.91
EK_0033_P25_101_frame_0000001133_l.jpg,0,75.69,289.13,75.29,289.03,74.97,289.08,74.71,289.10,74.55,289.13,75.06,288.43,74.91,288.14,74.76,288.09,74.60,288.16,75.21,288.36,75.03,288.24,74.88,288.31,74.72,288.46,75.42,288.48,75.21,288.41,75.04,288.50,74.86,288.66,75.56,288.63,75.39,288.64,75.24,288.74,75.08,288.87
EK_0033_P25_101_frame_0000002001_r.jpg,0,1061.00,356.20,1060.90,356.27,1060.79,356.41,1060.76,356.58,1060.95,356.76,1061.20,356.14,1061.32,356.26,1061.33,356.43,1061.27,356.62,1061.41,356.14,1061.46,356.35,1061.44,356.54,1061.33,356.71,1061.52,356.21,1061.59,356.35,1061.58,356.56,1061.45,356.72,1061.58,356.29,1061.67,356.43,1061.67,356.59,1061.56,356.71
EK_0033_P25_101_frame_0000002551_r.jpg,0,970.60,659.93,970.58,659.93,970.68,659.91,970.78,659.85,970.97,659.75,970.60,659.54,970.72,659.44,970.84,659.50,970.96,659.61,970.70,659.43,970.83,659.34,970.94,659.42,971.05,659.54,970.81,659.44,970.90,659.38,971.02,659.45,971.10,659.57,970.91,659.48,970.97,659.44,971.05,659.48,971.08,659.58
EK_0033_P25_101_frame_0000002871_r.jpg,0,758.79,661.68,758.97,661.63,759.10,661.54,759.18,661.47,759.23,661.38,758.94,661.60,758.99,661.50,759.05,661.39,759.12,661.26,758.80,661.55,758.86,661.41,758.92,661.29,759.02,661.17,758.68,661.50,758.75,661.39,758.81,661.26,758.91,661.15,758.60,661.44,758.65,661.36,758.71,661.28,758.81,661.22
EK_0033_P25_101_frame_0000003109_l.jpg,0,-96.19,749.95,-96.32,749.77,-96.43,749.68,-96.47,749.61,-96.47,749.62,-96.13,749.45,-96.14,749.35,-96.20,749.35,-96.27,749.39,-95.99,749.50,-95.96,749.40,-96.01,749.39,-96.09,749.41,-95.91,749.65,-95.91,749.53,-95.95,749.50,-96.03,749.49,-95.88,749.79,-95.87,749.70,-95.89,749.65,-95.93,749.59
EK_0033_P25_101_frame_0000004221_r.jpg,0,1019.38,408.30,1019.31,408.32,1019.37,408.37,1019.51,408.35,1019.73,408.31,1019.39,407.95,1019.50,407.86,1019.61,407.91,1019.73,408.00,1019.54,407.85,1019.65,407.77,1019.75,407.85,1019.84,407.96,1019.68,407.88,1019.76,407.82,1019.86,407.88,1019.92,407.98,1019.78,407.94,1019.86,407.96,1019.89,408.04,1019.88,408.14
EK_0033_P25_101_frame_0000004341_r.jpg,0,914.79,174.97,914.65,175.01,914.60,175.13,914.66,175.09,914.79,175.02,914.64,174.67,914.67,174.68,914.73,174.80,914.78,174.92,914.79,174.57,914.83,174.62,914.86,174.76,914.88,174.91,914.95,174.58,914.97,174.61,915.00,174.75,915.01,174.90,915.08,174.63,915.11,174.69,915.11,174.80,915.06,174.92
EK_0033_P25_101_frame_0000004634_r.jpg,0,1093.77,126.86,1093.81,126.79,1093.94,126.71,1094.06,126.63,1094.30,126.50,1093.81,126.28,1094.02,126.23,1094.17,126.32,1094.33,126.44,1093.87,126.15,1094.09,126.19,1094.24,126.29,1094.39,126.42,1093.97,126.19,1094.13,126.18,1094.29,126.27,1094.40,126.40,1094.06,126.25,1094.15,126.19,1094.26,126.24,1094.32,126.34
EK_0033_P25_101_frame_0000004846_r.jpg,0,1099.15,232.21,1099.23,232.16,1099.42,232.15,1099.60,232.09,1099.88,232.02,1099.41,231.67,1099.64,231.59,1099.80,231.68,1099.96,231.80,1099.51,231.58,1099.75,231.56,1099.90,231.68,1100.01,231.85,1099.58,231.64,1099.78,231.61,1099.94,231.72,1100.01,231.88,1099.64,231.73,1099.78,231.70,1099.90,231.76,1099.95,231.86
EK_0033_P25_101_frame_0000004973_r.jpg,0,994.97,311.56,995.01,311.48,995.17,311.39,995.30,311.27,995.52,311.14,995.07,311.01,995.26,310.91,995.40,310.96,995.57,311.00,995.14,310.92,995.35,310.89,995.49,310.97,995.63,311.06,995.23,310.98,995.39,310.93,995.54,310.99,995.65,311.08,995.31,311.06,995.41,311.00,995.51,311.01,995.58,311.06
EK_0033_P25_101_frame_0000005199_r.jpg,0,838.44,-64.67,838.49,-64.72,838.63,-64.74,838.76,-64.79,838.99,-64.91,838.52,-65.18,838.72,-65.22,838.85,-65.12,838.97,-64.97,838.59,-65.30,838.79,-65.28,838.92,-65.16,839.01,-65.01,838.67,-65.27,838.82,-65.28,838.96,-65.18,839.02,-65.03,838.75,-65.22,838.84,-65.25,838.94,-65.19,838.98,-65.07
EK_0033_P25_101_frame_0000005269_r.jpg,0,1229.16,375.75,1229.01,375.72,1228.92,375.64,1228.92,375.53,1228.90,375.40,1229.06,375.32,1229.06,375.23,1229.11,375.25,1229.17,375.31,1229.22,375.24,1229.27,375.20,1229.31,375.33,1229.34,375.49,1229.39,375.30,1229.44,375.25,1229.47,375.36,1229.48,375.49,1229.52,375.38,1229.57,375.39,1229.55,375.46,1229.50,375.54
EK_0033_P25_101_frame_0000005301_r.jpg,0,962.79,214.51,962.69,214.50,962.62,214.42,962.73,214.29,962.96,214.17,962.77,214.03,962.88,213.94,962.97,214.06,963.00,214.22,962.95,213.91,963.12,213.85,963.19,214.00,963.20,214.19,963.12,213.96,963.26,213.83,963.33,213.99,963.30,214.17,963.25,214.04,963.40,213.93,963.46,214.01,963.41,214.12
EK_0033_P25_101_frame_0000007443_r.jpg,0,1504.31,770.07,1504.35,769.86,1504.43,769.79,1504.52,769.78,1504.64,769.74,1504.70,769.82,1504.84,769.78,1504.80,769.76,1504.69,769.77,1504.75,769.97,1504.78,769.92,1504.71,769.89,1504.59,769.86,1504.68,770.13,1504.68,770.05,1504.64,769.99,1504.56,769.94,1504.59,770.24,1504.53,770.18,1504.47,770.11,1504.43,770.06
EK_0033_P25_101_frame_0000007731_r.jpg,0,668.69,595.40,668.93,595.14,669.04,594.87,669.16,594.65,669.32,594.49,668.79,594.54,668.96,594.36,669.12,594.34,669.32,594.30,668.63,594.52,668.79,594.34,668.99,594.31,669.22,594.28,668.54,594.69,668.63,594.44,668.83,594.35,669.05,594.29,668.50,594.84,668.56,594.66,668.69,594.55,668.87,594.46
EK_0033_P25_101_frame_0000009013_l.jpg,0,224.33,602.90,224.22,602.60,224.06,602.36,223.91,602.19,223.75,601.96,224.29,602.11,224.21,601.87,224.09,601.73,223.90,601.62,224.29,602.17,224.17,601.96,224.07,601.81,223.95,601.64,224.23,602.37,224.13,602.16,224.03,601.99,223.94,601.82,224.16,602.54,224.10,602.38,224.04,602.25,223.99,602.10
EK_0033_P25_101_frame_0000009798_l.jpg,0,-257.10,554.85,-257.39,554.73,-257.65,554.73,-257.87,554.73,-258.15,554.70,-257.43,554.38,-257.45,554.20,-257.54,554.16,-257.66,554.18,-257.28,554.42,-257.33,554.29,-257.43,554.30,-257.57,554.36,-257.14,554.58,-257.19,554.43,-257.28,554.41,-257.42,554.44,-257.05,554.75,-257.10,554.67,-257.17,554.66,-257.29,554.68
EK_0033_P25_101_frame_0000012336_r.jpg,0,1042.26,450.80,1042.26,450.83,1042.31,450.77,1042.36,450.65,1042.47,450.48,1042.22,450.51,1042.29,450.39,1042.39,450.35,1042.51,450.32,1042.29,450.38,1042.39,450.28,1042.51,450.28,1042.63,450.31,1042.38,450.35,1042.44,450.28,1042.55,450.26,1042.65,450.27,1042.47,450.36,1042.52,450.33,1042.59,450.35,1042.64,450.37
EK_0033_P25_101_frame_0000012459_r.jpg,0,985.77,492.22,985.77,492.25,985.79,492.23,985.85,492.11,985.99,491.98,985.84,491.98,985.91,491.89,986.02,491.88,986.15,491.91,985.93,491.88,986.05,491.82,986.17,491.85,986.27,491.92,986.00,491.88,986.08,491.83,986.18,491.85,986.27,491.91,986.07,491.90,986.12,491.87,986.18,491.90,986.21,491.95
EK_0033_P25_101_frame_0000013607_l.jpg,0,-171.17,704.72,-171.17,704.41,-171.28,704.18,-171.42,704.02,-171.59,703.81,-170.92,704.03,-171.04,703.81,-171.17,703.69,-171.35,703.58,-170.93,704.08,-171.09,703.89,-171.23,703.77,-171.39,703.64,-171.04,704.24,-171.21,704.07,-171.40,704.01,-171.54,703.94,-171.15,704.36,-171.24,704.21,-171.36,704.12,-171.45,704.02
EK_0033_P25_101_frame_0000013638_r.jpg,0,1195.62,352.90,1195.48,352.84,1195.41,352.77,1195.44,352.68,1195.52,352.60,1195.58,352.48,1195.66,352.36,1195.72,352.37,1195.79,352.40,1195.74,352.44,1195.84,352.36,1195.89,352.41,1195.92,352.50,1195.89,352.53,1195.90,352.57,1195.90,352.66,1195.88,352.77,1195.99,352.63,1195.98,352.68,1195.94,352.75,1195.87,352.82
EK_0033_P25_101_frame_0000013701_l.jpg,0,238.52,603.32,238.40,603.03,238.23,602.82,238.07,602.68,237.90,602.49,238.45,602.56,238.41,602.32,238.32,602.18,238.16,602.06,238.44,602.62,238.35,602.42,238.27,602.28,238.18,602.12,238.39,602.82,238.31,602.61,238.23,602.46,238.13,602.30,238.32,602.99,238.27,602.85,238.22,602.73,238.16,602.60
EK_0033_P25_101_frame_0000013892_r.jpg,0,997.34,269.55,997.20,269.62,997.09,269.64,997.14,269.55,997.24,269.45,997.14,269.29,997.16,269.30,997.21,269.42,997.25,269.56,997.27,269.16,997.32,269.24,997.36,269.37,997.38,269.52,997.45,269.15,997.47,269.17,997.49,269.30,997.50,269.45,997.59,269.18,997.65,269.15,997.64,269.26,997.60,269.38
EK_0033_P25_101_frame_0000013983_l.jpg,0,10.95,680.48,10.96,680.14,10.86,679.89,10.71,679.72,10.56,679.52,11.13,679.76,11.07,679.52,11.00,679.36,10.88,679.22,11.09,679.83,10.97,679.63,10.89,679.49,10.81,679.33,10.96,680.01,10.89,679.79,10.80,679.63,10.72,679.44,10.83,680.15,10.75,679.99,10.66,679.86,10.60,679.71
EK_0033_P25_101_frame_0000014353_l.jpg,0,108.56,689.77,108.52,689.42,108.39,689.17,108.24,689.01,108.09,688.81,108.70,689.07,108.70,688.86,108.62,688.72,108.47,688.60,108.68,689.18,108.65,688.99,108.59,688.85,108.50,688.71,108.58,689.39,108.55,689.20,108.49,689.06,108.40,688.91,108.47,689.55,108.37,689.42,108.27,689.31,108.18,689.18
EK_0033_P25_101_frame_0000014401_r.jpg,0,1135.84,477.25,1135.81,477.32,1135.87,477.28,1135.94,477.21,1136.08,477.08,1135.79,477.00,1135.89,476.92,1136.00,476.89,1136.10,476.87,1135.88,476.87,1136.02,476.79,1136.15,476.78,1136.28,476.79,1136.00,476.84,1136.11,476.81,1136.23,476.85,1136.33,476.92,1136.11,476.85,1136.19,476.87,1136.25,476.93,1136.30,477.00
EK_0033_P25_101_frame_0000014455_r.jpg,0,789.02,350.16,788.89,350.13,788.83,350.05,788.89,349.92,789.02,349.85,788.93,349.67,788.98,349.61,789.04,349.73,789.09,349.87,789.10,349.56,789.18,349.55,789.22,349.68,789.24,349.84,789.28,349.62,789.34,349.53,789.38,349.65,789.37,349.80,789.42,349.70,789.51,349.62,789.52,349.71,789.48,349.82
EK_0033_P25_101_frame_0000014555_l.jpg,0,-125.74,690.74,-125.76,690.39,-125.91,690.18,-126.08,690.06,-126.25,689.85,-125.60,690.10,-125.65,689.93,-125.72,689.84,-125.81,689.77,-125.64,690.23,-125.72,690.07,-125.78,689.97,-125.83,689.86,-125.76,690.44,-125.83,690.27,-125.91,690.16,-125.97,690.03,-125.89,690.60,-126.01,690.47,-126.11,690.36,-126.20,690.22
EK_0033_P25_101_frame_0000014621_r.jpg,0,1115.65,457.67,1115.74,457.45,1115.79,457.28,1115.85,457.17,1115.90,457.11,1116.02,457.42,1116.03,457.30,1115.96,457.24,1115.86,457.20,1116.00,457.53,1115.95,457.41,1115.87,457.32,1115.78,457.23,1115.89,457.64,1115.87,457.52,1115.78,457.43,1115.69,457.33,1115.77,457.71,1115.73,457.63,1115.67,457.54,1115.62,457.44
EK_0033_P25_101_frame_0000014651_l.jpg,0,-145.92,805.03,-145.90,804.71,-145.96,804.50,-146.05,804.36,-146.12,804.17,-145.59,804.47,-145.55,804.31,-145.59,804.21,-145.65,804.10,-145.57,804.58,-145.57,804.44,-145.64,804.33,-145.76,804.20,-145.68,804.76,-145.68,804.59,-145.76,804.46,-145.88,804.32,-145.80,804.89,-145.83,804.75,-145.90,804.62,-146.01,804.48
EK_0033_P25_101_frame_0000014688_r.jpg,0,1097.27,262.66,1097.24,262.71,1097.33,262.70,1097.44,262.64,1097.63,262.50,1097.15,262.22,1097.34,262.15,1097.51,262.18,1097.72,262.22,1097.25,262.03,1097.46,262.00,1097.63,262.10,1097.81,262.25,1097.40,261.99,1097.56,261.97,1097.74,262.05,1097.87,262.21,1097.55,262.00,1097.67,262.00,1097.78,262.07,1097.84,262.21
EK_0033_P25_101_frame_0000015188_l.jpg,0,113.53,658.32,113.55,658.06,113.48,657.90,113.41,657.80,113.34,657.72,113.67,657.87,113.59,657.79,113.45,657.76,113.29,657.73,113.63,657.96,113.46,657.88,113.31,657.84,113.16,657.77,113.53,658.11,113.38,657.99,113.23,657.93,113.09,657.85,113.44,658.21,113.33,658.11,113.24,658.04,113.12,657.95
EK_0033_P25_101_frame_0000015326_r.jpg,0,891.79,528.40,891.70,528.20,891.82,528.15,891.92,528.10,892.05,528.04,891.96,527.84,892.07,527.68,892.10,527.69,892.10,527.75,892.14,527.89,892.24,527.85,892.22,527.92,892.17,528.00,892.23,528.06,892.27,528.03,892.25,528.05,892.22,528.09,892.27,528.20,892.26,528.20,892.23,528.20,892.24,528.19
EK_0033_P25_101_frame_0000016753_l.jpg,0,166.19,527.69,166.10,527.37,165.96,527.11,165.80,526.92,165.62,526.68,166.14,526.85,166.09,526.60,165.97,526.45,165.79,526.32,166.10,526.90,165.96,526.68,165.82,526.54,165.67,526.38,166.02,527.11,165.91,526.87,165.79,526.70,165.64,526.53,165.93,527.28,165.85,527.11,165.77,526.97,165.67,526.81
EK_0033_P25_101_frame_0000016951_r.jpg,0,972.26,286.21,972.23,286.19,972.26,286.20,972.36,286.18,972.54,286.13,972.33,285.87,972.43,285.80,972.53,285.81,972.62,285.85,972.43,285.80,972.55,285.74,972.65,285.76,972.71,285.83,972.53,285.84,972.62,285.78,972.71,285.82,972.74,285.88,972.60,285.90,972.70,285.92,972.73,285.99,972.70,286.06
EK_0033_P25_101_frame_0000017042_l.jpg,0,246.65,510.02,246.51,509.72,246.37,509.49,246.21,509.35,246.04,509.14,246.52,509.29,246.47,509.06,246.38,508.92,246.25,508.79,246.51,509.36,246.42,509.18,246.34,509.05,246.26,508.90,246.47,509.58,246.40,509.38,246.31,509.24,246.21,509.08,246.41,509.76,246.36,509.62,246.30,509.51,246.23,509.39
EK_0033_P25_101_frame_0000017071_l.jpg,0,210.40,555.04,210.26,554.74,210.11,554.51,209.93,554.36,209.74,554.15,210.22,554.27,210.16,554.05,210.06,553.91,209.92,553.78,210.19,554.34,210.08,554.15,209.99,554.03,209.89,553.87,210.15,554.55,210.05,554.35,209.94,554.20,209.84,554.04,210.09,554.73,210.01,554.59,209.93,554.47,209.85,554.33
EK_0033_P25_101_frame_0000017176_r.jpg,0,1061.07,543.50,1061.24,543.40,1061.32,543.30,1061.37,543.22,1061.37,543.10,1061.31,543.29,1061.33,543.16,1061.31,543.06,1061.29,542.93,1061.20,543.26,1061.23,543.12,1061.23,543.00,1061.26,542.88,1061.07,543.25,1061.14,543.14,1061.16,543.02,1061.21,542.91,1060.98,543.24,1061.02,543.14,1061.06,543.06,1061.13,542.97
EK_0033_P25_101_frame_0000018111_l.jpg,0,462.83,670.72,462.57,670.66,462.42,670.61,462.32,670.54,462.21,670.46,462.51,670.22,462.45,670.02,462.40,669.98,462.35,670.00,462.66,670.15,462.63,670.00,462.59,669.97,462.53,669.96,462.84,670.24,462.77,670.12,462.71,670.10,462.65,670.09,462.95,670.34,462.90,670.33,462.85,670.32,462.80,670.28
EK_0033_P25_101_frame_0000018155_r.jpg,0,970.47,405.76,970.41,405.78,970.47,405.84,970.52,405.76,970.62,405.61,970.36,405.45,970.38,405.32,970.46,405.35,970.54,405.42,970.44,405.33,970.45,405.19,970.55,405.26,970.64,405.36,970.56,405.31,970.55,405.19,970.63,405.26,970.70,405.36,970.67,405.33,970.69,405.25,970.72,405.32,970.70,405.42
EK_0033_P25_101_frame_0000018180_r.jpg,0,986.62,517.28,986.71,517.02,986.79,516.82,986.89,516.69,986.96,516.64,987.03,516.94,987.09,516.79,986.95,516.73,986.78,516.77,987.02,517.07,986.99,516.92,986.84,516.85,986.67,516.79,986.90,517.21,986.90,517.07,986.76,516.98,986.60,516.90,986.77,517.30,986.75,517.20,986.67,517.11,986.59,517.03
EK_0033_P25_101_frame_0000018373_r.jpg,0,1040.44,666.14,1040.43,666.16,1040.47,666.11,1040.51,666.04,1040.57,665.92,1040.36,665.88,1040.42,665.78,1040.51,665.75,1040.62,665.75,1040.40,665.77,1040.48,665.69,1040.58,665.69,1040.69,665.72,1040.48,665.75,1040.53,665.68,1040.63,665.67,1040.72,665.69,1040.55,665.75,1040.60,665.70,1040.65,665.68,1040.69,665.70
EK_0033_P25_101_frame_0000018988_l.jpg,0,153.67,457.81,153.58,457.49,153.45,457.26,153.30,457.11,153.15,456.93,153.68,457.08,153.64,456.85,153.53,456.72,153.36,456.60,153.68,457.16,153.61,456.98,153.52,456.85,153.40,456.70,153.62,457.37,153.58,457.17,153.51,457.01,153.41,456.85,153.54,457.54,153.49,457.41,153.43,457.30,153.35,457.16
EK_0033_P25_101_frame_0000020015_l.jpg,0,209.91,541.10,209.75,540.83,209.64,540.64,209.57,540.50,209.53,540.35,209.85,540.45,209.87,540.25,209.78,540.16,209.63,540.09,209.92,540.54,209.75,540.43,209.57,540.44,209.38,540.50,209.93,540.75,209.78,540.61,209.59,540.59,209.40,540.63,209.90,540.92,209.81,540.84,209.67,540.80,209.54,540.79
EK_0033_P25_101_frame_0000020251_l.jpg,0,37.04,507.28,36.90,506.97,36.80,506.74,36.67,506.58,36.55,506.39,36.90,506.58,36.76,506.41,36.64,506.30,36.51,506.18,36.89,506.69,36.69,506.58,36.55,506.50,36.38,506.40,36.86,506.91,36.69,506.76,36.51,506.66,36.32,506.56,36.81,507.09,36.68,506.97,36.53,506.89,36.40,506.84
EK_0033_P25_101_frame_0000020523_l.jpg,0,6.57,496.26,6.29,496.09,6.05,495.98,5.84,495.92,5.62,495.85,6.16,495.72,5.97,495.64,5.81,495.73,5.67,495.88,6.25,495.77,6.03,495.92,5.99,496.06,6.09,496.07,6.36,495.96,6.13,496.05,6.09,496.18,6.20,496.17,6.42,496.14,6.24,496.16,6.22,496.24,6.31,496.24
EK_0033_P25_101_frame_0000020671_l.jpg,0,439.05,232.32,438.85,232.40,438.69,232.39,438.58,232.30,438.56,232.22,438.53,232.14,438.41,232.07,438.46,232.10,438.53,232.14,438.58,231.99,438.51,231.94,438.56,231.99,438.61,232.06,438.74,231.93,438.65,231.89,438.69,231.94,438.73,232.02,438.86,231.90,438.84,231.89,438.87,231.94,438.90,232.01
EK_0036_P27_105_frame_0000000409_l.jpg,0,661.36,320.17,661.32,319.86,661.20,319.64,661.07,319.50,660.93,319.42,661.42,319.52,661.22,319.36,661.04,319.32,660.85,319.28,661.38,319.62,661.16,319.50,660.98,319.46,660.82,319.42,661.29,319.81,661.11,319.66,660.92,319.61,660.80,319.58,661.19,319.96,661.06,319.84,660.93,319.77,660.81,319.67
EK_0036_P27_105_frame_0000000521_l.jpg,0,260.69,712.44,260.53,712.33,260.43,712.30,260.37,712.27,260.27,712.24,260.69,712.08,260.76,711.94,260.77,711.91,260.78,711.89,260.85,712.12,260.91,712.01,260.92,711.99,260.91,711.98,260.95,712.26,261.02,712.19,261.03,712.19,261.01,712.20,261.00,712.39,261.03,712.41,261.02,712.45,261.00,712.46
EK_0036_P27_105_frame_0000000717_r.jpg,0,870.44,380.02,870.63,379.81,870.74,379.56,870.81,379.33,870.92,379.03,870.45,379.26,870.63,379.02,870.82,378.97,871.01,379.04,870.34,379.18,870.55,378.99,870.75,379.03,870.89,379.21,870.29,379.26,870.46,379.07,870.68,379.08,870.81,379.26,870.30,379.34,870.41,379.21,870.59,379.21,870.71,379.31
EK_0036_P27_105_frame_0000000754_r.jpg,0,762.26,356.88,762.49,356.65,762.61,356.42,762.62,356.18,762.50,355.91,762.47,356.14,762.46,355.86,762.46,355.74,762.44,355.69,762.27,356.09,762.28,355.88,762.31,355.97,762.33,356.14,762.06,356.19,762.12,355.98,762.15,356.03,762.18,356.17,761.91,356.28,761.98,356.12,762.02,356.13,762.08,356.22
EK_0036_P27_105_frame_0000000942_r.jpg,0,978.75,244.26,978.83,244.19,978.96,244.05,979.06,243.90,979.22,243.67,978.77,243.71,978.87,243.49,979.04,243.46,979.24,243.49,978.78,243.57,979.03,243.62,979.15,243.76,979.28,243.92,978.84,243.58,979.05,243.66,979.18,243.81,979.31,243.97,978.92,243.62,979.06,243.64,979.15,243.75,979.23,243.89
EK_0036_P27_105_frame_0000001963_r.jpg,0,911.52,153.02,911.58,152.87,911.71,152.65,911.81,152.43,911.93,152.08,911.23,152.31,911.42,152.04,911.65,152.01,911.91,152.03,911.17,152.15,911.47,152.03,911.71,152.07,911.97,152.15,911.24,152.15,911.48,152.03,911.73,152.09,911.94,152.24,911.35,152.16,911.51,152.06,911.70,152.12,911.83,152.26
EK_0036_P27_105_frame_0000002034_r.jpg,0,829.53,116.87,829.64,116.57,829.74,116.26,829.81,115.96,829.92,115.58,829.31,115.90,829.38,115.54,829.48,115.31,829.63,115.07,829.22,115.83,829.33,115.49,829.53,115.31,829.81,115.23,829.26,115.95,829.28,115.62,829.46,115.40,829.73,115.31,829.35,116.06,829.30,115.82,829.38,115.62,829.54,115.51
EK_0036_P27_105_frame_0000002611_l.jpg,0,-181.20,426.28,-181.29,425.93,-181.37,425.69,-181.44,425.49,-181.43,425.36,-180.94,425.58,-181.07,425.51,-181.26,425.56,-181.43,425.69,-180.82,425.71,-181.03,425.68,-181.23,425.72,-181.43,425.81,-180.84,425.94,-181.06,425.88,-181.28,425.91,-181.51,425.94,-180.90,426.13,-181.07,426.08,-181.24,426.09,-181.43,426.09
EK_0036_P27_105_frame_0000002821_l.jpg,0,463.01,812.88,462.82,812.81,462.71,812.69,462.73,812.54,462.76,812.47,462.80,812.45,462.74,812.32,462.75,812.35,462.77,812.41,462.94,812.40,462.93,812.34,462.93,812.41,462.92,812.48,463.09,812.46,463.09,812.39,463.08,812.45,463.06,812.52,463.20,812.54,463.23,812.50,463.22,812.56,463.19,812.63
EK_0036_P27_105_frame_0000002963_r.jpg,0,1212.74,699.27,1212.90,699.17,1212.94,699.02,1213.01,698.90,1213.13,698.73,1212.79,699.28,1212.77,699.28,1212.74,699.16,1212.69,698.98,1212.61,699.31,1212.56,699.28,1212.55,699.13,1212.58,698.95,1212.45,699.29,1212.41,699.26,1212.41,699.10,1212.47,698.93,1212.35,699.23,1212.28,699.21,1212.26,699.11,1212.33,699.00
EK_0036_P27_105_frame_0000004625_r.jpg,0,1075.48,538.61,1075.66,538.48,1075.79,538.30,1075.82,538.10,1075.84,537.83,1075.57,538.03,1075.58,537.79,1075.64,537.64,1075.69,537.45,1075.47,537.92,1075.53,537.69,1075.69,537.70,1075.83,537.81,1075.42,537.95,1075.54,537.77,1075.71,537.81,1075.84,537.94,1075.41,538.00,1075.49,537.87,1075.63,537.86,1075.74,537.95
EK_0036_P27_105_frame_0000004782_l.jpg,0,378.07,669.85,378.10,669.55,377.98,669.35,377.82,669.23,377.64,669.04,378.07,669.29,377.93,669.09,377.80,668.98,377.64,668.85,377.96,669.38,377.77,669.22,377.63,669.12,377.49,668.97,377.83,669.55,377.69,669.37,377.54,669.27,377.43,669.13,377.72,669.67,377.61,669.55,377.51,669.48,377.42,669.34
EK_0036_P27_105_frame_0000005676_l.jpg,0,523.52,605.20,523.36,605.00,523.22,604.86,523.12,604.75,523.03,604.64,523.45,604.64,523.36,604.50,523.24,604.49,523.11,604.52,523.53,604.67,523.36,604.63,523.22,604.64,523.08,604.63,523.57,604.82,523.43,604.74,523.29,604.75,523.13,604.76,523.57,604.96,523.48,604.88,523.37,604.90,523.24,604.91
EK_0036_P27_105_frame_0000006590_r.jpg,0,1091.65,534.15,1091.76,534.11,1091.89,533.97,1091.99,533.85,1092.19,533.72,1091.66,533.73,1091.81,533.59,1091.97,533.55,1092.11,533.48,1091.63,533.60,1091.83,533.51,1092.00,533.49,1092.18,533.45,1091.65,533.57,1091.84,533.54,1092.01,533.59,1092.18,533.67,1091.70,533.58,1091.83,533.58,1091.95,533.65,1092.09,533.72
EK_0036_P27_105_frame_0000007322_r.jpg,0,1116.95,645.10,1116.88,644.98,1116.85,644.87,1116.87,644.80,1116.88,644.75,1117.09,644.83,1117.15,644.77,1117.10,644.81,1117.03,644.86,1117.19,644.89,1117.13,644.92,1117.06,644.97,1116.99,645.00,1117.22,645.02,1117.17,645.01,1117.11,645.04,1117.05,645.07,1117.22,645.12,1117.21,645.10,1117.16,645.11,1117.09,645.12
EK_0036_P27_105_frame_0000007863_r.jpg,0,880.91,672.57,881.07,672.44,881.20,672.34,881.33,672.31,881.41,672.33,881.37,672.57,881.53,672.56,881.49,672.51,881.38,672.47,881.36,672.67,881.39,672.60,881.29,672.55,881.18,672.49,881.25,672.73,881.29,672.65,881.19,672.59,881.07,672.55,881.15,672.75,881.20,672.69,881.14,672.64,881.06,672.60
EK_0036_P27_105_frame_0000007898_r.jpg,0,728.11,615.54,728.24,615.51,728.41,615.45,728.56,615.37,728.72,615.30,728.43,615.15,728.63,615.10,728.66,615.24,728.57,615.35,728.47,615.07,728.67,615.04,728.69,615.19,728.58,615.27,728.47,615.12,728.62,615.08,728.67,615.23,728.55,615.30,728.47,615.18,728.57,615.13,728.63,615.22,728.59,615.30
EK_0036_P27_105_frame_0000009388_r.jpg,0,752.73,512.46,752.82,512.16,752.97,511.95,753.17,511.86,753.43,511.78,753.21,511.91,753.45,511.80,753.54,511.78,753.59,511.76,753.35,512.06,753.56,511.96,753.63,511.93,753.67,511.90,753.38,512.28,753.58,512.15,753.68,512.09,753.73,512.03,753.39,512.45,753.51,512.38,753.49,512.37,753.42,512.37
EK_0036_P27_105_frame_0000010452_l.jpg,0,455.05,757.52,454.93,757.25,454.79,757.05,454.66,756.90,454.53,756.76,455.05,756.86,454.83,756.75,454.66,756.73,454.48,756.78,455.09,756.93,454.85,756.89,454.67,756.91,454.49,756.96,455.08,757.11,454.88,757.01,454.69,757.01,454.53,757.00,455.04,757.27,454.93,757.14,454.79,757.09,454.66,757.06
EK_0036_P27_105_frame_0000010513_r.jpg,0,931.68,588.92,931.58,588.78,931.49,588.75,931.49,588.76,931.51,588.78,931.78,588.65,931.78,588.66,931.72,588.72,931.65,588.78,931.88,588.75,931.82,588.77,931.75,588.82,931.67,588.85,931.92,588.89,931.85,588.89,931.77,588.93,931.68,588.96,931.91,589.01,931.84,589.03,931.78,589.06,931.70,589.08
EK_0036_P27_105_frame_0000010617_l.jpg,0,715.50,825.53,715.50,825.30,715.42,825.14,715.33,825.02,715.24,824.93,715.72,825.10,715.71,824.95,715.61,824.89,715.48,824.86,715.75,825.17,715.64,825.07,715.53,825.01,715.39,824.96,715.70,825.29,715.62,825.16,715.51,825.10,715.38,825.03,715.63,825.39,715.59,825.28,715.51,825.22,715.42,825.16
EK_0036_P27_105_frame_0000010676_r.jpg,0,935.45,494.59,935.35,494.30,935.48,494.10,935.68,494.01,935.96,493.98,935.57,494.02,935.77,493.86,935.81,493.88,935.76,493.96,935.77,494.07,935.95,493.88,935.95,493.88,935.84,493.98,935.91,494.21,936.07,494.04,936.09,493.95,935.99,493.98,936.00,494.30,936.07,494.14,936.08,494.05,936.02,494.09
EK_0036_P27_105_frame_0000011373_l.jpg,0,529.15,760.90,529.22,760.63,529.16,760.41,529.07,760.26,528.94,760.29,529.61,760.47,529.69,760.30,529.61,760.19,529.45,760.11,529.63,760.56,529.54,760.41,529.41,760.32,529.24,760.23,529.52,760.69,529.46,760.53,529.32,760.44,529.15,760.36,529.40,760.78,529.34,760.66,529.23,760.57,529.11,760.48
EK_0036_P27_105_frame_0000013063_r.jpg,0,1253.91,591.53,1254.04,591.45,1254.09,591.34,1254.12,591.25,1254.15,591.10,1253.86,591.39,1253.83,591.21,1253.87,591.07,1253.93,590.93,1253.71,591.35,1253.76,591.16,1253.82,591.03,1253.90,590.89,1253.61,591.32,1253.67,591.15,1253.72,591.00,1253.81,590.87,1253.56,591.27,1253.58,591.14,1253.62,591.03,1253.71,590.93
EK_0036_P27_105_frame_0000013115_r.jpg,0,1150.89,395.14,1151.00,394.89,1151.12,394.65,1151.18,394.39,1151.30,394.10,1150.67,394.35,1150.67,394.02,1150.82,393.86,1151.07,393.80,1150.56,394.27,1150.56,393.95,1150.77,393.85,1151.02,393.86,1150.58,394.34,1150.54,394.06,1150.72,393.89,1150.96,393.83,1150.64,394.41,1150.58,394.22,1150.67,394.06,1150.82,393.96
EK_0036_P27_105_frame_0000013265_r.jpg,0,841.69,535.01,841.84,534.91,842.02,534.78,842.18,534.67,842.39,534.54,841.82,534.45,841.91,534.24,842.02,534.15,842.19,534.13,841.78,534.35,841.89,534.16,842.03,534.11,842.21,534.11,841.76,534.40,841.88,534.22,842.03,534.15,842.21,534.12,841.78,534.45,841.90,534.37,842.02,534.30,842.17,534.21
EK_0036_P27_105_frame_0000013476_r.jpg,0,769.06,635.53,769.31,635.43,769.48,635.28,769.60,635.13,769.70,634.91,769.57,635.17,769.66,634.97,769.66,634.81,769.61,634.67,769.46,635.08,769.52,634.86,769.48,634.72,769.44,634.63,769.27,635.05,769.39,634.89,769.41,634.72,769.43,634.60,769.11,635.03,769.22,634.93,769.29,634.82,769.38,634.72
EK_0036_P27_105_frame_0000013640_l.jpg,0,578.37,684.56,578.23,684.44,578.15,684.37,578.19,684.26,578.26,684.20,578.32,684.11,578.36,683.95,578.36,683.96,578.34,684.00,578.46,684.10,578.50,684.01,578.46,684.07,578.41,684.13,578.56,684.20,578.57,684.14,578.52,684.18,578.49,684.23,578.63,684.30,578.61,684.28,578.58,684.31,578.54,684.36
EK_0036_P27_105_frame_0000013658_l.jpg,0,676.22,711.16,676.05,711.07,675.95,711.04,675.98,710.98,676.06,710.96,676.09,710.79,676.08,710.64,676.05,710.62,676.02,710.62,676.21,710.80,676.23,710.72,676.20,710.76,676.15,710.79,676.32,710.91,676.30,710.87,676.26,710.91,676.21,710.95,676.38,711.01,676.36,710.99,676.34,711.00,676.29,711.03
EK_0036_P27_105_frame_0000013828_r.jpg,0,913.19,298.57,913.26,298.44,913.41,298.31,913.53,298.17,913.71,297.98,913.24,297.98,913.40,297.81,913.56,297.79,913.73,297.83,913.26,297.91,913.46,297.80,913.62,297.81,913.78,297.84,913.32,297.97,913.46,297.86,913.62,297.85,913.77,297.88,913.38,298.05,913.46,297.96,913.57,297.92,913.67,297.93
EK_0036_P27_105_frame_0000014013_l.jpg,0,297.55,768.29,297.43,768.16,297.28,768.09,297.18,768.03,297.12,768.01,297.59,767.93,297.67,767.83,297.66,767.85,297.64,767.90,297.71,767.99,297.77,767.96,297.74,768.00,297.68,768.02,297.78,768.12,297.81,768.08,297.77,768.10,297.71,768.12,297.80,768.24,297.83,768.21,297.81,768.22,297.75,768.23
EK_0036_P27_105_frame_0000014042_l.jpg,0,462.46,833.34,462.33,833.25,462.22,833.23,462.18,833.20,462.16,833.20,462.45,833.07,462.54,833.00,462.53,833.03,462.50,833.10,462.56,833.11,462.56,833.12,462.53,833.16,462.49,833.19,462.63,833.22,462.60,833.21,462.57,833.23,462.53,833.25,462.66,833.32,462.64,833.31,462.62,833.33,462.56,833.35
EK_0036_P27_105_frame_0000014203_r.jpg,0,1155.01,214.19,1155.01,214.21,1155.12,214.16,1155.19,214.09,1155.33,214.06,1154.98,213.86,1154.97,213.70,1155.09,213.67,1155.23,213.66,1155.05,213.72,1155.21,213.62,1155.35,213.66,1155.50,213.71,1155.15,213.71,1155.30,213.70,1155.44,213.76,1155.57,213.83,1155.24,213.72,1155.36,213.76,1155.45,213.83,1155.57,213.88
EK_0036_P27_105_frame_0000014347_r.jpg,0,623.81,134.02,624.00,133.93,624.15,133.76,624.28,133.61,624.45,133.34,623.88,133.35,623.95,133.03,624.06,132.85,624.25,132.69,623.81,133.16,623.89,132.86,623.99,132.65,624.12,132.48,623.80,133.15,623.83,132.91,623.90,132.67,623.95,132.52,623.84,133.17,623.85,132.99,623.87,132.81,623.92,132.69
EK_0036_P27_105_frame_0000014547_r.jpg,0,823.59,534.52,823.47,534.47,823.38,534.50,823.36,534.45,823.43,534.40,823.46,534.14,823.45,534.01,823.49,534.02,823.54,534.07,823.58,534.08,823.55,533.94,823.60,533.99,823.63,534.10,823.71,534.12,823.68,533.99,823.71,534.04,823.71,534.14,823.81,534.18,823.91,534.20,823.94,534.28,823.92,534.37
EK_0036_P27_105_frame_0000014780_r.jpg,0,721.07,210.39,721.25,210.18,721.42,210.03,721.56,209.89,721.77,209.72,721.06,209.74,720.97,209.50,721.01,209.35,721.13,209.24,720.90,209.70,720.82,209.46,720.94,209.38,721.11,209.42,720.80,209.78,720.74,209.57,720.85,209.44,721.02,209.41,720.77,209.86,720.71,209.71,720.77,209.57,720.88,209.49
EK_0036_P27_105_frame_0000014809_l.jpg,0,304.25,283.70,304.13,283.39,304.12,283.11,304.18,282.85,304.24,282.53,304.44,282.86,304.45,282.56,304.37,282.39,304.25,282.24,304.55,282.86,304.43,282.62,304.29,282.49,304.13,282.34,304.54,283.02,304.46,282.77,304.33,282.63,304.16,282.49,304.48,283.15,304.44,282.97,304.33,282.85,304.19,282.75
EK_0036_P27_105_frame_0000015056_l.jpg,0,332.11,70.61,331.67,70.43,331.47,70.14,331.38,69.81,331.41,69.50,331.54,69.66,331.45,69.28,331.42,69.38,331.41,69.60,331.79,69.48,331.69,69.19,331.62,69.31,331.54,69.53,332.06,69.54,331.93,69.23,331.83,69.31,331.73,69.54,332.24,69.62,332.09,69.51,331.98,69.61,331.90,69.79
EK_0036_P27_105_frame_0000016230_r.jpg,0,1214.55,422.09,1214.44,421.88,1214.41,421.70,1214.49,421.55,1214.65,421.48,1214.56,421.48,1214.68,421.29,1214.75,421.29,1214.77,421.35,1214.72,421.48,1214.87,421.37,1214.93,421.39,1214.94,421.43,1214.85,421.60,1214.94,421.45,1214.97,421.44,1214.97,421.45,1214.94,421.70,1214.95,421.64,1214.93,421.66,1214.90,421.67
EK_0036_P27_105_frame_0000016401_l.jpg,0,328.22,64.69,328.08,64.30,327.87,64.08,327.71,63.87,327.47,63.61,328.10,63.79,327.86,63.68,327.62,63.72,327.34,63.74,328.07,63.90,327.74,63.84,327.48,63.85,327.19,63.79,328.00,64.17,327.70,64.06,327.43,64.04,327.15,63.99,327.91,64.40,327.72,64.27,327.53,64.21,327.29,64.10
EK_0036_P27_105_frame_0000017071_r.jpg,0,824.26,400.79,824.43,400.67,824.67,400.52,824.87,400.38,825.16,400.21,824.56,400.08,824.83,399.94,825.04,399.94,825.27,399.97,824.59,399.99,824.87,399.94,825.07,400.03,825.22,400.20,824.60,400.08,824.84,400.00,825.04,400.09,825.13,400.27,824.63,400.19,824.79,400.12,824.93,400.17,825.00,400.28
EK_0036_P27_105_frame_0000017409_r.jpg,0,958.85,585.63,959.04,585.45,959.22,585.25,959.37,585.06,959.60,584.84,958.99,584.87,959.19,584.65,959.38,584.62,959.60,584.64,958.93,584.79,959.11,584.57,959.28,584.68,959.37,584.88,958.92,584.89,959.07,584.69,959.28,584.74,959.43,584.89,958.94,584.99,959.03,584.84,959.19,584.80,959.32,584.86
EK_0036_P27_105_frame_0000017651_r.jpg,0,1099.94,574.63,1100.00,574.52,1100.10,574.39,1100.17,574.24,1100.32,574.07,1099.92,574.11,1099.98,573.90,1100.08,573.80,1100.21,573.70,1099.92,574.02,1099.96,573.82,1100.07,573.72,1100.21,573.65,1099.97,574.06,1099.97,573.88,1100.08,573.78,1100.21,573.72,1100.03,574.11,1100.04,573.99,1100.08,573.89,1100.15,573.81
EK_0036_P27_105_frame_0000018842_r.jpg,0,1069.15,713.70,1069.14,713.40,1069.19,713.15,1069.23,712.92,1069.31,712.62,1068.78,712.99,1068.94,712.75,1069.08,712.60,1069.27,712.49,1068.75,713.00,1068.93,712.79,1069.09,712.66,1069.29,712.57,1068.84,713.13,1068.93,712.91,1069.10,712.80,1069.27,712.83,1068.96,713.24,1068.99,713.07,1069.09,712.96,1069.23,712.95
EK_0036_P27_105_frame_0000020051_r.jpg,0,862.51,196.91,862.78,196.78,863.05,196.67,863.31,196.51,863.74,196.35,862.91,195.94,863.05,195.56,863.24,195.36,863.52,195.20,862.92,195.75,863.15,195.41,863.45,195.35,863.76,195.48,862.92,195.82,863.06,195.48,863.37,195.38,863.69,195.47,862.97,195.94,863.01,195.66,863.21,195.52,863.41,195.55
EK_0036_P27_105_frame_0000024948_r.jpg,0,635.48,260.78,635.60,260.75,635.83,260.76,636.04,260.78,636.33,260.79,635.69,260.25,635.92,260.10,636.10,260.16,636.28,260.27,635.74,260.11,636.01,260.09,636.17,260.20,636.32,260.36,635.79,260.12,636.01,260.11,636.19,260.23,636.28,260.40,635.84,260.18,635.99,260.16,636.12,260.23,636.20,260.34
EK_0036_P27_105_frame_0000025680_r.jpg,0,871.75,667.97,871.97,667.84,872.12,667.71,872.21,667.58,872.22,667.46,872.18,667.88,872.22,667.70,872.14,667.59,872.03,667.63,872.08,667.91,872.10,667.73,872.01,667.61,872.00,667.60,871.91,667.91,871.96,667.77,871.89,667.63,871.89,667.67,871.77,667.88,871.76,667.76,871.71,667.65,871.72,667.71
EK_0036_P27_105_frame_0000025755_r.jpg,0,881.91,645.65,881.84,645.69,881.78,645.62,881.87,645.49,881.97,645.38,881.95,645.26,882.04,645.23,882.13,645.30,882.17,645.40,882.12,645.13,882.20,644.99,882.31,645.09,882.40,645.21,882.28,645.15,882.34,644.96,882.43,644.90,882.48,644.87,882.41,645.21,882.48,645.03,882.56,644.91,882.62,644.78
EK_0036_P27_105_frame_0000025784_r.jpg,0,916.05,709.38,916.01,709.33,916.04,709.27,916.19,709.21,916.30,709.15,916.17,708.92,916.27,708.76,916.33,708.71,916.41,708.74,916.33,708.86,916.41,708.70,916.50,708.73,916.59,708.75,916.45,708.94,916.52,708.76,916.61,708.70,916.69,708.61,916.54,709.04,916.62,708.90,916.70,708.81,916.76,708.69
EK_0036_P27_105_frame_0000025826_r.jpg,0,965.21,609.12,965.25,609.01,965.38,608.83,965.48,608.64,965.63,608.40,965.28,608.50,965.37,608.26,965.45,608.12,965.55,607.94,965.35,608.41,965.44,608.18,965.61,608.23,965.71,608.40,965.44,608.48,965.53,608.30,965.70,608.34,965.80,608.51,965.53,608.56,965.56,608.41,965.69,608.38,965.72,608.48
EK_0036_P27_105_frame_0000025951_l.jpg,0,646.99,409.54,646.86,409.33,646.70,409.23,646.57,409.13,646.45,409.06,647.03,408.96,647.10,408.77,647.02,408.69,646.89,408.71,647.14,408.99,647.06,408.87,646.94,408.84,646.80,408.83,647.19,409.14,647.19,408.97,647.10,408.91,646.97,408.89,647.20,409.26,647.17,409.16,647.08,409.13,646.98,409.12
EK_0036_P27_105_frame_0000026316_l.jpg,0,570.91,668.87,570.82,668.58,570.64,668.38,570.47,668.23,570.26,668.03,570.88,668.11,570.72,667.91,570.54,667.86,570.32,667.89,570.87,668.15,570.62,668.05,570.42,668.02,570.21,667.97,570.80,668.33,570.62,668.17,570.41,668.12,570.26,668.07,570.73,668.48,570.62,668.34,570.48,668.27,570.37,668.22
EK_0036_P27_105_frame_0000026451_r.jpg,0,869.70,738.32,869.58,738.24,869.60,738.11,869.68,737.96,869.78,737.84,869.65,737.80,869.75,737.65,869.81,737.70,869.84,737.76,869.80,737.74,869.83,737.55,869.89,737.62,869.94,737.74,869.95,737.82,869.97,737.63,870.03,737.63,870.06,737.68,870.07,737.91,870.12,737.80,870.15,737.79,870.14,737.81
EK_0036_P27_105_frame_0000026543_r.jpg,0,915.15,674.30,915.16,674.24,915.19,674.11,915.25,673.99,915.37,673.83,915.22,673.86,915.32,673.71,915.43,673.65,915.50,673.71,915.30,673.79,915.38,673.63,915.49,673.58,915.58,673.64,915.38,673.84,915.41,673.68,915.51,673.59,915.58,673.60,915.45,673.90,915.51,673.79,915.58,673.70,915.62,673.65
EK_0036_P27_105_frame_0000026581_r.jpg,0,931.47,679.60,931.74,679.64,931.95,679.55,932.10,679.42,932.30,679.24,931.98,679.28,932.13,679.09,932.24,679.06,932.29,679.15,931.92,679.12,932.08,678.95,932.21,678.90,932.37,678.92,931.79,679.06,931.98,678.97,932.14,678.93,932.31,679.00,931.70,679.04,931.83,678.97,931.96,678.91,932.09,678.95
EK_0036_P27_105_frame_0000026836_r.jpg,0,789.90,225.51,790.01,225.41,790.15,225.28,790.25,225.15,790.42,225.08,790.09,224.93,790.25,224.80,790.40,224.86,790.53,224.99,790.12,224.84,790.31,224.74,790.43,224.86,790.50,225.03,790.16,224.90,790.25,224.72,790.41,224.78,790.48,224.94,790.20,224.99,790.24,224.83,790.36,224.80,790.43,224.85
EK_0036_P27_105_frame_0000027176_r.jpg,0,596.37,519.00,596.32,518.86,596.37,518.70,596.47,518.56,596.62,518.51,596.54,518.42,596.65,518.29,596.72,518.34,596.75,518.40,596.70,518.41,596.85,518.24,596.94,518.23,596.99,518.26,596.81,518.54,596.92,518.35,597.05,518.28,597.12,518.24,596.89,518.67,597.00,518.55,597.10,518.46,597.19,518.35
EK_0036_P27_105_frame_0000027813_r.jpg,0,919.29,473.80,919.70,473.81,919.98,473.73,920.15,473.56,920.38,473.34,920.06,473.22,920.28,472.95,920.44,472.83,920.60,472.77,919.93,473.02,920.13,472.80,920.28,472.70,920.48,472.71,919.71,473.01,919.95,472.88,920.10,472.79,920.33,472.77,919.55,473.05,919.73,472.95,919.88,472.86,920.08,472.81
EK_0036_P27_105_frame_0000028076_l.jpg,0,390.28,464.86,389.92,464.81,389.63,464.71,389.40,464.57,389.11,464.40,389.64,464.21,389.40,463.99,389.21,463.93,389.00,463.93,389.74,464.07,389.53,463.85,389.35,463.76,389.13,463.69,389.90,464.12,389.77,463.87,389.62,463.71,389.42,463.59,390.01,464.21,389.91,464.04,389.80,463.93,389.64,463.88
EK_0036_P27_105_frame_0000028314_r.jpg,0,790.31,779.01,790.25,779.13,790.20,779.12,790.22,779.07,790.23,779.02,790.29,778.92,790.35,778.85,790.41,778.83,790.45,778.79,790.41,778.80,790.49,778.75,790.56,778.72,790.61,778.68,790.54,778.75,790.59,778.68,790.66,778.64,790.71,778.58,790.64,778.75,790.70,778.66,790.76,778.59,790.81,778.51
EK_0036_P27_105_frame_0000029101_r.jpg,0,973.37,736.17,973.51,736.12,973.56,735.98,973.60,735.85,973.64,735.67,973.41,735.96,973.41,735.82,973.45,735.71,973.52,735.60,973.30,735.88,973.32,735.74,973.35,735.62,973.42,735.50,973.23,735.84,973.26,735.69,973.29,735.56,973.36,735.45,973.20,735.80,973.26,735.70,973.30,735.62,973.36,735.49
EK_0036_P27_105_frame_0000029338_r.jpg,0,1015.54,727.09,1015.57,727.13,1015.63,727.07,1015.65,726.98,1015.65,726.83,1015.39,727.02,1015.35,726.92,1015.36,726.84,1015.41,726.78,1015.35,726.92,1015.32,726.82,1015.35,726.74,1015.42,726.69,1015.37,726.84,1015.34,726.75,1015.36,726.66,1015.40,726.61,1015.41,726.78,1015.43,726.70,1015.45,726.62,1015.45,726.55
EK_0036_P27_105_frame_0000029948_r.jpg,0,987.00,686.11,986.90,685.82,986.88,685.59,986.92,685.41,986.91,685.19,987.13,685.50,987.08,685.32,986.93,685.31,986.76,685.34,987.20,685.61,987.11,685.49,986.94,685.49,986.75,685.48,987.18,685.81,987.09,685.69,986.91,685.66,986.72,685.63,987.12,685.97,987.05,685.90,986.93,685.85,986.78,685.80
EK_0036_P27_105_frame_0000031125_r.jpg,0,1226.50,451.70,1226.59,451.59,1226.70,451.44,1226.78,451.31,1226.87,451.10,1226.29,451.47,1226.13,451.39,1226.12,451.25,1226.16,451.08,1226.13,451.43,1225.96,451.34,1225.99,451.18,1226.07,451.02,1226.07,451.41,1225.96,451.30,1225.98,451.14,1226.06,450.99,1226.06,451.37,1226.01,451.26,1226.03,451.14,1226.09,451.02
EK_0036_P27_105_frame_0000031421_r.jpg,0,903.58,767.35,903.52,767.37,903.49,767.38,903.47,767.33,903.49,767.24,903.36,767.07,903.25,766.98,903.32,766.96,903.45,766.98,903.41,766.95,903.36,766.79,903.47,766.77,903.59,766.80,903.52,766.91,903.52,766.77,903.62,766.77,903.72,766.83,903.63,766.91,903.67,766.82,903.76,766.85,903.79,766.94
EK_0036_P27_105_frame_0000031951_l.jpg,0,549.68,498.52,549.59,498.26,549.46,498.05,549.35,497.86,549.17,497.65,549.66,497.79,549.48,497.60,549.32,497.54,549.14,497.46,549.65,497.81,549.45,497.67,549.27,497.63,549.07,497.56,549.60,497.97,549.44,497.81,549.25,497.76,549.07,497.71,549.53,498.12,549.39,498.02,549.25,497.97,549.09,497.92
EK_0036_P27_105_frame_0000032076_r.jpg,0,914.77,307.74,914.94,307.62,915.14,307.51,915.29,307.39,915.49,307.17,914.76,307.18,914.63,306.95,914.74,306.80,914.91,306.71,914.65,307.06,914.78,306.83,914.94,306.73,915.14,306.65,914.61,307.06,914.56,306.84,914.62,306.64,914.74,306.48,914.62,307.08,914.67,306.91,914.75,306.78,914.87,306.66
EK_0036_P27_105_frame_0000032988_l.jpg,0,538.12,453.96,537.98,453.66,537.88,453.43,537.81,453.20,537.67,452.96,538.17,453.18,538.01,453.01,537.84,453.11,537.69,453.23,538.24,453.23,538.03,453.13,537.85,453.23,537.69,453.32,538.23,453.41,538.04,453.28,537.84,453.36,537.72,453.45,538.19,453.57,538.03,453.49,537.89,453.56,537.80,453.64
EK_0036_P27_105_frame_0000033476_l.jpg,0,508.65,562.88,508.39,562.75,508.23,562.66,508.16,562.56,508.14,562.49,508.38,562.27,508.32,562.05,508.26,561.99,508.18,561.98,508.53,562.21,508.51,562.01,508.44,562.01,508.35,562.06,508.68,562.30,508.65,562.11,508.57,562.09,508.49,562.14,508.77,562.40,508.72,562.27,508.66,562.24,508.59,562.25
EK_0036_P27_105_frame_0000033886_l.jpg,0,451.87,541.81,451.66,541.64,451.46,541.51,451.29,541.38,451.15,541.29,451.60,541.15,451.38,541.06,451.26,541.18,451.20,541.37,451.66,541.13,451.43,541.10,451.26,541.17,451.09,541.27,451.71,541.26,451.50,541.20,451.39,541.35,451.41,541.48,451.73,541.39,451.57,541.33,451.50,541.44,451.52,541.54
EK_0036_P27_105_frame_0000034096_l.jpg,0,-48.40,404.66,-48.80,404.54,-49.05,404.32,-49.25,404.09,-49.51,403.85,-48.98,403.82,-49.25,403.58,-49.43,403.61,-49.55,403.74,-48.84,403.67,-49.14,403.61,-49.32,403.69,-49.52,403.83,-48.66,403.76,-48.96,403.66,-49.15,403.76,-49.33,403.95,-48.56,403.87,-48.78,403.78,-48.94,403.84,-49.08,403.98
EK_0036_P27_105_frame_0000034451_l.jpg,0,38.84,463.51,38.84,463.23,38.80,462.97,38.82,462.74,38.82,462.51,39.17,462.80,39.31,462.58,39.19,462.44,38.98,462.38,39.20,462.80,39.03,462.61,38.88,462.50,38.72,462.36,39.10,462.92,38.99,462.71,38.82,462.58,38.65,462.45,38.99,463.02,38.91,462.85,38.80,462.74,38.68,462.63
EK_0036_P27_105_frame_0000034667_r.jpg,0,678.55,646.80,678.59,646.65,678.71,646.51,678.84,646.39,679.05,646.32,678.66,646.23,678.80,646.07,678.92,645.99,679.05,645.89,678.73,646.20,678.87,646.05,679.00,645.98,679.14,645.90,678.80,646.31,678.88,646.15,679.02,646.07,679.13,645.98,678.86,646.41,678.92,646.31,679.00,646.24,679.04,646.19
EK_0036_P27_105_frame_0000035776_l.jpg,0,531.88,556.95,531.91,556.65,531.83,556.39,531.73,556.19,531.62,555.92,531.99,556.19,531.85,555.95,531.72,555.81,531.59,555.65,531.90,556.22,531.71,556.01,531.57,555.87,531.46,555.68,531.75,556.38,531.64,556.15,531.48,556.00,531.41,555.83,531.62,556.51,531.53,556.35,531.43,556.22,531.36,556.05
EK_0036_P27_105_frame_0000036051_r.jpg,0,886.26,461.86,886.36,461.75,886.54,461.60,886.71,461.48,886.95,461.31,886.40,461.22,886.63,461.08,886.82,461.08,887.01,461.14,886.44,461.11,886.69,461.04,886.88,461.08,887.02,461.19,886.49,461.17,886.68,461.07,886.88,461.11,886.96,461.22,886.56,461.26,886.69,461.17,886.83,461.16,886.87,461.25
EK_0036_P27_105_frame_0000036076_l.jpg,0,454.94,563.68,454.72,563.47,454.52,563.28,454.37,563.10,454.27,562.94,454.73,562.90,454.53,562.71,454.36,562.65,454.16,562.67,454.82,562.86,454.67,562.66,454.48,562.66,454.28,562.74,454.87,563.00,454.75,562.78,454.56,562.76,454.35,562.82,454.87,563.14,454.81,562.97,454.65,562.92,454.51,562.93
EK_0036_P27_105_frame_0000036326_l.jpg,0,488.62,494.24,488.65,493.93,488.55,493.68,488.37,493.53,488.12,493.44,488.56,493.45,488.39,493.24,488.24,493.12,488.05,493.00,488.42,493.48,488.22,493.29,488.05,493.18,487.90,493.04,488.28,493.67,488.15,493.45,487.99,493.31,487.89,493.15,488.16,493.82,488.07,493.66,487.97,493.53,487.88,493.37
EK_0036_P27_105_frame_0000036613_l.jpg,0,460.05,619.42,460.03,619.12,459.90,618.91,459.75,618.77,459.55,618.62,460.01,618.74,459.84,618.58,459.70,618.49,459.54,618.39,459.92,618.81,459.72,618.67,459.55,618.59,459.39,618.46,459.82,618.98,459.67,618.81,459.50,618.72,459.35,618.58,459.72,619.13,459.61,619.01,459.49,618.91,459.37,618.77
EK_0036_P27_105_frame_0000036700_r.jpg,0,862.50,504.17,862.66,504.12,862.83,504.13,863.00,504.07,863.19,503.93,862.69,503.67,862.71,503.45,862.79,503.31,862.93,503.18,862.66,503.54,862.69,503.32,862.86,503.28,863.03,503.35,862.65,503.55,862.79,503.42,862.97,503.44,863.13,503.54,862.66,503.58,862.78,503.48,862.92,503.51,863.00,503.61
EK_0036_P27_105_frame_0000036839_r.jpg,0,956.46,169.62,956.54,169.65,956.71,169.63,956.86,169.64,957.06,169.61,956.45,169.37,956.59,169.26,956.73,169.25,956.89,169.27,956.43,169.23,956.60,169.17,956.75,169.18,956.90,169.24,956.45,169.16,956.60,169.12,956.75,169.15,956.89,169.23,956.50,169.13,956.62,169.12,956.73,169.15,956.83,169.22
EK_0036_P27_105_frame_0000037192_l.jpg,0,614.06,559.41,613.96,559.15,613.84,558.95,613.75,558.77,613.72,558.65,614.19,558.73,614.17,558.53,614.04,558.47,613.86,558.46,614.27,558.76,614.21,558.58,614.06,558.53,613.87,558.50,614.25,558.91,614.17,558.73,614.01,558.67,613.83,558.63,614.20,559.03,614.11,558.91,613.99,558.84,613.85,558.79
EK_0036_P27_105_frame_0000037855_r.jpg,0,764.68,620.16,764.60,620.10,764.69,620.03,764.86,619.89,765.13,619.79,764.73,619.53,764.86,619.33,764.98,619.33,765.11,619.37,764.93,619.42,765.06,619.21,765.20,619.21,765.32,619.27,765.10,619.51,765.20,619.28,765.34,619.23,765.43,619.26,765.24,619.63,765.36,619.48,765.44,619.43,765.48,619.42
EK_0036_P27_105_frame_0000038113_r.jpg,0,717.79,384.88,717.90,384.80,718.12,384.77,718.31,384.74,718.57,384.75,718.15,384.40,718.37,384.32,718.52,384.39,718.63,384.47,718.24,384.36,718.45,384.29,718.57,384.39,718.61,384.52,718.26,384.46,718.45,384.40,718.60,384.48,718.68,384.52,718.29,384.58,718.44,384.58,718.57,384.60,718.74,384.57
EK_0036_P27_105_frame_0000038334_l.jpg,0,536.62,580.12,536.42,579.95,536.30,579.74,536.25,579.53,536.20,579.27,536.55,579.47,536.44,579.24,536.35,579.12,536.25,579.00,536.68,579.40,536.61,579.16,536.53,579.02,536.41,578.88,536.75,579.46,536.68,579.24,536.58,579.09,536.44,578.97,536.77,579.52,536.69,579.38,536.62,579.25,536.53,579.13
EK_0036_P27_105_frame_0000038417_l.jpg,0,630.92,637.43,630.78,637.19,630.61,637.03,630.50,636.88,630.39,636.74,630.91,636.73,630.95,636.50,630.86,636.39,630.69,636.34,630.97,636.73,630.93,636.54,630.81,636.45,630.65,636.36,630.97,636.88,630.92,636.69,630.80,636.59,630.64,636.49,630.94,637.01,630.86,636.89,630.76,636.81,630.64,636.72
EK_0036_P27_105_frame_0000038521_l.jpg,0,59.19,552.51,59.01,552.31,58.81,552.21,58.68,552.11,58.52,552.01,59.15,551.99,59.17,551.85,59.11,551.83,59.01,551.87,59.28,552.06,59.29,551.97,59.20,552.01,59.07,552.06,59.36,552.24,59.37,552.15,59.28,552.17,59.15,552.19,59.40,552.39,59.36,552.39,59.29,552.40,59.20,552.41
EK_0036_P27_105_frame_0000039028_l.jpg,0,480.92,522.08,480.85,522.00,480.87,521.92,480.93,521.82,480.99,521.75,481.07,521.67,481.21,521.60,481.25,521.70,481.25,521.82,481.23,521.66,481.34,521.65,481.36,521.77,481.35,521.90,481.33,521.77,481.41,521.75,481.41,521.85,481.38,521.97,481.40,521.89,481.46,521.86,481.47,521.91,481.44,521.97
EK_0036_P27_105_frame_0000039251_r.jpg,0,848.69,702.58,848.84,702.56,848.96,702.47,849.05,702.38,849.16,702.21,848.80,702.26,848.90,702.11,849.03,702.13,848.99,702.25,848.74,702.14,848.89,702.02,848.94,702.11,848.83,702.20,848.70,702.09,848.81,702.01,848.93,702.07,848.84,702.19,848.70,702.08,848.76,701.99,848.87,701.97,848.89,702.08
EK_0036_P27_105_frame_0000040297_r.jpg,0,840.33,652.94,840.17,653.05,840.01,653.11,839.92,653.13,839.85,653.19,840.10,652.86,840.07,652.87,840.08,652.94,840.09,653.02,840.23,652.77,840.23,652.79,840.25,652.86,840.26,652.94,840.40,652.76,840.39,652.74,840.42,652.80,840.42,652.87,840.53,652.79,840.57,652.74,840.60,652.76,840.60,652.80
EK_0036_P27_105_frame_0000040354_r.jpg,0,1102.68,759.23,1102.72,759.00,1102.81,758.84,1102.79,758.67,1102.62,758.56,1102.50,758.73,1102.39,758.57,1102.32,758.45,1102.25,758.32,1102.35,758.78,1102.20,758.66,1102.18,758.61,1102.22,758.59,1102.27,758.91,1102.17,758.77,1102.16,758.71,1102.18,758.69,1102.22,759.02,1102.17,758.90,1102.16,758.82,1102.19,758.76
EK_0036_P27_105_frame_0000040477_l.jpg,0,137.59,330.97,137.04,330.84,136.60,330.55,136.25,330.25,135.72,329.96,136.72,329.80,136.27,329.49,135.97,329.54,135.66,329.66,136.87,329.55,136.44,329.29,136.13,329.41,135.81,329.64,137.08,329.63,136.66,329.40,136.31,329.47,135.96,329.67,137.21,329.76,136.91,329.58,136.63,329.55,136.30,329.62
EK_0036_P27_105_frame_0000040538_r.jpg,0,924.94,-136.83,925.13,-136.84,925.41,-136.99,925.66,-137.13,926.01,-137.32,925.29,-137.51,925.65,-137.65,925.87,-137.51,926.04,-137.28,925.35,-137.72,925.72,-137.76,925.91,-137.57,925.92,-137.29,925.39,-137.71,925.70,-137.70,925.92,-137.52,925.90,-137.28,925.45,-137.65,925.65,-137.62,925.81,-137.49,925.82,-137.30
EK_0036_P27_105_frame_0000040796_r.jpg,0,1287.92,685.08,1287.97,685.03,1288.01,684.91,1288.05,684.76,1288.12,684.56,1287.91,684.56,1288.08,684.43,1288.24,684.44,1288.44,684.49,1287.94,684.42,1288.15,684.35,1288.28,684.48,1288.39,684.65,1288.02,684.42,1288.16,684.33,1288.32,684.43,1288.41,684.61,1288.11,684.45,1288.18,684.36,1288.29,684.43,1288.33,684.56
EK_0036_P27_105_frame_0000041392_r.jpg,0,826.26,437.88,826.17,437.69,826.24,437.47,826.36,437.28,826.50,437.09,826.26,437.10,826.31,436.81,826.41,436.72,826.52,436.67,826.44,437.03,826.56,436.81,826.67,436.69,826.78,436.58,826.61,437.16,826.74,436.95,826.89,436.89,827.00,436.87,826.75,437.30,826.85,437.13,826.94,437.11,826.94,437.16
EK_0036_P27_105_frame_0000041817_l.jpg,0,716.01,640.13,715.90,639.94,715.79,639.84,715.77,639.83,715.75,639.80,716.08,639.73,716.11,639.66,716.03,639.68,715.91,639.77,716.19,639.82,716.13,639.80,716.03,639.82,715.90,639.87,716.22,639.99,716.16,639.97,716.07,639.97,715.92,640.00,716.22,640.14,716.14,640.14,716.05,640.15,715.95,640.14
EK_0036_P27_105_frame_0000042367_l.jpg,0,454.25,458.37,454.15,458.13,454.10,457.92,454.10,457.74,454.10,457.52,454.33,457.75,454.27,457.56,454.13,457.60,454.01,457.72,454.40,457.78,454.25,457.67,454.10,457.72,453.95,457.82,454.40,457.94,454.27,457.81,454.10,457.85,453.97,457.93,454.37,458.07,454.25,458.00,454.12,458.01,454.04,458.05
EK_0036_P27_105_frame_0000042405_r.jpg,0,1055.97,726.98,1055.95,726.71,1056.11,726.54,1056.27,726.42,1056.45,726.23,1056.08,726.30,1056.24,726.10,1056.36,726.00,1056.50,725.94,1056.21,726.33,1056.35,726.13,1056.48,726.01,1056.62,725.93,1056.32,726.50,1056.41,726.31,1056.53,726.16,1056.65,726.02,1056.41,726.64,1056.51,726.54,1056.61,726.46,1056.70,726.33
EK_0036_P27_105_frame_0000043151_l.jpg,0,542.63,392.07,542.40,391.90,542.30,391.70,542.28,391.49,542.26,391.22,542.45,391.40,542.37,391.18,542.28,391.07,542.18,390.97,542.58,391.34,542.48,391.14,542.39,391.02,542.28,390.89,542.69,391.43,542.66,391.21,542.61,391.05,542.54,390.89,542.74,391.52,542.72,391.37,542.67,391.25,542.60,391.13
EK_0036_P27_105_frame_0000044350_l.jpg,0,392.15,-101.42,391.83,-101.40,391.56,-101.42,391.34,-101.49,391.04,-101.53,391.48,-101.84,391.28,-102.05,391.16,-102.15,391.07,-102.24,391.59,-102.03,391.44,-102.23,391.36,-102.31,391.27,-102.36,391.81,-102.08,391.67,-102.23,391.63,-102.25,391.61,-102.22,391.99,-102.09,391.89,-102.23,391.86,-102.23,391.84,-102.15
EK_0036_P27_105_frame_0000045218_r.jpg,0,755.63,552.72,755.60,552.48,755.70,552.26,755.82,552.09,756.04,551.94,755.75,552.02,755.93,551.83,756.07,551.80,756.19,551.80,755.90,552.03,756.08,551.87,756.22,551.85,756.32,551.87,756.02,552.19,756.15,552.00,756.29,551.92,756.39,551.88,756.11,552.33,756.23,552.22,756.35,552.12,756.48,552.00
EK_0036_P27_105_frame_0000045548_l.jpg,0,799.61,834.36,799.45,834.14,799.32,833.97,799.24,833.83,799.20,833.73,799.56,833.77,799.39,833.67,799.26,833.73,799.16,833.87,799.65,833.81,799.47,833.76,799.33,833.83,799.20,833.95,799.69,833.97,799.55,833.86,799.39,833.91,799.24,833.99,799.69,834.12,799.59,834.03,799.46,834.04,799.35,834.08
EK_0036_P27_105_frame_0000046181_r.jpg,0,1126.61,325.07,1126.52,324.95,1126.52,324.84,1126.65,324.79,1126.80,324.81,1126.73,324.59,1126.83,324.52,1126.87,324.60,1126.86,324.68,1126.89,324.60,1127.01,324.56,1127.01,324.66,1126.95,324.76,1127.00,324.72,1127.15,324.67,1127.13,324.77,1127.05,324.84,1127.06,324.85,1127.18,324.86,1127.20,324.90,1127.15,324.93
EK_0036_P27_105_frame_0000046288_l.jpg,0,656.90,783.05,656.76,782.77,656.59,782.56,656.42,782.41,656.23,782.29,656.88,782.28,656.65,782.13,656.46,782.16,656.27,782.25,656.93,782.31,656.67,782.25,656.48,782.31,656.30,782.38,656.91,782.49,656.71,782.35,656.50,782.39,656.35,782.42,656.87,782.64,656.78,782.49,656.63,782.43,656.52,782.42
EK_0036_P27_105_frame_0000046303_r.jpg,0,882.99,621.51,883.07,621.42,883.16,621.28,883.23,621.14,883.36,620.98,882.95,621.08,883.05,620.91,883.16,620.85,883.27,620.76,882.92,620.99,883.05,620.85,883.17,620.80,883.32,620.75,882.95,621.00,883.06,620.88,883.20,620.82,883.33,620.77,882.99,621.03,883.10,620.98,883.20,620.93,883.33,620.86
EK_0036_P27_105_frame_0000046325_l.jpg,0,517.40,733.93,517.24,733.69,517.05,733.53,516.87,733.42,516.64,733.30,517.25,733.22,517.00,733.12,516.82,733.15,516.64,733.24,517.28,733.24,517.02,733.23,516.84,733.29,516.68,733.36,517.28,733.41,517.06,733.34,516.87,733.40,516.74,733.40,517.25,733.56,517.12,733.46,516.98,733.42,516.89,733.40
EK_0036_P27_105_frame_0000046348_r.jpg,0,853.40,145.52,853.42,145.43,853.51,145.34,853.59,145.23,853.77,145.09,853.39,145.00,853.45,144.81,853.59,144.82,853.73,144.92,853.44,144.91,853.51,144.70,853.66,144.75,853.76,144.88,853.52,144.95,853.59,144.78,853.75,144.81,853.83,144.93,853.60,145.01,853.67,144.92,853.78,144.94,853.86,145.03
EK_0036_P27_105_frame_0000046444_r.jpg,0,742.47,416.06,742.59,415.99,742.78,415.88,742.94,415.77,743.16,415.66,742.65,415.53,742.86,415.43,743.02,415.44,743.20,415.45,742.66,415.44,742.88,415.39,743.05,415.43,743.22,415.47,742.68,415.48,742.86,415.42,743.03,415.47,743.16,415.52,742.71,415.55,742.83,415.50,742.95,415.51,743.03,415.56
EK_0036_P27_105_frame_0000047501_r.jpg,0,435.62,-210.80,436.11,-210.93,436.62,-211.05,437.05,-211.20,437.67,-211.27,436.43,-212.01,436.86,-212.40,437.21,-212.28,437.45,-211.95,436.36,-212.26,436.81,-212.57,437.14,-212.35,437.38,-211.98,436.25,-212.17,436.56,-212.56,436.98,-212.46,437.28,-212.15,436.20,-212.02,436.44,-212.28,436.77,-212.29,437.06,-212.18
EK_0036_P27_105_frame_0000047776_l.jpg,0,868.07,790.04,867.92,789.82,867.92,789.57,867.95,789.34,868.04,789.05,868.21,789.35,868.10,789.12,867.96,789.16,867.83,789.32,868.35,789.28,868.22,789.06,868.06,789.14,867.91,789.30,868.39,789.36,868.24,789.15,868.06,789.25,867.93,789.42,868.38,789.42,868.25,789.28,868.11,789.36,868.09,789.52
EK_0036_P27_105_frame_0000048163_r.jpg,0,1004.61,552.03,1004.58,551.81,1004.53,551.58,1004.51,551.38,1004.58,551.15,1004.98,551.57,1005.19,551.46,1005.33,551.37,1005.46,551.22,1005.12,551.58,1005.22,551.38,1005.21,551.23,1005.11,551.08,1005.13,551.64,1005.12,551.42,1005.09,551.27,1004.98,551.13,1005.10,551.67,1005.05,551.53,1005.01,551.41,1004.95,551.27
EK_0036_P27_105_frame_0000048559_r.jpg,0,644.38,138.83,644.63,138.73,644.92,138.58,645.17,138.44,645.53,138.31,644.75,138.04,645.11,137.96,645.22,138.16,645.15,138.41,644.74,137.89,645.08,137.92,645.19,138.14,645.10,138.40,644.72,137.95,645.03,137.92,645.19,138.14,645.11,138.37,644.73,138.05,644.94,137.96,645.11,138.06,645.11,138.24
EK_0044_P30_110_frame_0000000036_r.jpg,0,1254.22,515.83,1253.95,515.60,1253.82,515.36,1253.78,515.12,1253.79,514.80,1253.97,515.20,1253.92,514.96,1253.98,514.78,1254.08,514.64,1254.19,515.15,1254.31,514.89,1254.43,514.74,1254.60,514.58,1254.41,515.20,1254.54,514.97,1254.72,514.84,1254.92,514.71,1254.56,515.23,1254.67,515.08,1254.81,514.98,1254.98,514.87
EK_0044_P30_110_frame_0000000286_l.jpg,0,861.43,486.83,861.17,486.74,861.00,486.58,860.88,486.43,860.72,486.26,861.10,486.27,860.91,486.14,860.83,486.23,860.85,486.38,861.21,486.18,861.02,486.11,860.94,486.23,860.91,486.40,861.33,486.23,861.15,486.14,861.06,486.26,861.06,486.43,861.40,486.31,861.27,486.24,861.21,486.33,861.22,486.45
EK_0044_P30_110_frame_0000000465_l.jpg,0,533.35,735.39,533.12,735.25,532.96,735.15,532.83,735.07,532.68,734.96,533.04,734.89,532.86,734.88,532.74,734.95,532.64,735.10,533.11,734.92,532.93,734.91,532.81,735.02,532.73,735.17,533.19,735.06,533.04,735.00,532.89,735.08,532.78,735.20,533.23,735.20,533.11,735.16,532.98,735.17,532.90,735.23
EK_0044_P30_110_frame_0000000623_r.jpg,0,1475.43,676.68,1475.49,676.78,1475.54,676.72,1475.60,676.67,1475.66,676.55,1475.21,676.56,1475.35,676.46,1475.50,676.43,1475.69,676.40,1475.16,676.37,1475.35,676.33,1475.52,676.32,1475.72,676.31,1475.20,676.23,1475.33,676.20,1475.52,676.20,1475.71,676.24,1475.28,676.14,1475.37,676.11,1475.50,676.13,1475.62,676.18
EK_0044_P30_110_frame_0000000698_r.jpg,0,1052.88,324.06,1052.80,324.05,1052.79,324.06,1052.85,324.04,1052.99,324.00,1052.87,323.76,1052.96,323.80,1052.99,323.91,1053.01,324.04,1052.99,323.70,1053.06,323.81,1053.07,323.94,1053.07,324.08,1053.10,323.75,1053.15,323.81,1053.17,323.93,1053.16,324.07,1053.19,323.81,1053.22,323.83,1053.22,323.91,1053.18,324.00
EK_0044_P30_110_frame_0000001213_r.jpg,0,707.15,217.23,707.45,216.90,707.84,216.81,708.19,216.74,708.63,216.62,707.87,216.31,708.31,216.33,708.54,216.48,708.59,216.75,707.94,216.41,708.31,216.51,708.47,216.69,708.46,216.87,707.91,216.73,708.22,216.67,708.42,216.82,708.36,216.95,707.90,217.01,708.11,216.88,708.29,216.88,708.27,216.99
EK_0044_P30_110_frame_0000001244_l.jpg,0,519.29,97.05,519.04,96.76,518.75,96.64,518.47,96.56,518.25,96.51,519.14,96.08,519.16,95.76,519.02,95.61,518.80,95.56,519.24,96.07,519.15,95.80,518.95,95.73,518.68,95.75,519.28,96.25,519.20,95.98,518.98,95.90,518.72,95.95,519.27,96.43,519.20,96.23,519.03,96.17,518.83,96.17
EK_0044_P30_110_frame_0000001474_r.jpg,0,557.82,154.89,558.09,154.81,558.40,154.71,558.66,154.59,558.96,154.44,558.46,154.22,558.80,154.14,559.03,154.17,559.27,154.29,558.51,154.14,558.84,154.08,559.08,154.16,559.29,154.31,558.46,154.26,558.75,154.17,559.01,154.19,559.23,154.30,558.43,154.40,558.63,154.31,558.83,154.28,558.98,154.33
EK_0044_P30_110_frame_0000001826_l.jpg,0,548.84,387.85,548.71,387.62,548.57,387.47,548.44,387.35,548.32,387.22,548.77,387.32,548.70,387.21,548.55,387.24,548.45,387.33,548.80,387.39,548.65,387.33,548.51,387.37,548.41,387.43,548.80,387.56,548.66,387.47,548.50,387.49,548.42,387.53,548.77,387.70,548.65,387.65,548.53,387.66,548.47,387.67
EK_0044_P30_110_frame_0000002015_l.jpg,0,670.73,655.02,670.49,654.86,670.34,654.67,670.26,654.48,670.25,654.27,670.55,654.35,670.46,654.10,670.35,654.03,670.24,654.08,670.69,654.27,670.55,654.07,670.41,654.09,670.31,654.24,670.79,654.34,670.66,654.16,670.50,654.14,670.40,654.29,670.84,654.42,670.74,654.29,670.62,654.27,670.51,654.35
EK_0044_P30_110_frame_0000002080_r.jpg,0,1338.60,264.25,1338.81,263.90,1338.88,263.54,1338.93,263.21,1339.11,262.94,1338.56,263.13,1338.73,262.78,1338.96,262.69,1339.27,262.67,1338.46,263.07,1338.69,262.78,1338.96,262.71,1339.27,262.65,1338.46,263.25,1338.62,262.94,1338.90,262.84,1339.20,262.76,1338.52,263.43,1338.63,263.20,1338.84,263.08,1339.10,263.03
EK_0044_P30_110_frame_0000002205_r.jpg,0,1093.02,22.14,1092.94,22.21,1093.03,22.27,1093.16,22.29,1093.36,22.23,1093.00,21.95,1093.14,22.06,1093.18,22.18,1093.17,22.30,1093.13,21.85,1093.22,22.03,1093.25,22.17,1093.24,22.30,1093.25,21.85,1093.33,21.99,1093.37,22.14,1093.35,22.29,1093.35,21.88,1093.43,21.84,1093.48,21.92,1093.46,22.02
EK_0044_P30_110_frame_0000002367_l.jpg,0,721.26,684.19,721.01,684.12,720.82,684.05,720.69,683.96,720.66,683.86,720.89,683.72,720.73,683.70,720.65,683.78,720.62,683.93,721.00,683.67,720.85,683.72,720.78,683.84,720.73,683.99,721.14,683.75,720.98,683.73,720.90,683.84,720.85,684.00,721.23,683.84,721.12,683.81,721.03,683.87,720.98,683.97
EK_0044_P30_110_frame_0000002676_l.jpg,0,197.00,565.90,197.01,565.60,196.92,565.37,196.77,565.21,196.57,565.02,197.04,565.21,196.90,565.03,196.74,564.95,196.56,564.93,196.95,565.26,196.73,565.13,196.55,565.08,196.38,565.05,196.83,565.43,196.65,565.28,196.47,565.22,196.31,565.18,196.71,565.56,196.60,565.44,196.48,565.36,196.36,565.28
EK_0044_P30_110_frame_0000002925_r.jpg,0,812.90,-68.23,813.15,-68.42,813.40,-68.67,813.59,-68.93,813.57,-69.32,812.98,-69.16,812.96,-69.53,813.18,-69.66,813.40,-69.50,812.87,-69.32,812.90,-69.71,813.16,-69.68,813.27,-69.40,812.83,-69.28,813.06,-69.54,813.35,-69.49,813.40,-69.19,812.86,-69.21,813.11,-69.28,813.31,-69.16,813.39,-68.93
EK_0044_P30_110_frame_0000003502_l.jpg,0,767.48,284.90,767.33,284.76,767.23,284.63,767.15,284.51,767.09,284.37,767.36,284.52,767.33,284.42,767.27,284.39,767.19,284.40,767.44,284.57,767.37,284.53,767.29,284.54,767.18,284.56,767.49,284.70,767.39,284.67,767.29,284.70,767.16,284.76,767.51,284.82,767.40,284.83,767.30,284.86,767.20,284.88
EK_0044_P30_110_frame_0000003617_r.jpg,0,1131.13,685.68,1131.06,685.61,1131.11,685.49,1131.21,685.38,1131.39,685.29,1131.19,685.19,1131.33,685.19,1131.40,685.28,1131.43,685.42,1131.35,685.14,1131.47,685.14,1131.50,685.28,1131.49,685.45,1131.48,685.24,1131.57,685.15,1131.60,685.27,1131.57,685.44,1131.57,685.34,1131.64,685.25,1131.65,685.31,1131.60,685.42
EK_0044_P30_110_frame_0000003730_r.jpg,0,1173.31,647.34,1173.32,647.28,1173.41,647.20,1173.51,647.11,1173.69,647.00,1173.42,646.91,1173.58,646.85,1173.62,646.98,1173.58,647.12,1173.51,646.84,1173.66,646.86,1173.69,647.00,1173.61,647.13,1173.59,646.89,1173.69,646.88,1173.75,647.01,1173.66,647.13,1173.65,646.97,1173.72,646.91,1173.77,646.99,1173.72,647.08
EK_0044_P30_110_frame_0000004015_r.jpg,0,1171.66,142.31,1171.72,142.03,1171.85,141.72,1171.94,141.41,1171.94,141.04,1171.22,141.43,1171.25,141.04,1171.45,140.87,1171.75,140.87,1171.12,141.33,1171.22,140.97,1171.47,140.83,1171.77,140.83,1171.19,141.39,1171.28,141.07,1171.53,140.91,1171.82,140.92,1171.31,141.45,1171.39,141.23,1171.58,141.13,1171.77,141.16
EK_0044_P30_110_frame_0000004626_r.jpg,0,917.37,248.95,917.48,248.85,917.57,248.69,917.63,248.51,917.70,248.28,917.44,248.41,917.50,248.19,917.65,248.14,917.80,248.22,917.43,248.31,917.61,248.17,917.76,248.23,917.79,248.40,917.46,248.34,917.58,248.21,917.76,248.21,917.83,248.37,917.51,248.39,917.55,248.27,917.67,248.24,917.70,248.35
EK_0044_P30_110_frame_0000004654_r.jpg,0,1252.01,340.91,1252.11,340.80,1252.15,340.64,1252.16,340.48,1252.18,340.23,1251.94,340.38,1252.08,340.19,1252.25,340.17,1252.43,340.18,1251.87,340.27,1252.04,340.11,1252.21,340.12,1252.39,340.19,1251.89,340.27,1251.96,340.12,1252.13,340.07,1252.31,340.12,1251.93,340.30,1251.94,340.16,1252.07,340.12,1252.17,340.18
EK_0044_P30_110_frame_0000005301_r.jpg,0,1196.06,324.66,1196.03,324.64,1196.14,324.63,1196.24,324.62,1196.41,324.63,1195.92,324.25,1195.98,324.10,1196.10,324.15,1196.24,324.23,1195.97,324.12,1196.05,323.97,1196.17,324.05,1196.29,324.16,1196.08,324.11,1196.12,323.99,1196.24,324.04,1196.35,324.14,1196.19,324.12,1196.22,324.05,1196.30,324.08,1196.37,324.17
EK_0044_P30_110_frame_0000005526_r.jpg,0,1154.71,23.30,1154.66,23.15,1154.73,22.97,1154.83,22.78,1155.04,22.60,1154.71,22.61,1154.76,22.42,1154.86,22.54,1154.94,22.73,1154.85,22.54,1154.99,22.48,1155.05,22.65,1155.06,22.85,1154.99,22.64,1155.09,22.59,1155.16,22.75,1155.18,22.96,1155.11,22.75,1155.20,22.70,1155.25,22.83,1155.22,22.96
EK_0044_P30_110_frame_0000005576_r.jpg,0,925.65,50.01,925.62,49.75,925.65,49.55,925.80,49.45,926.01,49.47,925.99,49.39,926.21,49.33,926.19,49.38,926.11,49.45,926.17,49.48,926.38,49.42,926.34,49.46,926.24,49.50,926.24,49.68,926.34,49.58,926.26,49.60,926.18,49.63,926.27,49.84,926.27,49.76,926.20,49.76,926.12,49.77
EK_0044_P30_110_frame_0000005701_l.jpg,0,524.64,115.10,524.39,115.05,524.22,114.98,524.07,114.89,523.88,114.79,524.25,114.65,524.12,114.53,524.06,114.57,524.05,114.69,524.35,114.57,524.23,114.59,524.20,114.70,524.20,114.86,524.49,114.61,524.35,114.64,524.31,114.78,524.32,114.94,524.58,114.68,524.48,114.71,524.43,114.82,524.42,114.94
EK_0044_P30_110_frame_0000005951_l.jpg,0,418.96,113.15,418.71,113.10,418.55,112.99,418.41,112.89,418.22,112.77,418.59,112.69,418.47,112.52,418.41,112.55,418.41,112.67,418.70,112.59,418.59,112.59,418.57,112.71,418.58,112.86,418.84,112.62,418.71,112.64,418.67,112.77,418.69,112.92,418.93,112.68,418.84,112.69,418.79,112.79,418.77,112.91
EK_0044_P30_110_frame_0000006276_r.jpg,0,852.86,-104.70,852.81,-104.74,852.95,-104.80,853.13,-104.88,853.39,-104.99,852.88,-105.23,853.04,-105.26,853.13,-105.12,853.17,-104.94,853.03,-105.34,853.20,-105.28,853.26,-105.11,853.25,-104.91,853.17,-105.29,853.32,-105.32,853.37,-105.14,853.30,-104.95,853.29,-105.21,853.42,-105.29,853.47,-105.18,853.38,-105.06
EK_0044_P30_110_frame_0000007026_r.jpg,0,897.59,645.10,897.65,644.97,897.78,644.83,897.92,644.73,898.13,644.64,897.82,644.58,898.03,644.55,898.09,644.65,898.00,644.74,897.91,644.57,898.08,644.61,898.09,644.74,898.00,644.85,897.96,644.69,898.10,644.65,898.14,644.77,898.08,644.87,898.00,644.80,898.10,644.72,898.19,644.71,898.21,644.74
EK_0044_P30_110_frame_0000007101_l.jpg,0,619.81,183.87,619.78,183.68,619.76,183.53,619.78,183.45,619.81,183.38,619.96,183.56,619.94,183.50,619.85,183.50,619.74,183.53,620.00,183.66,619.94,183.63,619.84,183.63,619.71,183.64,619.97,183.79,619.92,183.75,619.81,183.75,619.68,183.76,619.92,183.90,619.84,183.87,619.75,183.89,619.66,183.89
EK_0044_P30_110_frame_0000007942_r.jpg,0,1315.38,472.73,1315.57,472.39,1315.72,472.02,1315.85,471.70,1316.06,471.28,1315.49,471.56,1315.78,471.26,1316.03,471.36,1316.10,471.67,1315.48,471.50,1315.86,471.49,1315.95,471.77,1315.76,472.03,1315.54,471.71,1315.81,471.58,1315.96,471.82,1315.73,472.04,1315.63,471.91,1315.80,471.78,1315.88,471.97,1315.75,472.13
EK_0044_P30_110_frame_0000008042_r.jpg,0,825.73,513.89,825.85,513.79,825.96,513.62,826.05,513.46,826.17,513.23,825.82,513.33,825.98,513.15,826.13,513.20,826.20,513.36,825.81,513.23,826.02,513.15,826.17,513.23,826.23,513.40,825.83,513.27,826.00,513.20,826.16,513.28,826.19,513.46,825.87,513.33,825.95,513.23,826.08,513.25,826.11,513.36
EK_0044_P30_110_frame_0000008244_r.jpg,0,956.83,472.71,956.96,472.48,957.11,472.34,957.24,472.21,957.35,471.99,957.37,472.46,957.57,472.36,957.69,472.29,957.80,472.20,957.45,472.61,957.62,472.51,957.62,472.43,957.55,472.36,957.41,472.76,957.55,472.66,957.57,472.56,957.51,472.46,957.36,472.86,957.46,472.79,957.48,472.70,957.47,472.59
EK_0044_P30_110_frame_0000008287_l.jpg,0,834.64,489.12,834.54,488.89,834.42,488.71,834.32,488.57,834.20,488.41,834.59,488.52,834.51,488.35,834.37,488.31,834.20,488.36,834.60,488.56,834.40,488.49,834.24,488.49,834.09,488.53,834.58,488.72,834.43,488.60,834.26,488.59,834.13,488.62,834.53,488.85,834.42,488.77,834.30,488.74,834.21,488.76
EK_0044_P30_110_frame_0000009540_l.jpg,0,810.73,361.72,810.77,361.58,810.76,361.49,810.74,361.49,810.72,361.52,810.85,361.64,810.79,361.60,810.70,361.56,810.59,361.51,810.80,361.74,810.70,361.68,810.60,361.63,810.50,361.56,810.72,361.82,810.62,361.76,810.51,361.71,810.41,361.65,810.64,361.86,810.55,361.82,810.47,361.79,810.38,361.74
EK_0044_P30_110_frame_0000009810_l.jpg,0,678.54,288.58,678.38,288.39,678.29,288.23,678.21,288.11,678.14,287.91,678.33,288.17,678.15,288.18,678.02,288.24,677.87,288.32,678.35,288.27,678.16,288.33,678.02,288.38,677.86,288.44,678.37,288.44,678.19,288.44,678.04,288.49,677.88,288.53,678.37,288.59,678.23,288.58,678.12,288.58,677.98,288.58
EK_0044_P30_110_frame_0000010076_l.jpg,0,1039.64,471.23,1039.49,471.02,1039.33,470.89,1039.19,470.82,1039.06,470.73,1039.41,470.76,1039.22,470.73,1039.09,470.81,1038.99,470.92,1039.41,470.85,1039.20,470.88,1039.06,470.94,1038.92,471.02,1039.42,471.02,1039.23,471.01,1039.08,471.06,1038.94,471.11,1039.41,471.17,1039.26,471.16,1039.15,471.18,1039.00,471.19
EK_0044_P30_110_frame_0000010666_l.jpg,0,-126.26,365.41,-126.03,364.90,-125.75,364.54,-125.53,364.14,-125.35,363.81,-125.07,364.48,-125.15,363.96,-125.49,363.82,-125.90,363.88,-124.99,364.54,-125.19,364.07,-125.52,363.88,-125.92,363.83,-125.24,364.69,-125.34,364.22,-125.67,363.98,-126.03,363.87,-125.51,364.77,-125.58,364.44,-125.82,364.25,-126.03,364.16
EK_0044_P30_110_frame_0000010738_l.jpg,0,31.46,-21.81,31.31,-22.23,31.18,-22.59,31.12,-22.89,31.14,-23.12,31.71,-22.90,31.68,-23.28,31.45,-23.37,31.17,-23.28,31.84,-22.86,31.61,-23.13,31.35,-23.19,31.04,-23.16,31.82,-22.63,31.61,-22.89,31.34,-22.95,31.03,-22.92,31.74,-22.44,31.61,-22.65,31.39,-22.72,31.17,-22.71
EK_0044_P30_110_frame_0000010765_r.jpg,0,1316.03,543.80,1316.09,543.63,1316.26,543.41,1316.39,543.21,1316.55,542.95,1316.03,543.06,1316.20,542.82,1316.38,542.76,1316.59,542.81,1316.07,542.97,1316.24,542.76,1316.43,542.73,1316.62,542.79,1316.15,543.06,1316.25,542.86,1316.43,542.77,1316.60,542.84,1316.24,543.16,1316.31,543.01,1316.41,542.91,1316.52,542.96
EK_0044_P30_110_frame_0000010792_l.jpg,0,631.19,748.52,631.03,748.31,630.93,748.16,630.89,748.04,630.84,747.89,631.23,747.95,631.22,747.80,631.14,747.79,631.03,747.87,631.37,747.99,631.30,747.90,631.18,747.94,631.04,748.02,631.43,748.16,631.37,748.04,631.24,748.07,631.09,748.16,631.45,748.30,631.38,748.25,631.27,748.24,631.15,748.24
EK_0044_P30_110_frame_0000010834_r.jpg,0,1146.83,584.52,1146.96,584.39,1147.11,584.21,1147.22,584.05,1147.37,583.82,1146.93,583.91,1147.08,583.72,1147.22,583.63,1147.40,583.57,1146.91,583.82,1147.04,583.62,1147.18,583.52,1147.35,583.45,1146.92,583.88,1147.00,583.70,1147.13,583.57,1147.30,583.49,1146.96,583.95,1147.01,583.82,1147.09,583.70,1147.19,583.61
EK_0044_P30_110_frame_0000010870_r.jpg,0,1031.90,186.83,1031.85,186.81,1031.84,186.74,1031.86,186.65,1031.93,186.54,1032.00,186.54,1032.04,186.54,1032.08,186.62,1032.13,186.72,1032.13,186.50,1032.18,186.52,1032.20,186.62,1032.20,186.75,1032.22,186.56,1032.26,186.53,1032.29,186.61,1032.28,186.74,1032.29,186.64,1032.35,186.60,1032.37,186.64,1032.33,186.71
EK_0044_P30_110_frame_0000010905_r.jpg,0,1100.59,103.50,1100.60,103.24,1100.66,102.93,1100.69,102.65,1100.77,102.28,1100.27,102.64,1100.28,102.29,1100.49,102.18,1100.75,102.20,1100.25,102.55,1100.42,102.27,1100.66,102.22,1100.92,102.20,1100.37,102.64,1100.50,102.37,1100.73,102.28,1100.96,102.20,1100.50,102.73,1100.63,102.55,1100.78,102.47,1100.96,102.35
EK_0044_P30_110_frame_0000010927_l.jpg,0,514.14,155.05,514.00,154.88,513.91,154.77,513.94,154.65,514.01,154.59,514.14,154.53,514.20,154.36,514.20,154.32,514.17,154.33,514.29,154.53,514.39,154.39,514.38,154.37,514.33,154.38,514.38,154.65,514.46,154.51,514.45,154.48,514.40,154.48,514.44,154.76,514.48,154.67,514.46,154.64,514.41,154.64
EK_0044_P30_110_frame_0000011211_l.jpg,0,685.01,552.69,684.94,552.49,684.90,552.35,684.87,552.24,684.87,552.12,685.07,552.28,684.94,552.24,684.82,552.26,684.72,552.32,685.10,552.36,684.95,552.33,684.82,552.35,684.74,552.40,685.08,552.50,684.95,552.44,684.82,552.46,684.78,552.50,685.04,552.61,684.94,552.57,684.85,552.56,684.82,552.58
EK_0044_P30_110_frame_0000011405_r.jpg,0,1227.93,543.24,1227.95,543.12,1227.96,542.92,1227.96,542.75,1227.95,542.51,1227.67,542.79,1227.72,542.57,1227.87,542.54,1228.03,542.60,1227.62,542.71,1227.78,542.56,1227.94,542.54,1228.11,542.54,1227.66,542.71,1227.83,542.63,1228.00,542.61,1228.17,542.60,1227.73,542.73,1227.85,542.67,1227.97,542.67,1228.11,542.65
EK_0044_P30_110_frame_0000011601_l.jpg,0,677.93,448.57,677.71,448.42,677.54,448.29,677.41,448.20,677.33,448.10,677.65,448.05,677.48,447.99,677.36,448.03,677.25,448.16,677.73,448.08,677.55,448.17,677.44,448.29,677.36,448.42,677.81,448.22,677.63,448.27,677.53,448.40,677.49,448.51,677.85,448.35,677.71,448.38,677.62,448.46,677.58,448.54
EK_0044_P30_110_frame_0000012509_l.jpg,0,927.68,320.25,927.63,320.02,927.55,319.85,927.48,319.74,927.48,319.74,927.83,319.81,927.76,319.72,927.66,319.68,927.54,319.67,927.87,319.91,927.77,319.83,927.65,319.80,927.50,319.77,927.84,320.07,927.78,319.96,927.65,319.92,927.50,319.91,927.79,320.19,927.74,320.10,927.65,320.06,927.54,320.03
EK_0060_P37_102_frame_0000000285_r.jpg,0,1232.03,836.54,1232.08,836.55,1232.12,836.50,1232.15,836.44,1232.23,836.32,1232.01,836.28,1232.14,836.21,1232.25,836.25,1232.35,836.32,1232.01,836.17,1232.15,836.13,1232.26,836.19,1232.34,836.30,1232.04,836.13,1232.13,836.09,1232.25,836.13,1232.35,836.23,1232.10,836.12,1232.12,836.07,1232.18,836.07,1232.26,836.12
EK_0060_P37_102_frame_0000001817_r.jpg,0,922.71,609.54,922.79,609.29,922.83,609.09,922.91,608.98,922.92,609.01,923.11,609.21,923.17,609.07,923.06,608.99,922.90,608.95,923.12,609.33,923.06,609.19,922.93,609.13,922.77,609.08,923.02,609.46,923.01,609.34,922.88,609.26,922.73,609.22,922.91,609.55,922.93,609.48,922.84,609.42,922.74,609.36
EK_0060_P37_102_frame_0000002959_r.jpg,0,948.13,497.92,948.06,497.93,948.18,497.90,948.25,497.85,948.43,497.84,948.00,497.60,948.01,497.45,948.08,497.43,948.14,497.39,948.09,497.48,948.13,497.34,948.21,497.32,948.27,497.30,948.22,497.48,948.22,497.35,948.29,497.31,948.34,497.29,948.33,497.50,948.36,497.41,948.40,497.38,948.42,497.33
EK_0060_P37_102_frame_0000003038_l.jpg,0,556.64,808.84,556.51,808.70,556.38,808.57,556.24,808.47,556.08,808.36,556.45,808.32,556.31,808.18,556.17,808.21,556.04,808.29,556.46,808.30,556.27,808.27,556.13,808.33,556.00,808.39,556.46,808.41,556.30,808.34,556.16,808.41,556.06,808.47,556.45,808.51,556.35,808.44,556.24,808.44,556.18,808.47
EK_0060_P37_102_frame_0000005175_r.jpg,0,967.71,675.92,967.81,675.81,967.89,675.63,967.96,675.46,968.04,675.23,967.72,675.36,967.77,675.13,967.92,675.09,968.04,675.20,967.69,675.26,967.87,675.13,968.03,675.20,968.04,675.37,967.72,675.30,967.85,675.19,968.02,675.24,967.98,675.41,967.77,675.35,967.83,675.25,967.96,675.25,967.98,675.37
EK_0060_P37_102_frame_0000006838_l.jpg,0,591.16,477.84,590.94,477.72,590.81,477.59,590.75,477.43,590.76,477.39,590.92,477.30,590.87,477.11,590.83,477.15,590.82,477.26,591.06,477.23,591.01,477.07,590.97,477.15,590.93,477.24,591.20,477.29,591.15,477.11,591.10,477.14,591.08,477.22,591.30,477.35,591.26,477.22,591.23,477.24,591.20,477.31
EK_0060_P37_102_frame_0000007432_l.jpg,0,632.91,358.56,632.63,358.51,632.42,358.43,632.31,358.28,632.46,358.19,632.49,358.06,632.31,357.95,632.34,358.07,632.49,358.17,632.60,357.93,632.44,357.91,632.46,358.05,632.57,358.19,632.74,357.95,632.57,357.90,632.59,358.03,632.71,358.13,632.83,357.99,632.72,357.95,632.77,358.06,632.83,358.15
EK_0060_P37_102_frame_0000007603_l.jpg,0,728.50,528.33,728.28,528.30,728.13,528.24,728.08,528.12,728.17,528.05,728.14,527.95,728.05,527.80,728.05,527.88,728.10,527.99,728.24,527.86,728.16,527.78,728.16,527.88,728.18,528.00,728.38,527.88,728.28,527.80,728.26,527.88,728.29,527.98,728.48,527.93,728.39,527.90,728.38,527.95,728.41,528.03
EK_0060_P37_102_frame_0000007965_l.jpg,0,567.26,506.36,567.02,506.30,566.84,506.20,566.75,506.06,566.78,505.91,566.91,505.96,566.81,505.77,566.78,505.77,566.81,505.84,567.03,505.85,566.93,505.67,566.90,505.69,566.89,505.77,567.18,505.83,567.08,505.68,567.03,505.67,567.04,505.74,567.28,505.83,567.22,505.71,567.18,505.73,567.17,505.81
EK_0060_P37_102_frame_0000012336_r.jpg,0,968.46,615.44,968.60,615.54,968.70,615.58,968.79,615.61,968.92,615.53,968.73,615.23,968.94,615.19,969.02,615.30,968.90,615.40,968.76,615.06,968.97,615.14,968.94,615.27,968.76,615.30,968.76,614.99,968.95,615.08,968.92,615.23,968.74,615.28,968.79,614.96,968.93,615.02,968.90,615.14,968.79,615.18
EK_0060_P37_102_frame_0000012576_l.jpg,0,668.51,526.02,668.32,525.84,668.19,525.67,668.12,525.51,668.10,525.39,668.41,525.40,668.33,525.22,668.22,525.31,668.18,525.47,668.53,525.39,668.45,525.24,668.33,525.32,668.24,525.47,668.61,525.51,668.55,525.34,668.42,525.38,668.32,525.52,668.65,525.63,668.61,525.50,668.51,525.53,668.42,525.60
EK_0060_P37_102_frame_0000014553_l.jpg,0,694.14,588.71,693.94,588.56,693.82,588.39,693.77,588.21,693.75,588.03,694.02,588.13,693.96,587.91,693.86,587.86,693.78,587.91,694.15,588.06,694.05,587.87,693.93,587.86,693.82,587.92,694.24,588.12,694.17,587.94,694.05,587.88,693.94,587.94,694.29,588.19,694.22,588.06,694.13,588.01,694.02,588.03
EK_0060_P37_102_frame_0000014621_r.jpg,0,897.52,649.73,897.67,649.84,897.79,649.86,897.89,649.86,898.03,649.80,897.84,649.53,898.08,649.57,898.12,649.70,898.00,649.80,897.87,649.36,898.08,649.45,898.08,649.57,897.93,649.68,897.88,649.29,898.08,649.36,898.14,649.51,898.04,649.66,897.90,649.26,898.03,649.30,898.09,649.42,898.02,649.53
EK_0060_P37_102_frame_0000014726_r.jpg,0,898.52,652.83,898.65,652.91,898.78,652.90,898.89,652.87,899.05,652.79,898.83,652.59,899.07,652.63,899.03,652.77,898.86,652.74,898.88,652.43,899.07,652.56,899.05,652.70,898.87,652.73,898.89,652.39,899.06,652.49,899.07,652.66,898.90,652.71,898.91,652.39,899.02,652.44,899.03,652.58,898.92,652.62
EK_0060_P37_102_frame_0000015073_l.jpg,0,573.50,541.11,573.27,541.01,573.11,540.88,572.99,540.73,572.89,540.58,573.24,540.59,573.13,540.40,573.04,540.37,572.99,540.43,573.36,540.49,573.24,540.33,573.14,540.36,573.06,540.45,573.48,540.52,573.36,540.38,573.25,540.38,573.19,540.49,573.55,540.57,573.46,540.46,573.37,540.45,573.30,540.51
EK_0060_P37_102_frame_0000015659_r.jpg,0,1009.49,691.36,1009.54,691.33,1009.66,691.27,1009.78,691.22,1009.99,691.15,1009.88,691.01,1010.02,691.18,1009.90,691.29,1009.76,691.22,1010.01,690.99,1010.04,691.22,1009.89,691.29,1009.72,691.25,1010.06,691.08,1010.07,691.26,1009.91,691.34,1009.73,691.33,1010.08,691.19,1010.10,691.26,1009.98,691.34,1009.87,691.30
EK_0060_P37_102_frame_0000015701_r.jpg,0,996.08,741.22,996.10,740.94,996.23,740.72,996.41,740.60,996.67,740.65,996.43,740.85,996.61,740.66,996.63,740.56,996.53,740.63,996.59,740.98,996.70,740.78,996.59,740.78,996.48,740.96,996.66,741.12,996.70,740.90,996.60,740.87,996.48,741.02,996.71,741.20,996.71,741.04,996.64,740.98,996.53,741.02
EK_0060_P37_102_frame_0000017296_r.jpg,0,824.14,620.18,824.16,620.14,824.25,620.00,824.33,619.88,824.49,619.71,824.30,619.70,824.50,619.65,824.56,619.80,824.45,619.94,824.42,619.61,824.58,619.59,824.64,619.76,824.55,619.92,824.51,619.67,824.60,619.59,824.69,619.72,824.65,619.88,824.58,619.75,824.65,619.63,824.74,619.60,824.75,619.65
EK_0060_P37_102_frame_0000017863_l.jpg,0,735.94,602.93,735.74,602.86,735.59,602.85,735.60,602.85,735.72,602.90,735.74,602.58,735.73,602.57,735.69,602.68,735.67,602.83,735.88,602.57,735.83,602.64,735.79,602.77,735.75,602.90,736.00,602.68,735.93,602.71,735.89,602.83,735.84,602.97,736.08,602.78,736.01,602.79,735.98,602.88,735.93,602.99
EK_0060_P37_102_frame_0000018092_l.jpg,0,628.12,482.09,627.91,481.97,627.79,481.87,627.74,481.78,627.64,481.67,627.96,481.67,627.92,481.66,627.86,481.79,627.81,481.93,628.10,481.69,627.99,481.84,627.93,481.98,627.87,482.13,628.21,481.82,628.10,481.84,628.02,481.97,627.95,482.12,628.27,481.95,628.20,481.92,628.15,482.01,628.08,482.10
EK_0060_P37_102_frame_0000018776_r.jpg,0,941.81,607.75,941.92,607.77,942.05,607.71,942.16,607.65,942.31,607.54,942.13,607.44,942.35,607.47,942.35,607.61,942.20,607.68,942.20,607.34,942.38,607.45,942.35,607.59,942.19,607.64,942.22,607.35,942.37,607.45,942.35,607.61,942.20,607.67,942.24,607.40,942.32,607.42,942.33,607.54,942.24,607.61
EK_0060_P37_102_frame_0000019238_l.jpg,0,617.32,530.52,617.17,530.35,617.10,530.16,617.09,529.98,617.12,529.89,617.27,529.93,617.16,529.76,617.04,529.77,616.93,529.86,617.35,529.91,617.27,529.73,617.14,529.76,617.02,529.88,617.39,530.01,617.33,529.83,617.19,529.81,617.05,529.90,617.39,530.10,617.37,529.97,617.26,529.92,617.16,529.96
EK_0060_P37_102_frame_0000020232_l.jpg,0,498.79,439.64,498.60,439.47,498.44,439.33,498.39,439.21,498.49,439.22,498.68,439.09,498.55,438.99,498.47,439.10,498.49,439.27,498.80,439.11,498.67,439.08,498.58,439.20,498.53,439.36,498.89,439.25,498.78,439.18,498.67,439.28,498.64,439.44,498.92,439.38,498.85,439.32,498.77,439.40,498.73,439.50
EK_0060_P37_102_frame_0000020476_l.jpg,0,718.08,587.71,717.87,587.58,717.75,587.41,717.74,587.30,717.82,587.31,717.91,587.26,717.87,587.25,717.80,587.38,717.74,587.53,718.04,587.29,717.92,587.44,717.84,587.58,717.76,587.72,718.16,587.43,718.00,587.52,717.92,587.66,717.87,587.82,718.22,587.56,718.14,587.51,718.06,587.59,717.99,587.69
EK_0060_P37_102_frame_0000020907_l.jpg,0,491.10,354.82,490.84,354.73,490.64,354.61,490.56,354.44,490.61,354.37,490.75,354.27,490.66,354.07,490.59,354.13,490.61,354.29,490.88,354.21,490.74,354.13,490.69,354.22,490.67,354.37,491.03,354.30,490.88,354.21,490.82,354.29,490.85,354.44,491.13,354.39,491.04,354.31,491.01,354.37,490.99,354.49
EK_0060_P37_102_frame_0000022459_r.jpg,0,958.25,684.37,958.35,684.42,958.41,684.34,958.44,684.27,958.53,684.14,958.53,684.03,958.77,684.12,958.74,684.25,958.57,684.31,958.60,683.89,958.76,684.06,958.73,684.19,958.60,684.30,958.64,683.88,958.79,684.04,958.76,684.19,958.63,684.32,958.68,683.91,958.79,683.96,958.78,684.10,958.68,684.19
EK_0060_P37_102_frame_0000023376_l.jpg,0,674.04,389.64,673.92,389.87,673.82,390.01,673.66,390.05,673.62,389.93,673.48,389.88,673.31,389.93,673.37,389.96,673.51,389.94,673.42,389.73,673.32,389.80,673.41,389.85,673.52,389.87,673.50,389.58,673.39,389.66,673.44,389.71,673.55,389.72,673.58,389.48,673.52,389.53,673.58,389.56,673.68,389.58
EK_0060_P37_102_frame_0000023675_r.jpg,0,1038.14,680.03,1038.22,679.77,1038.35,679.59,1038.47,679.44,1038.63,679.27,1038.68,679.68,1038.73,679.48,1038.69,679.37,1038.56,679.41,1038.77,679.82,1038.78,679.64,1038.69,679.54,1038.52,679.56,1038.72,679.97,1038.74,679.78,1038.66,679.69,1038.54,679.67,1038.65,680.08,1038.69,679.94,1038.65,679.86,1038.54,679.85
EK_0060_P37_102_frame_0000024005_r.jpg,0,837.54,514.45,837.58,514.44,837.65,514.36,837.70,514.27,837.80,514.15,837.70,514.02,837.88,514.01,837.93,514.16,837.89,514.28,837.79,513.91,837.99,513.94,838.02,514.10,837.99,514.28,837.87,513.94,838.00,513.92,838.11,514.07,838.13,514.25,837.95,514.00,838.03,513.93,838.13,514.02,838.14,514.15
EK_0060_P37_102_frame_0000024234_r.jpg,0,981.69,704.60,981.82,704.68,981.91,704.67,981.98,704.65,982.08,704.59,981.95,704.36,982.19,704.38,982.20,704.48,982.05,704.54,981.99,704.20,982.14,704.33,982.09,704.44,981.92,704.50,982.00,704.14,982.16,704.26,982.10,704.39,981.95,704.47,982.03,704.13,982.16,704.21,982.13,704.31,982.01,704.37
EK_0060_P37_102_frame_0000025115_l.jpg,0,516.42,281.70,516.19,281.85,515.96,281.84,515.78,281.75,515.66,281.61,515.75,281.70,515.54,281.62,515.55,281.62,515.64,281.65,515.75,281.52,515.56,281.45,515.61,281.49,515.70,281.55,515.88,281.37,515.67,281.33,515.66,281.35,515.75,281.40,515.99,281.28,515.83,281.26,515.74,281.27,515.70,281.30
EK_0060_P37_102_frame_0000025584_l.jpg,0,553.03,482.75,552.79,482.59,552.63,482.38,552.57,482.16,552.65,481.92,552.93,482.13,552.85,481.85,552.73,481.81,552.66,481.93,553.10,482.03,552.96,481.80,552.82,481.81,552.72,481.95,553.22,482.05,553.10,481.83,552.94,481.81,552.84,481.95,553.28,482.08,553.19,481.93,553.05,481.92,552.97,482.03
EK_0060_P37_102_frame_0000026111_r.jpg,0,892.90,656.90,892.97,656.63,893.11,656.45,893.24,656.33,893.39,656.30,893.35,656.55,893.45,656.35,893.46,656.21,893.42,656.11,893.37,656.69,893.42,656.52,893.36,656.41,893.21,656.33,893.27,656.85,893.36,656.74,893.32,656.66,893.18,656.57,893.16,656.95,893.26,656.98,893.30,656.95,893.26,656.85
EK_0060_P37_102_frame_0000026621_l.jpg,0,483.35,512.73,483.13,512.74,483.01,512.67,482.96,512.54,483.02,512.43,482.91,512.42,482.83,512.27,482.84,512.30,482.88,512.38,483.00,512.30,482.94,512.18,482.96,512.25,482.98,512.34,483.15,512.29,483.07,512.19,483.08,512.26,483.10,512.35,483.27,512.30,483.19,512.28,483.20,512.33,483.23,512.40
EK_0060_P37_102_frame_0000026969_l.jpg,0,650.68,561.82,650.48,561.65,650.32,561.51,650.22,561.38,650.19,561.27,650.51,561.23,650.38,561.10,650.27,561.20,650.26,561.36,650.61,561.22,650.43,561.21,650.33,561.34,650.31,561.48,650.68,561.35,650.52,561.27,650.40,561.39,650.40,561.51,650.71,561.48,650.61,561.38,650.51,561.46,650.48,561.55
EK_0060_P37_102_frame_0000027582_l.jpg,0,492.77,593.80,492.58,593.78,492.46,593.71,492.39,593.60,492.35,593.53,492.45,593.44,492.42,593.28,492.41,593.21,492.38,593.12,492.57,593.35,492.54,593.21,492.53,593.14,492.50,593.06,492.72,593.36,492.67,593.23,492.65,593.13,492.62,593.05,492.84,593.41,492.82,593.29,492.81,593.20,492.78,593.11
EK_0060_P37_102_frame_0000027740_l.jpg,0,587.81,512.48,587.61,512.43,587.48,512.32,587.39,512.19,587.30,512.05,587.49,512.06,587.44,511.89,587.41,511.83,587.37,511.77,587.61,511.96,587.54,511.78,587.50,511.66,587.44,511.51,587.77,511.98,587.71,511.81,587.69,511.67,587.64,511.52,587.90,512.02,587.89,511.89,587.89,511.79,587.87,511.67
EK_0060_P37_102_frame_0000027844_l.jpg,0,758.97,622.23,758.80,622.05,758.63,621.91,758.44,621.86,758.20,621.86,758.53,621.81,758.30,621.79,758.16,621.85,758.02,621.94,758.50,621.90,758.30,621.98,758.16,622.06,758.02,622.15,758.53,622.08,758.33,622.10,758.19,622.17,758.06,622.23,758.55,622.23,758.40,622.23,758.30,622.27,758.24,622.28
EK_0060_P37_102_frame_0000028262_l.jpg,0,546.46,729.97,546.50,729.73,546.46,729.53,546.36,729.40,546.22,729.38,546.60,729.47,546.59,729.28,546.48,729.19,546.34,729.16,546.54,729.53,546.41,729.37,546.28,729.35,546.21,729.40,546.43,729.65,546.33,729.50,546.20,729.48,546.19,729.50,546.33,729.74,546.23,729.65,546.15,729.63,546.16,729.64
EK_0060_P37_102_frame_0000028409_l.jpg,0,609.46,707.72,609.44,707.45,609.37,707.25,609.25,707.12,609.12,707.14,609.51,707.15,609.50,706.95,609.45,706.82,609.33,706.71,609.46,707.22,609.36,707.05,609.22,706.98,609.07,706.93,609.37,707.37,609.28,707.22,609.12,707.17,609.00,707.13,609.28,707.49,609.17,707.40,609.05,707.36,608.98,707.33
EK_0060_P37_102_frame_0000028540_l.jpg,0,631.31,608.49,631.26,608.24,631.17,608.05,631.03,607.95,630.93,608.03,631.29,607.89,631.28,607.68,631.15,607.61,630.99,607.63,631.26,607.94,631.13,607.80,630.98,607.82,630.91,607.88,631.19,608.09,631.07,607.96,630.92,607.99,630.90,608.02,631.12,608.22,630.99,608.16,630.89,608.18,630.84,608.19
EK_0060_P37_102_frame_0000028592_r.jpg,0,905.73,451.69,905.79,451.63,905.89,451.56,906.00,451.42,906.15,451.26,905.82,451.18,905.89,450.96,906.03,450.92,906.21,450.95,905.87,451.08,905.91,450.85,906.08,450.86,906.23,450.94,905.94,451.11,905.95,450.91,906.11,450.85,906.27,450.90,906.02,451.17,906.06,451.04,906.16,450.99,906.28,451.02
EK_0060_P37_102_frame_0000028923_r.jpg,0,798.28,464.54,798.24,464.36,798.32,464.19,798.43,464.04,798.59,463.97,798.52,463.97,798.70,463.86,798.76,463.89,798.80,463.93,798.69,464.00,798.85,463.92,798.88,463.97,798.88,464.02,798.78,464.16,798.92,464.03,798.99,464.04,798.99,464.05,798.84,464.31,798.96,464.25,798.98,464.27,798.94,464.28
EK_0060_P37_102_frame_0000029320_r.jpg,0,1036.83,397.60,1036.80,397.64,1036.86,397.69,1036.95,397.70,1037.13,397.67,1036.85,397.39,1036.97,397.44,1037.02,397.55,1037.02,397.68,1036.95,397.30,1037.05,397.37,1037.09,397.49,1037.07,397.62,1037.04,397.29,1037.13,397.31,1037.18,397.44,1037.13,397.56,1037.11,397.31,1037.21,397.29,1037.28,397.31,1037.30,397.36
EK_0060_P37_102_frame_0000030907_r.jpg,0,747.01,629.03,746.97,628.99,747.04,629.00,747.19,628.94,747.42,628.88,747.12,628.61,747.20,628.44,747.28,628.35,747.37,628.24,747.26,628.55,747.35,628.67,747.35,628.83,747.32,629.01,747.37,628.61,747.43,628.68,747.47,628.83,747.43,629.00,747.45,628.70,747.48,628.67,747.51,628.72,747.50,628.82
EK_0060_P37_102_frame_0000031417_r.jpg,0,870.49,676.68,870.53,676.73,870.64,676.65,870.75,676.57,870.89,676.45,870.49,676.49,870.64,676.46,870.76,676.45,870.89,676.46,870.50,676.36,870.61,676.31,870.71,676.30,870.81,676.34,870.55,676.31,870.64,676.29,870.75,676.29,870.83,676.34,870.61,676.29,870.70,676.30,870.78,676.36,870.78,676.46
EK_0060_P37_102_frame_0000031543_r.jpg,0,1109.81,531.67,1109.84,531.72,1109.85,531.70,1109.89,531.64,1110.04,531.51,1109.87,531.45,1110.06,531.51,1110.13,531.61,1110.23,531.71,1109.94,531.33,1110.06,531.47,1110.13,531.57,1110.24,531.66,1110.01,531.30,1110.08,531.44,1110.15,531.56,1110.22,531.69,1110.07,531.30,1110.11,531.35,1110.14,531.45,1110.16,531.57
EK_0060_P37_102_frame_0000032557_r.jpg,0,950.29,606.78,950.40,606.83,950.49,606.81,950.56,606.78,950.70,606.65,950.50,606.44,950.74,606.52,950.73,606.66,950.56,606.73,950.54,606.28,950.74,606.41,950.74,606.55,950.57,606.64,950.57,606.24,950.76,606.33,950.81,606.49,950.65,606.57,950.62,606.24,950.71,606.23,950.80,606.35,950.73,606.46
EK_0060_P37_102_frame_0000032969_l.jpg,0,714.06,579.76,713.86,579.66,713.75,579.53,713.73,579.39,713.75,579.26,713.89,579.30,713.86,579.18,713.83,579.26,713.82,579.39,714.02,579.28,713.98,579.28,713.95,579.38,713.93,579.48,714.14,579.38,714.10,579.34,714.07,579.42,714.07,579.54,714.21,579.48,714.17,579.42,714.16,579.48,714.15,579.57
EK_0060_P37_102_frame_0000033155_r.jpg,0,936.09,810.12,936.08,809.94,936.17,809.80,936.28,809.69,936.40,809.52,936.23,809.92,936.36,809.78,936.41,809.68,936.43,809.57,936.35,810.01,936.49,809.89,936.52,809.79,936.50,809.70,936.43,810.09,936.54,809.97,936.57,809.87,936.54,809.79,936.49,810.13,936.53,810.02,936.54,809.93,936.50,809.89
EK_0060_P37_102_frame_0000033590_l.jpg,0,818.32,724.12,818.10,723.97,817.91,723.86,817.80,723.71,817.79,723.60,818.16,723.52,818.03,723.48,817.99,723.59,818.02,723.75,818.33,723.50,818.23,723.52,818.18,723.65,818.16,723.81,818.47,723.61,818.36,723.58,818.32,723.69,818.32,723.84,818.55,723.73,818.48,723.67,818.44,723.75,818.42,723.87
EK_0060_P37_102_frame_0000033850_l.jpg,0,975.34,429.19,975.25,429.10,975.14,429.03,975.18,428.96,975.24,428.93,975.39,428.86,975.52,428.79,975.59,428.78,975.66,428.77,975.52,428.88,975.63,428.85,975.64,428.89,975.62,428.92,975.60,428.98,975.68,428.93,975.68,428.96,975.65,428.99,975.65,429.07,975.70,429.05,975.71,429.06,975.69,429.07
EK_0060_P37_102_frame_0000033925_l.jpg,0,676.76,742.42,676.52,742.31,676.37,742.18,676.28,742.02,676.22,741.89,676.47,741.88,676.37,741.68,676.31,741.66,676.30,741.73,676.61,741.79,676.51,741.61,676.46,741.66,676.44,741.78,676.77,741.84,676.66,741.67,676.60,741.67,676.57,741.78,676.87,741.90,676.78,741.85,676.75,741.93,676.73,742.04
EK_0064_P03_10_frame_0000000421_l.jpg,0,654.73,352.93,654.87,352.63,654.83,352.38,654.77,352.19,654.64,351.93,654.84,352.32,654.74,352.08,654.64,351.95,654.54,351.82,654.66,352.37,654.52,352.14,654.42,352.02,654.35,351.89,654.48,352.49,654.38,352.27,654.28,352.15,654.24,352.04,654.34,352.57,654.28,352.42,654.25,352.32,654.27,352.27
EK_0064_P03_10_frame_0000000616_r.jpg,0,996.34,500.94,996.46,500.82,996.81,500.58,997.06,500.31,997.52,500.09,996.64,499.95,997.06,499.77,997.37,499.83,997.70,499.92,996.79,499.76,997.19,499.60,997.51,499.66,997.85,499.79,996.92,499.86,997.25,499.70,997.58,499.81,997.82,500.02,997.05,500.00,997.29,499.95,997.51,500.01,997.71,500.11
EK_0064_P03_10_frame_0000000872_r.jpg,0,781.30,329.76,781.46,329.68,781.75,329.48,781.98,329.27,782.35,329.08,781.53,328.97,781.79,328.72,782.05,328.69,782.33,328.74,781.57,328.79,781.89,328.64,782.16,328.67,782.43,328.74,781.63,328.83,781.88,328.69,782.15,328.70,782.39,328.77,781.71,328.91,781.85,328.78,782.02,328.73,782.17,328.79
EK_0064_P03_10_frame_0000001040_l.jpg,0,609.03,446.51,608.85,446.25,608.75,446.09,608.81,445.96,608.93,445.88,609.07,445.79,609.11,445.57,609.06,445.52,608.99,445.51,609.23,445.82,609.18,445.72,609.06,445.77,608.90,445.86,609.31,446.00,609.24,445.87,609.11,445.90,608.96,445.99,609.33,446.15,609.25,446.06,609.15,446.07,609.03,446.13
EK_0064_P03_10_frame_0000001347_l.jpg,0,711.96,696.91,712.05,696.65,712.10,696.45,712.11,696.30,712.00,696.20,712.20,696.40,712.17,696.21,712.05,696.11,711.91,696.05,712.12,696.45,712.01,696.27,711.88,696.19,711.76,696.13,711.98,696.56,711.90,696.38,711.78,696.30,711.69,696.25,711.85,696.65,711.79,696.52,711.71,696.46,711.68,696.43
EK_0064_P03_10_frame_0000001806_l.jpg,0,765.05,569.26,764.87,569.16,764.74,569.12,764.75,569.02,764.85,568.98,764.88,568.75,764.94,568.59,764.94,568.64,764.91,568.74,765.03,568.69,765.07,568.64,765.05,568.72,765.04,568.81,765.19,568.77,765.18,568.69,765.16,568.78,765.15,568.85,765.30,568.86,765.30,568.78,765.28,568.83,765.26,568.89
EK_0064_P03_10_frame_0000002412_r.jpg,0,1090.16,-132.17,1090.16,-132.33,1090.23,-132.53,1090.37,-132.70,1090.71,-132.71,1090.44,-132.90,1090.71,-132.94,1090.72,-132.75,1090.53,-132.62,1090.63,-132.94,1090.85,-132.91,1090.83,-132.69,1090.61,-132.59,1090.76,-132.79,1090.92,-132.87,1090.94,-132.65,1090.73,-132.53,1090.85,-132.63,1090.99,-132.76,1091.01,-132.65,1090.88,-132.57
EK_0064_P03_10_frame_0000002926_r.jpg,0,1322.43,703.92,1322.40,703.78,1322.44,703.60,1322.46,703.43,1322.43,703.22,1322.60,703.44,1322.59,703.24,1322.52,703.12,1322.42,703.01,1322.63,703.39,1322.62,703.19,1322.49,703.14,1322.34,703.17,1322.58,703.43,1322.60,703.26,1322.48,703.18,1322.35,703.20,1322.51,703.47,1322.53,703.36,1322.49,703.27,1322.43,703.25
EK_0064_P03_10_frame_0000002964_r.jpg,0,1303.30,621.58,1303.28,621.53,1303.32,621.41,1303.35,621.25,1303.49,621.01,1303.16,621.04,1303.18,620.81,1303.33,620.79,1303.51,620.81,1303.22,620.89,1303.27,620.67,1303.44,620.68,1303.63,620.70,1303.35,620.89,1303.31,620.69,1303.43,620.62,1303.59,620.59,1303.47,620.92,1303.44,620.76,1303.51,620.67,1303.61,620.64
EK_0064_P03_10_frame_0000004051_r.jpg,0,916.82,497.03,917.00,497.00,917.22,496.97,917.42,496.94,917.69,496.93,917.17,496.57,917.28,496.34,917.43,496.28,917.61,496.33,917.19,496.46,917.34,496.27,917.51,496.27,917.68,496.36,917.17,496.49,917.33,496.36,917.52,496.33,917.68,496.38,917.17,496.55,917.29,496.46,917.42,496.41,917.53,496.41
EK_0064_P03_10_frame_0000004175_r.jpg,0,1054.00,810.82,1054.09,810.86,1054.16,810.82,1054.23,810.76,1054.33,810.66,1054.14,810.61,1054.22,810.52,1054.31,810.48,1054.43,810.45,1054.15,810.50,1054.25,810.41,1054.35,810.37,1054.47,810.36,1054.17,810.47,1054.24,810.40,1054.35,810.37,1054.45,810.37,1054.19,810.46,1054.24,810.41,1054.31,810.39,1054.37,810.40
EK_0064_P03_10_frame_0000004305_l.jpg,0,430.49,228.99,430.06,229.13,429.71,229.03,429.46,228.83,429.26,228.68,429.48,228.74,429.13,228.55,429.02,228.50,429.00,228.54,429.55,228.45,429.23,228.30,429.11,228.28,429.03,228.30,429.79,228.27,429.48,228.19,429.35,228.19,429.28,228.24,429.99,228.16,429.76,228.06,429.62,228.05,429.55,228.13
EK_0064_P03_10_frame_0000004533_l.jpg,0,-4.46,52.84,-5.04,52.84,-5.44,52.63,-5.69,52.31,-5.94,52.01,-5.52,52.04,-5.86,51.68,-6.06,51.52,-6.19,51.47,-5.32,51.73,-5.57,51.33,-5.67,51.37,-5.68,51.59,-4.99,51.66,-5.29,51.37,-5.39,51.44,-5.38,51.68,-4.75,51.67,-5.00,51.49,-5.12,51.51,-5.15,51.67
EK_0064_P03_10_frame_0000004783_l.jpg,0,601.45,422.64,601.15,422.46,600.88,422.31,600.67,422.16,600.41,422.02,601.16,421.81,601.12,421.49,601.00,421.34,600.83,421.23,601.30,421.71,601.21,421.43,601.05,421.35,600.84,421.30,601.42,421.81,601.33,421.54,601.16,421.43,600.95,421.40,601.48,421.91,601.40,421.72,601.27,421.62,601.10,421.57
EK_0064_P03_10_frame_0000005071_l.jpg,0,521.33,516.98,521.18,516.76,521.11,516.62,521.09,516.47,521.03,516.32,521.38,516.37,521.48,516.21,521.46,516.14,521.42,516.09,521.52,516.39,521.58,516.26,521.53,516.23,521.45,516.19,521.59,516.53,521.61,516.39,521.55,516.34,521.45,516.31,521.61,516.66,521.60,516.54,521.56,516.49,521.49,516.44
EK_0067_P03_14_frame_0000000151_r.jpg,0,955.92,361.34,955.86,361.31,955.93,361.25,956.01,361.16,956.15,361.13,956.07,360.94,956.21,360.95,956.27,361.05,956.31,361.14,956.24,360.90,956.37,360.94,956.43,361.04,956.47,361.12,956.37,360.98,956.47,360.94,956.52,361.01,956.55,361.08,956.45,361.08,956.55,360.99,956.60,361.00,956.60,361.04
EK_0067_P03_14_frame_0000000523_r.jpg,0,804.48,423.54,804.55,423.57,804.70,423.47,804.84,423.38,805.03,423.23,804.77,423.18,804.92,423.00,805.07,422.95,805.24,422.96,804.88,423.06,805.10,423.15,805.25,423.25,805.41,423.37,804.94,423.08,805.13,423.09,805.29,423.17,805.43,423.30,804.99,423.14,805.12,423.05,805.25,423.03,805.33,423.10
EK_0067_P03_14_frame_0000000962_r.jpg,0,878.35,317.32,878.26,317.27,878.26,317.16,878.29,317.01,878.46,316.83,878.35,316.75,878.56,316.71,878.62,316.89,878.62,317.11,878.53,316.64,878.69,316.71,878.72,316.92,878.71,317.15,878.71,316.71,878.79,316.74,878.86,316.93,878.89,317.15,878.84,316.81,878.87,316.72,878.94,316.81,878.94,316.96
EK_0067_P03_14_frame_0000001803_r.jpg,0,1319.72,504.66,1319.69,504.59,1319.73,504.43,1319.85,504.32,1320.10,504.25,1319.90,504.12,1320.12,504.01,1320.23,504.11,1320.23,504.28,1320.07,504.06,1320.22,504.24,1320.21,504.43,1320.12,504.62,1320.19,504.15,1320.36,504.18,1320.38,504.38,1320.26,504.55,1320.28,504.27,1320.40,504.14,1320.52,504.09,1320.58,504.11
EK_0067_P03_14_frame_0000002463_r.jpg,0,953.23,490.24,953.14,490.12,953.11,490.02,953.20,489.97,953.34,489.98,953.37,489.87,953.44,489.87,953.44,489.95,953.40,490.07,953.51,489.91,953.57,489.89,953.51,489.98,953.42,490.09,953.58,490.04,953.60,490.01,953.54,490.10,953.43,490.19,953.61,490.17,953.62,490.12,953.56,490.15,953.48,490.18
EK_0067_P03_14_frame_0000003340_l.jpg,0,337.57,340.27,337.29,339.92,337.15,339.73,337.12,339.47,337.09,338.98,337.80,339.37,337.59,338.94,337.38,338.90,337.22,339.05,338.15,339.28,337.89,338.90,337.63,338.82,337.35,338.91,338.31,339.33,338.17,338.92,337.94,338.73,337.65,338.63,338.38,339.36,338.33,339.04,338.13,338.89,337.87,338.84
EK_0067_P03_14_frame_0000004916_l.jpg,0,-146.68,291.22,-146.83,291.23,-147.16,291.20,-147.44,291.20,-147.71,291.37,-147.16,290.54,-147.54,290.60,-147.73,290.82,-147.92,291.07,-147.29,290.35,-147.67,290.46,-147.90,290.65,-148.13,290.88,-147.37,290.40,-147.70,290.34,-148.00,290.44,-148.24,290.61,-147.44,290.50,-147.65,290.34,-147.88,290.30,-148.12,290.28
EK_0067_P03_14_frame_0000005690_r.jpg,0,1002.98,424.83,1002.79,424.78,1002.68,424.58,1002.73,424.38,1002.73,424.21,1003.02,424.15,1003.17,424.08,1003.26,424.16,1003.26,424.21,1003.31,424.07,1003.44,424.05,1003.51,424.18,1003.49,424.30,1003.55,424.19,1003.71,424.02,1003.77,424.07,1003.74,424.12,1003.72,424.36,1003.88,424.18,1003.95,424.15,1003.93,424.18
EK_0067_P03_14_frame_0000005947_l.jpg,0,707.54,456.91,707.37,456.79,707.23,456.72,707.15,456.66,707.11,456.62,707.44,456.50,707.31,456.48,707.22,456.54,707.13,456.61,707.56,456.52,707.56,456.42,707.54,456.37,707.53,456.31,707.66,456.64,707.66,456.53,707.62,456.48,707.58,456.45,707.71,456.75,707.74,456.69,707.74,456.68,707.71,456.67
EK_0067_P03_14_frame_0000006348_l.jpg,0,-67.26,-324.47,-67.67,-324.89,-67.95,-325.37,-68.02,-325.84,-67.98,-326.30,-67.33,-326.00,-67.32,-326.60,-67.61,-326.77,-67.92,-326.63,-67.07,-326.15,-67.37,-326.59,-67.71,-326.59,-68.08,-326.41,-66.95,-325.98,-67.25,-326.39,-67.61,-326.42,-67.97,-326.25,-66.95,-325.80,-67.15,-326.11,-67.44,-326.20,-67.75,-326.15
EK_0067_P03_14_frame_0000009899_r.jpg,0,787.52,782.36,787.50,782.15,787.49,781.98,787.62,781.92,787.71,781.94,787.79,781.96,787.82,781.84,787.81,781.79,787.81,781.73,787.90,782.02,787.95,781.94,787.88,781.93,787.80,781.93,787.93,782.13,787.99,782.01,787.94,781.99,787.87,782.00,787.92,782.22,787.95,782.11,787.94,782.04,787.91,782.01
EK_0067_P03_14_frame_0000010976_r.jpg,0,1127.62,335.63,1127.79,335.53,1127.92,335.38,1128.01,335.26,1128.05,335.05,1128.04,335.26,1128.13,335.07,1128.12,334.94,1128.09,334.81,1127.98,335.18,1128.02,334.99,1127.93,334.94,1127.84,334.97,1127.83,335.18,1127.90,335.02,1127.82,334.95,1127.75,334.94,1127.69,335.18,1127.77,335.08,1127.76,335.00,1127.74,334.96
EK_0067_P03_14_frame_0000013815_r.jpg,0,831.75,457.12,831.95,456.80,832.25,456.70,832.52,456.66,832.86,456.71,832.51,456.85,832.82,456.80,832.94,456.72,833.00,456.61,832.63,457.07,832.87,456.96,832.89,456.86,832.88,456.72,832.59,457.27,832.80,457.08,832.86,456.96,832.85,456.80,832.54,457.38,832.69,457.23,832.80,457.10,832.86,456.96
EK_0067_P03_14_frame_0000015464_r.jpg,0,950.32,666.99,950.47,666.86,950.62,666.72,950.77,666.62,950.96,666.50,950.90,666.94,951.08,666.84,951.10,666.70,951.03,666.56,950.95,666.99,951.11,666.86,951.10,666.71,951.01,666.57,950.88,666.99,951.03,666.88,951.04,666.72,950.95,666.58,950.80,666.96,950.90,666.88,950.95,666.76,950.91,666.64
EK_0075_P02_02_frame_0000000623_l.jpg,0,655.25,377.22,655.02,377.13,654.89,376.99,654.79,376.85,654.62,376.71,654.96,376.72,654.87,376.64,654.86,376.77,654.90,376.92,655.09,376.65,654.98,376.68,654.97,376.83,654.97,376.99,655.22,376.71,655.09,376.72,655.06,376.87,655.07,377.02,655.31,376.78,655.21,376.78,655.17,376.88,655.17,377.01
EK_0075_P02_02_frame_0000001186_l.jpg,0,515.78,317.39,515.81,317.10,515.75,316.84,515.73,316.61,515.71,316.30,515.83,316.63,515.78,316.37,515.62,316.30,515.46,316.34,515.72,316.65,515.51,316.47,515.38,316.51,515.33,316.61,515.58,316.81,515.41,316.66,515.28,316.70,515.22,316.77,515.46,316.95,515.33,316.84,515.23,316.82,515.15,316.84
EK_0075_P02_02_frame_0000001817_r.jpg,0,1059.40,266.98,1059.33,266.86,1059.31,266.64,1059.35,266.43,1059.60,266.32,1059.36,266.32,1059.32,266.06,1059.44,266.09,1059.51,266.28,1059.51,266.23,1059.62,266.15,1059.68,266.31,1059.67,266.52,1059.67,266.31,1059.71,266.26,1059.78,266.40,1059.78,266.58,1059.80,266.41,1059.83,266.31,1059.87,266.39,1059.87,266.52
EK_0075_P02_02_frame_0000002743_r.jpg,0,879.90,70.37,880.06,70.29,880.22,70.19,880.33,70.07,880.49,69.90,880.02,69.90,880.04,69.72,880.17,69.68,880.27,69.74,879.94,69.79,879.99,69.58,880.13,69.54,880.29,69.56,879.90,69.80,880.00,69.64,880.16,69.59,880.32,69.61,879.90,69.82,879.96,69.71,880.08,69.65,880.20,69.65
EK_0075_P02_02_frame_0000004421_r.jpg,0,670.18,-50.34,670.33,-50.35,670.52,-50.48,670.64,-50.65,670.88,-50.77,670.54,-50.82,670.81,-50.88,670.98,-50.80,671.16,-50.70,670.60,-50.95,670.87,-50.97,671.04,-50.88,671.24,-50.77,670.62,-50.93,670.83,-51.00,671.04,-50.97,671.24,-50.92,670.64,-50.86,670.78,-50.97,670.93,-51.00,671.09,-51.00
EK_0075_P02_02_frame_0000004767_l.jpg,0,494.59,239.22,494.38,239.02,494.23,238.83,494.14,238.64,494.12,238.52,494.43,238.54,494.27,238.39,494.13,238.38,493.98,238.40,494.54,238.55,494.35,238.45,494.20,238.46,494.02,238.46,494.61,238.70,494.46,238.56,494.30,238.55,494.12,238.58,494.63,238.84,494.54,238.72,494.42,238.69,494.27,238.70
EK_0075_P02_02_frame_0000005966_r.jpg,0,1149.20,-10.84,1149.20,-10.90,1149.35,-11.02,1149.43,-11.16,1149.62,-11.34,1149.09,-11.37,1149.14,-11.59,1149.24,-11.70,1149.33,-11.83,1149.15,-11.51,1149.23,-11.71,1149.33,-11.82,1149.41,-11.96,1149.26,-11.50,1149.31,-11.69,1149.40,-11.82,1149.47,-11.97,1149.38,-11.47,1149.41,-11.62,1149.46,-11.75,1149.49,-11.91
EK_0075_P02_02_frame_0000006090_l.jpg,0,537.07,70.26,536.79,70.10,536.63,69.90,536.51,69.71,536.36,69.45,536.66,69.73,536.46,69.65,536.30,69.67,536.12,69.71,536.76,69.78,536.59,69.72,536.46,69.72,536.30,69.72,536.87,69.96,536.75,69.86,536.61,69.87,536.45,69.86,536.94,70.12,536.89,70.05,536.79,70.05,536.66,70.05
EK_0075_P02_02_frame_0000006334_l.jpg,0,601.97,202.69,601.90,202.39,601.83,202.16,601.71,201.97,601.52,201.75,601.80,202.12,601.66,201.93,601.51,201.84,601.34,201.78,601.73,202.24,601.56,202.11,601.38,202.06,601.22,202.02,601.65,202.44,601.48,202.32,601.29,202.27,601.14,202.21,601.58,202.59,601.43,202.55,601.33,202.52,601.20,202.48
EK_0075_P02_02_frame_0000006348_l.jpg,0,601.26,118.86,601.02,118.60,600.77,118.47,600.56,118.34,600.31,118.27,600.99,118.14,600.85,117.93,600.66,117.93,600.45,118.02,601.07,118.21,601.03,118.03,600.86,118.01,600.64,118.00,601.12,118.42,601.05,118.28,600.86,118.27,600.64,118.24,601.13,118.61,601.02,118.57,600.87,118.56,600.70,118.52
EK_0075_P02_02_frame_0000006400_r.jpg,0,1001.48,-86.00,1001.62,-86.20,1001.87,-86.24,1002.09,-86.30,1002.37,-86.22,1001.92,-86.63,1002.19,-86.70,1002.32,-86.60,1002.44,-86.47,1002.01,-86.58,1002.28,-86.56,1002.36,-86.42,1002.41,-86.27,1002.03,-86.40,1002.26,-86.38,1002.37,-86.23,1002.43,-86.10,1002.04,-86.23,1002.21,-86.22,1002.32,-86.13,1002.41,-86.04
EK_0075_P02_02_frame_0000006420_r.jpg,0,1382.24,-21.47,1382.18,-21.56,1382.18,-21.68,1382.27,-21.79,1382.45,-21.79,1382.24,-21.88,1382.32,-22.00,1382.33,-21.91,1382.27,-21.81,1382.35,-21.92,1382.41,-22.00,1382.42,-21.89,1382.37,-21.78,1382.45,-21.85,1382.50,-21.96,1382.52,-21.85,1382.45,-21.75,1382.53,-21.77,1382.57,-21.87,1382.58,-21.82,1382.53,-21.75
EK_0075_P02_02_frame_0000006597_l.jpg,0,650.30,221.06,650.02,221.18,649.82,221.21,649.68,221.12,649.77,220.93,649.54,220.90,649.38,220.97,649.50,221.01,649.68,221.05,649.58,220.69,649.54,220.73,649.65,220.83,649.80,220.94,649.76,220.56,649.68,220.55,649.78,220.63,649.93,220.73,649.92,220.48,649.88,220.42,649.95,220.51,650.04,220.64
EK_0075_P02_02_frame_0000008366_l.jpg,0,542.36,300.60,542.09,300.55,541.90,300.41,541.81,300.19,541.83,299.84,542.22,300.19,541.95,300.03,541.94,300.13,542.06,300.28,542.39,300.01,542.12,299.92,542.05,300.03,542.11,300.22,542.50,299.93,542.24,299.81,542.14,299.92,542.20,300.13,542.55,299.87,542.39,299.73,542.27,299.81,542.28,299.97
EK_0075_P02_02_frame_0000009213_r.jpg,0,740.68,201.79,741.03,201.49,741.22,201.23,741.30,201.04,741.33,200.93,740.93,200.85,741.09,200.90,741.21,201.14,741.29,201.30,740.72,200.91,740.94,201.20,741.04,201.43,741.07,201.47,740.56,201.18,740.82,201.41,740.93,201.60,740.93,201.61,740.48,201.43,740.69,201.59,740.78,201.72,740.76,201.75
EK_0075_P02_02_frame_0000011029_r.jpg,0,1300.71,-123.28,1300.86,-123.42,1300.99,-123.68,1301.07,-123.91,1301.14,-124.26,1300.60,-123.94,1300.73,-124.23,1300.86,-124.40,1300.97,-124.63,1300.49,-124.09,1300.69,-124.32,1300.89,-124.44,1301.12,-124.57,1300.48,-124.09,1300.65,-124.29,1300.86,-124.43,1301.06,-124.55,1300.52,-124.07,1300.62,-124.22,1300.76,-124.33,1300.92,-124.45
EK_0075_P02_02_frame_0000011217_r.jpg,0,1052.94,256.96,1053.04,257.04,1053.15,256.99,1053.21,256.92,1053.28,256.78,1052.98,256.91,1053.06,256.85,1053.17,256.81,1053.29,256.78,1052.95,256.78,1053.03,256.70,1053.15,256.67,1053.29,256.66,1052.95,256.68,1053.05,256.64,1053.17,256.60,1053.30,256.59,1052.98,256.61,1053.08,256.60,1053.18,256.60,1053.28,256.62
EK_0075_P02_02_frame_0000011579_l.jpg,0,501.43,206.97,501.41,206.72,501.40,206.50,501.41,206.32,501.43,206.08,501.67,206.35,501.49,206.21,501.36,206.30,501.27,206.45,501.71,206.36,501.48,206.31,501.34,206.39,501.24,206.52,501.64,206.48,501.45,206.40,501.30,206.48,501.23,206.60,501.56,206.57,501.43,206.49,501.32,206.54,501.28,206.64
EK_0075_P02_02_frame_0000011837_r.jpg,0,1389.59,111.38,1389.49,111.33,1389.47,111.19,1389.52,111.02,1389.64,110.85,1389.36,110.90,1389.38,110.76,1389.49,110.77,1389.61,110.81,1389.46,110.77,1389.53,110.64,1389.64,110.70,1389.73,110.80,1389.61,110.77,1389.69,110.65,1389.79,110.75,1389.85,110.89,1389.75,110.81,1389.82,110.68,1389.89,110.73,1389.89,110.84
EK_0075_P02_02_frame_0000012041_l.jpg,0,524.00,314.04,523.91,313.75,523.87,313.49,523.85,313.27,523.83,312.97,524.18,313.29,523.95,313.16,523.81,313.28,523.73,313.47,524.25,313.31,523.98,313.31,523.83,313.42,523.69,313.58,524.22,313.46,523.98,313.40,523.81,313.51,523.67,313.64,524.16,313.58,524.00,313.51,523.87,313.57,523.78,313.65
EK_0075_P02_02_frame_0000012233_l.jpg,0,191.29,361.52,191.41,361.25,191.54,361.02,191.64,360.80,191.77,360.50,191.78,360.88,191.64,360.62,191.45,360.64,191.30,360.77,191.75,360.87,191.52,360.71,191.33,360.75,191.21,360.88,191.58,360.96,191.41,360.78,191.24,360.84,191.16,360.98,191.42,361.02,191.32,360.88,191.21,360.92,191.17,361.03
EK_0078_P02_09_frame_0000000213_r.jpg,0,1020.74,486.01,1020.82,485.95,1020.94,485.81,1021.01,485.66,1021.08,485.43,1020.66,485.60,1020.55,485.46,1020.65,485.37,1020.81,485.36,1020.61,485.48,1020.77,485.35,1020.92,485.37,1021.08,485.43,1020.63,485.46,1020.77,485.34,1020.93,485.35,1021.09,485.41,1020.68,485.46,1020.80,485.38,1020.93,485.38,1021.04,485.41
EK_0078_P02_09_frame_0000001442_r.jpg,0,904.73,451.43,904.72,451.40,904.84,451.45,904.97,451.46,905.18,451.39,904.75,451.02,904.79,450.86,904.91,450.90,905.03,451.01,904.84,450.91,904.91,450.76,905.03,450.83,905.12,450.96,904.94,450.93,905.02,450.84,905.14,450.90,905.25,451.00,905.02,450.98,905.09,450.90,905.19,450.93,905.24,451.03
EK_0078_P02_09_frame_0000003533_r.jpg,0,1000.77,594.43,1000.79,594.48,1000.87,594.46,1000.95,594.37,1001.02,594.21,1000.71,594.24,1000.85,594.20,1000.95,594.25,1001.02,594.34,1000.73,594.12,1000.84,594.04,1000.95,594.09,1001.04,594.19,1000.78,594.06,1000.81,593.96,1000.90,593.92,1000.99,593.92,1000.85,594.04,1000.90,593.99,1000.96,594.01,1000.99,594.07
EK_0078_P02_09_frame_0000004113_r.jpg,0,829.71,377.64,829.92,377.52,830.16,377.35,830.35,377.17,830.66,377.00,830.07,376.92,830.36,376.77,830.55,376.86,830.73,377.02,830.09,376.81,830.40,376.81,830.60,376.92,830.80,377.06,830.09,376.89,830.35,376.83,830.57,376.93,830.74,377.07,830.11,377.01,830.27,376.90,830.45,376.91,830.59,376.98
EK_0078_P02_09_frame_0000004557_r.jpg,0,1053.37,402.59,1053.44,402.48,1053.61,402.44,1053.77,402.37,1053.90,402.18,1053.27,402.05,1053.21,401.83,1053.26,401.69,1053.38,401.57,1053.24,401.95,1053.12,401.75,1053.24,401.63,1053.41,401.60,1053.28,401.97,1053.23,401.77,1053.34,401.64,1053.50,401.58,1053.34,402.00,1053.38,401.87,1053.49,401.79,1053.58,401.82
EK_0078_P02_09_frame_0000004994_r.jpg,0,1198.42,439.74,1198.39,439.49,1198.44,439.30,1198.52,439.17,1198.57,439.14,1198.67,439.35,1198.58,439.34,1198.46,439.36,1198.31,439.42,1198.74,439.48,1198.62,439.45,1198.49,439.46,1198.35,439.46,1198.70,439.66,1198.69,439.56,1198.58,439.55,1198.44,439.54,1198.63,439.79,1198.67,439.71,1198.62,439.66,1198.53,439.65
EK_0078_P02_09_frame_0000005113_r.jpg,0,1253.90,395.63,1253.77,395.50,1253.78,395.45,1253.88,395.43,1253.99,395.44,1253.99,395.23,1254.03,395.22,1254.00,395.32,1253.95,395.43,1254.16,395.28,1254.15,395.36,1254.09,395.47,1254.02,395.57,1254.25,395.42,1254.25,395.48,1254.18,395.58,1254.11,395.67,1254.30,395.56,1254.30,395.61,1254.24,395.68,1254.14,395.73
EK_0078_P02_09_frame_0000005346_l.jpg,0,448.37,414.99,448.33,414.71,448.27,414.46,448.21,414.23,448.14,413.94,448.73,414.33,448.67,414.07,448.50,414.04,448.31,414.11,448.85,414.33,448.69,414.13,448.50,414.13,448.30,414.20,448.82,414.44,448.71,414.22,448.51,414.20,448.33,414.27,448.75,414.52,448.70,414.35,448.54,414.31,448.40,414.36
EK_0078_P02_09_frame_0000005557_r.jpg,0,683.83,-249.44,683.92,-249.54,684.14,-249.67,684.36,-249.77,684.67,-249.87,684.10,-250.12,684.38,-250.24,684.59,-250.20,684.79,-250.13,684.21,-250.22,684.48,-250.33,684.69,-250.26,684.86,-250.13,684.29,-250.12,684.47,-250.31,684.68,-250.27,684.80,-250.17,684.36,-250.01,684.54,-250.02,684.69,-249.98,684.79,-249.95
EK_0078_P02_09_frame_0000005750_l.jpg,0,0.56,-542.22,0.18,-542.66,-0.22,-542.92,-0.57,-543.13,-0.93,-543.37,0.18,-543.49,-0.10,-543.77,-0.40,-543.63,-0.62,-543.39,0.29,-543.41,-0.08,-543.57,-0.39,-543.40,-0.60,-543.22,0.37,-543.06,0.08,-543.32,-0.28,-543.21,-0.52,-543.11,0.37,-542.75,0.17,-542.93,-0.12,-542.95,-0.29,-542.91
EK_0078_P02_09_frame_0000006628_l.jpg,0,746.84,540.80,746.69,540.82,746.52,540.81,746.39,540.67,746.39,540.46,746.27,540.57,746.10,540.43,746.15,540.33,746.25,540.27,746.26,540.41,746.13,540.23,746.23,540.15,746.38,540.16,746.40,540.31,746.34,540.11,746.43,540.01,746.54,539.99,746.54,540.25,746.47,540.10,746.52,540.01,746.59,540.01
EK_0078_P02_09_frame_0000006874_l.jpg,0,617.17,119.90,616.81,119.77,616.46,119.66,616.15,119.59,615.73,119.55,616.49,119.07,616.10,119.13,615.92,119.32,615.78,119.58,616.52,118.99,616.18,119.15,616.00,119.36,615.87,119.63,616.63,119.13,616.29,119.17,616.07,119.38,615.94,119.61,616.69,119.30,616.44,119.29,616.25,119.41,616.13,119.56
EK_0078_P02_09_frame_0000007418_l.jpg,0,324.15,260.11,323.88,260.01,323.65,260.03,323.44,260.05,323.20,260.09,323.72,259.54,323.66,259.32,323.51,259.31,323.36,259.42,323.80,259.50,323.69,259.34,323.54,259.37,323.36,259.46,323.91,259.61,323.75,259.48,323.59,259.46,323.40,259.50,323.97,259.74,323.83,259.70,323.69,259.72,323.54,259.76
EK_0078_P02_09_frame_0000007706_l.jpg,0,413.10,414.46,412.67,414.55,412.34,414.42,412.07,414.27,411.70,414.09,412.39,414.22,412.07,414.00,411.96,413.96,412.00,413.99,412.52,413.95,412.19,413.78,412.08,413.80,412.08,413.90,412.71,413.77,412.40,413.63,412.27,413.66,412.31,413.78,412.83,413.65,412.59,413.58,412.48,413.63,412.47,413.73
EK_0078_P02_09_frame_0000008229_r.jpg,0,965.46,547.61,965.32,547.38,965.26,547.11,965.42,546.93,965.65,546.89,965.43,546.80,965.63,546.73,965.67,546.85,965.65,546.92,965.63,546.77,965.82,546.69,965.82,546.82,965.77,546.96,965.82,546.91,965.96,546.69,965.99,546.76,965.93,546.89,965.96,547.06,966.04,546.88,966.07,546.86,966.03,546.95
EK_0078_P02_09_frame_0000008428_l.jpg,0,632.70,247.09,632.37,246.99,632.12,247.02,631.92,247.03,631.84,247.03,632.25,246.44,632.19,246.16,632.13,245.99,632.04,245.83,632.41,246.36,632.39,246.11,632.30,246.10,632.18,246.17,632.59,246.46,632.57,246.22,632.48,246.17,632.36,246.24,632.72,246.57,632.65,246.44,632.58,246.39,632.47,246.40
EK_0078_P02_09_frame_0000008451_l.jpg,0,632.21,360.83,631.91,360.76,631.70,360.82,631.52,360.85,631.42,360.89,631.76,360.30,631.70,360.06,631.64,359.92,631.56,359.78,631.89,360.23,631.85,360.03,631.76,360.02,631.64,360.07,632.06,360.32,632.00,360.12,631.91,360.11,631.79,360.19,632.17,360.42,632.09,360.32,632.02,360.31,631.92,360.33
EK_0078_P02_09_frame_0000009115_r.jpg,0,833.01,514.39,833.07,514.12,833.21,513.87,833.43,513.76,833.75,513.78,833.31,513.60,833.61,513.57,833.80,513.62,833.96,513.69,833.45,513.64,833.73,513.61,833.91,513.69,834.05,513.80,833.54,513.85,833.77,513.70,833.97,513.74,834.10,513.83,833.61,514.03,833.73,513.88,833.87,513.77,834.07,513.66
EK_0078_P02_09_frame_0000009190_l.jpg,0,542.85,225.97,542.67,225.75,542.45,225.66,542.26,225.60,542.07,225.58,542.75,225.30,542.71,225.07,542.58,225.00,542.41,225.01,542.85,225.32,542.71,225.18,542.56,225.16,542.37,225.18,542.90,225.47,542.81,225.31,542.67,225.28,542.49,225.31,542.91,225.62,542.86,225.49,542.74,225.49,542.61,225.52
EK_0078_P02_09_frame_0000009220_r.jpg,0,1227.72,834.17,1227.70,834.13,1227.74,834.06,1227.79,833.95,1227.94,833.84,1227.63,833.79,1227.61,833.64,1227.67,833.59,1227.77,833.59,1227.67,833.70,1227.68,833.55,1227.78,833.59,1227.87,833.68,1227.76,833.71,1227.76,833.59,1227.86,833.60,1227.96,833.64,1227.84,833.73,1227.82,833.64,1227.88,833.60,1227.93,833.63
EK_0078_P02_09_frame_0000009589_r.jpg,0,843.48,663.89,843.44,663.79,843.60,663.77,843.76,663.72,843.94,663.56,843.65,663.96,843.82,663.85,843.90,663.73,843.96,663.57,843.80,664.04,843.96,664.00,844.05,663.87,844.06,663.70,843.89,664.04,844.03,664.02,844.13,663.89,844.14,663.72,843.96,664.01,844.07,663.96,844.16,663.90,844.22,663.78
EK_0078_P02_09_frame_0000010061_l.jpg,0,628.66,478.13,628.43,477.96,628.16,477.79,627.92,477.59,627.64,477.29,628.70,477.36,628.55,477.00,628.32,476.89,628.08,476.91,628.86,477.19,628.60,476.93,628.35,476.87,628.09,476.97,628.91,477.20,628.67,476.97,628.41,476.90,628.18,477.04,628.89,477.22,628.75,477.05,628.55,476.98,628.37,477.06
EK_0078_P02_09_frame_0000010211_r.jpg,0,756.76,539.51,756.78,539.50,756.88,539.43,756.98,539.36,757.11,539.29,756.83,539.20,756.88,539.06,756.95,538.99,757.00,538.91,756.89,539.11,757.03,539.07,757.13,539.14,757.22,539.23,756.95,539.12,757.06,539.10,757.16,539.16,757.25,539.23,757.01,539.16,757.08,539.14,757.15,539.17,757.19,539.21
EK_0078_P02_09_frame_0000010271_r.jpg,0,1122.58,770.09,1122.55,770.07,1122.56,769.94,1122.58,769.79,1122.65,769.59,1122.49,769.69,1122.51,769.49,1122.55,769.38,1122.56,769.23,1122.57,769.56,1122.59,769.37,1122.64,769.25,1122.66,769.11,1122.68,769.56,1122.70,769.39,1122.76,769.26,1122.81,769.14,1122.79,769.59,1122.80,769.46,1122.82,769.35,1122.85,769.24
EK_0078_P02_09_frame_0000010421_r.jpg,0,1015.65,401.37,1015.96,400.96,1016.20,400.64,1016.40,400.43,1016.63,400.35,1015.83,400.07,1016.21,399.95,1016.50,400.06,1016.84,400.16,1015.69,400.06,1016.11,399.89,1016.43,400.00,1016.79,400.14,1015.64,400.32,1016.00,400.09,1016.36,400.10,1016.73,400.12,1015.66,400.57,1015.83,400.31,1016.07,400.17,1016.35,400.11
EK_0078_P02_09_frame_0000010481_l.jpg,0,425.63,408.12,425.25,408.04,424.94,407.89,424.69,407.70,424.39,407.37,425.33,407.46,425.16,407.09,424.93,406.93,424.70,406.85,425.54,407.22,425.27,406.91,425.02,406.80,424.76,406.82,425.69,407.15,425.42,406.89,425.16,406.79,424.93,406.81,425.76,407.11,425.58,406.92,425.37,406.83,425.19,406.87
EK_0078_P02_09_frame_0000011730_l.jpg,0,302.61,633.34,302.42,633.28,302.26,633.16,302.16,633.07,302.17,632.98,302.57,633.58,302.64,633.42,302.57,633.22,302.47,633.06,302.80,633.63,302.81,633.35,302.70,633.20,302.56,633.14,303.00,633.56,302.94,633.32,302.83,633.19,302.71,633.19,303.13,633.46,303.08,633.28,302.99,633.21,302.90,633.25
EK_0078_P02_09_frame_0000012163_l.jpg,0,384.41,505.96,384.22,505.96,384.13,505.92,384.08,505.81,384.09,505.67,383.97,505.62,383.83,505.48,383.79,505.42,383.76,505.38,384.05,505.49,383.92,505.35,383.86,505.30,383.79,505.24,384.21,505.45,384.13,505.32,384.17,505.38,384.21,505.50,384.35,505.44,384.34,505.39,384.35,505.48,384.36,505.60
EK_0078_P02_09_frame_0000012182_l.jpg,0,361.04,487.56,360.80,487.50,360.66,487.40,360.59,487.24,360.60,487.04,360.59,487.12,360.53,486.92,360.52,486.83,360.52,486.75,360.70,486.99,360.61,486.79,360.56,486.66,360.51,486.53,360.88,486.98,360.78,486.80,360.72,486.68,360.68,486.59,361.03,486.99,360.99,486.86,360.96,486.79,360.92,486.76
EK_0078_P02_09_frame_0000012463_r.jpg,0,892.21,415.76,892.40,415.52,892.47,415.20,892.46,414.92,892.45,414.54,892.22,414.84,892.10,414.51,892.30,414.46,892.49,414.63,892.14,414.75,892.43,414.68,892.62,414.76,892.85,414.85,892.14,414.85,892.44,414.82,892.64,414.97,892.84,415.11,892.19,414.96,892.40,414.86,892.59,414.91,892.80,415.00
EK_0078_P02_09_frame_0000013222_l.jpg,0,440.48,362.27,440.21,362.22,439.90,362.16,439.63,362.13,439.28,362.07,440.13,361.62,440.02,361.31,439.84,361.18,439.61,361.10,440.20,361.44,440.02,361.17,439.80,361.12,439.54,361.12,440.27,361.44,440.08,361.22,439.85,361.13,439.60,361.14,440.28,361.47,440.15,361.32,439.98,361.23,439.79,361.19
EK_0078_P02_09_frame_0000016161_r.jpg,0,1125.18,641.53,1125.29,641.41,1125.44,641.23,1125.58,641.08,1125.78,640.88,1125.07,641.00,1125.05,640.76,1125.16,640.63,1125.33,640.54,1124.99,640.89,1124.98,640.66,1125.10,640.53,1125.27,640.43,1125.00,640.90,1125.01,640.70,1125.12,640.55,1125.26,640.44,1125.04,640.92,1125.06,640.76,1125.12,640.64,1125.22,640.52
EK_0078_P02_09_frame_0000016977_r.jpg,0,907.53,563.49,907.40,563.34,907.39,563.12,907.53,562.94,907.78,562.83,907.58,562.84,907.73,562.87,907.75,562.98,907.75,563.10,907.78,562.81,907.82,562.88,907.80,563.05,907.76,563.22,907.95,562.94,907.91,562.86,907.89,562.93,907.85,563.03,908.06,563.09,908.06,562.92,908.05,562.86,908.04,562.82
EK_0078_P02_09_frame_0000017154_r.jpg,0,970.20,534.22,970.07,534.06,970.04,533.83,970.15,533.64,970.37,533.51,970.20,533.52,970.36,533.51,970.40,533.63,970.40,533.74,970.40,533.47,970.51,533.45,970.52,533.59,970.49,533.76,970.57,533.60,970.62,533.43,970.64,533.53,970.60,533.68,970.69,533.73,970.70,533.56,970.70,533.56,970.69,533.62
EK_0078_P02_09_frame_0000017328_r.jpg,0,853.90,623.43,853.75,623.37,853.67,623.18,853.79,623.01,853.98,622.86,853.83,622.82,853.93,622.82,853.98,622.93,853.98,623.01,854.04,622.71,854.11,622.79,854.12,622.95,854.14,623.09,854.24,622.79,854.31,622.66,854.31,622.79,854.27,622.93,854.39,622.90,854.45,622.71,854.46,622.71,854.42,622.79
EK_0078_P02_09_frame_0000018207_l.jpg,0,492.79,570.05,492.57,569.84,492.37,569.67,492.20,569.51,491.98,569.30,492.50,569.33,492.41,569.08,492.24,569.05,492.05,569.11,492.55,569.33,492.28,569.35,492.10,569.44,491.91,569.55,492.59,569.50,492.35,569.48,492.17,569.59,492.01,569.71,492.60,569.66,492.42,569.66,492.29,569.74,492.14,569.83
EK_0078_P02_09_frame_0000019220_l.jpg,0,522.24,421.74,522.18,421.51,522.11,421.26,522.10,421.02,522.08,420.90,522.41,420.96,522.52,420.69,522.50,420.49,522.40,420.30,522.44,420.89,522.46,420.62,522.40,420.43,522.28,420.23,522.38,420.98,522.40,420.72,522.34,420.51,522.24,420.31,522.28,421.07,522.30,420.88,522.29,420.71,522.25,420.54
EK_0078_P02_09_frame_0000021983_r.jpg,0,776.11,-25.43,776.15,-25.81,776.34,-26.10,776.63,-26.25,776.77,-26.37,776.72,-26.31,777.01,-26.54,777.20,-26.66,777.41,-26.81,776.96,-26.17,777.30,-26.32,777.53,-26.41,777.78,-26.53,777.04,-25.86,777.31,-26.07,777.57,-26.18,777.79,-26.31,777.07,-25.60,777.28,-25.73,777.49,-25.83,777.69,-25.96
EK_0078_P02_09_frame_0000022614_r.jpg,0,637.96,240.81,638.03,240.82,638.28,240.92,638.51,240.96,638.79,241.14,638.31,240.32,638.46,240.05,638.58,239.88,638.70,239.67,638.46,240.20,638.67,240.03,638.86,239.94,639.02,239.82,638.54,240.25,638.73,240.10,638.93,239.98,639.09,239.85,638.61,240.34,638.76,240.21,638.91,240.10,639.06,239.96
EK_0078_P02_09_frame_0000023143_l.jpg,0,403.59,355.33,403.58,355.47,403.62,355.59,403.62,355.66,403.60,355.68,403.40,355.47,403.38,355.51,403.46,355.53,403.57,355.55,403.38,355.37,403.37,355.40,403.44,355.45,403.53,355.50,403.44,355.26,403.40,355.29,403.47,355.34,403.55,355.41,403.50,355.19,403.47,355.19,403.49,355.21,403.53,355.28
EK_0078_P02_09_frame_0000023845_l.jpg,0,442.09,353.64,441.90,353.42,441.76,353.22,441.75,353.01,441.81,352.82,442.08,352.94,442.16,352.69,442.18,352.53,442.19,352.38,442.24,352.90,442.25,352.68,442.21,352.56,442.14,352.44,442.33,353.00,442.30,352.78,442.24,352.66,442.16,352.57,442.36,353.09,442.32,352.93,442.29,352.81,442.22,352.71
EK_0078_P02_09_frame_0000025857_r.jpg,0,835.17,452.38,835.24,452.12,835.42,451.91,835.70,451.87,835.97,451.92,835.80,451.75,836.13,451.73,836.22,451.79,836.22,451.83,835.99,451.88,836.30,451.83,836.31,451.91,836.25,451.97,836.02,452.13,836.30,452.04,836.35,452.07,836.32,452.10,836.01,452.35,836.20,452.27,836.24,452.26,836.20,452.26
EK_0078_P02_09_frame_0000026610_l.jpg,0,723.59,620.37,723.46,620.53,723.30,620.60,723.15,620.60,722.95,620.61,723.19,620.39,723.06,620.32,722.99,620.28,722.91,620.22,723.24,620.24,723.11,620.18,723.02,620.14,722.91,620.08,723.38,620.15,723.26,620.10,723.17,620.05,723.07,620.01,723.51,620.10,723.44,620.04,723.39,620.01,723.34,619.99
EK_0078_P02_09_frame_0000027190_r.jpg,0,742.90,450.26,742.92,449.96,742.93,449.73,742.95,449.55,742.91,449.31,743.15,449.70,743.27,449.49,743.41,449.38,743.56,449.30,743.29,449.82,743.52,449.71,743.68,449.64,743.86,449.55,743.38,450.00,743.58,449.91,743.76,449.84,743.93,449.77,743.44,450.14,743.60,450.10,743.75,450.07,743.88,450.01
EK_0078_P02_09_frame_0000027629_r.jpg,0,728.72,457.63,728.36,457.74,728.06,457.81,727.80,457.79,727.45,457.85,727.87,457.31,727.58,457.15,727.41,457.07,727.25,457.01,727.95,457.07,727.74,456.86,727.62,456.80,727.48,456.75,728.19,456.97,727.96,456.81,727.82,456.75,727.67,456.75,728.39,456.93,728.27,456.77,728.18,456.63,728.06,456.49
EK_0078_P02_09_frame_0000028056_l.jpg,0,693.80,493.91,693.73,494.05,693.61,494.14,693.47,494.18,693.30,494.31,693.42,493.88,693.26,493.78,693.17,493.73,693.03,493.66,693.41,493.70,693.27,493.64,693.17,493.59,693.02,493.54,693.52,493.57,693.38,493.53,693.27,493.48,693.14,493.45,693.64,493.49,693.56,493.43,693.54,493.41,693.52,493.42
EK_0078_P02_09_frame_0000028202_l.jpg,0,534.04,641.39,534.15,641.12,534.20,640.89,534.16,640.69,533.98,640.52,534.22,640.85,534.11,640.63,534.04,640.55,534.01,640.55,534.09,640.90,534.00,640.68,533.93,640.60,533.93,640.63,533.93,641.02,533.88,640.81,533.82,640.74,533.83,640.79,533.79,641.10,533.79,640.95,533.75,640.86,533.78,640.85
EK_0078_P02_09_frame_0000029671_l.jpg,0,675.16,573.30,675.02,573.04,674.93,572.83,674.87,572.67,674.83,572.51,675.15,572.71,675.17,572.56,675.14,572.49,675.11,572.42,675.22,572.79,675.17,572.68,675.12,572.62,675.07,572.53,675.23,572.99,675.20,572.84,675.15,572.76,675.08,572.66,675.21,573.15,675.19,573.02,675.15,572.95,675.10,572.85
EK_0078_P02_09_frame_0000030692_r.jpg,0,837.66,456.81,837.68,456.48,837.74,456.21,837.86,456.06,838.08,455.93,837.76,455.99,837.92,455.75,838.09,455.63,838.29,455.52,837.88,456.05,838.14,455.91,838.36,455.90,838.59,455.90,838.00,456.26,838.25,456.15,838.48,456.15,838.71,456.14,838.11,456.43,838.30,456.40,838.47,456.42,838.68,456.42
EK_0078_P02_09_frame_0000030842_r.jpg,0,914.28,566.55,914.52,566.35,914.67,566.15,914.77,565.98,914.85,565.80,914.80,566.28,914.92,566.16,914.95,566.04,914.96,565.92,914.69,566.31,914.71,566.10,914.70,565.94,914.70,565.74,914.48,566.35,914.55,566.14,914.56,565.96,914.56,565.76,914.31,566.35,914.38,566.21,914.41,566.08,914.46,565.95
EK_0078_P02_09_frame_0000033184_r.jpg,0,1005.06,545.53,1004.93,545.30,1004.86,545.08,1004.99,544.92,1005.16,544.92,1005.11,544.80,1005.17,544.74,1005.17,544.84,1005.15,544.94,1005.31,544.80,1005.39,544.71,1005.35,544.82,1005.30,544.95,1005.46,544.95,1005.56,544.80,1005.53,544.86,1005.47,544.94,1005.57,545.10,1005.62,544.99,1005.57,545.02,1005.51,545.08
EK_0078_P02_09_frame_0000034325_r.jpg,0,857.29,788.62,857.50,788.62,857.64,788.55,857.73,788.49,857.85,788.41,857.65,788.56,857.73,788.44,857.79,788.33,857.85,788.22,857.57,788.48,857.65,788.35,857.71,788.25,857.78,788.13,857.44,788.40,857.55,788.32,857.63,788.22,857.72,788.12,857.35,788.33,857.43,788.28,857.50,788.22,857.59,788.17
EK_0078_P02_09_frame_0000035269_r.jpg,0,737.10,621.87,737.25,621.83,737.43,621.74,737.59,621.66,737.75,621.52,737.31,621.43,737.48,621.29,737.61,621.35,737.73,621.47,737.30,621.31,737.47,621.19,737.59,621.28,737.70,621.41,737.28,621.32,737.40,621.21,737.55,621.25,737.68,621.36,737.29,621.36,737.37,621.27,737.49,621.27,737.59,621.31
EK_0078_P02_09_frame_0000035370_l.jpg,0,526.53,363.01,526.28,362.99,526.16,362.93,526.04,362.87,525.99,362.90,526.03,362.59,525.89,362.39,525.80,362.29,525.72,362.18,526.15,362.44,526.05,362.25,525.98,362.16,525.91,362.09,526.34,362.42,526.22,362.26,526.15,362.14,526.06,362.06,526.49,362.43,526.43,362.31,526.38,362.22,526.31,362.15
EK_0078_P02_09_frame_0000035878_l.jpg,0,604.42,261.74,604.23,261.61,604.10,261.56,604.04,261.50,603.98,261.47,604.28,261.24,604.33,261.06,604.32,260.99,604.31,260.95,604.42,261.24,604.47,261.06,604.44,261.01,604.38,261.01,604.54,261.35,604.48,261.28,604.42,261.34,604.34,261.42,604.61,261.47,604.56,261.46,604.51,261.52,604.43,261.59
EK_0078_P02_09_frame_0000035907_l.jpg,0,771.22,380.23,771.00,380.13,770.84,380.08,770.75,379.99,770.67,379.94,771.01,379.74,771.02,379.55,771.00,379.48,770.97,379.43,771.17,379.72,771.16,379.56,771.12,379.54,771.06,379.54,771.31,379.84,771.29,379.70,771.25,379.71,771.18,379.75,771.40,379.95,771.39,379.94,771.35,379.98,771.28,380.03
EK_0078_P02_09_frame_0000035966_r.jpg,0,1155.57,-98.31,1155.41,-98.37,1155.31,-98.56,1155.33,-98.78,1155.44,-98.97,1155.29,-98.98,1155.30,-99.11,1155.39,-99.11,1155.44,-99.09,1155.44,-99.14,1155.50,-99.30,1155.59,-99.22,1155.65,-99.10,1155.66,-99.12,1155.69,-99.38,1155.80,-99.36,1155.88,-99.26,1155.85,-99.05,1155.96,-99.23,1156.06,-99.28,1156.11,-99.22
EK_0078_P02_09_frame_0000036017_r.jpg,0,793.34,484.74,793.55,484.70,793.86,484.59,794.10,484.43,794.46,484.23,793.74,484.02,794.08,483.86,794.34,483.87,794.62,483.86,793.79,483.83,794.13,483.72,794.40,483.74,794.70,483.78,793.82,483.87,794.09,483.76,794.37,483.78,794.64,483.82,793.86,483.95,794.05,483.87,794.25,483.88,794.45,483.94
EK_0078_P02_09_frame_0000036133_r.jpg,0,621.73,11.14,621.59,11.14,621.54,11.20,621.51,11.18,621.61,11.20,621.56,10.58,621.46,10.41,621.49,10.37,621.52,10.41,621.73,10.42,621.70,10.14,621.79,10.10,621.87,10.16,621.95,10.44,621.94,10.16,622.05,10.08,622.12,10.10,622.12,10.51,622.22,10.34,622.31,10.31,622.35,10.32
EK_0078_P02_09_frame_0000036187_l.jpg,0,439.73,514.01,439.48,513.83,439.21,513.75,438.98,513.67,438.67,513.60,439.43,513.25,439.25,513.04,439.08,513.02,438.88,513.02,439.51,513.20,439.28,513.08,439.09,513.09,438.87,513.11,439.58,513.32,439.37,513.20,439.17,513.20,438.94,513.21,439.60,513.46,439.45,513.36,439.29,513.33,439.11,513.30
EK_0078_P02_09_frame_0000038425_l.jpg,0,502.67,-243.98,502.82,-244.41,503.00,-244.72,503.13,-244.99,503.36,-245.33,502.84,-244.70,502.81,-244.99,502.72,-245.22,502.56,-245.47,502.64,-244.58,502.46,-244.84,502.28,-245.05,502.11,-245.29,502.40,-244.39,502.25,-244.62,502.04,-244.82,501.87,-245.06,502.20,-244.27,502.04,-244.41,501.87,-244.55,501.72,-244.73
EK_0078_P02_09_frame_0000038575_l.jpg,0,541.23,375.04,541.34,374.77,541.33,374.57,541.36,374.43,541.45,374.21,541.41,374.57,541.34,374.40,541.22,374.31,541.10,374.26,541.30,374.64,541.16,374.46,541.04,374.36,540.93,374.27,541.14,374.76,541.04,374.57,540.93,374.44,540.82,374.30,541.00,374.84,540.94,374.70,540.87,374.58,540.79,374.43
EK_0078_P02_09_frame_0000039541_r.jpg,0,761.49,675.55,761.75,675.46,761.91,675.32,762.06,675.19,762.24,675.02,761.84,675.07,761.88,674.84,761.91,674.82,761.89,674.97,761.70,674.96,761.77,674.76,761.77,674.84,761.77,675.00,761.53,674.96,761.67,674.82,761.70,674.92,761.67,675.06,761.41,674.98,761.52,674.88,761.62,674.87,761.68,674.96
EK_0078_P02_09_frame_0000040080_l.jpg,0,277.16,412.11,276.90,411.95,276.76,411.80,276.66,411.65,276.58,411.55,276.85,411.42,276.87,411.14,276.86,411.01,276.84,410.93,277.05,411.33,277.05,411.07,277.02,410.99,276.96,410.97,277.25,411.40,277.22,411.16,277.18,411.05,277.12,411.00,277.40,411.47,277.36,411.32,277.32,411.23,277.26,411.16
EK_0078_P02_09_frame_0000040271_l.jpg,0,260.74,-17.03,260.50,-17.14,260.33,-17.23,260.18,-17.31,260.00,-17.33,260.40,-17.65,260.38,-17.86,260.39,-17.85,260.42,-17.75,260.57,-17.76,260.59,-17.93,260.59,-17.85,260.57,-17.70,260.78,-17.70,260.75,-17.89,260.74,-17.83,260.71,-17.68,260.93,-17.63,260.92,-17.75,260.88,-17.71,260.84,-17.62
EK_0078_P02_09_frame_0000040427_r.jpg,0,1204.00,422.28,1203.88,422.31,1203.87,422.25,1203.89,422.15,1203.98,422.07,1203.83,421.97,1203.91,421.96,1203.99,422.03,1204.03,422.13,1203.95,421.86,1204.03,421.86,1204.09,421.96,1204.13,422.07,1204.09,421.85,1204.14,421.80,1204.20,421.89,1204.23,422.01,1204.21,421.88,1204.27,421.85,1204.31,421.89,1204.32,421.95
EK_0078_P02_09_frame_0000041017_r.jpg,0,748.96,273.07,748.86,272.78,748.95,272.46,749.20,272.28,749.54,272.31,749.19,272.10,749.44,271.97,749.52,272.07,749.52,272.18,749.46,272.12,749.68,271.92,749.73,272.05,749.70,272.21,749.64,272.35,749.87,272.12,750.00,272.15,750.00,272.21,749.76,272.57,749.89,272.46,749.93,272.50,749.93,272.55
EK_0078_P02_09_frame_0000041833_l.jpg,0,509.82,596.34,509.53,596.30,509.33,596.17,509.20,596.03,508.99,595.85,509.35,595.96,509.21,595.74,509.16,595.73,509.19,595.79,509.48,595.81,509.35,595.61,509.32,595.65,509.33,595.76,509.65,595.75,509.50,595.58,509.46,595.62,509.49,595.73,509.77,595.72,509.65,595.61,509.60,595.62,509.61,595.70
EK_0078_P02_09_frame_0000042407_r.jpg,0,715.05,298.96,715.32,298.75,715.67,298.56,715.97,298.36,716.33,298.08,715.31,297.90,715.41,297.47,715.65,297.31,715.98,297.32,715.25,297.73,715.31,297.33,715.61,297.37,715.82,297.60,715.24,297.83,715.32,297.46,715.65,297.46,715.82,297.71,715.28,297.96,715.34,297.69,715.59,297.67,715.69,297.82
EK_0078_P02_09_frame_0000042884_r.jpg,0,958.96,349.89,959.02,349.77,959.13,349.62,959.23,349.49,959.35,349.29,958.84,349.39,958.86,349.18,958.98,349.08,959.14,349.03,958.80,349.30,958.85,349.09,959.00,349.09,959.15,349.17,958.83,349.32,958.80,349.14,958.95,349.09,959.09,349.15,958.88,349.34,958.93,349.23,959.05,349.21,959.12,349.27
EK_0078_P02_09_frame_0000042944_l.jpg,0,773.65,-303.65,773.37,-303.90,773.16,-304.07,772.98,-304.22,772.71,-304.37,773.49,-304.50,773.43,-304.71,773.31,-304.67,773.18,-304.56,773.70,-304.50,773.57,-304.57,773.43,-304.49,773.28,-304.38,773.85,-304.31,773.70,-304.42,773.55,-304.35,773.38,-304.26,773.92,-304.13,773.80,-304.18,773.67,-304.10,773.54,-303.98
EK_0078_P02_09_frame_0000042971_l.jpg,0,644.46,-218.73,644.19,-218.95,644.08,-219.07,643.99,-219.20,643.80,-219.26,644.31,-219.53,644.40,-219.82,644.36,-219.87,644.29,-219.79,644.52,-219.56,644.56,-219.77,644.49,-219.74,644.39,-219.66,644.69,-219.41,644.66,-219.58,644.61,-219.58,644.53,-219.56,644.78,-219.25,644.73,-219.34,644.67,-219.32,644.59,-219.28
EK_0078_P02_09_frame_0000043094_r.jpg,0,820.54,499.82,820.60,499.72,820.82,499.56,821.01,499.40,821.29,499.24,820.70,499.12,820.97,499.00,821.17,499.05,821.37,499.15,820.80,499.01,821.04,498.87,821.23,498.94,821.41,499.07,820.90,499.09,821.07,498.96,821.27,498.99,821.45,499.08,820.99,499.19,821.10,499.08,821.23,499.08,821.32,499.16
EK_0078_P02_09_frame_0000043135_r.jpg,0,1050.09,417.60,1049.97,417.56,1049.94,417.52,1050.00,417.43,1050.17,417.37,1050.04,417.17,1050.14,417.03,1050.20,417.12,1050.21,417.28,1050.19,417.10,1050.27,417.05,1050.31,417.19,1050.30,417.35,1050.34,417.16,1050.35,417.13,1050.40,417.24,1050.39,417.40,1050.45,417.24,1050.45,417.21,1050.45,417.29,1050.40,417.40
EK_0078_P02_09_frame_0000043271_l.jpg,0,536.90,513.34,536.89,513.01,536.76,512.77,536.64,512.57,536.49,512.30,536.99,512.62,536.90,512.38,536.74,512.28,536.53,512.24,536.93,512.69,536.76,512.49,536.58,512.40,536.40,512.33,536.81,512.87,536.69,512.67,536.51,512.56,536.33,512.48,536.70,513.02,536.58,512.89,536.45,512.81,536.34,512.75
EK_0078_P02_09_frame_0000043341_l.jpg,0,563.11,600.31,562.91,600.06,562.72,599.89,562.56,599.74,562.36,599.59,563.01,599.58,562.84,599.44,562.67,599.48,562.50,599.59,563.11,599.60,562.88,599.55,562.70,599.61,562.51,599.70,563.16,599.77,562.97,599.68,562.77,599.73,562.58,599.81,563.17,599.93,563.02,599.86,562.87,599.91,562.76,599.99
EK_0078_P02_09_frame_0000044279_l.jpg,0,456.03,577.38,456.08,577.09,456.05,576.84,455.95,576.65,455.79,576.41,455.83,576.69,455.61,576.53,455.47,576.43,455.30,576.31,455.65,576.75,455.46,576.59,455.32,576.47,455.16,576.33,455.53,576.93,455.41,576.74,455.27,576.60,455.14,576.44,455.46,577.08,455.37,576.94,455.30,576.82,455.20,576.68
EK_0078_P02_09_frame_0000044445_r.jpg,0,1455.06,437.09,1454.96,436.89,1454.95,436.77,1454.99,436.66,1455.06,436.63,1455.20,436.61,1455.28,436.58,1455.24,436.63,1455.12,436.72,1455.34,436.68,1455.28,436.72,1455.18,436.81,1455.05,436.87,1455.39,436.85,1455.30,436.84,1455.18,436.92,1455.07,436.96,1455.40,436.98,1455.32,436.96,1455.21,436.99,1455.11,437.04
EK_0078_P02_09_frame_0000044505_l.jpg,0,332.54,283.32,332.36,283.10,332.16,282.98,332.00,282.86,331.80,282.78,332.49,282.64,332.48,282.41,332.37,282.38,332.21,282.41,332.61,282.64,332.54,282.47,332.40,282.48,332.23,282.50,332.67,282.78,332.64,282.59,332.51,282.56,332.34,282.56,332.68,282.92,332.66,282.77,332.56,282.75,332.44,282.75
EK_0078_P02_09_frame_0000044735_l.jpg,0,600.14,683.12,600.23,682.92,600.29,682.72,600.32,682.54,600.41,682.32,600.08,682.51,599.96,682.31,599.88,682.19,599.78,682.05,599.92,682.51,599.81,682.33,599.72,682.20,599.63,682.04,599.79,682.64,599.72,682.46,599.63,682.31,599.56,682.16,599.71,682.76,599.63,682.64,599.56,682.53,599.49,682.40
EK_0078_P02_09_frame_0000045232_r.jpg,0,1033.45,493.27,1033.54,493.09,1033.60,492.99,1033.57,492.94,1033.39,492.93,1033.41,493.04,1033.32,492.95,1033.26,492.88,1033.19,492.80,1033.27,493.09,1033.21,492.96,1033.15,492.86,1033.09,492.78,1033.16,493.14,1033.15,493.01,1033.19,492.89,1033.28,492.87,1033.08,493.17,1033.07,493.07,1033.11,492.97,1033.20,492.96
EK_0078_P02_09_frame_0000045390_r.jpg,0,923.65,515.23,923.50,514.89,923.31,514.61,923.09,514.41,922.83,514.17,923.62,514.23,923.39,513.98,923.15,513.95,922.89,514.02,923.65,514.25,923.34,514.11,923.09,514.12,922.88,514.16,923.60,514.46,923.36,514.27,923.09,514.28,922.96,514.23,923.53,514.65,923.38,514.48,923.18,514.40,923.03,514.42
EK_0078_P02_09_frame_0000045587_r.jpg,0,1209.43,516.41,1209.43,516.36,1209.48,516.25,1209.50,516.13,1209.57,515.97,1209.32,515.96,1209.36,515.78,1209.47,515.72,1209.61,515.67,1209.35,515.84,1209.41,515.66,1209.55,515.63,1209.69,515.62,1209.44,515.83,1209.45,515.67,1209.55,515.60,1209.68,515.55,1209.53,515.86,1209.54,515.73,1209.61,515.66,1209.71,515.65
EK_0078_P02_09_frame_0000045920_r.jpg,0,1185.32,179.04,1185.37,179.08,1185.52,179.06,1185.65,179.03,1185.77,178.88,1185.02,178.95,1184.90,178.86,1184.98,178.76,1185.11,178.67,1184.92,178.80,1184.80,178.67,1184.90,178.56,1185.02,178.46,1184.94,178.67,1184.85,178.56,1184.93,178.44,1185.03,178.34,1184.99,178.58,1185.00,178.46,1185.07,178.37,1185.17,178.30
EK_0078_P02_09_frame_0000046110_l.jpg,0,608.79,481.15,608.52,481.07,608.34,480.99,608.19,480.91,608.04,480.84,608.40,480.62,608.35,480.39,608.29,480.27,608.22,480.20,608.54,480.51,608.49,480.30,608.42,480.28,608.34,480.33,608.71,480.53,608.61,480.37,608.54,480.39,608.49,480.47,608.83,480.57,608.76,480.45,608.71,480.46,608.65,480.53
EK_0078_P02_09_frame_0000046190_l.jpg,0,541.03,488.96,540.76,488.84,540.60,488.71,540.47,488.55,540.37,488.41,540.69,488.35,540.68,488.09,540.65,487.96,540.60,487.88,540.85,488.24,540.84,488.01,540.79,487.93,540.72,487.92,541.03,488.29,540.98,488.08,540.91,488.04,540.83,488.10,541.15,488.36,541.07,488.24,541.01,488.21,540.96,488.23
EK_0078_P02_09_frame_0000046313_l.jpg,0,614.52,476.48,614.27,476.36,614.13,476.25,614.01,476.14,613.88,476.08,614.23,475.87,614.27,475.63,614.25,475.57,614.21,475.60,614.40,475.79,614.42,475.59,614.37,475.61,614.30,475.69,614.57,475.86,614.53,475.68,614.47,475.69,614.41,475.76,614.69,475.95,614.63,475.84,614.58,475.83,614.53,475.87
EK_0078_P02_09_frame_0000048139_l.jpg,0,500.50,443.21,500.26,443.08,500.07,442.99,499.89,442.90,499.68,442.87,500.24,442.60,500.22,442.36,500.13,442.23,500.01,442.14,500.37,442.53,500.25,442.37,500.11,442.34,499.96,442.36,500.48,442.61,500.42,442.42,500.30,442.41,500.16,442.49,500.54,442.70,500.48,442.57,500.38,442.54,500.27,442.57
EK_0078_P02_09_frame_0000048199_r.jpg,0,1118.35,732.59,1118.58,732.64,1118.76,732.56,1118.90,732.46,1119.06,732.31,1118.82,732.54,1118.94,732.38,1118.92,732.38,1118.86,732.47,1118.77,732.42,1118.89,732.32,1118.81,732.36,1118.70,732.46,1118.64,732.32,1118.78,732.28,1118.71,732.31,1118.61,732.40,1118.55,732.24,1118.68,732.22,1118.68,732.24,1118.59,732.29
EK_0078_P02_09_frame_0000048239_l.jpg,0,540.92,825.36,540.88,825.13,540.80,824.96,540.73,824.84,540.66,824.69,541.08,824.90,541.10,824.77,541.02,824.71,540.91,824.66,541.13,824.99,541.09,824.88,540.99,824.82,540.88,824.76,541.10,825.14,541.06,825.02,540.96,824.96,540.85,824.89,541.04,825.25,541.00,825.17,540.92,825.11,540.81,825.05
EK_0078_P02_09_frame_0000053502_r.jpg,0,909.04,436.10,908.89,435.81,908.94,435.57,909.09,435.40,909.29,435.26,909.11,435.34,909.18,435.08,909.18,435.06,909.15,435.19,909.32,435.36,909.43,435.13,909.49,435.00,909.55,434.86,909.48,435.52,909.49,435.31,909.46,435.21,909.44,435.15,909.58,435.66,909.54,435.52,909.48,435.46,909.43,435.39
EK_0078_P02_09_frame_0000056578_l.jpg,0,603.02,388.66,602.71,388.56,602.51,388.44,602.34,388.32,602.19,388.26,602.58,388.03,602.47,387.79,602.38,387.70,602.30,387.68,602.74,387.91,602.64,387.67,602.54,387.67,602.45,387.76,602.93,387.95,602.84,387.72,602.73,387.71,602.64,387.81,603.05,388.01,602.92,387.92,602.84,387.94,602.78,388.00
EK_0078_P02_09_frame_0000058319_l.jpg,0,697.11,388.25,696.84,388.11,696.71,387.93,696.60,387.77,696.42,387.66,696.82,387.60,696.74,387.35,696.67,387.20,696.59,387.04,696.99,387.51,696.94,387.26,696.85,387.15,696.73,387.08,697.15,387.57,697.06,387.36,696.96,387.28,696.86,387.27,697.25,387.64,697.14,387.56,697.06,387.55,696.98,387.58
EK_0078_P02_09_frame_0000059575_r.jpg,0,962.56,575.59,962.49,575.46,962.55,575.31,962.68,575.15,962.90,574.98,962.53,574.94,962.56,574.68,962.63,574.55,962.75,574.48,962.67,574.86,962.79,574.69,962.90,574.76,962.96,574.91,962.82,574.95,962.90,574.84,962.99,574.93,963.09,575.07,962.95,575.05,962.98,574.92,963.04,574.93,963.05,575.03
EK_0078_P02_09_frame_0000061314_r.jpg,0,766.26,621.05,766.31,620.78,766.47,620.62,766.65,620.56,766.90,620.58,766.62,620.65,766.83,620.58,766.93,620.56,767.00,620.54,766.75,620.78,766.94,620.70,767.04,620.64,767.13,620.57,766.79,620.94,766.98,620.84,767.10,620.76,767.18,620.66,766.82,621.05,766.93,620.95,767.03,620.86,767.12,620.77
EK_0078_P02_09_frame_0000061535_l.jpg,0,703.29,539.92,703.29,539.69,703.28,539.52,703.25,539.39,703.23,539.28,703.34,539.54,703.28,539.41,703.21,539.33,703.14,539.24,703.29,539.64,703.23,539.51,703.17,539.42,703.12,539.32,703.21,539.77,703.18,539.67,703.12,539.59,703.07,539.50,703.13,539.87,703.08,539.82,703.03,539.78,702.99,539.70
EK_0078_P02_09_frame_0000062395_l.jpg,0,741.88,523.88,741.70,523.80,741.60,523.62,741.59,523.43,741.68,523.22,741.44,523.40,741.48,523.18,741.60,523.20,741.71,523.24,741.52,523.28,741.67,523.20,741.79,523.21,741.92,523.18,741.70,523.27,741.79,523.22,741.90,523.26,741.99,523.29,741.85,523.28,741.91,523.28,741.96,523.38,741.99,523.50
EK_0078_P02_09_frame_0000063003_r.jpg,0,986.79,140.48,986.62,140.23,986.69,139.94,986.92,139.75,987.14,139.70,986.93,139.52,987.05,139.54,987.04,139.71,986.98,139.86,987.23,139.50,987.28,139.59,987.22,139.79,987.12,139.98,987.45,139.72,987.59,139.48,987.57,139.58,987.46,139.71,987.59,139.94,987.76,139.81,987.70,139.91,987.56,140.03
EK_0078_P02_09_frame_0000063383_l.jpg,0,382.77,313.09,382.44,312.99,382.17,312.92,381.93,312.85,381.63,312.84,382.27,312.40,382.24,312.10,382.20,311.93,382.17,311.75,382.46,312.26,382.42,311.99,382.37,311.85,382.31,311.67,382.70,312.30,382.61,312.06,382.56,311.88,382.49,311.70,382.88,312.38,382.85,312.20,382.86,312.05,382.84,311.87
EK_0078_P02_09_frame_0000065459_r.jpg,0,977.15,561.48,977.00,561.47,976.91,561.27,977.01,561.05,977.23,560.91,976.99,560.85,977.19,560.82,977.34,560.87,977.40,560.92,977.19,560.69,977.38,560.64,977.50,560.77,977.56,560.92,977.41,560.72,977.49,560.46,977.62,560.53,977.66,560.68,977.60,560.80,977.68,560.58,977.75,560.43,977.82,560.30
EK_0078_P02_09_frame_0000066800_r.jpg,0,1062.94,622.22,1062.88,622.22,1062.95,622.16,1063.03,622.04,1063.12,621.91,1062.69,621.84,1062.61,621.65,1062.63,621.55,1062.70,621.49,1062.75,621.70,1062.72,621.51,1062.78,621.43,1062.89,621.40,1062.89,621.67,1062.84,621.51,1062.86,621.42,1062.94,621.36,1063.02,621.67,1062.99,621.55,1062.98,621.45,1062.97,621.37
EK_0078_P02_09_frame_0000067930_r.jpg,0,1071.62,571.06,1071.50,570.90,1071.47,570.77,1071.54,570.68,1071.67,570.65,1071.68,570.58,1071.73,570.54,1071.73,570.57,1071.72,570.60,1071.83,570.60,1071.91,570.45,1071.93,570.40,1071.92,570.37,1071.92,570.73,1071.99,570.58,1072.03,570.49,1072.02,570.45,1071.97,570.86,1071.96,570.83,1071.93,570.85,1071.89,570.86
EK_0078_P02_09_frame_0000067952_l.jpg,0,738.03,520.56,737.77,520.50,737.57,520.51,737.40,520.52,737.18,520.54,737.67,520.12,737.67,519.93,737.66,519.81,737.67,519.68,737.80,520.08,737.75,519.96,737.71,519.88,737.68,519.79,737.95,520.17,737.87,520.05,737.82,519.95,737.78,519.84,738.06,520.27,738.00,520.19,737.96,520.16,737.92,520.11
EK_0078_P02_09_frame_0000067973_r.jpg,0,1143.31,703.79,1143.42,703.61,1143.51,703.47,1143.53,703.32,1143.55,703.16,1143.27,703.29,1143.25,703.11,1143.24,702.99,1143.25,702.87,1143.13,703.30,1143.07,703.13,1143.04,703.01,1143.03,702.87,1143.03,703.40,1142.98,703.25,1142.94,703.11,1142.92,702.97,1142.98,703.48,1142.88,703.42,1142.80,703.35,1142.75,703.26
EK_0078_P02_09_frame_0000068185_l.jpg,0,636.88,625.56,636.71,625.55,636.60,625.55,636.56,625.51,636.53,625.50,636.70,625.28,636.68,625.12,636.67,625.05,636.66,625.00,636.84,625.23,636.83,625.27,636.83,625.36,636.80,625.46,636.98,625.29,636.97,625.32,636.96,625.42,636.93,625.52,637.08,625.36,637.09,625.39,637.08,625.47,637.03,625.56
EK_0078_P02_09_frame_0000069355_l.jpg,0,484.95,735.69,484.94,735.48,484.91,735.31,484.87,735.16,484.85,734.97,484.98,735.30,484.90,735.20,484.78,735.15,484.67,735.13,484.93,735.38,484.77,735.31,484.65,735.29,484.52,735.26,484.86,735.51,484.73,735.42,484.61,735.37,484.49,735.32,484.78,735.61,484.69,735.53,484.61,735.48,484.54,735.42
EK_0078_P02_09_frame_0000070032_l.jpg,0,276.67,659.94,276.61,659.56,276.53,659.27,276.47,658.98,276.37,658.63,276.99,659.04,276.85,658.75,276.62,658.72,276.37,658.79,277.07,659.08,276.78,658.92,276.54,658.97,276.35,659.10,277.00,659.27,276.79,659.06,276.53,659.10,276.36,659.21,276.90,659.42,276.78,659.23,276.59,659.23,276.47,659.31
EK_0078_P02_09_frame_0000070564_r.jpg,0,918.02,596.70,918.15,596.67,918.38,596.58,918.58,596.48,918.75,596.23,917.85,596.43,917.76,596.22,917.87,596.08,918.06,595.98,917.72,596.29,917.72,596.07,917.86,595.95,918.06,595.89,917.69,596.19,917.67,596.03,917.82,595.90,918.01,595.85,917.71,596.11,917.68,596.01,917.84,595.98,917.95,596.09
EK_0078_P02_09_frame_0000070723_r.jpg,0,1176.53,602.62,1176.79,602.64,1176.96,602.51,1177.07,602.35,1177.01,602.15,1177.00,602.30,1177.20,602.22,1177.28,602.23,1177.45,602.20,1176.94,602.14,1177.13,602.13,1177.25,602.12,1177.42,602.06,1176.82,602.09,1177.02,602.09,1177.17,602.09,1177.34,602.04,1176.74,602.07,1176.88,602.08,1177.02,602.07,1177.20,602.02
EK_0078_P02_09_frame_0000072074_r.jpg,0,902.05,547.45,902.16,547.20,902.39,546.99,902.50,546.74,902.79,546.54,902.27,546.59,902.53,546.38,902.72,546.50,902.92,546.64,902.34,546.56,902.64,546.46,902.80,546.60,902.88,546.79,902.42,546.74,902.66,546.62,902.76,546.79,902.72,546.97,902.49,546.90,902.65,546.83,902.71,546.91,902.66,547.02
EK_0078_P02_09_frame_0000074047_r.jpg,0,718.22,-231.77,718.33,-231.88,718.55,-232.00,718.74,-232.10,719.04,-232.14,718.46,-232.58,718.65,-232.85,718.88,-232.80,719.09,-232.62,718.56,-232.72,718.80,-232.97,719.00,-232.81,719.12,-232.57,718.66,-232.63,718.84,-232.84,719.07,-232.74,719.21,-232.53,718.75,-232.51,718.89,-232.68,719.07,-232.63,719.14,-232.49
EK_0078_P02_09_frame_0000075227_l.jpg,0,-141.16,492.58,-141.35,492.28,-141.41,492.01,-141.41,491.76,-141.42,491.55,-141.06,491.76,-140.99,491.48,-141.07,491.41,-141.18,491.39,-140.88,491.76,-140.78,491.51,-140.90,491.52,-141.05,491.55,-140.79,491.93,-140.74,491.68,-140.85,491.67,-140.97,491.72,-140.77,492.07,-140.72,491.89,-140.77,491.84,-140.89,491.84
EK_0078_P02_09_frame_0000075454_l.jpg,0,66.22,251.44,65.65,251.44,65.22,251.30,64.92,251.04,64.79,250.59,65.05,250.94,64.66,250.63,64.65,250.54,64.82,250.62,65.23,250.64,64.89,250.31,64.81,250.21,64.85,250.27,65.60,250.47,65.23,250.22,65.09,250.11,65.11,250.16,65.88,250.35,65.64,250.13,65.57,250.14,65.60,250.31
EK_0078_P02_09_frame_0000077020_r.jpg,0,1224.19,550.09,1224.30,549.83,1224.46,549.56,1224.55,549.29,1224.70,549.00,1224.09,549.24,1224.23,548.94,1224.45,549.01,1224.68,549.15,1224.06,549.16,1224.38,549.05,1224.60,549.14,1224.87,549.23,1224.11,549.27,1224.40,549.19,1224.66,549.24,1224.92,549.32,1224.18,549.38,1224.38,549.31,1224.56,549.35,1224.79,549.41
EK_0078_P02_09_frame_0000077870_r.jpg,0,1277.77,732.54,1277.89,732.40,1278.00,732.20,1278.06,732.00,1278.18,731.77,1277.81,731.89,1277.92,731.67,1278.09,731.66,1278.24,731.78,1277.79,731.79,1278.01,731.67,1278.16,731.78,1278.22,731.98,1277.81,731.85,1277.97,731.73,1278.14,731.83,1278.18,732.02,1277.86,731.91,1277.93,731.80,1278.07,731.82,1278.13,731.94
EK_0078_P02_09_frame_0000077960_r.jpg,0,1260.06,814.16,1260.02,813.94,1260.11,813.78,1260.23,813.66,1260.43,813.57,1260.17,813.60,1260.34,813.49,1260.41,813.53,1260.46,813.58,1260.30,813.63,1260.41,813.48,1260.43,813.55,1260.38,813.64,1260.40,813.77,1260.44,813.61,1260.47,813.62,1260.44,813.65,1260.47,813.88,1260.48,813.76,1260.47,813.72,1260.44,813.71
EK_0078_P02_09_frame_0000080573_l.jpg,0,-91.54,588.59,-91.59,588.33,-91.55,588.07,-91.42,587.85,-91.33,587.55,-91.12,587.96,-90.96,587.68,-91.06,587.52,-91.26,587.45,-90.95,587.94,-90.83,587.66,-91.01,587.56,-91.25,587.57,-90.95,588.01,-90.88,587.74,-91.09,587.63,-91.32,587.67,-91.00,588.05,-91.00,587.85,-91.16,587.77,-91.32,587.81
EK_0078_P02_09_frame_0000083606_l.jpg,0,323.65,219.54,323.24,219.45,322.93,219.32,322.69,219.14,322.44,219.04,322.94,218.75,322.69,218.48,322.49,218.54,322.34,218.71,323.06,218.62,322.76,218.55,322.57,218.68,322.37,218.86,323.25,218.72,322.94,218.65,322.75,218.80,322.58,219.01,323.37,218.86,323.16,218.75,322.98,218.84,322.85,219.00
EK_0078_P02_09_frame_0000084897_r.jpg,0,638.89,76.62,639.08,76.53,639.41,76.41,639.67,76.22,640.01,76.07,639.30,75.81,639.57,75.52,639.83,75.54,640.10,75.66,639.37,75.65,639.65,75.39,639.92,75.47,640.16,75.64,639.42,75.73,639.62,75.48,639.92,75.49,640.17,75.60,639.47,75.84,639.62,75.66,639.83,75.63,639.98,75.70
EK_0078_P02_09_frame_0000085678_r.jpg,0,869.15,475.23,869.21,475.07,869.40,474.99,869.59,474.87,869.89,474.81,869.32,474.49,869.49,474.26,869.68,474.31,869.79,474.50,869.42,474.43,869.52,474.16,869.70,474.24,869.75,474.43,869.51,474.54,869.62,474.31,869.82,474.33,869.90,474.44,869.60,474.67,869.72,474.53,869.86,474.51,869.93,474.56
EK_0078_P02_09_frame_0000085726_l.jpg,0,655.94,583.81,655.70,583.71,655.55,583.58,655.42,583.43,655.29,583.38,655.51,583.27,655.48,583.04,655.49,582.91,655.50,582.78,655.64,583.15,655.62,582.94,655.62,582.82,655.61,582.71,655.84,583.16,655.78,582.98,655.75,582.86,655.72,582.76,656.00,583.19,655.97,583.08,655.95,583.03,655.91,582.99
EK_0078_P02_09_frame_0000086135_l.jpg,0,-7.52,465.12,-7.84,465.00,-8.03,464.84,-8.21,464.68,-8.47,464.62,-7.95,464.41,-8.07,464.21,-8.13,464.21,-8.16,464.23,-7.76,464.29,-7.85,464.12,-7.92,464.17,-8.00,464.26,-7.53,464.36,-7.63,464.19,-7.70,464.21,-7.77,464.30,-7.36,464.45,-7.40,464.32,-7.46,464.31,-7.54,464.36
EK_0078_P02_09_frame_0000086158_l.jpg,0,42.80,454.04,42.46,453.93,42.26,453.75,42.08,453.56,41.84,453.43,42.33,453.32,42.18,453.09,42.18,453.17,42.24,453.34,42.53,453.18,42.42,453.12,42.42,453.30,42.42,453.52,42.77,453.24,42.66,453.22,42.65,453.40,42.65,453.62,42.95,453.32,42.88,453.31,42.85,453.45,42.82,453.63
EK_0078_P02_09_frame_0000087990_l.jpg,0,148.55,494.93,148.23,494.78,148.01,494.61,147.83,494.43,147.57,494.25,148.14,494.19,148.03,493.98,148.02,494.08,148.07,494.27,148.34,494.07,148.26,494.04,148.24,494.20,148.22,494.42,148.57,494.14,148.46,494.11,148.43,494.27,148.39,494.48,148.74,494.22,148.66,494.21,148.63,494.36,148.59,494.53
EK_0078_P02_09_frame_0000088921_l.jpg,0,188.34,448.55,188.01,448.41,187.79,448.22,187.62,448.01,187.35,447.80,187.89,447.77,187.81,447.52,187.82,447.62,187.86,447.83,188.11,447.64,188.06,447.65,188.06,447.85,188.03,448.10,188.36,447.71,188.27,447.75,188.26,447.96,188.24,448.20,188.55,447.81,188.49,447.84,188.45,448.00,188.40,448.19
EK_0078_P02_09_frame_0000089431_r.jpg,0,948.79,410.03,948.96,410.05,949.21,409.96,949.39,409.78,949.66,409.55,949.14,409.52,949.38,409.41,949.59,409.43,949.84,409.46,949.19,409.34,949.48,409.33,949.69,409.41,949.90,409.56,949.21,409.33,949.42,409.28,949.66,409.34,949.83,409.50,949.26,409.37,949.36,409.25,949.53,409.26,949.62,409.37
EK_0078_P02_09_frame_0000090190_r.jpg,0,849.08,132.18,849.03,132.05,849.15,131.82,849.33,131.59,849.49,131.37,849.45,131.40,849.74,131.46,849.81,131.71,849.82,131.97,849.73,131.35,849.88,131.62,849.87,131.90,849.77,132.19,849.90,131.53,850.04,131.72,849.96,132.01,849.79,132.27,850.02,131.73,850.20,131.58,850.36,131.55,850.51,131.55
EK_0078_P02_09_frame_0000092254_r.jpg,0,1099.69,414.67,1099.56,414.58,1099.57,414.34,1099.75,414.15,1100.07,414.06,1099.62,413.88,1099.84,413.84,1099.99,414.00,1100.05,414.19,1099.84,413.74,1100.06,413.72,1100.14,413.96,1100.13,414.24,1100.07,413.82,1100.19,413.56,1100.34,413.71,1100.36,413.94,1100.25,413.94,1100.38,413.73,1100.51,413.56,1100.65,413.36
EK_0078_P02_09_frame_0000093045_r.jpg,0,854.35,426.74,854.22,426.70,854.22,426.46,854.42,426.24,854.66,426.09,854.39,426.00,854.62,425.96,854.76,426.12,854.81,426.35,854.65,425.86,854.91,425.87,854.99,426.11,854.99,426.40,854.89,425.95,855.10,425.97,855.16,426.26,855.12,426.55,855.07,426.09,855.22,425.87,855.37,425.76,855.53,425.67
EK_0078_P02_09_frame_0000093097_r.jpg,0,910.73,402.73,910.54,402.63,910.48,402.39,910.59,402.09,910.77,401.88,910.54,401.74,910.74,401.60,910.94,401.67,911.13,401.76,910.80,401.54,911.01,401.32,911.17,401.53,911.28,401.80,911.10,401.62,911.19,401.26,911.38,401.37,911.48,401.59,911.35,401.75,911.51,401.49,911.68,401.36,911.84,401.23
EK_0078_P02_09_frame_0000093387_l.jpg,0,-68.97,417.20,-69.36,417.17,-69.60,417.03,-69.82,416.86,-70.06,416.71,-69.68,416.54,-69.87,416.29,-69.88,416.31,-69.82,416.41,-69.50,416.34,-69.55,416.30,-69.49,416.50,-69.42,416.76,-69.21,416.33,-69.30,416.36,-69.24,416.56,-69.19,416.81,-68.98,416.38,-69.04,416.41,-69.02,416.58,-68.99,416.78
EK_0078_P02_09_frame_0000094176_l.jpg,0,271.65,537.85,271.36,537.63,271.20,537.40,271.06,537.18,270.87,536.97,271.36,537.00,271.28,536.70,271.25,536.71,271.26,536.84,271.60,536.91,271.55,536.75,271.51,536.90,271.46,537.13,271.83,537.02,271.72,536.94,271.68,537.13,271.62,537.37,272.00,537.13,271.92,537.10,271.86,537.25,271.79,537.43
EK_0078_P02_09_frame_0000095422_r.jpg,0,929.43,522.31,929.52,522.46,929.76,522.28,929.93,522.15,930.29,522.04,929.32,522.08,929.45,521.91,929.70,521.90,929.96,521.89,929.31,521.80,929.51,521.69,929.76,521.68,930.01,521.71,929.39,521.63,929.50,521.53,929.75,521.52,929.99,521.55,929.50,521.53,929.55,521.39,929.71,521.34,929.88,521.36
EK_0078_P02_09_frame_0000095858_l.jpg,0,253.84,684.52,253.57,684.40,253.40,684.26,253.25,684.11,253.05,683.96,253.55,683.90,253.45,683.72,253.39,683.78,253.35,683.93,253.72,683.84,253.64,683.81,253.57,683.94,253.51,684.13,253.90,683.95,253.78,683.92,253.70,684.06,253.63,684.25,254.02,684.06,253.93,684.03,253.84,684.12,253.76,684.25
EK_0078_P02_09_frame_0000096278_r.jpg,0,880.51,606.24,880.39,605.82,880.52,605.51,880.69,605.24,880.89,604.99,880.78,605.22,881.00,604.98,880.93,605.11,880.81,605.29,881.07,605.30,881.32,605.06,881.35,605.03,881.33,604.98,881.24,605.55,881.33,605.28,881.22,605.35,881.04,605.42,881.35,605.75,881.39,605.52,881.35,605.44,881.24,605.42
EK_0078_P02_09_frame_0000096443_l.jpg,0,114.28,579.23,113.97,579.08,113.77,578.90,113.61,578.72,113.38,578.54,113.94,578.48,113.80,578.27,113.74,578.33,113.74,578.49,114.14,578.39,114.02,578.34,113.97,578.50,113.93,578.71,114.35,578.48,114.19,578.45,114.13,578.62,114.09,578.83,114.50,578.59,114.39,578.57,114.32,578.70,114.27,578.86
EK_0078_P02_09_frame_0000096686_r.jpg,0,1220.79,328.17,1221.13,328.00,1221.38,327.81,1221.56,327.59,1221.69,327.26,1221.09,327.34,1221.22,327.02,1221.41,326.99,1221.48,327.16,1220.91,327.18,1221.17,326.98,1221.32,327.10,1221.34,327.37,1220.77,327.22,1221.04,327.05,1221.25,327.11,1221.33,327.36,1220.70,327.28,1220.84,327.12,1221.02,327.14,1221.10,327.31
EK_0078_P02_09_frame_0000096996_r.jpg,0,1026.47,552.46,1026.39,552.38,1026.43,552.28,1026.54,552.20,1026.69,552.12,1026.54,552.02,1026.65,551.96,1026.72,551.96,1026.78,551.95,1026.69,552.00,1026.77,551.86,1026.84,551.82,1026.90,551.78,1026.80,552.10,1026.86,551.95,1026.93,551.87,1026.98,551.83,1026.87,552.20,1026.91,552.16,1026.92,552.16,1026.91,552.17
EK_0078_P02_09_frame_0000097189_r.jpg,0,848.85,724.08,849.02,723.96,849.15,723.77,849.24,723.58,849.36,723.36,848.94,723.47,848.96,723.21,849.12,723.16,849.25,723.29,848.87,723.35,849.06,723.18,849.22,723.25,849.30,723.43,848.85,723.38,848.99,723.21,849.18,723.27,849.23,723.46,848.87,723.43,848.96,723.31,849.10,723.32,849.15,723.43
EK_0078_P02_09_frame_0000097322_l.jpg,0,489.76,-159.89,489.34,-159.85,489.04,-159.72,488.77,-159.61,488.48,-159.41,488.92,-160.34,488.66,-160.41,488.55,-160.26,488.46,-160.06,489.06,-160.46,488.83,-160.36,488.74,-160.18,488.60,-159.99,489.31,-160.40,489.06,-160.36,488.97,-160.17,488.85,-159.95,489.51,-160.30,489.32,-160.29,489.24,-160.13,489.16,-159.94
EK_0078_P02_09_frame_0000097442_l.jpg,0,113.59,-241.57,113.15,-241.87,112.76,-242.05,112.40,-242.20,111.91,-242.29,113.01,-242.81,112.63,-243.08,112.34,-242.99,112.07,-242.76,113.13,-242.88,112.69,-242.87,112.39,-242.74,112.05,-242.56,113.26,-242.64,112.83,-242.66,112.51,-242.49,112.19,-242.31,113.31,-242.40,112.99,-242.44,112.74,-242.32,112.47,-242.16
EK_0078_P02_09_frame_0000098350_r.jpg,0,903.24,386.90,903.34,386.78,903.54,386.63,903.72,386.51,903.98,386.41,903.17,386.31,903.08,386.06,903.10,385.89,903.18,385.71,903.12,386.19,903.01,385.96,903.11,385.80,903.26,385.67,903.15,386.21,903.10,385.99,903.17,385.80,903.26,385.65,903.21,386.24,903.23,386.08,903.29,385.93,903.34,385.79
EK_0078_P02_09_frame_0000099203_l.jpg,0,-7.05,-283.96,-7.58,-284.19,-7.91,-284.53,-8.06,-284.90,-8.29,-285.41,-7.46,-284.89,-7.51,-285.40,-7.70,-285.70,-7.92,-285.86,-7.09,-285.11,-7.13,-285.64,-7.36,-285.93,-7.66,-286.06,-6.78,-285.16,-6.86,-285.62,-7.11,-285.94,-7.41,-286.07,-6.60,-285.20,-6.65,-285.52,-6.84,-285.78,-7.10,-285.87
EK_0078_P02_09_frame_0000099271_l.jpg,0,390.59,-145.37,390.32,-145.56,390.13,-145.68,390.04,-145.82,389.98,-145.91,390.33,-146.07,390.22,-146.30,390.08,-146.21,389.99,-146.02,390.47,-146.08,390.30,-146.15,390.16,-146.02,390.04,-145.85,390.59,-145.92,390.53,-146.10,390.37,-146.06,390.20,-145.93,390.65,-145.77,390.68,-145.89,390.67,-145.97,390.63,-146.05
EK_0078_P02_09_frame_0000099444_l.jpg,0,576.58,643.96,576.40,643.88,576.29,643.83,576.24,643.74,576.24,643.68,576.38,643.53,576.39,643.36,576.40,643.32,576.41,643.33,576.50,643.47,576.52,643.33,576.51,643.34,576.49,643.39,576.64,643.53,576.62,643.50,576.61,643.58,576.58,643.66,576.73,643.60,576.72,643.62,576.71,643.69,576.69,643.78
EK_0078_P02_09_frame_0000099498_l.jpg,0,576.84,793.77,576.63,793.74,576.52,793.67,576.42,793.59,576.31,793.53,576.53,793.38,576.41,793.28,576.38,793.32,576.37,793.40,576.65,793.29,576.55,793.21,576.54,793.30,576.52,793.43,576.81,793.33,576.75,793.25,576.72,793.33,576.68,793.45,576.94,793.38,576.94,793.33,576.91,793.37,576.86,793.45
EK_0078_P02_09_frame_0000100757_r.jpg,0,1005.20,522.60,1005.11,522.22,1005.25,521.94,1005.45,521.79,1005.78,521.65,1005.24,521.75,1005.49,521.52,1005.64,521.53,1005.70,521.63,1005.45,521.82,1005.66,521.58,1005.81,521.59,1005.86,521.70,1005.64,522.03,1005.80,521.78,1005.98,521.68,1006.05,521.68,1005.78,522.18,1005.85,521.98,1005.91,521.88,1005.92,521.87
EK_0078_P02_09_frame_0000100918_l.jpg,0,260.99,-142.25,260.71,-142.48,260.36,-142.61,260.01,-142.71,259.52,-142.85,260.48,-143.38,260.09,-143.64,259.78,-143.56,259.52,-143.31,260.44,-143.49,259.99,-143.50,259.69,-143.37,259.47,-143.15,260.43,-143.30,260.04,-143.39,259.72,-143.25,259.57,-143.07,260.39,-143.10,260.12,-143.22,259.89,-143.13,259.79,-143.00
EK_0078_P02_09_frame_0000101203_r.jpg,0,383.12,-667.43,383.72,-667.59,384.39,-667.75,384.97,-667.97,385.73,-668.17,384.65,-668.75,385.41,-668.67,385.57,-668.19,385.41,-667.64,384.75,-668.88,385.40,-668.55,385.45,-668.02,385.22,-667.53,384.62,-668.60,385.24,-668.51,385.43,-667.99,385.30,-667.51,384.52,-668.26,384.97,-668.40,385.21,-668.08,385.10,-667.79
EK_0078_P02_09_frame_0000101519_l.jpg,0,620.71,406.29,620.39,406.31,620.13,406.34,619.90,406.37,619.69,406.35,620.12,405.89,619.88,405.74,619.73,405.69,619.59,405.67,620.21,405.70,620.00,405.57,619.89,405.61,619.79,405.71,620.37,405.64,620.16,405.52,620.01,405.53,619.89,405.60,620.49,405.62,620.40,405.47,620.27,405.44,620.16,405.49
EK_0078_P02_09_frame_0000101704_l.jpg,0,631.02,460.87,630.71,460.87,630.45,460.88,630.22,460.88,630.02,460.86,630.47,460.42,630.24,460.26,630.10,460.20,629.96,460.17,630.57,460.25,630.37,460.10,630.24,460.11,630.11,460.18,630.73,460.21,630.53,460.07,630.38,460.06,630.25,460.12,630.84,460.21,630.75,460.05,630.64,460.03,630.53,460.09
EK_0078_P02_09_frame_0000102812_r.jpg,0,870.55,272.36,870.46,272.22,870.50,271.96,870.59,271.69,870.75,271.44,870.63,271.53,870.85,271.31,870.95,271.45,870.96,271.65,870.85,271.43,871.08,271.35,871.14,271.56,871.10,271.80,871.06,271.55,871.22,271.39,871.28,271.59,871.22,271.84,871.21,271.70,871.33,271.52,871.38,271.64,871.32,271.81
EK_0078_P02_09_frame_0000102975_r.jpg,0,834.21,260.55,834.11,260.47,834.19,260.31,834.33,260.11,834.63,259.94,834.19,259.82,834.34,259.57,834.46,259.66,834.51,259.81,834.40,259.68,834.55,259.49,834.63,259.69,834.63,259.93,834.60,259.76,834.70,259.54,834.80,259.72,834.80,259.95,834.76,259.87,834.90,259.70,834.97,259.80,834.93,259.96
EK_0078_P02_09_frame_0000103015_r.jpg,0,753.47,217.41,753.37,217.26,753.41,217.03,753.54,216.78,753.80,216.57,753.50,216.57,753.64,216.30,753.77,216.40,753.81,216.59,753.72,216.46,753.89,216.23,753.99,216.41,753.97,216.66,753.92,216.58,754.06,216.31,754.18,216.45,754.14,216.69,754.08,216.73,754.21,216.54,754.32,216.58,754.29,216.73
EK_0078_P02_09_frame_0000103270_l.jpg,0,112.41,186.85,112.16,186.55,112.04,186.27,111.99,185.96,111.91,185.52,112.30,185.76,112.25,185.35,111.99,185.30,111.75,185.49,112.40,185.68,112.14,185.42,111.88,185.56,111.83,185.83,112.42,185.84,112.20,185.57,111.93,185.73,111.91,185.98,112.38,186.00,112.25,185.78,112.05,185.90,112.04,186.07
EK_0078_P02_09_frame_0000103753_r.jpg,0,1189.80,724.63,1189.88,724.44,1190.01,724.22,1190.08,723.98,1190.21,723.68,1189.67,723.88,1189.77,723.61,1189.97,723.56,1190.16,723.68,1189.63,723.78,1189.88,723.61,1190.09,723.66,1190.19,723.86,1189.69,723.83,1189.86,723.66,1190.08,723.73,1190.12,723.92,1189.78,723.90,1189.86,723.75,1190.02,723.79,1190.04,723.93
EK_0078_P02_09_frame_0000103846_r.jpg,0,849.45,386.47,849.33,386.34,849.31,386.15,849.40,385.97,849.55,385.83,849.50,385.88,849.61,385.92,849.62,386.06,849.58,386.17,849.70,385.85,849.76,385.92,849.75,386.07,849.72,386.22,849.85,385.97,849.94,385.83,849.94,385.95,849.88,386.09,849.95,386.11,850.02,385.99,850.01,386.04,849.94,386.13
EK_0078_P02_09_frame_0000103876_r.jpg,0,866.89,400.91,866.76,400.78,866.73,400.59,866.79,400.39,866.94,400.22,866.90,400.29,867.05,400.32,867.08,400.46,867.07,400.58,867.09,400.25,867.19,400.30,867.21,400.46,867.18,400.62,867.26,400.36,867.34,400.23,867.36,400.36,867.31,400.51,867.37,400.48,867.44,400.36,867.45,400.39,867.42,400.45
EK_0078_P02_09_frame_0000104063_r.jpg,0,944.06,435.62,943.97,435.49,944.04,435.27,944.07,435.06,944.23,434.84,943.76,435.00,943.90,434.80,944.02,434.70,944.11,434.55,943.83,434.89,943.95,434.70,944.05,434.59,944.14,434.43,943.99,434.92,944.01,434.73,944.09,434.59,944.15,434.45,944.14,434.97,944.10,434.83,944.12,434.70,944.13,434.54
EK_0078_P02_09_frame_0000104284_l.jpg,0,-304.57,162.58,-304.98,162.28,-305.32,162.07,-305.62,161.82,-306.05,161.52,-304.81,161.28,-304.97,160.78,-305.27,160.83,-305.46,161.13,-304.60,161.10,-304.83,160.67,-305.12,160.82,-305.31,161.17,-304.47,161.21,-304.71,160.81,-305.02,160.93,-305.20,161.27,-304.45,161.34,-304.59,161.04,-304.85,161.10,-304.98,161.33
EK_0078_P02_09_frame_0000104657_l.jpg,0,471.95,466.30,471.97,466.06,471.91,465.89,471.85,465.76,471.80,465.64,472.16,465.93,472.12,465.82,471.99,465.78,471.84,465.74,472.15,466.03,472.05,465.93,471.92,465.88,471.78,465.81,472.07,466.17,472.00,466.06,471.86,466.00,471.73,465.93,471.98,466.27,471.91,466.18,471.81,466.13,471.72,466.07
EK_0078_P02_09_frame_0000105057_l.jpg,0,680.75,617.68,680.60,617.43,680.48,617.26,680.42,617.12,680.38,616.96,680.74,617.07,680.69,616.92,680.58,616.87,680.44,616.86,680.82,617.14,680.73,617.02,680.60,616.99,680.43,616.96,680.85,617.32,680.64,617.29,680.47,617.35,680.30,617.42,680.83,617.47,680.68,617.43,680.55,617.45,680.39,617.48
EK_0078_P02_09_frame_0000105838_l.jpg,0,916.99,100.73,916.82,100.37,916.56,100.20,916.37,100.13,916.35,100.27,916.94,100.00,916.99,99.86,916.82,99.86,916.58,99.91,916.99,100.15,916.88,100.06,916.66,100.10,916.41,100.12,916.98,100.41,916.83,100.29,916.59,100.32,916.36,100.29,916.92,100.63,916.73,100.57,916.54,100.56,916.35,100.51
EK_0078_P02_09_frame_0000106158_l.jpg,0,665.49,566.70,665.28,566.56,665.10,566.50,664.93,566.42,664.69,566.40,665.27,566.16,665.25,565.98,665.19,565.92,665.10,565.88,665.38,566.15,665.33,566.03,665.24,566.01,665.14,565.98,665.49,566.27,665.43,566.15,665.35,566.11,665.25,566.07,665.55,566.38,665.50,566.31,665.45,566.28,665.40,566.21
EK_0078_P02_09_frame_0000106325_l.jpg,0,515.86,145.36,515.54,145.32,515.33,145.26,515.13,145.18,514.83,145.19,515.36,144.79,515.27,144.56,515.25,144.54,515.23,144.55,515.53,144.66,515.49,144.58,515.49,144.73,515.48,144.91,515.77,144.70,515.68,144.69,515.67,144.86,515.66,145.05,515.95,144.78,515.89,144.81,515.87,144.94,515.84,145.10
EK_0078_P02_09_frame_0000107058_r.jpg,0,916.17,509.99,916.10,509.83,916.09,509.72,916.19,509.66,916.31,509.68,916.33,509.56,916.40,509.40,916.41,509.36,916.39,509.36,916.46,509.61,916.55,509.63,916.48,509.69,916.39,509.74,916.52,509.75,916.58,509.71,916.50,509.76,916.40,509.83,916.55,509.87,916.63,509.84,916.65,509.84,916.63,509.83
EK_0078_P02_09_frame_0000107087_r.jpg,0,979.15,706.44,979.27,706.47,979.39,706.42,979.49,706.34,979.68,706.21,979.45,706.09,979.67,706.07,979.77,706.20,979.80,706.36,979.51,705.96,979.73,706.00,979.83,706.13,979.86,706.32,979.54,705.96,979.69,705.94,979.83,706.04,979.90,706.22,979.57,706.00,979.64,705.91,979.76,705.93,979.82,706.03
EK_0078_P02_09_frame_0000107119_l.jpg,0,475.26,719.82,475.21,719.55,475.10,719.33,475.00,719.13,474.81,718.94,475.27,719.09,475.04,718.96,474.86,718.95,474.65,718.93,475.24,719.10,475.09,718.89,474.95,718.76,474.82,718.62,475.16,719.26,475.00,719.10,474.89,719.15,474.88,719.26,475.07,719.40,475.00,719.24,474.91,719.23,474.93,719.27
EK_0078_P02_09_frame_0000107149_l.jpg,0,677.22,754.41,677.00,754.22,676.82,754.14,676.67,754.06,676.48,753.95,676.96,753.86,676.85,753.73,676.71,753.74,676.55,753.83,677.04,753.92,676.86,753.85,676.70,753.91,676.62,754.04,677.11,754.09,676.94,754.00,676.77,754.06,676.68,754.15,677.13,754.25,677.04,754.15,676.91,754.12,676.81,754.18
EK_0078_P02_09_frame_0000107175_r.jpg,0,1053.73,713.36,1053.66,713.15,1053.69,712.96,1053.79,712.81,1053.91,712.69,1053.79,712.75,1053.91,712.59,1054.00,712.57,1054.05,712.62,1053.93,712.76,1054.01,712.57,1054.08,712.57,1054.12,712.65,1054.05,712.89,1054.12,712.71,1054.21,712.64,1054.26,712.64,1054.14,713.00,1054.22,712.89,1054.26,712.85,1054.24,712.87
EK_0078_P02_09_frame_0000107479_l.jpg,0,798.25,671.71,797.95,671.62,797.71,671.53,797.56,671.36,797.47,671.20,797.73,671.11,797.59,670.96,797.66,671.07,797.77,671.24,797.90,670.96,797.79,670.88,797.86,671.04,797.95,671.24,798.13,670.97,798.03,670.90,798.09,671.08,798.14,671.29,798.30,671.00,798.30,670.95,798.31,671.11,798.32,671.25
EK_0078_P02_09_frame_0000107998_l.jpg,0,485.56,490.19,485.27,490.02,485.09,489.83,485.02,489.61,484.98,489.39,485.30,489.44,485.21,489.20,485.19,489.28,485.20,489.44,485.52,489.38,485.46,489.29,485.41,489.43,485.37,489.60,485.73,489.52,485.69,489.45,485.64,489.58,485.59,489.75,485.87,489.66,485.88,489.65,485.84,489.77,485.76,489.90
EK_0078_P02_09_frame_0000108110_l.jpg,0,513.09,276.69,512.87,276.65,512.75,276.66,512.82,276.57,512.95,276.51,512.80,276.24,512.73,276.13,512.77,276.24,512.82,276.37,512.95,276.16,512.93,276.13,512.94,276.27,512.96,276.41,513.13,276.21,513.10,276.17,513.11,276.30,513.12,276.43,513.26,276.29,513.26,276.30,513.27,276.41,513.26,276.53
EK_0078_P02_09_frame_0000110685_r.jpg,0,1321.76,476.19,1321.69,475.97,1321.62,475.83,1321.64,475.74,1321.70,475.73,1321.92,475.67,1322.03,475.52,1321.92,475.51,1321.78,475.54,1322.01,475.71,1322.07,475.55,1321.95,475.54,1321.80,475.58,1322.01,475.84,1322.03,475.68,1321.91,475.63,1321.76,475.66,1321.98,475.95,1321.97,475.83,1321.88,475.77,1321.76,475.75
EK_0078_P02_09_frame_0000110944_r.jpg,0,938.82,579.18,939.01,578.87,939.03,578.60,939.05,578.37,939.08,578.18,939.56,578.85,939.74,578.66,939.64,578.53,939.43,578.48,939.59,579.00,939.55,578.78,939.39,578.67,939.18,578.58,939.43,579.13,939.43,578.91,939.27,578.78,939.07,578.66,939.27,579.21,939.26,579.03,939.17,578.90,939.02,578.81
EK_0078_P02_09_frame_0000111250_l.jpg,0,90.61,49.75,90.33,49.44,90.04,49.26,89.77,49.13,89.57,49.05,90.38,48.79,90.12,48.55,89.89,48.51,89.63,48.56,90.49,48.81,90.18,48.72,89.94,48.74,89.70,48.86,90.56,49.03,90.29,48.88,90.04,48.92,89.88,49.04,90.57,49.24,90.38,49.10,90.18,49.10,90.04,49.20
EK_0078_P02_09_frame_0000111284_l.jpg,0,415.42,232.84,415.16,232.62,414.91,232.52,414.69,232.42,414.48,232.33,415.18,232.08,415.05,231.84,414.89,231.83,414.72,231.93,415.30,232.08,415.12,231.97,414.95,232.03,414.76,232.14,415.39,232.25,415.23,232.10,415.06,232.15,414.88,232.27,415.43,232.41,415.33,232.27,415.19,232.29,415.05,232.38
EK_0078_P02_09_frame_0000112615_l.jpg,0,88.35,-80.77,87.69,-80.78,87.24,-81.06,86.93,-81.37,86.77,-81.82,87.33,-80.86,87.02,-81.21,86.82,-81.52,86.70,-81.76,87.62,-81.08,87.32,-81.53,87.09,-81.83,86.89,-82.06,88.02,-81.31,87.66,-81.67,87.37,-81.95,87.13,-82.15,88.29,-81.53,88.00,-81.77,87.76,-81.95,87.53,-82.08
EK_0078_P02_09_frame_0000112868_l.jpg,0,472.68,381.11,472.83,380.69,472.84,380.34,472.69,380.03,472.40,379.71,472.77,380.01,472.71,379.60,472.55,379.41,472.34,379.30,472.54,380.03,472.26,379.76,472.04,379.64,471.81,379.53,472.29,380.25,472.10,379.95,471.90,379.83,471.74,379.74,472.09,380.43,471.98,380.19,471.85,380.04,471.75,379.88
EK_0078_P02_09_frame_0000114019_r.jpg,0,741.88,521.92,742.06,521.80,742.20,521.67,742.30,521.55,742.33,521.44,742.00,521.41,742.03,521.24,742.07,521.26,742.13,521.34,741.83,521.38,741.84,521.28,741.88,521.33,741.96,521.40,741.69,521.49,741.67,521.38,741.69,521.41,741.74,521.47,741.60,521.60,741.51,521.53,741.47,521.53,741.47,521.55
EK_0078_P02_09_frame_0000114359_l.jpg,0,505.52,288.54,505.57,288.20,505.54,287.93,505.45,287.66,505.31,287.31,505.55,287.48,505.63,287.12,505.47,286.93,505.24,286.86,505.38,287.46,505.13,287.19,504.89,287.08,504.66,286.97,505.18,287.66,504.94,287.43,504.70,287.36,504.50,287.29,505.01,287.84,504.82,287.70,504.63,287.62,504.46,287.54
EK_0078_P02_09_frame_0000114627_l.jpg,0,164.84,564.56,164.56,564.39,164.33,564.26,164.18,564.12,164.03,563.96,164.56,563.96,164.43,563.89,164.33,563.91,164.25,563.92,164.72,563.99,164.54,564.07,164.43,564.17,164.27,564.28,164.86,564.18,164.67,564.17,164.54,564.27,164.36,564.38,164.93,564.35,164.81,564.30,164.70,564.33,164.54,564.36
EK_0078_P02_09_frame_0000114968_l.jpg,0,563.89,326.00,563.82,325.75,563.66,325.60,563.51,325.48,563.31,325.35,563.94,325.37,563.92,325.17,563.82,325.08,563.68,325.00,563.95,325.41,563.83,325.26,563.69,325.20,563.52,325.14,563.90,325.55,563.81,325.40,563.67,325.33,563.52,325.25,563.83,325.68,563.72,325.59,563.59,325.54,563.46,325.48
EK_0078_P02_09_frame_0000115041_r.jpg,0,878.58,648.91,878.78,648.83,878.97,648.77,879.11,648.68,879.26,648.64,878.97,648.49,879.16,648.45,879.28,648.52,879.40,648.62,878.94,648.46,879.12,648.43,879.23,648.53,879.34,648.65,878.87,648.56,879.04,648.51,879.17,648.59,879.30,648.69,878.82,648.66,878.93,648.61,879.05,648.62,879.17,648.66
EK_0078_P02_09_frame_0000115167_l.jpg,0,499.83,506.51,499.59,506.38,499.45,506.30,499.53,506.20,499.75,506.17,499.50,505.81,499.46,505.63,499.51,505.74,499.58,505.91,499.69,505.70,499.73,505.68,499.74,505.85,499.73,506.06,499.92,505.77,499.97,505.77,499.98,505.94,499.95,506.13,500.09,505.85,500.21,505.89,500.18,506.03,500.08,506.16
EK_0078_P02_09_frame_0000115251_r.jpg,0,790.61,502.23,790.56,501.95,790.65,501.74,790.80,501.59,791.04,501.57,790.87,501.69,791.06,501.53,791.09,501.44,791.06,501.39,791.05,501.76,791.20,501.61,791.19,501.56,791.10,501.52,791.14,501.90,791.25,501.72,791.23,501.64,791.13,501.59,791.18,502.00,791.26,501.86,791.25,501.75,791.19,501.68
EK_0078_P02_09_frame_0000115382_l.jpg,0,493.45,513.21,493.16,513.02,492.92,512.88,492.72,512.74,492.54,512.63,493.02,512.52,492.80,512.45,492.69,512.62,492.62,512.83,493.10,512.53,492.85,512.64,492.71,512.79,492.55,512.97,493.20,512.70,492.95,512.75,492.80,512.92,492.65,513.09,493.25,512.87,493.06,512.89,492.93,512.99,492.79,513.12
EK_0078_P02_09_frame_0000115478_r.jpg,0,810.49,598.39,810.53,598.12,810.54,597.92,810.65,597.90,810.74,598.06,811.03,597.99,811.01,597.98,810.90,598.04,810.76,598.12,811.15,598.16,811.13,598.19,810.97,598.22,810.79,598.24,811.11,598.39,811.09,598.38,810.96,598.39,810.79,598.37,811.04,598.56,811.02,598.53,810.93,598.51,810.80,598.47
EK_0078_P02_09_frame_0000116210_r.jpg,0,1313.69,455.33,1313.50,455.35,1313.47,455.36,1313.50,455.28,1313.56,455.23,1313.50,455.03,1313.47,455.01,1313.48,455.08,1313.50,455.17,1313.66,454.97,1313.66,454.89,1313.68,454.97,1313.68,455.08,1313.82,455.01,1313.83,454.87,1313.85,454.92,1313.82,455.03,1313.95,455.08,1313.93,455.02,1313.93,455.06,1313.90,455.11
EK_0078_P02_09_frame_0000117249_r.jpg,0,1245.15,439.04,1245.29,439.04,1245.35,438.89,1245.38,438.75,1245.46,438.54,1245.14,438.82,1245.25,438.65,1245.37,438.58,1245.51,438.51,1245.05,438.69,1245.20,438.55,1245.34,438.51,1245.51,438.50,1245.02,438.61,1245.15,438.49,1245.30,438.44,1245.46,438.43,1245.02,438.56,1245.12,438.47,1245.24,438.44,1245.39,438.44
EK_0078_P02_09_frame_0000117322_l.jpg,0,606.23,583.41,605.98,583.24,605.80,583.10,605.71,582.95,605.74,582.85,606.02,582.78,605.92,582.59,605.82,582.56,605.73,582.56,606.16,582.78,606.02,582.75,605.90,582.82,605.76,582.92,606.28,582.93,606.15,582.85,606.03,582.92,605.91,583.04,606.35,583.07,606.25,583.00,606.16,583.05,606.07,583.14
EK_0078_P02_09_frame_0000117375_r.jpg,0,748.45,424.75,748.65,424.74,748.79,424.65,748.80,424.51,748.65,424.39,748.73,424.49,748.86,424.36,748.82,424.41,748.78,424.52,748.65,424.38,748.80,424.30,748.79,424.38,748.69,424.42,748.55,424.33,748.70,424.28,748.73,424.35,748.62,424.42,748.48,424.31,748.60,424.29,748.61,424.39,748.52,424.41
EK_0078_P02_09_frame_0000117452_r.jpg,0,1011.88,388.62,1012.02,388.45,1012.18,388.25,1012.28,388.05,1012.47,387.81,1011.86,387.92,1011.90,387.64,1011.99,387.47,1012.14,387.31,1011.79,387.82,1011.81,387.54,1011.93,387.38,1012.11,387.25,1011.79,387.87,1011.80,387.63,1011.90,387.44,1012.05,387.29,1011.83,387.93,1011.85,387.76,1011.90,387.60,1011.99,387.47
EK_0078_P02_09_frame_0000117659_l.jpg,0,400.48,637.55,400.33,637.58,400.22,637.63,400.28,637.58,400.44,637.53,400.27,637.28,400.26,637.29,400.31,637.40,400.35,637.53,400.40,637.18,400.44,637.24,400.46,637.37,400.46,637.52,400.55,637.19,400.60,637.22,400.62,637.35,400.62,637.50,400.68,637.23,400.76,637.25,400.76,637.36,400.69,637.45
EK_0078_P02_09_frame_0000117675_l.jpg,0,446.96,650.90,446.86,650.99,446.79,651.11,446.84,651.13,446.97,651.09,446.81,650.74,446.84,650.80,446.90,650.91,446.96,651.05,446.92,650.63,446.98,650.72,447.03,650.85,447.03,651.00,447.06,650.61,447.12,650.66,447.17,650.80,447.16,650.95,447.17,650.62,447.26,650.66,447.27,650.77,447.21,650.86
EK_0078_P02_09_frame_0000117701_r.jpg,0,1094.90,589.67,1095.06,589.53,1095.18,589.30,1095.28,589.10,1095.36,588.81,1094.88,589.07,1094.97,588.81,1095.11,588.69,1095.30,588.61,1094.77,588.95,1094.96,588.77,1095.14,588.72,1095.35,588.72,1094.74,588.97,1094.93,588.82,1095.13,588.79,1095.33,588.84,1094.75,589.00,1094.88,588.90,1095.04,588.87,1095.19,588.90
EK_0078_P02_09_frame_0000117720_r.jpg,0,715.10,580.00,715.26,579.95,715.41,579.79,715.53,579.64,715.63,579.39,715.12,579.61,715.23,579.39,715.38,579.34,715.55,579.32,715.03,579.47,715.22,579.34,715.38,579.30,715.56,579.29,714.99,579.43,715.18,579.33,715.36,579.31,715.55,579.33,714.99,579.40,715.13,579.35,715.28,579.34,715.44,579.36
EK_0078_P02_09_frame_0000117827_r.jpg,0,1139.17,538.17,1139.18,537.95,1139.28,537.70,1139.38,537.48,1139.54,537.21,1138.92,537.44,1139.06,537.19,1139.22,537.10,1139.43,537.08,1138.91,537.37,1139.09,537.17,1139.27,537.11,1139.46,537.10,1139.01,537.45,1139.12,537.26,1139.29,537.18,1139.46,537.17,1139.13,537.53,1139.16,537.38,1139.26,537.29,1139.38,537.25
EK_0078_P02_09_frame_0000118522_r.jpg,0,981.91,656.82,981.99,656.50,982.14,656.27,982.18,656.01,982.09,655.66,981.47,656.12,981.65,655.86,981.78,656.06,981.71,656.29,981.26,656.13,981.48,655.90,981.66,656.06,981.61,656.29,981.22,656.24,981.40,655.99,981.64,656.10,981.62,656.35,981.24,656.31,981.23,656.09,981.42,656.03,981.56,656.17
EK_0078_P02_09_frame_0000118888_l.jpg,0,243.30,76.17,242.81,76.00,242.42,75.87,242.10,75.71,241.79,75.63,242.64,75.16,242.41,74.79,242.21,74.72,242.02,74.75,242.89,75.04,242.77,74.72,242.60,74.74,242.41,74.87,243.18,75.18,242.96,75.01,242.80,75.10,242.66,75.31,243.37,75.36,243.23,75.26,243.13,75.38,243.01,75.56
EK_0078_P02_09_frame_0000121624_l.jpg,0,166.40,586.13,166.13,585.88,165.99,585.61,165.91,585.36,165.78,585.06,166.23,585.26,166.16,585.02,166.10,585.13,166.05,585.34,166.46,585.20,166.35,585.12,166.27,585.28,166.18,585.51,166.67,585.33,166.51,585.25,166.41,585.43,166.34,585.66,166.80,585.45,166.67,585.40,166.58,585.53,166.51,585.71
EK_0078_P02_09_frame_0000122370_l.jpg,0,164.33,606.42,164.06,606.15,163.93,605.88,163.87,605.62,163.78,605.32,164.22,605.51,164.16,605.28,164.09,605.41,164.02,605.63,164.47,605.48,164.35,605.39,164.24,605.56,164.13,605.78,164.66,605.64,164.49,605.55,164.38,605.73,164.28,605.96,164.78,605.79,164.66,605.72,164.54,605.84,164.46,606.01
EK_0078_P02_09_frame_0000123769_r.jpg,0,1071.89,715.56,1071.84,715.55,1071.82,715.49,1071.86,715.42,1071.98,715.32,1071.82,715.23,1071.89,715.14,1071.95,715.13,1072.03,715.13,1071.90,715.14,1072.01,715.10,1072.09,715.13,1072.18,715.17,1072.01,715.15,1072.04,715.11,1072.11,715.16,1072.18,715.20,1072.10,715.19,1072.11,715.12,1072.15,715.10,1072.17,715.12
EK_0078_P02_09_frame_0000124026_l.jpg,0,-15.78,464.47,-16.13,464.31,-16.37,464.11,-16.56,463.92,-16.83,463.71,-16.21,463.66,-16.34,463.40,-16.36,463.51,-16.32,463.73,-16.00,463.53,-16.11,463.45,-16.13,463.64,-16.16,463.89,-15.75,463.60,-15.90,463.55,-15.94,463.73,-15.98,463.98,-15.58,463.70,-15.69,463.67,-15.74,463.82,-15.78,464.01
EK_0078_P02_09_frame_0000126188_l.jpg,0,270.70,174.38,270.45,174.32,270.33,174.19,270.23,174.04,270.06,173.93,270.36,173.84,270.28,173.63,270.25,173.57,270.23,173.52,270.52,173.74,270.51,173.59,270.50,173.63,270.49,173.71,270.72,173.79,270.68,173.65,270.67,173.70,270.64,173.79,270.87,173.87,270.86,173.80,270.84,173.86,270.79,173.95
EK_0078_P02_09_frame_0000126218_l.jpg,0,134.00,331.66,133.74,331.52,133.62,331.35,133.53,331.16,133.43,330.97,133.74,331.01,133.77,330.79,133.73,330.81,133.68,330.93,133.92,330.95,133.88,330.87,133.83,330.97,133.76,331.12,134.10,331.05,134.00,331.00,133.94,331.11,133.87,331.26,134.21,331.17,134.13,331.14,134.06,331.22,133.99,331.35
EK_0078_P02_09_frame_0000126321_r.jpg,0,1393.93,666.42,1393.92,666.30,1393.98,666.11,1394.01,665.91,1394.09,665.69,1393.85,665.82,1393.95,665.60,1394.10,665.63,1394.24,665.75,1393.92,665.73,1394.04,665.55,1394.18,665.62,1394.30,665.75,1394.03,665.78,1394.09,665.61,1394.24,665.64,1394.36,665.75,1394.14,665.85,1394.15,665.71,1394.26,665.69,1394.33,665.76
EK_0078_P02_09_frame_0000126609_r.jpg,0,1011.59,49.54,1011.76,49.59,1011.97,49.52,1012.14,49.42,1012.32,49.21,1011.76,49.21,1011.77,49.01,1011.90,48.90,1012.09,48.84,1011.73,49.01,1011.94,48.88,1012.12,48.91,1012.30,49.01,1011.72,48.93,1011.95,48.86,1012.16,48.83,1012.37,48.78,1011.75,48.89,1011.92,48.84,1012.08,48.84,1012.24,48.86
EK_0078_P02_09_frame_0000126711_l.jpg,0,499.66,-150.18,499.44,-150.43,499.24,-150.59,499.09,-150.73,498.98,-150.85,499.64,-150.96,499.72,-151.19,499.69,-151.26,499.63,-151.27,499.84,-150.94,499.80,-151.05,499.70,-151.03,499.59,-151.00,499.96,-150.76,499.91,-150.90,499.82,-150.90,499.71,-150.85,500.02,-150.59,499.97,-150.70,499.90,-150.70,499.80,-150.67
EK_0078_P02_09_frame_0000126939_r.jpg,0,1249.71,677.48,1249.72,677.32,1249.76,677.11,1249.84,676.93,1249.93,676.72,1249.47,676.92,1249.43,676.68,1249.48,676.53,1249.65,676.52,1249.45,676.84,1249.46,676.61,1249.59,676.49,1249.77,676.51,1249.52,676.88,1249.46,676.67,1249.57,676.53,1249.70,676.61,1249.61,676.92,1249.69,676.79,1249.77,676.68,1249.85,676.54
EK_0078_P02_09_frame_0000127510_l.jpg,0,760.90,692.87,760.71,692.70,760.52,692.63,760.36,692.57,760.20,692.51,760.77,692.29,760.75,692.07,760.67,691.98,760.55,691.95,760.88,692.26,760.80,692.11,760.69,692.07,760.55,692.08,760.96,692.37,760.86,692.23,760.76,692.18,760.63,692.17,761.00,692.48,760.93,692.37,760.85,692.33,760.75,692.33
EK_0078_P02_09_frame_0000127780_l.jpg,0,404.72,425.95,404.35,425.80,404.17,425.54,404.02,425.30,403.80,425.11,404.16,425.21,403.96,424.93,403.87,424.81,403.77,424.68,404.37,425.06,404.23,424.78,404.14,424.72,404.05,424.72,404.64,425.07,404.49,424.80,404.40,424.76,404.34,424.84,404.83,425.10,404.79,424.90,404.70,424.86,404.60,424.94
EK_0078_P02_09_frame_0000127900_l.jpg,0,166.05,118.75,165.79,118.67,165.62,118.56,165.51,118.41,165.40,118.26,165.71,118.22,165.70,118.01,165.67,118.06,165.66,118.19,165.87,118.15,165.84,118.10,165.82,118.22,165.78,118.37,166.05,118.22,165.98,118.19,165.96,118.32,165.95,118.48,166.18,118.32,166.13,118.28,166.10,118.37,166.07,118.49
EK_0078_P02_09_frame_0000128144_r.jpg,0,891.70,364.26,891.74,364.19,891.96,364.04,892.13,363.87,892.43,363.80,891.79,363.64,891.99,363.47,892.17,363.52,892.35,363.60,891.87,363.51,892.08,363.37,892.26,363.45,892.44,363.56,891.97,363.56,892.15,363.44,892.34,363.46,892.52,363.48,892.06,363.63,892.19,363.54,892.32,363.56,892.44,363.61
EK_0078_P02_09_frame_0000128344_r.jpg,0,1174.56,590.61,1174.63,590.53,1174.80,590.34,1174.92,590.14,1175.13,589.91,1174.64,589.93,1174.80,589.74,1174.99,589.72,1175.22,589.77,1174.71,589.79,1174.97,589.72,1175.17,589.81,1175.37,589.93,1174.81,589.82,1174.97,589.72,1175.18,589.78,1175.34,589.90,1174.91,589.90,1174.98,589.75,1175.12,589.74,1175.20,589.83
EK_0078_P02_09_frame_0000130284_l.jpg,0,344.20,668.47,343.96,668.38,343.79,668.29,343.65,668.19,343.51,668.11,343.88,667.95,343.79,667.81,343.76,667.87,343.77,668.00,344.02,667.86,343.95,667.85,343.91,667.96,343.88,668.11,344.19,667.91,344.08,667.88,344.05,668.00,344.05,668.14,344.30,667.98,344.23,667.92,344.19,667.99,344.17,668.10
EK_0086_P04_13_frame_0000000515_r.jpg,0,948.90,479.71,948.81,479.68,948.85,479.69,948.87,479.67,949.00,479.67,948.80,479.34,948.82,479.18,948.87,479.14,948.91,479.09,948.91,479.26,948.94,479.11,949.00,479.08,949.04,479.06,949.04,479.29,949.05,479.17,949.11,479.13,949.13,479.09,949.14,479.35,949.18,479.29,949.20,479.26,949.23,479.22
EK_0086_P04_13_frame_0000000765_l.jpg,0,479.36,309.20,479.22,308.97,478.98,308.79,478.75,308.65,478.43,308.51,479.31,308.34,479.18,308.04,478.96,308.01,478.72,308.08,479.32,308.27,479.08,308.07,478.86,308.01,478.62,307.96,479.27,308.39,479.10,308.17,478.87,308.09,478.65,308.05,479.20,308.52,479.10,308.34,478.94,308.26,478.79,308.23
EK_0086_P04_13_frame_0000001356_r.jpg,0,736.36,291.91,736.38,291.83,736.44,291.80,736.47,291.74,736.54,291.77,736.67,291.49,736.82,291.36,736.88,291.48,736.87,291.66,736.81,291.48,736.95,291.52,736.93,291.67,736.86,291.83,736.87,291.59,736.97,291.63,736.97,291.79,736.91,291.95,736.91,291.71,737.02,291.71,737.01,291.82,736.94,291.92
EK_0086_P04_13_frame_0000001502_r.jpg,0,689.58,-92.31,689.93,-92.38,690.31,-92.32,690.64,-92.27,691.00,-92.13,690.44,-93.04,690.85,-93.04,691.11,-92.94,691.41,-92.81,690.49,-93.13,690.89,-93.06,691.15,-92.92,691.45,-92.77,690.40,-93.00,690.77,-92.98,691.07,-92.87,691.37,-92.77,690.35,-92.83,690.61,-92.82,690.84,-92.76,691.11,-92.71
EK_0086_P04_13_frame_0000001778_l.jpg,0,490.24,583.00,490.23,582.81,490.06,582.66,489.88,582.51,489.57,582.30,490.48,582.16,490.42,581.81,490.22,581.69,489.96,581.65,490.45,582.03,490.29,581.73,490.06,581.66,489.82,581.65,490.32,582.09,490.21,581.81,489.99,581.71,489.78,581.69,490.18,582.16,490.09,581.97,489.96,581.87,489.81,581.83
EK_0086_P04_13_frame_0000002480_r.jpg,0,748.69,230.40,748.93,230.36,749.23,230.26,749.47,230.12,749.72,229.87,749.11,229.75,749.40,229.58,749.60,229.68,749.74,229.87,749.10,229.58,749.42,229.49,749.61,229.62,749.77,229.83,749.08,229.59,749.37,229.54,749.60,229.65,749.77,229.84,749.09,229.66,749.29,229.62,749.47,229.70,749.61,229.83
EK_0086_P04_13_frame_0000002623_l.jpg,0,562.19,340.71,562.06,340.40,561.87,340.17,561.69,339.98,561.49,339.79,562.39,339.86,562.42,339.54,562.24,339.44,562.02,339.46,562.52,339.85,562.46,339.56,562.26,339.48,562.01,339.49,562.53,339.99,562.48,339.71,562.28,339.61,562.04,339.62,562.48,340.11,562.45,339.91,562.30,339.81,562.12,339.78
EK_0086_P04_13_frame_0000003227_r.jpg,0,790.93,110.14,791.16,110.08,791.39,109.89,791.59,109.71,791.84,109.45,791.17,109.50,791.40,109.26,791.60,109.29,791.83,109.37,791.11,109.32,791.42,109.32,791.62,109.40,791.85,109.49,791.09,109.31,791.37,109.34,791.59,109.45,791.80,109.60,791.10,109.34,791.30,109.35,791.47,109.45,791.65,109.57
EK_0086_P04_13_frame_0000003785_l.jpg,0,539.01,573.32,538.79,573.07,538.65,572.88,538.55,572.69,538.46,572.51,538.91,572.55,538.79,572.35,538.63,572.33,538.46,572.38,539.04,572.55,538.93,572.36,538.76,572.36,538.55,572.42,539.10,572.71,539.00,572.51,538.81,572.48,538.60,572.53,539.12,572.85,538.99,572.74,538.84,572.72,538.66,572.74
EK_0086_P04_13_frame_0000004175_l.jpg,0,587.05,203.21,586.81,203.01,586.61,202.87,586.46,202.75,586.30,202.69,586.91,202.50,586.76,202.33,586.64,202.32,586.54,202.35,587.09,202.49,586.95,202.37,586.82,202.40,586.69,202.44,587.24,202.64,587.16,202.47,587.05,202.48,586.93,202.56,587.32,202.79,587.29,202.68,587.21,202.73,587.11,202.81
EK_0086_P04_13_frame_0000004776_l.jpg,0,541.86,274.33,541.66,274.03,541.48,273.79,541.33,273.60,541.14,273.46,541.91,273.47,541.78,273.19,541.60,273.12,541.42,273.12,542.08,273.48,541.91,273.26,541.71,273.19,541.48,273.21,542.16,273.66,542.07,273.41,541.89,273.32,541.67,273.35,542.17,273.82,542.14,273.64,541.99,273.58,541.82,273.59
EK_0086_P04_13_frame_0000004852_r.jpg,0,1085.69,190.56,1085.83,190.41,1085.95,190.22,1086.03,190.04,1086.17,189.82,1085.76,189.94,1085.88,189.73,1086.04,189.71,1086.20,189.79,1085.71,189.87,1085.89,189.73,1086.06,189.71,1086.25,189.72,1085.70,189.95,1085.85,189.81,1086.03,189.78,1086.20,189.80,1085.73,190.03,1085.81,189.92,1085.93,189.87,1086.07,189.86
EK_0086_P04_13_frame_0000005102_r.jpg,0,679.76,163.81,679.66,163.60,679.69,163.44,679.78,163.31,679.90,163.26,679.97,163.24,680.12,163.12,680.15,163.13,680.16,163.14,680.14,163.30,680.27,163.12,680.28,163.12,680.24,163.13,680.23,163.48,680.31,163.31,680.32,163.26,680.29,163.23,680.27,163.63,680.35,163.56,680.40,163.51,680.44,163.45
EK_0086_P04_13_frame_0000005332_r.jpg,0,1013.16,157.74,1013.34,157.67,1013.51,157.47,1013.63,157.28,1013.81,157.02,1013.33,157.14,1013.42,156.87,1013.60,156.86,1013.79,156.94,1013.30,156.99,1013.56,156.90,1013.71,157.00,1013.84,157.17,1013.29,157.00,1013.55,157.00,1013.70,157.14,1013.79,157.34,1013.32,157.04,1013.50,157.00,1013.65,157.08,1013.73,157.22
EK_0086_P04_13_frame_0000005796_l.jpg,0,821.12,553.27,821.03,553.02,820.92,552.84,820.84,552.70,820.76,552.60,821.04,552.75,821.04,552.63,820.89,552.62,820.76,552.67,821.03,552.85,820.85,552.78,820.73,552.82,820.70,552.87,820.99,553.03,820.81,552.95,820.70,552.97,820.71,553.01,820.94,553.17,820.80,553.14,820.73,553.15,820.73,553.17
EK_0086_P04_13_frame_0000006829_l.jpg,0,166.24,412.18,166.42,411.88,166.54,411.64,166.41,411.43,166.11,411.34,166.44,411.45,166.35,411.19,166.24,411.02,166.11,410.89,166.25,411.46,166.10,411.21,165.97,411.06,165.87,410.90,166.04,411.58,165.95,411.33,165.80,411.19,165.71,411.04,165.87,411.67,165.78,411.50,165.69,411.40,165.61,411.27
EK_0086_P04_13_frame_0000007521_r.jpg,0,1032.10,-1.39,1032.32,-1.20,1032.52,-1.11,1032.72,-1.03,1033.01,-1.00,1032.78,-1.02,1033.06,-0.96,1033.24,-0.99,1033.38,-1.09,1032.85,-1.16,1033.11,-1.23,1033.24,-1.33,1033.34,-1.42,1032.78,-1.37,1033.01,-1.40,1033.15,-1.50,1033.26,-1.56,1032.71,-1.55,1032.89,-1.55,1033.02,-1.59,1033.14,-1.60
EK_0086_P04_13_frame_0000008860_l.jpg,0,763.64,607.34,763.55,607.07,763.46,606.86,763.39,606.70,763.31,606.55,763.60,606.78,763.57,606.63,763.41,606.62,763.28,606.69,763.59,606.88,763.38,606.81,763.26,606.85,763.25,606.91,763.55,607.07,763.35,607.00,763.26,607.03,763.30,607.08,763.49,607.22,763.34,607.17,763.29,607.19,763.35,607.22
EK_0086_P04_13_frame_0000009200_l.jpg,0,752.64,615.82,752.53,615.54,752.43,615.33,752.35,615.17,752.25,615.04,752.56,615.25,752.51,615.10,752.34,615.11,752.22,615.19,752.56,615.35,752.34,615.31,752.22,615.36,752.22,615.41,752.53,615.55,752.32,615.50,752.23,615.54,752.29,615.58,752.48,615.71,752.33,615.67,752.27,615.69,752.32,615.71
EK_0086_P04_13_frame_0000009969_l.jpg,0,324.01,390.42,323.68,390.24,323.39,390.06,323.18,389.86,322.86,389.66,323.60,389.53,323.46,389.21,323.33,389.02,323.17,388.82,323.70,389.42,323.53,389.15,323.37,388.98,323.19,388.78,323.81,389.54,323.66,389.27,323.50,389.08,323.31,388.89,323.86,389.68,323.76,389.47,323.65,389.32,323.51,389.16
EK_0086_P04_13_frame_0000010091_l.jpg,0,421.18,-31.09,420.82,-31.01,420.52,-30.86,420.26,-30.91,419.88,-31.20,420.92,-31.65,420.81,-32.02,420.52,-32.23,420.15,-32.37,421.06,-32.02,421.03,-32.52,420.88,-32.87,420.63,-33.21,421.12,-32.21,421.08,-32.63,420.89,-32.99,420.61,-33.27,421.10,-32.32,421.08,-32.65,420.99,-32.94,420.81,-33.16
EK_0086_P04_13_frame_0000010199_l.jpg,0,444.25,112.53,443.86,112.64,443.55,112.80,443.25,112.80,442.85,112.57,443.79,112.02,443.61,111.69,443.31,111.53,442.98,111.47,443.89,111.66,443.75,111.20,443.57,110.89,443.32,110.58,443.96,111.48,443.82,111.10,443.61,110.79,443.32,110.53,443.97,111.39,443.88,111.10,443.76,110.84,443.57,110.64
EK_0086_P04_13_frame_0000013284_l.jpg,0,613.20,531.29,613.04,531.05,612.94,530.85,612.84,530.71,612.73,530.60,613.04,530.77,613.03,530.65,612.97,530.59,612.89,530.53,613.06,530.87,612.84,530.84,612.71,530.89,612.67,530.95,613.06,531.07,612.86,531.03,612.74,531.07,612.75,531.11,613.04,531.23,612.92,531.16,612.82,531.17,612.83,531.19
EK_0086_P04_13_frame_0000013607_r.jpg,0,1048.95,45.90,1048.76,45.90,1048.74,45.81,1048.85,45.66,1049.05,45.55,1048.88,45.38,1048.98,45.40,1049.06,45.53,1049.10,45.66,1049.12,45.28,1049.23,45.39,1049.28,45.52,1049.34,45.63,1049.34,45.35,1049.46,45.31,1049.55,45.35,1049.63,45.37,1049.51,45.46,1049.61,45.39,1049.65,45.43,1049.67,45.47
EK_0086_P04_13_frame_0000014861_r.jpg,0,1129.82,20.32,1129.94,20.39,1130.05,20.38,1130.14,20.36,1130.28,20.33,1129.95,20.36,1130.05,20.35,1130.14,20.32,1130.24,20.31,1129.91,20.26,1130.02,20.25,1130.11,20.23,1130.22,20.25,1129.87,20.17,1129.95,20.18,1130.03,20.15,1130.13,20.17,1129.86,20.10,1129.90,20.08,1129.96,20.08,1130.02,20.13
EK_0086_P04_13_frame_0000015393_l.jpg,0,471.12,523.56,471.12,523.28,471.08,523.06,470.99,522.93,470.77,522.84,470.92,523.07,470.72,522.95,470.59,522.87,470.44,522.78,470.78,523.17,470.58,523.05,470.46,522.99,470.33,522.89,470.69,523.33,470.54,523.19,470.44,523.12,470.36,523.01,470.62,523.45,470.54,523.33,470.49,523.26,470.45,523.16
EK_0086_P04_13_frame_0000015989_l.jpg,0,629.91,580.53,629.93,580.29,629.92,580.12,629.86,580.04,629.67,580.02,629.83,580.18,629.66,580.06,629.64,580.04,629.72,580.06,629.72,580.28,629.56,580.16,629.58,580.15,629.70,580.19,629.62,580.40,629.52,580.26,629.56,580.26,629.68,580.32,629.53,580.48,629.49,580.37,629.55,580.37,629.63,580.44
EK_0086_P04_13_frame_0000017989_l.jpg,0,627.26,206.56,626.93,206.38,626.67,206.28,626.55,206.11,626.62,206.04,626.92,205.74,626.90,205.45,626.80,205.43,626.69,205.51,627.11,205.65,627.06,205.39,626.93,205.40,626.76,205.48,627.30,205.76,627.28,205.48,627.15,205.41,626.98,205.45,627.41,205.88,627.37,205.70,627.26,205.65,627.11,205.67
EK_0086_P04_13_frame_0000018169_r.jpg,0,957.51,118.92,957.57,118.66,957.82,118.47,958.02,118.27,958.36,118.05,957.32,117.95,957.28,117.57,957.37,117.33,957.57,117.12,957.32,117.83,957.30,117.47,957.54,117.35,957.78,117.39,957.43,117.92,957.35,117.59,957.56,117.41,957.79,117.41,957.56,118.02,957.56,117.78,957.62,117.57,957.72,117.46
EK_0091_P06_03_frame_0000000470_r.jpg,0,992.64,292.54,992.68,292.03,993.07,291.88,993.44,291.83,993.85,291.70,993.10,291.96,993.55,291.75,993.61,291.71,993.50,291.76,993.36,292.23,993.71,291.93,993.67,291.89,993.46,292.01,993.52,292.50,993.79,292.17,993.73,292.08,993.48,292.20,993.64,292.67,993.84,292.43,993.85,292.24,993.67,292.23
EK_0091_P06_03_frame_0000000877_l.jpg,0,591.91,161.68,592.03,161.40,592.02,161.16,591.94,161.01,591.78,160.92,592.20,161.17,592.11,160.95,591.97,160.85,591.82,160.75,592.10,161.23,591.96,161.03,591.81,160.94,591.70,160.82,591.94,161.34,591.83,161.15,591.68,161.05,591.59,160.92,591.79,161.42,591.68,161.30,591.58,161.21,591.51,161.12
EK_0091_P06_03_frame_0000001041_l.jpg,0,439.86,640.54,439.72,640.35,439.66,640.18,439.67,640.04,439.69,639.90,439.86,640.01,439.87,639.87,439.84,639.82,439.80,639.77,439.96,640.04,439.91,639.94,439.85,639.90,439.79,639.85,440.01,640.17,439.96,640.06,439.90,640.01,439.82,639.97,440.03,640.29,440.00,640.20,439.95,640.16,439.90,640.11
EK_0091_P06_03_frame_0000001140_l.jpg,0,654.15,310.85,653.93,310.72,653.81,310.63,653.74,310.52,653.74,310.49,653.92,310.39,653.78,310.33,653.73,310.46,653.70,310.61,654.03,310.39,653.89,310.43,653.82,310.56,653.76,310.69,654.13,310.51,654.00,310.51,653.92,310.64,653.87,310.74,654.19,310.63,654.11,310.63,654.03,310.72,653.99,310.77
EK_0091_P06_03_frame_0000003214_r.jpg,0,530.23,255.61,530.55,255.44,531.02,255.53,531.43,255.50,531.60,255.25,530.84,254.49,531.18,254.14,531.50,254.08,531.88,254.12,530.87,254.32,531.23,253.98,531.58,254.00,531.95,254.12,530.87,254.45,531.17,254.14,531.55,254.09,531.91,254.17,530.90,254.64,531.13,254.41,531.39,254.29,531.67,254.29
EK_0091_P06_03_frame_0000003388_l.jpg,0,6.30,351.59,5.98,351.24,5.73,350.96,5.54,350.69,5.40,350.43,6.13,350.50,6.00,350.17,5.82,350.05,5.60,350.06,6.30,350.51,6.08,350.29,5.84,350.27,5.55,350.35,6.39,350.75,6.23,350.48,5.98,350.45,5.70,350.56,6.42,350.97,6.27,350.80,6.07,350.77,5.85,350.82
EK_0091_P06_03_frame_0000003724_r.jpg,0,616.08,-59.98,616.40,-59.99,616.68,-60.14,616.94,-60.26,617.27,-60.42,616.59,-60.58,616.70,-60.88,616.89,-61.00,617.15,-61.03,616.52,-60.78,616.71,-61.05,616.92,-61.16,617.18,-61.17,616.43,-60.80,616.66,-60.99,616.87,-61.12,617.12,-61.18,616.38,-60.77,616.58,-60.87,616.75,-60.97,616.95,-61.06
EK_0091_P06_03_frame_0000003797_r.jpg,0,1111.74,476.09,1111.79,475.97,1111.94,475.85,1112.07,475.70,1112.30,475.56,1111.81,475.48,1111.84,475.24,1111.96,475.17,1112.12,475.22,1111.87,475.39,1111.93,475.15,1112.08,475.11,1112.24,475.12,1111.95,475.45,1112.00,475.23,1112.15,475.13,1112.29,475.05,1112.03,475.53,1112.16,475.42,1112.28,475.34,1112.40,475.23
EK_0091_P06_03_frame_0000004099_r.jpg,0,1316.17,-61.71,1316.29,-61.88,1316.44,-62.04,1316.55,-62.20,1316.59,-62.43,1316.06,-62.25,1315.95,-62.46,1315.96,-62.62,1316.04,-62.78,1315.94,-62.31,1315.89,-62.54,1315.97,-62.67,1316.13,-62.75,1315.91,-62.27,1315.91,-62.47,1315.99,-62.63,1316.14,-62.72,1315.91,-62.24,1315.93,-62.38,1315.99,-62.50,1316.10,-62.58
EK_0091_P06_03_frame_0000004283_r.jpg,0,906.35,36.87,906.42,36.80,906.61,36.74,906.78,36.66,907.01,36.61,906.55,36.34,906.76,36.20,906.92,36.17,907.09,36.11,906.63,36.24,906.83,36.13,906.99,36.16,907.16,36.18,906.69,36.30,906.84,36.19,907.01,36.19,907.16,36.21,906.75,36.39,906.85,36.30,906.96,36.27,907.07,36.27
EK_0091_P06_03_frame_0000004445_l.jpg,0,320.17,571.86,319.96,571.69,319.83,571.52,319.76,571.36,319.66,571.18,319.98,571.27,319.92,571.13,319.82,571.14,319.72,571.15,320.09,571.26,319.97,571.21,319.86,571.23,319.74,571.23,320.18,571.40,320.05,571.33,319.93,571.35,319.78,571.38,320.22,571.52,320.14,571.47,320.04,571.48,319.93,571.46
EK_0091_P06_03_frame_0000005436_l.jpg,0,-167.43,-8.05,-167.91,-8.24,-168.23,-8.50,-168.50,-8.74,-168.79,-9.02,-167.98,-9.08,-168.13,-9.52,-168.27,-9.78,-168.43,-10.04,-167.72,-9.29,-167.94,-9.64,-168.13,-9.78,-168.34,-9.83,-167.46,-9.25,-167.73,-9.53,-167.93,-9.63,-168.14,-9.56,-167.29,-9.18,-167.50,-9.31,-167.66,-9.26,-167.82,-9.17
EK_0091_P06_03_frame_0000005928_l.jpg,0,174.56,127.70,174.44,127.56,174.23,127.38,174.05,127.18,173.84,126.87,174.85,127.09,174.99,126.80,174.88,126.58,174.66,126.42,174.99,126.94,174.99,126.59,174.81,126.41,174.57,126.25,174.98,126.90,174.99,126.61,174.80,126.41,174.56,126.29,174.92,126.88,174.92,126.66,174.78,126.52,174.60,126.45
EK_0091_P06_03_frame_0000006524_l.jpg,0,204.83,-112.49,204.78,-112.84,204.64,-113.10,204.58,-113.34,204.57,-113.53,205.23,-113.24,205.45,-113.44,205.41,-113.57,205.27,-113.61,205.37,-113.15,205.44,-113.37,205.30,-113.45,205.10,-113.47,205.37,-112.96,205.44,-113.18,205.31,-113.25,205.14,-113.24,205.31,-112.81,205.39,-112.94,205.32,-112.99,205.17,-113.01
EK_0091_P06_03_frame_0000007689_r.jpg,0,1044.82,152.27,1044.97,152.13,1045.18,151.96,1045.37,151.79,1045.60,151.52,1044.82,151.51,1045.06,151.28,1045.28,151.33,1045.47,151.49,1044.77,151.35,1045.07,151.25,1045.28,151.35,1045.41,151.58,1044.80,151.38,1045.03,151.25,1045.25,151.37,1045.30,151.62,1044.86,151.44,1045.00,151.33,1045.17,151.42,1045.21,151.59
EK_0091_P06_03_frame_0000007864_l.jpg,0,499.24,-230.70,498.84,-230.83,498.62,-231.08,498.47,-231.34,498.26,-231.55,498.71,-231.57,498.42,-231.73,498.27,-231.70,498.08,-231.73,498.86,-231.74,498.58,-231.81,498.42,-231.70,498.21,-231.57,499.04,-231.68,498.76,-231.81,498.55,-231.71,498.36,-231.53,499.15,-231.59,498.93,-231.69,498.74,-231.64,498.53,-231.53
EK_0091_P06_03_frame_0000008709_r.jpg,0,784.79,-363.38,785.12,-363.70,785.46,-363.92,785.75,-364.14,786.05,-364.47,784.87,-364.53,784.90,-364.98,785.16,-365.06,785.44,-364.91,784.65,-364.65,785.01,-364.85,785.28,-364.72,785.50,-364.45,784.54,-364.54,784.87,-364.76,785.17,-364.67,785.43,-364.44,784.51,-364.42,784.70,-364.63,784.95,-364.59,785.13,-364.42
EK_0091_P06_03_frame_0000009479_r.jpg,0,1025.25,64.22,1025.37,64.04,1025.58,63.77,1025.73,63.53,1025.91,63.17,1025.13,63.38,1025.36,63.10,1025.61,63.08,1025.89,63.09,1025.07,63.22,1025.36,63.03,1025.62,63.01,1025.91,63.05,1025.13,63.26,1025.35,63.05,1025.62,63.01,1025.88,63.06,1025.22,63.32,1025.38,63.17,1025.58,63.13,1025.78,63.13
EK_0091_P06_03_frame_0000009761_r.jpg,0,825.97,-327.35,825.92,-327.51,826.02,-327.60,826.11,-327.71,826.25,-327.74,826.28,-328.05,826.46,-328.12,826.52,-327.95,826.56,-327.73,826.51,-328.06,826.60,-327.92,826.53,-327.70,826.41,-327.46,826.64,-327.88,826.73,-327.84,826.70,-327.62,826.55,-327.41,826.73,-327.70,826.84,-327.73,826.81,-327.59,826.68,-327.45
EK_0091_P06_03_frame_0000009936_r.jpg,0,999.42,379.44,999.46,379.41,999.58,379.33,999.68,379.24,999.83,379.14,999.38,379.09,999.46,378.95,999.58,378.96,999.71,379.01,999.39,378.98,999.53,378.89,999.65,378.95,999.76,379.03,999.44,378.97,999.55,378.90,999.67,378.96,999.75,379.06,999.50,378.98,999.57,378.93,999.66,378.95,999.73,379.02
EK_0091_P06_03_frame_0000009985_r.jpg,0,1056.49,606.80,1056.40,606.77,1056.39,606.70,1056.38,606.59,1056.43,606.48,1056.31,606.42,1056.30,606.27,1056.36,606.27,1056.44,606.30,1056.40,606.31,1056.43,606.21,1056.50,606.25,1056.56,606.33,1056.53,606.32,1056.52,606.19,1056.58,606.18,1056.62,606.25,1056.65,606.35,1056.65,606.27,1056.68,606.27,1056.69,606.30
EK_0091_P06_03_frame_0000010225_r.jpg,0,998.94,-64.12,999.00,-64.16,999.12,-64.27,999.22,-64.38,999.36,-64.55,998.88,-64.53,998.96,-64.71,999.11,-64.75,999.25,-64.69,998.87,-64.65,999.00,-64.80,999.16,-64.81,999.30,-64.73,998.92,-64.67,999.01,-64.81,999.16,-64.84,999.30,-64.80,998.98,-64.67,999.06,-64.76,999.17,-64.78,999.25,-64.75
EK_0091_P06_03_frame_0000010415_r.jpg,0,822.27,247.56,822.65,247.44,822.97,247.28,823.22,247.09,823.57,246.92,822.83,246.70,822.99,246.36,823.19,246.23,823.45,246.19,822.72,246.53,822.89,246.21,823.14,246.17,823.41,246.27,822.58,246.60,822.70,246.28,822.97,246.19,823.25,246.26,822.51,246.71,822.59,246.47,822.76,246.32,822.99,246.28
EK_0091_P06_03_frame_0000011953_r.jpg,0,1031.42,300.76,1031.48,300.78,1031.53,300.68,1031.57,300.57,1031.63,300.42,1031.35,300.54,1031.50,300.46,1031.63,300.44,1031.78,300.43,1031.32,300.41,1031.47,300.33,1031.61,300.32,1031.76,300.32,1031.35,300.34,1031.43,300.25,1031.57,300.23,1031.71,300.27,1031.40,300.30,1031.45,300.22,1031.54,300.19,1031.62,300.21
EK_0091_P06_03_frame_0000014643_r.jpg,0,815.63,-173.67,815.46,-173.84,815.35,-173.99,815.38,-174.13,815.46,-174.17,815.60,-174.18,815.61,-174.26,815.54,-174.18,815.47,-174.05,815.75,-174.15,815.73,-174.25,815.63,-174.17,815.52,-174.05,815.84,-174.00,815.81,-174.13,815.72,-174.08,815.61,-173.97,815.89,-173.87,815.95,-173.96,815.95,-174.02,815.91,-174.06
EK_0091_P06_03_frame_0000014688_r.jpg,0,1081.59,114.69,1081.56,114.60,1081.58,114.46,1081.55,114.32,1081.55,114.09,1081.21,114.37,1081.04,114.23,1081.07,114.09,1081.19,113.99,1081.15,114.28,1081.01,114.13,1081.09,114.01,1081.23,113.94,1081.22,114.24,1081.08,114.12,1081.14,113.99,1081.26,113.93,1081.30,114.22,1081.27,114.09,1081.32,114.00,1081.39,113.95
EK_0091_P06_03_frame_0000014986_r.jpg,0,1196.30,637.72,1195.99,637.54,1195.83,637.30,1195.80,637.05,1195.82,636.71,1196.04,637.22,1196.03,636.93,1196.05,636.70,1196.08,636.45,1196.28,637.13,1196.31,636.81,1196.34,636.58,1196.36,636.33,1196.49,637.12,1196.48,636.83,1196.51,636.61,1196.51,636.39,1196.64,637.11,1196.60,636.90,1196.63,636.71,1196.61,636.54
EK_0091_P06_03_frame_0000015355_r.jpg,0,1023.55,-20.54,1023.48,-20.76,1023.46,-20.91,1023.51,-20.99,1023.57,-21.04,1023.78,-21.05,1023.84,-21.16,1023.81,-21.14,1023.74,-21.09,1023.93,-20.98,1023.95,-21.02,1023.87,-20.98,1023.79,-20.93,1023.99,-20.81,1024.01,-20.87,1023.94,-20.84,1023.84,-20.79,1024.00,-20.66,1024.02,-20.69,1023.95,-20.68,1023.84,-20.68
EK_0091_P06_03_frame_0000015783_l.jpg,0,160.57,170.97,160.60,170.69,160.59,170.42,160.50,170.18,160.33,169.93,160.82,170.14,160.55,170.01,160.38,170.14,160.40,170.37,160.77,170.12,160.49,170.06,160.34,170.18,160.41,170.37,160.62,170.24,160.41,170.10,160.27,170.22,160.40,170.39,160.47,170.35,160.34,170.23,160.27,170.33,160.38,170.46
EK_0091_P06_03_frame_0000015985_r.jpg,0,904.86,134.73,904.76,134.77,904.92,134.83,905.02,134.77,905.32,134.74,904.83,134.38,904.96,134.27,905.07,134.40,905.17,134.60,905.01,134.27,905.15,134.20,905.24,134.34,905.30,134.55,905.18,134.30,905.27,134.23,905.35,134.38,905.35,134.59,905.31,134.35,905.36,134.38,905.38,134.48,905.38,134.63
EK_0091_P06_03_frame_0000016187_r.jpg,0,946.07,126.43,945.92,126.31,945.97,126.25,946.07,126.11,946.26,126.10,946.19,125.97,946.32,125.85,946.37,125.89,946.41,125.94,946.39,126.01,946.51,125.95,946.52,126.06,946.48,126.19,946.51,126.18,946.56,126.17,946.49,126.32,946.34,126.45,946.58,126.33,946.54,126.40,946.45,126.49,946.31,126.59
EK_0091_P06_03_frame_0000016405_l.jpg,0,91.68,60.41,91.64,60.01,91.52,59.65,91.34,59.34,91.14,58.99,92.02,59.27,91.62,59.10,91.42,59.32,91.57,59.61,92.04,59.24,91.64,59.14,91.44,59.36,91.67,59.55,91.91,59.42,91.60,59.21,91.38,59.39,91.62,59.57,91.75,59.58,91.57,59.38,91.43,59.52,91.61,59.66
EK_0091_P06_03_frame_0000017156_r.jpg,0,907.47,29.91,907.33,29.91,907.48,29.92,907.53,29.82,907.79,29.77,907.29,29.43,907.33,29.24,907.43,29.27,907.55,29.31,907.45,29.30,907.50,29.10,907.60,29.13,907.68,29.20,907.65,29.32,907.67,29.16,907.77,29.19,907.81,29.30,907.81,29.37,907.85,29.35,907.88,29.39,907.89,29.45
EK_0091_P06_03_frame_0000018787_r.jpg,0,830.58,840.68,830.53,840.62,830.52,840.57,830.58,840.54,830.64,840.52,830.72,840.46,830.73,840.50,830.70,840.58,830.64,840.68,830.83,840.49,830.82,840.55,830.76,840.63,830.67,840.70,830.88,840.58,830.87,840.62,830.81,840.69,830.73,840.74,830.91,840.67,830.89,840.68,830.84,840.71,830.76,840.73
EK_0091_P06_03_frame_0000019030_l.jpg,0,145.96,-261.54,145.52,-261.46,145.23,-261.62,145.07,-261.88,145.17,-262.10,144.95,-261.96,144.74,-262.24,144.81,-262.19,144.94,-262.05,145.06,-262.24,144.85,-262.50,144.91,-262.40,145.00,-262.22,145.35,-262.38,145.08,-262.59,145.08,-262.52,145.16,-262.34,145.58,-262.44,145.36,-262.49,145.36,-262.40,145.43,-262.26
EK_0091_P06_03_frame_0000019340_l.jpg,0,269.32,15.11,269.00,15.11,268.76,15.16,268.58,15.13,268.62,15.04,268.75,14.60,268.64,14.44,268.68,14.54,268.78,14.72,268.91,14.44,268.88,14.48,268.92,14.65,268.98,14.86,269.15,14.44,269.09,14.48,269.13,14.66,269.21,14.87,269.34,14.48,269.30,14.49,269.31,14.64,269.34,14.81
EK_0091_P06_03_frame_0000019450_l.jpg,0,308.12,5.61,307.80,5.61,307.55,5.67,307.35,5.66,307.34,5.57,307.53,5.10,307.39,4.95,307.42,5.07,307.51,5.24,307.68,4.94,307.62,4.98,307.65,5.16,307.70,5.37,307.91,4.95,307.82,4.98,307.85,5.15,307.92,5.36,308.09,4.99,308.03,4.99,308.04,5.13,308.07,5.30
EK_0091_P06_03_frame_0000020324_l.jpg,0,86.56,162.40,86.45,162.08,86.34,161.77,86.23,161.47,86.09,161.14,86.69,161.36,86.36,161.15,86.17,161.32,86.24,161.60,86.72,161.30,86.37,161.19,86.18,161.39,86.30,161.61,86.65,161.46,86.38,161.25,86.17,161.42,86.31,161.62,86.54,161.60,86.37,161.42,86.22,161.55,86.33,161.69
EK_0091_P06_03_frame_0000021078_r.jpg,0,950.07,101.29,950.01,101.11,950.08,101.02,950.17,100.89,950.29,100.82,950.37,100.82,950.49,100.82,950.40,100.95,950.28,101.09,950.55,100.91,950.58,100.96,950.46,101.08,950.29,101.18,950.61,101.09,950.62,101.09,950.49,101.18,950.31,101.25,950.63,101.26,950.62,101.23,950.53,101.26,950.39,101.29
EK_0091_P06_03_frame_0000022089_l.jpg,0,228.91,171.52,228.60,171.29,228.37,171.07,228.18,170.85,227.99,170.56,228.64,170.60,228.35,170.50,228.22,170.68,228.30,170.93,228.78,170.52,228.48,170.55,228.36,170.76,228.47,170.97,228.89,170.66,228.61,170.57,228.46,170.78,228.59,170.96,228.93,170.80,228.75,170.67,228.63,170.83,228.69,170.98
EK_0091_P06_03_frame_0000022119_r.jpg,0,923.02,183.42,922.92,183.37,923.01,183.35,923.06,183.26,923.18,183.25,923.01,183.04,923.09,182.92,923.15,182.95,923.22,183.00,923.16,182.99,923.22,182.91,923.26,183.02,923.25,183.15,923.29,183.06,923.29,183.10,923.23,183.24,923.14,183.32,923.38,183.15,923.36,183.22,923.29,183.32,923.19,183.39
EK_0091_P06_03_frame_0000022394_l.jpg,0,614.95,417.15,614.92,416.88,614.88,416.64,614.84,416.44,614.80,416.21,615.08,416.46,615.01,416.23,614.85,416.17,614.66,416.18,615.07,416.48,614.84,416.37,614.67,416.41,614.54,416.49,614.98,416.62,614.79,416.51,614.61,416.54,614.49,416.60,614.88,416.74,614.75,416.64,614.63,416.65,614.57,416.68
EK_0091_P06_03_frame_0000023783_l.jpg,0,689.91,462.39,690.00,462.15,690.03,461.93,690.07,461.76,690.10,461.55,690.23,461.84,690.22,461.63,690.08,461.58,689.94,461.60,690.17,461.86,690.00,461.71,689.91,461.78,689.92,461.92,690.03,461.95,689.92,461.79,689.84,461.88,689.89,462.01,689.90,462.02,689.84,461.88,689.75,461.82,689.69,461.78
EK_0091_P06_03_frame_0000025318_r.jpg,0,914.67,435.78,914.52,435.67,914.49,435.53,914.43,435.38,914.31,435.25,914.56,435.25,914.53,435.14,914.54,435.19,914.56,435.28,914.72,435.20,914.72,435.17,914.71,435.29,914.69,435.45,914.87,435.29,914.86,435.27,914.84,435.39,914.78,435.54,914.98,435.39,914.96,435.44,914.93,435.53,914.85,435.63
EK_0091_P06_03_frame_0000025361_l.jpg,0,141.93,357.93,142.12,357.73,142.16,357.57,142.19,357.46,142.21,357.40,142.43,357.72,142.44,357.59,142.33,357.48,142.20,357.38,142.37,357.80,142.32,357.64,142.21,357.52,142.10,357.40,142.20,357.85,142.15,357.67,142.05,357.53,141.96,357.43,142.06,357.87,142.03,357.73,141.98,357.61,141.92,357.47
EK_0091_P06_03_frame_0000025612_r.jpg,0,779.01,26.57,778.80,26.43,778.67,26.28,778.65,26.10,778.64,25.98,778.92,25.96,778.96,25.82,778.97,25.84,778.99,25.80,779.13,25.93,779.16,25.80,779.18,25.78,779.20,25.69,779.31,26.05,779.30,25.89,779.32,25.83,779.30,25.75,779.43,26.19,779.48,26.05,779.54,26.00,779.56,25.92
EK_0091_P06_03_frame_0000026007_l.jpg,0,600.50,325.27,600.52,325.01,600.49,324.79,600.47,324.62,600.44,324.44,600.65,324.66,600.68,324.46,600.65,324.33,600.60,324.18,600.60,324.70,600.39,324.60,600.23,324.59,600.08,324.59,600.49,324.84,600.31,324.73,600.14,324.70,599.98,324.63,600.38,324.95,600.25,324.86,600.13,324.82,599.99,324.74
EK_0091_P06_03_frame_0000028439_r.jpg,0,834.61,22.87,834.50,22.65,834.54,22.45,834.62,22.26,834.67,22.05,834.79,22.25,834.90,22.14,834.89,22.21,834.87,22.27,834.98,22.29,835.03,22.26,834.98,22.34,834.91,22.43,835.09,22.47,835.10,22.40,835.01,22.48,834.86,22.59,835.14,22.64,835.13,22.56,835.05,22.60,834.91,22.66
EK_0091_P06_03_frame_0000031202_r.jpg,0,712.99,185.95,713.01,185.87,713.15,185.78,713.27,185.65,713.48,185.55,713.09,185.44,713.27,185.32,713.41,185.35,713.56,185.38,713.18,185.36,713.36,185.27,713.48,185.34,713.59,185.43,713.26,185.43,713.39,185.33,713.53,185.38,713.62,185.46,713.34,185.51,713.42,185.44,713.50,185.45,713.58,185.48
EK_0091_P06_03_frame_0000032312_r.jpg,0,1056.98,278.92,1056.98,278.74,1057.08,278.53,1057.14,278.33,1057.29,278.10,1056.83,278.29,1057.02,278.13,1057.17,278.23,1057.33,278.32,1056.86,278.22,1057.09,278.17,1057.24,278.27,1057.37,278.40,1056.97,278.30,1057.14,278.23,1057.28,278.33,1057.36,278.48,1057.06,278.37,1057.18,278.35,1057.25,278.43,1057.29,278.57
EK_0091_P06_03_frame_0000032801_l.jpg,0,362.24,626.57,362.13,626.26,361.97,626.03,361.83,625.84,361.71,625.67,362.42,625.76,362.26,625.53,362.07,625.59,361.94,625.77,362.51,625.78,362.30,625.64,362.10,625.69,361.96,625.85,362.50,625.95,362.31,625.79,362.09,625.79,361.93,625.87,362.44,626.10,362.30,625.98,362.13,625.99,362.03,626.05
EK_0091_P06_03_frame_0000034862_r.jpg,0,844.52,639.00,844.69,638.90,844.82,638.79,844.89,638.62,845.03,638.48,844.74,638.45,844.95,638.37,844.96,638.52,844.88,638.67,844.70,638.37,844.93,638.37,844.94,638.53,844.84,638.67,844.68,638.42,844.88,638.39,844.91,638.56,844.80,638.67,844.68,638.50,844.82,638.45,844.88,638.56,844.84,638.67
EK_0091_P06_03_frame_0000036668_r.jpg,0,1161.91,724.78,1161.92,724.68,1161.91,724.49,1161.93,724.31,1161.92,724.22,1161.58,724.47,1161.69,724.29,1161.81,724.22,1161.96,724.18,1161.48,724.41,1161.61,724.24,1161.75,724.18,1161.91,724.14,1161.51,724.39,1161.61,724.22,1161.75,724.15,1161.91,724.10,1161.56,724.36,1161.60,724.23,1161.70,724.15,1161.83,724.11
EK_0091_P06_03_frame_0000039604_l.jpg,0,971.81,703.12,971.61,702.94,971.46,702.78,971.39,702.58,971.37,702.37,971.73,702.46,971.63,702.25,971.54,702.13,971.46,702.03,971.87,702.41,971.78,702.19,971.70,702.06,971.59,701.93,971.96,702.49,971.89,702.28,971.80,702.15,971.68,702.05,971.99,702.57,971.94,702.42,971.87,702.33,971.77,702.26
EK_0091_P06_03_frame_0000040198_l.jpg,0,638.52,434.41,638.34,434.25,638.24,434.04,638.22,433.83,638.19,433.59,638.47,433.77,638.34,433.56,638.21,433.55,638.06,433.52,638.58,433.69,638.41,433.55,638.26,433.56,638.08,433.57,638.64,433.74,638.49,433.58,638.32,433.57,638.14,433.61,638.65,433.81,638.55,433.67,638.42,433.66,638.26,433.68
EK_0091_P06_03_frame_0000040550_r.jpg,0,877.55,564.42,877.53,564.32,877.55,564.25,877.63,564.15,877.87,564.10,877.73,563.83,877.87,563.61,878.01,563.56,878.17,563.57,877.89,563.78,878.02,563.55,878.17,563.56,878.28,563.65,878.01,563.89,878.10,563.68,878.25,563.62,878.36,563.67,878.09,564.02,878.21,563.90,878.32,563.85,878.42,563.83
EK_0093_P06_05_frame_0000000353_r.jpg,0,907.55,353.22,907.51,353.21,907.52,353.23,907.56,353.19,907.71,353.11,907.51,352.88,907.55,352.78,907.65,352.84,907.75,352.95,907.59,352.79,907.67,352.69,907.76,352.78,907.85,352.90,907.69,352.79,907.77,352.74,907.87,352.82,907.97,352.92,907.77,352.83,907.83,352.77,907.90,352.82,907.95,352.92
EK_0093_P06_05_frame_0000000850_r.jpg,0,448.60,548.59,448.83,548.54,449.01,548.49,449.15,548.41,449.33,548.30,448.93,548.19,448.99,548.01,449.05,547.99,449.07,548.06,448.82,548.09,448.91,547.91,448.96,547.95,449.00,548.04,448.70,548.08,448.77,547.92,448.86,547.93,448.91,548.02,448.61,548.09,448.66,547.97,448.74,547.95,448.81,548.00
EK_0093_P06_05_frame_0000001034_r.jpg,0,630.10,398.48,630.26,398.21,630.57,398.01,630.77,397.78,630.82,397.46,630.18,397.43,630.44,397.16,630.68,397.07,630.97,397.00,630.18,397.34,630.54,397.21,630.82,397.17,631.12,397.11,630.24,397.48,630.55,397.33,630.84,397.29,631.11,397.31,630.33,397.64,630.53,397.50,630.75,397.47,630.93,397.57
EK_0093_P06_05_frame_0000002149_l.jpg,0,642.44,328.35,642.22,328.19,642.11,328.05,642.11,327.89,642.14,327.76,642.27,327.75,642.27,327.61,642.20,327.71,642.14,327.86,642.42,327.73,642.36,327.67,642.29,327.78,642.21,327.91,642.54,327.86,642.48,327.73,642.40,327.81,642.32,327.96,642.62,327.98,642.56,327.88,642.51,327.93,642.45,328.04
EK_0093_P06_05_frame_0000002488_r.jpg,0,769.90,616.38,769.95,616.03,770.21,615.85,770.40,615.68,770.50,615.49,769.78,615.43,770.00,615.22,770.24,615.18,770.44,615.24,769.81,615.44,770.09,615.25,770.34,615.25,770.51,615.36,769.93,615.64,770.14,615.40,770.39,615.36,770.55,615.47,770.06,615.80,770.18,615.61,770.34,615.49,770.50,615.48
EK_0093_P06_05_frame_0000003847_l.jpg,0,628.70,622.40,628.51,622.19,628.41,622.02,628.41,621.84,628.43,621.69,628.64,621.74,628.66,621.55,628.57,621.61,628.46,621.76,628.80,621.74,628.78,621.60,628.65,621.68,628.53,621.83,628.91,621.88,628.87,621.72,628.73,621.78,628.62,621.92,628.97,622.01,628.94,621.90,628.82,621.92,628.70,622.01
EK_0093_P06_05_frame_0000006640_l.jpg,0,619.00,754.16,618.83,753.96,618.73,753.76,618.74,753.56,618.76,753.33,619.01,753.56,618.99,753.32,618.91,753.23,618.84,753.25,619.18,753.53,619.11,753.32,619.00,753.30,618.90,753.40,619.28,753.61,619.19,753.42,619.07,753.40,618.98,753.49,619.33,753.67,619.25,753.55,619.15,753.55,619.07,753.62
EK_0093_P06_05_frame_0000010644_l.jpg,0,186.26,745.33,186.23,745.10,186.17,744.92,186.19,744.77,186.22,744.71,186.55,744.86,186.55,744.71,186.49,744.67,186.43,744.66,186.67,744.93,186.67,744.82,186.58,744.81,186.49,744.82,186.69,745.08,186.73,744.95,186.66,744.94,186.57,744.96,186.67,745.19,186.72,745.10,186.67,745.08,186.59,745.10
EK_0093_P06_05_frame_0000011121_r.jpg,0,616.48,554.94,616.45,554.66,616.51,554.38,616.63,554.15,616.88,553.96,616.41,554.07,616.57,553.80,616.75,553.71,616.92,553.70,616.52,554.04,616.65,553.77,616.83,553.69,616.98,553.69,616.67,554.19,616.71,553.91,616.85,553.78,616.94,553.73,616.81,554.33,616.87,554.13,616.94,554.04,616.95,554.05
EK_0093_P06_05_frame_0000011533_r.jpg,0,861.07,355.39,861.14,355.44,861.23,355.37,861.29,355.29,861.44,355.15,860.97,355.19,861.02,355.08,861.17,355.06,861.34,355.09,860.94,355.03,861.04,354.93,861.20,354.93,861.36,354.99,860.97,354.94,861.06,354.85,861.23,354.85,861.37,354.93,861.03,354.88,861.10,354.80,861.21,354.81,861.31,354.89
EK_0093_P06_05_frame_0000011882_r.jpg,0,495.87,706.08,495.87,705.84,495.80,705.66,495.71,705.45,495.78,705.34,495.50,705.42,495.49,705.13,495.56,704.96,495.66,704.76,495.45,705.38,495.43,705.10,495.47,704.90,495.51,704.68,495.53,705.45,495.41,705.23,495.39,705.02,495.39,704.80,495.63,705.51,495.52,705.36,495.46,705.21,495.43,705.02
EK_0093_P06_05_frame_0000012241_r.jpg,0,804.60,528.07,804.61,527.80,804.64,527.50,804.64,527.23,804.64,526.86,804.25,527.25,804.51,527.03,804.64,527.21,804.53,527.42,804.22,527.18,804.53,527.11,804.68,527.28,804.52,527.45,804.33,527.27,804.56,527.15,804.75,527.30,804.56,527.42,804.46,527.36,804.58,527.23,804.72,527.32,804.68,527.48
EK_0093_P06_05_frame_0000012569_r.jpg,0,672.11,605.12,672.55,604.89,672.73,604.52,672.85,604.18,672.84,603.87,673.08,604.48,673.35,604.17,673.18,603.95,672.93,603.95,672.90,604.36,673.01,603.97,672.87,603.83,672.75,603.94,672.55,604.33,672.58,603.95,672.49,603.92,672.51,604.08,672.26,604.29,672.25,604.03,672.27,603.93,672.38,603.98
EK_0093_P06_05_frame_0000013837_r.jpg,0,943.92,635.46,943.69,635.21,943.68,634.97,943.77,634.77,943.91,634.51,943.63,634.91,943.65,634.69,943.77,634.54,943.86,634.49,943.82,634.90,943.94,634.64,944.07,634.52,944.16,634.49,944.04,634.97,944.13,634.73,944.26,634.55,944.34,634.46,944.21,635.01,944.28,634.84,944.38,634.70,944.43,634.60
EK_0093_P06_05_frame_0000015341_r.jpg,0,848.17,244.15,848.13,244.06,848.14,244.08,848.21,244.14,848.31,244.28,848.40,243.95,848.43,244.02,848.35,244.10,848.24,244.17,848.51,244.03,848.49,244.11,848.40,244.18,848.28,244.23,848.53,244.15,848.51,244.19,848.42,244.27,848.30,244.32,848.52,244.25,848.48,244.28,848.40,244.32,848.30,244.34
EK_0093_P06_05_frame_0000015954_l.jpg,0,435.93,336.69,435.55,336.63,435.25,336.51,435.06,336.31,434.82,336.05,435.28,336.01,435.17,335.70,435.10,335.53,435.02,335.31,435.46,335.82,435.36,335.54,435.29,335.34,435.20,335.09,435.73,335.82,435.59,335.56,435.52,335.33,435.42,335.10,435.93,335.86,435.86,335.65,435.82,335.47,435.75,335.26
EK_0093_P06_05_frame_0000017558_l.jpg,0,279.75,441.54,279.43,441.43,279.23,441.17,279.14,440.90,279.05,440.53,279.49,440.88,279.30,440.58,279.14,440.48,279.03,440.50,279.66,440.70,279.42,440.46,279.24,440.48,279.13,440.65,279.80,440.67,279.54,440.50,279.35,440.56,279.31,440.77,279.86,440.67,279.65,440.58,279.52,440.67,279.49,440.84
EK_0093_P06_05_frame_0000017612_l.jpg,0,561.39,723.52,561.33,723.28,561.22,723.13,561.12,723.05,561.06,723.03,561.46,723.07,561.32,722.99,561.19,723.02,561.15,723.10,561.47,723.17,561.28,723.14,561.16,723.18,561.14,723.21,561.42,723.34,561.27,723.25,561.14,723.27,561.15,723.30,561.36,723.46,561.23,723.41,561.13,723.39,561.09,723.40
EK_0093_P06_05_frame_0000018049_r.jpg,0,659.22,420.69,659.46,420.81,659.67,420.84,659.85,420.82,660.08,420.78,659.80,420.59,659.99,420.47,660.13,420.40,660.29,420.32,659.79,420.42,659.98,420.32,660.13,420.25,660.29,420.17,659.67,420.31,659.85,420.25,660.01,420.18,660.18,420.13,659.58,420.25,659.70,420.17,659.81,420.09,659.93,420.02
EK_0093_P06_05_frame_0000019220_l.jpg,0,333.77,376.54,333.51,376.40,333.34,376.24,333.26,376.04,333.18,375.80,333.49,375.90,333.49,375.65,333.48,375.50,333.48,375.32,333.66,375.81,333.64,375.58,333.62,375.42,333.60,375.23,333.83,375.88,333.78,375.66,333.76,375.48,333.74,375.29,333.95,375.95,333.96,375.79,333.98,375.65,333.98,375.49
EK_0093_P06_05_frame_0000021700_r.jpg,0,771.19,157.64,771.09,157.42,771.08,157.23,771.17,157.09,771.27,157.06,771.34,157.04,771.37,156.90,771.34,156.92,771.32,156.94,771.52,157.08,771.58,156.90,771.59,156.84,771.58,156.78,771.61,157.25,771.62,157.12,771.55,157.14,771.45,157.17,771.66,157.39,771.68,157.35,771.60,157.39,771.48,157.43
EK_0093_P06_05_frame_0000023163_r.jpg,0,744.68,164.07,744.79,163.87,744.95,163.66,745.07,163.41,745.37,163.23,744.88,163.21,745.08,162.94,745.23,163.10,745.27,163.35,744.95,163.13,745.19,162.93,745.33,163.11,745.44,163.34,745.02,163.26,745.18,163.03,745.38,163.14,745.54,163.34,745.11,163.40,745.20,163.21,745.37,163.24,745.49,163.36
EK_0093_P06_05_frame_0000023599_r.jpg,0,953.33,610.80,953.22,610.75,953.27,610.67,953.24,610.56,953.31,610.49,953.16,610.34,953.21,610.23,953.29,610.33,953.36,610.46,953.27,610.24,953.36,610.18,953.42,610.31,953.44,610.48,953.42,610.26,953.45,610.17,953.50,610.29,953.49,610.46,953.55,610.31,953.57,610.23,953.58,610.31,953.53,610.42
EK_0093_P06_05_frame_0000023870_l.jpg,0,182.66,-20.62,182.52,-21.00,182.37,-21.41,182.25,-21.77,182.12,-22.15,182.82,-21.87,182.54,-22.24,182.22,-22.22,181.99,-21.96,182.87,-21.93,182.50,-22.18,182.19,-22.08,182.06,-21.82,182.79,-21.75,182.54,-22.06,182.20,-21.97,182.15,-21.73,182.67,-21.57,182.54,-21.83,182.29,-21.80,182.23,-21.63
EK_0093_P06_05_frame_0000024775_l.jpg,0,523.30,645.53,523.07,645.38,522.85,645.30,522.68,645.20,522.61,645.11,523.09,644.90,523.03,644.67,522.93,644.57,522.82,644.54,523.20,644.83,523.14,644.61,523.03,644.55,522.88,644.56,523.30,644.91,523.20,644.72,523.08,644.65,522.94,644.64,523.35,645.00,523.26,644.87,523.17,644.78,523.05,644.73
EK_0093_P06_05_frame_0000025707_r.jpg,0,780.15,398.07,780.29,397.90,780.47,397.66,780.61,397.43,780.70,397.12,780.14,397.27,780.32,396.99,780.54,397.03,780.69,397.22,780.10,397.13,780.42,397.13,780.63,397.25,780.80,397.44,780.14,397.18,780.42,397.20,780.63,397.35,780.79,397.54,780.21,397.25,780.39,397.20,780.53,397.31,780.58,397.46
EK_0093_P06_05_frame_0000025989_l.jpg,0,438.52,459.66,438.65,459.37,438.59,459.12,438.46,458.92,438.28,458.68,438.59,458.88,438.48,458.61,438.36,458.49,438.23,458.37,438.40,458.88,438.24,458.67,438.12,458.55,438.00,458.41,438.22,459.02,438.11,458.80,438.00,458.65,437.91,458.51,438.08,459.15,437.98,458.99,437.89,458.86,437.80,458.69
EK_0093_P06_05_frame_0000027192_r.jpg,0,496.44,541.15,496.54,540.94,496.74,540.75,496.96,540.65,497.16,540.81,496.83,540.43,497.12,540.46,497.24,540.62,497.26,540.80,496.94,540.44,497.22,540.47,497.30,540.67,497.26,540.85,496.99,540.62,497.25,540.59,497.39,540.75,497.43,540.91,497.04,540.79,497.23,540.73,497.39,540.78,497.54,540.87
EK_0093_P06_05_frame_0000029021_r.jpg,0,1081.96,732.20,1082.01,732.09,1082.05,731.93,1082.07,731.76,1082.13,731.53,1081.90,731.65,1082.03,731.52,1082.16,731.61,1082.19,731.74,1081.90,731.55,1082.11,731.54,1082.21,731.67,1082.26,731.84,1081.97,731.58,1082.13,731.53,1082.27,731.64,1082.28,731.82,1082.05,731.63,1082.13,731.55,1082.24,731.62,1082.28,731.74
EK_0093_P06_05_frame_0000029325_r.jpg,0,868.62,514.16,868.55,513.99,868.65,513.86,868.73,513.70,868.89,513.59,868.73,513.55,868.88,513.52,868.90,513.67,868.91,513.82,868.90,513.54,869.02,513.55,869.04,513.67,869.03,513.80,869.03,513.68,869.11,513.61,869.13,513.70,869.09,513.80,869.11,513.81,869.17,513.73,869.20,513.73,869.21,513.72
EK_0093_P06_05_frame_0000029591_l.jpg,0,395.20,326.48,394.89,326.41,394.69,326.34,394.58,326.22,394.51,326.11,394.74,325.88,394.64,325.70,394.60,325.76,394.59,325.91,394.90,325.78,394.79,325.73,394.77,325.87,394.74,326.05,395.10,325.84,394.97,325.80,394.95,325.94,394.92,326.13,395.25,325.93,395.16,325.90,395.13,326.02,395.11,326.18
EK_0093_P06_05_frame_0000030997_r.jpg,0,784.16,759.83,784.21,759.75,784.27,759.63,784.32,759.49,784.43,759.31,784.23,759.35,784.31,759.23,784.41,759.33,784.40,759.45,784.27,759.27,784.45,759.30,784.49,759.43,784.49,759.59,784.33,759.31,784.47,759.30,784.56,759.43,784.53,759.59,784.39,759.37,784.49,759.32,784.56,759.42,784.55,759.52
EK_0093_P06_05_frame_0000031803_r.jpg,0,885.09,559.63,885.36,559.53,885.55,559.37,885.69,559.22,885.82,558.97,885.58,559.14,885.73,558.96,885.72,558.91,885.61,559.01,885.44,559.02,885.50,558.91,885.43,559.00,885.33,559.13,885.23,559.01,885.33,558.91,885.27,558.96,885.17,559.04,885.07,559.01,885.15,558.92,885.12,558.95,885.07,559.04
EK_0093_P06_05_frame_0000032463_r.jpg,0,878.49,348.67,878.51,348.63,878.69,348.56,878.83,348.44,879.04,348.28,878.47,348.17,878.62,348.01,878.78,348.00,878.94,348.02,878.53,348.04,878.68,347.89,878.84,347.94,879.00,348.01,878.62,348.04,878.72,347.92,878.88,347.94,879.03,347.99,878.71,348.08,878.80,348.00,878.91,347.97,879.01,347.96
EK_0093_P06_05_frame_0000034776_r.jpg,0,1236.48,492.35,1236.38,492.29,1236.29,492.20,1236.36,492.15,1236.53,492.19,1236.66,491.94,1236.72,491.92,1236.74,492.03,1236.72,492.16,1236.87,491.93,1237.00,491.79,1237.03,491.91,1236.97,492.07,1236.99,492.05,1237.11,492.04,1237.05,492.20,1236.90,492.34,1237.07,492.19,1237.23,492.16,1237.24,492.23,1237.14,492.29
EK_0093_P06_05_frame_0000035940_r.jpg,0,802.88,353.07,802.98,352.97,803.31,352.96,803.60,352.95,803.99,353.03,803.40,352.38,803.75,352.27,803.86,352.46,803.84,352.69,803.58,352.32,803.89,352.35,803.94,352.59,803.86,352.81,803.66,352.48,803.88,352.45,803.99,352.66,803.92,352.84,803.71,352.65,803.84,352.59,803.88,352.71,803.78,352.84
EK_0093_P06_05_frame_0000038169_r.jpg,0,648.19,256.65,648.71,256.49,649.10,256.33,649.41,256.12,649.63,255.84,648.92,255.61,649.15,255.31,649.22,255.53,649.18,255.87,648.68,255.42,648.99,255.36,649.05,255.66,649.03,256.01,648.39,255.50,648.74,255.46,648.84,255.77,648.85,256.11,648.20,255.62,648.46,255.60,648.57,255.84,648.58,256.10
EK_0093_P06_05_frame_0000038612_l.jpg,0,426.31,530.42,426.07,530.36,425.88,530.13,425.74,529.90,425.54,529.60,426.28,529.99,426.25,529.67,426.11,529.49,425.93,529.38,426.46,529.82,426.33,529.52,426.15,529.38,425.92,529.34,426.54,529.74,426.41,529.48,426.22,529.33,425.99,529.33,426.56,529.68,426.44,529.51,426.28,529.40,426.10,529.41
EK_0093_P06_05_frame_0000038900_r.jpg,0,1095.97,685.54,1095.89,685.28,1095.94,685.02,1096.00,684.81,1096.05,684.51,1095.57,684.87,1095.75,684.65,1095.89,684.52,1096.06,684.39,1095.59,684.85,1095.79,684.67,1095.96,684.58,1096.13,684.49,1095.73,684.95,1095.83,684.76,1095.99,684.67,1096.09,684.64,1095.88,685.02,1095.91,684.88,1095.96,684.75,1096.04,684.71
EK_0093_P06_05_frame_0000040884_l.jpg,0,438.68,469.94,438.64,469.61,438.51,469.33,438.36,469.11,438.14,468.83,438.58,469.04,438.38,468.79,438.18,468.71,437.94,468.67,438.47,469.08,438.21,468.91,438.00,468.87,437.83,468.84,438.35,469.29,438.15,469.09,437.95,469.05,437.84,469.03,438.24,469.47,438.07,469.37,437.92,469.34,437.80,469.32
EK_0093_P06_05_frame_0000041232_r.jpg,0,754.89,632.82,754.93,632.70,755.06,632.63,755.21,632.55,755.46,632.60,755.15,632.28,755.28,632.08,755.43,632.08,755.54,632.18,755.27,632.25,755.43,632.09,755.53,632.17,755.56,632.32,755.34,632.37,755.44,632.20,755.56,632.23,755.62,632.36,755.40,632.49,755.48,632.36,755.58,632.33,755.64,632.36
EK_0093_P06_05_frame_0000041849_l.jpg,0,220.64,89.62,220.17,89.78,219.82,89.68,219.57,89.49,219.51,89.34,219.52,89.28,219.22,89.21,219.25,89.29,219.36,89.40,219.61,88.97,219.37,88.91,219.46,89.10,219.60,89.30,219.88,88.80,219.58,88.77,219.58,88.89,219.69,89.03,220.11,88.72,219.86,88.64,219.75,88.67,219.71,88.79
EK_0093_P06_05_frame_0000043266_l.jpg,0,422.84,378.52,422.57,378.36,422.41,378.17,422.36,377.96,422.28,377.71,422.56,377.85,422.59,377.59,422.59,377.44,422.60,377.28,422.74,377.76,422.77,377.51,422.79,377.33,422.79,377.14,422.91,377.83,422.93,377.60,422.95,377.41,422.94,377.22,423.02,377.91,423.04,377.74,423.07,377.60,423.07,377.44
EK_0093_P06_05_frame_0000044085_l.jpg,0,295.93,210.52,295.49,210.39,295.20,210.17,295.09,209.85,294.96,209.39,295.54,209.77,295.40,209.34,295.28,209.06,295.13,208.76,295.80,209.54,295.76,209.10,295.67,208.79,295.50,208.48,296.02,209.47,296.01,209.09,295.89,208.77,295.67,208.51,296.14,209.44,296.07,209.16,295.98,208.92,295.81,208.70
EK_0093_P06_05_frame_0000044347_l.jpg,0,627.39,472.30,627.16,472.13,627.05,471.91,627.01,471.71,626.93,471.50,627.24,471.63,627.07,471.47,626.95,471.44,626.84,471.40,627.38,471.55,627.26,471.34,627.12,471.36,626.98,471.45,627.49,471.62,627.43,471.40,627.28,471.38,627.13,471.48,627.53,471.70,627.50,471.53,627.38,471.48,627.24,471.54
EK_0093_P06_05_frame_0000044980_r.jpg,0,416.23,189.45,416.22,189.14,416.33,188.92,416.50,188.77,416.72,188.70,416.58,188.78,416.79,188.61,416.88,188.56,417.01,188.50,416.76,188.87,416.82,188.79,416.72,188.86,416.61,188.94,416.84,189.08,416.87,188.95,416.78,188.99,416.64,189.05,416.89,189.24,416.96,189.12,416.91,189.08,416.81,189.09
EK_0093_P06_05_frame_0000046270_l.jpg,0,670.26,401.19,670.02,401.16,669.85,401.09,669.77,400.98,669.79,400.89,669.88,400.83,669.75,400.75,669.68,400.75,669.62,400.79,669.99,400.78,669.91,400.66,669.84,400.66,669.76,400.69,670.14,400.84,670.10,400.70,670.04,400.70,669.95,400.77,670.24,400.92,670.19,400.84,670.14,400.83,670.07,400.86
EK_0093_P06_05_frame_0000046577_l.jpg,0,539.13,468.90,538.90,468.76,538.79,468.56,538.74,468.37,538.74,468.19,538.94,468.32,538.84,468.13,538.77,468.14,538.74,468.20,539.10,468.23,538.98,468.06,538.89,468.08,538.80,468.14,539.23,468.27,539.14,468.08,539.04,468.09,538.96,468.19,539.30,468.32,539.22,468.19,539.13,468.19,539.07,468.27
EK_0093_P06_05_frame_0000047388_l.jpg,0,600.55,534.02,600.41,533.79,600.31,533.60,600.22,533.45,600.19,533.38,600.60,533.37,600.42,533.30,600.29,533.31,600.15,533.36,600.71,533.39,600.50,533.37,600.36,533.40,600.20,533.44,600.74,533.53,600.57,533.43,600.42,533.47,600.25,533.53,600.74,533.65,600.65,533.53,600.53,533.51,600.41,533.55
EK_0093_P06_05_frame_0000047529_r.jpg,0,950.06,699.55,950.16,699.35,950.22,699.13,950.18,698.94,949.97,698.82,950.16,698.91,950.22,698.68,950.15,698.57,950.04,698.56,950.03,698.88,949.98,698.67,949.93,698.77,949.92,698.94,949.87,698.98,949.85,698.87,949.83,699.00,949.83,699.17,949.75,699.08,949.73,699.00,949.73,699.10,949.76,699.22
EK_0093_P06_05_frame_0000048033_l.jpg,0,620.94,366.11,620.70,365.97,620.54,365.84,620.44,365.70,620.40,365.59,620.69,365.50,620.54,365.39,620.44,365.47,620.37,365.61,620.81,365.45,620.65,365.39,620.54,365.49,620.44,365.62,620.92,365.55,620.79,365.42,620.66,365.49,620.56,365.64,620.98,365.66,620.90,365.54,620.79,365.57,620.69,365.65
EK_0093_P06_05_frame_0000049685_r.jpg,0,1151.78,634.17,1151.66,634.02,1151.61,633.85,1151.65,633.69,1151.76,633.58,1151.65,633.64,1151.70,633.48,1151.77,633.46,1151.80,633.46,1151.77,633.60,1151.88,633.51,1151.94,633.54,1151.99,633.57,1151.91,633.67,1151.98,633.54,1152.05,633.55,1152.08,633.57,1152.02,633.74,1152.07,633.63,1152.11,633.58,1152.12,633.55
EK_0093_P06_05_frame_0000049768_r.jpg,0,1001.85,147.26,1001.76,147.37,1001.77,147.35,1001.74,147.28,1001.80,147.19,1001.53,147.05,1001.62,147.02,1001.76,147.09,1001.90,147.20,1001.60,146.85,1001.71,146.88,1001.84,146.99,1001.97,147.14,1001.75,146.76,1001.80,146.74,1001.91,146.87,1002.02,147.03,1001.90,146.72,1001.94,146.69,1002.00,146.79,1002.05,146.93
EK_0093_P06_05_frame_0000050541_r.jpg,0,1056.45,348.33,1056.34,348.04,1056.38,347.76,1056.55,347.54,1056.84,347.40,1056.75,347.42,1057.01,347.32,1057.06,347.42,1057.01,347.48,1057.02,347.46,1057.23,347.25,1057.23,347.38,1057.11,347.55,1057.18,347.71,1057.33,347.43,1057.41,347.40,1057.42,347.42,1057.27,347.94,1057.39,347.73,1057.48,347.56,1057.57,347.38
EK_0093_P06_05_frame_0000050760_l.jpg,0,611.88,512.19,611.65,512.06,611.52,511.92,611.45,511.76,611.35,511.64,611.61,511.63,611.48,511.52,611.41,511.63,611.33,511.77,611.71,511.60,611.56,511.62,611.47,511.74,611.37,511.89,611.81,511.71,611.65,511.70,611.55,511.83,611.45,511.98,611.87,511.82,611.75,511.83,611.64,511.91,611.54,512.01
EK_0093_P06_05_frame_0000052427_r.jpg,0,891.69,685.80,891.82,685.68,891.96,685.54,892.08,685.39,892.23,685.19,891.73,685.24,891.81,685.02,891.97,684.99,892.09,685.11,891.69,685.14,891.91,685.10,892.05,685.19,892.12,685.36,891.69,685.18,891.88,685.13,892.03,685.22,892.05,685.40,891.72,685.23,891.84,685.18,891.97,685.23,891.99,685.35
EK_0093_P06_05_frame_0000053334_r.jpg,0,994.89,739.38,994.81,739.21,994.86,738.97,994.96,738.77,995.07,738.51,994.48,738.79,994.58,738.54,994.70,738.40,994.87,738.29,994.49,738.70,994.59,738.47,994.77,738.42,994.95,738.47,994.62,738.72,994.69,738.54,994.87,738.51,995.01,738.61,994.76,738.75,994.80,738.63,994.90,738.56,994.98,738.64
EK_0093_P06_05_frame_0000054716_l.jpg,0,902.31,566.91,902.06,566.85,901.93,566.80,901.85,566.70,901.90,566.62,901.96,566.40,901.91,566.30,901.91,566.40,901.93,566.55,902.11,566.31,902.07,566.24,902.06,566.36,902.04,566.54,902.30,566.36,902.22,566.31,902.19,566.43,902.14,566.60,902.43,566.44,902.37,566.46,902.33,566.55,902.28,566.68
EK_0093_P06_05_frame_0000054956_l.jpg,0,462.22,429.63,461.95,429.36,461.72,429.08,461.54,428.82,461.34,428.52,462.01,428.59,461.71,428.38,461.48,428.33,461.23,428.32,462.11,428.51,461.85,428.26,461.59,428.28,461.33,428.41,462.15,428.66,461.89,428.44,461.61,428.48,461.37,428.62,462.14,428.82,461.93,428.69,461.71,428.73,461.57,428.86
EK_0093_P06_05_frame_0000055164_r.jpg,0,691.94,591.32,692.05,591.16,692.23,590.99,692.38,590.82,692.57,590.63,692.12,590.63,692.31,590.44,692.46,590.34,692.65,590.26,692.16,590.58,692.33,590.39,692.50,590.30,692.69,590.24,692.20,590.69,692.31,590.49,692.46,590.37,692.64,590.32,692.26,590.81,692.33,590.67,692.42,590.55,692.52,590.48
EK_0093_P06_05_frame_0000055511_l.jpg,0,433.61,442.50,433.48,442.25,433.37,442.04,433.32,441.84,433.21,441.66,433.63,441.76,433.48,441.57,433.31,441.61,433.13,441.67,433.70,441.75,433.50,441.62,433.32,441.67,433.12,441.73,433.69,441.89,433.53,441.73,433.33,441.75,433.16,441.81,433.65,442.01,433.51,441.92,433.36,441.90,433.18,441.89
EK_0093_P06_05_frame_0000057468_r.jpg,0,790.16,490.57,790.18,490.34,790.41,490.16,790.58,489.96,790.92,489.89,790.29,489.69,790.56,489.62,790.70,489.79,790.83,489.94,790.43,489.63,790.69,489.54,790.83,489.69,790.92,489.89,790.56,489.79,790.74,489.59,790.91,489.69,790.99,489.85,790.68,489.95,790.79,489.76,790.94,489.70,791.03,489.71
EK_0093_P06_05_frame_0000059282_r.jpg,0,999.25,277.96,999.16,277.96,999.17,278.08,999.27,278.10,999.46,278.09,999.26,277.67,999.30,277.54,999.36,277.63,999.41,277.75,999.41,277.62,999.48,277.60,999.52,277.71,999.55,277.82,999.53,277.67,999.55,277.64,999.59,277.71,999.63,277.80,999.61,277.74,999.63,277.68,999.66,277.72,999.66,277.78
EK_0093_P06_05_frame_0000059466_r.jpg,0,776.10,577.79,776.28,577.71,776.48,577.59,776.66,577.49,776.90,577.34,776.27,577.23,776.44,577.03,776.61,577.03,776.78,577.12,776.23,577.10,776.47,577.04,776.65,577.08,776.81,577.19,776.21,577.12,776.41,577.06,776.61,577.07,776.74,577.18,776.22,577.17,776.33,577.08,776.47,577.06,776.57,577.12
EK_0093_P06_05_frame_0000060585_l.jpg,0,837.22,579.08,837.19,578.79,837.07,578.58,836.91,578.45,836.67,578.34,837.11,578.46,836.92,578.32,836.76,578.28,836.60,578.26,837.02,578.55,836.80,578.44,836.64,578.41,836.52,578.39,836.93,578.73,836.75,578.60,836.61,578.57,836.51,578.54,836.85,578.88,836.71,578.79,836.60,578.75,836.51,578.70
EK_0093_P06_05_frame_0000061353_r.jpg,0,864.23,377.16,864.53,376.91,864.55,376.60,864.52,376.32,864.45,375.95,864.44,376.39,864.35,376.07,864.40,376.02,864.48,376.05,864.20,376.31,864.21,375.98,864.24,375.77,864.28,375.51,863.99,376.37,864.08,376.09,864.16,375.85,864.23,375.60,863.84,376.43,863.95,376.24,864.04,376.07,864.17,375.83
EK_0093_P06_05_frame_0000061713_l.jpg,0,601.29,634.87,601.01,634.77,600.80,634.70,600.66,634.59,600.58,634.54,600.92,634.29,600.77,634.12,600.67,634.12,600.58,634.18,601.04,634.22,600.94,634.04,600.84,634.10,600.74,634.23,601.17,634.31,601.04,634.17,600.94,634.23,600.84,634.35,601.26,634.40,601.15,634.30,601.07,634.33,600.98,634.41
EK_0093_P06_05_frame_0000062403_r.jpg,0,770.83,402.99,770.89,402.82,771.09,402.60,771.23,402.37,771.46,402.10,770.75,402.20,771.02,402.01,771.23,402.01,771.46,402.02,770.78,402.07,771.06,401.94,771.28,401.98,771.51,402.03,770.88,402.13,771.09,401.99,771.32,402.01,771.51,402.06,770.99,402.21,771.14,402.12,771.29,402.10,771.44,402.11
EK_0093_P06_05_frame_0000066849_l.jpg,0,528.97,688.13,528.99,687.87,528.95,687.67,528.87,687.52,528.73,687.34,528.95,687.60,528.84,687.43,528.71,687.37,528.60,687.36,528.85,687.67,528.68,687.54,528.60,687.53,528.60,687.57,528.74,687.81,528.60,687.68,528.54,687.66,528.58,687.69,528.65,687.92,528.55,687.85,528.57,687.85,528.66,687.88
EK_0093_P06_05_frame_0000067107_l.jpg,0,1131.56,414.99,1131.25,415.01,1131.03,414.94,1130.90,414.78,1130.84,414.63,1130.91,414.54,1130.78,414.30,1130.74,414.21,1130.72,414.14,1131.04,414.36,1130.94,414.15,1130.90,414.05,1130.85,413.96,1131.27,414.32,1131.13,414.16,1131.05,414.04,1130.99,413.94,1131.45,414.33,1131.35,414.21,1131.27,414.12,1131.20,414.05
EK_0093_P06_05_frame_0000067996_l.jpg,0,753.15,570.36,753.22,570.06,753.26,569.83,753.25,569.65,753.21,569.40,753.11,569.73,753.00,569.52,752.91,569.37,752.81,569.20,752.95,569.79,752.83,569.58,752.73,569.43,752.63,569.25,752.81,569.94,752.74,569.74,752.63,569.58,752.55,569.40,752.70,570.06,752.64,569.93,752.56,569.80,752.49,569.65
EK_0093_P06_05_frame_0000068230_l.jpg,0,1322.81,766.82,1322.59,766.69,1322.44,766.61,1322.38,766.52,1322.37,766.46,1322.64,766.27,1322.48,766.30,1322.41,766.39,1322.36,766.50,1322.81,766.25,1322.76,766.24,1322.71,766.36,1322.65,766.52,1322.96,766.37,1322.88,766.36,1322.82,766.49,1322.77,766.64,1323.05,766.49,1322.98,766.47,1322.92,766.54,1322.86,766.64
EK_0093_P06_05_frame_0000068743_r.jpg,0,809.47,398.07,809.38,397.68,809.42,397.37,809.60,397.17,809.89,396.99,809.69,397.19,809.93,396.94,810.10,396.79,810.29,396.65,809.93,397.27,810.16,397.03,810.32,396.87,810.49,396.72,810.09,397.49,810.21,397.25,810.24,397.18,810.22,397.15,810.20,397.66,810.22,397.49,810.20,397.44,810.13,397.45
EK_0093_P06_05_frame_0000069872_r.jpg,0,1084.22,630.69,1084.36,630.58,1084.43,630.41,1084.49,630.26,1084.59,630.08,1084.30,630.21,1084.34,630.01,1084.43,629.92,1084.54,629.83,1084.23,630.13,1084.27,629.94,1084.38,629.86,1084.52,629.81,1084.21,630.17,1084.26,630.00,1084.36,629.89,1084.48,629.81,1084.21,630.21,1084.32,630.15,1084.43,630.10,1084.53,629.99
EK_0093_P06_05_frame_0000071354_l.jpg,0,300.72,375.92,300.82,375.72,300.69,375.50,300.53,375.28,300.27,375.07,300.83,375.03,300.76,374.68,300.63,374.49,300.46,374.29,300.66,374.93,300.48,374.66,300.29,374.52,300.10,374.34,300.46,375.04,300.33,374.81,300.14,374.67,299.98,374.53,300.29,375.17,300.14,375.04,300.00,374.95,299.86,374.84
EK_0093_P06_05_frame_0000071507_r.jpg,0,1081.80,679.41,1081.70,679.17,1081.79,678.98,1081.90,678.86,1082.12,678.72,1081.83,679.04,1081.98,678.86,1082.07,678.75,1082.16,678.64,1082.00,679.11,1082.16,678.93,1082.26,678.80,1082.37,678.64,1082.15,679.19,1082.24,679.00,1082.33,678.84,1082.42,678.67,1082.25,679.24,1082.33,679.11,1082.40,678.98,1082.47,678.83
EK_0093_P06_05_frame_0000072015_l.jpg,0,670.60,831.46,670.50,831.31,670.38,831.22,670.28,831.16,670.14,831.07,670.32,831.28,670.17,831.28,670.07,831.28,669.96,831.28,670.29,831.39,670.14,831.39,670.04,831.40,669.94,831.40,670.30,831.51,670.17,831.48,670.07,831.47,669.98,831.44,670.31,831.60,670.21,831.57,670.13,831.55,670.05,831.52
EK_0093_P06_05_frame_0000072255_l.jpg,0,657.84,679.60,657.80,679.40,657.76,679.23,657.72,679.09,657.62,678.92,657.73,679.18,657.68,679.01,657.58,678.94,657.47,678.86,657.67,679.25,657.56,679.12,657.45,679.05,657.34,678.98,657.62,679.39,657.52,679.28,657.40,679.21,657.29,679.13,657.57,679.50,657.49,679.47,657.39,679.43,657.31,679.38
EK_0093_P06_05_frame_0000072869_r.jpg,0,531.54,223.67,531.66,223.08,532.06,222.79,532.42,222.58,532.89,222.24,531.48,222.08,531.98,221.85,532.38,221.83,532.73,221.96,531.54,222.11,532.03,221.84,532.44,221.86,532.79,222.01,531.70,222.45,532.09,222.12,532.52,222.04,532.88,222.07,531.89,222.75,532.10,222.46,532.37,222.28,532.64,222.25
EK_0093_P06_05_frame_0000077713_l.jpg,0,461.56,510.01,461.32,509.81,461.21,509.57,461.19,509.34,461.30,509.15,461.44,509.37,461.39,509.10,461.33,509.13,461.32,509.25,461.64,509.29,461.56,509.05,461.48,509.11,461.43,509.25,461.79,509.34,461.69,509.11,461.59,509.12,461.56,509.24,461.87,509.38,461.77,509.23,461.71,509.25,461.69,509.35
EK_0093_P06_05_frame_0000078631_r.jpg,0,881.24,470.98,881.16,470.77,881.25,470.60,881.35,470.42,881.55,470.30,881.33,470.28,881.50,470.13,881.58,470.18,881.64,470.24,881.51,470.28,881.66,470.17,881.72,470.23,881.76,470.29,881.65,470.43,881.74,470.28,881.82,470.28,881.83,470.31,881.75,470.58,881.81,470.46,881.85,470.43,881.86,470.41
EK_0093_P06_05_frame_0000078771_r.jpg,0,1358.03,753.52,1358.26,753.48,1358.40,753.33,1358.43,753.23,1358.34,753.20,1358.25,753.14,1358.32,753.16,1358.32,753.33,1358.30,753.46,1358.07,753.12,1358.09,753.24,1358.11,753.40,1358.16,753.49,1357.90,753.22,1357.94,753.32,1357.98,753.49,1358.05,753.59,1357.78,753.33,1357.80,753.39,1357.84,753.52,1357.88,753.59
EK_0093_P06_05_frame_0000078861_r.jpg,0,767.56,350.90,767.65,350.99,767.67,350.96,767.68,350.89,767.69,350.79,767.58,350.82,767.76,350.74,767.89,350.71,768.03,350.64,767.55,350.66,767.74,350.62,767.89,350.60,768.04,350.55,767.57,350.56,767.70,350.53,767.84,350.52,767.99,350.52,767.61,350.49,767.64,350.43,767.72,350.44,767.80,350.48
EK_0093_P06_05_frame_0000079316_r.jpg,0,1210.61,467.13,1210.51,467.16,1210.41,467.13,1210.38,466.99,1210.44,466.84,1210.31,466.79,1210.38,466.78,1210.48,466.86,1210.57,466.99,1210.38,466.63,1210.48,466.64,1210.58,466.77,1210.68,466.92,1210.53,466.58,1210.54,466.50,1210.65,466.63,1210.73,466.79,1210.67,466.57,1210.64,466.44,1210.69,466.47,1210.72,466.57
EK_0093_P06_05_frame_0000079395_r.jpg,0,1454.81,365.01,1454.70,364.74,1454.73,364.51,1454.77,364.30,1454.83,364.08,1454.78,364.22,1454.92,364.08,1455.00,364.12,1455.08,364.20,1454.97,364.21,1455.11,363.98,1455.23,363.89,1455.32,363.81,1455.14,364.36,1455.21,364.13,1455.29,364.05,1455.32,364.00,1455.27,364.50,1455.28,364.32,1455.31,364.21,1455.35,364.11
EK_0093_P06_05_frame_0000079672_l.jpg,0,394.30,91.63,394.08,91.46,393.94,91.33,393.91,91.20,393.97,91.16,394.17,91.01,394.04,90.90,393.95,90.93,393.88,90.99,394.33,91.00,394.25,90.93,394.17,91.00,394.09,91.10,394.45,91.13,394.38,91.01,394.30,91.06,394.25,91.16,394.52,91.26,394.46,91.17,394.41,91.20,394.36,91.28
EK_0093_P06_05_frame_0000080543_l.jpg,0,567.92,317.54,567.97,317.30,567.94,317.12,567.84,317.03,567.68,317.00,568.00,317.21,567.87,317.11,567.76,317.04,567.68,316.98,567.90,317.31,567.74,317.18,567.65,317.11,567.59,317.05,567.78,317.43,567.66,317.28,567.61,317.21,567.62,317.19,567.68,317.51,567.61,317.39,567.62,317.37,567.69,317.40
EK_0093_P06_05_frame_0000080762_l.jpg,0,587.14,516.54,587.14,516.25,587.03,516.00,586.92,515.78,586.76,515.52,587.25,515.74,587.16,515.47,586.98,515.42,586.80,515.49,587.18,515.74,586.95,515.58,586.76,515.60,586.62,515.68,587.05,515.89,586.88,515.71,586.69,515.70,586.57,515.75,586.93,516.03,586.81,515.89,586.69,515.88,586.63,515.93
EK_0093_P06_05_frame_0000083486_r.jpg,0,885.98,711.17,885.85,710.96,885.77,710.79,885.73,710.67,885.74,710.60,885.99,710.64,885.83,710.59,885.74,710.69,885.71,710.83,886.08,710.69,885.90,710.69,885.79,710.79,885.73,710.90,886.11,710.84,885.96,710.77,885.83,710.86,885.78,710.93,886.10,710.97,886.01,710.89,885.91,710.96,885.89,711.02
EK_0093_P06_05_frame_0000084636_r.jpg,0,1042.93,168.47,1043.09,168.44,1043.18,168.37,1043.23,168.34,1043.26,168.21,1042.98,168.36,1042.94,168.30,1042.98,168.20,1043.06,168.08,1042.85,168.29,1042.83,168.19,1042.88,168.08,1042.96,167.96,1042.75,168.22,1042.72,168.16,1042.76,168.04,1042.83,167.92,1042.71,168.16,1042.67,168.09,1042.69,168.00,1042.75,167.92
EK_0093_P06_05_frame_0000085468_r.jpg,0,934.23,524.51,934.23,524.61,934.34,524.55,934.46,524.47,934.64,524.35,934.11,524.35,934.27,524.30,934.41,524.30,934.56,524.32,934.14,524.19,934.33,524.21,934.48,524.25,934.64,524.30,934.23,524.10,934.37,524.12,934.52,524.18,934.65,524.27,934.32,524.06,934.43,524.07,934.52,524.16,934.55,524.28
EK_0093_P06_05_frame_0000085659_r.jpg,0,626.35,387.09,626.43,387.06,626.54,386.85,626.66,386.66,626.95,386.51,626.31,386.55,626.60,386.46,626.80,386.48,627.03,386.51,626.31,386.36,626.61,386.35,626.83,386.36,627.08,386.35,626.39,386.32,626.61,386.23,626.84,386.23,627.06,386.26,626.48,386.33,626.65,386.23,626.81,386.25,626.96,386.33
EK_0093_P06_05_frame_0000086084_l.jpg,0,352.96,721.42,353.07,721.21,353.05,721.04,353.01,720.93,352.95,720.88,353.23,721.07,353.22,720.94,353.14,720.84,353.04,720.73,353.15,721.12,353.07,720.98,352.98,720.87,352.89,720.75,353.01,721.20,352.93,721.06,352.82,720.95,352.75,720.83,352.89,721.25,352.82,721.15,352.75,721.06,352.67,720.93
EK_0097_P09_02_frame_0000002685_l.jpg,0,495.13,447.32,494.81,447.28,494.60,447.16,494.43,447.03,494.26,446.93,494.61,446.77,494.39,446.63,494.27,446.65,494.17,446.68,494.72,446.63,494.51,446.51,494.37,446.54,494.24,446.62,494.88,446.64,494.67,446.58,494.55,446.64,494.44,446.74,494.99,446.70,494.83,446.65,494.73,446.70,494.63,446.80
EK_0097_P09_02_frame_0000003094_l.jpg,0,627.23,565.42,627.09,565.23,626.93,565.04,626.78,564.86,626.54,564.67,627.23,564.70,627.08,564.47,626.90,564.43,626.70,564.41,627.29,564.63,627.12,564.43,626.92,564.43,626.71,564.47,627.27,564.72,627.08,564.57,626.87,564.57,626.67,564.61,627.23,564.80,627.08,564.70,626.93,564.66,626.76,564.63
EK_0097_P09_02_frame_0000003785_r.jpg,0,732.12,288.56,732.21,288.54,732.45,288.53,732.65,288.44,732.95,288.42,732.59,288.13,732.86,288.10,732.96,288.26,733.02,288.47,732.74,288.09,732.99,288.15,733.06,288.34,733.08,288.57,732.78,288.18,732.99,288.23,733.10,288.40,733.16,288.59,732.81,288.30,732.95,288.31,733.03,288.41,733.08,288.55
EK_0097_P09_02_frame_0000004003_l.jpg,0,649.02,463.87,648.86,463.66,648.68,463.52,648.52,463.40,648.35,463.28,649.04,463.22,649.03,462.98,648.94,462.89,648.81,462.82,649.17,463.19,649.06,463.02,648.95,462.95,648.81,462.88,649.22,463.29,649.12,463.12,649.00,463.04,648.85,462.99,649.23,463.39,649.16,463.27,649.06,463.21,648.94,463.16
EK_0097_P09_02_frame_0000004776_r.jpg,0,1046.33,740.83,1046.38,740.88,1046.46,740.88,1046.54,740.87,1046.63,740.80,1046.27,740.68,1046.36,740.59,1046.47,740.57,1046.60,740.56,1046.25,740.56,1046.40,740.52,1046.52,740.53,1046.65,740.58,1046.28,740.48,1046.39,740.45,1046.52,740.46,1046.62,740.54,1046.33,740.44,1046.41,740.43,1046.50,740.44,1046.56,740.50
EK_0097_P09_02_frame_0000005376_r.jpg,0,805.10,534.52,805.14,534.49,805.16,534.41,805.17,534.34,805.21,534.26,805.11,534.27,805.16,534.17,805.21,534.12,805.25,534.05,805.12,534.22,805.18,534.14,805.24,534.09,805.28,534.03,805.14,534.23,805.18,534.16,805.24,534.10,805.28,534.06,805.17,534.25,805.18,534.19,805.20,534.14,805.23,534.11
EK_0097_P09_02_frame_0000006606_l.jpg,0,487.00,548.24,486.65,548.15,486.36,548.18,486.11,548.16,486.03,548.13,486.45,547.55,486.28,547.29,486.12,547.32,485.98,547.43,486.57,547.44,486.32,547.38,486.17,547.51,486.03,547.70,486.74,547.52,486.49,547.48,486.32,547.61,486.17,547.78,486.84,547.63,486.67,547.58,486.52,547.65,486.37,547.78
EK_0097_P09_02_frame_0000006972_l.jpg,0,-91.08,-77.59,-91.37,-78.03,-91.50,-78.47,-91.56,-78.87,-91.63,-79.37,-90.90,-78.78,-90.76,-79.26,-90.95,-79.34,-91.21,-79.20,-90.56,-78.82,-90.69,-79.20,-90.95,-79.15,-91.23,-78.93,-90.39,-78.65,-90.60,-78.99,-90.89,-78.92,-91.17,-78.69,-90.32,-78.51,-90.51,-78.74,-90.75,-78.68,-90.97,-78.52
EK_0097_P09_02_frame_0000007794_r.jpg,0,1183.06,273.59,1183.35,273.58,1183.59,273.56,1183.80,273.51,1184.06,273.38,1183.52,273.15,1183.80,273.11,1183.93,273.19,1184.05,273.29,1183.43,272.98,1183.68,273.00,1183.76,273.13,1183.76,273.32,1183.30,272.93,1183.54,272.92,1183.68,273.02,1183.72,273.20,1183.21,272.92,1183.36,272.83,1183.49,272.90,1183.55,273.04
EK_0097_P09_02_frame_0000009381_r.jpg,0,1078.01,264.84,1078.05,264.96,1078.15,265.13,1078.28,265.27,1078.48,265.43,1078.42,264.80,1078.62,264.83,1078.71,264.96,1078.73,265.14,1078.57,264.75,1078.78,264.80,1078.88,264.94,1078.91,265.13,1078.62,264.76,1078.81,264.78,1078.95,264.92,1078.99,265.08,1078.63,264.81,1078.79,264.85,1078.90,264.94,1078.99,265.06
EK_0097_P09_02_frame_0000012408_r.jpg,0,1040.34,591.27,1040.54,591.27,1040.77,591.17,1040.93,591.00,1041.13,590.75,1040.69,590.77,1040.83,590.54,1041.00,590.61,1041.02,590.79,1040.70,590.60,1040.97,590.53,1041.05,590.69,1041.02,590.91,1040.69,590.60,1040.92,590.55,1041.09,590.68,1041.05,590.90,1040.70,590.63,1040.83,590.52,1040.99,590.56,1041.02,590.70
EK_0097_P09_02_frame_0000014385_r.jpg,0,912.14,564.54,912.07,564.41,912.16,564.33,912.32,564.26,912.54,564.28,912.37,564.06,912.53,563.98,912.57,564.06,912.61,564.16,912.55,564.10,912.62,564.12,912.56,564.26,912.45,564.41,912.65,564.25,912.67,564.24,912.61,564.37,912.49,564.51,912.70,564.40,912.72,564.33,912.70,564.36,912.63,564.41
EK_0097_P09_02_frame_0000015256_l.jpg,0,1086.18,702.91,1086.27,702.66,1086.27,702.46,1086.22,702.33,1086.07,702.34,1086.39,702.51,1086.27,702.39,1086.14,702.35,1086.04,702.33,1086.30,702.60,1086.15,702.45,1086.02,702.39,1085.93,702.35,1086.15,702.71,1086.04,702.55,1085.92,702.47,1085.86,702.42,1086.03,702.79,1085.94,702.68,1085.85,702.59,1085.81,702.52
EK_0097_P09_02_frame_0000015488_l.jpg,0,746.05,730.87,745.90,730.62,745.76,730.44,745.65,730.29,745.50,730.16,745.89,730.27,745.72,730.15,745.56,730.20,745.41,730.29,745.91,730.35,745.67,730.37,745.57,730.48,745.54,730.58,745.90,730.54,745.69,730.55,745.62,730.65,745.64,730.73,745.87,730.70,745.73,730.69,745.69,730.75,745.74,730.81
EK_0097_P09_02_frame_0000015822_r.jpg,0,1310.90,405.48,1311.07,405.43,1311.28,405.37,1311.46,405.31,1311.70,405.26,1311.15,404.99,1311.37,404.89,1311.52,404.93,1311.69,404.98,1311.13,404.87,1311.34,404.77,1311.49,404.85,1311.63,404.97,1311.12,404.89,1311.29,404.82,1311.46,404.88,1311.60,404.99,1311.12,404.94,1311.24,404.88,1311.37,404.90,1311.48,404.97
EK_0097_P09_02_frame_0000016728_l.jpg,0,725.65,611.10,725.59,610.85,725.47,610.72,725.42,610.61,725.28,610.54,725.65,610.65,725.65,610.55,725.56,610.49,725.45,610.43,725.63,610.76,725.58,610.68,725.45,610.64,725.32,610.57,725.58,610.92,725.51,610.83,725.37,610.78,725.24,610.71,725.51,611.05,725.43,610.99,725.33,610.95,725.23,610.88
EK_0097_P09_02_frame_0000016938_l.jpg,0,978.07,650.75,977.79,650.63,977.59,650.56,977.46,650.45,977.50,650.41,977.73,650.11,977.62,649.91,977.57,650.03,977.58,650.22,977.89,650.03,977.80,649.89,977.72,650.01,977.65,650.19,978.06,650.11,977.94,649.98,977.86,650.10,977.78,650.27,978.17,650.21,978.08,650.12,978.01,650.20,977.94,650.33
EK_0097_P09_02_frame_0000017300_r.jpg,0,1304.20,600.37,1304.29,600.18,1304.38,599.95,1304.48,599.76,1304.69,599.59,1304.79,600.18,1304.95,599.97,1304.98,599.80,1304.97,599.62,1304.91,600.24,1304.93,600.00,1304.83,599.86,1304.65,599.78,1304.89,600.28,1304.87,600.05,1304.72,599.92,1304.53,599.86,1304.84,600.27,1304.81,600.11,1304.70,600.00,1304.55,599.96
EK_0097_P09_02_frame_0000019010_r.jpg,0,1362.99,498.03,1362.99,498.03,1363.04,498.07,1363.13,498.00,1363.34,497.86,1363.02,497.62,1363.09,497.49,1363.19,497.48,1363.34,497.48,1363.12,497.49,1363.22,497.36,1363.35,497.38,1363.49,497.44,1363.22,497.49,1363.25,497.36,1363.37,497.34,1363.50,497.36,1363.32,497.53,1363.34,497.39,1363.41,497.33,1363.48,497.33
EK_0097_P09_02_frame_0000019220_l.jpg,0,900.33,649.34,900.23,649.09,900.07,648.94,899.93,648.87,899.74,648.79,900.11,648.85,899.97,648.73,899.83,648.76,899.73,648.82,900.06,648.95,899.84,648.93,899.69,648.96,899.54,648.98,900.02,649.14,899.82,649.10,899.66,649.10,899.51,649.10,899.98,649.28,899.83,649.26,899.72,649.25,899.62,649.23
EK_0097_P09_02_frame_0000019460_r.jpg,0,1168.05,556.40,1168.08,556.44,1168.17,556.41,1168.23,556.34,1168.34,556.19,1167.99,556.20,1168.13,556.12,1168.24,556.16,1168.29,556.26,1167.99,556.06,1168.16,556.03,1168.28,556.06,1168.39,556.14,1168.04,556.00,1168.17,555.96,1168.30,555.98,1168.43,556.05,1168.10,555.98,1168.12,555.89,1168.21,555.87,1168.28,555.91
EK_0097_P09_02_frame_0000020928_r.jpg,0,1068.36,501.86,1068.64,501.71,1068.73,501.47,1068.79,501.26,1068.84,500.97,1068.74,501.35,1068.80,501.09,1068.81,500.93,1068.85,500.74,1068.57,501.27,1068.59,501.02,1068.59,500.85,1068.64,500.65,1068.36,501.27,1068.46,501.06,1068.47,500.87,1068.56,500.69,1068.21,501.27,1068.29,501.12,1068.33,500.97,1068.43,500.81
EK_0097_P09_02_frame_0000021863_r.jpg,0,1314.40,393.22,1314.57,392.98,1314.77,392.87,1314.87,392.72,1314.79,392.49,1314.46,392.65,1314.49,392.42,1314.49,392.34,1314.48,392.32,1314.28,392.66,1314.25,392.44,1314.24,392.34,1314.25,392.33,1314.11,392.74,1314.06,392.57,1314.03,392.40,1314.06,392.29,1314.00,392.81,1313.88,392.73,1313.83,392.62,1313.86,392.52
EK_0107_P21_01_frame_0000000187_r.jpg,0,1184.41,651.03,1184.55,650.94,1184.69,650.75,1184.84,650.62,1185.06,650.45,1184.34,650.60,1184.44,650.37,1184.59,650.31,1184.76,650.27,1184.23,650.48,1184.43,650.35,1184.59,650.30,1184.78,650.27,1184.20,650.46,1184.36,650.34,1184.54,650.28,1184.73,650.30,1184.21,650.44,1184.30,650.36,1184.43,650.30,1184.59,650.29
EK_0107_P21_01_frame_0000004401_r.jpg,0,658.87,481.05,659.06,481.10,659.22,480.98,659.36,480.87,659.60,480.81,659.22,480.79,659.43,480.71,659.56,480.70,659.73,480.71,659.20,480.63,659.42,480.61,659.57,480.60,659.74,480.56,659.16,480.58,659.33,480.51,659.49,480.47,659.66,480.48,659.13,480.56,659.25,480.49,659.38,480.44,659.52,480.42
EK_0107_P21_01_frame_0000005308_l.jpg,0,202.14,412.96,202.03,412.68,201.90,412.45,201.79,412.25,201.67,412.04,202.25,412.20,202.10,412.01,201.92,412.03,201.73,412.11,202.32,412.23,202.10,412.11,201.91,412.15,201.71,412.21,202.31,412.39,202.13,412.23,201.93,412.26,201.76,412.31,202.26,412.53,202.16,412.38,202.00,412.37,201.88,412.43
EK_0107_P21_01_frame_0000005458_r.jpg,0,519.32,370.30,519.32,369.99,519.47,369.76,519.70,369.66,519.95,369.73,519.65,369.52,519.88,369.54,519.95,369.65,520.01,369.73,519.84,369.59,520.06,369.56,520.10,369.67,520.10,369.79,519.94,369.81,520.16,369.65,520.26,369.73,520.26,369.81,520.01,370.00,520.16,369.86,520.30,369.78,520.41,369.73
EK_0107_P21_01_frame_0000007853_r.jpg,0,687.92,471.78,687.77,471.72,687.67,471.58,687.72,471.43,687.84,471.36,687.80,471.31,687.82,471.26,687.83,471.33,687.83,471.39,687.95,471.24,687.98,471.19,687.98,471.29,687.98,471.37,688.11,471.31,688.13,471.18,688.13,471.25,688.11,471.32,688.23,471.39,688.27,471.27,688.26,471.28,688.23,471.34
EK_0107_P21_01_frame_0000008037_l.jpg,0,386.81,369.82,386.72,369.95,386.66,370.10,386.64,370.09,386.70,370.00,386.56,369.70,386.57,369.69,386.66,369.77,386.77,369.89,386.64,369.53,386.66,369.49,386.76,369.57,386.85,369.71,386.79,369.44,386.80,369.37,386.89,369.41,386.95,369.52,386.93,369.41,386.97,369.35,387.03,369.35,387.06,369.43
EK_0107_P21_01_frame_0000009100_l.jpg,0,277.17,409.79,276.75,409.52,276.45,409.31,276.46,408.98,276.60,408.96,276.80,408.67,276.72,408.27,276.65,408.04,276.60,407.84,277.08,408.57,277.00,408.18,276.93,407.91,276.85,407.63,277.34,408.72,277.18,408.44,277.05,408.32,276.94,408.23,277.50,408.88,277.34,408.73,277.24,408.72,277.14,408.79
EK_0107_P21_01_frame_0000009729_l.jpg,0,365.75,508.45,365.62,508.24,365.52,508.00,365.39,507.75,365.18,507.58,365.58,507.57,365.39,507.29,365.16,507.24,364.91,507.30,365.54,507.50,365.27,507.33,365.03,507.36,364.81,507.48,365.49,507.64,365.21,507.54,364.99,507.65,364.83,507.82,365.41,507.78,365.22,507.70,365.06,507.75,364.93,507.86
EK_0107_P21_01_frame_0000010525_r.jpg,0,596.16,480.60,596.28,480.54,596.49,480.46,596.66,480.39,596.89,480.34,596.43,480.08,596.61,479.91,596.78,479.89,596.97,479.91,596.48,479.98,596.69,479.86,596.86,479.88,597.04,479.94,596.51,480.04,596.69,479.94,596.88,479.95,597.05,479.99,596.54,480.12,596.70,480.08,596.84,480.06,597.00,480.03
EK_0107_P21_01_frame_0000010944_r.jpg,0,535.80,493.54,535.81,493.31,536.00,493.20,536.19,493.09,536.46,493.04,536.11,492.85,536.32,492.75,536.43,492.80,536.53,492.87,536.27,492.88,536.45,492.75,536.55,492.80,536.62,492.88,536.36,493.07,536.52,492.90,536.64,492.90,536.72,492.92,536.42,493.24,536.56,493.16,536.61,493.15,536.58,493.18
EK_0107_P21_01_frame_0000011668_r.jpg,0,642.79,281.91,642.90,281.88,643.09,281.82,643.22,281.71,643.44,281.60,642.96,281.47,643.00,281.25,643.08,281.13,643.20,281.01,642.99,281.35,643.08,281.16,643.24,281.14,643.41,281.16,643.01,281.37,643.11,281.21,643.27,281.15,643.43,281.12,643.05,281.41,643.12,281.29,643.23,281.22,643.35,281.17
EK_0107_P21_01_frame_0000013695_r.jpg,0,750.74,437.32,750.69,437.19,750.76,437.21,750.87,437.19,751.02,437.25,751.02,436.78,751.23,436.68,751.35,436.74,751.47,436.82,751.22,436.79,751.42,436.71,751.50,436.80,751.56,436.91,751.33,436.95,751.47,436.91,751.55,436.99,751.57,437.07,751.40,437.11,751.44,437.16,751.46,437.23,751.46,437.30
EK_0107_P21_01_frame_0000017058_r.jpg,0,808.66,305.48,808.82,305.41,809.05,305.45,809.28,305.45,809.62,305.48,809.19,304.89,809.50,304.79,809.68,304.91,809.80,305.12,809.30,304.82,809.61,304.86,809.70,305.06,809.69,305.30,809.33,304.94,809.58,304.96,809.68,305.17,809.68,305.38,809.34,305.08,809.52,305.13,809.60,305.26,809.59,305.40
EK_0107_P21_01_frame_0000017861_r.jpg,0,735.07,426.60,735.41,426.45,735.63,426.27,735.82,426.10,736.11,425.98,735.43,425.76,735.61,425.48,735.78,425.49,735.98,425.56,735.29,425.61,735.54,425.44,735.74,425.48,735.99,425.56,735.17,425.67,735.45,425.54,735.69,425.55,735.95,425.64,735.11,425.75,735.31,425.64,735.52,425.62,735.77,425.62
EK_0107_P21_01_frame_0000018958_r.jpg,0,688.32,16.09,688.43,16.04,688.70,16.06,688.93,16.01,689.26,16.05,688.84,15.59,689.13,15.65,689.25,15.81,689.43,15.94,688.98,15.55,689.21,15.70,689.31,15.89,689.43,16.09,689.02,15.67,689.21,15.78,689.30,15.97,689.35,16.17,689.04,15.81,689.17,15.90,689.20,16.04,689.25,16.20
EK_0107_P21_01_frame_0000020279_r.jpg,0,872.70,705.58,873.01,705.58,873.20,705.45,873.30,705.26,873.17,705.04,873.26,705.28,873.41,705.07,873.44,704.96,873.48,704.93,873.16,705.12,873.31,704.92,873.40,704.83,873.51,704.85,872.98,705.03,873.16,704.89,873.28,704.83,873.39,704.86,872.85,704.98,872.96,704.85,873.08,704.83,873.16,704.93
EK_0107_P21_01_frame_0000020990_r.jpg,0,562.72,518.71,562.77,518.36,562.95,518.12,563.21,518.03,563.43,518.13,563.33,518.00,563.42,518.01,563.33,518.11,563.24,518.20,563.53,518.16,563.73,518.06,563.64,518.11,563.51,518.16,563.57,518.44,563.69,518.32,563.56,518.36,563.40,518.42,563.56,518.66,563.68,518.55,563.62,518.54,563.49,518.55
EK_0107_P21_01_frame_0000021845_r.jpg,0,707.69,38.77,707.86,38.89,708.05,38.85,708.18,38.77,708.35,38.56,707.98,38.58,708.25,38.60,708.27,38.69,708.14,38.78,707.99,38.38,708.24,38.45,708.30,38.57,708.21,38.71,707.99,38.28,708.22,38.33,708.29,38.48,708.20,38.62,708.01,38.23,708.11,38.14,708.24,38.22,708.24,38.36
EK_0107_P21_01_frame_0000022141_l.jpg,0,311.81,412.16,311.55,412.03,311.40,411.84,311.29,411.65,311.10,411.46,311.53,411.52,311.35,411.33,311.24,411.36,311.15,411.44,311.66,411.41,311.49,411.27,311.35,411.32,311.23,411.45,311.79,411.46,311.64,411.29,311.49,411.33,311.36,411.46,311.86,411.52,311.74,411.42,311.61,411.44,311.48,411.53
EK_0107_P21_01_frame_0000022335_r.jpg,0,602.45,328.59,602.59,328.58,602.83,328.54,603.04,328.50,603.33,328.56,602.80,328.14,603.06,328.16,603.16,328.30,603.25,328.47,602.86,328.03,603.11,328.08,603.20,328.24,603.29,328.43,602.88,328.06,603.10,328.12,603.22,328.28,603.32,328.45,602.91,328.12,603.05,328.19,603.15,328.29,603.29,328.42
EK_0107_P21_01_frame_0000023320_r.jpg,0,807.76,304.88,807.91,304.80,808.12,304.73,808.29,304.65,808.54,304.62,808.18,304.43,808.42,304.43,808.53,304.54,808.63,304.68,808.24,304.40,808.44,304.51,808.48,304.67,808.43,304.83,808.23,304.50,808.40,304.57,808.40,304.74,808.31,304.86,808.23,304.61,808.36,304.53,808.49,304.50,808.62,304.47
EK_0107_P21_01_frame_0000025406_r.jpg,0,883.98,566.10,883.84,565.87,883.73,565.68,883.76,565.50,883.98,565.41,883.95,565.61,884.06,565.44,884.04,565.51,883.98,565.61,884.12,565.63,884.14,565.54,884.10,565.65,884.07,565.77,884.27,565.71,884.26,565.56,884.24,565.64,884.24,565.75,884.37,565.77,884.41,565.63,884.41,565.55,884.36,565.54
EK_0107_P21_01_frame_0000025971_l.jpg,0,271.08,540.57,270.86,540.25,270.65,539.97,270.51,539.71,270.37,539.45,271.01,539.57,270.80,539.28,270.62,539.45,270.71,539.70,271.11,539.56,270.78,539.51,270.63,539.71,270.76,539.88,271.13,539.76,270.85,539.63,270.67,539.82,270.83,539.98,271.10,539.95,270.95,539.77,270.77,539.86,270.80,540.00
EK_0107_P21_01_frame_0000026355_r.jpg,0,702.04,335.50,702.29,335.46,702.58,335.33,702.82,335.19,703.16,335.13,702.76,334.97,703.03,334.77,703.12,334.98,703.05,335.20,702.84,334.91,703.00,335.20,702.95,335.43,702.88,335.69,702.79,335.03,702.92,335.30,702.85,335.55,702.82,335.82,702.76,335.17,702.95,335.24,703.00,335.40,703.02,335.59
EK_0107_P21_01_frame_0000026457_r.jpg,0,986.64,303.64,986.65,303.67,986.82,303.60,986.93,303.51,987.15,303.44,986.62,303.30,986.73,303.15,986.87,303.17,987.01,303.22,986.68,303.16,986.80,303.05,986.94,303.09,987.08,303.18,986.77,303.13,986.88,303.07,987.03,303.12,987.15,303.21,986.86,303.14,986.95,303.10,987.05,303.12,987.13,303.17
EK_0107_P21_01_frame_0000026948_l.jpg,0,536.59,681.93,536.40,681.75,536.27,681.59,536.22,681.43,536.16,681.32,536.50,681.31,536.38,681.15,536.30,681.17,536.23,681.25,536.65,681.28,536.62,681.10,536.53,681.15,536.43,681.28,536.77,681.40,536.71,681.23,536.61,681.26,536.51,681.35,536.83,681.51,536.77,681.42,536.70,681.45,536.62,681.53
EK_0107_P21_01_frame_0000027262_r.jpg,0,820.03,324.35,820.17,324.27,820.39,324.18,820.56,324.06,820.77,323.91,820.19,323.77,820.33,323.54,820.50,323.51,820.69,323.55,820.19,323.65,820.32,323.43,820.50,323.46,820.66,323.59,820.21,323.68,820.33,323.51,820.53,323.51,820.69,323.59,820.25,323.74,820.34,323.62,820.47,323.59,820.60,323.63
EK_0107_P21_01_frame_0000027496_l.jpg,0,285.87,508.92,285.89,508.68,285.79,508.54,285.71,508.41,285.62,508.29,286.16,508.49,286.30,508.39,286.34,508.30,286.37,508.20,286.19,508.57,286.22,508.44,286.15,508.34,286.08,508.23,286.12,508.70,286.13,508.57,286.07,508.48,286.00,508.37,286.04,508.80,286.01,508.70,285.96,508.63,285.93,508.54
EK_0107_P21_01_frame_0000029243_l.jpg,0,57.36,53.76,57.07,53.51,56.73,53.28,56.45,53.05,56.05,52.82,57.00,52.63,56.77,52.27,56.48,52.30,56.20,52.48,57.05,52.53,56.69,52.34,56.39,52.43,56.09,52.59,57.07,52.70,56.76,52.47,56.44,52.54,56.16,52.68,57.04,52.88,56.84,52.69,56.58,52.68,56.34,52.73
EK_0107_P21_01_frame_0000030589_r.jpg,0,455.10,148.66,455.37,148.56,455.74,148.46,456.05,148.36,456.44,148.25,455.56,147.81,455.95,147.71,456.17,147.83,456.38,148.04,455.56,147.63,455.95,147.63,456.18,147.79,456.40,148.01,455.54,147.71,455.89,147.68,456.16,147.82,456.38,148.02,455.56,147.82,455.81,147.80,456.02,147.89,456.22,148.01
EK_0107_P21_01_frame_0000031425_l.jpg,0,50.05,317.94,49.74,317.77,49.53,317.53,49.44,317.26,49.22,316.97,49.62,317.11,49.42,316.88,49.23,316.93,49.00,316.99,49.71,317.03,49.46,316.87,49.26,316.98,49.05,317.14,49.80,317.16,49.55,317.01,49.35,317.18,49.20,317.39,49.85,317.31,49.67,317.19,49.48,317.24,49.30,317.35
EK_0107_P21_01_frame_0000031884_l.jpg,0,324.96,445.26,324.70,445.01,324.50,444.76,324.38,444.51,324.20,444.24,324.72,444.35,324.56,444.08,324.37,444.15,324.23,444.36,324.82,444.31,324.53,444.26,324.35,444.42,324.20,444.63,324.88,444.48,324.60,444.41,324.40,444.58,324.28,444.79,324.89,444.64,324.68,444.57,324.51,444.67,324.38,444.81
EK_0107_P21_01_frame_0000032010_l.jpg,0,289.62,44.12,289.74,43.85,289.97,43.71,290.21,43.59,290.50,43.62,290.23,43.47,290.51,43.43,290.53,43.55,290.48,43.67,290.39,43.58,290.67,43.50,290.84,43.52,291.02,43.51,290.41,43.83,290.66,43.70,290.86,43.70,291.01,43.69,290.41,44.05,290.61,43.99,290.78,43.98,290.95,43.98
EK_0107_P21_01_frame_0000032327_l.jpg,0,346.72,418.09,346.57,417.82,346.45,417.60,346.38,417.38,346.27,417.11,346.72,417.34,346.71,417.09,346.53,417.07,346.33,417.14,346.79,417.37,346.55,417.30,346.38,417.39,346.22,417.50,346.79,417.55,346.55,417.50,346.36,417.59,346.17,417.67,346.76,417.70,346.59,417.65,346.46,417.73,346.37,417.81
EK_0107_P21_01_frame_0000033321_r.jpg,0,871.89,313.04,871.92,312.96,872.05,312.93,872.17,312.91,872.35,312.81,871.77,312.61,871.78,312.42,871.89,312.37,872.04,312.39,871.76,312.51,871.82,312.33,871.96,312.29,872.10,312.32,871.82,312.52,871.86,312.36,871.99,312.30,872.12,312.33,871.89,312.54,871.94,312.45,872.03,312.42,872.13,312.42
EK_0107_P21_01_frame_0000033704_l.jpg,0,829.99,829.89,829.84,829.73,829.69,829.64,829.56,829.58,829.60,829.61,829.96,829.44,829.79,829.40,829.68,829.45,829.64,829.58,830.07,829.48,829.90,829.50,829.80,829.57,829.79,829.70,830.13,829.61,829.99,829.58,829.89,829.65,829.83,829.75,830.15,829.73,830.06,829.68,829.96,829.71,829.92,829.79
EK_0107_P21_01_frame_0000034691_r.jpg,0,875.92,486.33,876.21,486.33,876.43,486.26,876.61,486.16,876.83,486.01,876.47,486.05,876.67,485.91,876.65,485.92,876.54,486.05,876.37,485.89,876.47,485.73,876.39,485.82,876.33,485.99,876.20,485.80,876.35,485.68,876.32,485.73,876.31,485.89,876.07,485.75,876.17,485.63,876.23,485.59,876.28,485.66
EK_0107_P21_01_frame_0000035165_r.jpg,0,765.94,321.33,765.98,321.46,766.12,321.49,766.24,321.45,766.40,321.32,766.00,321.31,766.18,321.35,766.29,321.41,766.42,321.49,766.05,321.17,766.21,321.24,766.32,321.32,766.41,321.44,766.12,321.08,766.20,321.13,766.32,321.20,766.37,321.33,766.18,321.04,766.24,321.07,766.30,321.13,766.33,321.21
EK_0107_P21_01_frame_0000035206_r.jpg,0,690.33,463.77,690.54,463.66,690.62,463.40,690.67,463.17,690.84,462.94,690.54,463.11,690.58,462.82,690.72,462.80,690.91,462.89,690.47,462.97,690.74,462.93,690.90,462.98,691.09,463.04,690.44,463.00,690.70,462.98,690.89,463.06,691.10,463.14,690.45,463.06,690.58,462.92,690.74,462.91,690.90,462.99
EK_0107_P21_01_frame_0000035994_r.jpg,0,587.07,361.80,587.08,361.73,587.31,361.69,587.53,361.62,587.85,361.66,587.33,361.23,587.54,361.18,587.62,361.35,587.65,361.56,587.50,361.16,587.73,361.18,587.78,361.36,587.75,361.57,587.61,361.26,587.81,361.22,587.86,361.41,587.77,361.59,587.70,361.39,587.85,361.35,587.89,361.44,587.81,361.57
EK_0107_P21_01_frame_0000036923_r.jpg,0,665.75,211.87,665.79,211.81,666.00,211.74,666.17,211.68,666.39,211.68,665.84,211.32,666.03,211.16,666.19,211.25,666.31,211.40,665.92,211.20,666.16,211.15,666.28,211.29,666.33,211.48,666.02,211.24,666.20,211.22,666.34,211.35,666.34,211.53,666.11,211.31,666.22,211.30,666.30,211.40,666.35,211.53
EK_0107_P21_01_frame_0000037844_l.jpg,0,345.50,415.05,345.24,414.77,345.00,414.61,344.80,414.44,344.53,414.31,345.42,414.12,345.56,413.81,345.61,413.60,345.67,413.36,345.60,414.08,345.59,413.79,345.48,413.63,345.35,413.47,345.71,414.24,345.64,413.96,345.55,413.78,345.45,413.59,345.75,414.38,345.64,414.21,345.55,414.08,345.47,413.92
EK_0107_P21_01_frame_0000039998_l.jpg,0,377.86,599.39,377.60,599.19,377.37,599.04,377.21,598.86,377.03,598.68,377.62,598.62,377.57,598.34,377.46,598.20,377.34,598.07,377.76,598.57,377.68,598.33,377.54,598.23,377.37,598.17,377.86,598.69,377.76,598.47,377.62,598.36,377.45,598.27,377.91,598.82,377.81,598.69,377.69,598.63,377.53,598.58
EK_0107_P21_01_frame_0000040190_r.jpg,0,638.72,618.75,638.67,618.41,638.82,618.23,639.02,618.13,639.31,618.07,638.68,618.13,638.92,617.97,639.11,617.90,639.22,617.84,638.81,618.25,638.99,618.04,639.17,617.96,639.26,617.90,638.97,618.43,639.08,618.20,639.27,618.09,639.35,618.02,639.10,618.56,639.15,618.38,639.25,618.24,639.33,618.13
EK_0112_P02_12_frame_0000000342_r.jpg,0,891.08,-106.76,891.28,-106.87,891.49,-107.04,891.66,-107.22,891.86,-107.50,891.17,-107.44,891.26,-107.74,891.47,-107.73,891.58,-107.53,891.09,-107.61,891.28,-107.86,891.48,-107.78,891.54,-107.54,891.06,-107.61,891.22,-107.83,891.46,-107.80,891.55,-107.58,891.09,-107.59,891.19,-107.75,891.38,-107.74,891.44,-107.60
EK_0112_P02_12_frame_0000000497_r.jpg,0,985.14,4.06,985.24,3.87,985.45,3.69,985.65,3.51,985.84,3.21,984.92,3.27,984.83,2.94,985.02,2.81,985.27,2.90,984.84,3.14,984.85,2.80,985.08,2.69,985.33,2.78,984.90,3.17,984.97,2.90,985.21,2.78,985.44,2.86,984.99,3.22,985.06,3.03,985.24,2.97,985.32,3.09
EK_0112_P02_12_frame_0000000737_r.jpg,0,870.47,-292.14,870.37,-292.41,870.42,-292.80,870.56,-293.14,870.92,-293.39,870.53,-293.32,870.91,-293.43,871.17,-293.34,871.37,-293.22,870.80,-293.42,871.17,-293.57,871.43,-293.47,871.64,-293.31,871.05,-293.22,871.35,-293.48,871.62,-293.38,871.78,-293.20,871.25,-293.02,871.44,-293.21,871.62,-293.22,871.70,-293.10
EK_0112_P02_12_frame_0000001635_l.jpg,0,461.72,495.07,461.50,494.95,461.41,494.84,461.37,494.72,461.30,494.61,461.52,494.53,461.54,494.36,461.54,494.29,461.53,494.24,461.68,494.49,461.67,494.41,461.64,494.41,461.60,494.43,461.82,494.59,461.78,494.49,461.74,494.48,461.71,494.49,461.92,494.69,461.88,494.61,461.85,494.57,461.82,494.53
EK_0112_P02_12_frame_0000001743_r.jpg,0,952.17,426.65,952.09,426.54,952.11,426.36,952.22,426.20,952.38,426.11,952.19,426.10,952.30,426.01,952.37,426.11,952.38,426.22,952.34,426.04,952.48,425.97,952.51,426.10,952.49,426.25,952.47,426.13,952.59,425.99,952.64,426.11,952.60,426.25,952.57,426.23,952.69,426.14,952.70,426.23,952.63,426.32
EK_0112_P02_12_frame_0000001896_r.jpg,0,1208.63,413.17,1208.75,412.95,1208.83,412.67,1208.88,412.42,1209.02,412.11,1208.45,412.41,1208.54,412.10,1208.69,411.95,1208.88,411.79,1208.33,412.31,1208.57,412.11,1208.80,412.11,1209.05,412.17,1208.34,412.37,1208.59,412.24,1208.81,412.36,1208.93,412.56,1208.39,412.43,1208.57,412.34,1208.73,412.44,1208.81,412.60
EK_0112_P02_12_frame_0000002489_r.jpg,0,830.75,-253.80,830.73,-253.89,830.73,-253.97,830.79,-254.10,831.01,-254.28,830.67,-254.47,830.66,-254.69,830.83,-254.66,831.00,-254.51,830.78,-254.62,830.81,-254.89,830.98,-254.87,831.14,-254.73,830.93,-254.58,830.92,-254.83,831.08,-254.89,831.25,-254.79,831.06,-254.51,831.09,-254.70,831.22,-254.77,831.29,-254.67
EK_0112_P02_12_frame_0000002584_r.jpg,0,293.09,163.89,292.67,163.21,292.64,162.54,292.79,162.01,293.03,161.29,292.26,162.18,292.65,161.56,293.04,161.29,293.47,161.00,292.60,162.15,292.97,161.55,293.39,161.34,293.82,161.20,293.13,162.41,293.35,161.81,293.76,161.54,294.07,161.42,293.57,162.60,293.79,162.19,294.02,161.91,294.14,161.72
EK_0112_P02_12_frame_0000003184_l.jpg,0,423.53,412.22,423.23,412.15,422.93,412.02,422.66,411.79,422.35,411.40,423.44,411.48,423.38,411.04,423.11,410.88,422.76,410.80,423.60,411.20,423.27,410.88,422.95,410.78,422.59,410.70,423.65,411.11,423.36,410.85,423.01,410.79,422.64,410.79,423.63,411.08,423.66,410.81,423.42,410.69,423.17,410.75
EK_0112_P02_12_frame_0000003545_l.jpg,0,228.67,332.97,228.42,332.78,228.11,332.62,227.85,332.46,227.56,332.19,228.70,332.24,228.76,331.88,228.61,331.67,228.40,331.51,228.90,332.10,228.83,331.74,228.63,331.58,228.37,331.45,229.00,332.10,229.03,331.79,228.80,331.63,228.52,331.59,229.03,332.11,229.00,331.89,228.82,331.76,228.61,331.75
EK_0112_P02_12_frame_0000003755_r.jpg,0,987.41,441.32,987.59,440.87,987.64,440.45,987.61,440.06,987.65,439.57,987.15,440.04,987.23,439.67,987.52,439.72,987.86,439.83,986.99,440.01,987.42,440.02,987.59,440.31,987.73,440.66,987.00,440.22,987.42,440.17,987.59,440.49,987.72,440.83,987.09,440.41,987.30,440.23,987.46,440.44,987.52,440.70
EK_0112_P02_12_frame_0000004043_r.jpg,0,461.15,-95.42,461.43,-95.70,461.87,-96.01,462.31,-96.23,462.82,-96.04,462.15,-96.65,462.69,-96.94,463.09,-96.88,463.42,-96.64,462.37,-96.67,462.87,-96.97,463.28,-96.85,463.56,-96.56,462.42,-96.35,462.86,-96.64,463.32,-96.64,463.70,-96.50,462.45,-96.02,462.82,-96.11,463.17,-96.08,463.43,-96.03
EK_0112_P02_12_frame_0000004158_r.jpg,0,914.95,-70.53,914.98,-70.55,915.11,-70.54,915.23,-70.54,915.41,-70.57,914.71,-70.94,914.64,-71.16,914.81,-71.20,915.01,-71.15,914.68,-71.11,914.66,-71.35,914.84,-71.37,915.05,-71.32,914.76,-71.18,914.75,-71.35,914.94,-71.38,915.13,-71.28,914.86,-71.21,914.89,-71.34,915.04,-71.32,915.14,-71.20
EK_0112_P02_12_frame_0000004235_r.jpg,0,658.52,292.17,658.88,292.03,659.19,291.93,659.43,291.76,659.52,291.50,659.05,291.36,659.23,291.06,659.28,291.01,659.21,291.17,658.83,291.20,658.87,290.87,658.91,290.88,658.94,291.08,658.56,291.25,658.61,290.95,658.66,290.95,658.72,291.15,658.35,291.32,658.38,291.09,658.44,291.06,658.51,291.17
EK_0112_P02_12_frame_0000004882_r.jpg,0,1139.55,536.58,1139.64,536.50,1139.78,536.35,1139.90,536.22,1140.06,536.04,1139.49,536.10,1139.55,535.90,1139.70,535.85,1139.87,535.86,1139.45,535.98,1139.47,535.76,1139.63,535.74,1139.80,535.80,1139.47,535.98,1139.65,535.89,1139.82,535.94,1139.97,536.04,1139.52,535.99,1139.67,536.02,1139.78,536.11,1139.92,536.20
EK_0112_P02_12_frame_0000005027_r.jpg,0,1337.70,519.35,1337.58,519.22,1337.56,519.00,1337.58,518.77,1337.68,518.56,1337.58,518.65,1337.68,518.45,1337.77,518.47,1337.82,518.51,1337.75,518.55,1337.81,518.33,1337.90,518.41,1337.93,518.54,1337.94,518.63,1337.92,518.38,1338.00,518.36,1338.01,518.47,1338.09,518.73,1338.12,518.55,1338.14,518.50,1338.12,518.51
EK_0112_P02_12_frame_0000005166_l.jpg,0,-176.81,407.90,-177.16,407.72,-177.39,407.51,-177.59,407.30,-177.91,407.14,-177.25,407.05,-177.38,406.79,-177.38,406.91,-177.32,407.13,-177.02,406.92,-177.12,406.86,-177.13,407.05,-177.16,407.31,-176.75,406.99,-176.88,406.96,-176.91,407.16,-176.96,407.41,-176.56,407.09,-176.64,407.08,-176.69,407.24,-176.75,407.43
EK_0112_P02_12_frame_0000005356_l.jpg,0,-90.00,423.81,-90.34,423.61,-90.56,423.39,-90.75,423.18,-91.05,423.00,-90.37,422.94,-90.50,422.68,-90.50,422.78,-90.45,423.00,-90.14,422.83,-90.24,422.76,-90.26,422.95,-90.30,423.20,-89.89,422.92,-90.01,422.88,-90.05,423.07,-90.10,423.32,-89.71,423.03,-89.79,423.00,-89.85,423.16,-89.92,423.34
EK_0112_P02_12_frame_0000006256_r.jpg,0,1191.11,171.44,1191.23,171.21,1191.36,171.06,1191.46,170.92,1191.45,170.75,1191.23,171.02,1191.20,170.86,1191.15,170.73,1191.10,170.58,1191.09,171.06,1191.02,170.90,1190.94,170.77,1190.88,170.62,1190.94,171.15,1190.90,171.01,1190.81,170.87,1190.77,170.73,1190.82,171.21,1190.76,171.10,1190.70,170.99,1190.71,170.89
EK_0112_P02_12_frame_0000006387_r.jpg,0,1038.43,300.35,1038.35,300.12,1038.45,299.95,1038.57,299.82,1038.67,299.72,1038.55,299.80,1038.63,299.65,1038.64,299.67,1038.63,299.70,1038.71,299.83,1038.81,299.67,1038.83,299.64,1038.84,299.60,1038.82,299.96,1038.84,299.81,1038.82,299.78,1038.78,299.76,1038.88,300.06,1038.86,299.94,1038.83,299.90,1038.77,299.86
EK_0112_P02_12_frame_0000007074_l.jpg,0,331.01,309.42,330.69,309.22,330.34,309.07,330.04,308.93,329.74,308.67,330.85,308.50,331.03,308.15,330.95,307.89,330.75,307.71,331.05,308.34,331.14,307.96,330.97,307.75,330.69,307.63,331.16,308.38,331.08,308.04,330.88,307.84,330.60,307.72,331.20,308.44,331.08,308.21,330.90,308.06,330.66,307.97
EK_0112_P02_12_frame_0000007372_r.jpg,0,1061.38,30.67,1061.10,30.37,1061.06,30.05,1061.13,29.75,1061.34,29.47,1061.08,29.65,1061.16,29.28,1061.26,29.25,1061.29,29.35,1061.33,29.57,1061.51,29.28,1061.56,29.37,1061.51,29.56,1061.62,29.70,1061.74,29.39,1061.77,29.47,1061.71,29.67,1061.84,29.83,1061.96,29.61,1061.98,29.60,1061.90,29.72
EK_0112_P02_12_frame_0000007418_r.jpg,0,730.87,-34.09,730.83,-34.23,731.02,-34.29,731.28,-34.35,731.60,-34.25,731.32,-34.80,731.51,-35.12,731.63,-35.00,731.60,-34.76,731.59,-34.81,731.91,-34.90,731.93,-34.67,731.81,-34.44,731.74,-34.60,732.04,-34.73,732.05,-34.50,731.86,-34.31,731.82,-34.39,732.07,-34.44,732.14,-34.30,732.03,-34.17
EK_0112_P02_12_frame_0000007478_l.jpg,0,226.17,283.45,225.96,283.12,225.55,282.95,225.18,282.77,224.76,282.50,226.25,282.19,226.48,281.76,226.31,281.50,226.00,281.32,226.35,282.06,226.35,281.62,226.05,281.47,225.69,281.38,226.31,282.20,226.15,281.81,225.81,281.67,225.46,281.58,226.22,282.35,226.01,282.12,225.75,282.02,225.46,281.93
EK_0112_P02_12_frame_0000008005_r.jpg,0,722.84,341.03,722.87,340.87,723.04,340.69,723.18,340.46,723.52,340.26,723.09,340.15,723.31,339.96,723.46,340.17,723.50,340.45,723.27,340.04,723.54,340.13,723.60,340.39,723.58,340.70,723.41,340.18,723.63,340.19,723.74,340.44,723.74,340.73,723.53,340.34,723.69,340.24,723.80,340.39,723.79,340.58
EK_0112_P02_12_frame_0000008456_l.jpg,0,1.84,493.57,1.54,493.31,1.32,493.08,1.17,492.84,0.98,492.56,1.65,492.64,1.54,492.34,1.48,492.42,1.50,492.65,1.90,492.58,1.76,492.47,1.67,492.65,1.59,492.90,2.12,492.72,1.97,492.67,1.89,492.86,1.81,493.10,2.26,492.87,2.18,492.83,2.09,492.96,1.98,493.13
EK_0112_P02_12_frame_0000009139_l.jpg,0,318.07,452.08,317.97,451.88,317.70,451.85,317.45,451.78,317.12,451.64,318.14,451.24,318.20,450.91,318.08,450.72,317.86,450.59,318.15,451.12,318.10,450.81,317.90,450.68,317.67,450.59,318.09,451.20,318.01,450.92,317.79,450.79,317.59,450.74,317.99,451.29,317.90,451.10,317.74,450.99,317.59,450.94
EK_0112_P02_12_frame_0000009197_r.jpg,0,1103.13,529.43,1103.24,529.31,1103.35,529.12,1103.41,528.93,1103.51,528.68,1103.08,528.88,1103.17,528.65,1103.31,528.56,1103.49,528.52,1103.02,528.77,1103.21,528.62,1103.38,528.64,1103.50,528.79,1103.03,528.78,1103.18,528.64,1103.37,528.63,1103.49,528.74,1103.07,528.81,1103.14,528.69,1103.27,528.66,1103.34,528.74
EK_0112_P02_12_frame_0000009268_l.jpg,0,445.24,472.89,444.99,472.56,444.74,472.29,444.54,472.03,444.31,471.78,445.16,471.79,445.05,471.41,444.87,471.25,444.64,471.11,445.28,471.75,445.17,471.40,444.96,471.27,444.70,471.15,445.32,471.95,445.21,471.62,445.01,471.45,444.76,471.29,445.30,472.13,445.24,471.89,445.09,471.74,444.89,471.64
EK_0112_P02_12_frame_0000009436_l.jpg,0,218.48,396.63,218.67,396.21,218.83,395.89,218.94,395.60,219.04,395.22,218.76,395.94,218.72,395.66,218.59,395.44,218.42,395.30,218.56,396.05,218.44,395.73,218.29,395.53,218.15,395.40,218.30,396.22,218.19,395.94,218.03,395.71,217.91,395.48,218.08,396.33,217.94,396.17,217.81,395.99,217.72,395.78
EK_0112_P02_12_frame_0000009508_l.jpg,0,283.29,498.46,283.22,498.19,283.02,498.00,282.85,497.83,282.60,497.65,283.54,497.71,283.70,497.46,283.72,497.27,283.67,497.06,283.62,497.68,283.73,497.44,283.69,497.25,283.61,497.04,283.59,497.79,283.65,497.54,283.59,497.35,283.50,497.14,283.52,497.88,283.54,497.70,283.51,497.54,283.50,497.36
EK_0112_P02_12_frame_0000009953_r.jpg,0,931.27,85.39,931.44,85.26,931.81,85.09,932.10,84.88,932.55,84.73,931.70,84.44,932.11,84.34,932.26,84.60,932.33,84.91,931.82,84.29,932.22,84.34,932.31,84.64,932.28,84.96,931.89,84.41,932.23,84.39,932.36,84.68,932.30,84.97,931.97,84.57,932.21,84.48,932.33,84.68,932.26,84.85
EK_0112_P02_12_frame_0000010935_r.jpg,0,834.11,-2.59,834.59,-2.14,835.03,-1.59,835.40,-1.14,835.93,-0.81,836.10,-2.25,836.33,-1.55,836.02,-1.17,835.46,-1.02,836.31,-2.35,836.25,-1.61,835.85,-1.25,835.46,-1.34,836.05,-2.34,836.15,-1.69,835.77,-1.26,835.53,-1.41,835.78,-2.25,835.97,-1.83,835.84,-1.47,835.60,-1.62
EK_0112_P02_12_frame_0000011209_r.jpg,0,935.63,425.67,935.97,425.49,936.19,425.28,936.37,425.09,936.70,424.98,935.98,424.85,936.03,424.53,936.17,424.49,936.29,424.64,935.80,424.74,935.86,424.45,936.02,424.48,936.15,424.67,935.62,424.84,935.67,424.56,935.85,424.55,936.01,424.71,935.51,424.95,935.54,424.74,935.68,424.65,935.85,424.70
EK_0112_P02_12_frame_0000011442_l.jpg,0,401.58,646.15,401.41,645.94,401.23,645.81,401.08,645.70,400.87,645.56,401.31,645.59,401.18,645.47,401.03,645.53,400.97,645.65,401.32,645.65,401.10,645.71,401.04,645.83,401.06,645.92,401.33,645.82,401.13,645.85,401.07,645.96,401.10,646.03,401.32,645.97,401.18,645.98,401.12,646.05,401.11,646.11
EK_0112_P02_12_frame_0000012195_r.jpg,0,986.71,157.00,986.69,156.85,986.94,156.77,987.18,156.68,987.57,156.65,986.94,156.17,987.24,156.10,987.26,156.34,987.19,156.58,987.14,156.09,987.39,156.08,987.39,156.33,987.29,156.59,987.30,156.24,987.46,156.09,987.52,156.31,987.45,156.55,987.43,156.41,987.53,156.25,987.56,156.35,987.46,156.51
EK_0112_P02_12_frame_0000013803_l.jpg,0,433.69,664.67,433.49,664.33,433.39,664.04,433.32,663.75,433.25,663.34,433.69,663.65,433.65,663.28,433.55,663.07,433.35,662.92,433.79,663.64,433.57,663.42,433.35,663.33,433.06,663.33,433.79,663.85,433.63,663.59,433.39,663.52,433.11,663.50,433.75,664.03,433.68,663.82,433.50,663.74,433.31,663.72
EK_0112_P02_12_frame_0000014273_r.jpg,0,1073.65,169.34,1073.80,169.13,1073.71,168.86,1073.64,168.66,1073.60,168.34,1073.45,168.80,1073.43,168.49,1073.46,168.30,1073.47,168.07,1073.25,168.74,1073.29,168.44,1073.35,168.24,1073.38,168.00,1073.16,168.75,1073.20,168.49,1073.26,168.26,1073.31,168.03,1073.14,168.76,1073.17,168.57,1073.22,168.40,1073.28,168.19
EK_0112_P02_12_frame_0000014696_r.jpg,0,1244.12,803.94,1244.20,803.88,1244.24,803.71,1244.29,803.54,1244.36,803.30,1243.99,803.55,1243.98,803.35,1244.00,803.22,1244.04,803.09,1243.93,803.42,1243.91,803.25,1243.93,803.13,1243.99,803.01,1243.95,803.39,1243.95,803.26,1244.02,803.13,1244.10,803.02,1244.01,803.38,1244.05,803.30,1244.12,803.22,1244.24,803.17
EK_0112_P02_12_frame_0000014919_l.jpg,0,1155.50,614.72,1155.22,614.62,1155.01,614.50,1154.85,614.37,1154.65,614.19,1155.06,614.21,1155.00,614.03,1154.92,613.94,1154.83,613.86,1155.16,614.21,1155.03,614.13,1154.91,614.15,1154.76,614.19,1155.28,614.34,1155.15,614.21,1155.03,614.19,1154.86,614.20,1155.36,614.47,1155.28,614.36,1155.19,614.34,1155.06,614.34
EK_0112_P02_12_frame_0000015797_r.jpg,0,972.84,146.70,972.71,146.67,972.67,146.70,972.72,146.74,972.79,146.88,972.93,146.60,972.96,146.68,972.92,146.80,972.85,146.92,973.08,146.67,973.10,146.77,973.05,146.89,972.98,147.01,973.16,146.78,973.19,146.84,973.16,146.97,973.08,147.07,973.19,146.89,973.24,146.95,973.22,147.04,973.19,147.11
EK_0112_P02_12_frame_0000016442_l.jpg,0,105.40,569.35,105.46,569.09,105.56,568.91,105.68,568.80,105.90,568.68,105.41,568.85,105.33,568.69,105.27,568.57,105.21,568.45,105.27,568.91,105.18,568.76,105.09,568.64,105.01,568.52,105.14,569.04,105.08,568.90,104.99,568.78,104.91,568.66,105.04,569.13,104.98,569.03,104.91,568.94,104.83,568.84
EK_0112_P02_12_frame_0000016728_r.jpg,0,837.62,730.39,837.74,730.43,837.79,730.33,837.76,730.23,837.80,730.03,837.62,730.28,837.63,730.15,837.66,730.04,837.67,729.94,837.55,730.15,837.63,730.02,837.70,729.91,837.74,729.79,837.53,730.05,837.68,729.98,837.82,729.91,837.95,729.83,837.54,729.98,837.66,729.95,837.78,729.96,837.92,729.96
EK_0112_P02_12_frame_0000016774_r.jpg,0,1113.40,601.72,1113.56,601.46,1113.66,601.23,1113.68,601.01,1113.72,600.75,1113.33,600.98,1113.28,600.73,1113.33,600.57,1113.44,600.43,1113.18,600.98,1113.14,600.74,1113.22,600.59,1113.37,600.48,1113.12,601.12,1113.07,600.89,1113.16,600.72,1113.34,600.63,1113.11,601.24,1113.02,601.09,1113.05,600.95,1113.18,600.86
EK_0112_P02_12_frame_0000017161_r.jpg,0,865.78,572.30,865.90,572.29,866.02,572.14,866.15,572.04,866.35,571.95,865.85,571.97,866.04,571.91,866.18,571.91,866.33,571.89,865.81,571.84,865.98,571.76,866.13,571.77,866.29,571.79,865.81,571.80,865.94,571.72,866.09,571.70,866.23,571.75,865.83,571.79,865.92,571.71,866.03,571.72,866.13,571.78
EK_0112_P02_12_frame_0000017361_r.jpg,0,1025.98,279.30,1025.82,279.15,1025.79,279.05,1025.83,278.98,1025.92,278.96,1025.97,278.84,1025.97,278.73,1025.91,278.74,1025.84,278.77,1026.11,278.87,1026.16,278.70,1026.16,278.61,1026.14,278.51,1026.19,279.01,1026.21,278.86,1026.15,278.84,1026.03,278.90,1026.24,279.14,1026.20,279.10,1026.13,279.13,1026.02,279.19
EK_0112_P02_12_frame_0000017839_r.jpg,0,896.86,634.22,896.99,634.28,897.13,634.28,897.23,634.27,897.36,634.19,897.03,634.04,897.08,633.92,897.16,633.85,897.25,633.78,897.02,633.90,897.11,633.77,897.21,633.69,897.33,633.63,897.02,633.82,897.11,633.74,897.22,633.67,897.32,633.60,897.03,633.78,897.12,633.72,897.21,633.66,897.29,633.62
EK_0112_P02_12_frame_0000017869_r.jpg,0,592.65,197.97,592.59,197.67,592.65,197.47,592.75,197.29,592.91,197.19,592.91,197.31,593.03,197.14,593.02,197.16,592.96,197.23,593.10,197.38,593.27,197.19,593.36,197.06,593.42,196.93,593.19,197.55,593.35,197.38,593.46,197.26,593.52,197.13,593.24,197.70,593.24,197.62,593.19,197.62,593.11,197.61
EK_0112_P02_12_frame_0000017998_l.jpg,0,279.57,-108.41,279.28,-108.58,279.03,-108.69,278.84,-108.83,278.61,-108.96,279.26,-109.18,279.14,-109.46,279.05,-109.63,278.95,-109.79,279.47,-109.27,279.48,-109.56,279.48,-109.75,279.46,-109.95,279.69,-109.17,279.72,-109.44,279.77,-109.65,279.81,-109.87,279.84,-109.06,279.91,-109.22,279.97,-109.34,280.02,-109.48
EK_0112_P02_12_frame_0000018496_r.jpg,0,822.52,394.44,822.46,394.51,822.48,394.54,822.49,394.54,822.55,394.56,822.83,394.32,822.97,394.54,822.92,394.73,822.83,394.88,823.04,394.30,823.06,394.59,823.01,394.79,822.91,394.98,823.15,394.36,823.12,394.60,823.07,394.81,822.95,395.00,823.20,394.45,823.24,394.52,823.22,394.69,823.13,394.83
EK_0112_P02_12_frame_0000018650_r.jpg,0,902.34,425.36,902.23,425.28,902.21,425.37,902.16,425.40,901.99,425.46,902.59,425.20,902.57,425.32,902.45,425.46,902.34,425.64,902.76,425.32,902.61,425.46,902.46,425.56,902.32,425.63,902.81,425.48,902.75,425.54,902.65,425.66,902.49,425.69,902.82,425.63,902.80,425.61,902.68,425.67,902.54,425.70
EK_0112_P02_12_frame_0000019641_r.jpg,0,935.96,175.80,936.16,175.90,936.43,175.94,936.68,175.94,937.04,175.93,936.67,175.54,936.95,175.72,936.87,175.92,936.63,175.96,936.78,175.44,936.94,175.70,936.82,175.90,936.60,175.95,936.75,175.46,936.93,175.68,936.83,175.91,936.62,175.91,936.71,175.53,936.89,175.60,936.89,175.78,936.74,175.84
EK_0112_P02_12_frame_0000021407_l.jpg,0,256.03,304.83,255.97,304.59,255.85,304.43,255.76,304.29,255.68,304.08,255.96,304.40,256.01,304.31,255.98,304.24,255.93,304.16,255.93,304.51,255.79,304.45,255.65,304.41,255.54,304.38,255.87,304.67,255.73,304.58,255.58,304.54,255.49,304.49,255.81,304.79,255.70,304.72,255.58,304.68,255.47,304.62
EK_0112_P02_12_frame_0000022730_l.jpg,0,431.22,169.30,431.12,169.01,431.02,168.77,430.93,168.56,430.80,168.29,431.48,168.59,431.66,168.38,431.77,168.22,431.89,168.05,431.63,168.61,431.64,168.39,431.66,168.24,431.72,168.07,431.65,168.75,431.60,168.54,431.57,168.41,431.59,168.29,431.63,168.87,431.59,168.71,431.55,168.62,431.48,168.55
EK_0112_P02_12_frame_0000022993_l.jpg,0,615.98,373.98,615.70,373.91,615.49,373.82,615.32,373.70,615.07,373.61,615.56,373.44,615.53,373.19,615.51,373.03,615.50,372.83,615.70,373.32,615.64,373.10,615.59,372.94,615.55,372.74,615.88,373.35,615.78,373.16,615.72,372.99,615.67,372.80,616.00,373.41,615.92,373.27,615.87,373.14,615.82,372.99
EK_0112_P02_12_frame_0000023196_r.jpg,0,1335.39,717.86,1335.28,717.64,1335.31,717.47,1335.36,717.35,1335.42,717.20,1335.28,717.55,1335.30,717.53,1335.35,717.47,1335.39,717.41,1335.42,717.62,1335.48,717.51,1335.54,717.38,1335.60,717.22,1335.57,717.70,1335.63,717.57,1335.72,717.44,1335.79,717.29,1335.68,717.74,1335.72,717.61,1335.77,717.50,1335.81,717.37
EK_0112_P02_12_frame_0000024055_l.jpg,0,461.08,364.33,461.10,363.96,460.95,363.69,460.72,363.52,460.39,363.36,460.84,363.42,460.66,363.13,460.48,363.05,460.28,363.01,460.65,363.50,460.39,363.30,460.22,363.25,460.08,363.21,460.50,363.74,460.29,363.55,460.13,363.52,460.06,363.48,460.40,363.94,460.23,363.85,460.10,363.79,459.96,363.70
EK_0112_P02_12_frame_0000024545_l.jpg,0,152.57,253.89,152.56,253.69,152.40,253.50,152.26,253.30,152.12,253.00,152.86,253.17,153.03,252.92,153.08,252.72,153.07,252.49,152.87,253.08,152.96,252.81,152.90,252.60,152.76,252.42,152.76,253.13,152.53,253.00,152.30,252.98,152.08,252.93,152.64,253.19,152.47,253.11,152.30,253.06,152.11,252.97
EK_0112_P02_12_frame_0000024596_l.jpg,0,43.29,206.26,43.22,206.08,43.10,205.95,43.01,205.84,42.86,205.79,43.59,205.77,43.80,205.60,43.93,205.47,44.06,205.30,43.74,205.72,43.94,205.55,44.03,205.39,44.11,205.19,43.75,205.74,43.89,205.56,44.00,205.39,44.11,205.22,43.72,205.75,43.82,205.62,43.91,205.49,43.99,205.37
EK_0112_P02_12_frame_0000025406_r.jpg,0,833.40,613.19,833.29,612.97,833.28,612.73,833.31,612.55,833.46,612.35,833.19,612.54,833.24,612.30,833.32,612.15,833.41,611.98,833.31,612.51,833.32,612.27,833.39,612.11,833.48,611.95,833.48,612.60,833.53,612.39,833.61,612.22,833.69,612.05,833.62,612.69,833.72,612.57,833.82,612.46,833.90,612.32
EK_0112_P02_12_frame_0000026089_l.jpg,0,323.84,482.47,323.59,482.32,323.41,482.11,323.27,481.87,323.12,481.57,323.50,481.62,323.29,481.33,323.06,481.33,322.84,481.46,323.53,481.50,323.22,481.37,322.98,481.44,322.76,481.61,323.55,481.61,323.26,481.49,323.01,481.59,322.83,481.77,323.53,481.73,323.35,481.59,323.15,481.62,323.01,481.73
EK_0112_P02_12_frame_0000028139_r.jpg,0,578.43,335.12,578.45,334.82,578.46,334.54,578.35,334.31,578.22,334.05,578.09,334.32,577.86,334.09,577.69,333.96,577.51,333.80,577.89,334.38,577.65,334.19,577.47,334.05,577.31,333.86,577.77,334.61,577.59,334.40,577.40,334.25,577.24,334.07,577.70,334.81,577.57,334.66,577.43,334.53,577.30,334.37
EK_0112_P02_12_frame_0000028409_l.jpg,0,291.09,647.46,291.20,647.27,291.31,647.11,291.31,646.89,291.29,646.59,291.48,646.72,291.49,646.40,291.30,646.35,291.10,646.44,291.41,646.61,291.23,646.37,291.04,646.42,290.89,646.57,291.22,646.66,291.09,646.43,290.91,646.48,290.81,646.64,291.04,646.72,290.94,646.58,290.82,646.61,290.77,646.73
EK_0112_P02_12_frame_0000028476_l.jpg,0,186.15,351.85,186.39,351.64,186.63,351.50,186.75,351.30,186.83,350.99,186.53,351.13,186.57,350.84,186.57,350.64,186.56,350.43,186.35,351.05,186.37,350.76,186.35,350.56,186.37,350.34,186.12,351.11,186.17,350.86,186.18,350.64,186.22,350.43,185.94,351.17,185.97,351.00,185.98,350.84,186.04,350.67
EK_0112_P02_12_frame_0000028620_r.jpg,0,786.42,206.33,786.51,206.12,786.65,205.99,786.82,205.94,787.01,206.01,786.86,205.89,787.07,205.84,787.17,205.86,787.23,205.89,786.96,205.99,787.17,206.00,787.22,206.07,787.27,206.13,786.97,206.17,787.15,206.20,787.18,206.28,787.21,206.35,786.97,206.32,787.04,206.38,787.01,206.46,786.99,206.54
EK_0112_P02_12_frame_0000028865_l.jpg,0,491.25,334.89,490.82,334.74,490.49,334.69,490.23,334.64,489.85,334.59,490.52,334.22,490.32,333.89,490.20,333.68,490.12,333.47,490.73,334.05,490.55,333.73,490.49,333.64,490.53,333.72,491.04,334.01,490.85,333.73,490.76,333.59,490.77,333.62,491.28,333.99,491.25,333.78,491.20,333.56,491.12,333.36
EK_0112_P02_12_frame_0000030181_l.jpg,0,305.86,599.02,305.90,598.92,305.94,598.79,305.94,598.59,305.90,598.34,306.18,598.36,306.17,598.05,305.97,598.00,305.73,598.04,306.16,598.20,306.00,597.95,305.78,597.96,305.56,598.05,306.01,598.19,305.86,598.00,305.63,598.02,305.43,598.12,305.86,598.22,305.78,598.05,305.62,598.05,305.48,598.12
EK_0112_P02_12_frame_0000030342_l.jpg,0,546.16,189.09,545.83,189.12,545.62,189.10,545.52,189.03,545.50,189.02,545.51,188.68,545.31,188.73,545.26,188.83,545.24,188.93,545.63,188.54,545.45,188.46,545.44,188.60,545.49,188.80,545.84,188.54,545.68,188.50,545.65,188.63,545.66,188.81,546.00,188.59,545.86,188.56,545.84,188.66,545.87,188.80
EK_0112_P02_12_frame_0000031713_r.jpg,0,828.95,181.77,828.91,181.60,828.89,181.49,829.00,181.43,829.13,181.44,829.23,181.41,829.36,181.31,829.44,181.29,829.52,181.25,829.35,181.50,829.51,181.45,829.58,181.46,829.65,181.45,829.37,181.66,829.49,181.60,829.56,181.58,829.62,181.55,829.35,181.79,829.42,181.82,829.45,181.87,829.48,181.88
EK_0112_P02_12_frame_0000032298_r.jpg,0,499.90,468.54,500.01,468.22,500.09,467.95,500.07,467.71,500.06,467.40,499.84,467.82,499.70,467.57,499.60,467.42,499.50,467.28,499.64,467.87,499.48,467.65,499.40,467.53,499.30,467.38,499.47,468.03,499.36,467.80,499.27,467.66,499.19,467.51,499.35,468.15,499.23,468.01,499.14,467.89,499.07,467.76
EK_0112_P02_12_frame_0000032554_r.jpg,0,725.45,475.44,725.74,475.35,725.95,475.20,726.10,475.03,726.21,474.79,725.79,474.91,725.93,474.68,726.03,474.58,726.16,474.50,725.63,474.78,725.79,474.57,725.91,474.46,726.07,474.36,725.47,474.76,725.57,474.55,725.68,474.40,725.82,474.26,725.36,474.77,725.34,474.60,725.35,474.44,725.38,474.28
EK_0112_P02_12_frame_0000034038_l.jpg,0,536.76,424.31,536.88,423.95,536.98,423.67,536.98,423.40,537.00,423.06,536.70,423.60,536.59,423.30,536.51,423.19,536.43,423.13,536.48,423.67,536.32,423.42,536.26,423.33,536.21,423.24,536.30,423.83,536.17,423.59,536.09,423.48,536.04,423.37,536.17,423.95,536.05,423.78,535.99,423.68,535.99,423.59
EK_0112_P02_12_frame_0000035506_l.jpg,0,92.93,180.81,92.79,180.53,92.52,180.31,92.22,180.15,91.85,179.94,92.79,179.72,92.65,179.34,92.38,179.31,92.13,179.46,92.75,179.65,92.45,179.40,92.17,179.43,91.95,179.57,92.66,179.83,92.41,179.58,92.13,179.57,91.93,179.67,92.55,180.01,92.40,179.79,92.21,179.75,92.10,179.80
EK_0112_P02_12_frame_0000035584_l.jpg,0,120.59,586.89,120.62,586.61,120.50,586.32,120.38,586.05,120.16,585.73,120.87,585.97,120.86,585.61,120.64,585.53,120.39,585.57,120.81,585.90,120.57,585.66,120.35,585.69,120.14,585.79,120.66,586.02,120.45,585.80,120.22,585.83,120.06,585.93,120.50,586.13,120.38,585.96,120.22,585.92,120.11,585.94
EK_0112_P02_12_frame_0000035611_l.jpg,0,154.37,579.53,154.45,579.25,154.43,578.95,154.35,578.68,154.23,578.37,154.71,578.67,154.76,578.34,154.59,578.20,154.36,578.23,154.64,578.62,154.47,578.35,154.26,578.34,154.09,578.45,154.46,578.73,154.32,578.49,154.12,578.48,153.99,578.58,154.29,578.83,154.20,578.64,154.08,578.58,153.99,578.60
EK_0112_P02_12_frame_0000035645_r.jpg,0,299.30,234.64,299.35,234.23,299.53,233.95,299.73,233.73,299.96,233.42,299.81,234.00,300.13,233.83,300.32,233.70,300.53,233.55,300.01,234.18,300.31,234.01,300.49,233.86,300.69,233.69,300.09,234.42,300.30,234.18,300.46,234.00,300.61,233.81,300.14,234.58,300.26,234.39,300.37,234.23,300.46,234.07
EK_0112_P02_12_frame_0000035736_r.jpg,0,797.95,156.79,797.98,156.62,798.09,156.51,798.22,156.43,798.40,156.43,798.31,156.40,798.50,156.36,798.60,156.36,798.66,156.37,798.43,156.48,798.59,156.43,798.64,156.45,798.60,156.47,798.45,156.64,798.57,156.55,798.63,156.55,798.58,156.55,798.45,156.77,798.56,156.73,798.63,156.72,798.65,156.67
EK_0112_P02_12_frame_0000035900_l.jpg,0,558.61,473.40,558.62,473.12,558.47,472.90,558.29,472.76,558.05,472.57,558.67,472.63,558.52,472.39,558.36,472.32,558.16,472.29,558.58,472.64,558.37,472.48,558.19,472.43,558.04,472.38,558.46,472.80,558.29,472.62,558.11,472.55,558.04,472.48,558.34,472.93,558.22,472.81,558.11,472.74,558.02,472.63
EK_0112_P02_12_frame_0000036027_r.jpg,0,674.31,170.44,674.39,170.09,674.34,169.75,674.32,169.43,674.37,169.04,674.41,169.40,674.40,169.03,674.42,168.79,674.38,168.51,674.48,169.41,674.56,169.05,674.61,168.79,674.59,168.49,674.60,169.63,674.83,169.40,675.04,169.51,675.10,169.67,674.71,169.84,674.93,169.74,675.07,169.85,675.07,169.95
EK_0112_P02_12_frame_0000037691_l.jpg,0,441.57,152.85,441.69,152.47,441.69,152.12,441.61,151.81,441.60,151.42,441.44,151.78,441.32,151.40,441.23,151.15,441.16,150.86,441.18,151.80,440.96,151.50,440.80,151.28,440.66,151.00,440.98,152.03,440.83,151.72,440.67,151.48,440.56,151.21,440.82,152.24,440.74,152.01,440.64,151.81,440.55,151.56
EK_0112_P02_12_frame_0000038245_l.jpg,0,167.84,375.48,167.91,375.11,167.93,374.78,167.91,374.48,167.92,374.10,167.78,374.52,167.62,374.21,167.47,374.04,167.30,373.88,167.58,374.55,167.39,374.27,167.23,374.10,167.06,373.91,167.39,374.77,167.26,374.49,167.11,374.28,166.96,374.07,167.24,374.95,167.12,374.76,167.00,374.61,166.89,374.45
EK_0112_P02_12_frame_0000039611_l.jpg,0,67.61,202.24,67.48,201.89,67.35,201.56,67.17,201.29,66.92,200.96,67.40,201.20,67.23,200.88,66.98,200.84,66.78,200.95,67.34,201.23,67.03,201.03,66.76,201.00,66.52,201.03,67.25,201.47,67.01,201.24,66.75,201.21,66.58,201.27,67.16,201.68,67.03,201.48,66.85,201.44,66.78,201.48
EK_0112_P02_12_frame_0000039708_r.jpg,0,962.33,56.75,962.35,56.71,962.49,56.66,962.62,56.62,962.83,56.59,962.34,56.35,962.51,56.27,962.63,56.28,962.77,56.30,962.39,56.25,962.56,56.22,962.69,56.27,962.82,56.32,962.47,56.27,962.60,56.23,962.74,56.25,962.87,56.27,962.54,56.30,962.64,56.27,962.74,56.27,962.83,56.28
EK_0112_P02_12_frame_0000040422_r.jpg,0,886.37,276.92,886.25,276.79,886.17,276.60,886.23,276.41,886.36,276.27,886.23,276.28,886.36,276.09,886.44,276.06,886.48,276.04,886.38,276.20,886.50,276.03,886.59,276.05,886.66,276.06,886.55,276.27,886.64,276.09,886.71,276.09,886.76,276.09,886.68,276.36,886.75,276.21,886.81,276.18,886.83,276.20
EK_0112_P02_12_frame_0000040812_l.jpg,0,16.16,336.97,15.74,336.85,15.49,336.61,15.29,336.37,15.01,336.20,15.59,336.16,15.34,335.86,15.18,335.77,15.08,335.77,15.80,335.96,15.70,335.61,15.53,335.47,15.35,335.43,16.04,335.98,15.90,335.67,15.72,335.59,15.57,335.65,16.19,336.02,16.06,335.83,15.93,335.77,15.80,335.83
EK_0112_P02_12_frame_0000041262_r.jpg,0,858.40,299.50,858.23,299.30,858.14,299.06,858.28,298.89,858.52,298.83,858.16,298.78,858.33,298.64,858.41,298.71,858.41,298.78,858.32,298.71,858.50,298.58,858.56,298.69,858.58,298.81,858.52,298.80,858.66,298.60,858.72,298.68,858.72,298.79,858.68,298.89,858.80,298.75,858.85,298.77,858.81,298.87
EK_0112_P02_12_frame_0000043441_r.jpg,0,802.93,191.12,802.92,190.81,802.97,190.58,803.10,190.44,803.22,190.34,803.36,190.51,803.56,190.34,803.62,190.22,803.62,190.08,803.48,190.60,803.56,190.40,803.53,190.28,803.46,190.14,803.45,190.78,803.44,190.56,803.38,190.44,803.28,190.35,803.38,190.91,803.39,190.74,803.35,190.63,803.25,190.56
EK_0112_P02_12_frame_0000043711_r.jpg,0,1024.99,66.23,1024.88,66.24,1024.77,66.22,1024.80,66.11,1024.89,66.01,1024.78,65.93,1024.82,65.93,1024.88,65.98,1024.92,66.05,1024.88,65.83,1024.94,65.81,1024.98,65.91,1025.01,66.02,1025.02,65.82,1025.07,65.76,1025.11,65.83,1025.13,65.92,1025.13,65.84,1025.18,65.79,1025.20,65.84,1025.19,65.92
EK_0112_P02_12_frame_0000043905_r.jpg,0,736.85,292.88,736.75,292.58,736.69,292.33,736.80,292.14,737.04,292.14,736.94,292.17,737.13,291.97,737.23,291.86,737.32,291.78,737.13,292.22,737.30,292.01,737.37,291.92,737.42,291.86,737.28,292.38,737.42,292.19,737.45,292.14,737.43,292.14,737.39,292.51,737.45,292.35,737.46,292.30,737.44,292.29
EK_0112_P02_12_frame_0000044145_l.jpg,0,364.54,411.47,364.23,411.28,364.10,411.04,364.07,410.78,364.02,410.50,364.17,410.86,363.99,410.60,363.92,410.49,363.87,410.42,364.38,410.77,364.28,410.48,364.19,410.31,364.09,410.18,364.61,410.78,364.56,410.53,364.47,410.34,364.37,410.24,364.78,410.80,364.80,410.61,364.73,410.49,364.64,410.49
EK_0112_P02_12_frame_0000045016_l.jpg,0,146.32,391.39,145.96,391.23,145.77,390.91,145.75,390.58,145.88,390.20,146.06,390.67,145.83,390.34,145.64,390.14,145.44,389.93,146.31,390.50,146.39,390.14,146.24,389.91,146.01,389.75,146.50,390.47,146.50,390.15,146.33,389.90,146.10,389.74,146.61,390.46,146.54,390.22,146.43,390.02,146.23,389.88
EK_0112_P02_12_frame_0000045346_l.jpg,0,-24.90,620.31,-24.95,620.03,-25.01,619.75,-25.10,619.50,-25.18,619.19,-24.50,619.60,-24.44,619.29,-24.54,619.12,-24.70,618.95,-24.38,619.57,-24.56,619.34,-24.72,619.19,-24.90,619.02,-24.42,619.66,-24.46,619.39,-24.60,619.20,-24.75,619.01,-24.49,619.73,-24.46,619.53,-24.57,619.39,-24.71,619.29
EK_0112_P02_12_frame_0000045767_r.jpg,0,954.95,229.55,954.84,229.31,954.82,229.05,954.93,228.86,955.16,228.73,954.88,228.78,955.06,228.58,955.19,228.48,955.31,228.40,955.04,228.75,955.23,228.58,955.38,228.51,955.50,228.44,955.22,228.88,955.34,228.67,955.49,228.58,955.59,228.53,955.36,229.00,955.42,228.84,955.49,228.73,955.53,228.67
EK_0112_P02_12_frame_0000046788_l.jpg,0,199.46,527.75,199.21,527.56,199.05,527.40,198.96,527.23,198.85,527.11,199.29,527.05,199.17,526.92,199.08,526.96,198.99,527.06,199.46,527.03,199.48,526.79,199.37,526.78,199.23,526.89,199.60,527.17,199.64,526.96,199.54,526.91,199.38,526.96,199.67,527.31,199.71,527.19,199.67,527.15,199.55,527.15
EK_0112_P02_12_frame_0000047069_r.jpg,0,998.08,250.18,997.93,250.07,997.88,249.92,997.88,249.76,997.88,249.61,998.03,249.68,998.03,249.50,998.04,249.49,998.04,249.50,998.20,249.65,998.25,249.60,998.25,249.68,998.23,249.77,998.34,249.75,998.39,249.64,998.38,249.66,998.36,249.71,998.43,249.86,998.50,249.78,998.52,249.77,998.50,249.79
EK_0112_P02_12_frame_0000047131_l.jpg,0,250.22,638.31,249.97,638.17,249.76,638.11,249.57,638.05,249.33,638.00,249.86,637.75,249.64,637.75,249.51,637.85,249.41,638.01,249.94,637.74,249.80,637.60,249.64,637.66,249.49,637.78,250.03,637.87,249.89,637.75,249.71,637.79,249.55,637.88,250.09,638.00,249.98,637.92,249.84,637.92,249.71,637.96
EK_0112_P02_12_frame_0000047218_l.jpg,0,452.23,510.96,452.13,510.69,452.04,510.49,451.99,510.30,451.95,510.09,452.30,510.36,452.37,510.17,452.28,510.08,452.12,510.04,452.36,510.43,452.25,510.31,452.10,510.27,451.92,510.24,452.34,510.62,452.20,510.49,452.02,510.48,451.86,510.50,452.29,510.76,452.16,510.68,452.03,510.67,451.93,510.68
EK_0112_P02_12_frame_0000048007_l.jpg,0,220.00,617.43,220.12,617.18,220.11,616.95,220.11,616.75,220.00,616.60,220.34,616.89,220.52,616.75,220.44,616.60,220.29,616.53,220.27,616.90,220.25,616.71,220.13,616.59,220.02,616.50,220.11,617.00,220.00,616.84,219.92,616.91,219.91,617.02,219.96,617.06,219.91,616.98,219.88,617.03,219.90,617.12
EK_0112_P02_12_frame_0000048124_l.jpg,0,543.07,118.98,542.78,119.04,542.54,119.02,542.34,118.93,542.12,118.82,542.40,118.69,542.23,118.49,542.11,118.36,541.98,118.21,542.47,118.50,542.30,118.33,542.17,118.20,542.02,118.06,542.66,118.42,542.47,118.30,542.32,118.18,542.17,118.05,542.82,118.38,542.68,118.29,542.56,118.21,542.43,118.12
EK_0112_P02_12_frame_0000048962_l.jpg,0,572.10,492.00,572.00,491.71,571.88,491.46,571.77,491.23,571.66,490.93,572.05,491.17,571.83,490.98,571.65,491.07,571.58,491.26,572.04,491.18,571.75,491.16,571.62,491.30,571.63,491.46,571.98,491.36,571.73,491.31,571.61,491.44,571.67,491.57,571.90,491.52,571.72,491.47,571.65,491.55,571.70,491.66
EK_0112_P02_12_frame_0000050632_r.jpg,0,895.11,226.64,895.27,226.61,895.51,226.63,895.72,226.63,895.94,226.55,895.42,226.15,895.64,226.01,895.76,226.13,895.78,226.32,895.44,226.02,895.67,225.93,895.78,226.07,895.78,226.27,895.44,226.04,895.64,225.97,895.78,226.11,895.76,226.30,895.46,226.09,895.60,226.05,895.70,226.16,895.68,226.29
EK_0112_P02_12_frame_0000051695_l.jpg,0,487.69,357.84,487.69,357.49,487.58,357.21,487.42,356.98,487.31,356.65,487.24,357.06,486.99,356.84,486.82,356.70,486.64,356.52,487.03,357.17,486.78,356.98,486.60,356.84,486.42,356.65,486.94,357.43,486.76,357.20,486.58,357.04,486.43,356.83,486.90,357.63,486.76,357.47,486.62,357.34,486.49,357.18
EK_0112_P02_12_frame_0000051923_l.jpg,0,476.42,208.95,476.07,208.95,475.86,208.98,475.67,208.98,475.50,209.06,475.80,208.45,475.69,208.20,475.61,208.06,475.52,207.93,475.94,208.31,475.85,208.09,475.76,208.01,475.67,207.95,476.17,208.34,476.02,208.18,475.92,208.10,475.82,208.05,476.33,208.40,476.21,208.31,476.12,208.24,476.02,208.19
EK_0112_P02_12_frame_0000052247_l.jpg,0,357.31,454.43,357.45,454.12,357.58,453.87,357.64,453.64,357.74,453.34,357.32,453.80,357.23,453.57,357.15,453.39,357.07,453.23,357.11,453.84,357.00,453.59,356.92,453.43,356.86,453.25,356.93,453.97,356.82,453.74,356.73,453.55,356.65,453.36,356.80,454.05,356.69,453.90,356.62,453.75,356.56,453.59
EK_0112_P02_12_frame_0000052482_l.jpg,0,451.36,318.18,450.95,318.04,450.64,317.98,450.42,317.93,450.08,317.95,450.72,317.40,450.59,317.05,450.51,316.83,450.44,316.58,450.95,317.22,450.86,316.86,450.81,316.60,450.75,316.30,451.23,317.22,451.13,316.90,451.08,316.62,451.03,316.33,451.45,317.24,451.51,317.01,451.59,316.81,451.64,316.60
EK_0112_P02_12_frame_0000053094_l.jpg,0,409.95,356.16,409.94,355.83,409.88,355.53,409.75,355.29,409.64,354.97,409.54,355.35,409.26,355.16,409.07,355.05,408.85,354.91,409.33,355.44,409.07,355.26,408.88,355.13,408.68,354.96,409.23,355.69,409.05,355.46,408.86,355.30,408.70,355.10,409.17,355.90,409.04,355.74,408.90,355.60,408.77,355.43
EK_0112_P02_12_frame_0000053300_l.jpg,0,253.90,542.74,253.89,542.45,253.81,542.17,253.69,541.94,253.53,541.64,253.90,541.88,253.80,541.58,253.60,541.55,253.43,541.66,253.81,541.87,253.55,541.71,253.34,541.73,253.16,541.78,253.68,542.04,253.46,541.89,253.28,541.91,253.15,541.98,253.56,542.20,253.43,542.05,253.32,542.04,253.26,542.09
EK_0112_P02_12_frame_0000054210_r.jpg,0,632.71,289.79,633.10,289.68,633.33,289.45,633.36,289.16,633.37,288.83,633.29,289.01,633.37,288.68,633.43,288.47,633.51,288.22,633.08,288.85,633.20,288.54,633.29,288.31,633.40,288.05,632.82,288.88,632.98,288.61,633.08,288.37,633.20,288.12,632.62,288.94,632.71,288.74,632.78,288.55,632.87,288.33
EK_0112_P02_12_frame_0000054505_l.jpg,0,85.17,424.70,85.26,424.36,85.31,424.04,85.30,423.74,85.27,423.35,85.30,423.71,85.18,423.37,85.00,423.28,84.84,423.34,85.14,423.69,84.93,423.42,84.74,423.37,84.60,423.40,84.94,423.87,84.79,423.60,84.63,423.54,84.52,423.58,84.76,424.02,84.68,423.81,84.59,423.76,84.57,423.79
EK_0112_P02_12_frame_0000054535_r.jpg,0,513.13,322.21,513.18,321.80,513.33,321.50,513.53,321.28,513.79,321.01,513.54,321.45,513.86,321.28,514.04,321.17,514.21,321.07,513.72,321.61,513.99,321.40,514.16,321.26,514.33,321.11,513.82,321.88,514.01,321.62,514.18,321.44,514.35,321.27,513.90,322.08,514.06,321.93,514.21,321.80,514.31,321.67
EK_0112_P02_12_frame_0000054989_r.jpg,0,551.35,261.33,551.66,261.21,551.95,261.11,552.22,261.03,552.57,261.08,551.89,260.56,551.98,260.22,552.03,259.99,552.09,259.72,551.69,260.39,551.79,260.07,551.85,259.83,551.95,259.56,551.41,260.42,551.48,260.12,551.51,259.86,551.56,259.59,551.19,260.48,551.10,260.28,551.00,260.11,550.94,259.92
EK_0112_P02_12_frame_0000055677_l.jpg,0,563.97,434.40,564.24,434.06,564.30,433.70,564.32,433.39,564.39,432.98,564.04,433.53,563.96,433.17,563.98,432.94,564.07,432.70,563.75,433.51,563.75,433.14,563.79,432.91,563.84,432.62,563.52,433.62,563.56,433.29,563.59,433.01,563.63,432.72,563.36,433.71,563.25,433.49,563.19,433.28,563.14,433.05
EK_0112_P02_12_frame_0000056543_l.jpg,0,293.84,451.82,294.00,451.49,294.04,451.20,294.00,450.93,293.95,450.59,293.82,450.95,293.72,450.64,293.65,450.52,293.57,450.45,293.59,450.96,293.47,450.72,293.41,450.63,293.37,450.57,293.40,451.14,293.31,450.91,293.25,450.81,293.22,450.74,293.27,451.29,293.16,451.12,293.13,451.04,293.16,451.00
EK_0112_P02_12_frame_0000056638_r.jpg,0,837.52,352.55,837.51,352.26,837.62,352.01,837.78,351.85,838.05,351.74,837.60,351.77,837.82,351.59,838.00,351.53,838.15,351.52,837.72,351.80,837.96,351.65,838.14,351.61,838.29,351.58,837.85,351.98,838.04,351.81,838.23,351.75,838.36,351.66,837.96,352.13,838.10,352.02,838.24,351.93,838.35,351.83
EK_0112_P02_12_frame_0000056707_l.jpg,0,386.02,102.71,385.88,102.35,385.72,102.08,385.51,101.91,385.24,101.74,385.85,101.89,385.74,101.65,385.55,101.54,385.30,101.49,385.83,102.00,385.60,101.84,385.37,101.81,385.16,101.81,385.77,102.26,385.59,102.07,385.36,102.03,385.19,101.99,385.70,102.47,385.59,102.31,385.43,102.24,385.35,102.22
EK_0112_P02_12_frame_0000056848_l.jpg,0,137.89,399.18,138.11,398.89,138.30,398.68,138.45,398.48,138.67,398.23,138.02,398.43,137.93,398.14,137.86,397.97,137.79,397.77,137.79,398.42,137.70,398.14,137.64,397.98,137.60,397.80,137.58,398.52,137.53,398.26,137.47,398.08,137.46,397.90,137.44,398.61,137.36,398.43,137.32,398.29,137.32,398.14
EK_0112_P02_12_frame_0000056878_l.jpg,0,377.67,336.58,377.86,336.29,378.01,336.05,378.10,335.84,378.25,335.56,377.71,335.86,377.58,335.60,377.49,335.44,377.41,335.26,377.48,335.87,377.36,335.61,377.28,335.45,377.22,335.25,377.30,335.99,377.23,335.74,377.16,335.55,377.12,335.35,377.17,336.08,377.09,335.91,377.03,335.76,377.01,335.59
EK_0112_P02_12_frame_0000057466_r.jpg,0,640.34,497.06,640.41,496.77,640.63,496.56,640.88,496.47,641.22,496.46,640.63,496.87,640.90,496.93,641.12,496.87,641.27,496.75,640.77,497.09,641.08,497.03,641.24,496.94,641.30,496.79,640.86,497.25,641.09,497.08,641.22,496.95,641.27,496.82,640.94,497.34,641.05,497.17,641.14,497.03,641.15,496.90
EK_0112_P02_12_frame_0000059340_r.jpg,0,1042.46,60.84,1042.51,60.71,1042.70,60.56,1042.88,60.42,1043.15,60.31,1042.49,60.18,1042.68,59.99,1042.85,59.92,1043.04,59.87,1042.54,60.08,1042.71,59.88,1042.89,59.82,1043.08,59.83,1042.63,60.14,1042.72,59.92,1042.89,59.81,1043.04,59.75,1042.73,60.23,1042.88,60.16,1043.02,60.13,1043.16,60.09
EK_0112_P02_12_frame_0000059550_r.jpg,0,946.61,177.30,946.46,177.13,946.38,176.94,946.49,176.80,946.61,176.76,946.51,176.72,946.58,176.58,946.57,176.64,946.54,176.72,946.66,176.69,946.73,176.57,946.71,176.65,946.68,176.74,946.81,176.78,946.87,176.64,946.84,176.72,946.81,176.81,946.92,176.86,946.95,176.74,946.94,176.75,946.90,176.81
EK_0112_P02_12_frame_0000059752_r.jpg,0,736.87,420.88,736.73,420.58,736.77,420.33,736.93,420.17,737.16,420.07,736.97,420.20,737.11,419.99,737.15,419.91,737.17,419.85,737.18,420.23,737.29,420.02,737.29,419.96,737.26,419.91,737.32,420.36,737.40,420.14,737.39,420.05,737.36,420.00,737.41,420.47,737.44,420.29,737.44,420.19,737.42,420.11
EK_0112_P02_12_frame_0000059832_r.jpg,0,972.51,290.28,972.39,290.25,972.29,290.19,972.34,290.05,972.48,289.93,972.25,289.88,972.31,289.84,972.38,289.92,972.40,290.04,972.34,289.77,972.43,289.72,972.48,289.83,972.50,289.98,972.49,289.76,972.56,289.66,972.61,289.75,972.63,289.87,972.62,289.79,972.67,289.68,972.70,289.72,972.69,289.83
EK_0112_P02_12_frame_0000061052_l.jpg,0,276.32,245.10,276.09,244.93,275.87,244.80,275.72,244.64,275.59,244.50,276.14,244.39,276.04,244.13,275.93,244.00,275.79,243.92,276.25,244.32,276.31,244.07,276.15,244.06,275.97,244.16,276.32,244.41,276.33,244.17,276.16,244.14,275.98,244.21,276.35,244.51,276.31,244.34,276.18,244.28,276.04,244.29
EK_0112_P02_12_frame_0000061317_l.jpg,0,464.07,38.74,463.75,38.54,463.55,38.23,463.42,37.94,463.16,37.70,463.89,37.84,463.61,37.56,463.39,37.50,463.19,37.53,464.08,37.68,464.06,37.30,463.83,37.36,463.67,37.60,464.20,37.73,464.18,37.39,463.92,37.40,463.72,37.61,464.23,37.79,464.17,37.55,463.97,37.61,463.87,37.79
EK_0112_P02_12_frame_0000061953_l.jpg,0,387.88,465.75,387.81,465.49,387.71,465.31,387.64,465.17,387.59,465.03,387.96,465.19,387.99,465.01,387.90,464.93,387.74,464.89,387.98,465.27,387.93,465.13,387.80,465.07,387.63,465.01,387.93,465.44,387.85,465.31,387.70,465.24,387.54,465.16,387.86,465.57,387.72,465.51,387.60,465.47,387.46,465.42
EK_0112_P02_12_frame_0000063168_l.jpg,0,443.56,465.58,443.54,465.24,443.51,464.96,443.49,464.71,443.55,464.39,443.39,464.81,443.23,464.59,443.06,464.49,442.86,464.39,443.26,464.90,443.05,464.70,442.87,464.60,442.69,464.48,443.14,465.11,442.96,464.93,442.77,464.82,442.62,464.68,443.05,465.29,442.89,465.17,442.76,465.10,442.63,464.99
EK_0112_P02_12_frame_0000064206_l.jpg,0,478.91,537.05,478.97,536.73,478.91,536.48,478.85,536.26,478.80,535.96,478.89,536.42,478.71,536.21,478.63,536.19,478.61,536.25,478.74,536.50,478.55,536.33,478.50,536.33,478.53,536.37,478.59,536.66,478.47,536.48,478.44,536.46,478.50,536.47,478.47,536.78,478.41,536.64,478.42,536.60,478.48,536.60
EK_0112_P02_12_frame_0000065468_r.jpg,0,1233.25,554.94,1233.40,554.62,1233.47,554.31,1233.56,554.06,1233.67,554.00,1233.27,553.99,1233.60,553.89,1233.80,554.02,1233.94,554.23,1233.23,553.98,1233.52,553.81,1233.76,553.88,1233.95,554.05,1233.27,554.17,1233.45,553.93,1233.71,553.88,1233.97,553.90,1233.33,554.34,1233.29,554.16,1233.30,553.99,1233.35,553.79
EK_0112_P02_12_frame_0000066038_r.jpg,0,927.06,384.99,927.06,384.88,927.01,384.66,926.95,384.45,926.90,384.18,926.68,384.56,926.74,384.30,926.89,384.20,927.08,384.18,926.60,384.45,926.70,384.22,926.87,384.14,927.08,384.13,926.66,384.42,926.68,384.21,926.84,384.10,927.03,384.07,926.75,384.41,926.77,384.25,926.84,384.15,926.94,384.08
EK_0112_P02_12_frame_0000066098_r.jpg,0,896.81,526.69,896.91,526.42,897.05,526.18,897.12,525.95,897.27,525.64,896.72,525.86,896.88,525.62,897.08,525.55,897.31,525.52,896.67,525.82,896.85,525.60,897.07,525.55,897.31,525.51,896.71,525.96,896.97,525.90,897.18,525.98,897.40,526.08,896.78,526.08,896.95,526.01,897.11,526.05,897.29,526.10
EK_0112_P02_12_frame_0000066830_r.jpg,0,544.10,192.70,544.09,192.41,544.15,192.09,544.37,191.91,544.71,191.82,544.38,191.79,544.70,191.65,544.91,191.62,545.10,191.59,544.59,191.82,544.87,191.69,545.08,191.66,545.25,191.65,544.72,192.04,544.97,191.87,545.19,191.80,545.38,191.73,544.83,192.25,545.01,192.14,545.16,192.11,545.22,192.12
EK_0112_P02_12_frame_0000066856_l.jpg,0,366.18,418.63,366.05,418.30,365.92,418.03,365.84,417.79,365.82,417.60,366.27,417.76,366.18,417.46,365.99,417.43,365.79,417.55,366.34,417.78,366.05,417.73,365.85,417.82,365.66,417.95,366.32,417.97,366.05,417.95,365.84,418.06,365.64,418.17,366.26,418.13,366.07,418.11,365.91,418.18,365.74,418.27
EK_0112_P02_12_frame_0000068290_l.jpg,0,479.00,585.75,478.86,585.48,478.71,585.28,478.60,585.10,478.47,584.96,478.86,585.03,478.81,584.77,478.65,584.69,478.45,584.69,478.86,585.07,478.67,584.93,478.48,584.93,478.27,584.93,478.84,585.26,478.62,585.18,478.43,585.23,478.26,585.24,478.80,585.42,478.64,585.46,478.52,585.52,478.37,585.57
EK_0112_P02_12_frame_0000068356_l.jpg,0,507.99,436.07,507.90,435.77,507.81,435.53,507.77,435.33,507.71,435.12,508.01,435.33,508.06,435.08,507.97,434.94,507.79,434.87,508.02,435.39,507.92,435.20,507.77,435.11,507.56,435.05,507.96,435.58,507.83,435.40,507.63,435.35,507.44,435.28,507.88,435.73,507.71,435.69,507.56,435.68,507.39,435.65
EK_0112_P02_12_frame_0000068531_r.jpg,0,899.32,400.03,899.23,399.90,899.22,399.68,899.31,399.47,899.51,399.29,899.25,399.35,899.41,399.20,899.54,399.17,899.65,399.10,899.40,399.26,899.57,399.14,899.71,399.10,899.83,399.02,899.56,399.35,899.71,399.21,899.86,399.16,899.99,399.07,899.70,399.45,899.79,399.30,899.88,399.22,899.98,399.11
EK_0112_P02_12_frame_0000069251_r.jpg,0,955.31,342.08,955.19,341.87,955.15,341.60,955.28,341.39,955.54,341.26,955.16,341.29,955.38,341.11,955.54,341.11,955.64,341.14,955.31,341.21,955.54,341.06,955.70,341.10,955.80,341.18,955.50,341.32,955.68,341.13,955.84,341.17,955.90,341.26,955.66,341.43,955.76,341.26,955.88,341.21,955.94,341.26
EK_0112_P02_12_frame_0000069547_l.jpg,0,61.35,290.95,61.26,290.60,61.10,290.30,60.96,290.02,60.81,289.73,61.37,289.92,61.48,289.56,61.28,289.41,61.01,289.44,61.34,289.91,61.16,289.63,60.90,289.56,60.66,289.58,61.23,290.12,60.95,289.96,60.68,289.99,60.45,289.99,61.11,290.30,60.91,290.29,60.76,290.36,60.54,290.39
EK_0112_P02_12_frame_0000070047_r.jpg,0,795.39,109.24,795.36,108.96,795.56,108.73,795.77,108.53,796.12,108.41,795.51,108.29,795.80,108.10,796.01,108.02,796.23,107.91,795.69,108.27,795.98,108.14,796.20,108.09,796.43,108.00,795.86,108.45,796.05,108.26,796.27,108.16,796.47,108.05,795.99,108.63,796.10,108.48,796.21,108.40,796.33,108.30
EK_0112_P02_12_frame_0000071178_l.jpg,0,-155.42,470.61,-155.17,470.34,-155.04,470.09,-155.05,469.75,-155.24,469.41,-154.70,469.73,-154.54,469.35,-154.71,469.15,-154.98,469.13,-154.81,469.62,-154.93,469.24,-155.14,469.07,-155.32,469.05,-155.10,469.67,-155.15,469.32,-155.35,469.15,-155.49,469.09,-155.35,469.72,-155.44,469.48,-155.56,469.36,-155.65,469.27
EK_0112_P02_12_frame_0000071233_r.jpg,0,898.36,350.74,898.21,350.53,898.19,350.25,898.27,350.01,898.42,349.79,898.18,349.92,898.25,349.70,898.37,349.66,898.45,349.65,898.35,349.85,898.47,349.59,898.61,349.52,898.73,349.48,898.56,349.96,898.69,349.73,898.86,349.64,898.98,349.60,898.73,350.07,898.85,349.91,898.97,349.77,899.11,349.62
EK_0112_P02_12_frame_0000071384_r.jpg,0,704.94,174.97,704.84,174.64,704.95,174.33,705.15,174.13,705.45,174.00,705.01,174.00,705.29,173.83,705.48,173.76,705.64,173.65,705.23,174.01,705.48,173.83,705.66,173.76,705.82,173.66,705.42,174.21,705.61,173.98,705.80,173.85,705.97,173.73,705.57,174.39,705.68,174.19,705.79,174.03,705.95,173.82
EK_0112_P02_12_frame_0000071474_r.jpg,0,816.42,470.33,816.28,470.03,816.37,469.78,816.53,469.62,816.80,469.48,816.40,469.62,816.61,469.44,816.75,469.35,816.89,469.20,816.60,469.65,816.80,469.46,816.94,469.34,817.07,469.20,816.78,469.79,816.92,469.58,817.06,469.43,817.17,469.28,816.91,469.90,816.97,469.73,817.04,469.59,817.11,469.42
EK_0112_P02_12_frame_0000071790_r.jpg,0,1359.40,239.50,1359.27,239.39,1359.20,239.23,1359.20,239.06,1359.27,238.90,1359.24,238.95,1359.34,238.77,1359.39,238.79,1359.42,238.83,1359.38,238.87,1359.48,238.76,1359.54,238.81,1359.56,238.89,1359.54,238.93,1359.58,238.77,1359.64,238.79,1359.65,238.86,1359.67,239.00,1359.68,238.87,1359.71,238.84,1359.72,238.86
EK_0112_P02_12_frame_0000074139_l.jpg,0,285.04,357.10,285.13,356.69,285.05,356.37,284.95,356.11,284.81,355.76,284.89,356.21,284.62,355.98,284.43,355.84,284.21,355.68,284.66,356.30,284.41,356.08,284.22,355.93,284.02,355.73,284.47,356.52,284.32,356.25,284.14,356.06,283.98,355.83,284.34,356.70,284.26,356.49,284.18,356.32,284.05,356.11
EK_0112_P02_12_frame_0000076179_r.jpg,0,891.71,239.39,891.85,239.34,892.04,239.24,892.21,239.15,892.45,239.07,891.87,238.91,892.04,238.74,892.19,238.75,892.35,238.81,891.87,238.79,892.07,238.70,892.23,238.73,892.39,238.81,891.87,238.80,892.06,238.75,892.23,238.79,892.37,238.87,891.90,238.84,892.03,238.81,892.16,238.85,892.26,238.91
EK_0112_P02_12_frame_0000077012_l.jpg,0,145.80,286.83,145.82,286.44,145.85,286.07,145.85,285.74,145.93,285.31,145.62,285.73,145.39,285.41,145.18,285.25,144.92,285.09,145.42,285.77,145.17,285.47,144.96,285.28,144.76,285.03,145.24,286.02,145.10,285.70,144.92,285.45,144.78,285.17,145.10,286.24,145.00,286.00,144.89,285.80,144.79,285.58
EK_0112_P02_12_frame_0000077229_r.jpg,0,975.14,251.22,975.18,251.23,975.33,251.15,975.45,251.08,975.57,251.03,975.06,250.84,975.15,250.65,975.29,250.60,975.47,250.63,975.08,250.68,975.26,250.58,975.43,250.59,975.62,250.62,975.15,250.63,975.32,250.61,975.50,250.63,975.68,250.63,975.24,250.62,975.37,250.63,975.48,250.69,975.61,250.73
EK_0112_P02_12_frame_0000078049_l.jpg,0,409.99,152.48,410.22,152.28,410.31,152.09,410.41,151.98,410.60,151.84,410.31,152.10,410.29,151.89,410.24,151.76,410.22,151.73,410.14,152.10,410.10,151.87,410.05,151.76,410.05,151.77,409.94,152.13,409.96,151.93,409.93,151.79,409.93,151.80,409.78,152.14,409.80,152.00,409.81,151.85,409.83,151.72
EK_0112_P02_12_frame_0000078590_l.jpg,0,233.38,113.75,233.47,113.46,233.54,113.24,233.60,113.08,233.72,112.85,233.53,113.20,233.50,112.99,233.39,112.89,233.30,112.85,233.41,113.27,233.27,113.07,233.15,112.94,233.04,112.79,233.26,113.40,233.17,113.20,233.06,113.05,232.96,112.88,233.12,113.50,233.11,113.44,233.04,113.33,233.01,113.20
EK_0114_P03_22_frame_0000000216_l.jpg,0,502.77,532.04,502.60,531.80,502.41,531.64,502.24,531.48,502.10,531.31,502.73,531.26,502.65,531.01,502.47,530.97,502.28,531.06,502.81,531.24,502.69,531.03,502.50,531.03,502.31,531.13,502.83,531.38,502.77,531.15,502.57,531.12,502.39,531.20,502.81,531.50,502.79,531.33,502.64,531.29,502.50,531.32
EK_0114_P03_22_frame_0000000458_l.jpg,0,748.14,578.38,748.13,578.16,748.10,577.98,748.09,577.85,748.05,577.82,748.31,577.98,748.21,577.88,748.09,577.88,748.00,577.91,748.32,578.06,748.22,577.96,748.09,577.97,748.03,577.99,748.27,578.20,748.22,578.08,748.08,578.08,748.03,578.09,748.20,578.30,748.16,578.23,748.06,578.22,748.04,578.20
EK_0114_P03_22_frame_0000000723_l.jpg,0,643.30,151.12,643.06,151.04,642.88,150.97,642.77,150.87,642.75,150.80,642.99,150.64,642.84,150.56,642.77,150.63,642.75,150.73,643.12,150.58,642.98,150.62,642.93,150.71,642.88,150.81,643.26,150.66,643.13,150.65,643.07,150.74,643.04,150.84,643.35,150.75,643.26,150.72,643.22,150.79,643.20,150.89
EK_0114_P03_22_frame_0000001019_l.jpg,0,560.09,141.15,559.82,141.11,559.64,141.07,559.54,140.96,559.52,140.90,559.73,140.69,559.65,140.70,559.67,140.83,559.70,140.95,559.89,140.62,559.86,140.68,559.85,140.82,559.87,140.96,560.09,140.69,560.02,140.71,560.01,140.85,560.03,140.99,560.23,140.78,560.17,140.78,560.15,140.87,560.15,140.99
EK_0114_P03_22_frame_0000001191_r.jpg,0,788.05,217.90,788.13,217.82,788.29,217.72,788.42,217.59,788.57,217.38,787.93,217.42,787.86,217.23,787.92,217.10,788.01,216.96,787.88,217.30,787.75,217.11,787.85,216.97,788.01,216.89,787.92,217.28,787.83,217.09,787.93,216.93,788.06,216.83,787.98,217.28,788.08,217.16,788.20,217.11,788.34,217.08
EK_0114_P03_22_frame_0000001249_r.jpg,0,374.26,117.61,374.19,117.30,374.31,117.14,374.49,116.99,374.71,116.94,374.61,116.90,374.78,116.74,374.77,116.75,374.75,116.78,374.82,117.00,374.96,116.92,374.94,116.94,374.89,116.96,374.89,117.23,375.00,117.10,374.96,117.09,374.89,117.07,374.91,117.42,374.97,117.31,374.94,117.25,374.88,117.21
EK_0114_P03_22_frame_0000001307_l.jpg,0,414.59,328.29,414.38,328.05,414.24,327.88,414.20,327.72,414.22,327.68,414.51,327.64,414.48,327.50,414.37,327.55,414.24,327.64,414.63,327.70,414.53,327.67,414.39,327.74,414.22,327.83,414.70,327.89,414.59,327.82,414.43,327.89,414.26,327.99,414.72,328.06,414.63,328.00,414.50,328.03,414.36,328.10
EK_0114_P03_22_frame_0000001636_l.jpg,0,100.67,428.96,100.54,428.69,100.36,428.41,100.22,428.14,100.07,427.77,100.64,427.97,100.59,427.61,100.42,427.44,100.15,427.36,100.63,427.90,100.45,427.60,100.27,427.43,100.05,427.23,100.56,428.05,100.41,427.76,100.21,427.57,100.02,427.38,100.46,428.20,100.38,427.98,100.26,427.80,100.13,427.64
EK_0114_P03_22_frame_0000002464_l.jpg,0,354.24,468.89,354.22,468.58,354.11,468.34,353.89,468.17,353.57,468.02,354.01,468.01,353.78,467.77,353.57,467.69,353.34,467.62,353.85,468.04,353.57,467.93,353.36,467.89,353.17,467.82,353.73,468.26,353.52,468.10,353.31,468.07,353.17,467.98,353.63,468.45,353.49,468.31,353.36,468.24,353.27,468.16
EK_0114_P03_22_frame_0000002494_l.jpg,0,283.21,389.64,283.16,389.23,283.07,388.87,282.84,388.62,282.45,388.50,283.06,388.51,282.74,388.24,282.47,388.14,282.16,388.08,282.92,388.55,282.54,388.42,282.26,388.38,281.98,388.34,282.77,388.81,282.50,388.58,282.22,388.53,282.00,388.45,282.64,389.04,282.50,388.82,282.33,388.70,282.19,388.60
EK_0117_P04_24_frame_0000000036_r.jpg,0,761.72,585.04,761.78,585.03,761.87,584.96,761.94,584.89,762.05,584.79,761.73,584.75,761.83,584.65,761.93,584.62,762.04,584.58,761.73,584.65,761.85,584.57,761.96,584.56,762.08,584.56,761.76,584.63,761.84,584.56,761.95,584.54,762.06,584.55,761.80,584.63,761.85,584.57,761.93,584.55,762.01,584.57
EK_0117_P04_24_frame_0000000364_r.jpg,0,1182.95,492.80,1183.18,492.69,1183.31,492.53,1183.45,492.44,1183.59,492.32,1183.56,492.76,1183.73,492.68,1183.77,492.54,1183.76,492.37,1183.52,492.79,1183.60,492.62,1183.60,492.46,1183.61,492.28,1183.36,492.78,1183.48,492.62,1183.49,492.46,1183.52,492.29,1183.23,492.74,1183.33,492.64,1183.39,492.52,1183.44,492.40
EK_0117_P04_24_frame_0000000492_r.jpg,0,738.88,385.50,738.87,385.45,739.00,385.44,739.11,385.36,739.30,385.38,739.13,385.05,739.33,384.95,739.47,384.96,739.63,384.94,739.29,385.01,739.48,384.94,739.62,384.95,739.77,384.96,739.38,385.10,739.51,385.00,739.65,384.97,739.79,384.92,739.44,385.21,739.55,385.10,739.65,385.03,739.76,384.92
EK_0117_P04_24_frame_0000000549_r.jpg,0,934.45,221.77,934.46,221.41,934.62,221.17,934.76,220.95,934.99,220.71,934.39,221.00,934.60,220.78,934.77,220.79,934.91,220.83,934.48,221.10,934.73,220.94,934.88,220.94,934.96,220.99,934.61,221.31,934.78,221.09,934.93,221.06,934.98,221.12,934.74,221.47,934.79,221.32,934.91,221.20,934.95,221.18
EK_0117_P04_24_frame_0000000718_r.jpg,0,971.10,535.20,971.02,534.92,971.15,534.73,971.24,534.56,971.45,534.48,971.06,534.64,971.18,534.48,971.30,534.46,971.34,534.50,971.20,534.70,971.36,534.51,971.45,534.50,971.47,534.55,971.35,534.83,971.50,534.67,971.64,534.58,971.74,534.49,971.47,534.93,971.55,534.81,971.61,534.73,971.62,534.67
EK_0117_P04_24_frame_0000000891_r.jpg,0,974.08,380.85,973.95,380.73,973.87,380.60,973.86,380.47,973.89,380.37,974.12,380.42,974.20,380.28,974.25,380.22,974.32,380.13,974.27,380.43,974.27,380.49,974.20,380.61,974.11,380.75,974.38,380.55,974.39,380.50,974.33,380.60,974.24,380.72,974.45,380.67,974.50,380.59,974.47,380.60,974.39,380.65
EK_0117_P04_24_frame_0000003037_r.jpg,0,1118.41,671.25,1118.48,671.33,1118.58,671.21,1118.64,671.12,1118.76,670.98,1118.34,671.15,1118.36,671.04,1118.47,670.98,1118.58,670.94,1118.31,671.00,1118.31,670.89,1118.44,670.85,1118.59,670.87,1118.34,670.90,1118.36,670.82,1118.49,670.79,1118.62,670.84,1118.39,670.83,1118.48,670.79,1118.56,670.76,1118.65,670.73
EK_0117_P04_24_frame_0000003105_l.jpg,0,560.05,639.46,559.95,639.24,559.81,639.10,559.65,639.03,559.45,639.04,559.90,638.95,559.71,638.87,559.58,638.91,559.45,638.96,559.88,639.02,559.68,639.01,559.55,639.05,559.41,639.07,559.86,639.19,559.68,639.14,559.54,639.17,559.42,639.18,559.82,639.32,559.69,639.28,559.58,639.27,559.48,639.25
EK_0117_P04_24_frame_0000003131_l.jpg,0,616.75,669.45,616.67,669.22,616.54,669.05,616.39,668.96,616.19,668.97,616.68,668.88,616.50,668.75,616.35,668.74,616.19,668.77,616.66,668.93,616.46,668.88,616.30,668.89,616.15,668.88,616.62,669.09,616.46,668.99,616.29,668.99,616.17,668.97,616.57,669.22,616.47,669.13,616.35,669.09,616.26,669.06
EK_0117_P04_24_frame_0000003223_l.jpg,0,412.56,739.58,412.68,739.33,412.66,739.11,412.52,738.95,412.29,738.79,412.80,738.92,412.71,738.68,412.59,738.56,412.44,738.45,412.69,738.91,412.54,738.71,412.40,738.60,412.28,738.50,412.52,739.01,412.44,738.80,412.30,738.67,412.20,738.54,412.37,739.09,412.30,738.94,412.22,738.82,412.15,738.68
EK_0117_P04_24_frame_0000005197_r.jpg,0,804.96,371.27,804.81,371.23,804.81,371.19,804.80,371.09,804.89,371.06,804.82,370.84,804.82,370.68,804.85,370.68,804.88,370.70,804.97,370.76,805.01,370.66,805.04,370.71,805.07,370.79,805.12,370.81,805.14,370.71,805.17,370.75,805.18,370.81,805.25,370.88,805.28,370.81,805.30,370.81,805.30,370.83
EK_0117_P04_24_frame_0000005262_r.jpg,0,722.42,316.72,722.69,316.68,722.97,316.57,723.19,316.42,723.47,316.26,722.94,316.09,723.20,315.89,723.40,315.84,723.64,315.77,722.93,315.94,723.14,315.71,723.35,315.62,723.59,315.51,722.86,315.99,723.15,315.98,723.39,316.05,723.62,316.14,722.83,316.07,723.04,316.09,723.22,316.12,723.44,316.14
EK_0117_P04_24_frame_0000005527_r.jpg,0,1036.42,611.98,1036.57,611.84,1036.71,611.59,1036.83,611.36,1037.05,611.13,1036.43,611.28,1036.66,611.07,1036.84,611.06,1037.06,611.11,1036.38,611.14,1036.63,610.99,1036.85,610.97,1037.08,611.01,1036.39,611.17,1036.62,611.04,1036.85,611.02,1037.08,611.06,1036.44,611.22,1036.61,611.15,1036.78,611.11,1037.00,611.07
EK_0117_P04_24_frame_0000006132_l.jpg,0,707.33,697.37,707.32,697.14,707.21,696.98,707.14,696.89,707.07,696.85,707.50,697.01,707.59,696.95,707.56,696.90,707.47,696.86,707.51,697.12,707.50,697.07,707.40,697.02,707.28,696.94,707.44,697.28,707.41,697.20,707.31,697.13,707.19,697.04,707.36,697.39,707.33,697.32,707.27,697.26,707.19,697.17
EK_0117_P04_24_frame_0000006290_l.jpg,0,592.69,778.76,592.67,778.48,592.68,778.26,592.69,778.08,592.67,777.88,592.87,778.23,592.81,778.06,592.72,777.97,592.63,777.87,592.86,778.32,592.77,778.17,592.66,778.08,592.52,777.98,592.78,778.48,592.75,778.33,592.62,778.23,592.49,778.11,592.69,778.61,592.68,778.49,592.60,778.40,592.50,778.29
EK_0117_P04_24_frame_0000010484_r.jpg,0,571.88,-166.26,572.34,-166.27,572.83,-166.39,573.23,-166.56,573.79,-166.74,572.80,-167.19,573.32,-167.29,573.60,-167.11,573.92,-166.89,572.80,-167.45,573.28,-167.33,573.53,-167.07,573.78,-166.74,572.69,-167.42,573.16,-167.34,573.46,-167.08,573.73,-166.76,572.63,-167.32,572.97,-167.36,573.26,-167.26,573.54,-167.08
EK_0117_P04_24_frame_0000011455_r.jpg,0,1248.93,45.80,1248.78,45.66,1248.72,45.58,1248.84,45.60,1249.01,45.69,1249.06,45.47,1249.13,45.50,1249.10,45.60,1249.06,45.71,1249.23,45.57,1249.21,45.61,1249.12,45.71,1249.00,45.79,1249.31,45.74,1249.28,45.76,1249.20,45.85,1249.08,45.90,1249.34,45.90,1249.28,45.94,1249.18,46.00,1249.05,46.02
EK_0117_P04_24_frame_0000011728_l.jpg,0,746.66,751.21,746.73,751.04,746.83,750.94,746.89,750.86,746.94,750.76,746.76,750.96,746.78,750.88,746.78,750.82,746.79,750.76,746.68,751.03,746.67,750.94,746.65,750.87,746.65,750.81,746.58,751.10,746.59,751.04,746.57,750.98,746.57,750.92,746.49,751.15,746.48,751.13,746.45,751.10,746.43,751.05
EK_0117_P04_24_frame_0000013760_l.jpg,0,635.65,578.72,635.67,578.52,635.76,578.38,635.80,578.27,635.81,578.15,635.66,578.48,635.58,578.44,635.52,578.40,635.48,578.37,635.59,578.58,635.52,578.52,635.47,578.48,635.45,578.44,635.50,578.68,635.50,578.63,635.48,578.59,635.49,578.57,635.42,578.75,635.43,578.75,635.42,578.75,635.42,578.74
EK_0117_P04_24_frame_0000016711_l.jpg,0,775.03,573.32,775.01,573.05,774.93,572.85,774.84,572.74,774.72,572.74,775.06,572.82,775.03,572.68,774.91,572.61,774.75,572.56,775.01,572.91,774.89,572.81,774.74,572.75,774.58,572.67,774.93,573.08,774.82,572.96,774.66,572.89,774.52,572.80,774.85,573.20,774.76,573.10,774.65,573.02,774.55,572.93
EK_0117_P04_24_frame_0000018643_l.jpg,0,640.00,497.03,640.03,496.69,640.05,496.41,639.97,496.19,639.76,496.19,640.16,496.29,640.24,496.10,640.09,495.97,639.88,495.91,640.08,496.36,640.09,496.18,639.93,496.05,639.76,495.95,639.94,496.54,639.89,496.36,639.71,496.23,639.56,496.14,639.80,496.69,639.66,496.55,639.54,496.48,639.42,496.43
EK_0117_P04_24_frame_0000019998_r.jpg,0,880.47,454.07,880.39,453.84,880.40,453.69,880.49,453.56,880.63,453.55,880.74,453.47,880.92,453.30,881.03,453.22,881.16,453.12,880.93,453.55,880.88,453.60,880.73,453.73,880.56,453.85,881.00,453.75,880.95,453.75,880.78,453.88,880.61,453.95,881.04,453.92,880.98,453.91,880.83,453.97,880.66,454.01
EK_0117_P04_24_frame_0000020538_l.jpg,0,604.24,337.88,604.23,337.55,604.11,337.31,604.00,337.14,603.87,337.13,604.35,337.28,604.45,337.25,604.32,337.17,604.12,337.10,604.30,337.40,604.38,337.34,604.24,337.25,604.05,337.15,604.19,337.59,604.17,337.47,604.01,337.35,603.85,337.21,604.07,337.74,603.93,337.63,603.80,337.54,603.63,337.43
EK_0117_P04_24_frame_0000021105_r.jpg,0,1148.10,-63.67,1147.93,-63.68,1147.81,-63.72,1147.85,-63.80,1148.02,-63.85,1148.15,-64.07,1148.16,-64.07,1148.19,-63.99,1148.24,-63.93,1148.40,-64.12,1148.43,-64.03,1148.43,-63.89,1148.42,-63.70,1148.59,-64.01,1148.61,-63.99,1148.63,-63.86,1148.63,-63.67,1148.71,-63.89,1148.78,-63.93,1148.74,-63.81,1148.64,-63.68
EK_0117_P04_24_frame_0000021269_r.jpg,0,1282.48,255.50,1282.71,255.53,1282.89,255.44,1283.01,255.35,1283.13,255.16,1282.68,255.32,1282.76,255.19,1282.88,255.08,1283.03,254.97,1282.57,255.17,1282.68,255.01,1282.82,254.90,1282.98,254.81,1282.49,255.06,1282.59,254.93,1282.74,254.82,1282.90,254.72,1282.45,254.98,1282.53,254.86,1282.64,254.78,1282.77,254.73
EK_0117_P04_24_frame_0000021435_l.jpg,0,-168.24,321.90,-167.81,322.12,-167.46,322.37,-167.26,322.61,-167.12,323.00,-167.22,322.69,-166.97,323.09,-166.91,323.33,-166.92,323.35,-167.39,322.87,-167.17,323.27,-167.20,323.44,-167.25,323.35,-167.76,322.90,-167.49,323.22,-167.41,323.45,-167.39,323.46,-168.07,322.92,-167.87,323.15,-167.75,323.36,-167.65,323.50
EK_0117_P04_24_frame_0000024418_r.jpg,0,827.60,606.06,827.77,606.04,827.98,605.97,828.16,605.87,828.41,605.76,828.03,605.61,828.21,605.43,828.38,605.47,828.50,605.60,828.08,605.52,828.32,605.58,828.36,605.75,828.30,605.94,828.07,605.58,828.28,605.60,828.37,605.77,828.36,605.95,828.07,605.66,828.20,605.56,828.33,605.54,828.43,605.58
EK_0117_P04_24_frame_0000028469_r.jpg,0,861.55,712.75,861.71,712.58,861.83,712.47,861.92,712.44,861.92,712.37,861.91,712.54,862.00,712.45,862.04,712.36,862.08,712.27,861.82,712.60,861.89,712.51,861.90,712.41,861.93,712.30,861.66,712.64,861.73,712.57,861.74,712.46,861.77,712.34,861.53,712.66,861.57,712.60,861.61,712.52,861.65,712.44
EK_0117_P04_24_frame_0000028650_r.jpg,0,1183.21,566.15,1183.17,565.86,1183.16,565.62,1183.19,565.41,1183.31,565.18,1183.56,565.60,1183.58,565.35,1183.57,565.18,1183.57,565.03,1183.74,565.67,1183.68,565.49,1183.63,565.39,1183.60,565.32,1183.79,565.81,1183.73,565.64,1183.69,565.58,1183.69,565.53,1183.80,565.91,1183.77,565.77,1183.73,565.72,1183.68,565.71
EK_0121_P06_10_frame_0000000990_r.jpg,0,942.37,252.75,942.32,252.56,942.36,252.30,942.57,252.14,942.88,252.21,942.43,251.96,942.67,251.86,942.77,252.01,942.72,252.15,942.59,251.89,942.83,251.87,942.90,252.05,942.84,252.20,942.75,252.02,942.96,251.94,943.01,252.14,942.91,252.27,942.88,252.16,943.03,252.03,943.12,252.09,943.04,252.18
EK_0121_P06_10_frame_0000001076_r.jpg,0,989.49,-314.69,989.47,-314.64,989.54,-314.73,989.60,-314.84,989.75,-315.02,989.45,-315.06,989.69,-315.13,989.85,-315.06,990.03,-314.97,989.54,-315.23,989.78,-315.16,989.94,-315.05,990.13,-314.95,989.67,-315.26,989.87,-315.22,990.04,-315.11,990.19,-314.97,989.79,-315.25,989.92,-315.26,990.04,-315.19,990.13,-315.06
EK_0121_P06_10_frame_0000001465_l.jpg,0,476.65,776.44,476.51,776.25,476.40,776.10,476.30,775.97,476.23,775.82,476.59,775.91,476.48,775.78,476.38,775.73,476.25,775.75,476.66,775.94,476.51,775.86,476.39,775.84,476.24,775.83,476.69,776.07,476.56,775.96,476.43,775.94,476.28,775.96,476.68,776.19,476.61,776.09,476.52,776.04,476.41,776.02
EK_0121_P06_10_frame_0000001732_r.jpg,0,1176.77,-53.23,1176.90,-53.61,1176.92,-53.95,1176.92,-54.23,1176.91,-54.50,1176.42,-54.18,1176.22,-54.49,1176.20,-54.74,1176.32,-54.97,1176.22,-54.17,1176.05,-54.49,1176.03,-54.73,1176.13,-54.99,1176.19,-54.00,1176.06,-54.30,1176.06,-54.53,1176.13,-54.80,1176.23,-53.87,1176.32,-54.05,1176.39,-54.20,1176.46,-54.43
EK_0121_P06_10_frame_0000002052_r.jpg,0,1347.36,278.89,1347.47,278.75,1347.57,278.64,1347.62,278.48,1347.71,278.19,1347.22,278.27,1347.32,278.03,1347.48,277.92,1347.68,277.81,1347.14,278.15,1347.25,277.91,1347.44,277.83,1347.66,277.78,1347.16,278.15,1347.21,277.95,1347.39,277.84,1347.60,277.79,1347.22,278.18,1347.24,278.00,1347.37,277.91,1347.52,277.90
EK_0121_P06_10_frame_0000002493_r.jpg,0,885.46,-122.65,885.42,-122.98,885.49,-123.20,885.66,-123.33,885.83,-123.38,885.95,-123.40,886.00,-123.39,885.96,-123.28,885.92,-123.17,886.18,-123.27,886.30,-123.24,886.18,-123.13,886.02,-123.03,886.25,-123.00,886.24,-122.98,886.08,-122.89,885.91,-122.83,886.26,-122.77,886.21,-122.76,886.08,-122.71,885.93,-122.67
EK_0121_P06_10_frame_0000003618_l.jpg,0,775.76,819.06,775.77,818.86,775.70,818.73,775.67,818.64,775.66,818.60,775.97,818.74,775.95,818.67,775.86,818.65,775.76,818.63,775.99,818.82,775.92,818.76,775.82,818.74,775.72,818.69,775.94,818.95,775.87,818.86,775.77,818.83,775.67,818.77,775.88,819.04,775.79,818.98,775.71,818.94,775.61,818.88
EK_0121_P06_10_frame_0000004076_l.jpg,0,628.61,214.96,628.45,214.72,628.39,214.50,628.39,214.31,628.40,214.13,628.66,214.26,628.54,214.08,628.43,214.12,628.35,214.24,628.80,214.27,628.67,214.18,628.54,214.25,628.39,214.37,628.87,214.42,628.76,214.28,628.61,214.35,628.47,214.47,628.88,214.54,628.80,214.45,628.69,214.51,628.59,214.60
EK_0121_P06_10_frame_0000004403_l.jpg,0,334.22,-313.86,333.83,-313.92,333.60,-314.12,333.49,-314.36,333.54,-314.56,333.60,-314.53,333.35,-314.71,333.34,-314.60,333.45,-314.41,333.77,-314.71,333.56,-314.79,333.57,-314.61,333.67,-314.37,333.99,-314.71,333.77,-314.76,333.80,-314.54,333.91,-314.34,334.14,-314.67,333.97,-314.67,334.00,-314.49,334.11,-314.38
EK_0121_P06_10_frame_0000004866_r.jpg,0,917.68,-348.53,917.75,-348.55,917.79,-348.54,917.88,-348.58,918.13,-348.71,917.82,-349.04,918.03,-348.98,918.07,-348.80,918.01,-348.65,917.88,-349.18,918.09,-349.05,918.11,-348.86,918.02,-348.70,917.96,-349.17,918.14,-349.10,918.21,-348.91,918.11,-348.74,918.03,-349.12,918.18,-349.13,918.23,-348.98,918.13,-348.87
EK_0121_P06_10_frame_0000006438_l.jpg,0,514.06,449.53,513.90,449.34,513.80,449.11,513.75,448.88,513.71,448.67,514.10,448.85,513.93,448.64,513.78,448.58,513.63,448.57,514.22,448.77,514.04,448.59,513.86,448.60,513.69,448.70,514.25,448.83,514.15,448.62,513.95,448.61,513.79,448.73,514.24,448.90,514.17,448.73,514.02,448.72,513.91,448.82
EK_0121_P06_10_frame_0000006691_r.jpg,0,867.02,-202.78,867.84,-203.59,868.49,-203.87,868.87,-204.08,869.03,-204.32,867.93,-204.43,867.87,-205.04,868.15,-205.29,868.63,-205.51,867.65,-203.93,868.31,-203.85,868.96,-203.54,869.68,-203.16,867.44,-203.13,868.18,-202.71,868.65,-202.17,868.98,-201.68,867.38,-202.46,867.91,-202.50,868.37,-202.13,868.74,-201.79
EK_0121_P06_10_frame_0000007268_r.jpg,0,932.67,394.32,932.68,394.11,932.72,393.94,932.81,393.79,932.98,393.66,932.84,393.72,932.97,393.53,933.08,393.49,933.20,393.54,932.95,393.73,933.08,393.58,933.21,393.53,933.31,393.54,933.04,393.88,933.12,393.72,933.26,393.65,933.34,393.65,933.10,394.01,933.19,393.89,933.28,393.81,933.38,393.75
EK_0121_P06_10_frame_0000007659_r.jpg,0,986.20,311.04,986.09,310.95,986.14,310.77,986.19,310.54,986.32,310.27,985.95,310.39,986.08,310.15,986.23,310.08,986.39,309.98,986.07,310.25,986.24,310.07,986.40,310.14,986.54,310.27,986.26,310.28,986.36,310.15,986.52,310.20,986.63,310.31,986.42,310.33,986.46,310.24,986.55,310.26,986.64,310.32
EK_0121_P06_10_frame_0000007922_l.jpg,0,630.56,621.16,630.64,620.95,630.74,620.82,630.81,620.70,630.89,620.56,630.66,620.81,630.57,620.68,630.52,620.63,630.51,620.63,630.56,620.87,630.45,620.73,630.43,620.73,630.48,620.79,630.45,620.96,630.38,620.82,630.36,620.82,630.41,620.88,630.35,621.02,630.31,620.95,630.29,620.93,630.34,620.96
EK_0121_P06_10_frame_0000008098_l.jpg,0,725.63,343.98,725.48,343.72,725.37,343.52,725.31,343.35,725.24,343.16,725.61,343.31,725.53,343.13,725.44,343.03,725.37,342.91,725.68,343.36,725.61,343.21,725.51,343.13,725.40,343.01,725.69,343.55,725.60,343.38,725.45,343.32,725.27,343.26,725.67,343.70,725.60,343.58,725.49,343.51,725.37,343.43
EK_0121_P06_10_frame_0000008170_r.jpg,0,1079.04,249.83,1079.09,249.80,1079.16,249.63,1079.19,249.47,1079.29,249.25,1078.91,249.45,1078.89,249.24,1079.01,249.14,1079.16,249.15,1078.89,249.31,1079.05,249.18,1079.20,249.22,1079.29,249.36,1078.94,249.27,1079.12,249.22,1079.27,249.31,1079.35,249.46,1079.02,249.27,1079.10,249.16,1079.22,249.11,1079.33,249.10
EK_0121_P06_10_frame_0000008607_r.jpg,0,1096.42,451.87,1096.48,451.80,1096.60,451.64,1096.68,451.48,1096.82,451.28,1096.34,451.40,1096.46,451.21,1096.62,451.20,1096.79,451.22,1096.32,451.28,1096.51,451.15,1096.67,451.17,1096.85,451.20,1096.37,451.27,1096.51,451.15,1096.68,451.14,1096.85,451.17,1096.43,451.29,1096.55,451.22,1096.67,451.20,1096.81,451.19
EK_0121_P06_10_frame_0000008650_r.jpg,0,1096.35,267.10,1096.44,267.01,1096.61,266.84,1096.73,266.63,1096.97,266.43,1096.60,266.42,1096.80,266.23,1097.00,266.28,1097.20,266.41,1096.70,266.30,1096.94,266.23,1097.09,266.38,1097.20,266.59,1096.79,266.38,1096.97,266.31,1097.14,266.45,1097.22,266.67,1096.87,266.49,1096.99,266.38,1097.12,266.46,1097.18,266.62
EK_0121_P06_10_frame_0000008770_l.jpg,0,794.33,245.86,794.11,245.69,793.99,245.51,793.95,245.32,793.95,245.13,794.18,245.23,794.04,245.07,793.96,245.13,793.95,245.26,794.32,245.17,794.16,245.13,794.07,245.22,794.01,245.36,794.43,245.26,794.28,245.18,794.19,245.27,794.16,245.44,794.49,245.35,794.39,245.26,794.32,245.33,794.28,245.45
EK_0121_P06_10_frame_0000009154_l.jpg,0,623.64,342.43,623.49,342.21,623.38,342.01,623.31,341.84,623.28,341.72,623.61,341.80,623.53,341.62,623.39,341.60,623.24,341.67,623.69,341.82,623.50,341.75,623.35,341.80,623.20,341.90,623.72,341.97,623.55,341.88,623.38,341.94,623.27,342.05,623.70,342.10,623.62,341.99,623.49,342.02,623.40,342.08
EK_0121_P06_10_frame_0000009358_r.jpg,0,1105.31,299.16,1105.32,299.02,1105.50,298.88,1105.62,298.70,1105.86,298.58,1105.39,298.50,1105.55,298.31,1105.71,298.38,1105.86,298.45,1105.48,298.43,1105.67,298.27,1105.81,298.35,1105.91,298.47,1105.59,298.52,1105.73,298.38,1105.87,298.45,1105.93,298.56,1105.69,298.62,1105.79,298.56,1105.87,298.59,1105.94,298.62
EK_0121_P06_10_frame_0000009444_r.jpg,0,1129.88,5.39,1129.78,5.40,1129.89,5.35,1129.97,5.22,1130.19,5.11,1129.73,4.91,1129.79,4.74,1129.90,4.79,1130.00,4.88,1129.87,4.75,1129.95,4.61,1130.06,4.73,1130.14,4.91,1130.05,4.76,1130.08,4.59,1130.18,4.70,1130.24,4.88,1130.20,4.80,1130.24,4.66,1130.29,4.74,1130.29,4.87
EK_0121_P06_10_frame_0000009571_l.jpg,0,631.06,141.90,630.91,141.67,630.86,141.46,630.89,141.26,630.96,141.08,631.12,141.28,631.15,141.05,631.13,140.96,631.10,140.91,631.30,141.28,631.33,141.07,631.25,141.06,631.14,141.14,631.40,141.39,631.42,141.18,631.34,141.16,631.23,141.23,631.45,141.48,631.41,141.36,631.34,141.38,631.26,141.45
EK_0121_P06_10_frame_0000009608_l.jpg,0,612.64,238.31,612.48,238.12,612.41,237.90,612.41,237.70,612.42,237.49,612.66,237.68,612.62,237.45,612.53,237.35,612.42,237.29,612.78,237.63,612.70,237.43,612.58,237.40,612.42,237.43,612.84,237.72,612.77,237.52,612.63,237.46,612.47,237.50,612.84,237.79,612.80,237.65,612.70,237.58,612.57,237.58
EK_0121_P06_10_frame_0000010790_r.jpg,0,975.36,386.81,975.39,386.79,975.49,386.71,975.54,386.60,975.68,386.50,975.39,386.45,975.47,386.31,975.60,386.32,975.73,386.32,975.44,386.35,975.59,386.28,975.70,386.36,975.79,386.48,975.51,386.35,975.63,386.33,975.73,386.43,975.79,386.56,975.58,386.38,975.67,386.38,975.75,386.43,975.81,386.50
EK_0121_P06_10_frame_0000012944_l.jpg,0,916.94,-511.23,916.59,-511.04,916.31,-511.00,916.09,-511.04,915.94,-511.17,916.07,-511.44,915.96,-511.40,916.07,-511.27,916.24,-511.08,916.17,-511.68,916.17,-511.52,916.31,-511.32,916.46,-511.09,916.44,-511.78,916.38,-511.61,916.52,-511.39,916.66,-511.17,916.67,-511.80,916.58,-511.67,916.65,-511.48,916.78,-511.35
EK_0121_P06_10_frame_0000013575_l.jpg,0,614.41,506.17,614.31,505.96,614.31,505.77,614.37,505.62,614.44,505.43,614.52,505.61,614.51,505.41,614.46,505.33,614.38,505.24,614.63,505.62,614.51,505.53,614.41,505.62,614.31,505.73,614.66,505.74,614.54,505.64,614.42,505.72,614.33,505.81,614.65,505.84,614.56,505.76,614.45,505.81,614.41,505.90
EK_0121_P06_10_frame_0000013653_l.jpg,0,590.98,366.19,590.76,365.97,590.67,365.69,590.69,365.43,590.74,365.15,590.99,365.41,590.87,365.12,590.72,365.04,590.55,365.04,591.16,365.32,590.95,365.13,590.79,365.09,590.59,365.07,591.24,365.38,591.03,365.20,590.86,365.14,590.64,365.13,591.25,365.45,591.12,365.29,590.99,365.19,590.85,365.21
EK_0121_P06_10_frame_0000013735_l.jpg,0,873.16,232.09,872.99,232.06,872.97,232.00,873.00,231.92,873.03,231.87,872.97,231.70,872.99,231.73,873.04,231.83,873.06,231.92,873.11,231.63,873.13,231.70,873.15,231.81,873.16,231.92,873.26,231.68,873.26,231.76,873.26,231.86,873.23,231.96,873.38,231.75,873.36,231.82,873.35,231.90,873.32,231.98
EK_0121_P06_10_frame_0000014347_l.jpg,0,679.23,686.25,679.00,686.12,678.84,685.95,678.76,685.76,678.70,685.55,678.99,685.63,678.85,685.44,678.74,685.43,678.67,685.53,679.10,685.55,678.94,685.41,678.82,685.46,678.71,685.57,679.20,685.62,679.06,685.46,678.92,685.48,678.81,685.60,679.26,685.69,679.16,685.57,679.04,685.57,678.95,685.64
EK_0122_P06_108_frame_0000000757_r.jpg,0,1024.79,487.97,1024.77,487.89,1024.83,487.78,1024.92,487.67,1025.04,487.51,1024.74,487.38,1024.87,487.19,1024.99,487.10,1025.16,487.05,1024.84,487.27,1024.98,487.12,1025.13,487.11,1025.29,487.15,1024.97,487.31,1025.08,487.19,1025.22,487.17,1025.38,487.18,1025.08,487.38,1025.18,487.36,1025.26,487.37,1025.36,487.35
EK_0122_P06_108_frame_0000001353_r.jpg,0,1061.59,487.19,1061.78,487.13,1061.84,487.01,1061.85,486.89,1061.88,486.73,1061.74,486.91,1061.78,486.74,1061.83,486.62,1061.89,486.49,1061.63,486.82,1061.71,486.65,1061.77,486.53,1061.85,486.40,1061.53,486.78,1061.60,486.65,1061.66,486.52,1061.73,486.39,1061.48,486.75,1061.52,486.65,1061.56,486.55,1061.61,486.45
EK_0122_P06_108_frame_0000001767_l.jpg,0,495.80,5.82,495.73,5.41,495.65,5.09,495.53,4.83,495.37,4.51,495.75,4.95,495.51,4.76,495.28,4.71,495.05,4.72,495.69,5.06,495.36,4.95,495.14,4.95,494.94,4.98,495.58,5.32,495.33,5.13,495.12,5.10,495.01,5.15,495.46,5.52,495.29,5.37,495.17,5.33,495.15,5.37
EK_0122_P06_108_frame_0000002380_r.jpg,0,659.98,642.69,660.12,642.60,660.28,642.48,660.41,642.33,660.59,642.14,660.17,642.13,660.35,641.96,660.51,641.90,660.69,641.84,660.18,642.03,660.40,641.93,660.57,641.93,660.76,641.97,660.19,642.07,660.36,641.97,660.54,641.96,660.73,641.98,660.23,642.14,660.32,642.04,660.44,642.01,660.57,642.03
EK_0122_P06_108_frame_0000002421_r.jpg,0,689.80,-301.03,689.82,-301.22,689.94,-301.40,690.07,-301.56,690.26,-301.75,689.89,-301.71,690.11,-301.80,690.10,-301.64,689.98,-301.50,689.98,-301.75,690.17,-301.78,690.16,-301.60,690.03,-301.47,690.08,-301.62,690.22,-301.70,690.25,-301.52,690.10,-301.41,690.17,-301.50,690.26,-301.58,690.30,-301.47,690.20,-301.38
EK_0122_P06_108_frame_0000002847_l.jpg,0,55.20,645.87,55.11,645.59,54.98,645.38,54.85,645.21,54.70,645.00,55.26,645.14,55.11,644.93,54.97,644.84,54.77,644.79,55.28,645.17,55.06,645.04,54.88,644.97,54.68,644.92,55.23,645.33,55.07,645.16,54.89,645.07,54.72,644.99,55.16,645.47,55.07,645.33,54.95,645.23,54.83,645.13
EK_0122_P06_108_frame_0000002951_l.jpg,0,820.41,397.59,820.44,397.35,820.44,397.15,820.41,397.02,820.38,397.00,820.61,397.10,820.53,396.93,820.39,396.93,820.31,397.01,820.58,397.15,820.44,397.01,820.31,397.01,820.25,397.05,820.48,397.28,820.39,397.12,820.25,397.08,820.22,397.10,820.38,397.37,820.28,397.28,820.18,397.23,820.12,397.18
EK_0122_P06_108_frame_0000003451_l.jpg,0,338.11,247.96,337.89,247.77,337.76,247.55,337.71,247.32,337.62,247.02,337.95,247.22,337.92,246.93,337.88,246.76,337.84,246.55,338.05,247.14,337.99,246.88,337.94,246.70,337.93,246.48,338.11,247.24,338.04,247.00,337.99,246.80,337.94,246.58,338.12,247.34,338.08,247.16,338.03,247.01,337.99,246.83
EK_0122_P06_108_frame_0000005880_l.jpg,0,204.46,380.43,204.22,380.17,204.17,379.87,204.17,379.60,204.12,379.25,204.46,379.69,204.48,379.36,204.38,379.30,204.28,379.38,204.69,379.64,204.56,379.46,204.42,379.51,204.27,379.66,204.85,379.72,204.67,379.56,204.52,379.61,204.36,379.76,204.93,379.79,204.78,379.69,204.65,379.76,204.53,379.89
EK_0122_P06_108_frame_0000006392_l.jpg,0,239.48,644.81,239.23,644.67,239.10,644.46,239.03,644.24,238.95,643.95,239.31,644.19,239.19,643.93,239.07,643.80,238.93,643.72,239.46,644.07,239.30,643.85,239.17,643.71,239.00,643.58,239.57,644.09,239.42,643.89,239.29,643.72,239.12,643.59,239.62,644.12,239.51,643.98,239.40,643.86,239.27,643.74
EK_0122_P06_108_frame_0000007267_r.jpg,0,507.71,538.96,507.74,538.81,507.79,538.61,507.83,538.41,507.80,538.13,507.35,538.52,507.19,538.33,507.18,538.15,507.25,537.97,507.24,538.45,507.12,538.24,507.21,538.07,507.40,538.01,507.26,538.44,507.46,538.32,507.66,538.30,507.86,538.31,507.32,538.43,507.43,538.34,507.58,538.35,507.71,538.42
EK_0122_P06_108_frame_0000008055_l.jpg,0,446.18,761.50,445.99,761.36,445.90,761.29,445.84,761.20,445.83,761.00,446.07,761.08,446.03,760.88,445.98,760.75,445.91,760.64,446.22,761.03,446.15,760.84,446.10,760.71,446.06,760.55,446.35,761.05,446.26,760.88,446.19,760.74,446.15,760.58,446.43,761.06,446.39,760.93,446.34,760.83,446.27,760.75
EK_0122_P06_108_frame_0000008526_r.jpg,0,607.46,-67.24,607.54,-67.51,607.81,-67.72,608.09,-67.85,608.48,-67.95,607.87,-68.16,608.19,-68.36,608.43,-68.37,608.66,-68.34,608.04,-68.15,608.33,-68.35,608.55,-68.33,608.69,-68.27,608.14,-67.93,608.37,-68.13,608.57,-68.08,608.59,-67.99,608.21,-67.71,608.42,-67.81,608.58,-67.82,608.60,-67.77
EK_0122_P06_108_frame_0000010421_r.jpg,0,672.13,481.71,672.03,481.45,672.05,481.21,672.20,481.05,672.43,481.06,672.18,480.98,672.35,480.89,672.34,481.00,672.28,481.12,672.37,480.98,672.49,480.89,672.46,481.02,672.40,481.16,672.52,481.14,672.63,480.94,672.62,481.02,672.55,481.14,672.63,481.27,672.68,481.11,672.67,481.11,672.62,481.19
EK_0122_P06_108_frame_0000010551_l.jpg,0,585.59,265.84,585.42,265.63,585.25,265.50,585.09,265.43,584.97,265.36,585.43,265.23,585.23,265.17,585.10,265.24,584.98,265.38,585.48,265.26,585.26,265.29,585.11,265.37,584.98,265.48,585.50,265.42,585.30,265.40,585.14,265.47,585.03,265.56,585.49,265.56,585.34,265.53,585.21,265.56,585.08,265.60
EK_0122_P06_108_frame_0000011332_r.jpg,0,595.01,280.83,594.87,280.63,594.80,280.44,594.91,280.30,595.07,280.30,594.98,280.23,595.00,280.19,595.00,280.27,594.98,280.37,595.14,280.21,595.16,280.17,595.12,280.28,595.08,280.40,595.28,280.32,595.25,280.23,595.21,280.31,595.17,280.42,595.38,280.42,595.34,280.32,595.29,280.39,595.24,280.49
EK_0122_P06_108_frame_0000011521_l.jpg,0,548.95,330.71,548.75,330.52,548.65,330.32,548.61,330.12,548.62,329.91,548.87,330.05,548.73,329.85,548.62,329.91,548.64,330.07,549.00,330.01,548.80,329.93,548.69,330.04,548.72,330.22,549.08,330.10,548.91,330.00,548.79,330.08,548.90,330.24,549.12,330.20,549.01,330.09,548.93,330.18,548.93,330.30
EK_0122_P06_108_frame_0000013051_r.jpg,0,750.88,173.84,750.70,173.55,750.71,173.26,750.81,173.04,751.03,172.80,750.65,173.05,750.80,172.78,750.96,172.75,751.04,172.84,750.84,173.04,750.99,172.78,751.14,172.74,751.23,172.82,751.06,173.16,751.18,172.92,751.34,172.85,751.38,172.91,751.23,173.26,751.31,173.08,751.38,172.96,751.38,172.95
EK_0122_P06_108_frame_0000013455_r.jpg,0,653.49,456.80,653.54,456.80,653.55,456.69,653.56,456.57,653.61,456.40,653.46,456.50,653.47,456.33,653.48,456.23,653.49,456.11,653.47,456.38,653.50,456.23,653.52,456.13,653.53,456.02,653.52,456.35,653.53,456.22,653.56,456.11,653.58,456.00,653.58,456.35,653.59,456.24,653.61,456.14,653.63,456.05
EK_0122_P06_108_frame_0000014567_r.jpg,0,532.94,-145.04,533.02,-145.68,533.31,-146.12,533.72,-146.31,534.32,-146.31,533.62,-146.37,534.17,-146.51,534.46,-146.50,534.66,-146.41,533.93,-146.14,534.41,-146.41,534.68,-146.42,534.77,-146.32,534.09,-145.71,534.47,-146.04,534.81,-146.19,534.98,-146.26,534.20,-145.36,534.47,-145.61,534.64,-145.75,534.57,-145.75
EK_0122_P06_108_frame_0000015144_l.jpg,0,249.90,617.34,249.82,617.14,249.82,616.86,249.85,616.61,249.86,616.28,250.28,616.93,250.39,616.65,250.34,616.45,250.23,616.26,250.48,616.90,250.54,616.61,250.45,616.42,250.28,616.26,250.52,616.90,250.57,616.65,250.49,616.44,250.31,616.29,250.51,616.89,250.52,616.71,250.46,616.55,250.32,616.43
EK_0122_P06_108_frame_0000015651_l.jpg,0,394.00,64.93,393.73,64.82,393.58,64.67,393.60,64.49,393.72,64.41,393.65,64.34,393.51,64.17,393.50,64.21,393.53,64.29,393.80,64.24,393.70,64.08,393.67,64.18,393.68,64.32,393.96,64.28,393.86,64.11,393.81,64.18,393.82,64.31,394.08,64.34,393.99,64.26,393.97,64.34,393.97,64.46
EK_0122_P06_108_frame_0000016180_l.jpg,0,420.75,71.91,420.47,71.89,420.27,71.81,420.16,71.69,420.16,71.61,420.27,71.46,420.09,71.47,420.03,71.54,420.03,71.62,420.37,71.33,420.20,71.28,420.17,71.41,420.16,71.56,420.52,71.33,420.39,71.18,420.33,71.28,420.33,71.44,420.63,71.37,420.52,71.27,420.46,71.34,420.45,71.47
EK_0122_P06_108_frame_0000016376_l.jpg,0,418.72,599.03,418.53,598.88,418.36,598.73,418.24,598.57,418.08,598.41,418.61,598.41,418.57,598.18,418.50,598.05,418.39,597.94,418.72,598.34,418.64,598.14,418.53,598.04,418.38,597.96,418.79,598.41,418.74,598.21,418.63,598.09,418.47,598.03,418.81,598.49,418.77,598.34,418.69,598.23,418.58,598.15
EK_0122_P06_108_frame_0000016588_r.jpg,0,794.89,171.44,794.81,171.18,794.82,170.97,794.95,170.87,795.04,170.97,795.12,170.84,795.09,170.70,795.01,170.73,794.95,170.85,795.27,170.90,795.30,170.72,795.28,170.61,795.27,170.51,795.32,171.06,795.29,170.89,795.24,170.83,795.18,170.85,795.32,171.19,795.30,171.05,795.25,171.01,795.17,171.03
EK_0122_P06_108_frame_0000016700_l.jpg,0,753.95,750.68,753.78,750.50,753.66,750.35,753.59,750.21,753.60,750.11,753.86,750.11,753.73,749.99,753.62,749.96,753.52,750.01,753.96,750.11,753.80,750.07,753.68,750.08,753.55,750.14,754.02,750.23,753.88,750.13,753.76,750.12,753.64,750.20,754.03,750.34,753.96,750.23,753.88,750.20,753.78,750.24
EK_0122_P06_108_frame_0000017021_r.jpg,0,1052.18,436.36,1052.23,436.42,1052.31,436.44,1052.37,436.34,1052.27,436.18,1052.05,436.30,1052.18,436.24,1052.30,436.23,1052.44,436.24,1052.00,436.18,1052.14,436.12,1052.26,436.13,1052.39,436.16,1052.02,436.08,1052.09,436.03,1052.22,436.04,1052.28,436.12,1052.06,436.01,1052.14,435.97,1052.23,436.01,1052.24,436.10
EK_0122_P06_108_frame_0000017378_r.jpg,0,825.80,622.54,825.93,622.44,826.15,622.37,826.34,622.31,826.59,622.25,826.11,621.98,826.31,621.84,826.48,621.82,826.65,621.87,826.17,621.93,826.33,621.76,826.51,621.78,826.64,621.88,826.18,622.03,826.34,621.90,826.50,621.93,826.58,622.04,826.21,622.13,826.35,622.08,826.48,622.08,826.53,622.12
EK_0122_P06_108_frame_0000018571_l.jpg,0,-45.38,660.28,-45.56,660.05,-45.69,659.87,-45.75,659.69,-45.78,659.53,-45.37,659.65,-45.35,659.45,-45.41,659.38,-45.47,659.35,-45.22,659.69,-45.21,659.53,-45.29,659.48,-45.39,659.43,-45.14,659.86,-45.08,659.70,-45.13,659.63,-45.24,659.62,-45.11,660.01,-45.12,659.91,-45.18,659.88,-45.28,659.89
EK_0122_P06_108_frame_0000018976_r.jpg,0,1245.62,339.32,1245.72,338.82,1245.99,338.42,1246.25,338.08,1246.59,337.63,1245.35,337.90,1245.53,337.44,1245.78,337.19,1246.16,337.05,1245.33,337.88,1245.53,337.45,1245.86,337.30,1246.22,337.29,1245.46,338.14,1245.59,337.69,1245.91,337.47,1246.23,337.48,1245.64,338.36,1245.72,338.04,1245.91,337.82,1246.12,337.78
EK_0122_P06_108_frame_0000019021_r.jpg,0,1251.23,371.15,1251.31,370.62,1251.70,370.26,1252.04,369.94,1252.32,369.64,1250.91,369.60,1251.13,369.09,1251.48,368.91,1251.92,368.93,1250.90,369.55,1251.14,369.06,1251.53,368.93,1251.95,368.94,1251.07,369.80,1251.22,369.32,1251.60,369.10,1251.99,369.13,1251.28,370.03,1251.37,369.68,1251.57,369.42,1251.86,369.34
EK_0122_P06_108_frame_0000019523_r.jpg,0,893.22,241.60,893.41,241.42,893.68,241.30,893.93,241.17,894.24,241.04,893.52,240.74,893.70,240.44,893.89,240.32,894.16,240.29,893.55,240.66,893.63,240.34,893.88,240.29,894.10,240.42,893.57,240.79,893.72,240.52,893.96,240.43,894.20,240.48,893.62,240.93,893.73,240.75,893.87,240.62,894.01,240.63
EK_0122_P06_108_frame_0000022251_l.jpg,0,121.08,-398.02,120.40,-397.97,119.99,-398.30,119.82,-398.79,119.89,-399.45,120.20,-398.49,119.83,-399.02,119.61,-399.28,119.61,-399.28,120.51,-398.89,120.06,-399.33,119.77,-399.49,119.67,-399.40,120.84,-399.16,120.37,-399.50,120.03,-399.63,119.97,-399.46,121.04,-399.36,120.65,-399.53,120.39,-399.53,120.31,-399.35
EK_0122_P06_108_frame_0000022451_r.jpg,0,892.97,299.29,892.97,299.25,893.03,299.14,893.15,299.04,893.25,298.89,892.80,298.93,892.95,298.86,893.08,298.86,893.18,298.97,892.80,298.81,892.96,298.72,893.10,298.74,893.11,298.89,892.88,298.79,893.00,298.67,893.14,298.70,893.07,298.83,892.96,298.78,893.07,298.72,893.18,298.76,893.13,298.86
EK_0122_P06_108_frame_0000022516_l.jpg,0,318.13,482.63,318.27,482.34,318.40,482.08,318.43,481.84,318.43,481.51,318.21,481.81,318.09,481.54,317.98,481.39,317.85,481.30,318.01,481.81,317.84,481.58,317.71,481.48,317.65,481.47,317.82,481.96,317.69,481.73,317.58,481.68,317.62,481.78,317.67,482.08,317.59,481.91,317.54,481.85,317.59,481.91
EK_0122_P06_108_frame_0000022536_l.jpg,0,325.72,530.78,325.92,530.53,326.12,530.34,326.20,530.11,326.25,529.80,325.96,530.01,325.89,529.72,325.80,529.57,325.68,529.49,325.77,529.96,325.64,529.71,325.53,529.61,325.45,529.60,325.56,530.07,325.50,529.81,325.42,529.71,325.40,529.77,325.39,530.16,325.32,529.98,325.28,529.96,325.34,530.04
EK_0122_P06_108_frame_0000023676_r.jpg,0,797.02,419.47,797.13,419.18,797.34,418.91,797.51,418.66,797.74,418.39,797.20,418.48,797.47,418.25,797.67,418.37,797.68,418.64,797.27,418.46,797.55,418.26,797.67,418.46,797.58,418.72,797.36,418.65,797.55,418.43,797.74,418.55,797.69,418.81,797.46,418.84,797.57,418.64,797.72,418.67,797.68,418.79
EK_0122_P06_108_frame_0000023901_r.jpg,0,968.41,428.42,968.48,428.26,968.60,428.08,968.69,427.91,968.80,427.69,968.37,427.80,968.55,427.64,968.71,427.64,968.85,427.76,968.36,427.73,968.57,427.63,968.72,427.69,968.80,427.84,968.41,427.80,968.55,427.67,968.73,427.71,968.76,427.86,968.48,427.87,968.56,427.76,968.68,427.78,968.70,427.87
EK_0122_P06_108_frame_0000023951_l.jpg,0,345.75,457.76,345.60,457.56,345.44,457.42,345.31,457.28,345.22,457.13,345.76,457.13,345.80,456.91,345.73,456.80,345.60,456.76,345.87,457.10,345.88,456.89,345.77,456.82,345.61,456.80,345.91,457.19,345.91,456.99,345.81,456.89,345.65,456.86,345.92,457.28,345.90,457.13,345.83,457.04,345.72,456.98
EK_0122_P06_108_frame_0000024442_l.jpg,0,186.63,578.90,186.42,578.79,186.26,578.73,186.22,578.61,186.31,578.58,186.42,578.38,186.43,578.18,186.39,578.14,186.35,578.19,186.56,578.34,186.56,578.15,186.51,578.16,186.46,578.22,186.70,578.43,186.69,578.25,186.64,578.21,186.58,578.27,186.79,578.52,186.74,578.46,186.70,578.48,186.64,578.53
EK_0122_P06_108_frame_0000024826_r.jpg,0,930.90,549.53,930.97,549.33,931.10,549.10,931.20,548.90,931.29,548.67,930.85,548.78,930.97,548.53,931.15,548.60,931.15,548.79,930.86,548.72,930.97,548.47,931.14,548.58,931.07,548.77,930.94,548.81,931.02,548.60,931.21,548.66,931.10,548.84,931.03,548.92,931.09,548.74,931.23,548.73,931.20,548.84
EK_0122_P06_108_frame_0000024934_l.jpg,0,156.92,472.07,156.73,471.80,156.62,471.54,156.58,471.31,156.63,471.08,156.93,471.25,156.75,471.05,156.61,471.16,156.64,471.38,157.07,471.22,156.81,471.17,156.69,471.32,156.71,471.53,157.12,471.36,156.90,471.23,156.75,471.37,156.86,471.51,157.11,471.49,156.99,471.34,156.89,471.45,156.92,471.58
EK_0122_P06_108_frame_0000025034_r.jpg,0,1008.84,420.42,1008.92,420.27,1009.05,420.08,1009.16,419.92,1009.32,419.70,1008.81,419.79,1009.00,419.63,1009.16,419.70,1009.17,419.89,1008.80,419.70,1009.04,419.66,1009.18,419.76,1009.18,419.93,1008.85,419.76,1009.03,419.69,1009.19,419.78,1009.08,419.90,1008.92,419.82,1009.02,419.74,1009.13,419.81,1009.08,419.91
EK_0122_P06_108_frame_0000026317_l.jpg,0,339.75,857.24,339.64,857.08,339.55,856.95,339.47,856.87,339.44,856.82,339.73,856.89,339.62,856.84,339.53,856.83,339.43,856.86,339.80,856.97,339.65,856.95,339.54,856.95,339.41,856.98,339.82,857.11,339.71,857.03,339.59,857.04,339.46,857.03,339.81,857.22,339.76,857.15,339.69,857.11,339.60,857.10
EK_0122_P06_108_frame_0000026609_r.jpg,0,1062.12,337.35,1062.17,337.28,1062.27,337.20,1062.34,337.10,1062.42,336.94,1062.02,337.01,1061.98,336.85,1062.02,336.75,1062.09,336.65,1061.99,336.93,1061.97,336.78,1062.06,336.70,1062.18,336.67,1062.01,336.93,1062.01,336.80,1062.10,336.73,1062.22,336.74,1062.06,336.94,1062.11,336.86,1062.19,336.83,1062.26,336.86
EK_0122_P06_108_frame_0000028226_r.jpg,0,825.23,371.33,825.28,371.28,825.42,371.16,825.53,371.04,825.67,370.88,825.19,370.92,825.29,370.75,825.42,370.70,825.58,370.70,825.20,370.80,825.35,370.68,825.50,370.67,825.66,370.67,825.25,370.79,825.38,370.69,825.52,370.66,825.67,370.68,825.32,370.81,825.44,370.77,825.53,370.80,825.62,370.82
EK_0122_P06_108_frame_0000028467_l.jpg,0,53.80,845.63,53.70,845.41,53.60,845.26,53.50,845.15,53.40,844.98,53.76,845.13,53.65,845.02,53.53,845.00,53.39,845.00,53.78,845.19,53.63,845.12,53.49,845.10,53.34,845.08,53.77,845.35,53.63,845.25,53.48,845.23,53.33,845.22,53.73,845.48,53.63,845.40,53.53,845.35,53.42,845.28
EK_0122_P06_108_frame_0000028838_l.jpg,0,-117.12,664.69,-117.32,664.56,-117.48,664.44,-117.47,664.36,-117.35,664.40,-117.23,664.22,-117.23,664.04,-117.27,664.00,-117.30,664.01,-117.08,664.24,-117.07,664.09,-117.13,664.11,-117.20,664.16,-116.96,664.38,-116.98,664.30,-117.07,664.34,-117.15,664.45,-116.89,664.51,-116.88,664.44,-116.93,664.45,-117.02,664.49
EK_0122_P06_108_frame_0000029417_r.jpg,0,844.32,447.26,844.24,447.30,844.21,447.28,844.23,447.19,844.24,447.11,844.15,447.00,844.16,446.91,844.20,446.93,844.26,446.99,844.24,446.89,844.26,446.84,844.33,446.91,844.39,447.00,844.36,446.87,844.37,446.82,844.42,446.89,844.48,446.98,844.47,446.88,844.48,446.79,844.50,446.80,844.50,446.85
EK_0122_P06_108_frame_0000029671_r.jpg,0,870.08,460.61,869.97,460.55,869.96,460.53,870.02,460.46,870.12,460.41,870.08,460.30,870.13,460.16,870.15,460.12,870.17,460.06,870.21,460.29,870.27,460.17,870.29,460.15,870.31,460.11,870.31,460.37,870.36,460.25,870.38,460.22,870.37,460.21,870.38,460.45,870.40,460.39,870.40,460.37,870.38,460.35
EK_0122_P06_108_frame_0000029776_r.jpg,0,794.60,413.97,794.68,413.89,794.77,413.77,794.86,413.66,794.96,413.50,794.61,413.56,794.64,413.38,794.68,413.27,794.72,413.14,794.58,413.48,794.71,413.37,794.83,413.32,794.96,413.29,794.60,413.50,794.74,413.45,794.87,413.47,794.98,413.53,794.64,413.54,794.72,413.49,794.82,413.48,794.88,413.51
EK_0122_P06_108_frame_0000029876_l.jpg,0,390.88,583.58,390.65,583.36,390.50,583.15,390.42,582.97,390.44,582.88,390.66,582.89,390.54,582.75,390.41,582.87,390.36,583.06,390.75,582.92,390.54,583.04,390.44,583.20,390.34,583.38,390.82,583.09,390.59,583.17,390.48,583.33,390.41,583.51,390.84,583.25,390.67,583.23,390.58,583.35,390.54,583.47
EK_0122_P06_108_frame_0000029938_l.jpg,0,450.79,443.02,450.54,442.84,450.38,442.66,450.28,442.49,450.32,442.40,450.51,442.39,450.39,442.27,450.30,442.41,450.30,442.60,450.61,442.41,450.43,442.54,450.35,442.70,450.28,442.89,450.70,442.57,450.50,442.67,450.39,442.83,450.31,443.01,450.74,442.72,450.58,442.73,450.51,442.85,450.49,442.96
EK_0122_P06_108_frame_0000030176_r.jpg,0,852.28,347.98,852.24,347.97,852.34,347.91,852.46,347.83,852.60,347.72,852.26,347.64,852.37,347.57,852.46,347.57,852.55,347.59,852.35,347.54,852.46,347.50,852.56,347.53,852.65,347.57,852.46,347.56,852.53,347.50,852.63,347.53,852.71,347.55,852.55,347.60,852.61,347.56,852.67,347.56,852.70,347.57
EK_0122_P06_108_frame_0000030576_l.jpg,0,536.78,585.16,536.63,584.97,536.51,584.82,536.40,584.70,536.34,584.60,536.65,584.61,536.52,584.49,536.39,584.50,536.25,584.57,536.69,584.64,536.51,584.60,536.37,584.64,536.25,584.73,536.71,584.78,536.54,584.72,536.39,584.76,536.30,584.84,536.70,584.91,536.58,584.85,536.47,584.86,536.38,584.90
EK_0122_P06_108_frame_0000031163_r.jpg,0,808.60,347.73,808.66,347.69,808.71,347.56,808.78,347.43,808.89,347.20,808.64,347.25,808.83,347.11,808.99,347.13,809.10,347.28,808.67,347.11,808.90,347.10,809.06,347.17,809.18,347.31,808.74,347.12,808.94,347.17,809.06,347.31,809.12,347.49,808.81,347.15,808.94,347.14,809.04,347.23,809.10,347.36
EK_0122_P06_108_frame_0000031326_l.jpg,0,105.00,-112.82,104.71,-112.99,104.56,-113.19,104.61,-113.41,104.78,-113.57,104.68,-113.54,104.66,-113.82,104.64,-113.97,104.63,-114.10,104.87,-113.64,104.83,-113.90,104.79,-114.05,104.73,-114.20,105.08,-113.58,105.03,-113.82,104.97,-113.98,104.90,-114.07,105.21,-113.50,105.16,-113.67,105.11,-113.77,105.03,-113.84
EK_0122_P06_108_frame_0000031555_l.jpg,0,297.02,464.51,296.92,464.23,296.84,464.00,296.83,463.81,296.91,463.76,297.16,463.82,297.17,463.59,297.07,463.49,296.91,463.48,297.24,463.86,297.13,463.69,296.97,463.64,296.78,463.66,297.24,464.02,297.15,463.83,296.99,463.79,296.81,463.87,297.19,464.16,297.15,464.01,297.03,463.96,296.90,463.99
EK_0122_P06_108_frame_0000031726_r.jpg,0,1021.90,445.75,1022.01,445.70,1022.18,445.55,1022.34,445.42,1022.54,445.27,1022.03,445.23,1022.16,445.04,1022.30,444.95,1022.49,444.96,1022.05,445.11,1022.22,444.95,1022.39,444.95,1022.57,445.01,1022.09,445.13,1022.23,445.00,1022.40,444.96,1022.53,445.05,1022.14,445.18,1022.29,445.14,1022.41,445.16,1022.48,445.24
EK_0122_P06_108_frame_0000033688_r.jpg,0,1061.94,260.02,1061.87,260.03,1061.91,260.03,1061.95,260.00,1062.02,259.92,1061.62,259.79,1061.54,259.65,1061.60,259.62,1061.68,259.61,1061.62,259.67,1061.55,259.55,1061.65,259.54,1061.76,259.57,1061.72,259.61,1061.63,259.50,1061.69,259.47,1061.77,259.48,1061.82,259.57,1061.77,259.50,1061.78,259.47,1061.81,259.46
EK_0122_P06_108_frame_0000033794_r.jpg,0,1091.93,112.34,1091.82,112.21,1091.80,112.10,1091.89,112.03,1092.00,111.98,1092.01,111.92,1092.04,111.84,1092.02,111.89,1091.99,111.96,1092.16,111.94,1092.23,111.87,1092.19,111.95,1092.13,112.04,1092.25,112.07,1092.33,111.96,1092.29,112.00,1092.22,112.07,1092.30,112.19,1092.31,112.21,1092.26,112.27,1092.18,112.33
EK_0122_P06_108_frame_0000034117_r.jpg,0,880.79,531.15,880.95,531.04,880.98,530.89,880.97,530.76,880.90,530.60,881.01,530.80,881.06,530.64,881.01,530.61,880.96,530.66,880.90,530.75,880.90,530.59,880.89,530.50,880.91,530.45,880.77,530.76,880.80,530.63,880.81,530.52,880.88,530.47,880.67,530.78,880.72,530.68,880.76,530.60,880.85,530.53
EK_0122_P06_108_frame_0000034257_r.jpg,0,758.42,704.02,758.59,703.91,758.64,703.75,758.61,703.61,758.54,703.44,758.59,703.60,758.67,703.46,758.70,703.36,758.74,703.29,758.47,703.55,758.51,703.39,758.53,703.29,758.59,703.22,758.35,703.58,758.37,703.43,758.39,703.34,758.43,703.29,758.27,703.61,758.24,703.51,758.24,703.41,758.28,703.33
EK_0122_P06_108_frame_0000035371_r.jpg,0,1331.15,53.55,1331.40,53.36,1331.49,53.15,1331.50,53.02,1331.43,52.80,1331.40,53.08,1331.35,52.91,1331.32,52.75,1331.35,52.72,1331.21,53.03,1331.23,52.77,1331.26,52.62,1331.30,52.56,1331.01,53.04,1331.10,52.82,1331.14,52.75,1331.17,52.89,1330.87,53.05,1330.93,52.88,1331.01,52.82,1331.11,52.90
EK_0122_P06_108_frame_0000035444_r.jpg,0,791.98,-93.67,792.24,-93.89,792.33,-94.23,792.39,-94.56,792.33,-94.96,791.89,-94.50,792.08,-94.87,792.26,-94.84,792.32,-94.62,791.67,-94.65,791.77,-95.04,791.98,-95.24,792.27,-95.38,791.58,-94.65,791.48,-94.95,791.58,-95.25,791.86,-95.40,791.58,-94.63,791.59,-94.89,791.65,-95.13,791.81,-95.34
EK_0129_P08_17_frame_0000000128_r.jpg,0,1081.93,564.85,1081.96,564.79,1082.04,564.71,1082.12,564.60,1082.25,564.43,1081.87,564.42,1081.92,564.24,1082.02,564.16,1082.15,564.09,1081.88,564.32,1081.91,564.13,1082.03,564.07,1082.17,564.03,1081.94,564.32,1081.96,564.17,1082.07,564.09,1082.20,564.05,1082.01,564.34,1082.04,564.24,1082.10,564.17,1082.19,564.15
EK_0129_P08_17_frame_0000000233_r.jpg,0,796.40,647.71,796.58,647.61,796.77,647.46,796.91,647.31,797.11,647.09,796.63,647.10,796.82,646.92,796.99,646.87,797.18,646.91,796.61,647.00,796.81,646.85,796.99,646.88,797.13,647.03,796.59,647.05,796.75,646.92,796.95,646.94,797.05,647.10,796.61,647.13,796.73,647.05,796.86,647.10,796.87,647.24
EK_0129_P08_17_frame_0000001052_r.jpg,0,966.32,216.54,966.41,216.52,966.55,216.44,966.66,216.31,966.85,216.17,966.53,216.11,966.64,215.92,966.79,215.97,966.90,216.10,966.59,216.00,966.76,215.89,966.91,215.98,967.03,216.12,966.63,216.02,966.72,215.89,966.88,215.94,967.03,216.05,966.67,216.07,966.68,215.92,966.79,215.85,966.89,215.89
EK_0129_P08_17_frame_0000001484_l.jpg,0,423.89,549.06,423.83,548.82,423.85,548.63,423.89,548.46,423.94,548.28,424.07,548.55,424.06,548.40,423.94,548.36,423.80,548.39,424.13,548.61,423.98,548.53,423.84,548.55,423.70,548.62,424.11,548.76,424.04,548.61,423.90,548.61,423.75,548.67,424.06,548.87,424.07,548.75,423.98,548.73,423.88,548.74
EK_0129_P08_17_frame_0000001575_r.jpg,0,993.64,332.99,993.55,332.94,993.51,332.84,993.56,332.72,993.66,332.62,993.53,332.62,993.58,332.57,993.62,332.63,993.64,332.69,993.63,332.55,993.66,332.46,993.70,332.55,993.72,332.64,993.75,332.59,993.77,332.51,993.80,332.60,993.81,332.70,993.84,332.64,993.87,332.61,993.86,332.69,993.83,332.77
EK_0129_P08_17_frame_0000002327_l.jpg,0,572.36,467.94,572.26,467.80,572.19,467.70,572.21,467.63,572.27,467.59,572.38,467.57,572.35,467.50,572.29,467.51,572.24,467.56,572.48,467.61,572.43,467.59,572.37,467.62,572.31,467.66,572.52,467.72,572.48,467.67,572.43,467.69,572.38,467.74,572.54,467.82,572.50,467.77,572.47,467.78,572.42,467.81
EK_0129_P08_17_frame_0000003046_l.jpg,0,1000.56,741.06,1000.57,740.81,1000.47,740.64,1000.37,740.53,1000.27,740.56,1000.62,740.58,1000.69,740.45,1000.66,740.34,1000.54,740.23,1000.56,740.66,1000.47,740.54,1000.36,740.45,1000.24,740.34,1000.46,740.80,1000.29,740.72,1000.14,740.68,999.99,740.61,1000.36,740.90,1000.25,740.83,1000.15,740.78,1000.03,740.69
EK_0129_P08_17_frame_0000003515_l.jpg,0,673.58,527.80,673.36,527.57,673.11,527.46,672.89,527.34,672.68,527.20,673.45,526.99,673.34,526.71,673.21,526.56,673.02,526.46,673.55,526.94,673.51,526.67,673.36,526.56,673.14,526.53,673.61,527.07,673.55,526.82,673.40,526.69,673.19,526.63,673.61,527.20,673.56,527.02,673.45,526.92,673.30,526.86
EK_0129_P08_17_frame_0000003644_l.jpg,0,481.17,301.66,481.00,301.47,480.92,301.25,480.91,301.05,480.86,300.81,481.16,301.01,481.13,300.78,481.02,300.72,480.89,300.78,481.29,300.97,481.31,300.73,481.26,300.58,481.15,300.44,481.35,301.05,481.40,300.84,481.39,300.66,481.32,300.49,481.36,301.13,481.38,300.98,481.38,300.84,481.31,300.72
EK_0129_P08_17_frame_0000005073_l.jpg,0,537.17,610.75,537.03,610.53,536.94,610.33,536.89,610.14,536.83,609.93,537.15,610.09,537.07,609.88,536.95,609.80,536.78,609.80,537.22,610.09,537.06,609.96,536.90,609.94,536.72,609.95,537.24,610.22,537.12,610.05,536.95,610.03,536.80,610.11,537.22,610.34,537.15,610.20,537.02,610.17,536.92,610.22
EK_0129_P08_17_frame_0000005119_r.jpg,0,854.34,558.12,854.41,558.08,854.56,557.95,854.67,557.78,854.85,557.58,854.52,557.61,854.63,557.39,854.73,557.27,854.84,557.11,854.59,557.50,854.83,557.46,854.90,557.63,854.85,557.82,854.66,557.54,854.83,557.46,854.95,557.61,854.90,557.80,854.73,557.61,854.80,557.48,854.93,557.49,854.95,557.61
EK_0129_P08_17_frame_0000006956_l.jpg,0,617.20,593.53,616.96,593.46,616.88,593.28,616.85,593.11,616.85,592.96,616.84,593.08,616.77,592.90,616.75,592.84,616.73,592.80,616.96,592.98,616.89,592.81,616.85,592.79,616.80,592.79,617.12,592.98,617.02,592.83,616.97,592.80,616.91,592.82,617.23,593.00,617.14,592.96,617.10,592.99,617.07,593.03
EK_0129_P08_17_frame_0000007492_l.jpg,0,546.33,461.07,546.11,460.95,545.97,460.79,545.91,460.63,545.91,460.54,546.06,460.52,545.96,460.36,545.86,460.32,545.74,460.28,546.15,460.47,546.02,460.36,545.91,460.34,545.77,460.32,546.24,460.57,546.13,460.41,546.01,460.36,545.86,460.34,546.29,460.67,546.21,460.56,546.12,460.50,546.01,460.44
EK_0129_P08_17_frame_0000008672_l.jpg,0,487.20,727.90,487.38,727.83,487.49,727.73,487.51,727.63,487.51,727.54,487.29,727.47,487.22,727.35,487.17,727.44,487.15,727.60,487.12,727.44,487.01,727.44,487.01,727.58,487.08,727.74,486.96,727.54,486.88,727.49,486.90,727.63,487.00,727.78,486.86,727.66,486.78,727.59,486.77,727.67,486.85,727.77
EK_0129_P08_17_frame_0000009551_l.jpg,0,564.43,571.81,564.34,571.60,564.19,571.36,564.10,571.13,563.89,570.87,564.40,571.00,564.23,570.75,564.04,570.68,563.82,570.60,564.38,570.94,564.11,570.83,563.89,570.83,563.65,570.81,564.31,571.05,564.08,570.93,563.86,570.91,563.64,570.89,564.23,571.17,564.07,571.07,563.90,571.03,563.72,570.96
EK_0129_P08_17_frame_0000009709_r.jpg,0,1219.02,378.28,1219.11,378.10,1219.23,377.82,1219.33,377.57,1219.53,377.24,1218.88,377.46,1219.09,377.18,1219.31,377.10,1219.58,377.04,1218.85,377.31,1219.09,377.10,1219.32,377.05,1219.59,377.01,1218.92,377.35,1219.07,377.15,1219.29,377.05,1219.52,377.02,1219.02,377.42,1219.08,377.24,1219.21,377.17,1219.36,377.20
EK_0129_P08_17_frame_0000010574_l.jpg,0,115.05,715.70,114.93,715.46,114.80,715.30,114.65,715.18,114.46,715.08,114.92,715.15,114.74,715.09,114.59,715.11,114.46,715.16,114.92,715.23,114.70,715.22,114.57,715.27,114.51,715.33,114.90,715.40,114.72,715.32,114.58,715.36,114.55,715.41,114.87,715.54,114.78,715.44,114.66,715.42,114.62,715.43
EK_0129_P08_17_frame_0000011472_r.jpg,0,806.71,-175.29,806.60,-175.45,806.71,-175.60,806.90,-175.68,807.09,-175.68,806.98,-175.92,807.09,-175.92,807.11,-175.79,807.09,-175.70,807.22,-175.89,807.37,-175.90,807.33,-175.76,807.22,-175.62,807.36,-175.70,807.55,-175.80,807.52,-175.66,807.40,-175.53,807.44,-175.51,807.61,-175.52,807.59,-175.42,807.48,-175.35
EK_0129_P08_17_frame_0000012361_r.jpg,0,866.91,132.85,866.82,132.62,866.83,132.42,866.95,132.25,867.17,132.16,867.11,132.16,867.25,132.02,867.30,132.09,867.32,132.18,867.31,132.19,867.46,132.00,867.52,132.03,867.54,132.11,867.43,132.37,867.59,132.21,867.70,132.19,867.75,132.16,867.51,132.54,867.49,132.53,867.44,132.57,867.43,132.60
EK_0129_P08_17_frame_0000012978_r.jpg,0,937.78,221.85,937.70,221.73,937.80,221.59,937.96,221.45,938.18,221.40,938.01,221.29,938.13,221.30,938.16,221.44,938.17,221.55,938.23,221.28,938.37,221.30,938.36,221.44,938.31,221.59,938.37,221.44,938.52,221.34,938.53,221.48,938.46,221.63,938.45,221.60,938.61,221.58,938.66,221.66,938.66,221.74
EK_0129_P08_17_frame_0000015797_l.jpg,0,264.18,70.06,264.14,69.78,264.02,69.57,263.91,69.40,263.77,69.23,264.39,69.41,264.47,69.20,264.33,69.12,264.15,69.16,264.43,69.45,264.38,69.27,264.22,69.22,264.05,69.25,264.37,69.60,264.34,69.41,264.17,69.34,264.02,69.35,264.29,69.72,264.27,69.57,264.16,69.49,264.04,69.48
EK_0129_P08_17_frame_0000019102_r.jpg,0,880.01,262.65,880.09,262.67,880.23,262.64,880.37,262.57,880.59,262.51,880.34,262.36,880.53,262.32,880.66,262.36,880.80,262.44,880.43,262.28,880.56,262.44,880.59,262.59,880.56,262.76,880.46,262.31,880.59,262.38,880.65,262.53,880.59,262.69,880.49,262.37,880.58,262.34,880.64,262.43,880.60,262.53
EK_0129_P08_17_frame_0000020772_r.jpg,0,717.69,-82.27,718.58,-82.02,719.45,-82.15,720.23,-82.44,721.26,-82.62,720.02,-83.34,720.98,-83.40,721.29,-82.96,721.30,-82.30,720.12,-83.80,720.43,-82.98,719.94,-82.47,719.26,-82.16,719.83,-83.79,720.35,-83.08,719.87,-82.49,719.20,-82.20,719.61,-83.62,720.11,-83.52,719.93,-83.03,719.42,-82.77
EK_0129_P08_17_frame_0000022517_r.jpg,0,1050.89,91.29,1051.01,91.32,1051.25,91.32,1051.46,91.27,1051.77,91.28,1051.43,90.98,1051.70,91.02,1051.87,91.10,1052.08,91.14,1051.56,90.92,1051.76,91.10,1051.77,91.31,1051.71,91.52,1051.58,90.99,1051.74,91.11,1051.77,91.31,1051.73,91.51,1051.58,91.09,1051.71,91.11,1051.79,91.20,1051.79,91.31
EK_0129_P08_17_frame_0000022734_r.jpg,0,835.91,-148.17,835.92,-148.41,836.10,-148.54,836.30,-148.61,836.46,-148.59,836.43,-148.74,836.57,-148.77,836.54,-148.67,836.50,-148.60,836.62,-148.63,836.79,-148.63,836.74,-148.54,836.66,-148.46,836.66,-148.39,836.88,-148.45,836.87,-148.37,836.77,-148.32,836.66,-148.19,836.85,-148.21,836.87,-148.18,836.79,-148.17
EK_0129_P08_17_frame_0000023524_l.jpg,0,637.08,678.90,637.06,678.59,636.92,678.38,636.75,678.24,636.47,678.16,636.71,678.29,636.52,678.12,636.48,678.08,636.48,678.06,636.54,678.41,636.41,678.29,636.53,678.36,636.70,678.46,636.47,678.61,636.41,678.50,636.56,678.57,636.74,678.67,636.44,678.76,636.44,678.67,636.57,678.73,636.72,678.81
EK_0129_P08_17_frame_0000025062_r.jpg,0,863.86,254.80,863.80,254.60,863.89,254.35,864.09,254.16,864.31,254.08,864.15,254.01,864.29,254.03,864.32,254.16,864.32,254.23,864.39,254.01,864.53,254.02,864.51,254.18,864.46,254.33,864.54,254.21,864.73,254.03,864.74,254.17,864.65,254.33,864.64,254.41,864.82,254.28,864.83,254.35,864.74,254.44
EK_0129_P08_17_frame_0000025537_r.jpg,0,694.68,-169.86,694.71,-170.08,694.88,-170.18,695.10,-170.27,695.30,-170.22,695.28,-170.42,695.46,-170.45,695.43,-170.31,695.37,-170.19,695.49,-170.30,695.70,-170.26,695.66,-170.14,695.55,-170.04,695.52,-170.05,695.79,-170.09,695.79,-169.98,695.65,-169.93,695.51,-169.83,695.72,-169.82,695.74,-169.76,695.67,-169.74
EK_0129_P08_17_frame_0000026618_r.jpg,0,1145.79,267.02,1145.82,266.97,1145.93,266.85,1146.02,266.70,1146.21,266.51,1145.81,266.49,1145.97,266.34,1146.13,266.36,1146.32,266.38,1145.88,266.36,1146.05,266.23,1146.21,266.26,1146.39,266.30,1145.97,266.38,1146.09,266.27,1146.25,266.28,1146.41,266.30,1146.07,266.43,1146.14,266.33,1146.24,266.31,1146.35,266.35
EK_0129_P08_17_frame_0000026663_r.jpg,0,1001.84,241.80,1001.88,241.84,1002.04,241.80,1002.16,241.73,1002.33,241.64,1001.93,241.52,1001.99,241.36,1002.10,241.33,1002.22,241.31,1001.99,241.39,1002.12,241.32,1002.25,241.32,1002.37,241.32,1002.05,241.37,1002.14,241.29,1002.26,241.25,1002.36,241.22,1002.12,241.38,1002.19,241.27,1002.27,241.20,1002.35,241.13
EK_0129_P08_17_frame_0000028853_r.jpg,0,866.11,-54.95,866.16,-55.08,866.41,-55.22,866.63,-55.39,866.98,-55.48,866.52,-55.69,866.86,-55.69,867.04,-55.55,867.27,-55.54,866.72,-55.75,867.00,-55.68,867.18,-55.56,867.38,-55.46,866.83,-55.59,867.04,-55.62,867.23,-55.51,867.39,-55.40,866.91,-55.42,867.03,-55.50,867.16,-55.48,867.31,-55.42
EK_0129_P08_17_frame_0000029047_l.jpg,0,1106.26,5.03,1106.18,4.98,1106.12,4.85,1106.16,4.72,1106.27,4.59,1106.41,4.59,1106.55,4.58,1106.61,4.70,1106.67,4.85,1106.59,4.55,1106.70,4.63,1106.71,4.79,1106.72,4.96,1106.72,4.65,1106.81,4.65,1106.84,4.79,1106.87,4.95,1106.81,4.76,1106.91,4.67,1106.98,4.68,1107.00,4.74
EK_0129_P08_17_frame_0000029252_r.jpg,0,1074.79,543.55,1074.79,543.26,1074.87,542.96,1074.99,542.69,1075.20,542.38,1074.43,542.65,1074.63,542.35,1074.81,542.21,1075.06,542.11,1074.41,542.58,1074.57,542.28,1074.75,542.12,1074.99,542.04,1074.53,542.68,1074.49,542.38,1074.64,542.18,1074.85,542.17,1074.67,542.77,1074.59,542.56,1074.64,542.37,1074.76,542.31
EK_0129_P08_17_frame_0000029785_l.jpg,0,125.16,549.17,125.21,548.79,125.25,548.48,125.16,548.22,124.94,548.18,125.34,548.33,125.12,548.14,124.93,548.19,124.86,548.34,125.24,548.40,124.93,548.35,124.70,548.38,124.45,548.43,125.06,548.59,124.83,548.49,124.66,548.56,124.53,548.66,124.90,548.74,124.76,548.65,124.76,548.76,124.86,548.89
EK_0129_P08_17_frame_0000030284_r.jpg,0,818.83,172.87,818.86,172.81,819.09,172.77,819.31,172.68,819.63,172.66,819.22,172.35,819.49,172.33,819.63,172.44,819.79,172.56,819.40,172.31,819.65,172.32,819.78,172.45,819.90,172.60,819.49,172.42,819.68,172.40,819.82,172.51,819.93,172.62,819.55,172.56,819.68,172.52,819.79,172.56,819.88,172.62
EK_0129_P08_17_frame_0000030361_r.jpg,0,1236.56,176.20,1236.48,176.04,1236.47,175.83,1236.56,175.63,1236.80,175.50,1236.61,175.51,1236.79,175.40,1236.91,175.45,1237.03,175.52,1236.78,175.46,1236.97,175.35,1237.10,175.43,1237.19,175.54,1236.93,175.58,1237.10,175.45,1237.25,175.50,1237.33,175.60,1237.05,175.71,1237.16,175.61,1237.22,175.67,1237.18,175.78
EK_0129_P08_17_frame_0000031276_r.jpg,0,1585.74,784.03,1585.84,783.69,1585.97,783.48,1586.16,783.35,1586.44,783.24,1585.84,783.22,1586.10,783.07,1586.30,783.01,1586.54,782.94,1585.88,783.30,1586.12,783.17,1586.34,783.14,1586.59,783.09,1585.95,783.53,1586.13,783.33,1586.35,783.23,1586.58,783.14,1586.03,783.72,1586.14,783.54,1586.27,783.42,1586.45,783.27
EK_0129_P08_17_frame_0000032726_l.jpg,0,713.02,525.44,712.96,525.22,712.87,525.10,712.82,525.04,712.70,524.97,712.79,525.12,712.63,525.08,712.51,525.06,712.38,525.02,712.72,525.23,712.54,525.19,712.44,525.17,712.33,525.13,712.68,525.38,712.53,525.30,712.42,525.26,712.32,525.19,712.65,525.48,712.54,525.42,712.46,525.38,712.35,525.33
EK_0129_P08_17_frame_0000032842_l.jpg,0,647.45,719.32,647.50,719.10,647.50,718.93,647.50,718.79,647.48,718.64,647.60,718.96,647.48,718.84,647.41,718.85,647.44,718.93,647.55,719.03,647.41,718.92,647.36,718.94,647.40,719.00,647.44,719.14,647.35,719.01,647.29,719.00,647.33,719.06,647.35,719.21,647.30,719.10,647.26,719.07,647.28,719.11
EK_0129_P08_17_frame_0000033019_l.jpg,0,751.86,786.99,751.71,786.82,751.56,786.70,751.45,786.57,751.37,786.45,751.73,786.46,751.60,786.33,751.47,786.32,751.33,786.39,751.79,786.47,751.62,786.42,751.48,786.45,751.35,786.53,751.82,786.60,751.65,786.55,751.50,786.58,751.37,786.64,751.82,786.72,751.73,786.63,751.62,786.62,751.52,786.63
EK_0129_P08_17_frame_0000033321_l.jpg,0,460.81,487.11,460.59,486.94,460.43,486.76,460.32,486.59,460.19,486.36,460.55,486.45,460.41,486.26,460.25,486.29,460.16,486.45,460.63,486.42,460.40,486.38,460.25,486.47,460.19,486.62,460.69,486.55,460.49,486.47,460.32,486.57,460.31,486.71,460.71,486.68,460.59,486.57,460.45,486.62,460.41,486.71
EK_0129_P08_17_frame_0000033459_l.jpg,0,934.82,767.30,934.73,767.11,934.65,766.95,934.59,766.80,934.53,766.62,934.74,766.78,934.71,766.60,934.59,766.56,934.45,766.60,934.74,766.80,934.59,766.72,934.45,766.71,934.30,766.71,934.73,766.93,934.61,766.81,934.47,766.80,934.35,766.82,934.70,767.04,934.58,767.01,934.48,767.03,934.39,767.05
EK_0129_P08_17_frame_0000033652_r.jpg,0,584.12,233.61,584.42,233.55,584.64,233.39,584.81,233.21,585.03,232.97,584.56,233.00,584.79,232.83,584.97,232.84,585.15,232.96,584.47,232.85,584.74,232.76,584.87,232.90,584.83,233.12,584.36,232.88,584.58,232.77,584.79,232.84,584.88,233.03,584.29,232.93,584.46,232.85,584.62,232.88,584.72,233.00
EK_0129_P08_17_frame_0000033748_r.jpg,0,694.29,202.27,694.26,202.25,694.46,202.27,694.61,202.26,694.81,202.36,694.45,201.89,694.62,201.90,694.69,202.05,694.70,202.20,694.60,201.82,694.76,201.86,694.81,202.02,694.83,202.18,694.71,201.89,694.84,201.89,694.89,202.04,694.85,202.19,694.79,201.97,694.89,202.00,694.90,202.12,694.82,202.22
EK_0129_P08_17_frame_0000034485_r.jpg,0,-382.19,206.78,-381.89,206.74,-381.52,206.65,-381.23,206.47,-380.85,206.29,-381.37,206.10,-381.03,205.87,-380.91,206.13,-381.06,206.39,-381.29,205.99,-380.92,205.86,-380.86,206.15,-381.07,206.38,-381.34,206.10,-381.03,206.00,-380.89,206.28,-381.03,206.54,-381.38,206.25,-381.17,206.14,-380.99,206.25,-380.97,206.43
EK_0129_P08_17_frame_0000034770_l.jpg,0,535.78,548.15,535.83,547.94,535.78,547.78,535.73,547.65,535.66,547.47,535.91,547.83,535.84,547.77,535.73,547.72,535.62,547.66,535.85,547.91,535.74,547.84,535.62,547.78,535.51,547.69,535.74,548.02,535.66,547.91,535.55,547.83,535.46,547.73,535.65,548.09,535.57,548.01,535.49,547.94,535.41,547.85
EK_0130_P09_07_frame_0000000323_r.jpg,0,805.88,527.11,806.08,527.13,806.30,527.05,806.49,526.96,806.74,526.82,806.20,526.69,806.42,526.55,806.59,526.58,806.74,526.70,806.20,526.53,806.43,526.44,806.61,526.48,806.75,526.63,806.17,526.49,806.37,526.43,806.57,526.46,806.71,526.60,806.17,526.51,806.30,526.43,806.45,526.44,806.55,526.54
EK_0130_P09_07_frame_0000000470_r.jpg,0,525.75,142.09,525.97,141.88,526.17,141.88,526.37,141.85,526.69,141.74,525.87,141.18,525.95,140.84,526.09,140.65,526.32,140.51,525.79,141.07,525.80,140.72,526.00,140.57,526.27,140.56,525.77,141.16,525.77,140.85,525.95,140.65,526.20,140.56,525.80,141.27,525.75,141.05,525.84,140.86,525.98,140.76
EK_0130_P09_07_frame_0000000754_l.jpg,0,245.13,277.82,244.89,277.48,244.57,277.29,244.34,277.05,244.18,276.64,245.31,276.81,245.45,276.41,245.40,276.14,245.30,275.87,245.56,276.74,245.56,276.33,245.46,276.07,245.32,275.79,245.66,276.84,245.64,276.47,245.54,276.18,245.40,275.91,245.68,276.93,245.66,276.66,245.58,276.43,245.46,276.20
EK_0130_P09_07_frame_0000000840_l.jpg,0,212.47,187.14,212.24,186.77,211.89,186.60,211.59,186.44,211.22,186.16,212.73,186.12,212.87,185.69,212.83,185.40,212.73,185.11,213.01,186.05,213.03,185.62,212.95,185.34,212.81,185.05,213.11,186.16,213.10,185.76,213.00,185.47,212.86,185.20,213.13,186.24,213.13,185.96,213.08,185.72,212.97,185.49
EK_0130_P09_07_frame_0000001342_r.jpg,0,936.41,138.79,936.68,138.69,937.01,138.51,937.28,138.31,937.63,138.03,936.80,137.92,937.20,137.88,937.34,138.11,937.30,138.41,936.78,137.73,937.14,137.89,937.22,138.16,937.17,138.47,936.77,137.77,937.10,137.83,937.28,138.08,937.25,138.35,936.79,137.86,937.03,137.86,937.19,138.02,937.22,138.22
EK_0130_P09_07_frame_0000001563_l.jpg,0,305.19,364.14,305.21,364.01,305.38,364.04,305.69,363.99,306.08,363.56,306.14,364.22,306.52,363.83,306.50,363.44,306.36,363.03,306.49,364.19,306.69,363.69,306.66,363.29,306.52,362.86,306.55,364.04,306.74,363.65,306.68,363.23,306.48,362.84,306.54,363.86,306.70,363.64,306.69,363.34,306.54,363.05
EK_0130_P09_07_frame_0000001610_r.jpg,0,456.31,-54.47,456.30,-54.41,456.18,-54.19,456.14,-53.99,456.32,-53.64,457.07,-54.87,457.38,-55.20,457.67,-55.25,458.01,-55.15,457.43,-54.90,457.90,-55.07,458.07,-54.77,458.11,-54.39,457.57,-54.74,457.94,-54.67,458.11,-54.33,458.25,-53.97,457.63,-54.54,457.88,-54.51,458.07,-54.33,458.16,-54.09
EK_0130_P09_07_frame_0000002689_r.jpg,0,718.65,385.37,718.46,385.15,718.39,384.98,718.40,384.80,718.47,384.80,718.62,384.69,718.67,384.50,718.62,384.57,718.56,384.66,718.80,384.68,718.85,384.51,718.78,384.59,718.70,384.67,718.93,384.81,718.92,384.62,718.85,384.67,718.79,384.73,719.01,384.93,718.96,384.79,718.91,384.77,718.86,384.80
EK_0132_P18_01_frame_0000000250_r.jpg,0,985.88,528.80,985.80,528.78,985.80,528.70,985.81,528.58,985.90,528.49,985.80,528.38,985.84,528.26,985.91,528.31,985.98,528.38,985.92,528.28,985.98,528.17,986.06,528.24,986.13,528.35,986.05,528.31,986.08,528.17,986.16,528.22,986.21,528.32,986.17,528.36,986.21,528.24,986.26,528.24,986.28,528.29
EK_0132_P18_01_frame_0000001067_r.jpg,0,748.25,328.23,748.24,328.24,748.43,328.19,748.60,328.12,748.83,328.14,748.36,327.82,748.53,327.83,748.65,327.96,748.77,328.08,748.50,327.70,748.67,327.80,748.74,327.96,748.82,328.13,748.62,327.72,748.74,327.80,748.82,327.96,748.86,328.13,748.71,327.78,748.82,327.81,748.86,327.92,748.87,328.05
EK_0132_P18_01_frame_0000001097_r.jpg,0,818.42,213.41,818.48,213.39,818.67,213.34,818.83,213.25,819.06,213.16,818.58,212.99,818.79,212.94,818.91,213.04,819.02,213.18,818.65,212.87,818.86,212.89,818.97,213.02,819.03,213.18,818.71,212.89,818.88,212.90,819.00,213.03,819.04,213.19,818.77,212.94,818.89,212.96,818.97,213.05,819.01,213.17
EK_0132_P18_01_frame_0000001736_l.jpg,0,500.17,633.63,500.05,633.62,499.99,633.52,499.98,633.40,500.06,633.30,499.89,633.30,499.93,633.24,500.00,633.30,500.05,633.40,499.96,633.19,500.03,633.16,500.09,633.25,500.13,633.37,500.10,633.18,500.12,633.10,500.18,633.19,500.20,633.32,500.22,633.19,500.23,633.15,500.26,633.23,500.26,633.33
EK_0132_P18_01_frame_0000002322_r.jpg,0,1118.66,493.74,1118.60,493.71,1118.69,493.78,1118.77,493.83,1118.84,493.97,1118.84,493.46,1118.92,493.50,1118.92,493.63,1118.88,493.75,1119.00,493.46,1119.06,493.54,1119.03,493.67,1118.96,493.80,1119.09,493.55,1119.14,493.59,1119.13,493.72,1119.05,493.82,1119.14,493.65,1119.19,493.67,1119.17,493.75,1119.09,493.82
EK_0132_P18_01_frame_0000003127_r.jpg,0,693.13,181.85,693.24,181.84,693.39,181.95,693.64,181.99,693.88,182.13,693.78,181.52,694.10,181.54,694.23,181.71,694.35,181.92,693.95,181.52,694.26,181.56,694.40,181.73,694.51,181.93,693.97,181.64,694.23,181.62,694.41,181.73,694.59,181.85,693.96,181.78,694.16,181.70,694.34,181.66,694.56,181.58
EK_0132_P18_01_frame_0000005419_r.jpg,0,861.42,531.24,861.63,531.06,861.77,530.80,861.86,530.57,862.03,530.34,861.70,530.44,861.84,530.18,862.01,530.14,862.24,530.16,861.68,530.37,861.99,530.37,861.98,530.59,861.82,530.74,861.67,530.49,861.94,530.50,861.93,530.72,861.81,530.87,861.69,530.62,861.87,530.58,861.88,530.71,861.79,530.81
EK_0132_P18_01_frame_0000005667_l.jpg,0,476.51,803.79,476.36,803.63,476.28,803.50,476.28,803.37,476.30,803.32,476.49,803.32,476.43,803.20,476.37,803.27,476.34,803.38,476.62,803.34,476.56,803.29,476.49,803.36,476.41,803.47,476.70,803.47,476.64,803.41,476.57,803.46,476.50,803.55,476.74,803.59,476.72,803.55,476.66,803.58,476.59,803.65
EK_0132_P18_01_frame_0000006668_r.jpg,0,993.14,622.18,993.20,622.19,993.31,622.17,993.40,622.14,993.54,622.08,993.14,621.88,993.11,621.72,993.14,621.63,993.19,621.51,993.15,621.75,993.15,621.59,993.23,621.51,993.33,621.43,993.20,621.72,993.17,621.58,993.24,621.47,993.33,621.39,993.25,621.72,993.26,621.61,993.31,621.53,993.38,621.49
EK_0132_P18_01_frame_0000007011_r.jpg,0,925.13,698.02,925.13,697.87,925.15,697.82,925.23,697.81,925.29,697.82,925.37,697.88,925.38,697.91,925.30,697.94,925.23,697.96,925.41,698.01,925.37,698.05,925.28,698.07,925.19,698.07,925.36,698.14,925.32,698.14,925.23,698.15,925.13,698.12,925.30,698.24,925.25,698.22,925.17,698.20,925.09,698.17
EK_0132_P18_01_frame_0000007824_l.jpg,0,588.54,430.52,588.32,430.32,588.26,430.10,588.27,429.89,588.35,429.68,588.43,429.84,588.47,429.58,588.41,429.58,588.35,429.70,588.60,429.78,588.59,429.56,588.51,429.58,588.42,429.70,588.72,429.87,588.60,429.76,588.53,429.87,588.46,430.02,588.79,429.96,588.68,429.91,588.61,429.99,588.57,430.13
EK_0132_P18_01_frame_0000008468_r.jpg,0,880.96,411.49,881.04,411.30,881.32,411.11,881.55,410.91,881.91,410.74,881.22,410.60,881.44,410.30,881.65,410.38,881.75,410.59,881.36,410.52,881.54,410.22,881.74,410.33,881.83,410.55,881.46,410.66,881.59,410.38,881.82,410.44,881.90,410.63,881.57,410.82,881.70,410.67,881.86,410.69,881.89,410.80
EK_0132_P18_01_frame_0000008629_l.jpg,0,636.25,486.00,636.08,485.77,635.92,485.60,635.78,485.45,635.62,485.29,636.22,485.32,636.15,485.12,636.03,485.06,635.86,485.05,636.32,485.34,636.27,485.17,636.14,485.12,635.96,485.10,636.36,485.50,636.26,485.34,636.10,485.32,635.92,485.32,636.35,485.63,636.28,485.52,636.15,485.49,636.00,485.50
EK_0133_P18_02_frame_0000000391_l.jpg,0,650.32,128.28,650.08,128.17,649.96,128.00,649.92,127.82,649.92,127.66,650.04,127.72,649.97,127.52,649.91,127.43,649.85,127.33,650.18,127.64,650.11,127.46,650.04,127.38,649.95,127.30,650.32,127.69,650.24,127.51,650.16,127.40,650.07,127.31,650.41,127.76,650.39,127.62,650.35,127.51,650.29,127.40
EK_0133_P18_02_frame_0000000799_l.jpg,0,968.50,396.64,968.35,396.48,968.23,396.34,968.17,396.18,968.12,396.03,968.44,396.08,968.50,395.89,968.51,395.76,968.53,395.62,968.53,396.04,968.47,395.87,968.35,395.83,968.21,395.87,968.58,396.12,968.48,395.97,968.35,395.97,968.22,396.06,968.59,396.20,968.51,396.10,968.41,396.06,968.30,396.07
EK_0133_P18_02_frame_0000001004_r.jpg,0,1212.15,553.33,1212.17,553.28,1212.22,553.20,1212.26,553.12,1212.35,553.03,1212.10,553.01,1212.14,552.89,1212.23,552.87,1212.30,552.95,1212.11,552.94,1212.17,552.83,1212.27,552.85,1212.32,552.94,1212.15,552.95,1212.19,552.85,1212.29,552.85,1212.33,552.93,1212.21,552.97,1212.20,552.88,1212.24,552.83,1212.28,552.82
EK_0133_P18_02_frame_0000001378_l.jpg,0,700.89,331.79,700.96,331.59,700.98,331.42,700.99,331.27,700.94,331.19,701.18,331.49,701.13,331.38,701.02,331.32,700.91,331.27,701.15,331.58,701.08,331.47,700.96,331.42,700.89,331.40,701.05,331.68,701.00,331.55,700.88,331.50,700.84,331.50,700.95,331.74,700.91,331.64,700.83,331.59,700.80,331.60
EK_0133_P18_02_frame_0000001837_r.jpg,0,950.05,688.36,950.06,688.40,950.17,688.36,950.23,688.32,950.35,688.26,950.05,688.19,950.05,688.08,950.09,688.02,950.11,687.96,950.08,688.09,950.11,688.00,950.15,687.95,950.17,687.89,950.14,688.06,950.18,688.00,950.25,687.95,950.28,687.90,950.19,688.05,950.25,688.02,950.31,687.99,950.35,687.94
EK_0133_P18_02_frame_0000001950_r.jpg,0,837.72,609.45,837.91,609.42,838.01,609.32,838.08,609.23,838.19,609.10,837.95,609.18,838.08,609.06,838.16,609.01,838.25,608.93,837.87,609.08,837.98,608.97,838.07,608.90,838.17,608.81,837.77,609.05,837.86,608.94,837.94,608.84,838.03,608.75,837.72,609.04,837.74,608.94,837.77,608.86,837.82,608.78
EK_0133_P18_02_frame_0000002416_l.jpg,0,775.98,620.56,776.01,620.37,775.91,620.25,775.81,620.20,775.66,620.16,775.97,620.15,775.86,620.07,775.76,620.03,775.66,619.98,775.89,620.20,775.76,620.11,775.65,620.07,775.55,620.00,775.80,620.30,775.71,620.18,775.61,620.11,775.52,620.01,775.73,620.38,775.68,620.29,775.62,620.21,775.56,620.14
EK_0133_P18_02_frame_0000003707_r.jpg,0,1003.79,505.26,1003.85,505.23,1004.00,505.16,1004.12,505.06,1004.31,504.97,1003.95,504.86,1004.08,504.75,1004.20,504.82,1004.30,504.94,1004.00,504.77,1004.19,504.77,1004.29,504.87,1004.38,505.00,1004.05,504.80,1004.20,504.77,1004.32,504.86,1004.40,504.97,1004.10,504.85,1004.19,504.79,1004.29,504.81,1004.36,504.88
EK_0133_P18_02_frame_0000004159_l.jpg,0,712.09,571.54,712.17,571.36,712.17,571.20,712.17,571.06,712.15,570.87,712.25,571.12,712.20,570.96,712.12,570.87,712.06,570.76,712.17,571.14,712.08,571.00,712.00,570.91,711.93,570.80,712.06,571.21,712.02,571.07,711.94,570.97,711.89,570.86,711.96,571.27,711.95,571.16,711.91,571.08,711.88,570.98
EK_0133_P18_02_frame_0000005519_l.jpg,0,686.93,663.80,686.71,663.85,686.54,663.86,686.40,663.79,686.44,663.66,686.48,663.67,686.35,663.53,686.37,663.53,686.44,663.60,686.54,663.54,686.43,663.43,686.46,663.48,686.52,663.56,686.65,663.45,686.53,663.38,686.55,663.42,686.61,663.48,686.75,663.39,686.65,663.36,686.65,663.39,686.69,663.44
EK_0133_P18_02_frame_0000005994_r.jpg,0,985.42,608.63,985.56,608.59,985.66,608.53,985.75,608.49,985.86,608.41,985.69,608.50,985.73,608.39,985.71,608.35,985.69,608.39,985.63,608.46,985.67,608.35,985.64,608.33,985.59,608.38,985.53,608.44,985.61,608.35,985.59,608.30,985.55,608.34,985.45,608.41,985.50,608.36,985.52,608.31,985.52,608.31
EK_0133_P18_02_frame_0000007512_l.jpg,0,533.43,438.26,533.46,438.04,533.48,437.87,533.48,437.73,533.42,437.67,533.66,437.90,533.68,437.80,533.65,437.73,533.59,437.66,533.65,437.99,533.65,437.90,533.60,437.83,533.53,437.74,533.57,438.11,533.60,438.01,533.55,437.94,533.48,437.84,533.49,438.19,533.51,438.13,533.48,438.06,533.42,437.98
EK_0133_P18_02_frame_0000007769_r.jpg,0,885.87,670.44,885.99,670.45,886.06,670.39,886.09,670.32,886.18,670.20,885.96,670.24,886.05,670.13,886.14,670.07,886.26,670.05,885.92,670.13,886.02,670.03,886.12,669.98,886.24,669.95,885.90,670.09,885.97,669.99,886.07,669.92,886.17,669.87,885.90,670.06,885.94,669.98,886.01,669.92,886.10,669.87
EK_0133_P18_02_frame_0000008386_r.jpg,0,1080.61,904.67,1080.52,904.58,1080.48,904.47,1080.52,904.37,1080.59,904.28,1080.53,904.32,1080.57,904.22,1080.61,904.20,1080.64,904.22,1080.62,904.29,1080.69,904.20,1080.74,904.17,1080.78,904.16,1080.72,904.34,1080.76,904.27,1080.77,904.30,1080.76,904.36,1080.79,904.39,1080.80,904.33,1080.80,904.31,1080.78,904.33
EK_0133_P18_02_frame_0000009448_r.jpg,0,944.54,495.71,944.76,495.63,944.91,495.50,945.01,495.38,945.16,495.21,944.88,495.32,944.94,495.13,944.98,495.00,945.01,494.86,944.76,495.22,944.82,495.04,944.86,494.92,944.93,494.79,944.60,495.22,944.68,495.06,944.71,494.91,944.79,494.78,944.49,495.22,944.51,495.10,944.52,494.99,944.57,494.87
EK_0133_P18_02_frame_0000010975_r.jpg,0,844.16,274.08,844.38,274.07,844.52,274.04,844.60,273.98,844.74,273.87,844.46,273.77,844.56,273.63,844.68,273.54,844.81,273.45,844.38,273.64,844.56,273.58,844.62,273.64,844.69,273.70,844.29,273.59,844.46,273.52,844.56,273.54,844.66,273.58,844.23,273.57,844.33,273.48,844.44,273.47,844.53,273.51
EK_0139_P24_09_frame_0000001526_r.jpg,0,701.27,524.53,701.52,524.51,701.73,524.47,701.92,524.41,702.14,524.34,701.70,524.07,701.87,523.89,701.99,523.91,702.10,524.02,701.66,523.94,701.86,523.86,701.98,523.92,702.09,524.07,701.57,523.95,701.78,523.91,701.93,523.98,702.07,524.10,701.52,524.00,701.68,523.97,701.81,524.00,701.94,524.08
EK_0139_P24_09_frame_0000001563_r.jpg,0,594.29,434.25,594.59,434.21,594.84,434.14,595.04,434.06,595.27,433.96,594.79,433.66,594.94,433.39,595.10,433.29,595.30,433.23,594.73,433.51,594.95,433.34,595.12,433.29,595.35,433.29,594.62,433.53,594.86,433.43,595.06,433.38,595.29,433.38,594.55,433.59,594.74,433.53,594.91,433.50,595.09,433.46
EK_0139_P24_09_frame_0000001908_r.jpg,0,821.10,386.45,821.25,386.41,821.45,386.41,821.64,386.40,821.84,386.31,821.40,385.99,821.62,385.91,821.77,385.94,821.95,385.96,821.43,385.89,821.65,385.91,821.79,386.00,821.94,386.10,821.43,385.93,821.62,385.94,821.77,386.03,821.89,386.14,821.44,386.00,821.58,386.02,821.69,386.09,821.77,386.17
EK_0139_P24_09_frame_0000002156_l.jpg,0,647.14,346.32,646.88,346.15,646.67,346.05,646.51,345.94,646.43,345.86,646.90,345.65,646.91,345.41,646.82,345.40,646.70,345.47,647.04,345.61,646.94,345.46,646.81,345.51,646.66,345.62,647.16,345.73,647.00,345.65,646.87,345.76,646.76,345.92,647.23,345.86,647.11,345.80,647.01,345.87,646.92,345.98
EK_0139_P24_09_frame_0000002316_r.jpg,0,794.62,400.10,794.82,399.94,795.01,399.80,795.16,399.66,795.30,399.55,794.88,399.44,795.05,399.27,795.21,399.28,795.38,399.37,794.84,399.40,794.98,399.20,795.15,399.16,795.35,399.19,794.81,399.51,795.02,399.46,795.16,399.59,795.24,399.74,794.80,399.63,794.96,399.59,795.08,399.68,795.13,399.79
EK_0139_P24_09_frame_0000002488_r.jpg,0,763.44,384.07,763.60,384.01,763.81,383.96,763.97,383.87,764.18,383.81,763.77,383.60,763.98,383.50,764.12,383.54,764.29,383.56,763.79,383.53,764.01,383.48,764.16,383.54,764.33,383.59,763.78,383.59,763.97,383.54,764.13,383.59,764.30,383.63,763.78,383.67,763.92,383.67,764.04,383.71,764.18,383.74
EK_0139_P24_09_frame_0000003664_l.jpg,0,621.40,733.42,621.28,733.32,621.15,733.23,621.03,733.16,620.87,733.07,621.21,732.99,621.11,732.85,621.02,732.79,620.91,732.73,621.21,732.97,621.07,732.88,620.96,732.84,620.84,732.77,621.21,733.05,621.09,732.97,620.96,732.93,620.85,732.88,621.21,733.13,621.13,733.06,621.04,733.01,620.96,732.95
EK_0139_P24_09_frame_0000004475_r.jpg,0,1022.30,638.14,1022.34,637.97,1022.43,637.79,1022.54,637.65,1022.76,637.60,1022.46,637.57,1022.63,637.43,1022.76,637.46,1022.80,637.56,1022.54,637.56,1022.72,637.45,1022.83,637.53,1022.85,637.65,1022.61,637.68,1022.75,637.55,1022.88,637.61,1022.91,637.69,1022.67,637.80,1022.77,637.70,1022.87,637.68,1022.91,637.71
EK_0139_P24_09_frame_0000006765_r.jpg,0,963.79,1.25,964.04,0.94,964.34,0.79,964.54,0.57,964.62,0.23,964.00,0.29,963.98,-0.06,963.95,-0.30,963.92,-0.57,963.75,0.24,963.67,-0.08,963.62,-0.33,963.59,-0.61,963.49,0.38,963.46,0.09,963.40,-0.17,963.39,-0.45,963.30,0.51,963.23,0.34,963.17,0.15,963.23,0.01
EK_0139_P24_09_frame_0000006968_l.jpg,0,-490.91,-413.19,-491.27,-413.69,-491.54,-413.95,-491.59,-414.27,-491.63,-414.81,-490.85,-414.51,-490.77,-415.04,-490.91,-415.07,-491.08,-414.89,-490.44,-414.54,-490.36,-415.03,-490.50,-415.02,-490.72,-414.83,-490.17,-414.35,-489.99,-414.78,-490.06,-414.95,-490.27,-414.90,-490.02,-414.20,-489.73,-414.33,-489.62,-414.59,-489.70,-414.82
EK_0139_P24_09_frame_0000007115_l.jpg,0,14.05,-113.65,13.64,-113.91,13.37,-114.17,13.19,-114.43,12.92,-114.79,13.70,-114.71,13.55,-115.07,13.43,-115.00,13.35,-114.78,13.97,-114.84,13.81,-115.11,13.66,-115.00,13.50,-114.75,14.21,-114.73,14.07,-115.05,13.90,-115.00,13.75,-114.75,14.36,-114.62,14.38,-114.88,14.24,-114.92,14.05,-114.82
EK_0139_P24_09_frame_0000007153_r.jpg,0,1329.92,63.98,1330.02,63.63,1330.15,63.29,1330.21,62.98,1330.19,62.64,1329.54,63.03,1329.55,62.67,1329.72,62.50,1329.99,62.41,1329.38,62.99,1329.48,62.65,1329.70,62.51,1329.99,62.44,1329.40,63.11,1329.48,62.78,1329.71,62.61,1329.99,62.51,1329.48,63.22,1329.54,62.97,1329.66,62.78,1329.87,62.64
EK_0139_P24_09_frame_0000008456_r.jpg,0,771.07,292.20,771.12,292.08,771.26,292.06,771.35,291.99,771.40,292.00,771.47,291.73,771.67,291.68,771.69,291.84,771.63,292.01,771.61,291.74,771.76,291.82,771.72,291.98,771.58,292.10,771.65,291.89,771.78,291.93,771.74,292.08,771.59,292.17,771.68,292.03,771.78,292.06,771.76,292.15,771.67,292.23
EK_0139_P24_09_frame_0000008753_l.jpg,0,492.70,369.01,492.77,368.69,492.88,368.41,492.90,368.11,492.73,367.80,492.99,368.07,492.91,367.72,492.72,367.58,492.47,367.53,492.90,368.03,492.79,367.70,492.59,367.59,492.40,367.59,492.71,368.17,492.63,367.87,492.43,367.78,492.30,367.82,492.53,368.29,492.45,368.09,492.32,368.04,492.26,368.10
EK_0139_P24_09_frame_0000009676_r.jpg,0,692.71,194.27,692.97,194.20,693.20,194.18,693.31,194.09,693.37,194.11,693.46,193.69,693.80,193.60,693.84,193.83,693.66,194.03,693.53,193.64,693.83,193.78,693.74,194.01,693.49,194.12,693.48,193.78,693.71,193.92,693.64,194.16,693.40,194.25,693.44,193.94,693.60,194.08,693.55,194.25,693.42,194.37
EK_0139_P24_09_frame_0000012336_r.jpg,0,787.27,423.52,787.44,423.37,787.64,423.31,787.77,423.21,787.90,423.12,787.55,422.97,787.71,422.86,787.85,422.83,788.02,422.80,787.54,422.96,787.72,422.86,787.88,422.85,788.05,422.84,787.51,423.08,787.66,422.95,787.83,422.91,788.00,422.90,787.51,423.20,787.61,423.09,787.71,423.02,787.85,422.95
EK_0139_P24_09_frame_0000012432_r.jpg,0,1039.14,320.81,1039.11,320.72,1039.12,320.57,1039.17,320.43,1039.30,320.35,1039.18,320.36,1039.29,320.22,1039.39,320.18,1039.49,320.14,1039.28,320.32,1039.40,320.21,1039.51,320.19,1039.60,320.17,1039.38,320.39,1039.46,320.27,1039.56,320.23,1039.64,320.21,1039.45,320.47,1039.51,320.37,1039.58,320.29,1039.64,320.22
EK_0139_P24_09_frame_0000012472_l.jpg,0,830.94,461.98,830.84,461.77,830.71,461.67,830.60,461.59,830.47,461.48,830.83,461.60,830.73,461.52,830.60,461.52,830.45,461.54,830.82,461.70,830.70,461.68,830.56,461.68,830.41,461.68,830.81,461.86,830.67,461.83,830.52,461.83,830.38,461.80,830.77,461.99,830.65,461.96,830.54,461.95,830.40,461.92
EK_0139_P24_09_frame_0000012516_r.jpg,0,990.53,162.38,990.42,162.18,990.40,162.03,990.48,161.91,990.58,161.83,990.65,161.79,990.75,161.68,990.80,161.68,990.87,161.66,990.82,161.83,990.90,161.76,990.87,161.82,990.80,161.88,990.92,161.98,990.97,161.88,990.91,161.93,990.80,161.97,990.97,162.12,990.97,162.06,990.92,162.05,990.85,162.06
EK_0139_P24_09_frame_0000014000_r.jpg,0,934.85,356.89,934.90,356.91,935.03,356.85,935.13,356.72,935.33,356.59,935.04,356.49,935.17,356.34,935.31,356.30,935.42,356.22,935.14,356.37,935.36,356.42,935.40,356.60,935.35,356.80,935.22,356.38,935.39,356.43,935.45,356.62,935.38,356.81,935.29,356.42,935.42,356.42,935.50,356.53,935.49,356.68
EK_0139_P24_09_frame_0000016158_r.jpg,0,928.13,401.25,928.02,401.02,928.05,400.83,928.15,400.69,928.24,400.56,928.27,400.66,928.38,400.48,928.44,400.38,928.51,400.27,928.43,400.71,928.49,400.56,928.39,400.60,928.25,400.66,928.50,400.87,928.44,400.77,928.30,400.84,928.15,400.92,928.52,401.01,928.44,400.95,928.33,400.99,928.19,401.02
EK_0139_P24_09_frame_0000016314_r.jpg,0,999.59,416.74,999.61,416.66,999.73,416.54,999.85,416.38,1000.05,416.23,999.76,416.19,999.94,416.04,1000.10,416.02,1000.26,415.94,999.88,416.11,1000.07,416.17,1000.09,416.35,1000.03,416.54,999.98,416.20,1000.12,416.24,1000.14,416.42,1000.04,416.59,1000.06,416.30,1000.18,416.31,1000.23,416.41,1000.23,416.53
EK_0139_P24_09_frame_0000022122_r.jpg,0,1194.98,410.23,1195.11,410.05,1195.22,409.85,1195.30,409.66,1195.38,409.41,1194.93,409.59,1194.98,409.35,1195.06,409.20,1195.18,409.05,1194.83,409.53,1194.94,409.32,1195.11,409.27,1195.30,409.30,1194.82,409.60,1194.92,409.42,1195.10,409.37,1195.28,409.41,1194.84,409.68,1194.90,409.54,1195.01,409.46,1195.13,409.44
EK_0139_P24_09_frame_0000022897_l.jpg,0,479.50,521.79,479.25,521.58,479.09,521.37,478.98,521.16,478.79,520.90,479.30,521.01,479.13,520.82,478.97,520.90,478.82,521.04,479.43,520.97,479.18,521.01,479.01,521.12,478.83,521.25,479.53,521.11,479.30,521.08,479.11,521.19,478.93,521.33,479.58,521.25,479.43,521.20,479.29,521.28,479.16,521.39
EK_0139_P24_09_frame_0000023207_r.jpg,0,580.34,8.11,580.58,8.24,580.98,8.16,581.32,8.01,581.85,8.02,581.15,7.56,581.64,7.54,581.95,7.69,582.30,7.84,581.33,7.32,581.81,7.41,582.13,7.58,582.47,7.74,581.38,7.32,581.79,7.34,582.15,7.46,582.47,7.61,581.42,7.40,581.72,7.32,582.01,7.31,582.31,7.30
EK_0139_P24_09_frame_0000023449_l.jpg,0,208.05,401.83,208.02,401.65,207.96,401.43,207.91,401.21,207.74,400.96,208.28,400.95,208.06,400.65,207.81,400.58,207.54,400.46,208.26,400.79,208.01,400.52,207.78,400.39,207.54,400.22,208.12,400.83,207.97,400.56,207.75,400.38,207.55,400.21,207.98,400.90,207.88,400.68,207.74,400.53,207.61,400.36
EK_0139_P24_09_frame_0000024204_r.jpg,0,1033.04,335.08,1033.32,334.98,1033.59,334.80,1033.81,334.61,1034.11,334.36,1033.36,334.32,1033.44,333.99,1033.58,333.80,1033.76,333.60,1033.28,334.14,1033.45,333.85,1033.67,333.73,1033.95,333.71,1033.23,334.16,1033.38,333.91,1033.63,333.80,1033.89,333.89,1033.22,334.22,1033.39,334.09,1033.58,334.05,1033.74,334.17
EK_0139_P24_09_frame_0000024583_r.jpg,0,876.36,210.49,876.61,210.40,876.76,210.24,876.85,210.11,876.82,209.85,876.59,210.06,876.76,209.88,876.78,209.97,876.74,210.13,876.43,209.94,876.59,209.81,876.63,209.92,876.61,210.10,876.30,209.91,876.37,209.70,876.49,209.69,876.59,209.81,876.22,209.90,876.22,209.73,876.23,209.59,876.28,209.44
EK_0139_P24_09_frame_0000026743_r.jpg,0,1019.20,353.61,1019.31,353.51,1019.48,353.38,1019.61,353.25,1019.82,353.10,1019.33,353.04,1019.47,352.85,1019.63,352.85,1019.80,352.91,1019.34,352.96,1019.56,352.89,1019.65,353.03,1019.63,353.20,1019.37,353.02,1019.55,352.96,1019.66,353.10,1019.61,353.26,1019.42,353.09,1019.55,353.04,1019.64,353.13,1019.61,353.24
EK_0139_P24_09_frame_0000029185_r.jpg,0,1001.19,639.43,1001.33,639.42,1001.47,639.29,1001.59,639.16,1001.66,638.95,1001.26,639.09,1001.44,638.97,1001.52,639.02,1001.55,639.15,1001.20,638.95,1001.41,638.90,1001.52,638.96,1001.59,639.10,1001.19,638.90,1001.37,638.81,1001.52,638.75,1001.68,638.68,1001.21,638.88,1001.26,638.75,1001.33,638.64,1001.42,638.52
EK_0139_P24_09_frame_0000033305_r.jpg,0,1320.10,134.34,1320.31,134.03,1320.49,133.80,1320.53,133.54,1320.45,133.28,1320.03,133.47,1319.88,133.19,1319.84,133.01,1319.87,132.86,1319.80,133.47,1319.66,133.21,1319.63,133.04,1319.77,132.91,1319.67,133.62,1319.62,133.34,1319.62,133.15,1319.76,133.01,1319.60,133.76,1319.59,133.56,1319.62,133.38,1319.73,133.23
EK_0139_P24_09_frame_0000033365_r.jpg,0,529.10,58.93,529.36,58.65,529.75,58.54,530.12,58.50,530.56,58.59,530.16,58.29,530.61,58.27,530.91,58.30,531.24,58.31,530.32,58.48,530.75,58.45,531.05,58.46,531.35,58.44,530.26,58.81,530.63,58.68,530.94,58.64,531.22,58.57,530.18,59.10,530.45,59.19,530.67,59.29,530.87,59.29
EK_0139_P24_09_frame_0000033465_r.jpg,0,992.04,461.26,991.99,461.15,992.04,461.02,992.11,460.88,992.24,460.75,992.08,460.65,992.24,460.48,992.37,460.51,992.52,460.51,992.23,460.58,992.40,460.52,992.51,460.61,992.61,460.72,992.36,460.67,992.48,460.62,992.57,460.72,992.62,460.84,992.47,460.78,992.56,460.74,992.61,460.79,992.63,460.86
EK_0139_P24_09_frame_0000033985_r.jpg,0,978.54,297.31,978.71,297.23,978.90,297.09,979.02,296.92,979.22,296.71,978.81,296.73,978.99,296.54,979.16,296.47,979.34,296.38,978.81,296.62,979.01,296.46,979.20,296.47,979.41,296.50,978.80,296.67,978.95,296.49,979.14,296.46,979.33,296.49,978.82,296.74,978.93,296.61,979.06,296.56,979.20,296.54
EK_0139_P24_09_frame_0000034124_r.jpg,0,855.86,298.71,855.91,298.67,856.06,298.58,856.22,298.43,856.49,298.31,856.15,298.22,856.32,298.04,856.49,297.99,856.68,297.94,856.28,298.14,856.50,298.05,856.61,298.20,856.61,298.41,856.36,298.21,856.53,298.15,856.64,298.31,856.63,298.50,856.42,298.31,856.56,298.27,856.65,298.34,856.67,298.46
EK_0139_P24_09_frame_0000036888_l.jpg,0,478.31,169.84,478.48,169.62,478.53,169.31,478.54,169.04,478.50,168.67,478.66,168.99,478.63,168.65,478.46,168.59,478.28,168.59,478.51,168.89,478.35,168.64,478.20,168.48,478.07,168.27,478.27,168.98,478.20,168.73,478.08,168.54,477.97,168.35,478.08,169.07,478.03,168.87,477.96,168.73,477.90,168.55
EK_0139_P24_09_frame_0000041173_l.jpg,0,609.51,-6.85,609.24,-7.04,609.07,-7.23,608.99,-7.45,608.92,-7.64,609.30,-7.60,609.23,-7.87,609.12,-7.95,609.01,-8.03,609.47,-7.67,609.37,-7.89,609.26,-7.95,609.12,-8.02,609.60,-7.58,609.52,-7.80,609.40,-7.90,609.25,-7.96,609.67,-7.48,609.60,-7.63,609.50,-7.71,609.38,-7.81
EK_0139_P24_09_frame_0000041205_l.jpg,0,1038.09,88.12,1037.79,88.14,1037.57,88.06,1037.43,87.90,1037.33,87.83,1037.51,87.75,1037.33,87.62,1037.32,87.69,1037.38,87.80,1037.61,87.58,1037.44,87.49,1037.42,87.57,1037.42,87.67,1037.78,87.53,1037.59,87.44,1037.55,87.49,1037.52,87.54,1037.91,87.52,1037.77,87.43,1037.70,87.44,1037.66,87.48
EK_0139_P24_09_frame_0000041441_l.jpg,0,249.67,344.96,249.36,344.70,249.14,344.47,248.97,344.24,248.67,344.02,249.46,344.03,249.37,343.77,249.29,343.69,249.24,343.58,249.69,343.99,249.51,343.92,249.38,343.94,249.23,343.94,249.87,344.16,249.71,344.03,249.57,344.03,249.43,344.02,249.98,344.32,249.89,344.22,249.78,344.20,249.67,344.17
EK_0139_P24_09_frame_0000041748_r.jpg,0,942.49,-341.18,942.28,-341.94,942.41,-342.54,942.86,-342.76,943.37,-342.31,942.60,-342.37,943.14,-342.79,943.23,-342.69,943.22,-342.50,943.04,-342.11,943.50,-342.57,943.50,-342.46,943.31,-342.21,943.44,-341.76,943.87,-342.22,944.01,-342.34,943.91,-342.31,943.74,-341.54,944.10,-341.84,944.35,-342.13,944.59,-342.48
EK_0139_P24_09_frame_0000042727_l.jpg,0,220.77,131.37,220.59,131.08,220.41,130.80,220.24,130.56,219.93,130.32,220.85,130.42,220.72,130.10,220.57,129.96,220.47,129.72,220.96,130.37,220.69,130.20,220.49,130.08,220.36,129.85,220.97,130.51,220.72,130.33,220.51,130.19,220.36,129.96,220.93,130.64,220.77,130.48,220.61,130.36,220.48,130.15
EK_0139_P24_09_frame_0000044058_l.jpg,0,254.03,144.30,253.75,144.11,253.55,143.95,253.39,143.78,253.15,143.66,253.74,143.52,253.62,143.26,253.49,143.18,253.36,143.06,253.87,143.46,253.70,143.32,253.55,143.30,253.38,143.23,253.99,143.59,253.81,143.45,253.64,143.39,253.47,143.29,254.05,143.72,253.91,143.64,253.77,143.61,253.62,143.52
EK_0139_P24_09_frame_0000048418_r.jpg,0,816.16,424.67,816.22,424.68,816.35,424.64,816.48,424.61,816.67,424.58,816.20,424.39,816.27,424.26,816.38,424.22,816.50,424.20,816.22,424.28,816.34,424.19,816.46,424.17,816.58,424.18,816.26,424.25,816.36,424.17,816.48,424.13,816.59,424.13,816.31,424.25,816.40,424.19,816.48,424.14,816.55,424.10
EK_0139_P24_09_frame_0000048482_r.jpg,0,818.05,357.97,818.11,357.93,818.20,357.85,818.28,357.73,818.42,357.58,818.08,357.58,818.21,357.44,818.32,357.50,818.37,357.64,818.09,357.47,818.25,357.37,818.36,357.46,818.38,357.61,818.13,357.46,818.25,357.35,818.38,357.43,818.39,357.57,818.18,357.49,818.26,357.39,818.37,357.40,818.39,357.49
EK_0139_P24_09_frame_0000048844_r.jpg,0,1315.98,234.64,1315.85,234.46,1315.79,234.36,1315.79,234.26,1315.79,234.22,1316.10,234.23,1316.08,234.15,1316.03,234.20,1315.95,234.28,1316.25,234.33,1316.32,234.28,1316.25,234.34,1316.12,234.41,1316.31,234.51,1316.35,234.46,1316.25,234.53,1316.10,234.57,1316.32,234.66,1316.34,234.69,1316.26,234.74,1316.14,234.76
EK_0139_P24_09_frame_0000049071_l.jpg,0,402.80,418.80,402.81,418.57,402.83,418.32,402.69,418.16,402.48,418.07,402.42,418.17,402.19,418.02,402.03,417.92,401.83,417.81,402.24,418.24,402.02,418.09,401.86,417.98,401.71,417.83,402.17,418.45,402.00,418.28,401.83,418.17,401.68,418.03,402.13,418.63,402.01,418.50,401.88,418.41,401.75,418.29
EK_0139_P24_09_frame_0000049280_r.jpg,0,861.75,620.88,861.88,620.80,862.05,620.65,862.20,620.49,862.43,620.30,861.99,620.26,862.21,620.08,862.40,620.08,862.58,620.17,862.04,620.15,862.29,620.05,862.48,620.11,862.62,620.24,862.08,620.21,862.25,620.09,862.45,620.11,862.56,620.21,862.13,620.30,862.20,620.16,862.33,620.12,862.39,620.17
EK_0139_P24_09_frame_0000050694_l.jpg,0,234.02,54.86,233.71,54.62,233.52,54.36,233.41,54.11,233.30,53.85,233.81,53.97,233.67,53.77,233.56,53.90,233.45,54.10,234.03,53.93,233.85,53.90,233.73,54.08,233.61,54.31,234.21,54.11,234.03,54.00,233.89,54.17,233.76,54.39,234.30,54.28,234.21,54.16,234.08,54.26,233.97,54.40
EK_0139_P24_09_frame_0000050873_r.jpg,0,809.69,277.87,809.93,277.55,810.24,277.31,810.50,277.10,810.86,276.84,809.96,276.74,810.34,276.58,810.61,276.54,810.93,276.46,809.94,276.70,810.33,276.57,810.60,276.70,810.80,276.90,809.95,276.91,810.26,276.71,810.57,276.80,810.67,277.00,810.00,277.12,810.21,276.95,810.43,276.91,810.53,277.01
EK_0139_P24_09_frame_0000051385_r.jpg,0,793.07,-163.71,793.05,-163.88,793.27,-163.94,793.47,-164.02,793.70,-164.02,793.41,-164.37,793.63,-164.33,793.74,-164.18,793.90,-164.13,793.61,-164.36,793.80,-164.28,793.90,-164.14,794.05,-164.04,793.72,-164.18,793.86,-164.16,793.96,-164.04,794.07,-163.96,793.78,-164.00,793.84,-163.95,793.85,-163.88,793.92,-163.84
EK_0139_P24_09_frame_0000051620_r.jpg,0,709.50,-230.18,709.54,-230.24,709.77,-230.24,709.99,-230.28,710.31,-230.25,709.89,-230.69,710.17,-230.71,710.34,-230.61,710.56,-230.58,710.06,-230.74,710.32,-230.73,710.49,-230.63,710.69,-230.56,710.14,-230.63,710.33,-230.63,710.49,-230.53,710.63,-230.46,710.20,-230.50,710.30,-230.46,710.36,-230.37,710.44,-230.33
EK_0139_P24_09_frame_0000051846_l.jpg,0,334.45,189.39,334.61,189.11,334.76,188.88,334.81,188.64,334.72,188.38,334.40,188.56,334.29,188.28,334.20,188.13,334.09,187.98,334.18,188.56,334.03,188.33,333.91,188.18,333.80,188.00,334.01,188.74,333.89,188.50,333.75,188.34,333.65,188.15,333.89,188.89,333.73,188.79,333.58,188.71,333.46,188.60
EK_0139_P24_09_frame_0000052641_r.jpg,0,829.38,-230.75,829.47,-230.82,829.74,-230.90,829.98,-230.99,830.33,-231.06,829.61,-231.42,829.93,-231.43,830.12,-231.32,830.35,-231.24,829.71,-231.55,830.00,-231.46,830.18,-231.32,830.38,-231.18,829.79,-231.49,830.03,-231.41,830.21,-231.27,830.39,-231.15,829.87,-231.40,830.02,-231.31,830.11,-231.18,830.22,-231.05
EK_0139_P24_09_frame_0000052829_r.jpg,0,808.94,-252.72,809.17,-252.66,809.47,-252.75,809.68,-252.94,809.97,-253.20,809.40,-253.22,809.69,-253.42,809.90,-253.33,810.03,-253.13,809.44,-253.45,809.76,-253.58,809.95,-253.43,810.03,-253.17,809.44,-253.49,809.72,-253.58,809.94,-253.43,810.01,-253.16,809.46,-253.46,809.64,-253.53,809.83,-253.45,809.91,-253.26
EK_0139_P24_09_frame_0000054382_r.jpg,0,872.64,70.13,872.68,70.05,872.90,70.00,873.10,69.91,873.38,69.89,872.90,69.56,873.16,69.53,873.30,69.65,873.47,69.74,873.04,69.49,873.27,69.54,873.41,69.67,873.56,69.79,873.12,69.59,873.30,69.61,873.43,69.73,873.53,69.86,873.20,69.71,873.30,69.73,873.37,69.81,873.43,69.89
EK_0139_P24_09_frame_0000057639_l.jpg,0,-46.08,375.15,-45.93,374.99,-45.85,374.78,-45.91,374.56,-46.13,374.40,-46.00,374.42,-46.07,374.15,-46.15,374.21,-46.18,374.37,-46.20,374.36,-46.35,374.28,-46.35,374.44,-46.25,374.63,-46.39,374.47,-46.44,374.40,-46.44,374.56,-46.33,374.75,-46.53,374.60,-46.60,374.48,-46.60,374.55,-46.53,374.67
EK_0139_P24_09_frame_0000058362_r.jpg,0,1108.61,346.25,1108.82,346.10,1109.10,345.87,1109.34,345.67,1109.71,345.48,1108.92,345.35,1109.23,345.13,1109.47,345.03,1109.73,344.89,1108.93,345.22,1109.26,345.04,1109.51,344.94,1109.78,344.81,1108.95,345.32,1109.19,345.12,1109.45,344.99,1109.69,344.88,1109.00,345.44,1109.14,345.28,1109.29,345.13,1109.44,344.99
EK_0139_P24_09_frame_0000060166_l.jpg,0,279.85,429.24,279.96,428.93,279.92,428.64,279.89,428.37,279.83,428.03,280.13,428.43,280.20,428.15,280.07,427.98,279.88,427.86,280.01,428.43,279.87,428.15,279.72,428.00,279.56,427.85,279.81,428.56,279.71,428.30,279.54,428.14,279.42,427.97,279.63,428.67,279.50,428.53,279.37,428.43,279.22,428.27
EK_0139_P24_09_frame_0000060294_r.jpg,0,1017.09,199.12,1017.19,198.85,1017.39,198.60,1017.55,198.34,1017.84,198.09,1017.34,198.17,1017.62,197.97,1017.85,197.95,1018.09,197.84,1017.46,198.15,1017.75,198.05,1017.95,198.10,1018.16,198.17,1017.55,198.35,1017.78,198.20,1017.99,198.22,1018.12,198.28,1017.64,198.53,1017.81,198.42,1017.92,198.45,1017.98,198.48
EK_0139_P24_09_frame_0000060679_r.jpg,0,1257.62,522.94,1257.66,522.82,1257.74,522.64,1257.82,522.47,1257.93,522.25,1257.55,522.39,1257.64,522.18,1257.77,522.11,1257.92,522.10,1257.56,522.30,1257.73,522.17,1257.89,522.12,1258.03,522.17,1257.63,522.34,1257.82,522.30,1257.95,522.41,1257.99,522.54,1257.71,522.40,1257.84,522.41,1257.91,522.51,1257.89,522.62
EK_0139_P24_09_frame_0000060735_r.jpg,0,1137.67,300.70,1137.68,300.39,1137.75,300.12,1137.83,299.88,1137.93,299.60,1138.21,300.12,1138.39,299.88,1138.37,299.70,1138.28,299.52,1138.36,300.17,1138.40,299.90,1138.33,299.74,1138.23,299.55,1138.34,300.28,1138.36,300.02,1138.31,299.84,1138.20,299.66,1138.27,300.35,1138.32,300.17,1138.31,300.00,1138.24,299.84
EK_0139_P24_09_frame_0000063115_r.jpg,0,939.86,258.45,939.98,258.47,940.19,258.45,940.37,258.39,940.58,258.27,940.12,258.08,940.34,258.00,940.45,258.09,940.54,258.25,940.16,257.95,940.39,257.92,940.48,258.05,940.50,258.23,940.18,257.95,940.38,257.94,940.48,258.09,940.45,258.26,940.21,257.98,940.35,258.01,940.43,258.12,940.44,258.25
EK_0139_P24_09_frame_0000063881_r.jpg,0,822.83,137.09,822.84,137.01,823.01,136.95,823.18,136.84,823.44,136.78,823.07,136.57,823.28,136.48,823.42,136.55,823.57,136.63,823.22,136.52,823.42,136.46,823.54,136.56,823.65,136.67,823.31,136.62,823.46,136.54,823.60,136.60,823.69,136.69,823.38,136.74,823.49,136.67,823.58,136.70,823.63,136.75
EK_0139_P24_09_frame_0000064411_r.jpg,0,1083.72,625.72,1083.79,625.81,1084.00,625.76,1084.16,625.65,1084.44,625.58,1083.95,625.40,1084.16,625.29,1084.34,625.30,1084.51,625.27,1084.06,625.23,1084.26,625.14,1084.45,625.14,1084.64,625.11,1084.14,625.19,1084.30,625.12,1084.49,625.14,1084.65,625.14,1084.21,625.20,1084.35,625.16,1084.49,625.17,1084.60,625.20
EK_0139_P24_09_frame_0000064568_l.jpg,0,799.18,639.21,798.94,639.16,798.75,639.11,798.61,639.03,798.56,638.97,798.88,638.77,798.77,638.68,798.74,638.73,798.73,638.78,799.02,638.71,798.95,638.68,798.92,638.74,798.89,638.79,799.19,638.77,799.12,638.73,799.09,638.79,799.06,638.84,799.32,638.86,799.30,638.83,799.28,638.88,799.25,638.95
EK_0139_P24_09_frame_0000066017_r.jpg,0,986.36,256.48,986.45,256.39,986.62,256.24,986.74,256.07,986.95,255.90,986.56,255.89,986.78,255.75,986.95,255.79,987.15,255.78,986.63,255.80,986.87,255.83,987.00,255.95,987.16,256.08,986.69,255.87,986.88,255.86,987.04,255.95,987.18,256.05,986.75,255.96,986.88,255.91,987.00,255.94,987.11,255.98
EK_0139_P24_09_frame_0000066278_r.jpg,0,1283.06,237.70,1283.12,237.47,1283.27,237.22,1283.44,237.02,1283.70,236.79,1282.92,236.85,1283.18,236.66,1283.40,236.71,1283.59,236.83,1282.92,236.77,1283.21,236.66,1283.43,236.72,1283.62,236.84,1283.01,236.86,1283.22,236.71,1283.46,236.74,1283.62,236.84,1283.13,236.96,1283.24,236.82,1283.40,236.79,1283.51,236.87
EK_0139_P24_09_frame_0000066721_r.jpg,0,1365.98,765.89,1366.11,766.03,1366.22,766.08,1366.30,766.11,1366.45,766.12,1366.04,765.90,1366.21,765.85,1366.36,765.87,1366.48,765.95,1366.01,765.72,1366.22,765.71,1366.36,765.76,1366.40,765.86,1366.02,765.58,1366.20,765.60,1366.35,765.66,1366.38,765.79,1366.06,765.48,1366.18,765.49,1366.30,765.54,1366.36,765.64
EK_0139_P24_09_frame_0000067308_l.jpg,0,422.82,508.42,422.55,508.31,422.34,508.32,422.19,508.30,422.11,508.37,422.60,507.83,422.56,507.74,422.52,507.87,422.46,508.06,422.82,507.80,422.76,507.80,422.69,507.96,422.58,508.16,423.02,507.93,422.95,507.94,422.87,508.10,422.75,508.28,423.15,508.07,423.11,508.09,423.03,508.21,422.92,508.34
EK_0139_P24_09_frame_0000068205_l.jpg,0,169.25,279.60,168.86,279.41,168.64,279.10,168.46,278.83,168.17,278.50,168.90,278.74,168.72,278.38,168.59,278.24,168.45,278.07,169.14,278.57,168.90,278.36,168.72,278.37,168.53,278.42,169.35,278.60,169.09,278.41,168.89,278.43,168.68,278.54,169.47,278.64,169.27,278.50,169.09,278.50,168.89,278.54
EK_0139_P24_09_frame_0000069012_r.jpg,0,581.14,531.71,581.37,531.62,581.48,531.44,581.58,531.29,581.66,531.07,581.71,531.61,581.88,531.50,581.90,531.36,581.87,531.19,581.65,531.59,581.75,531.41,581.74,531.25,581.74,531.09,581.49,531.55,581.60,531.39,581.59,531.23,581.62,531.08,581.36,531.50,581.42,531.38,581.44,531.25,581.49,531.13
EK_0139_P24_09_frame_0000069368_r.jpg,0,988.03,157.34,988.33,157.43,988.64,157.50,988.92,157.51,989.21,157.39,988.65,156.96,988.86,156.71,989.06,156.66,989.27,156.71,988.64,156.73,988.90,156.53,989.09,156.57,989.28,156.72,988.56,156.65,988.83,156.54,989.06,156.56,989.27,156.69,988.51,156.64,988.71,156.56,988.90,156.57,989.08,156.67
EK_0139_P24_09_frame_0000069653_r.jpg,0,700.45,179.53,700.52,179.50,700.68,179.48,700.83,179.46,701.05,179.41,700.49,179.12,700.51,178.91,700.65,178.87,700.80,178.87,700.51,179.00,700.62,178.83,700.77,178.82,700.92,178.82,700.56,179.00,700.67,178.87,700.82,178.86,700.96,178.86,700.62,179.02,700.72,178.95,700.83,178.93,700.94,178.91
EK_0139_P24_09_frame_0000070313_l.jpg,0,596.04,529.36,595.80,529.24,595.60,529.23,595.43,529.21,595.27,529.26,595.78,528.81,595.74,528.61,595.69,528.55,595.62,528.49,595.92,528.78,595.90,528.63,595.83,528.62,595.73,528.62,596.05,528.89,596.00,528.77,595.93,528.78,595.82,528.80,596.14,529.00,596.09,528.98,596.03,529.03,595.93,529.06
EK_0139_P24_09_frame_0000071026_l.jpg,0,452.14,320.04,452.19,319.77,452.20,319.56,452.18,319.36,452.04,319.12,452.29,319.37,452.27,319.12,452.17,318.98,452.05,318.83,452.21,319.39,452.10,319.17,451.97,319.04,451.85,318.90,452.07,319.53,452.01,319.32,451.87,319.19,451.75,319.05,451.95,319.64,451.87,319.51,451.76,319.41,451.66,319.29
EK_0139_P24_09_frame_0000071416_r.jpg,0,998.99,684.80,998.92,684.68,998.91,684.59,998.96,684.51,999.00,684.45,999.07,684.47,999.12,684.41,999.11,684.43,999.07,684.47,999.17,684.50,999.19,684.46,999.16,684.50,999.09,684.55,999.22,684.60,999.23,684.55,999.19,684.57,999.11,684.61,999.24,684.69,999.24,684.66,999.20,684.65,999.15,684.66
EK_0139_P24_09_frame_0000074133_r.jpg,0,837.56,372.88,837.59,373.01,837.59,373.01,837.60,372.96,837.61,372.94,837.70,372.69,837.81,372.63,837.95,372.65,838.07,372.63,837.80,372.52,837.94,372.47,838.07,372.45,838.16,372.40,837.89,372.46,838.00,372.39,838.14,372.34,838.22,372.28,837.98,372.45,838.06,372.32,838.15,372.22,838.20,372.11
EK_0139_P24_09_frame_0000077352_l.jpg,0,393.80,254.40,393.52,254.59,393.28,254.72,393.05,254.83,392.86,254.96,392.97,254.41,392.75,254.58,392.80,254.76,392.96,254.90,392.97,254.29,392.85,254.52,392.97,254.69,393.15,254.79,393.14,254.26,392.98,254.44,393.09,254.63,393.23,254.74,393.29,254.27,393.14,254.36,393.21,254.51,393.31,254.58
EK_0139_P24_09_frame_0000078141_r.jpg,0,817.01,383.48,817.11,383.44,817.33,383.27,817.60,383.16,817.95,383.27,817.57,382.92,817.91,382.92,818.09,383.06,818.14,383.27,817.75,382.86,818.08,382.91,818.21,383.11,818.22,383.30,817.81,382.99,818.11,382.95,818.24,383.16,818.22,383.33,817.85,383.14,818.08,383.10,818.20,383.23,818.17,383.35
EK_0139_P24_09_frame_0000078483_r.jpg,0,824.14,445.59,824.39,445.53,824.62,445.49,824.80,445.40,825.06,445.33,824.60,445.09,824.83,445.04,824.83,445.20,824.71,445.34,824.55,445.00,824.78,445.04,824.79,445.22,824.71,445.35,824.46,445.07,824.68,445.05,824.75,445.23,824.67,445.36,824.40,445.15,824.56,445.11,824.65,445.22,824.63,445.33
EK_0139_P24_09_frame_0000078688_r.jpg,0,831.37,282.47,831.60,282.47,831.81,282.58,831.92,282.69,831.97,282.91,831.95,281.98,832.21,281.82,832.32,281.99,832.28,282.22,832.00,281.87,832.28,281.97,832.33,282.18,832.27,282.41,831.96,281.92,832.21,281.99,832.30,282.21,832.27,282.43,831.94,282.01,832.13,282.05,832.23,282.19,832.28,282.35
EK_0139_P24_09_frame_0000079100_r.jpg,0,755.73,222.87,756.07,222.87,756.33,222.94,756.51,222.97,756.68,223.11,756.42,222.37,756.65,222.20,756.75,222.32,756.76,222.54,756.35,222.23,756.62,222.23,756.69,222.43,756.64,222.65,756.20,222.28,756.46,222.29,756.54,222.50,756.51,222.71,756.08,222.36,756.27,222.41,756.34,222.57,756.36,222.75
EK_0139_P24_09_frame_0000080715_r.jpg,0,1243.37,541.41,1243.35,541.31,1243.46,541.15,1243.55,540.98,1243.71,540.81,1243.46,540.86,1243.59,540.66,1243.72,540.60,1243.86,540.53,1243.59,540.79,1243.71,540.62,1243.85,540.61,1243.95,540.63,1243.70,540.88,1243.75,540.71,1243.87,540.68,1243.95,540.67,1243.79,540.98,1243.82,540.88,1243.87,540.82,1243.90,540.77
EK_0139_P24_09_frame_0000080970_r.jpg,0,941.55,95.08,941.90,95.03,942.21,94.86,942.46,94.66,942.71,94.32,942.07,94.32,942.42,94.11,942.68,94.08,942.97,94.07,942.00,94.10,942.38,94.05,942.65,94.09,942.91,94.26,941.90,94.10,942.23,94.03,942.52,94.06,942.77,94.22,941.86,94.16,942.04,94.03,942.26,94.04,942.40,94.18
EK_0139_P24_09_frame_0000082497_r.jpg,0,1070.40,187.21,1070.31,186.97,1070.37,186.73,1070.48,186.49,1070.74,186.34,1070.41,186.33,1070.64,186.21,1070.80,186.33,1070.97,186.38,1070.60,186.28,1070.82,186.15,1070.95,186.24,1071.07,186.34,1070.79,186.43,1070.95,186.24,1071.13,186.20,1071.27,186.15,1070.94,186.59,1071.04,186.41,1071.14,186.33,1071.23,186.22
EK_0139_P24_09_frame_0000083242_l.jpg,0,318.11,560.74,317.87,560.48,317.77,560.18,317.73,559.91,317.63,559.55,318.08,559.85,317.98,559.54,317.81,559.48,317.62,559.45,318.25,559.79,318.02,559.60,317.82,559.61,317.57,559.65,318.33,559.90,318.12,559.71,317.89,559.71,317.64,559.76,318.34,560.01,318.19,559.87,318.00,559.86,317.79,559.88
EK_0139_P24_09_frame_0000084113_l.jpg,0,169.70,159.16,169.39,158.88,169.23,158.60,169.11,158.34,168.92,158.11,169.55,158.19,169.37,157.93,169.23,157.91,169.08,157.82,169.78,158.12,169.56,158.00,169.38,158.04,169.17,158.07,169.94,158.27,169.75,158.07,169.55,158.12,169.32,158.23,170.02,158.40,169.88,158.27,169.71,158.30,169.51,158.34
EK_0139_P24_09_frame_0000084481_r.jpg,0,877.58,432.49,877.71,432.42,877.89,432.28,878.04,432.17,878.28,432.07,877.85,431.91,878.09,431.82,878.25,431.91,878.36,432.07,877.90,431.81,878.15,431.84,878.30,431.95,878.37,432.12,877.93,431.87,878.13,431.87,878.29,431.98,878.27,432.11,877.97,431.96,878.08,431.89,878.20,431.96,878.22,432.08
EK_0139_P24_09_frame_0000084808_r.jpg,0,652.62,190.00,652.77,189.74,652.97,189.56,653.10,189.34,653.24,189.13,653.12,189.28,653.41,189.17,653.60,189.20,653.82,189.17,653.23,189.35,653.46,189.39,653.51,189.51,653.55,189.64,653.25,189.58,653.43,189.56,653.43,189.70,653.33,189.82,653.27,189.78,653.41,189.76,653.41,189.82,653.35,189.88
EK_0139_P24_09_frame_0000085150_l.jpg,0,446.28,75.34,446.45,75.05,446.62,74.78,446.72,74.49,446.70,74.11,446.44,74.32,446.27,74.02,446.13,74.07,446.03,74.28,446.22,74.26,446.02,74.03,445.94,74.16,445.98,74.42,445.97,74.42,445.85,74.15,445.77,74.24,445.82,74.49,445.78,74.57,445.67,74.36,445.59,74.30,445.57,74.35
EK_0139_P24_09_frame_0000086535_r.jpg,0,878.71,219.40,878.67,219.19,878.71,219.03,878.79,218.87,878.97,218.81,878.94,218.79,879.02,218.83,878.99,218.98,878.93,219.13,879.11,218.82,879.24,218.72,879.31,218.72,879.35,218.70,879.21,218.99,879.24,218.95,879.16,219.05,879.04,219.16,879.27,219.14,879.28,219.11,879.21,219.15,879.11,219.21
EK_0139_P24_09_frame_0000088011_r.jpg,0,776.10,141.05,776.07,140.74,776.18,140.59,776.32,140.47,776.43,140.37,776.51,140.41,776.56,140.39,776.47,140.46,776.41,140.48,776.69,140.52,776.83,140.34,776.88,140.23,776.95,140.07,776.72,140.73,776.70,140.56,776.56,140.54,776.40,140.49,776.71,140.89,776.68,140.75,776.58,140.69,776.46,140.59
EK_0139_P24_09_frame_0000088413_l.jpg,0,376.43,169.00,376.21,168.74,376.09,168.50,376.04,168.26,376.04,168.07,376.38,168.18,376.33,167.95,376.20,167.97,376.03,168.05,376.55,168.17,376.35,168.11,376.19,168.23,376.04,168.40,376.64,168.33,376.42,168.27,376.25,168.42,376.13,168.58,376.67,168.47,376.50,168.45,376.36,168.55,376.27,168.68
EK_0139_P24_09_frame_0000088714_r.jpg,0,903.06,248.03,903.05,247.95,903.16,247.87,903.26,247.77,903.42,247.71,903.24,247.61,903.40,247.60,903.49,247.67,903.59,247.74,903.36,247.59,903.49,247.63,903.57,247.72,903.64,247.79,903.44,247.68,903.54,247.66,903.62,247.73,903.67,247.80,903.49,247.78,903.58,247.73,903.65,247.73,903.70,247.74
EK_0139_P24_09_frame_0000089871_r.jpg,0,802.35,345.35,802.46,345.10,802.61,344.96,802.80,344.88,803.03,344.92,802.83,344.93,803.03,344.90,802.96,344.96,802.82,344.98,802.93,345.07,803.06,345.05,802.97,345.09,802.80,345.11,802.93,345.26,803.04,345.20,802.93,345.23,802.75,345.23,802.92,345.41,802.97,345.37,802.88,345.37,802.74,345.38
EK_0139_P24_09_frame_0000091148_r.jpg,0,908.00,451.46,908.11,451.38,908.30,451.32,908.45,451.24,908.66,451.17,908.12,450.97,908.22,450.78,908.36,450.79,908.52,450.83,908.12,450.88,908.27,450.74,908.42,450.77,908.57,450.83,908.14,450.92,908.26,450.79,908.42,450.83,908.55,450.90,908.17,450.97,908.28,450.90,908.39,450.91,908.49,450.96
EK_0139_P24_09_frame_0000091182_l.jpg,0,613.49,328.77,613.24,328.72,613.03,328.67,612.87,328.60,612.76,328.50,613.13,328.31,612.96,328.17,612.86,328.17,612.78,328.18,613.23,328.19,613.08,328.06,612.98,328.08,612.87,328.15,613.36,328.19,613.22,328.06,613.12,328.08,613.02,328.17,613.44,328.22,613.35,328.13,613.27,328.15,613.19,328.22
EK_0139_P24_09_frame_0000092141_l.jpg,0,521.53,432.72,521.29,432.57,521.16,432.40,521.08,432.22,520.97,432.06,521.29,432.09,521.15,431.90,521.05,431.88,520.93,431.83,521.42,432.01,521.31,431.89,521.21,431.89,521.08,431.89,521.54,432.09,521.41,431.96,521.29,431.97,521.13,432.02,521.60,432.18,521.49,432.12,521.37,432.13,521.23,432.15
EK_0139_P24_09_frame_0000092173_r.jpg,0,855.71,357.41,855.73,357.32,855.89,357.29,856.04,357.23,856.26,357.23,855.98,356.96,856.18,356.89,856.28,356.98,856.40,357.06,856.11,356.94,856.27,357.01,856.32,357.14,856.35,357.28,856.18,357.05,856.30,357.07,856.36,357.19,856.36,357.32,856.23,357.16,856.33,357.16,856.38,357.22,856.41,357.29
EK_0139_P24_09_frame_0000092447_l.jpg,0,707.65,276.90,707.39,276.80,707.28,276.67,707.17,276.54,707.04,276.47,707.31,276.33,707.20,276.16,707.14,276.17,707.05,276.14,707.45,276.24,707.34,276.17,707.26,276.21,707.16,276.25,707.60,276.30,707.47,276.21,707.38,276.25,707.26,276.31,707.70,276.38,707.61,276.33,707.52,276.36,707.41,276.40
EK_0139_P24_09_frame_0000092614_r.jpg,0,847.55,207.25,847.52,207.07,847.63,206.96,847.77,206.82,847.98,206.81,847.80,206.63,847.98,206.62,848.01,206.77,848.04,206.91,847.98,206.64,848.15,206.55,848.25,206.59,848.33,206.63,848.08,206.81,848.22,206.66,848.31,206.67,848.36,206.67,848.15,206.96,848.23,206.85,848.29,206.83,848.36,206.77
EK_0139_P24_09_frame_0000095220_r.jpg,0,1009.17,435.64,1009.16,435.39,1009.23,435.19,1009.34,435.06,1009.54,434.95,1009.33,435.08,1009.44,434.89,1009.54,434.83,1009.61,434.84,1009.46,435.14,1009.63,435.01,1009.66,435.02,1009.61,435.06,1009.55,435.30,1009.66,435.15,1009.64,435.17,1009.56,435.23,1009.62,435.43,1009.67,435.34,1009.63,435.36,1009.55,435.42
EK_0139_P24_09_frame_0000096041_l.jpg,0,98.73,170.26,98.40,170.23,98.19,170.13,98.03,169.99,97.83,169.89,98.17,169.73,98.01,169.53,97.91,169.48,97.79,169.40,98.30,169.59,98.15,169.48,98.05,169.45,97.92,169.40,98.49,169.62,98.33,169.50,98.21,169.46,98.07,169.42,98.63,169.69,98.52,169.58,98.42,169.54,98.30,169.47
EK_0139_P24_09_frame_0000096904_r.jpg,0,934.70,187.31,934.76,187.35,934.90,187.34,935.02,187.26,935.24,187.22,934.95,186.94,935.07,186.78,935.24,186.84,935.40,186.97,935.06,186.81,935.30,186.83,935.40,186.99,935.46,187.20,935.14,186.81,935.32,186.83,935.46,186.99,935.50,187.20,935.20,186.86,935.34,186.84,935.45,186.94,935.52,187.09
EK_0139_P24_09_frame_0000097208_r.jpg,0,1204.84,238.46,1204.92,238.46,1205.19,238.38,1205.38,238.22,1205.71,238.17,1205.03,237.93,1205.19,237.75,1205.39,237.77,1205.56,237.74,1205.13,237.77,1205.29,237.58,1205.47,237.52,1205.63,237.41,1205.22,237.78,1205.39,237.67,1205.61,237.67,1205.79,237.64,1205.30,237.84,1205.48,237.80,1205.63,237.85,1205.80,237.91
EK_0139_P24_09_frame_0000097546_l.jpg,0,730.81,459.48,730.89,459.27,730.99,459.11,731.07,458.97,731.09,458.81,731.02,459.19,730.95,459.05,730.86,458.95,730.75,458.84,730.95,459.27,730.84,459.14,730.74,459.04,730.64,458.92,730.82,459.37,730.76,459.25,730.65,459.14,730.57,459.01,730.71,459.43,730.65,459.35,730.56,459.27,730.50,459.17
EK_0139_P24_09_frame_0000100265_l.jpg,0,561.66,694.84,561.50,694.66,561.31,694.52,561.17,694.39,561.01,694.22,561.49,694.19,561.30,694.05,561.14,694.05,560.97,694.06,561.53,694.16,561.30,694.15,561.13,694.16,560.93,694.16,561.54,694.29,561.34,694.22,561.15,694.22,560.96,694.20,561.52,694.41,561.39,694.34,561.25,694.30,561.10,694.24
EK_0139_P24_09_frame_0000100644_r.jpg,0,878.43,198.03,878.49,197.98,878.62,197.94,878.75,197.91,878.92,197.80,878.41,197.63,878.42,197.45,878.54,197.39,878.68,197.38,878.40,197.53,878.50,197.38,878.63,197.34,878.78,197.33,878.45,197.53,878.52,197.39,878.66,197.35,878.80,197.35,878.50,197.55,878.58,197.46,878.69,197.43,878.79,197.41
EK_0139_P24_09_frame_0000101452_r.jpg,0,1117.40,327.38,1117.39,327.32,1117.51,327.29,1117.63,327.21,1117.84,327.18,1117.61,326.95,1117.79,326.90,1117.88,327.02,1117.99,327.12,1117.75,326.90,1117.89,327.01,1117.95,327.15,1118.00,327.31,1117.84,326.99,1117.94,327.07,1117.99,327.22,1118.00,327.36,1117.91,327.10,1117.98,327.14,1118.01,327.23,1118.02,327.33
EK_0139_P24_09_frame_0000103542_r.jpg,0,918.60,368.16,918.68,368.13,918.81,368.10,918.94,368.01,919.16,367.93,918.77,367.73,918.92,367.60,919.06,367.58,919.21,367.55,918.82,367.62,919.00,367.57,919.15,367.57,919.30,367.57,918.87,367.65,918.99,367.59,919.14,367.60,919.26,367.62,918.92,367.70,918.98,367.61,919.08,367.61,919.16,367.65
EK_0139_P24_09_frame_0000103637_l.jpg,0,383.93,507.79,383.64,507.55,383.44,507.34,383.29,507.13,383.07,506.89,383.74,506.95,383.66,506.70,383.57,506.65,383.48,506.61,383.94,506.92,383.76,506.85,383.62,506.88,383.46,506.91,384.11,507.08,383.93,506.98,383.79,507.04,383.63,507.11,384.20,507.23,384.12,507.14,384.02,507.16,383.89,507.21
EK_0139_P24_09_frame_0000104283_r.jpg,0,930.19,109.98,930.05,109.90,930.02,109.86,930.05,109.79,930.10,109.79,930.19,109.58,930.21,109.48,930.21,109.49,930.22,109.48,930.36,109.58,930.37,109.60,930.32,109.73,930.25,109.89,930.49,109.69,930.47,109.70,930.41,109.84,930.31,109.98,930.57,109.80,930.63,109.71,930.67,109.67,930.71,109.63
EK_0139_P24_09_frame_0000105344_r.jpg,0,997.83,468.01,997.98,467.95,998.19,467.85,998.36,467.72,998.60,467.58,998.29,467.52,998.49,467.35,998.64,467.25,998.79,467.11,998.37,467.47,998.54,467.28,998.72,467.23,998.91,467.15,998.36,467.57,998.54,467.42,998.73,467.37,998.91,467.30,998.36,467.68,998.50,467.60,998.63,467.53,998.77,467.43
EK_0139_P24_09_frame_0000105613_r.jpg,0,1038.73,432.57,1038.81,432.35,1038.95,432.26,1039.10,432.20,1039.27,432.17,1039.23,432.22,1039.41,432.13,1039.39,432.14,1039.34,432.16,1039.34,432.36,1039.36,432.33,1039.26,432.34,1039.13,432.33,1039.31,432.54,1039.30,432.48,1039.19,432.48,1039.04,432.44,1039.26,432.68,1039.23,432.62,1039.14,432.60,1039.01,432.57
EK_0139_P24_09_frame_0000107806_r.jpg,0,691.17,206.70,691.38,206.62,691.66,206.55,691.88,206.46,692.21,206.43,691.68,206.03,692.00,205.97,692.20,206.08,692.44,206.16,691.74,205.94,692.04,206.06,692.08,206.29,692.00,206.52,691.74,206.05,692.01,206.12,692.04,206.36,691.90,206.53,691.75,206.18,691.95,206.20,692.00,206.36,691.91,206.48
EK_0139_P24_09_frame_0000108698_l.jpg,0,381.08,355.24,380.88,355.02,380.78,354.76,380.75,354.51,380.70,354.21,381.06,354.48,380.99,354.19,380.87,354.07,380.75,353.93,381.21,354.41,381.06,354.20,380.91,354.09,380.75,353.96,381.29,354.49,381.14,354.29,380.99,354.17,380.81,354.05,381.30,354.58,381.17,354.45,381.04,354.37,380.88,354.26
EK_0139_P24_09_frame_0000109472_r.jpg,0,1305.66,258.41,1305.70,258.45,1305.82,258.39,1305.89,258.30,1306.04,258.15,1305.58,258.18,1305.65,258.00,1305.75,257.92,1305.87,257.85,1305.58,258.03,1305.69,257.89,1305.83,257.85,1305.98,257.83,1305.64,257.96,1305.77,257.92,1305.93,257.93,1306.07,257.98,1305.70,257.93,1305.82,257.96,1305.92,258.01,1306.04,258.07
EK_0139_P24_09_frame_0000110375_r.jpg,0,1016.90,529.41,1017.07,529.49,1017.24,529.43,1017.37,529.33,1017.57,529.21,1017.31,529.12,1017.50,528.97,1017.67,529.00,1017.83,529.10,1017.35,528.97,1017.59,529.03,1017.55,529.19,1017.40,529.31,1017.34,528.94,1017.54,529.04,1017.48,529.22,1017.33,529.35,1017.34,528.95,1017.45,529.07,1017.35,529.19,1017.21,529.24
EK_0139_P24_09_frame_0000111650_r.jpg,0,647.67,-132.22,647.77,-132.41,647.92,-132.52,648.09,-132.60,648.29,-132.60,648.30,-132.55,648.53,-132.51,648.55,-132.43,648.55,-132.36,648.42,-132.39,648.61,-132.34,648.58,-132.27,648.51,-132.23,648.38,-132.18,648.53,-132.19,648.46,-132.15,648.33,-132.16,648.31,-132.01,648.39,-132.01,648.33,-132.02,648.22,-132.05
EK_0139_P24_09_frame_0000112115_r.jpg,0,1070.26,729.90,1070.24,729.65,1070.36,729.50,1070.49,729.42,1070.66,729.34,1070.40,729.46,1070.53,729.28,1070.63,729.20,1070.74,729.16,1070.53,729.54,1070.68,729.40,1070.79,729.32,1070.88,729.25,1070.62,729.68,1070.76,729.54,1070.84,729.47,1070.86,729.43,1070.69,729.77,1070.76,729.65,1070.82,729.57,1070.84,729.50
EK_0139_P24_09_frame_0000112337_l.jpg,0,785.35,420.48,785.17,420.31,785.10,420.20,785.11,420.06,785.09,419.94,785.24,419.92,785.25,419.73,785.22,419.66,785.20,419.57,785.37,419.92,785.37,419.74,785.34,419.66,785.31,419.56,785.47,420.04,785.46,419.89,785.42,419.81,785.38,419.72,785.51,420.15,785.45,420.11,785.38,420.10,785.31,420.05
EK_0139_P24_09_frame_0000112950_r.jpg,0,1211.79,150.60,1211.62,150.52,1211.56,150.44,1211.58,150.30,1211.68,150.27,1211.66,150.07,1211.72,149.91,1211.75,149.94,1211.76,149.96,1211.83,150.00,1211.88,149.90,1211.92,149.95,1211.94,149.98,1212.00,150.08,1212.03,149.95,1212.05,149.98,1212.06,150.02,1212.13,150.18,1212.18,150.05,1212.20,150.03,1212.19,150.04
EK_0139_P24_09_frame_0000113448_l.jpg,0,580.50,441.42,580.29,441.29,580.10,441.24,579.96,441.24,579.91,441.32,580.25,441.12,580.10,441.20,580.01,441.31,579.93,441.41,580.34,441.20,580.17,441.32,580.11,441.40,580.15,441.39,580.42,441.36,580.25,441.42,580.19,441.49,580.24,441.45,580.47,441.50,580.34,441.54,580.30,441.56,580.36,441.51
EK_0139_P24_09_frame_0000113638_r.jpg,0,921.00,549.05,920.96,548.97,921.02,548.90,921.10,548.84,921.20,548.84,921.15,548.76,921.24,548.77,921.27,548.84,921.30,548.88,921.26,548.78,921.34,548.81,921.36,548.88,921.34,548.94,921.32,548.87,921.39,548.87,921.40,548.93,921.38,548.98,921.35,548.97,921.39,548.98,921.39,549.02,921.35,549.05
EK_0139_P24_09_frame_0000114706_l.jpg,0,639.62,520.06,639.39,520.01,639.22,519.94,639.09,519.86,638.93,519.83,639.24,519.65,639.10,519.54,639.04,519.62,639.02,519.76,639.33,519.58,639.20,519.58,639.15,519.69,639.11,519.84,639.44,519.64,639.31,519.62,639.25,519.74,639.20,519.88,639.52,519.71,639.43,519.68,639.36,519.77,639.33,519.87
EK_0139_P24_09_frame_0000115050_l.jpg,0,554.53,635.91,554.31,635.78,554.16,635.62,554.09,635.43,553.95,635.28,554.33,635.31,554.28,635.11,554.27,635.18,554.27,635.31,554.51,635.26,554.46,635.23,554.43,635.34,554.40,635.46,554.68,635.36,554.62,635.31,554.59,635.41,554.57,635.51,554.80,635.47,554.81,635.41,554.80,635.49,554.78,635.59
EK_0139_P24_09_frame_0000115390_l.jpg,0,559.83,639.66,559.62,639.46,559.50,639.27,559.41,639.09,559.28,638.90,559.72,638.98,559.60,638.78,559.48,638.76,559.34,638.73,559.85,638.95,559.67,638.90,559.54,638.96,559.38,639.01,559.94,639.06,559.76,639.02,559.61,639.09,559.45,639.18,559.98,639.17,559.85,639.15,559.73,639.17,559.58,639.18
EK_0139_P24_09_frame_0000115581_r.jpg,0,658.59,30.82,658.55,30.78,658.69,30.84,658.82,30.87,658.95,31.03,658.84,30.49,659.00,30.41,659.11,30.43,659.24,30.39,659.00,30.48,659.13,30.51,659.22,30.57,659.34,30.57,659.09,30.59,659.20,30.57,659.30,30.62,659.39,30.63,659.14,30.70,659.24,30.67,659.31,30.69,659.37,30.68
EK_0139_P24_09_frame_0000115781_r.jpg,0,870.97,458.73,870.89,458.52,870.92,458.36,870.98,458.24,871.06,458.08,871.06,458.37,871.09,458.29,871.03,458.27,870.95,458.26,871.11,458.49,871.08,458.46,871.00,458.48,870.88,458.49,871.10,458.65,871.08,458.60,870.97,458.61,870.85,458.58,871.06,458.77,871.05,458.76,870.99,458.75,870.90,458.71
EK_0139_P24_09_frame_0000116217_l.jpg,0,757.39,474.37,757.17,474.27,757.02,474.15,756.92,474.05,756.85,473.97,757.12,473.92,756.98,473.93,756.95,474.06,756.98,474.19,757.24,473.92,757.10,474.02,757.04,474.15,757.02,474.27,757.35,474.03,757.21,474.09,757.13,474.22,757.11,474.31,757.42,474.14,757.32,474.17,757.26,474.27,757.26,474.32
EK_0139_P24_09_frame_0000116373_l.jpg,0,892.87,432.92,892.70,432.79,892.58,432.71,892.49,432.61,892.40,432.53,892.72,432.54,892.69,432.44,892.61,432.47,892.50,432.53,892.79,432.58,892.71,432.56,892.61,432.62,892.50,432.70,892.85,432.71,892.75,432.69,892.63,432.76,892.52,432.81,892.87,432.83,892.78,432.83,892.68,432.87,892.59,432.91
EK_0139_P24_09_frame_0000116543_l.jpg,0,775.95,337.44,775.87,337.22,775.73,337.11,775.62,337.00,775.44,336.91,775.80,336.94,775.63,336.85,775.51,336.90,775.39,336.94,775.76,337.01,775.57,336.97,775.44,337.00,775.32,337.03,775.72,337.16,775.56,337.09,775.42,337.10,775.31,337.10,775.67,337.29,775.57,337.23,775.48,337.20,775.37,337.16
EK_0139_P24_09_frame_0000116798_r.jpg,0,1015.68,480.05,1015.90,479.99,1016.02,479.85,1016.11,479.72,1016.20,479.52,1016.04,479.75,1016.10,479.56,1016.12,479.51,1016.15,479.50,1015.93,479.66,1016.01,479.51,1016.04,479.47,1016.08,479.49,1015.78,479.63,1015.89,479.51,1015.94,479.46,1016.00,479.50,1015.67,479.61,1015.75,479.52,1015.82,479.45,1015.91,479.41
EK_0139_P24_09_frame_0000116826_l.jpg,0,-182.48,-213.43,-182.53,-213.84,-182.57,-214.27,-182.62,-214.65,-182.69,-215.13,-182.14,-214.66,-182.14,-215.12,-182.43,-215.24,-182.75,-215.13,-182.12,-214.70,-182.55,-214.80,-182.83,-214.63,-182.99,-214.38,-182.26,-214.51,-182.64,-214.61,-182.92,-214.43,-183.11,-214.20,-182.43,-214.35,-182.67,-214.47,-182.87,-214.34,-182.94,-214.15
EK_0139_P24_09_frame_0000116854_l.jpg,0,611.65,-330.91,611.24,-331.12,610.94,-331.40,610.72,-331.69,610.42,-332.10,611.28,-332.03,611.09,-332.47,610.93,-332.76,610.83,-333.12,611.46,-332.23,611.02,-332.22,610.83,-331.97,610.87,-331.62,611.60,-332.16,611.18,-332.17,610.96,-331.93,611.01,-331.60,611.65,-332.06,611.34,-332.08,611.12,-331.93,611.03,-331.68
EK_0139_P24_09_frame_0000117060_l.jpg,0,396.39,567.00,396.25,566.77,396.05,566.60,395.88,566.45,395.64,566.27,396.18,566.28,396.03,566.06,395.85,566.00,395.66,565.93,396.16,566.29,395.91,566.21,395.72,566.18,395.51,566.14,396.14,566.46,395.94,566.32,395.74,566.27,395.55,566.20,396.09,566.62,395.95,566.52,395.80,566.49,395.67,566.45
EK_0139_P24_09_frame_0000117217_l.jpg,0,270.95,545.08,270.76,544.86,270.54,544.65,270.35,544.45,270.09,544.21,270.73,544.22,270.55,543.95,270.35,543.85,270.12,543.76,270.75,544.17,270.46,544.05,270.24,543.99,270.00,543.90,270.74,544.32,270.50,544.16,270.27,544.09,270.04,543.99,270.70,544.48,270.55,544.33,270.38,544.25,270.22,544.14
EK_0139_P24_09_frame_0000117919_l.jpg,0,747.18,806.20,747.28,806.01,747.32,805.82,747.36,805.66,747.37,805.43,747.65,805.85,747.80,805.76,747.83,805.66,747.89,805.56,747.67,805.87,747.59,805.69,747.52,805.57,747.47,805.42,747.57,805.92,747.54,805.74,747.48,805.60,747.45,805.44,747.46,805.95,747.46,805.82,747.43,805.71,747.42,805.57
EK_0140_P25_09_frame_0000001172_r.jpg,0,666.33,126.85,666.46,126.79,666.60,126.73,666.73,126.66,666.90,126.54,666.35,126.50,666.44,126.33,666.56,126.29,666.71,126.28,666.27,126.40,666.41,126.28,666.54,126.24,666.69,126.26,666.24,126.38,666.37,126.29,666.51,126.25,666.65,126.27,666.24,126.37,666.32,126.30,666.43,126.26,666.53,126.30
EK_0140_P25_09_frame_0000004265_l.jpg,0,-21.95,-17.31,-21.84,-17.65,-21.89,-17.94,-22.01,-18.17,-22.23,-18.42,-21.76,-18.11,-21.89,-18.37,-22.07,-18.48,-22.25,-18.54,-21.91,-18.07,-22.09,-18.31,-22.25,-18.39,-22.35,-18.45,-22.10,-17.90,-22.24,-18.15,-22.40,-18.25,-22.48,-18.34,-22.27,-17.78,-22.39,-17.94,-22.49,-18.04,-22.55,-18.15
EK_0140_P25_09_frame_0000004435_r.jpg,0,572.15,-218.95,571.99,-219.02,571.90,-219.08,571.92,-219.18,572.05,-219.22,572.18,-219.33,572.24,-219.46,572.28,-219.43,572.30,-219.40,572.37,-219.31,572.43,-219.37,572.43,-219.28,572.36,-219.18,572.51,-219.19,572.56,-219.24,572.56,-219.17,572.48,-219.10,572.59,-219.06,572.68,-219.05,572.71,-219.01,572.66,-218.99
EK_0140_P25_09_frame_0000009520_r.jpg,0,706.89,-5.76,707.01,-6.04,707.08,-6.29,707.17,-6.50,707.35,-6.67,707.55,-6.13,707.72,-6.34,707.73,-6.48,707.63,-6.56,707.65,-6.03,707.72,-6.25,707.67,-6.40,707.58,-6.56,707.57,-5.92,707.66,-6.14,707.64,-6.30,707.57,-6.47,707.48,-5.86,707.55,-6.02,707.56,-6.16,707.53,-6.31
EK_0140_P25_09_frame_0000013869_l.jpg,0,200.88,17.81,200.64,17.54,200.44,17.30,200.34,17.05,200.20,16.82,200.77,16.88,200.67,16.57,200.49,16.63,200.32,16.81,200.89,16.84,200.74,16.60,200.54,16.70,200.35,16.87,200.94,16.99,200.78,16.77,200.56,16.87,200.39,17.02,200.93,17.14,200.80,16.99,200.62,17.07,200.50,17.17
EK_0140_P25_09_frame_0000015653_l.jpg,0,182.24,-22.02,182.17,-22.37,182.06,-22.62,181.98,-22.82,181.92,-22.83,182.36,-22.69,182.45,-22.87,182.30,-22.94,182.08,-22.96,182.37,-22.56,182.28,-22.72,182.09,-22.78,181.88,-22.84,182.31,-22.34,182.19,-22.48,181.97,-22.53,181.79,-22.60,182.21,-22.17,182.07,-22.25,181.92,-22.27,181.84,-22.29
EK_0140_P25_09_frame_0000015777_r.jpg,0,1112.16,356.93,1112.13,356.68,1112.11,356.51,1112.12,356.36,1112.12,356.26,1112.41,356.50,1112.49,356.38,1112.41,356.36,1112.27,356.38,1112.46,356.61,1112.45,356.53,1112.32,356.52,1112.16,356.51,1112.42,356.77,1112.39,356.68,1112.26,356.65,1112.11,356.60,1112.35,356.89,1112.30,356.82,1112.20,356.78,1112.10,356.73
EK_0140_P25_09_frame_0000015875_r.jpg,0,792.07,51.02,792.16,50.95,792.25,50.81,792.33,50.66,792.50,50.51,792.10,50.51,792.33,50.45,792.46,50.53,792.53,50.68,792.10,50.39,792.32,50.37,792.46,50.46,792.52,50.63,792.13,50.40,792.27,50.26,792.45,50.27,792.58,50.40,792.19,50.44,792.28,50.31,792.41,50.28,792.50,50.34
EK_0140_P25_09_frame_0000016501_r.jpg,0,370.95,359.92,371.23,359.82,371.49,359.71,371.68,359.51,371.92,359.30,371.36,359.17,371.59,358.92,371.82,358.89,372.04,359.00,371.31,359.02,371.49,358.75,371.72,358.79,371.89,358.99,371.24,359.08,371.38,358.81,371.64,358.79,371.87,358.92,371.22,359.17,371.28,358.96,371.45,358.86,371.63,358.88
EK_0140_P25_09_frame_0000016758_r.jpg,0,797.76,660.76,797.71,660.75,797.78,660.70,797.87,660.62,798.05,660.55,797.85,660.34,798.00,660.27,798.09,660.39,798.14,660.57,798.01,660.26,798.16,660.24,798.23,660.39,798.25,660.58,798.14,660.32,798.26,660.29,798.32,660.42,798.32,660.58,798.24,660.40,798.34,660.31,798.41,660.32,798.42,660.38
EK_0140_P25_09_frame_0000017471_r.jpg,0,819.21,477.03,819.51,476.76,819.73,476.53,819.95,476.35,820.16,476.26,820.10,476.96,820.27,476.74,820.16,476.59,819.97,476.54,820.05,477.17,820.14,477.03,819.98,476.88,819.78,476.74,819.81,477.30,819.96,477.12,819.85,476.96,819.68,476.83,819.60,477.35,819.75,477.23,819.75,477.11,819.68,476.97
EK_0140_P25_09_frame_0000017735_l.jpg,0,456.04,280.29,456.08,280.02,456.05,279.81,456.02,279.67,455.95,279.56,456.19,279.84,456.21,279.73,456.12,279.64,455.97,279.54,456.13,279.94,456.04,279.82,455.91,279.75,455.83,279.71,456.01,280.08,455.94,279.94,455.83,279.84,455.78,279.80,455.89,280.18,455.84,280.12,455.76,280.02,455.73,279.95
EK_0140_P25_09_frame_0000017948_r.jpg,0,766.99,207.03,767.01,206.76,767.04,206.55,767.09,206.39,767.10,206.30,767.28,206.61,767.40,206.47,767.40,206.39,767.31,206.33,767.29,206.73,767.28,206.59,767.14,206.54,766.98,206.53,767.20,206.89,767.24,206.77,767.14,206.67,766.99,206.59,767.10,207.00,767.06,206.99,766.97,206.94,766.88,206.84
EK_0140_P25_09_frame_0000017992_r.jpg,0,592.72,182.71,592.79,182.74,592.98,182.68,593.11,182.60,593.33,182.53,592.77,182.36,592.88,182.19,593.03,182.15,593.20,182.13,592.80,182.19,592.94,182.04,593.11,182.05,593.29,182.10,592.87,182.14,592.99,182.04,593.16,182.03,593.31,182.06,592.95,182.14,593.05,182.08,593.16,182.06,593.27,182.07
EK_0140_P25_09_frame_0000018746_l.jpg,0,269.81,683.70,269.54,683.61,269.36,683.49,269.22,683.39,269.10,683.27,269.43,683.30,269.31,683.20,269.20,683.28,269.12,683.43,269.53,683.32,269.38,683.31,269.26,683.42,269.16,683.56,269.66,683.45,269.52,683.43,269.38,683.53,269.26,683.65,269.74,683.59,269.66,683.56,269.54,683.61,269.45,683.67
EK_0140_P25_09_frame_0000021542_l.jpg,0,-73.21,286.97,-73.57,286.86,-73.93,286.69,-74.21,286.45,-74.53,286.17,-73.70,286.03,-73.97,285.68,-74.22,285.53,-74.51,285.38,-73.62,285.83,-73.93,285.53,-74.21,285.43,-74.54,285.34,-73.54,285.88,-73.79,285.59,-74.11,285.57,-74.40,285.74,-73.51,285.97,-73.72,285.79,-73.97,285.81,-74.15,285.96
EK_0140_P25_09_frame_0000022209_l.jpg,0,-234.39,468.36,-234.78,468.20,-235.10,468.06,-235.35,467.88,-235.65,467.71,-234.99,467.51,-235.20,467.23,-235.40,467.15,-235.61,467.04,-234.87,467.44,-235.11,467.27,-235.33,467.31,-235.59,467.38,-234.70,467.59,-234.96,467.44,-235.19,467.54,-235.43,467.69,-234.61,467.76,-234.79,467.67,-234.98,467.76,-235.13,467.88
EK_0140_P25_09_frame_0000022865_l.jpg,0,-159.75,-171.03,-159.97,-171.28,-160.15,-171.39,-160.20,-171.55,-160.15,-171.61,-159.78,-171.80,-159.78,-172.03,-159.90,-172.00,-160.03,-171.89,-159.60,-171.79,-159.47,-171.99,-159.58,-171.99,-159.74,-171.96,-159.49,-171.62,-159.54,-171.78,-159.67,-171.73,-159.81,-171.66,-159.44,-171.46,-159.53,-171.58,-159.61,-171.59,-159.72,-171.56
EK_0140_P25_09_frame_0000023387_r.jpg,0,474.73,521.90,475.06,521.89,475.20,521.70,475.25,521.47,475.34,521.20,475.36,521.44,475.57,521.25,475.64,521.13,475.64,521.09,475.23,521.26,475.36,521.04,475.39,520.97,475.38,521.06,475.02,521.22,475.15,521.02,475.21,520.98,475.27,521.09,474.85,521.21,474.91,521.07,474.98,521.02,475.08,521.10
EK_0140_P25_09_frame_0000023517_l.jpg,0,466.55,94.72,466.26,94.58,466.13,94.47,466.09,94.32,466.05,94.20,466.23,94.08,466.15,93.90,466.09,93.97,466.03,94.08,466.40,94.05,466.34,93.95,466.25,94.06,466.14,94.22,466.56,94.18,466.45,94.12,466.34,94.21,466.20,94.35,466.66,94.31,466.56,94.32,466.44,94.40,466.31,94.51
EK_0140_P25_09_frame_0000024583_r.jpg,0,694.32,135.75,694.34,135.72,694.53,135.61,694.67,135.43,694.92,135.30,694.50,135.15,694.73,135.07,694.93,135.12,695.13,135.08,694.64,135.01,694.90,135.00,695.09,135.09,695.31,135.15,694.76,135.06,694.96,135.02,695.16,135.10,695.33,135.17,694.87,135.15,695.01,135.09,695.14,135.12,695.25,135.13
EK_0140_P25_09_frame_0000025587_r.jpg,0,825.45,210.77,825.45,210.56,825.51,210.37,825.57,210.22,825.61,210.01,825.81,210.38,825.98,210.24,826.07,210.14,826.17,210.02,825.93,210.42,826.03,210.25,826.10,210.13,826.18,209.99,825.92,210.50,826.02,210.34,826.09,210.22,826.18,210.08,825.89,210.55,825.97,210.44,826.05,210.36,826.14,210.25
EK_0140_P25_09_frame_0000026187_r.jpg,0,617.74,173.46,617.94,173.51,618.14,173.45,618.30,173.39,618.52,173.28,617.90,173.27,618.00,173.11,618.14,173.03,618.32,172.98,617.82,173.10,618.01,172.96,618.17,172.90,618.35,172.84,617.78,172.99,617.96,172.90,618.13,172.82,618.31,172.77,617.77,172.92,617.91,172.86,618.04,172.82,618.20,172.81
EK_0140_P25_09_frame_0000026361_l.jpg,0,125.48,188.97,125.12,188.96,124.86,188.88,124.69,188.70,124.63,188.49,124.85,188.44,124.67,188.19,124.55,188.11,124.44,188.06,124.97,188.25,124.80,188.02,124.68,188.02,124.56,188.08,125.16,188.21,124.97,188.02,124.83,188.02,124.69,188.09,125.29,188.22,125.12,188.13,124.98,188.12,124.84,188.14
EK_0140_P25_09_frame_0000026780_r.jpg,0,508.71,-300.89,509.08,-300.94,509.38,-301.13,509.60,-301.34,509.85,-301.63,509.28,-301.62,509.47,-301.96,509.67,-302.01,509.87,-301.89,509.18,-301.83,509.47,-301.99,509.65,-301.91,509.81,-301.68,509.05,-301.83,509.36,-301.94,509.59,-301.85,509.77,-301.64,508.97,-301.78,509.19,-301.89,509.41,-301.87,509.55,-301.73
EK_0140_P25_09_frame_0000027006_r.jpg,0,472.60,-310.13,472.75,-310.14,472.93,-310.05,473.09,-309.99,473.36,-309.86,473.12,-310.56,473.39,-310.60,473.47,-310.43,473.47,-310.21,473.22,-310.64,473.48,-310.68,473.56,-310.50,473.56,-310.29,473.23,-310.56,473.43,-310.64,473.57,-310.49,473.62,-310.32,473.24,-310.45,473.39,-310.51,473.50,-310.43,473.52,-310.31
EK_0140_P25_09_frame_0000028165_l.jpg,0,-211.87,675.59,-212.15,675.35,-212.42,675.13,-212.67,674.97,-212.92,674.78,-212.12,674.62,-212.41,674.38,-212.64,674.43,-212.83,674.61,-212.02,674.54,-212.34,674.51,-212.56,674.65,-212.72,674.86,-211.96,674.70,-212.27,674.59,-212.52,674.71,-212.70,674.87,-211.96,674.85,-212.14,674.70,-212.35,674.70,-212.50,674.77
EK_0140_P25_09_frame_0000029172_r.jpg,0,636.21,-183.06,636.09,-183.15,636.07,-183.29,636.18,-183.45,636.37,-183.49,636.00,-183.76,636.15,-183.87,636.27,-183.79,636.35,-183.63,636.16,-183.91,636.33,-184.00,636.44,-183.87,636.51,-183.68,636.37,-183.87,636.48,-184.05,636.60,-183.94,636.66,-183.78,636.54,-183.79,636.66,-183.93,636.73,-183.86,636.73,-183.74
EK_0140_P25_09_frame_0000029637_r.jpg,0,852.51,-167.84,852.32,-167.79,852.30,-167.73,852.35,-167.79,852.56,-167.89,852.25,-168.33,852.31,-168.42,852.44,-168.30,852.55,-168.14,852.45,-168.52,852.59,-168.54,852.68,-168.35,852.73,-168.11,852.70,-168.52,852.80,-168.53,852.88,-168.34,852.88,-168.10,852.90,-168.46,853.04,-168.45,853.08,-168.30,853.02,-168.12
EK_0140_P25_09_frame_0000031781_r.jpg,0,899.69,578.75,899.81,578.63,899.97,578.51,900.07,578.32,900.21,578.12,899.78,578.14,899.91,577.92,900.08,577.89,900.26,577.95,899.77,578.03,899.88,577.82,900.06,577.83,900.21,577.95,899.79,578.08,899.83,577.87,900.01,577.83,900.19,577.91,899.84,578.15,899.81,577.99,899.90,577.87,900.01,577.86
EK_0140_P25_09_frame_0000032403_r.jpg,0,777.87,180.89,778.04,180.99,778.22,181.01,778.35,180.95,778.45,180.77,778.08,180.85,778.15,180.89,778.27,180.88,778.43,180.87,778.03,180.68,778.23,180.65,778.38,180.64,778.55,180.66,778.00,180.56,778.18,180.50,778.33,180.46,778.49,180.40,777.99,180.47,778.03,180.38,778.14,180.32,778.24,180.35
EK_0140_P25_09_frame_0000034760_l.jpg,0,407.77,528.95,407.54,528.75,407.35,528.59,407.21,528.43,407.08,528.26,407.50,528.30,407.44,528.10,407.32,528.06,407.16,528.10,407.58,528.32,407.46,528.18,407.31,528.18,407.12,528.23,407.64,528.49,407.52,528.33,407.36,528.32,407.17,528.32,407.67,528.65,407.58,528.53,407.45,528.50,407.30,528.51
EK_0140_P25_09_frame_0000035034_l.jpg,0,-138.26,136.04,-138.58,135.78,-138.90,135.62,-139.17,135.46,-139.52,135.29,-138.53,135.00,-138.64,134.64,-138.84,134.54,-139.08,134.51,-138.38,134.91,-138.53,134.61,-138.76,134.60,-139.04,134.65,-138.28,135.06,-138.51,134.82,-138.77,134.82,-139.05,134.90,-138.25,135.21,-138.47,135.08,-138.69,135.08,-138.93,135.11
EK_0140_P25_09_frame_0000035336_r.jpg,0,744.01,49.24,743.92,49.20,743.91,49.12,743.95,49.00,744.09,48.91,743.98,48.81,744.10,48.74,744.18,48.83,744.22,48.98,744.12,48.74,744.24,48.78,744.30,48.92,744.29,49.08,744.26,48.79,744.33,48.77,744.39,48.91,744.36,49.07,744.36,48.87,744.43,48.80,744.46,48.84,744.43,48.94
EK_0140_P25_09_frame_0000036099_r.jpg,0,780.95,372.70,781.07,372.63,781.22,372.46,781.34,372.31,781.51,372.14,781.01,372.16,781.12,371.94,781.28,371.87,781.46,371.87,781.01,372.03,781.21,371.90,781.38,371.88,781.58,371.88,781.05,372.05,781.21,371.93,781.39,371.88,781.57,371.85,781.10,372.10,781.22,371.99,781.33,371.93,781.44,371.85
EK_0140_P25_09_frame_0000036586_r.jpg,0,416.87,-105.03,417.19,-105.02,417.43,-105.13,417.65,-105.22,417.95,-105.25,417.43,-105.47,417.69,-105.57,417.85,-105.62,418.04,-105.70,417.32,-105.66,417.57,-105.77,417.75,-105.83,417.97,-105.90,417.16,-105.70,417.29,-105.89,417.42,-106.07,417.58,-106.21,417.04,-105.71,417.04,-105.89,417.05,-106.05,417.08,-106.22
EK_0140_P25_09_frame_0000040331_r.jpg,0,773.93,-78.11,773.99,-78.33,774.06,-78.49,774.18,-78.59,774.30,-78.68,774.34,-78.42,774.50,-78.43,774.46,-78.46,774.36,-78.49,774.39,-78.30,774.44,-78.36,774.34,-78.40,774.23,-78.45,774.32,-78.17,774.33,-78.25,774.25,-78.29,774.19,-78.33,774.24,-78.07,774.24,-78.11,774.20,-78.14,774.18,-78.18
EK_0140_P25_09_frame_0000040373_r.jpg,0,1000.52,-80.18,1000.51,-80.40,1000.45,-80.57,1000.42,-80.72,1000.38,-80.84,1000.77,-80.60,1000.90,-80.70,1000.94,-80.77,1000.97,-80.85,1000.84,-80.52,1000.93,-80.63,1000.95,-80.70,1000.94,-80.79,1000.81,-80.39,1000.87,-80.52,1000.91,-80.61,1000.94,-80.70,1000.75,-80.28,1000.84,-80.34,1000.90,-80.38,1000.94,-80.44
EK_0140_P25_09_frame_0000040451_l.jpg,0,474.89,55.29,474.66,55.04,474.44,54.81,474.26,54.60,474.03,54.32,474.58,54.41,474.32,54.21,474.10,54.22,473.89,54.36,474.61,54.39,474.33,54.24,474.10,54.29,473.92,54.42,474.63,54.58,474.42,54.38,474.16,54.38,473.98,54.45,474.61,54.76,474.49,54.58,474.31,54.53,474.17,54.55
EK_0140_P25_09_frame_0000040594_r.jpg,0,762.62,596.09,762.72,596.00,762.86,595.88,762.98,595.75,763.15,595.59,762.72,595.57,762.88,595.43,763.02,595.40,763.19,595.43,762.73,595.48,762.91,595.39,763.06,595.41,763.21,595.47,762.75,595.52,762.89,595.43,763.05,595.44,763.19,595.49,762.79,595.58,762.86,595.47,762.96,595.43,763.04,595.46
EK_0140_P25_09_frame_0000041877_l.jpg,0,12.84,-482.73,12.35,-482.83,11.95,-482.91,11.67,-483.02,11.69,-483.09,12.09,-483.53,11.74,-483.50,11.64,-483.25,11.61,-482.94,12.30,-483.63,12.02,-483.44,11.93,-483.16,11.85,-482.84,12.59,-483.48,12.29,-483.43,12.18,-483.14,12.10,-482.85,12.78,-483.31,12.55,-483.33,12.43,-483.13,12.41,-482.92
EK_0140_P25_09_frame_0000044122_r.jpg,0,634.34,277.97,634.57,277.88,634.74,277.77,634.79,277.60,634.86,277.43,634.63,277.46,634.71,277.26,634.80,277.21,634.91,277.20,634.53,277.37,634.59,277.18,634.69,277.16,634.82,277.22,634.42,277.41,634.48,277.23,634.59,277.17,634.73,277.20,634.36,277.47,634.39,277.33,634.47,277.24,634.58,277.20
EK_0140_P25_09_frame_0000044224_l.jpg,0,102.98,604.69,102.69,604.58,102.47,604.47,102.33,604.33,102.22,604.21,102.62,604.07,102.53,603.85,102.44,603.79,102.35,603.78,102.76,604.00,102.67,603.84,102.59,603.76,102.50,603.68,102.91,604.09,102.82,603.91,102.73,603.82,102.63,603.74,103.01,604.19,102.96,604.05,102.90,603.97,102.82,603.91
EK_0140_P25_09_frame_0000044680_r.jpg,0,813.65,-203.20,813.51,-203.37,813.44,-203.51,813.51,-203.58,813.63,-203.57,813.82,-203.74,813.93,-203.77,813.98,-203.69,814.06,-203.61,814.04,-203.68,814.19,-203.70,814.23,-203.61,814.24,-203.52,814.15,-203.48,814.16,-203.43,814.08,-203.31,813.96,-203.21,814.21,-203.30,814.18,-203.22,814.07,-203.14,813.93,-203.08
EK_0140_P25_09_frame_0000046357_r.jpg,0,673.34,-91.48,673.25,-91.64,673.32,-91.74,673.44,-91.81,673.63,-91.78,673.55,-92.09,673.72,-92.09,673.77,-91.95,673.82,-91.82,673.76,-92.07,673.88,-91.99,673.88,-91.84,673.85,-91.69,673.89,-91.90,673.97,-91.89,673.96,-91.76,673.89,-91.64,673.96,-91.73,673.99,-91.74,673.96,-91.67,673.89,-91.60
EK_0140_P25_09_frame_0000046409_r.jpg,0,751.96,-118.21,751.89,-118.44,751.91,-118.58,752.01,-118.64,752.12,-118.59,752.28,-118.71,752.28,-118.73,752.22,-118.64,752.16,-118.56,752.45,-118.59,752.49,-118.57,752.40,-118.49,752.29,-118.42,752.49,-118.38,752.54,-118.39,752.45,-118.33,752.34,-118.30,752.49,-118.20,752.55,-118.17,752.51,-118.14,752.45,-118.14
EK_0140_P25_09_frame_0000046479_r.jpg,0,288.49,35.61,288.72,35.70,288.90,35.59,289.04,35.47,289.28,35.37,288.91,35.41,289.12,35.29,289.27,35.23,289.44,35.18,288.89,35.23,289.12,35.18,289.28,35.14,289.46,35.09,288.82,35.14,289.02,35.07,289.18,35.00,289.35,34.94,288.78,35.10,288.91,35.03,289.04,34.97,289.19,34.93
EK_0140_P25_09_frame_0000046549_r.jpg,0,692.75,-151.05,692.73,-151.30,692.69,-151.49,692.74,-151.61,692.82,-151.59,693.04,-151.52,693.13,-151.68,693.10,-151.76,693.04,-151.80,693.12,-151.44,693.07,-151.55,692.99,-151.60,692.92,-151.64,693.09,-151.28,693.06,-151.42,692.99,-151.46,692.95,-151.48,693.04,-151.17,693.05,-151.29,693.03,-151.34,692.97,-151.38
EK_0140_P25_09_frame_0000046647_r.jpg,0,544.99,81.34,545.14,81.32,545.21,81.19,545.26,81.07,545.34,80.92,545.03,80.97,545.11,80.75,545.19,80.61,545.24,80.45,544.97,80.81,545.10,80.63,545.18,80.49,545.23,80.34,544.97,80.76,545.07,80.61,545.17,80.46,545.22,80.33,544.99,80.74,545.05,80.61,545.11,80.50,545.16,80.39
EK_0140_P25_09_frame_0000051112_l.jpg,0,-152.71,207.14,-153.10,207.09,-153.41,206.97,-153.63,206.81,-153.87,206.62,-153.40,206.46,-153.66,206.27,-153.83,206.29,-154.00,206.33,-153.29,206.31,-153.56,206.17,-153.74,206.23,-153.94,206.32,-153.11,206.37,-153.37,206.22,-153.58,206.23,-153.80,206.33,-153.00,206.47,-153.18,206.35,-153.36,206.33,-153.54,206.38
EK_0140_P25_09_frame_0000052317_r.jpg,0,760.34,339.42,760.50,339.39,760.66,339.21,760.78,339.05,760.95,338.84,760.40,338.99,760.58,338.84,760.75,338.80,760.92,338.79,760.34,338.83,760.55,338.71,760.73,338.70,760.92,338.72,760.33,338.79,760.50,338.66,760.70,338.62,760.90,338.64,760.35,338.77,760.46,338.65,760.60,338.59,760.75,338.56
EK_0140_P25_09_frame_0000052403_r.jpg,0,704.98,295.42,705.07,295.41,705.24,295.26,705.37,295.12,705.55,294.93,704.97,295.00,705.12,294.84,705.29,294.82,705.48,294.86,704.96,294.84,705.14,294.69,705.32,294.70,705.49,294.79,705.01,294.80,705.16,294.67,705.35,294.65,705.53,294.74,705.08,294.80,705.20,294.71,705.34,294.69,705.46,294.73
EK_0141_P26_01_frame_0000000241_l.jpg,0,562.47,552.16,562.28,552.05,562.13,552.00,562.03,551.92,561.94,551.85,562.28,551.72,562.24,551.57,562.19,551.53,562.13,551.51,562.39,551.71,562.33,551.64,562.26,551.63,562.18,551.63,562.49,551.82,562.41,551.75,562.34,551.75,562.26,551.76,562.55,551.92,562.49,551.88,562.43,551.88,562.35,551.90
EK_0141_P26_01_frame_0000000506_r.jpg,0,762.79,511.14,762.88,511.06,763.03,510.91,763.16,510.76,763.37,510.58,762.92,510.58,763.09,510.39,763.25,510.35,763.44,510.35,762.96,510.46,763.14,510.31,763.32,510.30,763.49,510.34,763.01,510.50,763.14,510.35,763.33,510.32,763.48,510.34,763.08,510.57,763.19,510.47,763.32,510.43,763.42,510.42
EK_0141_P26_01_frame_0000000754_r.jpg,0,821.66,646.87,821.68,646.76,821.78,646.61,821.86,646.47,822.04,646.35,821.74,646.36,821.87,646.22,821.96,646.32,821.92,646.45,821.81,646.31,821.97,646.25,822.03,646.38,821.97,646.52,821.89,646.39,821.97,646.31,822.06,646.41,822.00,646.53,821.96,646.48,822.01,646.39,822.08,646.42,822.08,646.50
EK_0141_P26_01_frame_0000000902_l.jpg,0,433.26,505.42,433.13,505.19,433.01,505.02,432.94,504.87,432.93,504.80,433.33,504.85,433.17,504.72,433.06,504.71,432.97,504.73,433.44,504.90,433.26,504.87,433.14,504.90,433.03,504.97,433.48,505.07,433.34,505.00,433.23,505.02,433.15,505.01,433.48,505.21,433.39,505.14,433.31,505.12,433.22,505.18
EK_0141_P26_01_frame_0000001385_r.jpg,0,867.49,372.29,867.70,372.10,867.90,371.94,868.06,371.85,868.31,371.77,867.73,371.50,867.78,371.19,867.81,370.99,867.85,370.76,867.69,371.43,867.71,371.13,867.68,370.92,867.68,370.68,867.67,371.55,867.77,371.31,867.85,371.09,867.91,370.90,867.69,371.68,867.85,371.59,868.00,371.49,868.14,371.36
EK_0141_P26_01_frame_0000001773_r.jpg,0,943.94,407.73,943.89,407.79,943.94,407.80,943.98,407.75,944.11,407.67,943.87,407.53,943.90,407.45,943.98,407.47,944.09,407.51,943.96,407.42,944.03,407.37,944.11,407.39,944.20,407.43,944.06,407.39,944.12,407.36,944.21,407.38,944.28,407.44,944.15,407.40,944.21,407.36,944.27,407.37,944.30,407.43
EK_0141_P26_01_frame_0000003594_r.jpg,0,1185.26,689.58,1185.16,689.63,1185.09,689.56,1185.10,689.44,1185.14,689.38,1185.10,689.17,1185.17,689.13,1185.28,689.18,1185.35,689.27,1185.24,688.99,1185.36,688.97,1185.47,689.07,1185.55,689.22,1185.42,688.97,1185.50,688.81,1185.61,688.91,1185.66,689.05,1185.58,688.99,1185.67,688.84,1185.75,688.79,1185.80,688.82
EK_0141_P26_01_frame_0000003755_l.jpg,0,83.85,526.74,83.76,526.43,83.68,526.16,83.64,525.92,83.63,525.64,84.08,525.96,83.99,525.69,83.83,525.60,83.64,525.58,84.17,525.98,83.98,525.82,83.79,525.77,83.57,525.75,84.15,526.15,83.97,525.97,83.77,525.91,83.55,525.88,84.09,526.28,83.98,526.13,83.83,526.05,83.67,526.00
EK_0141_P26_01_frame_0000004596_l.jpg,0,19.55,440.56,19.43,440.28,19.26,440.10,19.12,439.93,18.94,439.74,19.74,439.86,19.84,439.61,19.89,439.45,19.93,439.28,19.91,439.91,20.08,439.75,20.16,439.63,20.23,439.50,19.97,440.08,20.13,439.93,20.22,439.80,20.27,439.67,19.98,440.22,20.08,440.14,20.16,440.08,20.17,440.00
EK_0142_P26_02_frame_0000000200_r.jpg,0,734.49,63.65,734.75,63.50,734.92,63.32,735.00,63.10,735.05,62.85,734.73,62.96,734.79,62.69,734.88,62.54,735.02,62.41,734.61,62.86,734.69,62.62,734.83,62.52,735.02,62.47,734.50,62.92,734.59,62.69,734.74,62.57,734.93,62.50,734.45,63.00,734.50,62.83,734.60,62.70,734.73,62.60
EK_0142_P26_02_frame_0000000241_r.jpg,0,1086.46,627.24,1086.47,626.81,1086.59,626.42,1086.66,626.09,1086.66,625.79,1085.95,626.15,1086.13,625.79,1086.40,625.70,1086.67,625.86,1085.88,626.15,1086.13,625.82,1086.44,625.76,1086.70,625.90,1086.01,626.34,1086.14,625.97,1086.45,625.87,1086.70,625.97,1086.17,626.49,1086.20,626.20,1086.39,626.04,1086.55,626.07
EK_0142_P26_02_frame_0000000675_l.jpg,0,394.52,-306.62,394.20,-306.70,394.01,-306.86,393.98,-307.08,394.14,-307.23,393.97,-307.30,393.97,-307.34,394.03,-307.17,394.11,-306.95,394.15,-307.47,394.22,-307.40,394.26,-307.20,394.26,-306.96,394.42,-307.45,394.46,-307.43,394.51,-307.22,394.49,-306.98,394.63,-307.40,394.67,-307.34,394.70,-307.17,394.67,-306.97
EK_0142_P26_02_frame_0000000812_r.jpg,0,1124.84,372.15,1124.89,371.70,1124.84,371.33,1124.72,371.06,1124.66,370.70,1124.23,371.19,1124.08,370.86,1124.22,370.70,1124.46,370.55,1124.02,371.25,1123.97,370.91,1124.13,370.74,1124.41,370.58,1124.03,371.44,1123.98,371.08,1124.15,370.86,1124.41,370.68,1124.11,371.58,1124.10,371.31,1124.17,371.08,1124.35,370.85
EK_0142_P26_02_frame_0000001322_r.jpg,0,620.31,543.32,620.48,543.23,620.66,543.12,620.81,543.00,620.98,542.83,620.49,542.77,620.67,542.61,620.78,542.71,620.79,542.88,620.45,542.67,620.68,542.65,620.76,542.80,620.74,542.98,620.42,542.70,620.62,542.66,620.73,542.80,620.70,542.98,620.43,542.76,620.54,542.68,620.65,542.76,620.65,542.89
EK_0142_P26_02_frame_0000001762_l.jpg,0,461.76,132.99,461.48,132.87,461.35,132.76,461.39,132.59,461.52,132.51,461.43,132.32,461.36,132.25,461.37,132.37,461.41,132.52,461.62,132.23,461.58,132.21,461.57,132.36,461.55,132.54,461.83,132.32,461.77,132.29,461.74,132.43,461.70,132.59,461.98,132.42,461.93,132.45,461.89,132.55,461.84,132.69
EK_0142_P26_02_frame_0000002298_r.jpg,0,797.39,129.29,797.25,129.29,797.28,129.24,797.31,129.12,797.43,129.06,797.21,128.79,797.27,128.81,797.37,128.94,797.41,129.09,797.37,128.64,797.44,128.72,797.50,128.90,797.52,129.10,797.57,128.65,797.62,128.65,797.67,128.81,797.67,129.00,797.74,128.71,797.84,128.69,797.84,128.82,797.78,128.97
EK_0142_P26_02_frame_0000004210_l.jpg,0,548.03,615.59,548.11,615.38,548.14,615.16,548.14,614.93,548.24,614.73,547.99,614.86,548.05,614.61,548.19,614.51,548.38,614.43,547.98,614.81,548.13,614.60,548.29,614.50,548.49,614.42,548.03,614.91,548.15,614.70,548.32,614.60,548.52,614.53,548.10,615.02,548.18,614.86,548.29,614.75,548.43,614.65
EK_0142_P26_02_frame_0000005456_r.jpg,0,698.92,-491.65,698.32,-492.11,698.07,-492.66,697.91,-493.14,698.00,-493.81,697.93,-492.94,697.71,-493.52,697.71,-493.87,697.77,-494.04,698.33,-493.08,698.27,-493.72,698.31,-493.83,698.30,-493.68,698.86,-493.01,698.75,-493.58,698.73,-493.68,698.65,-493.50,699.27,-492.96,699.15,-493.32,699.07,-493.35,698.98,-493.19
EK_0142_P26_02_frame_0000005797_l.jpg,0,150.11,672.51,149.91,672.31,149.76,672.12,149.74,671.98,149.79,671.92,150.07,671.93,150.00,671.76,149.93,671.84,149.89,671.97,150.23,671.98,150.16,671.95,150.08,672.03,150.02,672.12,150.33,672.16,150.27,672.12,150.19,672.19,150.15,672.27,150.38,672.32,150.34,672.30,150.29,672.34,150.22,672.40
EK_0142_P26_02_frame_0000005850_l.jpg,0,91.69,749.11,91.55,748.82,91.40,748.61,91.31,748.41,91.28,748.26,91.78,748.38,91.62,748.18,91.45,748.18,91.29,748.27,91.89,748.44,91.65,748.39,91.47,748.41,91.26,748.46,91.91,748.63,91.71,748.52,91.52,748.54,91.31,748.56,91.89,748.79,91.77,748.66,91.63,748.64,91.48,748.65
EK_0142_P26_02_frame_0000006494_r.jpg,0,802.45,236.47,802.60,236.31,802.69,236.10,802.71,235.90,802.77,235.64,802.49,235.84,802.55,235.60,802.68,235.51,802.86,235.49,802.41,235.77,802.60,235.62,802.76,235.65,802.89,235.78,802.39,235.83,802.57,235.72,802.75,235.76,802.87,235.90,802.41,235.91,802.54,235.83,802.68,235.85,802.76,235.95
EK_0142_P26_02_frame_0000012831_r.jpg,0,874.76,213.87,874.87,213.79,875.02,213.66,875.12,213.51,875.29,213.35,874.97,213.36,875.12,213.20,875.26,213.15,875.42,213.09,874.99,213.29,875.21,213.31,875.31,213.43,875.38,213.58,875.01,213.36,875.18,213.38,875.29,213.50,875.34,213.65,875.04,213.44,875.14,213.44,875.21,213.51,875.25,213.62
EK_0142_P26_02_frame_0000013034_r.jpg,0,881.00,197.13,881.12,197.03,881.26,196.87,881.35,196.70,881.49,196.48,881.09,196.57,881.23,196.37,881.37,196.29,881.53,196.20,881.08,196.46,881.31,196.50,881.45,196.59,881.61,196.70,881.10,196.50,881.29,196.58,881.43,196.70,881.58,196.81,881.14,196.56,881.26,196.61,881.35,196.70,881.45,196.81
EK_0142_P26_02_frame_0000015016_l.jpg,0,-30.00,678.34,-30.18,678.11,-30.30,677.91,-30.28,677.73,-30.22,677.69,-29.96,677.67,-30.06,677.54,-30.13,677.60,-30.16,677.68,-29.78,677.70,-29.85,677.61,-29.93,677.70,-30.00,677.81,-29.68,677.87,-29.71,677.77,-29.79,677.84,-29.86,677.95,-29.62,678.02,-29.65,677.96,-29.71,678.00,-29.78,678.08
EK_0142_P26_02_frame_0000015256_r.jpg,0,510.35,550.01,510.54,549.96,510.74,549.90,510.91,549.86,511.14,549.84,510.62,549.56,510.73,549.37,510.85,549.29,511.00,549.25,510.57,549.45,510.74,549.34,510.88,549.35,511.02,549.44,510.52,549.46,510.70,549.40,510.85,549.41,510.98,549.48,510.50,549.50,510.63,549.47,510.75,549.46,510.87,549.50
EK_0142_P26_02_frame_0000015334_l.jpg,0,337.21,156.35,336.98,156.17,336.83,156.08,336.81,155.94,336.86,155.90,337.05,155.69,337.05,155.46,336.99,155.41,336.91,155.42,337.21,155.66,337.18,155.49,337.10,155.49,337.00,155.53,337.35,155.78,337.32,155.60,337.24,155.59,337.13,155.63,337.43,155.90,337.41,155.78,337.36,155.74,337.27,155.74
EK_0142_P26_02_frame_0000016202_l.jpg,0,147.40,728.50,147.36,728.34,147.27,728.18,147.12,728.09,146.92,728.00,147.14,728.00,146.97,727.88,146.84,727.83,146.69,727.77,147.03,728.03,146.84,727.96,146.70,727.92,146.55,727.85,146.98,728.16,146.82,728.07,146.68,728.03,146.53,727.97,146.94,728.29,146.83,728.22,146.72,728.17,146.60,728.10
EK_0142_P26_02_frame_0000016332_l.jpg,0,257.99,441.49,258.11,441.20,258.09,440.92,258.02,440.70,257.88,440.44,258.27,440.76,258.10,440.52,257.93,440.46,257.76,440.41,258.14,440.77,257.94,440.58,257.79,440.56,257.66,440.56,257.95,440.89,257.84,440.67,257.71,440.64,257.63,440.65,257.78,440.99,257.72,440.82,257.66,440.74,257.62,440.71
EK_0142_P26_02_frame_0000018663_l.jpg,0,39.66,588.28,39.90,588.04,39.99,587.76,40.01,587.50,39.90,587.21,40.27,587.68,40.14,587.39,39.98,587.26,39.79,587.13,40.16,587.64,39.96,587.43,39.79,587.32,39.61,587.19,39.93,587.69,39.82,587.48,39.66,587.36,39.54,587.25,39.72,587.71,39.68,587.56,39.62,587.46,39.57,587.37
EK_0142_P26_02_frame_0000020692_r.jpg,0,275.21,-307.21,275.08,-307.62,275.14,-307.90,275.31,-308.08,275.48,-308.07,275.60,-308.13,275.63,-308.25,275.45,-308.12,275.23,-307.94,275.84,-307.99,275.73,-308.03,275.50,-307.90,275.25,-307.75,275.91,-307.69,275.80,-307.79,275.55,-307.68,275.29,-307.57,275.90,-307.45,275.82,-307.52,275.63,-307.50,275.40,-307.44
EK_0142_P26_02_frame_0000020752_r.jpg,0,636.07,122.13,636.45,121.95,636.75,121.84,636.98,121.66,637.10,121.42,636.55,121.29,636.65,120.95,636.74,120.78,636.83,120.66,636.32,121.15,636.38,120.82,636.45,120.86,636.52,121.03,636.06,121.20,636.20,120.94,636.30,121.01,636.39,121.17,635.88,121.28,636.00,121.12,636.08,121.20,636.14,121.35
EK_0142_P26_02_frame_0000020994_l.jpg,0,-187.33,276.43,-187.52,276.23,-187.62,276.02,-187.60,275.85,-187.54,275.74,-187.32,275.83,-187.42,275.74,-187.50,275.83,-187.54,275.93,-187.15,275.87,-187.26,275.89,-187.34,275.98,-187.39,276.08,-187.04,276.05,-187.13,276.02,-187.21,276.09,-187.25,276.18,-186.99,276.21,-187.03,276.17,-187.09,276.21,-187.14,276.28
EK_0142_P26_02_frame_0000022214_l.jpg,0,482.73,674.53,482.45,674.40,482.28,674.23,482.19,674.03,482.15,673.80,482.40,673.93,482.28,673.70,482.22,673.59,482.18,673.55,482.57,673.83,482.45,673.64,482.39,673.68,482.37,673.79,482.75,673.86,482.61,673.73,482.55,673.78,482.51,673.87,482.87,673.90,482.77,673.85,482.72,673.91,482.69,673.99
EK_0142_P26_02_frame_0000023103_l.jpg,0,750.53,83.55,749.98,83.44,749.57,83.26,749.33,82.96,749.15,82.49,749.67,82.85,749.32,82.52,749.09,82.30,748.87,82.08,749.93,82.60,749.66,82.21,749.45,81.97,749.24,81.78,750.27,82.50,750.08,82.12,749.91,81.89,749.77,81.80,750.52,82.43,750.36,82.16,750.23,81.96,750.11,81.87
EK_0142_P26_02_frame_0000023306_l.jpg,0,728.23,692.25,728.01,692.25,727.85,692.17,727.77,692.03,727.73,691.96,727.76,691.95,727.65,691.80,727.66,691.78,727.69,691.79,727.84,691.82,727.79,691.72,727.82,691.76,727.84,691.80,728.00,691.77,727.93,691.68,727.94,691.70,727.96,691.73,728.13,691.76,728.08,691.66,728.07,691.65,728.06,691.67
EK_0142_P26_02_frame_0000023334_l.jpg,0,692.65,717.40,692.53,717.22,692.40,717.10,692.32,716.96,692.29,716.85,692.70,716.88,692.56,716.74,692.46,716.74,692.35,716.78,692.81,716.85,692.66,716.78,692.55,716.80,692.43,716.87,692.86,716.93,692.74,716.82,692.63,716.83,692.49,716.88,692.87,717.00,692.79,716.91,692.69,716.92,692.60,716.97
EK_0142_P26_02_frame_0000023514_l.jpg,0,-20.20,356.47,-20.55,356.24,-20.75,355.97,-20.73,355.68,-20.61,355.41,-20.63,355.75,-20.74,355.41,-20.77,355.30,-20.78,355.25,-20.38,355.65,-20.51,355.36,-20.58,355.32,-20.62,355.33,-20.10,355.69,-20.23,355.40,-20.29,355.37,-20.32,355.43,-19.91,355.71,-19.89,355.49,-19.95,355.42,-20.03,355.48
EK_0142_P26_02_frame_0000024056_l.jpg,0,-66.26,720.23,-66.25,719.94,-66.29,719.72,-66.32,719.53,-66.31,719.55,-65.87,719.74,-65.99,719.57,-66.14,719.53,-66.30,719.51,-65.80,719.86,-65.97,719.73,-66.13,719.69,-66.31,719.68,-65.85,720.03,-65.93,719.86,-66.08,719.81,-66.24,719.77,-65.93,720.16,-65.93,720.02,-66.00,719.94,-66.10,719.89
EK_0142_P26_02_frame_0000024145_l.jpg,0,-127.90,679.35,-127.84,679.05,-127.83,678.81,-127.79,678.64,-127.77,678.62,-127.39,678.89,-127.52,678.72,-127.64,678.62,-127.74,678.52,-127.32,679.03,-127.33,678.85,-127.47,678.77,-127.66,678.74,-127.40,679.21,-127.44,679.03,-127.59,678.95,-127.76,678.91,-127.50,679.34,-127.50,679.21,-127.58,679.13,-127.70,679.06
EK_0142_P26_02_frame_0000025256_r.jpg,0,1026.02,418.52,1026.00,418.24,1026.01,418.02,1026.03,417.82,1026.05,417.63,1026.32,417.94,1026.32,417.72,1026.24,417.62,1026.09,417.59,1026.38,418.00,1026.30,417.82,1026.17,417.75,1026.00,417.79,1026.33,418.15,1026.29,417.96,1026.16,417.89,1026.01,417.91,1026.26,418.27,1026.26,418.12,1026.18,418.04,1026.06,418.03
EK_0142_P26_02_frame_0000025346_r.jpg,0,1143.64,368.70,1143.64,368.44,1143.61,368.25,1143.64,368.09,1143.67,368.04,1143.97,368.24,1143.95,368.07,1143.88,367.98,1143.82,367.92,1144.04,368.33,1143.93,368.20,1143.83,368.15,1143.72,368.12,1144.01,368.48,1143.94,368.33,1143.85,368.27,1143.75,368.24,1143.94,368.59,1143.93,368.47,1143.88,368.39,1143.79,368.37
EK_0142_P26_02_frame_0000025483_r.jpg,0,1016.27,326.88,1016.35,326.79,1016.44,326.61,1016.47,326.44,1016.56,326.22,1016.28,326.36,1016.36,326.15,1016.52,326.16,1016.67,326.24,1016.28,326.25,1016.49,326.21,1016.64,326.28,1016.79,326.39,1016.32,326.28,1016.52,326.31,1016.67,326.40,1016.83,326.48,1016.38,326.32,1016.51,326.36,1016.62,326.44,1016.75,326.53
EK_0142_P26_02_frame_0000026578_l.jpg,0,197.06,560.66,196.88,560.41,196.74,560.14,196.68,559.89,196.63,559.58,197.08,559.82,196.98,559.52,196.81,559.43,196.60,559.43,197.20,559.76,197.01,559.54,196.81,559.50,196.57,559.53,197.22,559.88,197.02,559.69,196.80,559.68,196.56,559.73,197.19,559.99,197.05,559.86,196.87,559.82,196.70,559.81
EK_0142_P26_02_frame_0000027233_r.jpg,0,1052.53,393.09,1052.61,392.76,1052.57,392.47,1052.45,392.23,1052.25,391.96,1052.15,392.33,1052.06,392.06,1052.10,391.91,1052.24,391.78,1051.96,392.35,1051.96,392.10,1052.01,391.96,1052.14,391.76,1051.93,392.50,1051.92,392.23,1051.96,392.05,1052.06,391.83,1051.95,392.61,1051.94,392.41,1051.93,392.25,1051.95,392.04
EK_0142_P26_02_frame_0000027255_r.jpg,0,1098.48,410.37,1098.41,410.07,1098.33,409.76,1098.20,409.44,1098.11,409.02,1097.66,409.66,1097.67,409.23,1097.84,408.98,1098.06,408.73,1097.50,409.60,1097.65,409.20,1097.82,408.94,1098.01,408.65,1097.60,409.62,1097.60,409.24,1097.76,408.95,1097.93,408.67,1097.75,409.62,1097.71,409.35,1097.76,409.10,1097.88,408.85
EK_0142_P26_02_frame_0000027328_r.jpg,0,1281.35,182.33,1281.33,181.89,1281.31,181.48,1281.22,181.14,1281.05,180.73,1280.64,181.34,1280.47,181.02,1280.65,180.80,1280.97,180.74,1280.50,181.36,1280.41,181.00,1280.67,180.85,1280.99,180.83,1280.60,181.52,1280.48,181.15,1280.72,180.92,1281.01,180.85,1280.75,181.63,1280.66,181.36,1280.76,181.12,1280.93,181.01
EK_0142_P26_02_frame_0000027413_l.jpg,0,481.39,600.99,481.23,600.79,481.04,600.67,480.87,600.60,480.67,600.54,481.13,600.40,480.92,600.31,480.77,600.36,480.63,600.47,481.13,600.44,480.90,600.47,480.78,600.57,480.72,600.67,481.14,600.60,480.93,600.61,480.80,600.70,480.74,600.74,481.12,600.75,480.98,600.76,480.89,600.81,480.82,600.85
EK_0143_P06_106_frame_0000000128_l.jpg,0,472.40,694.60,472.18,694.47,472.01,694.36,471.89,694.23,471.82,694.13,472.17,694.02,472.01,693.88,471.91,693.94,471.88,694.08,472.28,693.97,472.10,693.96,472.00,694.06,471.92,694.21,472.38,694.07,472.21,694.02,472.11,694.12,472.06,694.29,472.44,694.16,472.31,694.10,472.23,694.17,472.20,694.28
EK_0143_P06_106_frame_0000000451_r.jpg,0,984.77,150.86,984.84,150.73,984.98,150.57,985.13,150.44,985.19,150.39,984.84,150.26,985.08,150.23,985.20,150.33,985.21,150.50,984.87,150.18,985.10,150.18,985.20,150.32,985.13,150.48,984.93,150.25,985.11,150.16,985.27,150.24,985.26,150.39,984.99,150.34,985.10,150.23,985.22,150.17,985.29,150.19
EK_0143_P06_106_frame_0000000836_r.jpg,0,520.41,552.37,520.39,552.23,520.54,552.09,520.67,551.94,520.89,551.83,520.53,551.77,520.73,551.66,520.86,551.68,520.99,551.70,520.66,551.73,520.84,551.61,520.96,551.65,521.07,551.71,520.77,551.84,520.89,551.70,521.02,551.68,521.12,551.68,520.86,551.95,520.92,551.84,521.00,551.81,521.06,551.80
EK_0143_P06_106_frame_0000001098_r.jpg,0,805.84,484.45,805.93,484.43,805.93,484.34,805.89,484.25,805.81,484.10,805.73,484.30,805.77,484.14,805.86,484.09,805.95,484.16,805.64,484.21,805.72,484.07,805.83,484.03,805.91,484.08,805.62,484.15,805.63,484.05,805.74,483.97,805.85,484.01,805.62,484.10,805.60,484.03,805.62,483.97,805.70,483.96
EK_0143_P06_106_frame_0000001809_r.jpg,0,1227.24,673.10,1227.37,673.11,1227.50,672.96,1227.61,672.83,1227.73,672.68,1227.31,672.70,1227.44,672.51,1227.58,672.42,1227.77,672.45,1227.30,672.53,1227.49,672.41,1227.66,672.48,1227.76,672.63,1227.34,672.49,1227.53,672.45,1227.66,672.60,1227.70,672.79,1227.40,672.48,1227.55,672.49,1227.61,672.62,1227.60,672.76
EK_0143_P06_106_frame_0000002496_r.jpg,0,1241.34,541.29,1241.47,541.26,1241.50,541.16,1241.49,541.07,1241.45,540.95,1241.38,541.11,1241.34,540.98,1241.39,540.89,1241.49,540.94,1241.29,541.03,1241.36,540.89,1241.45,540.88,1241.42,541.00,1241.23,540.98,1241.35,540.89,1241.41,540.94,1241.32,541.02,1241.21,540.94,1241.30,540.90,1241.34,540.97,1241.26,540.99
EK_0143_P06_106_frame_0000002628_r.jpg,0,896.01,559.16,896.12,559.09,896.24,558.90,896.34,558.74,896.50,558.55,896.04,558.66,896.19,558.49,896.32,558.40,896.49,558.37,896.02,558.54,896.14,558.36,896.29,558.30,896.48,558.29,896.04,558.55,896.19,558.43,896.36,558.37,896.53,558.34,896.09,558.58,896.23,558.55,896.36,558.55,896.50,558.49
EK_0143_P06_106_frame_0000002676_r.jpg,0,923.30,528.35,923.39,528.30,923.52,528.16,923.64,528.03,923.80,527.88,923.35,527.92,923.49,527.77,923.62,527.72,923.78,527.71,923.35,527.81,923.47,527.66,923.62,527.64,923.78,527.66,923.38,527.81,923.52,527.72,923.67,527.70,923.83,527.69,923.43,527.84,923.55,527.82,923.67,527.83,923.78,527.82
EK_0143_P06_106_frame_0000002826_r.jpg,0,706.23,466.54,706.30,466.44,706.44,466.27,706.57,466.13,706.75,465.97,706.29,465.99,706.50,465.90,706.65,465.91,706.79,466.00,706.31,465.90,706.51,465.79,706.66,465.84,706.78,465.96,706.37,465.95,706.53,465.85,706.70,465.89,706.81,465.99,706.43,466.02,706.56,465.98,706.68,466.00,706.73,466.08
EK_0143_P06_106_frame_0000003001_l.jpg,0,-116.75,73.29,-117.21,73.11,-117.50,72.83,-117.70,72.53,-117.90,72.14,-117.31,72.29,-117.60,72.28,-117.63,72.51,-117.44,72.76,-117.06,72.11,-117.30,72.25,-117.32,72.51,-117.15,72.80,-116.81,72.17,-117.10,72.18,-117.14,72.44,-116.90,72.66,-116.65,72.26,-116.84,72.17,-116.87,72.37,-116.80,72.57
EK_0143_P06_106_frame_0000003398_l.jpg,0,449.51,265.71,449.62,265.38,449.72,265.07,449.81,264.80,449.95,264.44,449.92,264.85,449.69,264.59,449.52,264.72,449.45,264.95,449.85,264.83,449.56,264.70,449.42,264.85,449.41,265.08,449.66,264.96,449.46,264.76,449.31,264.88,449.32,265.09,449.47,265.07,449.37,264.87,449.27,264.92,449.30,265.07
EK_0143_P06_106_frame_0000003430_l.jpg,0,14.73,114.40,14.92,114.16,15.09,113.96,15.25,113.80,15.42,113.59,15.36,114.00,15.35,113.74,15.19,113.66,15.02,113.71,15.33,114.02,15.23,113.78,15.05,113.73,14.95,113.81,15.15,114.08,15.11,113.84,14.95,113.78,14.90,113.88,14.98,114.10,14.99,113.92,14.88,113.86,14.84,113.94
EK_0143_P06_106_frame_0000003996_l.jpg,0,251.66,367.35,251.55,367.13,251.49,366.99,251.50,366.88,251.51,366.77,251.76,366.81,251.79,366.67,251.73,366.63,251.67,366.61,251.87,366.86,251.93,366.72,251.86,366.68,251.75,366.65,251.91,367.01,251.88,366.89,251.81,366.86,251.73,366.84,251.91,367.13,251.87,367.07,251.81,367.05,251.72,367.04
EK_0143_P06_106_frame_0000005084_l.jpg,0,-24.62,349.56,-24.54,349.25,-24.57,348.97,-24.62,348.74,-24.69,348.53,-24.31,348.82,-24.29,348.56,-24.47,348.46,-24.66,348.48,-24.39,348.84,-24.62,348.68,-24.82,348.63,-25.02,348.60,-24.57,348.99,-24.77,348.86,-24.98,348.80,-25.18,348.68,-24.73,349.10,-24.87,348.97,-24.99,348.89,-25.13,348.76
EK_0143_P06_106_frame_0000006151_r.jpg,0,899.82,269.48,899.87,269.23,900.04,268.99,900.17,268.77,900.40,268.52,899.87,268.63,900.09,268.40,900.28,268.44,900.42,268.60,899.95,268.59,900.15,268.38,900.32,268.47,900.40,268.65,900.05,268.74,900.18,268.53,900.37,268.54,900.48,268.68,900.16,268.89,900.22,268.72,900.34,268.68,900.40,268.77
EK_0143_P06_106_frame_0000006801_r.jpg,0,1110.16,638.85,1110.24,638.68,1110.36,638.48,1110.43,638.28,1110.55,638.04,1110.13,638.19,1110.26,637.98,1110.42,637.92,1110.62,637.93,1110.13,638.12,1110.30,637.96,1110.48,637.94,1110.67,637.97,1110.17,638.20,1110.30,638.03,1110.48,637.98,1110.65,637.99,1110.24,638.29,1110.31,638.16,1110.43,638.10,1110.56,638.08
EK_0143_P06_106_frame_0000006840_r.jpg,0,544.50,406.43,544.42,406.31,544.41,406.14,544.50,406.00,544.63,405.94,544.52,405.92,544.64,405.83,544.67,405.89,544.66,405.92,544.66,405.90,544.77,405.81,544.78,405.89,544.78,405.97,544.78,405.99,544.87,405.87,544.88,405.93,544.86,405.99,544.86,406.09,544.93,405.99,544.94,406.00,544.92,406.04
EK_0143_P06_106_frame_0000006860_r.jpg,0,716.56,308.81,716.49,308.68,716.45,308.50,716.55,308.34,716.73,308.31,716.60,308.23,716.77,308.17,716.88,308.22,716.97,308.26,716.75,308.18,716.95,308.19,717.06,308.26,717.18,308.32,716.89,308.29,717.04,308.22,717.12,308.30,717.18,308.37,716.99,308.40,717.09,308.36,717.08,308.45,717.02,308.54
EK_0143_P06_106_frame_0000008042_r.jpg,0,965.21,354.41,965.31,353.88,965.53,353.51,965.83,353.31,966.13,353.17,965.43,353.14,965.91,353.04,966.22,353.10,966.30,353.27,965.58,353.26,966.03,353.14,966.34,353.20,966.46,353.33,965.73,353.61,966.04,353.32,966.39,353.23,966.60,353.21,965.88,353.90,966.07,353.65,966.28,353.47,966.47,353.33
EK_0143_P06_106_frame_0000008141_l.jpg,0,377.52,643.17,377.27,643.00,377.05,642.86,376.88,642.69,376.76,642.44,377.28,642.43,377.05,642.26,376.89,642.21,376.73,642.22,377.40,642.35,377.15,642.29,376.99,642.28,376.81,642.31,377.48,642.44,377.25,642.35,377.08,642.33,376.88,642.29,377.52,642.54,377.37,642.44,377.23,642.38,377.09,642.42
EK_0143_P06_106_frame_0000008175_l.jpg,0,221.10,699.41,220.95,699.16,220.78,698.97,220.61,698.84,220.45,698.76,220.99,698.72,220.79,698.55,220.64,698.47,220.45,698.53,221.02,698.76,220.79,698.67,220.61,698.65,220.48,698.73,221.02,698.94,220.85,698.79,220.65,698.78,220.55,698.82,220.99,699.10,220.90,698.96,220.75,698.91,220.67,698.91
EK_0143_P06_106_frame_0000008293_l.jpg,0,82.53,657.33,82.39,657.06,82.35,656.80,82.37,656.56,82.43,656.24,82.75,656.72,82.68,656.43,82.55,656.32,82.43,656.31,82.97,656.72,82.85,656.46,82.70,656.36,82.54,656.36,83.07,656.80,82.92,656.58,82.77,656.51,82.63,656.54,83.10,656.85,83.00,656.69,82.87,656.65,82.75,656.70
EK_0145_P28_05_frame_0000000216_l.jpg,0,866.75,836.37,866.59,836.24,866.51,836.12,866.55,835.99,866.46,835.89,866.60,835.95,866.56,835.78,866.53,835.70,866.51,835.68,866.73,835.91,866.70,835.74,866.67,835.66,866.63,835.64,866.85,835.95,866.83,835.80,866.80,835.69,866.76,835.64,866.93,835.99,866.94,835.88,866.91,835.82,866.85,835.83
EK_0145_P28_05_frame_0000000334_r.jpg,0,864.34,598.73,864.32,598.52,864.44,598.35,864.60,598.24,864.83,598.23,864.63,598.16,864.78,598.00,864.87,597.95,864.93,597.88,864.79,598.22,864.96,598.08,865.05,598.07,865.04,598.13,864.87,598.39,865.00,598.23,865.12,598.15,865.16,598.16,864.90,598.54,865.02,598.44,865.11,598.37,865.15,598.32
EK_0145_P28_05_frame_0000001471_r.jpg,0,1023.03,706.38,1023.10,706.42,1023.21,706.44,1023.29,706.45,1023.42,706.42,1023.03,706.20,1023.00,706.07,1023.02,705.99,1023.04,705.89,1023.01,706.07,1023.05,705.94,1023.11,705.85,1023.15,705.76,1023.04,706.00,1023.06,705.91,1023.12,705.81,1023.16,705.73,1023.08,705.97,1023.11,705.90,1023.16,705.84,1023.21,705.81
EK_0145_P28_05_frame_0000001640_r.jpg,0,891.49,578.91,891.58,578.92,891.74,578.86,891.87,578.76,892.05,578.63,891.63,578.56,891.78,578.44,891.91,578.41,892.07,578.37,891.65,578.44,891.81,578.33,891.95,578.30,892.11,578.28,891.68,578.42,891.80,578.34,891.94,578.29,892.07,578.26,891.73,578.44,891.81,578.38,891.91,578.36,892.01,578.35
EK_0145_P28_05_frame_0000002172_l.jpg,0,511.21,906.60,511.13,906.54,511.08,906.52,511.06,906.50,511.04,906.51,511.15,906.47,511.13,906.48,511.08,906.51,511.03,906.55,511.20,906.52,511.16,906.53,511.12,906.57,511.06,906.61,511.23,906.58,511.20,906.59,511.15,906.63,511.08,906.66,511.25,906.64,511.23,906.65,511.19,906.68,511.14,906.69
EK_0145_P28_05_frame_0000002371_r.jpg,0,1616.25,760.99,1616.39,760.84,1616.48,760.72,1616.54,760.61,1616.54,760.53,1616.60,760.86,1616.73,760.77,1616.78,760.67,1616.78,760.54,1616.54,760.93,1616.66,760.91,1616.70,760.84,1616.75,760.71,1616.40,760.99,1616.52,760.95,1616.53,760.85,1616.55,760.72,1616.29,761.01,1616.37,760.96,1616.44,760.91,1616.49,760.82
EK_0145_P28_05_frame_0000002773_r.jpg,0,1083.96,759.74,1084.05,759.81,1084.15,759.71,1084.26,759.62,1084.44,759.52,1083.97,759.53,1084.13,759.47,1084.29,759.48,1084.47,759.49,1083.95,759.36,1084.09,759.28,1084.25,759.30,1084.42,759.36,1083.99,759.27,1084.06,759.24,1084.23,759.26,1084.38,759.33,1084.04,759.22,1084.07,759.18,1084.16,759.20,1084.27,759.28
EK_0145_P28_05_frame_0000004452_r.jpg,0,919.27,536.34,919.29,536.11,919.36,535.88,919.43,535.67,919.54,535.41,919.29,535.61,919.41,535.37,919.53,535.26,919.69,535.18,919.37,535.59,919.49,535.36,919.63,535.28,919.77,535.29,919.47,535.72,919.50,535.49,919.61,535.35,919.74,535.35,919.57,535.84,919.56,535.68,919.60,535.53,919.68,535.47
EK_0145_P28_05_frame_0000005487_r.jpg,0,926.07,543.29,926.17,543.14,926.38,542.97,926.57,542.81,926.83,542.63,926.20,542.56,926.39,542.34,926.57,542.26,926.78,542.24,926.24,542.47,926.43,542.27,926.63,542.23,926.85,542.21,926.30,542.57,926.45,542.38,926.65,542.30,926.84,542.28,926.38,542.68,926.48,542.54,926.60,542.44,926.76,542.40
EK_0145_P28_05_frame_0000005870_r.jpg,0,828.20,266.23,828.27,266.09,828.53,266.02,828.76,265.92,829.08,265.88,828.54,265.56,828.76,265.36,828.94,265.43,829.08,265.57,828.67,265.52,828.93,265.38,829.11,265.46,829.27,265.58,828.75,265.65,828.97,265.52,829.16,265.59,829.27,265.72,828.81,265.80,828.98,265.72,829.13,265.74,829.24,265.81
EK_0145_P28_05_frame_0000006589_l.jpg,0,711.75,750.25,711.69,749.95,711.64,749.71,711.64,749.49,711.66,749.26,712.00,749.56,712.02,749.30,711.90,749.19,711.72,749.20,712.08,749.60,711.87,749.47,711.69,749.50,711.52,749.60,712.04,749.76,711.85,749.64,711.65,749.69,711.49,749.78,711.97,749.89,711.86,749.76,711.70,749.76,711.58,749.81
EK_0145_P28_05_frame_0000008066_l.jpg,0,808.52,724.01,808.32,723.80,808.23,723.61,808.26,723.43,808.30,723.24,808.48,723.35,808.55,723.13,808.49,723.18,808.43,723.33,808.66,723.38,808.67,723.32,808.59,723.43,808.51,723.56,808.78,723.55,808.75,723.46,808.67,723.54,808.61,723.67,808.85,723.71,808.80,723.63,808.75,723.69,808.69,723.81
EK_0145_P28_05_frame_0000008352_r.jpg,0,1226.93,513.48,1227.04,513.36,1227.18,513.23,1227.26,513.08,1227.37,512.85,1226.89,512.92,1226.88,512.68,1227.01,512.57,1227.19,512.53,1226.83,512.81,1226.79,512.58,1226.96,512.52,1227.15,512.54,1226.85,512.84,1226.80,512.63,1226.95,512.52,1227.13,512.50,1226.90,512.87,1226.89,512.72,1226.98,512.61,1227.10,512.58
EK_0145_P28_05_frame_0000008586_l.jpg,0,690.17,817.55,690.08,817.34,689.99,817.18,689.97,817.04,689.98,816.93,690.29,817.05,690.23,816.91,690.12,816.93,690.04,817.06,690.39,817.12,690.27,817.04,690.15,817.08,690.03,817.17,690.42,817.27,690.34,817.14,690.22,817.16,690.10,817.24,690.40,817.39,690.38,817.27,690.32,817.25,690.23,817.29
EK_0145_P28_05_frame_0000012619_l.jpg,0,765.35,717.04,765.12,716.93,764.99,716.83,765.02,716.71,765.08,716.61,765.21,716.56,765.23,716.51,765.20,716.59,765.17,716.70,765.40,716.57,765.38,716.59,765.33,716.68,765.27,716.78,765.56,716.71,765.51,716.69,765.45,716.77,765.39,716.87,765.65,716.85,765.60,716.84,765.55,716.90,765.48,716.98
EK_0145_P28_05_frame_0000013868_r.jpg,0,1258.26,793.96,1258.28,793.99,1258.32,793.88,1258.39,793.77,1258.50,793.61,1258.19,793.69,1258.35,793.61,1258.47,793.57,1258.62,793.53,1258.21,793.55,1258.36,793.48,1258.50,793.48,1258.65,793.49,1258.28,793.50,1258.36,793.44,1258.49,793.43,1258.64,793.46,1258.36,793.48,1258.43,793.45,1258.51,793.42,1258.61,793.42
EK_0145_P28_05_frame_0000015611_r.jpg,0,961.74,613.78,961.67,613.56,961.74,613.33,961.85,613.15,962.02,612.93,961.76,613.07,961.91,612.87,962.04,612.79,962.15,612.73,961.91,613.06,962.09,612.90,962.25,612.87,962.39,612.87,962.05,613.20,962.19,613.02,962.35,612.97,962.46,612.99,962.17,613.33,962.26,613.20,962.36,613.12,962.45,613.11
EK_0145_P28_05_frame_0000015974_r.jpg,0,1197.62,709.55,1197.61,709.67,1197.62,709.77,1197.63,709.83,1197.67,709.88,1197.45,709.47,1197.47,709.45,1197.59,709.52,1197.74,709.59,1197.47,709.30,1197.54,709.29,1197.67,709.35,1197.82,709.41,1197.56,709.20,1197.57,709.19,1197.68,709.24,1197.81,709.30,1197.65,709.14,1197.63,709.10,1197.69,709.12,1197.78,709.18
EK_0145_P28_05_frame_0000026244_l.jpg,0,298.61,747.81,298.61,747.48,298.52,747.23,298.45,747.02,298.38,746.83,298.93,747.15,298.95,746.90,298.77,746.86,298.59,746.94,298.95,747.24,298.74,747.09,298.56,747.11,298.45,747.17,298.85,747.42,298.68,747.25,298.50,747.28,298.41,747.33,298.73,747.56,298.65,747.40,298.50,747.38,298.42,747.43
EK_0145_P28_05_frame_0000026526_r.jpg,0,887.76,617.75,887.68,617.53,887.71,617.30,887.78,617.11,887.91,616.94,887.85,617.06,888.00,616.90,888.08,616.92,888.11,616.99,888.02,617.06,888.18,616.88,888.26,616.90,888.30,616.98,888.16,617.20,888.28,617.01,888.39,616.93,888.47,616.92,888.26,617.34,888.39,617.26,888.47,617.25,888.52,617.28
EK_0145_P28_05_frame_0000026619_r.jpg,0,863.62,464.38,863.59,464.13,863.68,463.90,863.77,463.70,863.93,463.49,863.67,463.66,863.84,463.46,863.97,463.42,864.06,463.43,863.81,463.67,863.96,463.48,864.08,463.43,864.19,463.41,863.94,463.83,864.01,463.61,864.12,463.51,864.22,463.45,864.04,463.96,864.07,463.80,864.13,463.72,864.14,463.74
EK_0145_P28_05_frame_0000029399_l.jpg,0,797.64,727.13,797.48,726.89,797.43,726.67,797.47,726.48,797.53,726.27,797.71,726.47,797.76,726.30,797.68,726.36,797.58,726.51,797.88,726.50,797.81,726.49,797.71,726.59,797.61,726.73,797.97,726.67,797.88,726.62,797.79,726.71,797.72,726.85,798.00,726.82,797.94,726.76,797.87,726.83,797.82,726.94
EK_0145_P28_05_frame_0000029606_r.jpg,0,951.31,422.37,951.32,422.30,951.51,422.18,951.65,422.04,951.86,421.88,951.32,421.83,951.45,421.63,951.60,421.63,951.75,421.68,951.40,421.72,951.58,421.60,951.74,421.64,951.88,421.71,951.49,421.76,951.64,421.64,951.81,421.67,951.93,421.75,951.58,421.82,951.70,421.74,951.82,421.75,951.91,421.82
EK_0145_P28_05_frame_0000029812_r.jpg,0,974.84,574.05,974.86,573.85,975.03,573.65,975.18,573.47,975.37,573.25,974.73,573.31,974.89,573.09,975.07,573.08,975.25,573.11,974.76,573.24,974.99,573.09,975.19,573.08,975.40,573.06,974.87,573.33,975.03,573.16,975.24,573.13,975.42,573.16,974.98,573.43,975.09,573.29,975.22,573.23,975.37,573.23
EK_0149_P29_04_frame_0000000361_r.jpg,0,837.27,-221.18,837.11,-221.36,837.08,-221.55,837.18,-221.71,837.43,-221.74,837.14,-221.86,837.22,-221.97,837.24,-221.84,837.22,-221.65,837.31,-221.92,837.37,-221.92,837.36,-221.76,837.28,-221.58,837.49,-221.82,837.51,-221.87,837.52,-221.72,837.46,-221.53,837.63,-221.71,837.68,-221.79,837.67,-221.70,837.59,-221.58
EK_0149_P29_04_frame_0000000988_l.jpg,0,349.14,593.97,348.82,593.90,348.66,593.71,348.57,593.50,348.49,593.29,348.62,593.46,348.49,593.21,348.44,593.13,348.43,593.12,348.76,593.31,348.63,593.09,348.61,593.13,348.60,593.22,348.97,593.28,348.84,593.10,348.81,593.16,348.80,593.28,349.12,593.29,349.00,593.23,348.97,593.30,348.96,593.40
EK_0149_P29_04_frame_0000001126_l.jpg,0,288.68,412.88,288.52,412.68,288.34,412.59,288.18,412.53,287.96,412.54,288.41,412.52,288.25,412.52,288.11,412.56,287.95,412.60,288.41,412.64,288.21,412.68,288.07,412.71,287.91,412.74,288.43,412.82,288.24,412.81,288.09,412.84,287.94,412.84,288.42,412.96,288.28,412.94,288.17,412.94,288.05,412.93
EK_0149_P29_04_frame_0000001929_l.jpg,0,563.20,717.89,563.12,717.70,563.06,717.57,563.06,717.49,563.11,717.50,563.29,717.49,563.21,717.44,563.10,717.49,562.99,717.55,563.37,717.56,563.21,717.60,563.10,717.64,562.97,717.70,563.38,717.70,563.23,717.68,563.11,717.72,562.98,717.75,563.36,717.81,563.26,717.78,563.17,717.79,563.06,717.81
EK_0149_P29_04_frame_0000002177_l.jpg,0,35.77,262.12,35.41,262.14,35.14,262.01,34.93,261.87,34.62,261.79,35.11,261.61,34.81,261.57,34.70,261.66,34.66,261.77,35.19,261.41,34.92,261.33,34.78,261.43,34.70,261.61,35.35,261.39,35.12,261.24,34.94,261.26,34.78,261.37,35.46,261.41,35.28,261.30,35.13,261.31,35.02,261.40
EK_0149_P29_04_frame_0000002656_l.jpg,0,181.38,555.17,181.38,554.97,181.23,554.82,181.05,554.68,180.76,554.66,181.16,554.47,180.99,554.25,180.84,554.16,180.65,554.07,181.02,554.46,180.80,554.31,180.63,554.24,180.45,554.15,180.91,554.62,180.75,554.46,180.58,554.40,180.43,554.31,180.84,554.78,180.70,554.67,180.58,554.61,180.45,554.54
EK_0149_P29_04_frame_0000003120_r.jpg,0,843.29,528.42,843.24,528.10,843.32,527.85,843.45,527.71,843.71,527.59,843.39,527.66,843.56,527.43,843.68,527.27,843.83,527.12,843.56,527.71,843.72,527.48,843.84,527.33,843.96,527.17,843.70,527.90,843.77,527.66,843.84,527.50,843.87,527.37,843.81,528.05,843.84,527.87,843.85,527.76,843.84,527.67
EK_0149_P29_04_frame_0000003184_l.jpg,0,664.62,512.61,664.48,512.43,664.40,512.27,664.35,512.16,664.23,512.10,664.49,512.19,664.42,512.07,664.32,512.04,664.20,512.01,664.52,512.27,664.44,512.19,664.33,512.19,664.19,512.18,664.53,512.42,664.46,512.34,664.34,512.33,664.20,512.31,664.52,512.55,664.47,512.51,664.38,512.50,664.27,512.48
EK_0149_P29_04_frame_0000004389_l.jpg,0,528.03,663.20,527.93,663.05,527.83,662.93,527.79,662.85,527.79,662.84,528.07,662.82,527.95,662.80,527.86,662.83,527.77,662.88,528.17,662.87,528.05,662.87,527.96,662.91,527.86,662.96,528.21,662.99,528.13,662.94,528.04,662.98,527.95,663.03,528.21,663.10,528.16,663.05,528.09,663.05,528.02,663.08
EK_0149_P29_04_frame_0000004550_r.jpg,0,802.50,-158.22,802.53,-158.21,802.72,-158.25,802.87,-158.34,803.17,-158.45,802.59,-158.86,802.81,-158.99,803.03,-158.85,803.24,-158.65,802.73,-159.07,803.02,-159.08,803.21,-158.89,803.38,-158.64,802.88,-159.07,803.09,-159.12,803.31,-158.96,803.45,-158.71,803.03,-159.02,803.17,-159.12,803.33,-159.02,803.38,-158.82
EK_0149_P29_04_frame_0000004618_r.jpg,0,693.47,-278.85,693.96,-278.88,694.37,-279.13,694.68,-279.42,695.06,-279.80,694.41,-279.79,694.81,-280.08,695.03,-279.88,694.98,-279.51,694.35,-280.03,694.81,-280.15,694.94,-279.84,694.81,-279.52,694.20,-279.98,694.62,-280.15,694.86,-279.86,694.76,-279.55,694.11,-279.86,694.37,-280.06,694.65,-279.94,694.69,-279.71
EK_0149_P29_04_frame_0000005010_r.jpg,0,475.84,326.28,475.61,325.76,475.73,325.40,476.00,325.15,476.36,324.85,475.46,325.26,475.83,324.96,476.13,324.82,476.42,324.66,475.71,325.36,476.00,324.99,476.29,324.80,476.59,324.64,476.04,325.58,476.18,325.19,476.47,324.96,476.68,324.85,476.32,325.74,476.50,325.48,476.71,325.28,476.90,325.05
EK_0149_P29_04_frame_0000005188_l.jpg,0,659.85,372.49,659.65,372.38,659.49,372.32,659.40,372.23,659.33,372.18,659.64,372.01,659.59,371.83,659.54,371.84,659.51,371.93,659.78,371.98,659.71,371.98,659.66,372.06,659.60,372.16,659.91,372.07,659.83,372.06,659.78,372.13,659.74,372.24,659.99,372.17,659.93,372.16,659.89,372.22,659.85,372.31
EK_0149_P29_04_frame_0000005468_l.jpg,0,431.15,511.83,430.94,511.63,430.80,511.57,430.70,511.48,430.53,511.43,430.99,511.33,430.89,511.29,430.76,511.39,430.62,511.50,431.10,511.41,430.92,511.45,430.79,511.56,430.64,511.67,431.17,511.60,430.98,511.62,430.82,511.71,430.68,511.79,431.19,511.76,431.04,511.78,430.91,511.82,430.77,511.86
EK_0149_P29_04_frame_0000005692_l.jpg,0,353.50,405.85,353.44,405.59,353.35,405.38,353.26,405.20,353.14,404.99,353.74,405.23,353.58,405.10,353.43,405.16,353.30,405.28,353.84,405.26,353.63,405.21,353.47,405.26,353.36,405.37,353.82,405.40,353.64,405.30,353.48,405.36,353.40,405.46,353.78,405.50,353.65,405.42,353.52,405.47,353.48,405.57
EK_0149_P29_04_frame_0000005747_l.jpg,0,371.36,461.62,371.21,461.41,371.08,461.25,370.98,461.10,370.81,460.94,371.38,461.00,371.34,460.81,371.23,460.81,371.11,460.88,371.50,460.99,371.40,460.87,371.27,460.90,371.12,460.97,371.56,461.10,371.44,460.97,371.31,461.00,371.17,461.07,371.57,461.20,371.47,461.11,371.37,461.12,371.26,461.18
EK_0149_P29_04_frame_0000007374_r.jpg,0,677.16,598.79,677.39,598.75,677.64,598.72,677.85,598.63,678.10,598.58,677.62,598.26,677.83,598.09,678.01,598.05,678.21,598.01,677.61,598.15,677.83,598.02,678.02,598.04,678.22,598.10,677.55,598.19,677.78,598.11,677.99,598.12,678.19,598.17,677.53,598.26,677.70,598.23,677.86,598.25,678.03,598.28
EK_0149_P29_04_frame_0000008215_r.jpg,0,628.27,480.55,628.25,480.40,628.38,480.36,628.50,480.27,628.66,480.28,628.49,480.04,628.65,479.91,628.75,479.92,628.87,479.90,628.64,480.05,628.80,479.95,628.90,479.96,629.01,479.94,628.72,480.19,628.84,480.09,628.93,480.10,629.02,480.08,628.77,480.32,628.86,480.28,628.90,480.29,628.95,480.28
EK_0149_P29_04_frame_0000009100_r.jpg,0,771.37,208.91,771.65,208.91,771.86,208.97,772.04,208.99,772.24,208.81,771.76,208.53,771.98,208.39,772.05,208.47,772.12,208.60,771.66,208.36,771.89,208.26,771.98,208.32,772.07,208.40,771.55,208.29,771.75,208.21,771.92,208.19,772.09,208.19,771.48,208.26,771.61,208.16,771.75,208.17,771.86,208.23
EK_0149_P29_04_frame_0000009390_l.jpg,0,396.32,569.74,396.25,569.48,396.15,569.30,396.09,569.14,395.98,569.00,396.43,569.20,396.35,569.07,396.20,569.08,396.04,569.09,396.48,569.29,396.35,569.19,396.19,569.19,396.03,569.20,396.46,569.46,396.37,569.33,396.20,569.31,396.04,569.29,396.40,569.59,396.36,569.51,396.25,569.47,396.13,569.42
EK_0149_P29_04_frame_0000009430_l.jpg,0,-22.69,565.01,-22.78,564.68,-22.86,564.42,-22.93,564.19,-23.03,563.95,-22.42,564.26,-22.58,564.05,-22.76,564.04,-22.95,564.11,-22.30,564.33,-22.53,564.21,-22.72,564.22,-22.89,564.35,-22.30,564.52,-22.45,564.33,-22.65,564.35,-22.79,564.44,-22.35,564.67,-22.42,564.50,-22.57,564.49,-22.67,564.58
EK_0149_P29_04_frame_0000009671_l.jpg,0,-331.94,418.48,-332.34,418.34,-332.64,418.27,-332.90,418.17,-333.28,418.15,-332.48,417.79,-332.70,417.68,-332.85,417.82,-333.01,418.00,-332.29,417.77,-332.52,417.82,-332.68,418.00,-332.85,418.23,-332.08,417.95,-332.31,417.93,-332.50,418.11,-332.68,418.32,-331.94,418.13,-332.10,418.07,-332.27,418.17,-332.44,418.30
EK_0149_P29_04_frame_0000010263_l.jpg,0,-86.68,470.90,-86.85,470.62,-86.99,470.38,-87.09,470.16,-87.24,469.91,-86.65,470.10,-86.74,469.87,-86.91,469.88,-87.08,469.97,-86.53,470.11,-86.74,470.01,-86.92,470.06,-87.13,470.13,-86.50,470.29,-86.68,470.13,-86.87,470.18,-87.08,470.24,-86.52,470.44,-86.64,470.30,-86.78,470.30,-86.92,470.38
EK_0149_P29_04_frame_0000010552_l.jpg,0,563.75,365.28,563.76,365.11,563.68,365.05,563.64,365.04,563.56,365.05,563.87,365.12,563.88,365.12,563.82,365.11,563.72,365.07,563.83,365.23,563.73,365.22,563.62,365.19,563.50,365.14,563.75,365.34,563.63,365.28,563.51,365.22,563.41,365.15,563.67,365.41,563.58,365.34,563.50,365.29,563.40,365.21
EK_0151_P30_07_frame_0000000452_l.jpg,0,617.55,461.79,617.37,461.72,617.30,461.71,617.32,461.63,617.38,461.61,617.36,461.40,617.35,461.27,617.34,461.26,617.34,461.27,617.48,461.36,617.47,461.23,617.44,461.24,617.41,461.28,617.60,461.43,617.58,461.32,617.56,461.30,617.52,461.30,617.69,461.51,617.67,461.49,617.65,461.50,617.61,461.51
EK_0151_P30_07_frame_0000000503_r.jpg,0,981.32,527.94,981.51,527.97,981.73,527.92,981.93,527.85,982.17,527.76,981.69,527.59,981.90,527.47,982.05,527.48,982.22,527.56,981.69,527.44,981.91,527.37,982.06,527.42,982.21,527.54,981.65,527.41,981.85,527.34,982.02,527.38,982.18,527.48,981.63,527.42,981.79,527.44,981.91,527.49,982.09,527.51
EK_0151_P30_07_frame_0000000679_r.jpg,0,986.15,639.79,986.26,639.74,986.47,639.69,986.64,639.63,986.88,639.59,986.46,639.35,986.67,639.27,986.82,639.29,986.95,639.37,986.52,639.28,986.72,639.20,986.86,639.27,986.98,639.38,986.54,639.35,986.70,639.24,986.86,639.29,987.00,639.35,986.56,639.43,986.69,639.48,986.80,639.54,986.97,639.58
EK_0151_P30_07_frame_0000000774_r.jpg,0,1034.45,306.08,1034.65,305.95,1034.80,305.73,1034.93,305.54,1035.15,305.33,1034.61,305.40,1034.80,305.20,1034.94,305.11,1035.13,305.03,1034.54,305.28,1034.77,305.11,1034.92,305.00,1035.11,304.89,1034.51,305.32,1034.70,305.15,1034.86,305.04,1035.05,304.97,1034.52,305.39,1034.69,305.34,1034.84,305.29,1035.03,305.18
EK_0151_P30_07_frame_0000001502_r.jpg,0,1017.44,577.27,1017.47,577.02,1017.54,576.83,1017.62,576.68,1017.70,576.49,1017.80,576.82,1017.76,576.64,1017.62,576.61,1017.48,576.63,1017.83,576.89,1017.71,576.74,1017.57,576.79,1017.55,576.88,1017.75,577.02,1017.67,576.85,1017.52,576.88,1017.49,576.98,1017.65,577.11,1017.61,576.98,1017.49,576.98,1017.46,577.06
EK_0151_P30_07_frame_0000001993_r.jpg,0,868.64,640.67,868.72,640.64,868.87,640.54,868.97,640.42,869.15,640.29,868.76,640.25,868.95,640.15,869.07,640.23,869.18,640.35,868.80,640.13,869.00,640.11,869.12,640.21,869.19,640.37,868.84,640.15,869.01,640.13,869.13,640.24,869.19,640.39,868.89,640.18,869.01,640.16,869.11,640.23,869.18,640.34
EK_0151_P30_07_frame_0000002073_r.jpg,0,845.58,571.68,845.67,571.58,845.82,571.46,845.94,571.33,846.13,571.19,845.74,571.15,845.94,571.05,846.05,571.15,846.06,571.30,845.78,571.09,845.99,571.08,846.08,571.21,846.05,571.36,845.82,571.16,845.99,571.13,846.09,571.26,846.05,571.39,845.87,571.25,845.99,571.22,846.09,571.28,846.10,571.38
EK_0151_P30_07_frame_0000002163_r.jpg,0,731.19,575.03,731.28,574.92,731.43,574.80,731.53,574.67,731.68,574.52,731.35,574.53,731.48,574.38,731.61,574.43,731.71,574.53,731.37,574.49,731.53,574.38,731.63,574.47,731.67,574.60,731.39,574.57,731.53,574.47,731.65,574.55,731.67,574.66,731.42,574.66,731.53,574.60,731.63,574.63,731.66,574.69
EK_0151_P30_07_frame_0000003437_l.jpg,0,539.23,769.03,539.12,768.83,539.01,768.66,538.95,768.49,538.92,768.32,539.35,768.47,539.28,768.25,539.15,768.20,539.02,768.26,539.48,768.44,539.33,768.30,539.18,768.31,539.05,768.43,539.52,768.52,539.39,768.37,539.24,768.37,539.12,768.49,539.51,768.59,539.44,768.47,539.33,768.43,539.22,768.47
EK_0151_P30_07_frame_0000003682_r.jpg,0,537.78,285.23,538.08,285.10,538.39,285.05,538.65,284.96,538.76,284.75,538.13,284.47,538.18,284.14,538.34,284.01,538.57,283.96,538.01,284.31,538.15,284.03,538.34,283.96,538.60,283.96,537.92,284.35,538.08,284.11,538.29,284.01,538.54,283.98,537.87,284.42,537.99,284.26,538.14,284.13,538.34,284.07
EK_0151_P30_07_frame_0000003794_r.jpg,0,430.74,22.43,430.87,22.20,431.07,21.95,431.24,21.73,431.51,21.47,430.80,21.52,430.80,21.16,430.89,20.95,431.02,20.71,430.80,21.42,430.85,21.08,430.99,20.88,431.13,20.65,430.86,21.53,430.89,21.23,431.02,20.99,431.11,20.74,430.94,21.65,431.04,21.45,431.14,21.27,431.19,21.03
EK_0151_P30_07_frame_0000004192_l.jpg,0,268.97,390.07,268.66,390.03,268.38,390.07,268.10,390.08,267.97,390.12,268.22,389.55,267.90,389.47,267.74,389.62,267.67,389.86,268.21,389.50,267.99,389.73,268.00,389.97,268.12,390.11,268.32,389.62,268.10,389.81,268.17,390.05,268.32,390.09,268.40,389.76,268.25,389.90,268.32,390.06,268.47,390.10
EK_0151_P30_07_frame_0000004560_r.jpg,0,838.28,251.36,838.23,251.20,838.36,251.12,838.45,251.01,838.62,250.96,838.42,250.82,838.54,250.79,838.58,250.91,838.62,251.03,838.58,250.82,838.66,250.86,838.65,250.99,838.58,251.13,838.68,250.95,838.71,250.98,838.68,251.10,838.59,251.24,838.75,251.07,838.75,251.09,838.74,251.16,838.69,251.25
EK_0151_P30_07_frame_0000004872_r.jpg,0,1320.35,-74.71,1320.60,-74.63,1320.78,-74.69,1320.88,-74.80,1320.98,-75.04,1320.70,-74.88,1320.87,-75.08,1320.97,-75.12,1321.04,-75.05,1320.64,-75.08,1320.86,-75.20,1320.97,-75.18,1321.00,-75.06,1320.56,-75.20,1320.79,-75.25,1320.90,-75.18,1320.89,-75.03,1320.52,-75.28,1320.69,-75.29,1320.77,-75.18,1320.72,-75.05
EK_0151_P30_07_frame_0000005647_r.jpg,0,908.70,383.85,908.89,383.82,909.08,383.68,909.24,383.54,909.48,383.33,908.97,383.29,909.27,383.25,909.37,383.40,909.46,383.58,908.97,383.13,909.19,383.30,909.30,383.46,909.43,383.64,908.97,383.12,909.18,383.27,909.28,383.47,909.36,383.68,908.99,383.16,909.13,383.15,909.22,383.29,909.27,383.46
EK_0151_P30_07_frame_0000005840_r.jpg,0,845.50,225.91,845.43,225.89,845.44,225.88,845.50,225.81,845.65,225.74,845.46,225.61,845.53,225.51,845.58,225.58,845.61,225.68,845.56,225.55,845.64,225.53,845.68,225.61,845.70,225.70,845.66,225.58,845.68,225.58,845.73,225.64,845.75,225.71,845.74,225.63,845.75,225.64,845.77,225.69,845.76,225.76
EK_0151_P30_07_frame_0000007058_r.jpg,0,871.19,350.09,871.22,350.09,871.39,350.07,871.54,350.02,871.76,350.00,871.27,349.73,871.38,349.61,871.49,349.71,871.55,349.85,871.35,349.61,871.45,349.46,871.56,349.57,871.59,349.73,871.43,349.62,871.55,349.52,871.63,349.66,871.60,349.82,871.50,349.65,871.60,349.60,871.66,349.69,871.63,349.81
EK_0151_P30_07_frame_0000007358_l.jpg,0,579.13,489.81,578.93,489.64,578.77,489.49,578.67,489.33,578.67,489.22,578.99,489.19,578.79,489.11,578.70,489.20,578.69,489.35,579.11,489.15,578.93,489.11,578.83,489.21,578.76,489.37,579.21,489.25,579.06,489.14,578.94,489.23,578.88,489.39,579.26,489.35,579.16,489.25,579.06,489.30,579.01,489.42
EK_0151_P30_07_frame_0000007405_r.jpg,0,768.34,399.27,768.42,399.34,768.55,399.41,768.68,399.43,768.83,399.26,768.45,399.05,768.54,398.95,768.69,398.99,768.78,399.09,768.48,398.89,768.69,398.95,768.82,399.01,768.96,399.10,768.52,398.82,768.71,398.88,768.85,398.95,768.98,399.05,768.57,398.80,768.68,398.83,768.78,398.92,768.82,399.04
EK_0151_P30_07_frame_0000008024_r.jpg,0,1210.86,9.94,1210.78,9.83,1210.84,9.61,1210.93,9.42,1211.05,9.25,1210.36,9.53,1210.42,9.28,1210.57,9.21,1210.76,9.21,1210.33,9.44,1210.43,9.21,1210.60,9.15,1210.77,9.15,1210.44,9.42,1210.48,9.20,1210.66,9.12,1210.80,9.12,1210.57,9.40,1210.69,9.29,1210.83,9.27,1210.96,9.35
EK_0151_P30_07_frame_0000008343_r.jpg,0,1041.41,373.76,1041.44,373.71,1041.50,373.59,1041.53,373.46,1041.48,373.30,1041.19,373.52,1041.18,373.36,1041.28,373.30,1041.41,373.32,1041.12,373.44,1041.17,373.29,1041.28,373.25,1041.41,373.30,1041.15,373.40,1041.17,373.27,1041.29,373.21,1041.40,373.25,1041.19,373.37,1041.24,373.28,1041.34,373.25,1041.42,373.30
EK_0151_P30_07_frame_0000009182_l.jpg,0,537.46,401.36,537.64,401.28,537.82,401.25,537.98,401.22,538.12,401.22,537.75,400.91,537.95,400.89,538.06,400.96,538.15,401.08,537.72,400.85,537.91,400.85,538.04,400.92,538.16,401.01,537.67,400.92,537.83,400.86,537.98,400.89,538.08,400.98,537.65,401.00,537.75,400.92,537.86,400.90,537.97,400.92
EK_0151_P30_07_frame_0000009270_r.jpg,0,812.38,317.23,812.53,317.06,812.76,316.94,812.97,316.82,813.25,316.63,812.41,316.45,812.47,316.13,812.68,316.16,812.81,316.37,812.38,316.32,812.51,316.04,812.74,316.04,812.94,316.18,812.41,316.39,812.53,316.14,812.77,316.15,812.88,316.36,812.47,316.46,812.58,316.30,812.75,316.32,812.82,316.47
EK_0151_P30_07_frame_0000009611_l.jpg,0,452.71,379.33,452.54,379.18,452.41,379.04,452.37,378.88,452.41,378.70,452.56,378.83,452.50,378.71,452.49,378.79,452.50,378.90,452.71,378.78,452.65,378.70,452.62,378.79,452.59,378.92,452.85,378.83,452.79,378.73,452.75,378.81,452.72,378.93,452.94,378.89,452.92,378.83,452.87,378.91,452.83,379.01
EK_0151_P30_07_frame_0000009974_r.jpg,0,909.67,597.48,909.56,597.48,909.53,597.50,909.56,597.42,909.63,597.36,909.60,597.23,909.64,597.16,909.66,597.18,909.67,597.20,909.72,597.19,909.75,597.09,909.77,597.13,909.78,597.17,909.84,597.23,909.84,597.13,909.85,597.14,909.85,597.18,909.93,597.28,909.92,597.24,909.92,597.25,909.89,597.27
EK_0151_P30_07_frame_0000010992_r.jpg,0,896.41,125.46,896.52,125.35,896.69,125.20,896.83,125.06,897.04,124.89,896.32,124.94,896.38,124.69,896.50,124.57,896.64,124.44,896.25,124.82,896.40,124.63,896.56,124.55,896.73,124.45,896.25,124.83,896.41,124.68,896.58,124.59,896.76,124.53,896.29,124.85,896.40,124.74,896.53,124.68,896.67,124.59
EK_0151_P30_07_frame_0000011382_r.jpg,0,903.36,673.94,903.54,673.87,903.67,673.72,903.75,673.57,903.86,673.37,903.53,673.48,903.65,673.30,903.78,673.32,903.88,673.43,903.46,673.37,903.65,673.29,903.73,673.39,903.77,673.55,903.41,673.39,903.59,673.32,903.71,673.40,903.77,673.54,903.40,673.42,903.52,673.37,903.64,673.41,903.67,673.51
EK_0151_P30_07_frame_0000011632_l.jpg,0,733.77,494.06,733.57,493.74,733.32,493.53,733.15,493.31,733.08,493.06,733.90,493.14,733.97,492.81,733.92,492.61,733.79,492.51,734.10,493.13,734.03,492.84,733.90,492.71,733.68,492.68,734.18,493.28,734.10,493.00,733.97,492.86,733.80,492.82,734.19,493.42,734.13,493.21,734.03,493.11,733.87,493.09
EK_0151_P30_07_frame_0000011819_l.jpg,0,201.00,613.13,200.93,612.87,200.87,612.65,200.88,612.46,200.99,612.27,201.23,612.57,201.23,612.37,201.14,612.40,201.05,612.51,201.40,612.62,201.34,612.48,201.23,612.51,201.11,612.60,201.48,612.75,201.45,612.58,201.35,612.59,201.23,612.66,201.52,612.85,201.51,612.77,201.41,612.81,201.30,612.88
EK_0151_P30_07_frame_0000011919_l.jpg,0,275.36,644.84,275.28,644.59,275.22,644.38,275.23,644.19,275.32,643.99,275.55,644.28,275.55,644.08,275.48,644.10,275.40,644.21,275.72,644.32,275.67,644.17,275.56,644.20,275.45,644.29,275.81,644.45,275.78,644.27,275.69,644.27,275.58,644.34,275.85,644.54,275.84,644.45,275.75,644.49,275.66,644.57
EK_0151_P30_07_frame_0000012019_l.jpg,0,302.85,627.41,302.76,627.16,302.70,626.95,302.70,626.76,302.79,626.56,303.02,626.84,303.02,626.63,302.95,626.65,302.87,626.76,303.20,626.88,303.14,626.73,303.03,626.76,302.92,626.86,303.29,627.00,303.25,626.82,303.15,626.83,303.04,626.91,303.33,627.09,303.31,627.00,303.22,627.04,303.12,627.10
EK_0151_P30_07_frame_0000013814_l.jpg,0,396.24,765.94,396.01,765.76,395.85,765.57,395.71,765.41,395.57,765.28,395.98,765.28,395.73,765.21,395.56,765.27,395.43,765.42,396.06,765.27,395.82,765.31,395.65,765.38,395.48,765.50,396.14,765.42,395.93,765.34,395.74,765.40,395.57,765.49,396.17,765.56,396.05,765.45,395.90,765.45,395.77,765.50
EK_0151_P30_07_frame_0000013987_r.jpg,0,840.67,309.43,840.68,309.33,840.79,309.29,840.91,309.23,841.10,309.17,840.79,308.97,840.94,308.88,840.99,308.98,840.97,309.11,840.88,308.93,841.03,308.92,841.06,309.04,841.00,309.17,840.95,309.01,841.06,308.99,841.09,309.11,841.01,309.22,841.02,309.10,841.10,309.08,841.12,309.16,841.06,309.23
EK_0151_P30_07_frame_0000015046_r.jpg,0,417.53,495.13,417.58,494.84,417.63,494.63,417.78,494.52,417.90,494.55,418.04,494.67,418.20,494.49,418.15,494.42,418.04,494.43,418.15,494.79,418.23,494.64,418.17,494.58,418.06,494.54,418.12,494.96,418.15,494.80,418.08,494.74,417.97,494.71,418.06,495.08,418.08,494.96,418.03,494.91,417.94,494.89
EK_frame_0000005422_r.jpg,0,1217.66,758.09,1217.92,757.99,1218.06,757.83,1218.19,757.69,1218.33,757.50,1217.96,757.74,1218.06,757.55,1218.15,757.42,1218.26,757.28,1217.80,757.65,1217.88,757.45,1217.96,757.30,1218.10,757.19,1217.64,757.62,1217.75,757.46,1217.86,757.31,1217.99,757.18,1217.52,757.59,1217.63,757.49,1217.71,757.39,1217.84,757.31
EK_frame_0000005597_l.jpg,0,790.16,653.43,790.05,653.17,789.93,652.98,789.89,652.83,789.93,652.81,790.24,652.86,790.30,652.71,790.25,652.65,790.14,652.64,790.32,652.96,790.36,652.87,790.25,652.86,790.08,652.85,790.32,653.14,790.15,653.10,789.98,653.12,789.80,653.16,790.29,653.30,790.20,653.21,790.07,653.20,789.93,653.21
EK_frame_0000005647_r.jpg,0,872.08,277.40,872.19,277.25,872.32,277.09,872.48,276.91,872.80,276.96,872.47,276.68,872.62,276.40,872.78,276.29,873.00,276.33,872.59,276.64,872.77,276.39,872.97,276.41,873.07,276.58,872.65,276.79,872.81,276.56,873.00,276.59,873.09,276.77,872.70,276.95,872.81,276.78,872.95,276.74,873.02,276.82
EK_frame_0000005672_l.jpg,0,537.50,152.78,537.15,152.88,536.93,152.86,536.73,152.79,536.65,152.75,536.72,152.45,536.49,152.26,536.38,152.27,536.33,152.35,536.79,152.27,536.57,152.14,536.49,152.21,536.44,152.35,536.99,152.23,536.76,152.12,536.64,152.16,536.56,152.28,537.15,152.24,536.96,152.21,536.87,152.25,536.82,152.35
EK_frame_0000005722_r.jpg,0,825.31,16.62,825.36,16.41,825.42,16.12,825.51,15.87,825.74,15.62,825.50,15.79,825.65,15.51,825.78,15.33,825.90,15.13,825.61,15.74,825.77,15.47,825.89,15.28,825.99,15.05,825.72,15.89,825.81,15.62,825.92,15.41,826.02,15.18,825.81,16.04,825.87,15.84,825.91,15.67,825.94,15.47
EK_frame_0000005747_l.jpg,0,363.51,178.64,363.23,178.45,362.96,178.37,362.73,178.30,362.55,178.24,363.14,177.90,363.03,177.68,362.86,177.66,362.68,177.73,363.23,177.89,363.06,177.73,362.88,177.76,362.67,177.84,363.32,178.05,363.14,177.89,362.95,177.87,362.73,177.90,363.37,178.21,363.19,178.15,363.03,178.18,362.85,178.27
EK_frame_0000005772_r.jpg,0,682.67,9.73,682.80,9.39,682.96,9.11,683.14,8.90,683.39,8.63,683.13,8.92,683.43,8.77,683.63,8.65,683.81,8.48,683.26,9.03,683.53,8.84,683.72,8.70,683.91,8.52,683.31,9.29,683.49,9.05,683.69,8.88,683.87,8.69,683.35,9.51,683.45,9.35,683.56,9.20,683.67,9.03
EK_frame_0000005822_l.jpg,0,436.26,174.33,435.91,174.26,435.70,174.17,435.53,174.06,435.42,174.06,435.72,173.69,435.56,173.44,435.44,173.39,435.35,173.42,435.87,173.57,435.70,173.39,435.59,173.40,435.47,173.46,436.08,173.63,435.92,173.44,435.80,173.44,435.71,173.51,436.22,173.72,436.09,173.62,436.02,173.65,435.95,173.74
EK_frame_0000005936_l.jpg,0,305.62,332.17,305.61,331.83,305.44,331.60,305.29,331.39,305.03,331.17,305.56,331.33,305.49,331.13,305.33,331.00,305.12,330.89,305.45,331.38,305.27,331.16,305.08,331.05,304.89,330.92,305.32,331.58,305.17,331.35,304.97,331.24,304.82,331.11,305.20,331.75,305.06,331.62,304.91,331.53,304.73,331.40
EK_frame_0000006011_r.jpg,0,1138.39,354.14,1138.58,354.16,1138.64,354.07,1138.67,353.95,1138.67,353.78,1138.51,353.85,1138.60,353.67,1138.74,353.56,1138.89,353.46,1138.42,353.68,1138.56,353.51,1138.70,353.41,1138.86,353.30,1138.38,353.59,1138.42,353.45,1138.50,353.33,1138.59,353.22,1138.38,353.53,1138.34,353.39,1138.33,353.27,1138.35,353.17
EK_frame_0000006086_l.jpg,0,586.69,-232.34,586.31,-232.51,585.97,-232.67,585.67,-232.82,585.29,-233.03,585.94,-233.15,585.63,-233.35,585.38,-233.35,585.10,-233.27,585.97,-233.16,585.63,-233.23,585.37,-233.18,585.06,-233.15,586.09,-232.95,585.78,-233.09,585.50,-233.08,585.22,-233.09,586.16,-232.74,585.95,-232.87,585.73,-232.90,585.49,-232.91
EK_frame_0000006111_r.jpg,0,811.80,-286.40,811.94,-286.64,812.16,-286.91,812.40,-287.13,812.73,-287.36,812.01,-287.41,812.29,-287.68,812.53,-287.77,812.79,-287.74,812.07,-287.50,812.37,-287.73,812.64,-287.76,812.89,-287.76,812.15,-287.35,812.36,-287.62,812.65,-287.70,812.86,-287.75,812.25,-287.18,812.43,-287.35,812.64,-287.41,812.78,-287.41
EK_frame_0000006565_r.jpg,0,996.27,656.28,996.15,656.29,996.06,656.22,995.99,656.03,995.98,655.73,995.81,655.75,995.82,655.46,995.94,655.35,996.07,655.27,995.88,655.52,995.97,655.27,996.13,655.17,996.31,655.07,996.08,655.44,996.11,655.20,996.26,655.05,996.43,654.92,996.27,655.42,996.33,655.22,996.41,655.06,996.54,654.92
EK_frame_0000006715_r.jpg,0,1006.68,638.36,1006.74,638.48,1006.89,638.42,1007.01,638.31,1007.13,638.09,1006.57,638.21,1006.60,638.03,1006.72,637.95,1006.88,637.91,1006.56,638.00,1006.61,637.83,1006.78,637.76,1006.97,637.72,1006.62,637.87,1006.67,637.74,1006.83,637.65,1007.01,637.60,1006.71,637.79,1006.80,637.69,1006.91,637.61,1007.05,637.55
EK_frame_0000006971_l.jpg,0,539.57,453.27,539.37,453.18,539.26,453.10,539.30,452.97,539.43,452.90,539.34,452.79,539.35,452.62,539.35,452.65,539.35,452.72,539.47,452.73,539.48,452.60,539.47,452.67,539.45,452.75,539.62,452.79,539.60,452.67,539.58,452.73,539.57,452.82,539.72,452.86,539.68,452.82,539.67,452.86,539.66,452.93
EK_frame_0000007337_l.jpg,0,-27.33,1.06,-27.67,0.82,-27.93,0.59,-28.13,0.37,-28.33,0.17,-27.68,0.09,-27.92,-0.16,-28.13,-0.07,-28.26,0.16,-27.53,0.03,-27.83,-0.07,-28.05,0.05,-28.23,0.27,-27.42,0.20,-27.68,0.02,-27.91,0.13,-28.08,0.34,-27.37,0.37,-27.53,0.20,-27.73,0.26,-27.86,0.39
EK_frame_0000007563_l.jpg,0,470.64,462.99,470.26,462.85,470.00,462.73,469.83,462.56,469.76,462.46,470.15,462.16,470.09,461.84,469.97,461.73,469.85,461.73,470.34,462.04,470.24,461.75,470.10,461.74,469.94,461.83,470.54,462.14,470.41,461.87,470.26,461.84,470.12,461.93,470.66,462.25,470.54,462.07,470.42,462.03,470.28,462.08
EK_frame_0000007713_l.jpg,0,291.84,463.48,291.52,463.35,291.29,463.21,291.11,463.04,290.95,462.89,291.42,462.76,291.30,462.52,291.18,462.47,291.06,462.54,291.56,462.67,291.46,462.42,291.33,462.42,291.17,462.51,291.71,462.75,291.55,462.57,291.40,462.56,291.25,462.65,291.80,462.86,291.68,462.72,291.56,462.67,291.43,462.71
EK_frame_0000008047_l.jpg,0,-217.45,-146.02,-218.02,-146.13,-218.42,-146.29,-218.73,-146.44,-218.95,-146.51,-218.35,-146.98,-218.71,-147.03,-218.84,-146.80,-218.83,-146.46,-218.13,-147.12,-218.45,-147.08,-218.60,-146.82,-218.70,-146.47,-217.81,-146.97,-218.14,-147.15,-218.33,-146.93,-218.39,-146.57,-217.60,-146.79,-217.82,-146.97,-217.97,-146.80,-218.05,-146.55
EK_frame_0000008172_l.jpg,0,509.29,553.96,508.90,553.73,508.64,553.46,508.57,553.15,508.66,553.03,508.95,552.96,508.86,552.57,508.74,552.33,508.59,552.15,509.18,552.82,509.11,552.44,508.97,552.23,508.77,552.07,509.38,552.91,509.30,552.57,509.14,552.36,508.96,552.25,509.49,553.01,509.44,552.77,509.32,552.61,509.15,552.56
EK_frame_0000008222_r.jpg,0,915.39,592.94,915.66,592.71,915.82,592.46,915.96,592.26,916.10,592.37,916.27,592.92,916.46,592.69,916.28,592.58,916.07,592.70,916.30,593.08,916.32,592.77,916.13,592.68,915.96,592.83,916.15,593.15,916.18,592.87,915.98,592.75,915.79,592.86,916.01,593.16,915.99,592.96,915.81,592.89,915.68,592.98
EK_frame_0000008272_r.jpg,0,802.40,608.18,802.54,607.90,802.64,607.68,802.65,607.46,802.57,607.25,802.33,607.47,802.37,607.21,802.43,607.23,802.44,607.39,802.12,607.49,802.14,607.32,802.21,607.44,802.30,607.59,801.98,607.64,802.02,607.48,802.11,607.59,802.20,607.76,801.89,607.76,801.87,607.61,801.91,607.71,801.98,607.84
EK_frame_0000008388_l.jpg,0,-43.09,-483.78,-43.64,-483.81,-44.06,-483.75,-44.34,-483.67,-44.29,-483.62,-43.90,-484.50,-44.20,-484.29,-44.24,-483.97,-44.16,-483.61,-43.61,-484.60,-43.82,-484.32,-43.89,-483.99,-43.87,-483.65,-43.24,-484.45,-43.49,-484.31,-43.58,-483.97,-43.58,-483.67,-42.98,-484.26,-43.16,-484.17,-43.24,-483.89,-43.25,-483.71
EK_frame_0000008950_l.jpg,0,368.83,349.08,368.41,349.03,368.12,348.97,367.88,348.88,367.55,348.87,368.13,348.36,368.03,348.02,367.93,347.84,367.81,347.68,368.27,348.20,368.17,347.89,368.05,347.74,367.90,347.59,368.49,348.25,368.33,347.98,368.20,347.81,368.03,347.66,368.63,348.34,368.49,348.17,368.38,348.03,368.23,347.89
EK_frame_0000008975_l.jpg,0,625.25,616.90,624.95,616.85,624.72,616.83,624.57,616.71,624.59,616.60,624.75,616.37,624.70,616.11,624.66,615.96,624.61,615.82,624.89,616.23,624.85,615.98,624.80,615.93,624.74,615.97,625.09,616.23,625.00,616.02,624.94,615.98,624.89,616.04,625.24,616.27,625.15,616.13,625.10,616.07,625.03,616.11
EK_frame_0000009099_l.jpg,0,705.53,721.43,705.46,721.19,705.31,720.90,705.11,720.62,704.89,720.23,705.62,720.39,705.56,719.98,705.29,719.91,705.08,720.12,705.58,720.25,705.34,719.94,705.06,719.88,704.87,720.07,705.45,720.36,705.19,720.13,704.90,720.19,704.92,720.42,705.30,720.49,705.22,720.25,705.03,720.25,705.06,720.43
EK_frame_0000009124_r.jpg,0,939.85,690.74,940.05,690.52,940.15,690.28,940.14,690.04,940.12,689.74,939.84,690.00,939.84,689.72,939.92,689.58,940.07,689.49,939.70,689.94,939.76,689.68,939.85,689.52,940.00,689.38,939.63,690.02,939.70,689.77,939.79,689.60,939.94,689.44,939.61,690.09,939.66,689.91,939.70,689.76,939.79,689.61
EK_frame_0000009274_l.jpg,0,221.46,232.10,221.25,231.82,220.99,231.62,220.77,231.44,220.48,231.17,220.94,231.28,220.75,231.06,220.54,230.97,220.28,230.94,220.87,231.35,220.61,231.18,220.37,231.16,220.13,231.11,220.86,231.60,220.63,231.40,220.38,231.33,220.20,231.22,220.85,231.82,220.69,231.65,220.51,231.56,220.34,231.45
EK_frame_0000009299_r.jpg,0,863.16,571.29,863.48,571.20,863.71,571.05,863.88,570.87,864.05,570.59,863.54,570.67,863.62,570.41,863.77,570.28,863.94,570.25,863.40,570.52,863.54,570.27,863.67,570.15,863.88,570.10,863.25,570.51,863.45,570.34,863.62,570.22,863.84,570.19,863.17,570.54,863.30,570.40,863.43,570.29,863.59,570.29
EK_frame_0000009449_l.jpg,0,737.62,635.57,737.62,635.13,737.60,634.77,737.51,634.46,737.37,634.24,737.90,634.56,737.75,634.21,737.54,634.05,737.25,634.02,737.87,634.62,737.60,634.37,737.35,634.26,737.11,634.23,737.72,634.85,737.57,634.55,737.31,634.42,737.12,634.39,737.56,635.03,737.52,634.79,737.36,634.64,737.23,634.58
EK_frame_0000009674_l.jpg,0,577.37,752.07,577.19,751.88,577.09,751.72,577.07,751.55,577.00,751.38,577.31,751.46,577.29,751.26,577.22,751.19,577.15,751.20,577.45,751.45,577.45,751.27,577.37,751.26,577.27,751.29,577.55,751.56,577.52,751.41,577.44,751.41,577.35,751.46,577.59,751.67,577.56,751.56,577.50,751.56,577.43,751.60
EK_frame_0000009758_r.jpg,0,897.47,724.14,897.56,724.09,897.69,723.98,897.79,723.85,897.87,723.63,897.41,723.72,897.43,723.55,897.50,723.45,897.64,723.35,897.37,723.59,897.49,723.43,897.65,723.46,897.75,723.60,897.39,723.56,897.48,723.46,897.65,723.47,897.78,723.59,897.44,723.56,897.48,723.48,897.57,723.43,897.67,723.49
EK_frame_0000009958_l.jpg,0,709.30,615.78,709.02,615.82,708.83,615.83,708.71,615.78,708.71,615.77,708.72,615.40,708.61,615.21,708.64,615.28,708.69,615.39,708.83,615.24,708.76,615.15,708.78,615.25,708.81,615.35,709.04,615.21,708.92,615.08,708.92,615.15,708.94,615.26,709.21,615.22,709.11,615.12,709.10,615.16,709.10,615.25
EK_frame_0000009983_r.jpg,0,1027.64,645.78,1027.48,645.43,1027.41,645.04,1027.41,644.71,1027.46,644.42,1026.85,644.92,1026.88,644.54,1027.13,644.41,1027.43,644.32,1026.84,644.88,1026.97,644.50,1027.24,644.36,1027.53,644.22,1027.05,644.97,1027.09,644.60,1027.32,644.38,1027.59,644.20,1027.27,645.03,1027.18,644.77,1027.27,644.54,1027.44,644.34
EK_frame_0000010333_l.jpg,0,465.67,460.89,465.34,460.82,465.13,460.66,464.99,460.50,464.81,460.40,465.17,460.27,464.99,460.18,464.94,460.23,464.92,460.29,465.33,460.14,465.22,459.98,465.15,459.94,465.07,459.93,465.54,460.20,465.44,460.03,465.37,460.03,465.32,460.09,465.69,460.28,465.61,460.14,465.57,460.15,465.53,460.23
EK_frame_0000010405_r.jpg,0,236.92,277.91,236.87,277.66,237.03,277.36,237.31,277.19,237.63,277.16,237.32,277.00,237.60,276.82,237.80,276.87,237.87,276.97,237.59,277.02,237.91,276.83,238.14,276.85,238.29,276.92,237.75,277.26,238.02,277.05,238.29,277.01,238.45,277.01,237.85,277.50,238.07,277.39,238.25,277.36,238.32,277.36
EK_frame_0000012582_r.jpg,0,905.57,490.10,905.54,489.65,905.68,489.29,905.86,489.00,906.11,488.60,905.07,489.00,905.35,488.67,905.61,488.53,905.95,488.49,905.06,489.02,905.38,488.73,905.66,488.61,905.98,488.57,905.23,489.22,905.39,488.87,905.66,488.68,905.94,488.67,905.42,489.38,905.46,489.10,905.60,488.90,905.81,488.83
EK_frame_0000017742_l.jpg,0,472.29,463.52,471.93,463.39,471.64,463.30,471.42,463.16,471.31,463.03,471.82,462.74,471.70,462.43,471.59,462.37,471.55,462.46,472.00,462.61,471.83,462.41,471.73,462.46,471.68,462.59,472.22,462.68,472.01,462.54,471.92,462.58,471.92,462.69,472.35,462.78,472.20,462.70,472.16,462.76,472.17,462.88
EK_frame_0000017767_r.jpg,0,892.89,447.71,893.18,447.65,893.45,447.50,893.68,447.35,893.96,447.12,893.35,447.03,893.43,446.72,893.59,446.56,893.84,446.53,893.31,446.87,893.57,446.73,893.72,446.84,893.76,447.09,893.24,446.90,893.52,446.82,893.71,446.96,893.75,447.21,893.21,446.97,893.36,446.84,893.56,446.84,893.65,446.97
EK_frame_0000017817_r.jpg,0,902.02,429.31,902.24,429.20,902.46,429.02,902.63,428.84,902.88,428.62,902.29,428.60,902.40,428.30,902.53,428.14,902.75,428.05,902.25,428.47,902.36,428.19,902.52,428.04,902.75,427.96,902.23,428.52,902.32,428.27,902.47,428.09,902.67,428.00,902.24,428.60,902.31,428.42,902.40,428.26,902.52,428.16
EK_frame_0000017867_r.jpg,0,910.18,472.26,910.44,472.12,910.69,471.96,910.89,471.78,911.18,471.57,910.54,471.47,910.64,471.16,910.76,470.98,910.97,470.85,910.50,471.36,910.60,471.06,910.75,470.90,910.99,470.79,910.45,471.45,910.56,471.18,910.69,470.98,910.89,470.83,910.44,471.57,910.51,471.37,910.59,471.19,910.70,471.04
EK_frame_0000018042_l.jpg,0,484.24,467.93,483.86,467.79,483.59,467.68,483.39,467.52,483.25,467.40,483.75,467.12,483.63,466.80,483.52,466.78,483.49,466.91,483.94,467.00,483.78,466.82,483.70,466.92,483.66,467.09,484.17,467.08,483.97,466.94,483.88,467.02,483.89,467.16,484.31,467.18,484.16,467.09,484.11,467.16,484.12,467.31
EK_frame_0000018067_r.jpg,0,926.94,472.02,927.15,471.89,927.42,471.71,927.64,471.53,927.92,471.31,927.28,471.23,927.46,470.93,927.66,470.81,927.92,470.81,927.29,471.10,927.41,470.79,927.63,470.68,927.89,470.68,927.30,471.19,927.44,470.94,927.65,470.79,927.88,470.74,927.33,471.31,927.43,471.12,927.56,470.97,927.68,470.90
EK_frame_0000018092_r.jpg,0,926.75,479.37,927.00,479.26,927.28,479.09,927.48,478.88,927.77,478.64,927.16,478.59,927.35,478.29,927.54,478.15,927.80,478.08,927.16,478.46,927.32,478.16,927.54,478.03,927.80,477.97,927.14,478.53,927.27,478.27,927.48,478.10,927.72,478.01,927.15,478.64,927.24,478.45,927.36,478.28,927.52,478.16
EK_frame_0000018117_l.jpg,0,404.00,396.76,403.60,396.64,403.34,396.50,403.13,396.32,402.98,396.21,403.44,395.95,403.33,395.61,403.24,395.62,403.24,395.79,403.64,395.80,403.46,395.61,403.39,395.70,403.36,395.86,403.88,395.87,403.67,395.75,403.60,395.84,403.63,395.95,404.04,395.97,403.88,395.88,403.85,395.95,403.87,396.10
EK_frame_0000018342_r.jpg,0,863.22,450.07,863.44,449.98,863.70,449.90,863.92,449.80,864.15,449.63,863.48,449.43,863.54,449.14,863.63,448.97,863.80,448.82,863.43,449.29,863.49,449.02,863.64,448.88,863.85,448.81,863.39,449.33,863.48,449.10,863.61,448.93,863.79,448.82,863.39,449.39,863.46,449.23,863.54,449.09,863.65,448.99
EK_frame_0000018692_r.jpg,0,886.20,463.20,886.41,463.09,886.64,462.90,886.82,462.71,887.07,462.47,886.52,462.45,886.66,462.15,886.80,461.99,887.02,461.84,886.52,462.33,886.64,462.03,886.84,461.91,887.09,461.87,886.51,462.40,886.61,462.14,886.78,461.97,887.00,461.87,886.53,462.50,886.60,462.31,886.70,462.15,886.83,462.05
EK_frame_0000018892_l.jpg,0,445.90,427.58,445.50,427.44,445.24,427.30,445.05,427.13,444.90,427.00,445.36,426.74,445.26,426.40,445.18,426.40,445.17,426.56,445.57,426.60,445.42,426.41,445.35,426.50,445.31,426.66,445.81,426.67,445.62,426.54,445.55,426.64,445.56,426.78,445.97,426.78,445.82,426.69,445.78,426.76,445.78,426.91
EK_frame_0000018992_l.jpg,0,488.70,450.39,488.32,450.25,488.07,450.11,487.89,449.94,487.75,449.81,488.20,449.58,488.11,449.25,488.03,449.21,488.00,449.35,488.41,449.45,488.27,449.27,488.20,449.34,488.15,449.48,488.64,449.53,488.46,449.41,488.40,449.49,488.41,449.63,488.79,449.63,488.66,449.55,488.62,449.61,488.62,449.75
EK_frame_0000019292_r.jpg,0,876.45,453.75,876.38,453.70,876.35,453.51,876.39,453.28,876.51,453.10,876.44,453.09,876.55,452.89,876.65,452.87,876.72,452.87,876.61,452.94,876.69,452.67,876.82,452.68,876.92,452.72,876.80,452.99,876.82,452.71,876.93,452.59,877.01,452.53,876.95,453.08,876.97,452.86,877.05,452.75,877.11,452.68
EK_frame_0000019392_l.jpg,0,509.89,454.98,509.52,454.82,509.29,454.66,509.11,454.48,509.00,454.35,509.45,454.14,509.39,453.80,509.30,453.78,509.27,453.93,509.66,454.02,509.53,453.85,509.45,453.92,509.40,454.05,509.88,454.12,509.70,454.00,509.63,454.07,509.63,454.17,510.03,454.23,509.88,454.15,509.83,454.20,509.84,454.32
EK_frame_0000019417_l.jpg,0,516.84,441.54,516.48,441.40,516.25,441.26,516.08,441.09,515.96,440.96,516.39,440.75,516.34,440.42,516.27,440.43,516.25,440.60,516.59,440.63,516.47,440.46,516.40,440.55,516.35,440.70,516.81,440.72,516.64,440.61,516.58,440.70,516.59,440.83,516.96,440.83,516.83,440.75,516.79,440.83,516.79,440.98
EK_frame_0000019517_l.jpg,0,460.28,420.07,459.91,419.90,459.68,419.75,459.50,419.57,459.38,419.44,459.84,419.23,459.76,418.90,459.68,418.91,459.67,419.09,460.05,419.12,459.92,418.96,459.85,419.05,459.80,419.19,460.27,419.22,460.10,419.12,460.04,419.23,460.08,419.35,460.42,419.33,460.29,419.25,460.26,419.33,460.28,419.49
EK_frame_0000019567_l.jpg,0,491.97,433.32,491.61,433.18,491.38,433.04,491.20,432.87,491.06,432.75,491.51,432.53,491.45,432.21,491.38,432.21,491.35,432.37,491.71,432.41,491.59,432.22,491.51,432.29,491.45,432.42,491.92,432.49,491.76,432.37,491.68,432.45,491.67,432.55,492.07,432.60,491.93,432.52,491.89,432.59,491.88,432.72
EK_frame_0000019592_l.jpg,0,515.37,471.47,515.02,471.30,514.80,471.15,514.62,470.98,514.50,470.84,514.97,470.66,514.92,470.34,514.85,470.33,514.83,470.48,515.17,470.55,515.06,470.36,514.99,470.45,514.95,470.60,515.39,470.64,515.23,470.49,515.16,470.56,515.16,470.68,515.53,470.74,515.40,470.65,515.37,470.71,515.37,470.83
EK_frame_0000019642_l.jpg,0,534.00,473.77,533.64,473.62,533.41,473.48,533.23,473.31,533.11,473.18,533.56,472.97,533.50,472.64,533.43,472.63,533.41,472.79,533.77,472.84,533.64,472.64,533.58,472.73,533.55,472.89,533.99,472.92,533.82,472.80,533.76,472.88,533.78,473.01,534.14,473.02,534.00,472.93,533.97,473.00,533.99,473.13
EK_frame_0000019692_l.jpg,0,492.65,441.37,492.30,441.21,492.08,441.06,491.90,440.89,491.77,440.77,492.23,440.57,492.18,440.25,492.10,440.24,492.08,440.40,492.43,440.46,492.30,440.27,492.23,440.34,492.17,440.47,492.64,440.55,492.47,440.41,492.40,440.48,492.41,440.59,492.78,440.66,492.64,440.57,492.61,440.64,492.61,440.78
EK_frame_0000019767_l.jpg,0,532.80,467.68,532.44,467.52,532.20,467.37,532.03,467.20,531.90,467.08,532.35,466.86,532.29,466.54,532.21,466.50,532.17,466.61,532.56,466.74,532.43,466.56,532.35,466.62,532.29,466.72,532.78,466.83,532.61,466.69,532.53,466.75,532.54,466.85,532.93,466.93,532.79,466.83,532.74,466.88,532.74,467.00
EK_frame_0000019792_l.jpg,0,513.33,444.54,512.98,444.39,512.75,444.25,512.57,444.08,512.43,443.97,512.90,443.75,512.84,443.43,512.76,443.43,512.74,443.59,513.09,443.64,512.96,443.45,512.89,443.53,512.83,443.65,513.31,443.72,513.13,443.59,513.06,443.66,513.06,443.76,513.44,443.82,513.30,443.73,513.26,443.79,513.27,443.92
EK_frame_0000019817_l.jpg,0,510.32,438.54,509.96,438.39,509.73,438.25,509.56,438.09,509.42,437.97,509.88,437.75,509.82,437.43,509.74,437.44,509.74,437.61,510.08,437.63,509.95,437.45,509.89,437.53,509.84,437.67,510.30,437.72,510.13,437.60,510.07,437.69,510.10,437.80,510.44,437.82,510.31,437.74,510.28,437.81,510.30,437.95
EK_frame_0000019867_r.jpg,0,948.86,380.67,948.93,380.52,949.13,380.33,949.29,380.11,949.57,379.94,948.88,379.87,948.94,379.55,949.07,379.39,949.30,379.29,948.93,379.75,948.99,379.44,949.20,379.36,949.43,379.36,949.03,379.83,949.11,379.56,949.31,379.43,949.52,379.35,949.14,379.92,949.17,379.73,949.29,379.59,949.41,379.51
EK_frame_0000019892_l.jpg,0,231.84,215.73,231.47,215.47,231.17,215.24,230.91,215.03,230.66,214.83,231.46,214.65,231.33,214.29,231.13,214.23,230.91,214.32,231.62,214.57,231.34,214.40,231.10,214.42,230.82,214.49,231.75,214.75,231.49,214.53,231.25,214.51,230.96,214.60,231.80,214.94,231.63,214.74,231.43,214.70,231.21,214.73
EK_frame_0000019942_l.jpg,0,439.13,486.67,438.83,486.48,438.59,486.32,438.40,486.16,438.19,486.04,438.83,485.85,438.76,485.55,438.62,485.45,438.48,485.46,438.98,485.78,438.86,485.54,438.70,485.50,438.52,485.53,439.12,485.89,438.95,485.68,438.80,485.62,438.65,485.65,439.18,486.02,439.06,485.86,438.94,485.79,438.81,485.83
EK_frame_0000019945_r.jpg,0,877.83,523.93,878.02,523.85,878.19,523.70,878.34,523.57,878.50,523.37,877.98,523.41,878.00,523.19,878.09,523.06,878.26,523.00,877.90,523.29,877.96,523.07,878.07,522.95,878.25,522.91,877.85,523.30,877.96,523.12,878.10,523.01,878.27,522.98,877.83,523.33,877.94,523.22,878.05,523.13,878.18,523.12
EK_frame_0000020149_l.jpg,0,835.85,603.73,835.88,603.51,835.91,603.34,835.93,603.21,835.93,603.14,836.04,603.42,836.01,603.33,835.90,603.27,835.79,603.24,836.02,603.53,835.93,603.41,835.82,603.36,835.78,603.36,835.93,603.65,835.84,603.53,835.74,603.47,835.72,603.46,835.83,603.73,835.74,603.66,835.70,603.62,835.73,603.62
EK_frame_0000020199_l.jpg,0,862.47,551.23,862.42,551.04,862.40,550.89,862.39,550.78,862.41,550.63,862.43,550.92,862.32,550.85,862.21,550.83,862.08,550.81,862.41,551.01,862.27,550.95,862.17,550.95,862.12,550.95,862.37,551.14,862.24,551.07,862.17,551.06,862.19,551.07,862.32,551.24,862.22,551.20,862.20,551.18,862.26,551.17
EK_frame_0000020274_l.jpg,0,562.32,726.67,562.22,726.43,562.08,726.26,562.01,726.07,561.93,725.98,562.50,726.06,562.54,725.82,562.48,725.70,562.37,725.64,562.65,726.06,562.69,725.85,562.60,725.75,562.45,725.71,562.69,726.17,562.71,725.97,562.60,725.91,562.46,725.91,562.69,726.26,562.70,726.11,562.64,726.03,562.53,725.99
EK_frame_0000020299_l.jpg,0,787.37,714.10,787.19,713.89,787.00,713.78,786.90,713.63,786.84,713.50,787.30,713.49,787.30,713.26,787.27,713.13,787.25,713.10,787.48,713.46,787.53,713.24,787.49,713.19,787.42,713.25,787.62,713.55,787.65,713.35,787.61,713.36,787.55,713.46,787.71,713.62,787.69,713.48,787.66,713.46,787.61,713.52
EK_frame_0000020309_r.jpg,0,984.29,517.37,984.18,517.12,984.22,516.88,984.34,516.68,984.51,516.46,984.39,516.63,984.57,516.44,984.68,516.35,984.79,516.26,984.59,516.64,984.72,516.44,984.81,516.33,984.89,516.22,984.74,516.81,984.80,516.58,984.89,516.42,984.95,516.27,984.84,516.96,984.90,516.80,984.95,516.67,984.93,516.57
EK_frame_0000020484_r.jpg,0,1186.50,619.85,1186.60,619.63,1186.68,619.45,1186.69,619.27,1186.66,619.04,1186.46,619.26,1186.39,619.06,1186.34,618.92,1186.28,618.76,1186.30,619.28,1186.20,619.09,1186.14,618.96,1186.06,618.80,1186.18,619.40,1186.13,619.22,1186.08,619.06,1186.03,618.90,1186.09,619.50,1186.06,619.39,1186.02,619.27,1186.00,619.14
EK_frame_0000020943_l.jpg,0,730.82,429.55,730.65,429.78,730.53,429.93,730.44,430.01,730.48,430.05,730.18,429.72,729.96,429.77,729.92,429.84,729.96,429.92,730.15,429.55,730.00,429.64,730.00,429.73,730.03,429.84,730.28,429.40,730.09,429.44,729.98,429.49,729.88,429.55,730.41,429.32,730.27,429.27,730.17,429.26,730.06,429.26
EK_frame_0000020968_l.jpg,0,673.33,390.49,673.12,390.70,672.97,390.84,672.88,390.92,672.96,390.96,672.63,390.56,672.42,390.58,672.39,390.65,672.43,390.73,672.62,390.37,672.47,390.42,672.46,390.52,672.50,390.63,672.76,390.23,672.55,390.25,672.44,390.30,672.37,390.37,672.89,390.15,672.75,390.08,672.63,390.05,672.52,390.04
EK_frame_0000021018_l.jpg,0,631.90,309.71,631.64,309.87,631.46,309.95,631.34,309.99,631.43,310.05,631.18,309.62,630.95,309.60,630.88,309.65,630.88,309.73,631.21,309.43,631.02,309.44,630.97,309.53,630.99,309.67,631.39,309.33,631.17,309.30,631.05,309.32,630.96,309.40,631.54,309.28,631.41,309.18,631.30,309.12,631.19,309.09
EK_frame_0000021043_l.jpg,0,548.45,214.80,548.20,214.95,548.02,215.04,547.90,215.07,548.00,215.10,547.75,214.70,547.51,214.67,547.48,214.72,547.54,214.81,547.78,214.51,547.60,214.51,547.59,214.60,547.61,214.73,547.95,214.40,547.73,214.36,547.67,214.41,547.66,214.52,548.09,214.34,547.96,214.24,547.92,214.28,547.91,214.38
EK_frame_0000021068_l.jpg,0,493.12,206.30,492.82,206.41,492.64,206.50,492.53,206.52,492.56,206.50,492.42,206.12,492.19,206.01,492.05,205.98,491.92,205.97,492.49,205.98,492.28,205.90,492.15,205.90,492.02,205.94,492.68,205.96,492.50,205.97,492.43,206.04,492.41,206.20,492.85,205.98,492.69,205.98,492.65,206.07,492.64,206.21
EK_frame_0000021170_l.jpg,0,471.14,292.67,470.87,292.84,470.67,292.93,470.51,292.96,470.51,292.99,470.38,292.61,470.13,292.57,470.08,292.62,470.13,292.70,470.39,292.40,470.19,292.39,470.19,292.48,470.24,292.62,470.55,292.26,470.32,292.24,470.28,292.31,470.31,292.42,470.69,292.18,470.53,292.10,470.43,292.11,470.36,292.19
EK_frame_0000021220_l.jpg,0,465.70,370.66,465.38,370.66,465.17,370.65,465.01,370.61,464.89,370.65,465.10,370.21,464.94,370.00,464.83,369.91,464.71,369.84,465.20,370.08,465.06,369.91,464.95,369.88,464.82,369.88,465.38,370.11,465.21,369.97,465.09,369.93,464.96,369.93,465.51,370.17,465.37,370.09,465.26,370.06,465.14,370.06
EK_frame_0000021270_l.jpg,0,440.73,668.27,440.54,668.05,440.37,667.92,440.24,667.80,440.09,667.67,440.65,667.62,440.66,667.42,440.60,667.32,440.50,667.25,440.76,667.66,440.77,667.49,440.68,667.43,440.55,667.39,440.83,667.82,440.81,667.65,440.70,667.59,440.55,667.56,440.85,667.98,440.79,667.87,440.70,667.82,440.59,667.78
EK_frame_0000021294_l.jpg,0,593.20,568.07,592.95,567.89,592.74,567.79,592.57,567.68,592.41,567.62,592.94,567.39,592.92,567.16,592.86,567.04,592.75,566.96,593.07,567.36,593.04,567.15,592.95,567.05,592.83,566.96,593.17,567.51,593.14,567.30,593.06,567.20,592.93,567.12,593.23,567.65,593.18,567.51,593.12,567.44,593.04,567.35
EK_frame_0000021312_r.jpg,0,1017.74,538.45,1017.83,538.41,1017.96,538.34,1018.10,538.21,1018.37,538.07,1017.96,537.87,1018.03,537.61,1018.22,537.63,1018.42,537.74,1018.04,537.73,1018.13,537.48,1018.31,537.58,1018.45,537.76,1018.11,537.77,1018.30,537.72,1018.48,537.85,1018.64,538.01,1018.18,537.85,1018.31,537.77,1018.45,537.84,1018.55,537.98
EK_frame_0000021362_r.jpg,0,1050.89,542.70,1050.81,542.61,1050.83,542.60,1050.91,542.57,1051.05,542.64,1050.92,542.21,1050.99,542.05,1051.05,542.17,1051.06,542.33,1051.06,542.17,1051.18,542.10,1051.19,542.25,1051.12,542.40,1051.19,542.25,1051.24,542.26,1051.24,542.42,1051.18,542.57,1051.28,542.34,1051.32,542.35,1051.31,542.47,1051.25,542.58
EK_frame_0000021462_l.jpg,0,627.87,405.86,627.56,405.79,627.34,405.78,627.16,405.77,627.08,405.78,627.39,405.27,627.36,405.00,627.30,404.86,627.22,404.77,627.53,405.14,627.49,404.89,627.40,404.85,627.28,404.88,627.72,405.17,627.61,404.96,627.51,404.87,627.39,404.84,627.85,405.23,627.76,405.08,627.70,404.97,627.61,404.86
EK_frame_0000021487_l.jpg,0,581.93,366.58,581.60,366.56,581.39,366.59,581.21,366.62,581.14,366.68,581.34,366.05,581.26,365.78,581.17,365.67,581.07,365.63,581.47,365.90,581.37,365.66,581.26,365.63,581.14,365.67,581.67,365.90,581.50,365.72,581.37,365.65,581.25,365.66,581.81,365.95,581.69,365.81,581.60,365.71,581.49,365.63
EK_frame_0000021512_l.jpg,0,639.85,395.92,639.52,395.91,639.31,395.94,639.13,395.97,639.00,396.01,639.27,395.42,639.20,395.17,639.13,395.04,639.05,394.94,639.40,395.27,639.32,395.05,639.23,395.01,639.11,395.03,639.59,395.28,639.44,395.10,639.33,395.01,639.21,394.98,639.73,395.32,639.61,395.19,639.53,395.08,639.42,394.95
EK_frame_0000021637_r.jpg,0,875.28,353.75,875.11,353.51,875.09,353.27,875.16,353.07,875.34,352.97,875.31,353.04,875.38,352.82,875.33,352.92,875.27,353.10,875.51,353.04,875.56,352.83,875.48,352.94,875.37,353.09,875.64,353.19,875.61,352.99,875.51,353.09,875.41,353.25,875.72,353.33,875.65,353.21,875.54,353.27,875.43,353.38
EK_frame_0000021687_r.jpg,0,892.36,283.44,892.53,283.13,892.75,282.98,892.98,282.98,893.22,283.19,892.90,283.08,893.19,283.04,893.19,283.08,893.10,283.14,893.00,283.28,893.28,283.22,893.37,283.22,893.36,283.23,893.00,283.50,893.26,283.44,893.38,283.41,893.33,283.38,893.00,283.66,893.19,283.60,893.24,283.56,893.14,283.52
EK_frame_0000021762_r.jpg,0,875.34,234.16,875.54,234.42,875.80,234.47,876.03,234.48,876.31,234.44,876.08,234.39,876.36,234.43,876.45,234.42,876.47,234.46,876.15,234.19,876.41,234.20,876.49,234.22,876.48,234.30,876.06,233.99,876.30,234.06,876.34,234.11,876.29,234.22,875.97,233.85,876.15,233.85,876.20,233.90,876.18,234.02
EK_frame_0000021812_l.jpg,0,652.25,432.68,651.92,432.62,651.68,432.56,651.46,432.48,651.28,432.42,651.68,432.08,651.66,431.77,651.63,431.61,651.58,431.47,651.84,431.91,651.78,431.65,651.72,431.53,651.62,431.46,652.08,431.91,651.95,431.70,651.86,431.54,651.75,431.42,652.26,431.95,652.18,431.77,652.12,431.62,652.04,431.46
EK_frame_0000021837_l.jpg,0,593.76,430.18,593.47,430.05,593.34,429.82,593.29,429.59,593.27,429.37,593.32,429.52,593.34,429.23,593.34,429.05,593.33,428.88,593.50,429.40,593.47,429.13,593.45,428.97,593.40,428.84,593.73,429.43,593.62,429.20,593.55,429.02,593.49,428.87,593.90,429.47,593.86,429.29,593.84,429.13,593.83,428.95
EK_frame_0000022237_r.jpg,0,897.74,458.55,897.97,458.37,898.25,458.28,898.46,458.15,898.64,457.95,898.09,457.74,898.31,457.54,898.52,457.51,898.75,457.60,898.08,457.67,898.31,457.47,898.53,457.51,898.75,457.63,898.05,457.80,898.26,457.61,898.51,457.60,898.72,457.71,898.06,457.94,898.23,457.82,898.41,457.76,898.58,457.80
EK_frame_0000022262_r.jpg,0,685.01,370.05,685.21,369.88,685.54,369.86,685.82,369.79,686.09,369.65,685.45,369.22,685.72,369.01,685.95,368.99,686.20,369.07,685.51,369.16,685.79,368.96,686.03,369.01,686.26,369.14,685.53,369.31,685.76,369.10,686.03,369.10,686.25,369.21,685.56,369.47,685.77,369.38,685.97,369.35,686.17,369.39
EK_frame_0000022287_l.jpg,0,562.70,487.22,562.39,487.05,562.28,486.79,562.22,486.57,562.14,486.28,562.33,486.54,562.34,486.25,562.34,486.05,562.30,485.87,562.53,486.43,562.52,486.14,562.50,485.95,562.45,485.80,562.75,486.46,562.66,486.21,562.60,486.01,562.53,485.84,562.90,486.51,562.88,486.31,562.88,486.14,562.88,485.95
EK_frame_0000022462_l.jpg,0,551.42,335.64,551.08,335.61,550.85,335.46,550.71,335.25,550.71,335.06,550.77,335.09,550.70,334.79,550.66,334.60,550.60,334.40,550.92,334.91,550.85,334.62,550.79,334.48,550.72,334.38,551.16,334.88,550.99,334.68,550.88,334.54,550.77,334.41,551.34,334.89,551.24,334.72,551.18,334.56,551.12,334.37
EK_frame_0000022637_r.jpg,0,973.96,332.36,973.82,332.33,973.69,332.23,973.71,332.05,973.82,331.87,973.75,331.88,973.82,331.84,973.88,331.93,973.91,332.07,973.89,331.76,973.94,331.73,973.99,331.89,974.03,332.07,974.07,331.78,974.02,331.62,974.07,331.70,974.11,331.83,974.21,331.84,974.23,331.72,974.25,331.78,974.22,331.90
EK_frame_0000022662_r.jpg,0,865.03,383.41,864.81,383.21,864.71,383.00,864.76,382.80,864.93,382.71,864.88,382.71,864.92,382.52,864.88,382.63,864.83,382.80,865.07,382.66,865.07,382.45,865.03,382.56,864.96,382.71,865.24,382.77,865.16,382.57,865.09,382.63,865.04,382.76,865.35,382.88,865.26,382.75,865.16,382.77,865.07,382.84
EK_frame_0000022862_r.jpg,0,830.45,408.88,830.65,408.72,830.76,408.53,830.76,408.35,830.62,408.18,830.68,408.30,830.71,408.07,830.68,408.10,830.66,408.23,830.52,408.24,830.53,408.02,830.51,408.06,830.51,408.17,830.34,408.30,830.40,408.12,830.41,408.16,830.43,408.26,830.22,408.36,830.27,408.26,830.31,408.30,830.35,408.39
EK_frame_0000022962_l.jpg,0,218.94,606.79,218.65,606.67,218.47,606.69,218.32,606.67,218.14,606.69,218.63,606.22,218.68,605.99,218.67,605.87,218.63,605.76,218.80,606.20,218.78,606.00,218.74,605.89,218.68,605.78,218.96,606.33,218.90,606.13,218.85,606.01,218.79,605.89,219.07,606.46,219.06,606.34,219.06,606.25,219.06,606.14
EK_frame_0000023137_r.jpg,0,941.26,424.35,941.37,424.29,941.56,424.22,941.73,424.15,941.97,424.08,941.41,423.85,941.46,423.64,941.61,423.60,941.77,423.67,941.43,423.75,941.56,423.58,941.72,423.58,941.88,423.65,941.45,423.78,941.50,423.60,941.66,423.53,941.81,423.57,941.50,423.84,941.54,423.71,941.64,423.63,941.74,423.66
EK_frame_0000023187_r.jpg,0,917.77,394.47,917.84,394.41,918.00,394.24,918.14,394.08,918.37,393.90,918.02,393.93,918.21,393.74,918.36,393.65,918.51,393.61,918.12,393.84,918.28,393.65,918.44,393.56,918.58,393.53,918.19,393.91,918.32,393.74,918.49,393.63,918.58,393.58,918.25,394.00,918.38,393.90,918.50,393.80,918.61,393.71
EK_frame_0000035803_l.jpg,0,562.44,646.95,562.28,646.74,562.16,646.58,562.07,646.43,561.98,646.21,562.23,646.48,562.16,646.39,562.02,646.41,561.86,646.46,562.25,646.57,562.09,646.55,561.94,646.59,561.78,646.62,562.27,646.74,562.11,646.69,561.95,646.71,561.78,646.73,562.26,646.89,562.13,646.85,562.01,646.86,561.87,646.85
EK_frame_0000036189_r.jpg,0,797.94,434.12,798.09,434.14,798.31,434.13,798.52,434.01,798.70,433.85,798.39,433.67,798.60,433.52,798.78,433.61,798.87,433.80,798.48,433.54,798.76,433.54,798.82,433.73,798.66,433.89,798.51,433.57,798.70,433.51,798.87,433.66,798.79,433.87,798.54,433.64,798.65,433.54,798.78,433.66,798.71,433.79
EK_frame_0000036339_r.jpg,0,1124.24,554.06,1124.25,554.04,1124.29,553.98,1124.32,553.91,1124.43,553.78,1124.22,553.71,1124.35,553.62,1124.46,553.67,1124.58,553.74,1124.27,553.60,1124.42,553.57,1124.53,553.63,1124.64,553.73,1124.35,553.60,1124.43,553.55,1124.56,553.59,1124.66,553.67,1124.42,553.62,1124.47,553.56,1124.55,553.58,1124.60,553.65
EK_frame_0000036687_r.jpg,0,960.40,508.67,960.18,508.30,959.98,508.01,959.83,507.75,959.67,507.42,960.29,507.66,960.22,507.30,960.00,507.19,959.73,507.23,960.37,507.70,960.02,507.66,959.78,507.77,959.63,507.94,960.38,507.94,960.06,507.85,959.81,507.98,959.67,508.12,960.33,508.16,960.12,508.05,959.93,508.12,959.85,508.24
EK_frame_0000036962_l.jpg,0,493.85,678.04,493.63,677.72,493.44,677.48,493.32,677.24,493.33,677.10,493.86,677.13,493.61,676.93,493.46,677.09,493.55,677.32,494.02,677.15,493.71,677.10,493.54,677.26,493.60,677.48,494.08,677.35,493.84,677.20,493.65,677.33,493.71,677.53,494.09,677.53,493.96,677.37,493.80,677.44,493.78,677.59
EK_frame_0000037285_r.jpg,0,993.85,407.46,994.17,407.24,994.45,407.10,994.65,406.91,994.87,406.72,994.82,407.45,994.92,407.13,994.95,406.91,994.91,406.70,994.84,407.58,995.03,407.32,995.10,407.10,995.16,406.84,994.66,407.63,994.83,407.38,994.85,407.13,994.83,406.86,994.50,407.61,994.66,407.46,994.74,407.28,994.68,407.06
EK_frame_0000037360_l.jpg,0,399.18,659.10,398.94,658.83,398.82,658.56,398.77,658.31,398.73,658.05,399.01,658.32,398.83,658.17,398.68,658.31,398.67,658.52,399.13,658.37,398.86,658.40,398.70,658.54,398.60,658.72,399.20,658.58,398.94,658.56,398.79,658.72,398.76,658.89,399.21,658.77,399.08,658.65,398.93,658.73,398.85,658.84
EK_frame_0000037385_r.jpg,0,887.77,609.61,887.93,609.39,888.10,609.24,888.24,609.07,888.37,608.85,887.87,608.90,887.94,608.66,888.00,608.55,888.04,608.50,887.69,608.87,887.65,608.64,887.66,608.65,887.68,608.75,887.51,608.99,887.49,608.79,887.51,608.81,887.57,608.92,887.38,609.10,887.32,608.97,887.30,609.01,887.35,609.11
EK_frame_0000037516_l.jpg,0,510.58,605.83,510.43,605.78,510.33,605.67,510.27,605.53,510.26,605.37,510.27,605.44,510.25,605.28,510.30,605.27,510.35,605.30,510.36,605.34,510.35,605.18,510.41,605.21,510.47,605.29,510.51,605.34,510.50,605.20,510.55,605.25,510.59,605.36,510.63,605.36,510.64,605.26,510.67,605.30,510.67,605.40
EK_frame_0000037591_l.jpg,0,667.76,820.53,667.63,820.35,667.48,820.27,667.38,820.18,667.36,820.07,667.76,820.10,667.62,820.05,667.51,820.11,667.45,820.23,667.86,820.16,667.68,820.18,667.56,820.23,667.48,820.32,667.90,820.31,667.74,820.27,667.61,820.31,667.56,820.40,667.90,820.44,667.81,820.37,667.71,820.36,667.64,820.41
EK_frame_0000037641_l.jpg,0,375.82,523.97,375.63,523.77,375.46,523.59,375.31,523.45,375.12,523.25,375.48,523.38,375.24,523.34,375.11,523.44,375.02,523.58,375.48,523.42,375.24,523.44,375.10,523.55,375.01,523.65,375.51,523.60,375.29,523.56,375.14,523.64,375.06,523.72,375.51,523.76,375.36,523.71,375.24,523.74,375.15,523.78
EK_frame_0000037870_l.jpg,0,514.91,793.80,514.78,793.57,514.73,793.37,514.73,793.19,514.75,793.01,514.94,793.25,514.93,793.08,514.82,793.07,514.69,793.15,515.04,793.31,514.86,793.26,514.71,793.31,514.57,793.41,515.07,793.47,514.98,793.34,514.86,793.35,514.72,793.43,515.06,793.61,515.05,793.49,514.97,793.47,514.86,793.49
EK_frame_0000037963_l.jpg,0,610.63,457.86,610.42,457.63,610.32,457.40,610.28,457.18,610.27,456.98,610.50,457.16,610.39,457.00,610.26,457.12,610.21,457.31,610.60,457.18,610.44,457.09,610.32,457.22,610.21,457.38,610.66,457.35,610.52,457.20,610.37,457.29,610.27,457.45,610.67,457.51,610.62,457.36,610.51,457.38,610.41,457.47
EK_frame_0000037967_l.jpg,0,692.67,448.89,692.47,448.65,692.37,448.43,692.33,448.22,692.32,448.05,692.55,448.21,692.44,448.07,692.31,448.18,692.26,448.36,692.65,448.24,692.50,448.16,692.38,448.28,692.27,448.43,692.71,448.41,692.59,448.26,692.45,448.34,692.35,448.50,692.73,448.57,692.68,448.43,692.56,448.46,692.47,448.54
EK_frame_0000037992_r.jpg,0,1277.33,644.91,1277.56,644.84,1277.69,644.68,1277.80,644.55,1277.90,644.35,1277.50,644.54,1277.59,644.33,1277.70,644.25,1277.83,644.29,1277.36,644.43,1277.49,644.25,1277.61,644.19,1277.74,644.27,1277.24,644.39,1277.39,644.24,1277.51,644.15,1277.67,644.22,1277.19,644.36,1277.29,644.26,1277.40,644.18,1277.53,644.21
EK_frame_0000038467_l.jpg,0,1060.69,126.25,1060.79,126.29,1060.93,126.24,1061.06,126.17,1061.29,126.05,1061.04,125.87,1061.27,125.80,1061.38,125.95,1061.37,126.14,1061.15,125.75,1061.38,125.87,1061.48,126.04,1061.52,126.25,1061.21,125.77,1061.39,125.78,1061.53,125.93,1061.51,126.14,1061.25,125.83,1061.36,125.76,1061.49,125.81,1061.50,125.94
EK_frame_0000038492_r.jpg,0,1577.22,657.99,1577.26,657.90,1577.34,657.79,1577.42,657.67,1577.56,657.50,1577.14,657.41,1577.27,657.20,1577.44,657.17,1577.64,657.21,1577.16,657.27,1577.38,657.17,1577.56,657.23,1577.69,657.39,1577.24,657.28,1577.43,657.23,1577.60,657.33,1577.71,657.50,1577.34,657.31,1577.46,657.28,1577.57,657.35,1577.64,657.48
EK_frame_0000040362_l.jpg,0,-13.53,722.28,-13.58,721.96,-13.51,721.71,-13.44,721.50,-13.37,721.27,-13.34,721.65,-13.54,721.51,-13.72,721.51,-13.91,721.58,-13.32,721.75,-13.57,721.68,-13.76,721.71,-13.92,721.77,-13.39,721.95,-13.57,721.80,-13.77,721.83,-13.91,721.89,-13.48,722.10,-13.56,721.95,-13.71,721.92,-13.82,721.93
EK_frame_0000040437_l.jpg,0,-77.36,493.01,-77.58,492.63,-77.73,492.32,-77.79,492.06,-77.77,491.99,-77.36,492.09,-77.44,491.90,-77.62,491.86,-77.86,491.86,-77.24,492.19,-77.56,492.20,-77.79,492.31,-77.98,492.47,-77.21,492.47,-77.41,492.28,-77.68,492.30,-77.92,492.42,-77.23,492.70,-77.29,492.51,-77.48,492.46,-77.68,492.46
EK_frame_0000040512_l.jpg,0,252.09,412.98,251.94,412.65,251.84,412.38,251.80,412.17,251.81,412.09,252.15,412.20,252.03,412.03,251.87,412.00,251.65,412.00,252.23,412.28,251.97,412.29,251.78,412.40,251.65,412.50,252.23,412.51,252.01,412.39,251.80,412.48,251.68,412.59,252.19,412.69,252.09,412.54,251.91,412.57,251.81,412.62
EK_frame_0000040519_l.jpg,0,246.55,438.94,246.41,438.63,246.32,438.37,246.28,438.15,246.30,438.04,246.61,438.18,246.52,438.00,246.37,437.96,246.17,437.96,246.70,438.26,246.47,438.22,246.28,438.28,246.10,438.38,246.71,438.47,246.49,438.37,246.28,438.45,246.15,438.57,246.67,438.64,246.56,438.50,246.40,438.53,246.28,438.60
