image_name,hand_idx,lm_0_x,lm_0_y,lm_1_x,lm_1_y,lm_2_x,lm_2_y,lm_3_x,lm_3_y,lm_4_x,lm_4_y,lm_5_x,lm_5_y,lm_6_x,lm_6_y,lm_7_x,lm_7_y,lm_8_x,lm_8_y,lm_9_x,lm_9_y,lm_10_x,lm_10_y,lm_11_x,lm_11_y,lm_12_x,lm_12_y,lm_13_x,lm_13_y,lm_14_x,lm_14_y,lm_15_x,lm_15_y,lm_16_x,lm_16_y,lm_17_x,lm_17_y,lm_18_x,lm_18_y,lm_19_x,lm_19_y,lm_20_x,lm_20_y
EK_0003_P01_107_frame_0000002908_r.jpg,0,1126.36,906.53,1070.23,861.09,1050.55,804.68,1036.05,755.51,1025.21,715.66,1146.66,770.50,1181.02,696.69,1176.64,658.69,1167.33,635.53,1187.87,791.68,1232.17,717.75,1236.93,678.61,1233.37,652.81,1210.01,816.27,1242.42,753.65,1244.72,715.74,1240.44,692.23,1215.98,838.42,1232.68,792.31,1227.61,763.18,1219.83,747.62
EK_0003_P01_107_frame_0000005267_r.jpg,0,1309.81,407.86,1241.61,396.00,1194.72,357.39,1157.93,337.66,1138.42,338.45,1215.55,260.93,1155.24,268.17,1145.68,300.39,1155.83,325.28,1257.55,251.59,1196.91,269.97,1185.33,305.52,1189.44,330.33,1290.81,262.99,1235.19,278.36,1220.61,305.79,1225.63,331.06,1311.89,281.78,1262.46,292.92,1248.40,312.68,1249.78,333.35
EK_0003_P01_107_frame_0000005328_l.jpg,0,1276.06,478.22,1216.60,491.90,1176.56,488.82,1150.88,498.06,1129.57,514.13,1172.73,401.50,1152.95,369.15,1144.62,353.04,1138.80,343.01,1209.69,379.15,1208.85,370.87,1215.17,385.97,1223.19,401.72,1248.14,376.28,1249.76,371.38,1255.43,385.60,1260.92,400.62,1281.65,383.18,1285.05,380.12,1288.46,392.68,1292.61,406.88
EK_0003_P01_107_frame_0000005701_r.jpg,0,1114.42,794.56,1039.79,832.79,968.11,831.28,902.26,825.57,856.86,836.73,933.96,728.56,859.44,750.00,868.13,778.41,886.02,788.59,950.81,683.59,873.49,704.70,883.21,738.12,904.19,750.62,976.41,660.34,902.09,664.48,901.47,692.74,921.47,710.25,1001.68,653.03,947.22,648.63,938.53,667.27,948.98,680.68
EK_0003_P01_107_frame_0000005701_r.jpg,1,657.13,1019.84,733.50,997.56,782.70,921.92,820.14,859.43,844.67,817.20,719.67,836.90,792.14,775.57,838.93,787.10,863.24,805.68,679.96,822.51,743.40,744.54,779.57,767.82,792.45,797.38,659.83,827.91,717.36,770.33,752.44,788.99,767.83,810.30,656.44,844.11,699.66,798.92,730.43,806.68,748.05,821.63
EK_00084_P04_06_frame_0000001555_l.jpg,0,1193.21,870.82,1127.75,860.78,1096.35,815.23,1082.25,769.29,1064.51,740.84,1108.59,761.55,1099.52,698.20,1104.85,685.54,1112.13,687.31,1147.90,751.04,1132.61,690.48,1128.20,689.55,1128.32,699.35,1183.16,753.76,1164.38,716.53,1152.73,727.14,1150.83,741.77,1213.38,763.05,1190.53,743.99,1178.44,750.25,1177.42,763.90
EK_00084_P04_06_frame_0000003296_l.jpg,0,677.25,897.36,662.83,824.53,665.24,789.72,685.57,777.88,697.98,764.93,667.08,812.98,672.96,791.06,680.66,783.75,688.85,778.88,681.51,839.63,677.47,822.88,672.61,818.35,671.96,823.41,692.06,864.89,689.25,850.50,685.26,846.90,688.03,841.74,701.51,887.14,702.42,877.15,700.65,874.52,700.91,876.56
EK_00084_P04_06_frame_0000003560_r.jpg,0,1026.40,1045.11,1069.90,974.60,1096.15,930.64,1110.78,898.04,1120.45,871.27,1048.84,904.51,1072.46,886.41,1096.97,884.51,1112.21,889.45,1052.29,933.63,1095.78,919.75,1128.59,931.48,1145.10,950.36,1059.95,961.82,1105.00,956.20,1133.02,966.09,1144.83,982.10,1067.73,986.73,1101.92,987.10,1121.32,991.75,1132.10,1000.25
EK_00084_P04_06_frame_0000004126_l.jpg,0,975.95,988.48,1046.00,936.91,1076.64,863.24,1108.69,811.33,1148.18,784.25,963.38,807.25,1012.07,726.56,1050.67,692.89,1078.73,671.87,927.16,809.42,964.72,718.66,1011.69,692.84,1046.50,683.48,911.64,821.26,935.58,743.05,974.48,719.76,1005.86,711.51,910.05,831.38,925.11,772.51,949.05,748.88,972.56,737.89
EK_00084_P04_06_frame_0000004126_l.jpg,1,1508.55,895.91,1434.97,838.54,1373.90,774.81,1322.60,727.28,1283.21,690.80,1445.76,690.24,1364.26,658.16,1311.38,676.79,1278.07,703.26,1447.70,714.00,1358.90,708.68,1324.37,758.50,1314.92,804.86,1442.57,744.02,1366.96,737.86,1341.01,785.11,1339.32,828.78,1438.72,767.46,1384.33,773.85,1361.76,801.47,1358.16,825.34
EK_00084_P04_06_frame_0000004648_l.jpg,0,1033.67,1076.86,1083.07,1010.91,1118.40,966.72,1142.29,937.98,1154.18,912.37,1076.99,946.41,1079.13,910.58,1091.74,897.52,1101.99,894.90,1081.06,974.24,1116.83,958.77,1141.36,967.50,1155.06,979.68,1086.17,1004.27,1129.74,1006.54,1146.11,1018.98,1152.15,1032.89,1090.68,1031.41,1122.16,1038.91,1132.52,1047.03,1134.09,1057.67
EK_00084_P04_06_frame_0000006190_r.jpg,0,1312.03,1059.15,1355.27,1010.79,1346.33,953.75,1317.55,913.98,1290.58,891.94,1286.23,967.08,1256.86,903.35,1245.46,860.06,1240.21,830.65,1249.95,980.82,1228.61,914.23,1225.70,873.51,1226.98,846.28,1229.65,992.13,1219.67,932.92,1224.82,898.40,1232.76,877.56,1221.87,1000.16,1222.36,954.22,1236.37,931.09,1250.91,923.89
EK_00084_P04_06_frame_0000009087_l.jpg,0,729.26,742.33,797.58,733.02,844.55,689.05,866.79,642.42,875.02,609.93,826.73,629.40,849.97,551.30,862.62,518.38,870.97,494.92,799.39,613.95,832.67,541.09,849.79,511.68,863.62,492.84,775.83,609.06,809.55,542.18,829.31,509.04,845.30,485.94,760.00,608.82,787.95,551.87,807.01,522.29,822.77,501.76
EK_00084_P04_06_frame_0000009310_r.jpg,0,1070.61,1090.20,1120.54,1096.01,1165.67,1090.09,1200.47,1079.35,1229.39,1069.88,1137.83,1077.97,1189.47,1030.63,1218.51,1010.78,1239.90,1002.19,1106.39,1053.43,1157.62,993.49,1192.66,972.02,1216.04,966.02,1077.74,1033.30,1118.09,977.49,1151.06,959.86,1175.16,954.74,1056.69,1019.90,1082.67,976.25,1105.92,959.48,1123.51,955.31
EK_00084_P04_06_frame_0000009310_r.jpg,1,1478.24,1111.41,1439.05,1072.86,1414.02,1018.10,1396.17,975.18,1378.70,940.22,1461.44,982.24,1424.65,936.84,1395.78,918.92,1373.63,908.76,1464.08,1001.48,1427.51,965.45,1394.01,946.89,1365.11,939.97,1459.58,1023.38,1419.84,1003.59,1383.32,993.67,1351.21,988.56,1452.52,1043.55,1409.30,1035.22,1375.63,1034.52,1345.62,1035.87
EK_00084_P04_06_frame_0000010271_l.jpg,0,738.63,740.52,808.41,707.38,841.58,641.68,867.26,586.56,884.77,548.14,775.69,581.94,834.04,526.53,869.23,538.77,883.21,558.18,758.93,588.38,818.62,546.68,854.14,562.24,871.48,582.07,755.43,606.49,813.25,579.59,845.55,592.24,862.77,611.11,760.11,626.25,804.72,607.14,833.66,616.08,851.80,633.49
EK_00084_P04_06_frame_0000011826_r.jpg,0,684.07,793.93,779.03,789.47,854.60,743.78,916.64,710.32,965.66,690.74,807.01,626.66,901.35,640.67,914.92,683.95,906.45,704.57,777.05,618.66,869.73,641.28,887.61,681.79,884.12,709.53,754.90,632.70,838.16,653.53,860.02,688.77,861.90,716.36,742.37,651.70,809.13,664.19,829.05,691.92,834.35,715.82
EK_00084_P04_06_frame_0000011826_r.jpg,1,1346.29,912.90,1302.66,860.85,1255.26,798.35,1193.87,762.07,1147.81,738.50,1299.77,727.75,1222.36,689.05,1205.43,719.52,1212.78,747.76,1283.89,747.75,1214.42,721.39,1199.43,754.53,1202.85,782.09,1271.55,774.73,1213.45,752.59,1202.13,777.04,1206.71,797.70,1265.56,799.06,1218.21,782.89,1210.12,799.66,1218.02,815.82
EK_00084_P04_06_frame_0000012523_r.jpg,0,778.77,779.39,862.91,778.00,928.16,767.70,979.21,763.72,1023.09,755.05,908.91,678.15,956.15,652.20,988.19,658.55,1004.73,666.44,890.39,690.10,941.69,669.51,971.61,682.45,986.79,699.78,875.78,705.90,916.78,693.22,947.47,700.66,966.71,714.83,865.88,726.43,899.91,718.21,923.21,724.81,940.13,734.98
EK_00084_P04_06_frame_0000013049_l.jpg,0,707.74,695.10,783.84,712.10,833.98,700.51,866.14,689.57,889.09,690.01,835.53,610.21,873.40,588.64,887.54,596.39,890.28,607.01,806.71,605.19,847.49,601.28,864.21,619.68,873.82,634.68,782.94,609.91,817.42,608.83,836.13,627.15,845.53,645.10,763.98,616.59,794.50,619.32,811.11,634.50,819.81,650.98
EK_00084_P04_06_frame_0000014060_r.jpg,0,577.77,577.81,670.19,603.50,741.86,563.59,795.03,520.52,838.46,502.97,732.93,456.26,820.18,417.94,846.35,450.74,846.29,482.64,694.64,427.71,774.37,428.94,791.65,471.25,789.36,496.98,660.66,424.49,722.60,438.41,737.85,473.09,734.34,499.12,634.57,429.71,685.35,440.09,700.66,466.83,700.48,490.07
EK_00084_P04_06_frame_0000017084_r.jpg,0,1414.82,691.80,1344.25,668.71,1290.87,630.73,1249.51,604.18,1211.85,587.81,1333.72,545.85,1283.03,506.49,1254.10,512.03,1241.90,528.65,1354.28,549.57,1304.56,512.96,1274.26,517.53,1256.94,529.00,1363.82,563.70,1321.18,534.28,1291.18,532.81,1272.34,541.32,1368.42,578.89,1331.61,554.27,1307.99,550.61,1291.75,556.08
EK_00084_P04_06_frame_0000018536_l.jpg,0,891.89,697.42,975.58,652.68,1005.43,577.79,1021.14,521.16,1040.96,478.36,919.36,516.21,926.99,433.93,943.85,411.93,956.06,408.54,876.20,522.54,894.18,446.77,918.56,429.69,936.39,425.77,850.21,537.81,873.72,475.36,897.91,459.36,915.39,455.46,840.33,556.14,861.47,506.16,885.08,491.00,901.47,491.55
EK_00084_P04_06_frame_0000019118_l.jpg,0,1198.80,1062.33,1271.27,1020.40,1321.92,943.10,1326.62,868.17,1297.82,815.35,1268.96,879.67,1263.82,824.28,1276.07,820.32,1288.03,838.13,1225.32,881.74,1210.02,815.26,1235.02,837.78,1256.14,878.60,1184.22,891.95,1175.41,832.84,1208.41,861.14,1232.35,904.76,1142.45,912.66,1143.86,863.39,1167.05,865.56,1187.76,884.21
EK_00084_P04_06_frame_0000021119_r.jpg,0,1563.00,993.98,1474.54,980.06,1425.83,920.78,1417.60,868.15,1410.50,839.30,1457.84,850.08,1409.32,797.43,1381.83,772.89,1361.97,753.25,1505.44,842.57,1462.02,803.34,1445.16,817.70,1441.34,836.15,1542.12,851.02,1498.08,827.39,1476.48,840.52,1472.54,855.38,1572.27,864.71,1534.35,847.92,1512.46,854.57,1505.82,869.87
EK_00084_P04_06_frame_0000022296_r.jpg,0,1262.91,722.62,1201.35,690.91,1169.41,611.96,1150.00,541.41,1131.51,486.81,1253.15,550.63,1207.67,455.64,1166.52,419.90,1127.62,396.24,1261.70,549.05,1203.72,471.46,1145.46,446.15,1095.95,441.58,1256.07,556.38,1201.66,487.84,1149.85,468.25,1106.34,460.51,1244.85,563.21,1204.16,513.01,1164.40,493.86,1129.23,486.62
EK_00084_P04_06_frame_0000022420_r.jpg,0,993.50,821.78,923.08,856.64,858.50,843.55,808.45,803.39,772.06,772.85,856.13,759.14,784.57,715.23,740.92,692.85,713.37,678.00,886.15,719.85,817.15,669.65,776.83,649.96,754.41,639.68,918.23,696.72,864.15,649.98,837.84,646.32,828.86,653.41,950.60,687.23,917.06,645.41,896.01,645.52,889.29,657.03
EK_00084_P04_06_frame_0000022420_r.jpg,1,704.99,1038.04,734.72,970.06,711.82,895.41,690.90,834.85,675.93,781.89,618.30,897.98,663.15,830.64,706.44,849.73,721.16,876.81,605.02,909.11,663.08,852.19,702.71,874.81,716.01,901.88,609.89,921.66,662.72,869.09,696.38,890.03,706.80,910.90,616.46,927.28,655.24,884.74,680.22,901.59,690.04,917.04
EK_00084_P04_06_frame_0000023349_l.jpg,0,733.55,846.30,801.98,813.50,833.73,759.61,835.88,710.39,847.63,678.35,781.20,694.79,801.80,627.76,818.84,624.89,825.49,637.59,737.52,692.69,761.30,629.07,782.24,630.50,792.65,641.93,706.90,703.01,726.91,646.96,749.53,641.38,764.09,647.84,686.29,721.53,703.24,678.17,725.10,668.98,740.29,672.30
EK_00084_P04_06_frame_0000023674_l.jpg,0,799.09,657.43,867.80,668.87,919.53,644.38,943.97,608.75,957.25,587.95,897.63,575.10,939.42,515.94,962.70,494.97,977.01,487.40,863.78,552.41,911.50,491.27,938.92,474.03,955.83,472.86,833.56,543.62,870.63,482.30,898.32,464.72,916.50,463.27,807.95,546.94,831.43,507.25,848.39,504.16,859.24,512.54
EK_00084_P04_06_frame_0000023674_l.jpg,1,1486.49,703.13,1393.36,730.37,1330.10,699.51,1302.45,652.37,1296.34,616.99,1278.41,639.83,1215.22,618.26,1186.88,614.37,1165.89,614.10,1308.91,591.05,1263.28,546.68,1270.45,549.13,1283.83,562.69,1355.23,560.08,1331.91,543.55,1342.54,566.55,1358.61,587.31,1402.69,540.77,1384.63,542.27,1390.17,563.40,1403.60,583.36
EK_00084_P04_06_frame_0000023820_r.jpg,0,1497.51,834.57,1442.28,794.10,1377.84,767.66,1328.56,751.65,1294.49,731.97,1378.17,724.83,1323.13,704.89,1279.92,699.68,1247.28,694.64,1376.35,759.17,1322.00,777.54,1339.81,805.68,1372.81,818.83,1379.94,791.40,1336.31,812.70,1368.32,839.37,1401.70,849.11,1387.49,816.94,1360.31,838.05,1384.07,857.02,1410.08,859.09
EK_00084_P04_06_frame_0000026043_r.jpg,0,1807.30,911.32,1722.45,921.33,1633.27,890.79,1569.18,867.85,1517.14,848.78,1630.09,787.86,1533.14,790.85,1481.08,798.48,1438.27,794.75,1651.08,785.70,1563.92,797.85,1503.11,809.97,1454.83,819.25,1666.84,801.38,1602.22,834.18,1576.93,868.11,1561.04,886.93,1676.73,812.42,1627.41,845.06,1608.39,876.00,1597.46,899.03
EK_00084_P04_06_frame_0000026043_r.jpg,1,898.53,906.34,982.88,873.29,1025.18,823.97,1034.28,780.30,1013.82,767.13,967.71,730.96,990.56,696.72,1004.31,728.69,1002.60,758.12,920.90,733.27,950.54,696.60,969.40,723.27,970.74,750.50,883.84,751.26,913.77,726.31,933.17,746.65,935.96,774.39,858.15,777.21,883.17,759.07,901.27,773.81,906.64,796.45
EK_00084_P04_06_frame_0000026658_r.jpg,0,688.99,828.07,748.62,789.53,772.22,741.28,783.85,703.28,805.59,681.30,712.96,684.14,746.21,652.86,770.59,658.91,785.76,669.89,679.70,691.89,713.73,666.08,739.59,673.74,755.64,685.73,658.27,711.60,685.33,684.68,710.10,687.74,728.58,699.90,647.46,734.33,665.27,712.95,686.36,712.95,702.50,722.40
EK_00084_P04_06_frame_0000027166_l.jpg,0,711.13,881.89,770.51,845.29,797.82,803.23,820.54,769.95,849.04,756.33,749.79,738.10,781.09,696.29,800.32,694.15,812.24,698.85,713.17,738.06,744.90,703.89,765.74,710.11,777.66,720.11,687.28,751.51,712.08,720.19,733.54,721.94,748.33,731.72,671.40,769.12,689.25,744.30,709.08,741.99,723.48,748.74
EK_00084_P04_06_frame_0000033123_l.jpg,0,708.94,847.12,787.82,793.39,814.51,708.99,830.64,635.25,856.30,589.20,714.30,685.68,774.26,591.65,823.97,576.96,857.64,579.53,668.24,677.43,739.88,587.90,790.92,588.02,820.16,602.21,648.04,678.97,718.82,602.53,762.10,604.17,785.42,618.91,642.97,686.53,694.26,629.25,731.81,625.03,755.29,635.20
EK_00084_P04_06_frame_0000033695_r.jpg,0,1384.24,398.29,1311.04,396.97,1265.44,365.32,1241.14,331.38,1229.69,309.72,1272.43,304.03,1237.85,289.65,1240.50,315.39,1250.36,332.56,1307.18,278.89,1283.38,281.62,1282.77,308.18,1292.57,324.84,1344.45,272.19,1321.86,276.48,1318.76,302.92,1327.72,317.28,1377.27,276.84,1353.93,278.28,1346.89,301.17,1350.68,318.05
EK_00084_P04_06_frame_0000034235_r.jpg,0,1462.83,440.17,1398.51,470.00,1349.80,458.28,1320.86,435.86,1309.86,409.94,1306.01,430.61,1270.60,392.42,1281.79,382.02,1296.35,382.82,1315.31,393.05,1259.10,357.34,1272.82,351.77,1292.06,356.38,1337.62,359.82,1275.97,325.64,1288.59,325.57,1305.49,332.70,1372.42,333.88,1319.20,301.98,1322.23,306.76,1336.80,318.52
EK_00084_P04_06_frame_0000035679_r.jpg,0,1349.76,857.84,1289.87,862.42,1260.75,840.27,1252.94,825.39,1254.55,817.43,1288.42,766.09,1283.06,723.13,1276.66,704.82,1273.32,701.80,1322.23,761.42,1315.63,716.71,1308.90,701.70,1303.82,697.18,1350.96,766.53,1347.68,728.20,1339.33,713.61,1335.15,706.19,1372.62,783.64,1366.54,756.50,1357.11,749.15,1350.78,748.44
EK_00084_P04_06_frame_0000041953_r.jpg,0,1320.11,719.40,1247.12,736.18,1195.67,703.99,1176.17,655.07,1171.50,625.48,1198.92,622.22,1165.51,569.57,1154.62,557.71,1153.27,559.40,1238.96,600.18,1202.14,546.00,1183.42,539.13,1172.76,541.88,1272.59,596.40,1242.16,551.71,1220.87,547.82,1213.21,552.27,1305.05,601.58,1277.32,564.41,1257.82,560.29,1249.42,564.20
EK_00084_P04_06_frame_0000041953_r.jpg,1,721.56,1058.07,791.87,1018.60,815.74,958.70,830.77,906.52,854.97,873.08,774.06,887.14,777.66,824.98,789.94,814.20,798.51,822.57,730.97,887.22,741.03,831.74,757.52,830.16,768.48,835.93,696.99,900.26,709.08,855.49,728.34,850.03,740.56,858.00,672.27,921.92,688.26,895.98,709.34,892.35,722.96,900.94
EK_00084_P04_06_frame_0000042463_l.jpg,0,1013.16,665.11,1089.38,602.46,1131.16,500.83,1164.59,407.76,1189.99,342.30,997.44,442.81,1061.60,340.43,1128.59,308.65,1171.70,301.69,972.19,444.91,1050.75,358.90,1111.64,377.19,1137.47,407.89,973.00,455.12,1051.01,390.78,1101.69,422.54,1119.59,463.70,980.57,465.38,1040.84,419.18,1087.33,436.41,1107.64,466.24
EK_00084_P04_06_frame_0000042714_r.jpg,0,1282.20,841.72,1213.05,831.46,1169.90,792.26,1144.12,754.16,1130.73,724.35,1211.62,735.03,1207.49,667.67,1198.13,637.98,1188.19,619.83,1246.18,727.11,1229.25,667.20,1207.72,643.17,1190.27,634.44,1275.37,730.77,1262.71,675.51,1249.35,647.09,1237.04,631.45,1299.79,740.27,1298.26,697.30,1295.15,672.11,1291.05,654.06
EK_0016_P07_101_frame_0000000776_l.jpg,0,1336.65,865.57,1274.95,827.41,1253.23,778.44,1247.45,738.59,1243.92,716.23,1329.16,716.20,1316.14,687.36,1297.99,700.30,1289.90,719.02,1369.23,733.80,1341.08,717.64,1319.82,730.13,1313.81,748.11,1391.38,760.85,1367.58,745.80,1350.29,755.37,1343.61,773.29,1406.29,788.06,1384.79,772.57,1371.35,781.62,1365.78,796.82
EK_0016_P07_101_frame_0000002469_r.jpg,0,840.50,988.72,893.93,998.55,933.95,970.77,953.29,942.32,968.55,923.37,912.04,879.60,939.27,843.61,959.36,859.27,966.32,883.33,878.68,868.85,911.57,821.08,935.79,840.43,944.53,867.10,848.19,872.62,876.50,831.56,900.81,845.55,911.15,866.62,824.82,888.82,848.00,858.99,869.69,864.93,879.79,878.12
EK_0016_P07_101_frame_0000002469_r.jpg,1,1330.82,932.26,1289.93,894.19,1262.27,844.99,1237.70,805.09,1215.30,769.12,1306.50,799.68,1282.95,753.69,1259.34,728.06,1237.60,717.76,1307.45,818.18,1288.48,775.90,1259.70,754.01,1233.19,740.63,1302.86,839.48,1278.44,812.80,1253.05,792.99,1229.97,779.52,1294.91,861.64,1269.01,846.71,1251.91,839.33,1238.07,834.34
EK_0016_P07_101_frame_0000003151_l.jpg,0,877.67,747.66,853.49,758.95,826.77,763.93,808.79,764.19,794.75,769.25,842.28,746.82,849.51,731.11,851.58,734.77,852.04,742.42,858.68,733.59,863.86,712.80,862.73,719.97,861.04,729.13,872.72,723.16,878.05,700.41,879.42,708.17,880.05,718.01,886.40,716.82,896.43,696.27,899.71,699.31,901.05,706.64
EK_0016_P07_101_frame_0000004586_l.jpg,0,771.77,663.82,844.15,669.18,897.09,628.75,935.10,585.25,968.16,562.55,883.58,583.21,941.76,520.16,967.66,487.18,982.71,464.63,840.73,552.83,904.35,485.63,936.47,457.73,954.15,443.28,800.23,535.03,854.07,469.67,891.00,447.13,915.38,436.07,767.41,530.66,811.77,488.85,841.51,475.73,864.43,469.76
EK_0016_P07_101_frame_0000004586_l.jpg,1,1275.91,836.57,1173.72,839.05,1116.30,777.07,1101.23,712.12,1099.08,673.13,1158.52,670.41,1108.60,608.00,1072.13,578.62,1047.99,557.15,1216.76,660.28,1156.12,661.72,1142.18,696.76,1155.28,717.51,1257.45,674.86,1203.89,672.76,1189.19,700.82,1200.97,717.38,1284.93,695.99,1245.73,689.75,1235.41,708.35,1244.51,729.91
EK_0016_P07_101_frame_0000005488_l.jpg,0,872.65,643.59,921.10,665.15,957.66,672.15,986.46,679.37,1012.79,688.34,963.20,595.90,1008.77,561.77,1034.93,540.89,1055.40,524.43,933.98,568.91,974.50,522.17,1000.22,494.53,1020.67,474.61,898.60,555.83,930.85,509.46,951.59,480.91,969.36,459.15,864.00,554.60,874.15,515.39,881.14,489.25,889.68,466.43
EK_0016_P07_101_frame_0000005488_l.jpg,1,1280.12,620.32,1222.81,643.05,1176.27,622.09,1150.59,589.71,1138.02,567.90,1185.18,568.97,1130.83,537.44,1122.89,555.62,1135.04,571.27,1211.99,540.75,1155.12,501.33,1134.19,519.64,1135.57,537.78,1237.11,526.69,1188.24,491.21,1168.90,509.65,1172.21,525.16,1260.72,524.45,1225.29,503.00,1210.06,516.36,1215.25,530.48
EK_0016_P07_101_frame_0000007678_r.jpg,0,1264.64,1055.45,1193.81,1063.05,1137.86,1033.25,1096.50,1008.45,1063.91,991.53,1152.61,934.16,1089.77,923.38,1063.38,940.01,1054.73,959.23,1184.29,921.04,1119.19,912.17,1088.03,930.87,1072.38,951.84,1205.28,925.10,1145.19,916.82,1114.06,929.02,1096.16,946.11,1218.32,937.17,1166.29,925.46,1137.68,931.14,1119.42,945.41
EK_0016_P07_101_frame_0000008786_l.jpg,0,1477.33,923.04,1394.46,898.64,1343.55,841.84,1319.21,791.63,1306.59,754.85,1392.77,765.45,1356.76,711.30,1334.84,696.34,1318.32,689.59,1441.19,755.26,1394.56,718.14,1373.49,733.24,1369.29,753.65,1479.49,761.71,1438.28,722.15,1415.20,733.53,1407.16,752.66,1508.14,773.79,1476.44,737.26,1453.01,738.78,1442.56,753.14
EK_0016_P07_101_frame_0000009901_l.jpg,0,1280.90,739.34,1231.74,702.40,1205.09,649.33,1173.64,612.00,1148.29,587.20,1286.13,590.24,1231.31,543.45,1188.92,550.05,1160.87,562.11,1297.84,603.23,1231.24,568.08,1188.41,581.01,1160.98,600.20,1297.20,619.82,1235.62,593.35,1197.94,603.08,1172.26,618.32,1293.47,633.55,1246.27,617.05,1215.19,620.77,1191.89,628.78
EK_0016_P07_101_frame_0000009901_l.jpg,1,940.75,685.61,1001.35,677.57,1055.51,642.68,1098.79,624.30,1131.10,619.22,998.68,544.49,1057.69,522.08,1095.43,544.09,1114.44,569.02,975.43,544.75,1047.71,547.57,1086.02,582.39,1105.16,614.09,960.83,559.30,1024.97,575.13,1063.16,604.23,1083.09,634.35,952.75,577.01,1002.34,590.83,1034.56,609.89,1053.74,631.33
EK_0016_P07_101_frame_0000011086_r.jpg,0,1356.90,727.93,1311.83,671.57,1283.34,621.71,1257.10,592.68,1230.47,567.26,1375.97,597.90,1385.58,561.58,1368.13,554.66,1352.83,561.49,1389.56,617.55,1389.39,589.04,1371.41,579.21,1357.73,580.63,1391.32,639.27,1383.12,615.88,1371.52,601.88,1357.98,599.82,1386.00,659.93,1380.85,634.05,1370.77,622.58,1360.53,620.09
EK_0016_P07_101_frame_0000011276_l.jpg,0,787.09,804.79,828.06,803.80,859.45,783.33,879.26,768.85,892.85,759.47,846.34,713.68,867.18,693.54,880.82,706.06,884.53,723.82,822.60,707.76,844.10,687.09,858.46,699.17,864.97,715.74,801.79,710.88,823.40,694.16,839.65,701.61,846.46,715.63,786.86,723.43,805.82,709.95,820.76,714.56,828.35,723.72
EK_0016_P07_101_frame_0000011621_r.jpg,0,1357.74,824.85,1295.54,845.70,1253.07,834.06,1227.58,819.20,1219.93,807.09,1243.19,741.48,1198.41,694.80,1178.85,689.88,1176.78,696.60,1277.48,718.55,1230.05,666.04,1213.24,671.84,1207.72,683.88,1309.35,709.96,1268.61,665.80,1250.24,672.52,1245.13,682.95,1335.37,712.43,1302.50,679.40,1284.88,682.54,1282.14,691.64
EK_0016_P07_101_frame_0000012176_r.jpg,0,1371.27,676.31,1297.21,701.48,1240.93,683.79,1201.50,663.30,1170.85,651.45,1262.12,581.99,1220.84,540.06,1196.15,519.65,1180.04,509.23,1304.08,557.24,1267.55,502.07,1241.25,478.11,1223.99,467.34,1340.90,553.19,1312.31,495.61,1289.70,471.53,1270.67,460.67,1370.96,563.96,1372.62,525.38,1365.60,506.13,1355.14,496.73
EK_0016_P07_101_frame_0000012176_r.jpg,1,743.57,883.55,830.77,876.12,864.70,835.19,879.31,795.68,900.32,765.94,867.08,768.26,902.35,717.03,924.03,700.89,931.69,703.69,824.47,750.24,860.06,682.54,884.82,678.86,895.46,691.39,786.41,747.22,826.77,698.16,852.72,698.11,861.73,705.10,756.57,752.34,793.58,726.13,817.95,726.12,827.83,732.86
EK_0016_P07_101_frame_0000012329_l.jpg,0,1369.68,992.04,1259.65,969.38,1181.89,911.74,1121.95,851.37,1080.01,810.83,1224.66,791.46,1121.77,736.68,1071.29,738.47,1038.27,749.90,1281.73,755.23,1194.23,662.25,1142.57,652.08,1107.20,664.30,1331.95,751.23,1261.92,665.56,1208.45,644.75,1170.43,650.66,1371.06,770.77,1333.46,695.16,1291.30,676.04,1259.93,681.78
EK_0016_P07_101_frame_0000012329_l.jpg,1,833.67,842.28,894.31,857.00,956.69,820.68,1010.66,778.49,1049.67,750.67,888.78,728.18,944.57,682.28,976.62,704.74,982.71,726.51,870.77,703.91,941.69,651.11,980.44,682.19,987.39,712.72,866.40,697.24,930.68,653.95,966.22,683.67,974.59,710.43,870.43,702.13,921.73,671.55,949.81,691.08,959.03,712.70
EK_0016_P07_101_frame_0000012621_l.jpg,0,1189.40,924.81,1131.26,872.79,1108.98,804.43,1089.25,750.22,1066.69,704.27,1179.28,744.51,1117.18,705.93,1081.23,707.15,1066.50,715.38,1195.13,759.47,1131.18,724.49,1090.79,740.02,1068.54,760.53,1196.03,779.40,1137.09,758.00,1098.05,776.28,1078.97,799.54,1193.67,792.05,1145.58,780.07,1113.28,790.28,1093.47,804.09
EK_0016_P07_101_frame_0000012621_l.jpg,1,845.66,975.48,911.33,953.41,958.50,906.81,993.92,871.97,1026.79,840.76,916.46,825.28,950.22,779.62,982.64,769.09,1003.32,770.81,904.84,842.32,936.14,798.48,967.15,795.97,991.56,795.31,900.09,865.36,928.63,833.45,956.78,827.31,978.25,829.34,897.81,890.44,925.27,864.10,944.67,858.90,961.65,859.50
EK_0016_P07_101_frame_0000013513_l.jpg,0,769.68,645.20,840.63,623.09,886.39,570.58,911.92,514.10,947.65,485.83,828.98,503.38,888.29,450.39,923.74,444.03,943.05,446.10,791.44,483.28,845.31,404.75,877.73,417.33,891.89,440.79,769.97,479.75,816.33,412.23,847.86,423.18,861.37,441.50,760.93,487.16,794.93,434.12,822.13,434.89,837.14,444.32
EK_0016_P07_101_frame_0000015562_r.jpg,0,968.07,883.86,972.04,811.42,1005.57,757.84,1044.86,730.13,1070.81,713.48,1012.38,760.56,1051.71,731.93,1058.53,727.02,1059.69,726.13,1031.40,794.41,1060.31,765.96,1057.06,757.62,1050.70,757.99,1044.53,824.33,1066.97,794.12,1061.48,781.04,1052.62,778.10,1052.99,849.81,1065.35,819.53,1059.55,805.89,1051.30,802.44
EK_0016_P07_101_frame_0000016025_r.jpg,0,1148.67,890.07,1171.96,821.64,1211.37,773.78,1252.56,756.55,1278.70,742.13,1208.75,771.60,1247.09,767.70,1239.94,780.30,1228.64,786.68,1215.50,811.74,1241.78,812.77,1222.63,823.46,1204.85,824.88,1222.46,849.98,1241.63,851.73,1221.61,859.60,1203.55,859.91,1227.86,885.53,1243.80,892.17,1229.61,897.84,1215.66,898.70
EK_0016_P07_101_frame_0000016025_r.jpg,1,1289.56,1033.15,1250.07,975.85,1248.95,910.15,1252.35,857.27,1254.72,821.03,1344.35,888.40,1329.75,817.03,1302.48,789.12,1278.13,771.29,1360.58,900.62,1339.22,831.22,1304.40,804.97,1272.37,793.85,1359.00,913.93,1337.23,854.75,1305.18,832.71,1275.84,822.13,1350.96,921.98,1331.13,879.83,1308.58,861.59,1285.12,853.03
EK_0016_P07_101_frame_0000016611_l.jpg,0,1261.99,511.91,1397.62,539.76,1518.90,463.31,1637.54,410.01,1752.32,410.51,1485.56,266.81,1634.36,234.66,1678.88,285.57,1689.07,326.23,1437.46,232.96,1586.56,210.84,1642.74,257.58,1667.98,296.16,1399.64,232.03,1540.22,216.92,1598.17,255.94,1629.21,291.60,1380.14,252.78,1493.04,236.84,1547.79,264.77,1578.26,293.59
EK_0016_P07_101_frame_0000016734_l.jpg,0,1269.27,1082.83,1271.78,999.07,1261.73,934.92,1240.98,884.34,1232.50,845.91,1265.98,920.57,1239.23,878.26,1228.16,868.23,1228.80,869.63,1236.88,945.44,1195.72,907.60,1202.01,923.22,1219.86,945.99,1212.81,973.04,1177.08,945.61,1190.49,966.99,1209.90,988.26,1194.46,1001.92,1167.86,975.64,1178.58,991.37,1196.71,1007.48
EK_0016_P07_101_frame_0000016778_r.jpg,0,592.36,902.96,625.80,852.75,623.66,795.56,620.97,753.67,621.82,721.12,563.88,778.17,571.04,729.19,590.92,709.67,604.61,701.21,549.80,787.08,557.97,737.90,576.98,717.01,592.19,702.55,546.59,796.11,556.25,751.18,570.74,728.27,584.11,709.98,552.95,804.54,558.69,762.82,571.26,741.20,583.85,728.40
EK_0016_P07_101_frame_0000016822_l.jpg,0,628.14,883.06,686.31,833.86,697.66,765.75,700.02,713.54,712.13,676.70,626.71,732.83,655.41,668.20,690.05,659.59,714.38,663.88,602.85,740.84,643.08,688.50,678.40,685.42,702.65,691.00,596.74,753.40,638.62,711.29,670.12,707.86,692.97,710.74,600.40,765.18,632.99,730.51,658.05,726.17,677.56,731.02
EK_0016_P07_101_frame_0000016850_l.jpg,0,758.16,820.14,824.14,798.96,856.24,742.09,880.27,694.58,903.68,661.98,790.13,680.70,835.35,619.59,871.93,618.70,893.87,628.16,763.79,674.84,816.36,614.72,855.28,624.33,876.04,644.65,752.86,679.60,801.83,631.71,838.34,642.08,858.61,662.00,753.08,689.77,788.80,656.71,817.89,658.64,837.51,669.61
EK_0016_P07_101_frame_0000018553_r.jpg,0,1194.41,438.85,1165.50,372.91,1148.66,327.36,1120.12,297.10,1097.25,280.96,1206.46,290.10,1209.85,266.15,1196.57,261.96,1184.81,266.22,1181.71,316.33,1156.37,305.30,1131.59,312.77,1115.11,326.35,1160.85,347.02,1129.58,338.62,1110.78,346.93,1099.04,352.83,1143.85,372.32,1117.48,367.68,1108.38,374.61,1109.52,379.22
EK_0016_P07_101_frame_0000018586_l.jpg,0,1326.88,902.98,1263.48,867.88,1231.99,807.90,1207.36,765.77,1181.88,739.04,1305.83,742.07,1297.11,699.54,1276.81,689.60,1263.58,687.08,1320.58,754.17,1290.80,723.96,1260.96,731.38,1246.83,741.46,1323.82,772.17,1288.62,747.20,1261.63,755.49,1247.01,766.84,1324.59,787.77,1289.61,769.78,1266.06,771.68,1251.21,780.13
EK_0016_P07_101_frame_0000019226_r.jpg,0,870.82,797.52,953.06,809.52,1018.53,787.27,1060.88,754.29,1084.36,731.43,1035.91,695.41,1087.90,686.26,1077.97,716.56,1056.96,737.23,1004.60,667.06,1056.40,668.13,1056.58,693.77,1040.89,713.59,969.00,655.30,1008.64,663.74,1009.84,687.26,993.06,706.22,934.06,653.56,967.85,660.98,969.83,679.76,958.07,695.63
EK_0016_P07_101_frame_0000019226_r.jpg,1,1185.98,950.66,1130.49,905.07,1107.32,840.92,1088.05,794.84,1073.97,762.80,1203.37,800.45,1142.04,753.45,1101.08,754.53,1074.95,756.32,1223.83,807.72,1156.76,771.04,1115.27,776.10,1089.35,785.43,1226.21,822.12,1160.64,793.85,1124.45,799.15,1101.92,807.55,1220.93,833.53,1171.84,814.39,1141.34,816.84,1120.21,824.62
EK_0016_P07_101_frame_0000021876_l.jpg,0,851.07,691.97,830.35,614.90,845.81,555.90,882.27,523.19,922.13,518.07,869.29,524.32,915.73,461.92,931.47,466.67,929.51,480.85,912.30,539.88,960.05,486.13,956.99,511.03,943.60,536.25,953.36,568.57,996.15,511.22,987.01,532.16,970.83,555.68,985.65,604.90,1020.68,562.77,1004.67,573.95,984.74,590.12
EK_0016_P07_101_frame_0000022418_l.jpg,0,663.44,816.35,726.90,835.73,785.66,799.98,832.64,766.85,873.30,746.45,750.62,708.67,820.26,677.60,855.93,690.69,875.06,708.74,719.87,684.10,799.34,648.49,829.79,674.76,841.01,702.53,697.26,679.53,769.12,652.73,801.85,675.54,815.73,698.26,683.68,686.68,737.59,665.85,766.51,679.92,782.52,695.71
EK_0018_P07_110_frame_0000000743_r.jpg,0,968.12,1073.81,900.76,1040.72,864.18,997.82,835.12,973.65,816.37,955.79,918.97,921.30,872.43,901.34,838.11,918.76,824.21,941.53,941.73,935.77,894.43,912.63,861.42,933.42,847.54,954.51,952.70,953.42,908.84,933.63,877.33,948.97,865.21,969.66,957.02,968.06,921.66,955.75,895.30,962.92,880.50,977.41
EK_0018_P07_110_frame_0000002076_r.jpg,0,1394.82,920.69,1278.29,909.44,1203.54,843.43,1157.94,797.61,1114.54,775.39,1230.23,737.75,1165.87,723.36,1164.81,763.98,1174.98,786.52,1280.85,722.77,1210.67,723.87,1198.75,762.60,1204.07,791.56,1321.56,731.78,1254.67,733.33,1238.71,761.87,1240.74,787.22,1346.61,745.66,1293.44,746.67,1276.28,768.86,1277.50,793.09
EK_0018_P07_110_frame_0000002076_r.jpg,1,1001.08,1082.96,1054.85,1072.31,1107.43,1045.02,1152.05,1014.93,1185.06,986.98,1074.62,950.29,1115.10,902.96,1143.95,919.75,1158.32,946.27,1055.83,960.12,1094.76,927.18,1127.88,945.02,1148.21,973.02,1043.73,975.73,1080.28,960.48,1109.25,976.22,1126.83,1000.05,1037.86,995.19,1070.02,979.64,1094.75,990.15,1112.99,1005.62
EK_0018_P07_110_frame_0000003176_l.jpg,0,1179.05,1014.65,1077.64,994.19,1026.95,917.50,1013.20,846.77,997.94,801.76,1078.71,832.48,1031.42,775.34,1014.02,801.20,1020.05,826.13,1128.53,824.52,1078.98,818.45,1066.83,852.83,1076.32,874.36,1165.25,836.70,1113.40,829.66,1100.40,855.51,1106.52,879.44,1187.62,852.04,1143.73,847.70,1133.06,868.05,1139.44,886.95
EK_0018_P07_110_frame_0000003176_l.jpg,1,725.06,988.74,752.36,918.52,784.12,840.71,821.70,782.51,853.01,733.94,697.87,779.34,759.14,723.91,811.37,700.45,852.60,685.53,724.83,799.88,784.62,748.46,837.66,728.53,884.34,713.76,752.98,821.28,795.77,778.92,843.15,760.94,886.97,748.89,776.56,842.90,809.17,803.96,843.89,789.35,876.08,778.41
EK_0018_P07_110_frame_0000003521_l.jpg,0,1257.05,1003.10,1183.72,998.66,1146.89,959.72,1126.11,922.60,1105.92,901.00,1152.33,882.29,1115.15,824.13,1101.76,824.86,1105.14,844.35,1194.39,862.18,1154.38,798.79,1134.45,798.55,1128.62,814.45,1231.64,859.11,1203.39,793.29,1177.40,784.31,1162.29,794.74,1265.79,868.70,1265.93,814.45,1245.08,800.53,1226.26,810.21
EK_0018_P07_110_frame_0000003675_r.jpg,0,751.08,532.46,810.66,565.01,862.21,556.24,892.01,534.10,914.66,522.06,880.08,467.71,926.76,443.38,943.28,439.28,945.01,445.69,851.28,432.30,896.06,378.45,917.46,374.40,925.15,384.88,816.47,415.13,854.87,363.54,871.82,365.57,879.42,377.31,781.13,416.34,806.90,387.12,817.87,393.09,819.62,407.91
EK_0018_P07_110_frame_0000005676_r.jpg,0,1433.96,919.67,1333.01,898.40,1272.28,832.87,1233.09,760.82,1206.85,704.75,1339.44,764.94,1267.48,679.95,1258.17,694.95,1267.78,721.47,1395.12,735.14,1357.78,628.70,1326.18,624.72,1303.69,641.17,1428.96,725.10,1401.55,635.25,1369.03,626.22,1347.01,638.17,1444.25,728.95,1421.78,661.47,1393.03,650.93,1373.32,661.08
EK_0018_P07_110_frame_0000006712_r.jpg,0,841.46,1016.55,927.28,1027.28,988.81,992.87,1039.12,944.68,1095.88,917.11,936.17,903.26,983.10,804.98,1031.14,774.29,1061.58,776.95,895.50,866.80,975.92,788.17,1025.87,781.88,1052.44,792.95,871.01,843.66,948.29,788.15,990.14,790.27,1012.38,802.07,856.86,832.85,922.54,802.83,956.15,806.49,974.76,820.46
EK_0018_P07_110_frame_0000006967_r.jpg,0,1256.72,814.16,1263.55,729.38,1269.87,652.50,1252.55,593.12,1226.46,537.82,1299.64,623.81,1269.33,581.06,1239.95,565.09,1221.50,563.17,1272.14,654.97,1239.35,616.93,1212.09,620.65,1197.74,629.68,1241.07,679.38,1211.10,645.19,1195.89,644.29,1189.87,651.16,1207.33,697.57,1179.46,665.55,1164.51,653.06,1159.24,645.89
EK_0018_P07_110_frame_0000007851_l.jpg,0,406.70,997.95,495.08,1022.33,574.31,972.59,646.10,914.52,717.79,858.72,509.34,798.71,628.71,709.08,700.00,726.62,721.09,768.94,474.00,768.41,610.03,704.25,674.24,749.69,691.35,800.71,460.61,761.80,585.98,712.53,645.06,754.08,662.10,801.89,459.38,764.64,556.07,725.28,609.76,751.38,630.73,785.51
EK_0018_P07_110_frame_0000008926_l.jpg,0,1330.35,876.78,1462.06,921.05,1581.60,878.16,1687.58,847.27,1782.81,848.54,1557.62,698.43,1651.76,619.48,1707.25,597.13,1742.47,592.55,1493.18,660.08,1576.10,570.44,1635.38,561.28,1673.50,579.41,1439.84,653.84,1521.10,588.76,1576.14,580.01,1612.89,587.05,1408.44,671.60,1479.06,616.70,1519.17,610.03,1548.56,616.20
EK_0018_P07_110_frame_0000010692_l.jpg,0,803.60,846.44,861.89,792.39,881.02,740.10,895.62,703.85,915.44,676.92,799.85,701.46,811.25,657.91,839.49,669.74,851.38,690.25,780.18,717.34,804.00,682.19,835.12,692.15,853.38,708.85,770.82,738.66,798.82,713.74,827.95,715.45,846.35,727.97,768.41,759.69,795.02,732.45,819.11,735.56,833.84,746.41
EK_0018_P07_110_frame_0000010692_l.jpg,1,1160.70,594.61,1073.27,585.98,1010.19,539.12,967.68,500.39,928.63,470.50,1058.08,435.98,1010.02,389.09,981.96,370.92,960.45,362.50,1096.58,432.78,1042.85,398.14,1006.30,394.91,981.17,399.00,1120.95,446.43,1069.04,425.12,1032.87,424.91,1010.95,434.66,1135.11,462.03,1088.79,447.83,1055.51,448.31,1034.52,458.64
EK_0018_P07_110_frame_0000011113_l.jpg,0,1239.77,585.16,1153.79,590.04,1081.38,556.22,1025.58,528.34,980.78,514.89,1120.07,439.43,1053.58,403.84,1024.08,417.98,1003.54,441.68,1152.88,425.42,1075.55,432.15,1041.99,467.58,1023.01,501.64,1174.45,432.70,1102.49,449.94,1069.42,479.54,1049.47,508.79,1187.04,445.14,1130.94,458.67,1101.13,480.95,1084.34,506.79
EK_0018_P07_110_frame_0000011113_l.jpg,1,833.48,911.02,909.37,878.06,943.61,822.86,961.38,781.39,983.85,753.12,880.57,753.00,892.47,733.05,903.82,754.81,906.21,776.53,840.77,763.61,857.91,758.65,872.74,778.67,878.41,797.76,808.61,791.17,824.37,785.99,841.14,798.83,850.86,815.09,787.49,822.98,795.26,813.50,809.67,823.28,817.86,836.34
EK_0018_P07_110_frame_0000011515_r.jpg,0,1485.49,992.73,1384.68,963.82,1301.15,898.06,1238.20,851.82,1182.90,819.93,1420.87,775.79,1343.74,677.22,1303.12,644.62,1268.48,620.57,1469.53,760.26,1387.54,662.51,1332.24,634.76,1292.58,629.09,1491.36,763.87,1417.82,685.38,1365.22,665.54,1326.83,663.35,1492.79,771.20,1436.91,711.27,1393.01,692.41,1358.42,688.39
EK_0018_P07_110_frame_0000011515_r.jpg,1,930.99,1035.53,972.98,997.12,1002.60,932.80,1038.95,887.73,1075.42,846.99,923.68,835.72,931.40,766.78,957.34,735.84,981.62,719.98,928.47,848.92,943.14,786.61,979.28,759.95,1015.91,750.78,941.56,867.36,960.84,815.58,989.50,790.96,1019.88,774.09,960.05,889.56,983.70,852.28,1004.71,837.73,1026.70,826.48
EK_0018_P07_110_frame_0000012480_r.jpg,0,1181.48,652.07,1152.59,630.96,1121.64,590.36,1095.20,555.55,1058.52,536.07,1144.22,542.44,1114.94,496.48,1083.12,483.28,1059.86,487.47,1143.53,551.43,1118.30,509.00,1085.73,498.69,1063.30,499.59,1141.00,563.44,1119.43,532.12,1092.54,521.04,1071.56,518.49,1137.24,576.98,1113.68,554.15,1093.61,545.31,1077.73,539.74
EK_0018_P07_110_frame_0000012619_r.jpg,0,523.26,1048.38,552.28,985.52,585.98,910.75,618.94,850.05,646.83,807.40,532.06,840.37,585.92,782.80,637.09,777.99,680.46,786.98,551.33,857.56,607.71,803.82,657.92,807.51,700.24,820.70,570.96,877.58,619.67,837.34,665.54,840.99,698.93,859.58,585.11,898.87,620.49,867.37,653.82,870.17,680.96,883.36
EK_0025_P09_103_frame_0000000492_r.jpg,0,1059.22,639.84,997.10,640.86,949.10,608.55,913.60,587.14,882.92,573.15,986.29,522.63,961.93,476.57,938.65,473.79,923.31,485.61,1015.30,519.85,982.94,482.70,957.15,483.71,940.05,493.17,1035.53,528.36,1004.23,503.47,979.28,501.97,962.16,509.76,1048.15,541.85,1020.11,521.54,997.41,520.41,983.09,527.67
EK_0025_P09_103_frame_0000000626_l.jpg,0,1436.56,1072.64,1360.99,1072.66,1299.56,1009.75,1249.43,933.74,1201.00,883.83,1374.16,925.03,1302.70,820.96,1244.88,804.82,1206.23,806.79,1407.57,900.05,1329.09,794.16,1263.08,797.80,1222.60,817.43,1415.71,893.43,1343.27,806.94,1284.26,810.03,1247.15,829.05,1409.16,894.85,1351.59,836.50,1301.27,832.50,1267.47,843.35
EK_0025_P09_103_frame_0000000934_r.jpg,0,1576.13,294.39,1537.35,208.87,1545.58,154.63,1587.08,117.74,1622.36,104.87,1636.78,91.78,1715.35,72.36,1724.81,95.14,1715.80,115.33,1701.47,123.44,1791.00,65.59,1777.08,82.39,1751.76,99.78,1744.24,161.27,1814.00,108.27,1791.19,123.51,1769.84,140.68,1763.36,211.91,1808.41,166.83,1793.49,167.19,1775.21,176.29
EK_0025_P09_103_frame_0000005959_r.jpg,0,879.14,710.78,953.28,688.52,993.59,634.61,1006.08,579.90,1023.69,547.00,944.54,554.21,985.56,510.89,1003.38,526.77,1003.71,543.99,902.34,543.33,946.19,487.77,973.53,498.34,983.09,515.10,872.99,547.53,907.89,491.17,937.64,493.71,951.80,505.63,855.46,561.05,882.03,513.91,906.50,509.36,921.77,514.90
EK_0025_P09_103_frame_0000015151_r.jpg,0,1558.03,957.42,1473.22,922.52,1424.65,851.24,1416.55,784.03,1422.50,741.88,1482.98,797.75,1438.22,709.29,1407.15,673.01,1383.51,647.29,1531.57,785.87,1504.27,687.85,1465.11,679.77,1437.81,695.95,1561.99,791.55,1525.02,730.21,1490.12,731.46,1473.33,749.65,1575.93,804.47,1540.35,768.10,1508.66,768.17,1491.76,783.37
EK_0025_P09_103_frame_0000017434_l.jpg,0,1493.76,893.93,1413.36,877.39,1369.29,811.08,1356.30,740.97,1347.94,695.97,1428.77,752.39,1412.41,658.18,1381.49,643.08,1364.07,657.15,1476.40,744.76,1484.49,643.30,1447.93,634.86,1420.71,654.55,1503.92,748.73,1494.56,681.55,1458.32,677.91,1436.77,692.47,1516.53,758.44,1492.83,715.41,1461.17,708.43,1442.80,715.53
EK_0025_P09_103_frame_0000017434_l.jpg,1,660.81,938.78,753.29,910.37,814.46,865.48,870.07,835.54,918.22,821.00,775.91,755.51,817.61,685.23,839.42,679.58,851.42,691.56,725.23,747.55,773.57,696.87,799.14,707.79,807.77,726.22,685.47,758.44,731.19,724.67,756.51,732.87,765.66,749.14,653.87,775.77,689.99,753.19,714.94,756.74,726.08,770.56
EK_0025_P09_103_frame_0000018894_r.jpg,0,1227.03,586.35,1152.38,582.13,1084.70,550.11,1049.70,526.23,1059.50,510.99,1132.50,453.99,1074.60,465.92,1064.12,501.78,1063.49,522.61,1166.71,448.20,1113.26,476.50,1101.13,510.17,1103.17,533.55,1192.22,459.64,1145.09,482.55,1127.36,507.63,1127.93,530.63,1208.26,474.92,1171.96,492.63,1156.59,510.97,1156.18,530.92
EK_0025_P09_103_frame_0000019294_l.jpg,0,794.33,669.38,874.98,658.38,923.68,608.94,947.79,563.04,972.02,542.25,900.10,519.88,936.73,506.69,937.35,533.75,926.01,555.69,858.82,507.05,896.52,504.53,898.90,532.11,888.34,551.46,823.54,510.92,856.99,500.65,864.03,522.21,857.29,541.49,793.03,522.94,819.85,512.46,828.71,529.12,824.70,546.30
EK_0025_P09_103_frame_0000022576_l.jpg,0,1467.53,773.46,1330.26,779.47,1238.90,730.19,1169.95,656.00,1115.52,604.83,1285.57,578.17,1180.30,546.69,1185.02,605.46,1215.93,641.38,1346.75,541.55,1238.47,530.60,1238.76,587.48,1265.96,619.19,1396.21,539.63,1300.74,537.44,1298.57,583.94,1323.71,617.67,1432.32,551.46,1360.36,547.80,1353.75,584.39,1371.56,613.28
EK_0025_P09_103_frame_0000027507_l.jpg,0,1704.00,1025.56,1594.01,997.24,1517.11,917.44,1462.00,847.63,1409.59,796.02,1607.50,803.26,1499.75,758.02,1457.84,790.88,1448.86,818.64,1653.69,801.06,1548.46,789.21,1513.39,831.06,1513.04,866.04,1677.61,820.61,1582.33,813.29,1545.99,846.31,1537.78,878.19,1689.02,838.67,1614.97,830.55,1579.60,854.92,1565.45,881.69
EK_0025_P09_103_frame_0000029076_r.jpg,0,1061.40,889.93,1055.43,820.06,1080.44,764.11,1123.24,734.21,1157.52,714.19,1091.83,746.65,1137.69,719.73,1168.42,711.11,1188.70,706.48,1109.44,777.50,1154.13,758.37,1183.84,748.43,1209.66,741.41,1120.01,805.74,1160.46,787.88,1187.37,776.81,1214.81,767.82,1127.51,834.80,1161.73,814.18,1182.12,802.04,1204.54,789.37
EK_0025_P09_103_frame_0000033480_l.jpg,0,1666.47,940.60,1537.21,933.65,1437.64,866.69,1389.39,793.25,1376.84,751.19,1490.38,722.74,1466.46,624.63,1441.28,655.83,1430.67,695.45,1561.33,702.04,1521.39,635.24,1490.37,664.03,1483.28,701.94,1619.67,710.68,1572.73,671.58,1540.27,691.74,1534.27,725.56,1666.92,728.14,1616.28,699.18,1587.28,715.51,1582.55,741.99
EK_0026_P09_104_frame_0000000326_r.jpg,0,1377.43,723.57,1322.81,679.10,1290.92,627.93,1253.93,598.90,1220.64,575.44,1397.10,579.07,1407.34,520.62,1382.80,496.33,1359.40,490.78,1420.99,597.64,1411.62,548.55,1380.39,530.54,1357.34,531.84,1428.53,618.88,1409.98,576.75,1384.03,561.69,1359.74,561.39,1425.61,635.52,1406.16,597.97,1382.67,587.11,1360.90,587.99
EK_0026_P09_104_frame_0000000363_l.jpg,0,762.18,902.51,837.06,882.81,881.99,824.45,921.44,774.62,951.05,731.19,804.60,741.60,867.94,677.53,914.10,665.22,947.22,660.14,782.75,743.34,857.41,695.69,909.90,690.11,949.28,695.31,774.87,756.98,848.02,725.78,895.31,719.45,931.33,724.77,779.27,772.98,837.02,748.67,875.12,743.31,905.59,747.13
EK_0026_P09_104_frame_0000000363_l.jpg,1,1452.01,1088.95,1387.27,1040.71,1351.78,980.37,1316.16,932.49,1286.81,886.72,1447.76,917.57,1454.38,846.17,1431.38,810.20,1406.11,789.94,1454.75,930.79,1447.27,863.62,1410.30,830.07,1378.32,814.27,1451.71,948.33,1434.57,896.33,1401.07,869.48,1372.38,855.45,1443.05,967.66,1417.26,932.47,1388.75,917.14,1364.52,910.77
EK_0026_P09_104_frame_0000003683_l.jpg,0,822.97,1081.13,843.39,1019.20,885.12,962.10,935.76,917.69,974.77,872.57,885.33,942.47,932.72,911.76,967.27,901.40,989.59,898.19,896.79,977.60,946.05,960.47,963.05,963.05,975.88,964.68,906.18,1014.59,949.63,1006.70,957.94,1013.21,963.04,1013.96,912.82,1048.24,947.50,1038.85,951.74,1041.52,951.21,1040.94
EK_0026_P09_104_frame_0000003942_r.jpg,0,1565.01,857.59,1483.30,839.66,1423.39,783.17,1378.32,740.86,1346.27,708.31,1499.14,691.77,1414.54,671.31,1363.58,689.04,1328.69,709.63,1527.26,692.91,1427.88,697.13,1375.58,729.53,1345.52,763.00,1540.53,709.44,1447.01,723.17,1400.87,752.85,1375.28,780.34,1546.32,726.01,1474.85,743.15,1434.61,767.67,1411.06,790.97
EK_0026_P09_104_frame_0000003942_r.jpg,1,565.99,669.08,617.87,644.88,678.35,630.73,734.14,624.89,782.62,623.35,678.83,571.78,734.70,583.14,759.06,609.67,770.33,634.60,672.14,600.77,719.21,627.28,730.10,666.61,721.30,700.77,665.27,626.74,705.08,653.98,712.92,686.60,696.28,714.47,658.19,648.14,684.07,665.49,684.61,687.53,669.74,706.52
EK_0026_P09_104_frame_0000004271_l.jpg,0,1009.79,685.21,1064.50,665.86,1083.53,626.98,1092.48,597.42,1096.92,583.50,1030.72,574.78,1043.98,527.14,1064.32,528.69,1074.97,544.28,995.18,577.69,1008.52,524.99,1030.07,533.48,1039.56,551.28,970.46,592.79,981.87,551.14,1002.95,555.21,1011.24,570.46,957.01,616.88,968.67,590.13,988.86,596.29,998.35,612.77
EK_0026_P09_104_frame_0000004771_r.jpg,0,1428.85,794.18,1372.24,769.35,1346.09,742.67,1326.96,724.32,1317.34,715.09,1414.96,684.14,1422.60,633.58,1410.78,631.06,1403.04,648.14,1453.09,697.13,1463.81,646.70,1441.72,647.44,1426.99,662.35,1476.55,721.15,1489.66,683.57,1472.25,682.24,1458.31,693.87,1488.20,750.14,1488.67,735.20,1475.33,736.80,1464.23,746.71
EK_0026_P09_104_frame_0000005559_r.jpg,0,1456.60,708.40,1375.32,727.31,1295.49,687.61,1224.30,643.23,1183.91,606.35,1348.89,562.56,1232.39,538.63,1206.67,582.99,1206.83,617.64,1366.62,539.50,1251.26,522.59,1226.14,576.91,1230.91,616.05,1374.63,539.40,1274.45,536.91,1258.30,583.12,1271.37,617.28,1374.36,544.31,1304.10,552.65,1289.42,589.46,1298.81,615.07
EK_0026_P09_104_frame_0000005559_r.jpg,1,775.78,845.45,867.43,851.89,933.26,797.30,978.11,745.32,997.95,701.70,856.26,701.27,874.66,583.23,934.09,577.66,969.50,601.75,831.55,689.19,864.41,572.14,926.96,576.77,959.83,604.58,825.87,691.82,891.19,625.57,942.03,652.32,955.53,681.09,831.35,699.57,890.82,675.21,932.00,697.14,941.33,723.65
EK_0026_P09_104_frame_0000006080_l.jpg,0,1336.51,813.70,1260.58,834.06,1184.71,805.97,1122.50,773.11,1077.31,750.09,1221.13,694.44,1134.27,678.96,1088.86,699.96,1060.98,713.96,1246.60,666.69,1167.81,613.45,1132.82,646.47,1124.46,682.61,1263.18,664.54,1195.64,624.66,1163.55,656.25,1156.20,685.32,1270.37,672.86,1221.75,658.65,1192.74,687.45,1183.04,713.96
EK_0026_P09_104_frame_0000006080_l.jpg,1,901.11,736.29,980.33,737.27,1038.49,712.22,1060.16,682.09,1047.75,665.72,1010.60,591.20,1027.89,593.80,1022.70,619.85,1009.60,635.96,960.68,570.00,981.08,542.53,985.36,566.04,976.64,593.37,913.72,570.28,928.34,532.16,938.26,556.74,935.34,584.61,873.46,585.56,885.59,554.16,895.99,569.29,895.71,588.10
EK_0026_P09_104_frame_0000006517_r.jpg,0,1232.96,884.87,1171.05,850.11,1143.48,806.64,1138.94,773.92,1150.17,774.31,1211.18,744.20,1221.86,679.92,1214.07,661.81,1205.54,666.50,1252.62,751.64,1265.99,679.37,1254.48,649.65,1239.33,641.50,1282.41,771.80,1306.88,711.14,1300.08,683.72,1284.48,673.33,1298.97,801.25,1327.82,767.63,1323.02,751.92,1307.26,748.94
EK_0026_P09_104_frame_0000006917_r.jpg,0,1239.31,973.53,1198.18,934.18,1137.08,889.03,1071.57,864.97,1014.03,845.56,1131.04,858.05,1058.33,843.09,1013.73,840.85,976.98,840.49,1128.17,879.24,1070.02,867.45,1021.60,873.76,983.36,885.07,1127.49,900.45,1079.93,901.39,1053.05,928.08,1030.31,950.35,1126.38,916.86,1091.07,920.02,1075.02,939.81,1061.18,957.63
EK_0026_P09_104_frame_0000009617_l.jpg,0,914.06,896.71,980.84,874.05,1013.50,838.04,1028.80,815.79,1027.36,813.64,960.52,777.95,976.93,741.97,1002.56,749.35,1019.78,764.54,936.31,788.40,971.91,776.57,994.58,791.28,1004.74,803.99,922.90,804.24,963.26,803.81,985.89,821.86,995.65,834.97,916.91,818.50,950.53,819.61,970.65,834.92,978.03,846.71
EK_0026_P09_104_frame_0000009617_l.jpg,1,1127.79,880.04,1115.83,844.53,1127.63,815.68,1142.99,798.02,1155.36,787.87,1143.85,810.34,1157.48,783.58,1157.51,782.46,1155.27,789.52,1161.30,821.82,1177.74,794.87,1173.71,795.69,1167.83,802.47,1173.36,836.49,1188.85,813.07,1183.05,813.16,1177.06,819.20,1180.40,853.61,1191.65,835.74,1187.79,832.79,1182.58,836.10
EK_0026_P09_104_frame_0000010121_r.jpg,0,1321.64,1041.12,1225.49,1050.86,1158.22,997.80,1109.25,920.14,1075.72,857.11,1228.22,873.59,1120.49,809.06,1118.05,868.16,1152.14,899.21,1266.61,845.61,1151.49,790.00,1139.06,844.16,1165.59,873.10,1286.72,842.37,1178.91,801.68,1166.96,848.05,1193.27,870.94,1293.82,847.03,1204.65,817.13,1195.17,853.48,1221.93,873.87
EK_0026_P09_104_frame_0000010407_r.jpg,0,1387.40,886.44,1313.38,932.52,1222.10,895.73,1146.62,841.52,1092.18,796.85,1245.76,768.78,1158.15,700.06,1106.05,712.56,1079.63,740.14,1267.67,739.56,1171.79,689.25,1115.41,717.13,1092.79,753.05,1278.57,737.82,1189.69,703.81,1141.29,730.38,1121.97,763.08,1280.93,744.99,1217.87,725.87,1176.77,748.24,1155.20,775.69
EK_0026_P09_104_frame_0000010407_r.jpg,1,522.78,844.45,618.68,816.81,685.28,755.21,749.57,713.14,810.15,680.61,616.22,655.01,655.98,580.82,694.16,569.85,713.37,576.64,568.44,658.42,613.95,600.16,650.57,607.01,670.24,623.76,532.06,675.36,579.60,639.64,613.24,647.84,633.09,666.67,513.20,701.17,554.47,670.65,586.93,676.62,601.74,693.77
EK_0026_P09_104_frame_0000010526_l.jpg,0,1431.65,832.91,1354.76,917.25,1259.27,915.14,1184.47,857.83,1140.15,807.54,1236.65,786.18,1132.00,730.67,1145.90,769.95,1185.78,787.68,1265.02,727.09,1155.95,673.48,1166.86,719.95,1199.96,738.40,1292.31,693.74,1193.44,641.16,1198.93,683.22,1226.22,700.93,1315.54,677.77,1235.46,639.67,1232.11,668.54,1257.08,686.02
EK_0026_P09_104_frame_0000011051_l.jpg,0,997.65,1024.37,1070.33,1016.63,1110.77,977.99,1131.34,935.99,1141.38,903.23,1065.07,892.80,1074.13,812.93,1086.14,801.59,1092.00,810.40,1022.15,880.88,1036.04,801.95,1053.15,800.01,1060.70,814.57,986.09,882.00,997.71,811.24,1016.65,805.20,1026.05,815.58,957.53,891.89,962.47,831.25,978.11,818.00,989.66,821.46
EK_0026_P09_104_frame_0000011301_l.jpg,0,950.64,852.00,970.56,796.42,1000.03,755.72,1041.86,724.01,1074.14,699.17,975.86,701.32,1005.33,668.02,1016.07,689.82,1017.90,718.28,996.85,729.99,1029.25,706.79,1030.36,730.00,1020.96,755.15,1016.18,760.16,1042.32,751.69,1035.60,771.57,1023.39,789.73,1029.24,787.08,1052.88,781.93,1053.80,789.83,1050.58,799.78
EK_0026_P09_104_frame_0000012976_l.jpg,0,1479.58,905.52,1388.32,881.31,1334.55,802.30,1308.47,715.14,1298.21,651.60,1410.54,725.56,1374.67,614.28,1343.08,560.81,1312.51,519.21,1448.80,712.35,1403.28,606.26,1357.62,558.50,1317.66,530.59,1465.16,711.67,1416.22,623.59,1370.81,588.08,1333.37,572.01,1464.86,714.36,1424.16,648.58,1383.75,619.14,1350.36,603.83
EK_0026_P09_104_frame_0000013063_r.jpg,0,1423.89,649.19,1339.05,635.23,1288.96,572.00,1260.58,511.54,1239.21,462.59,1364.89,498.56,1339.53,404.81,1307.36,374.49,1281.21,363.98,1406.51,488.40,1373.50,398.47,1328.88,386.77,1296.95,397.06,1427.77,492.38,1391.84,422.74,1352.81,413.86,1324.56,419.69,1434.69,500.08,1401.32,455.39,1367.15,442.43,1343.71,443.84
EK_0026_P09_104_frame_0000015496_r.jpg,0,736.69,824.24,822.17,783.34,858.01,715.67,871.70,635.38,873.79,576.93,779.08,659.23,805.60,560.97,835.31,588.19,835.72,624.50,720.62,653.72,760.14,557.99,790.92,588.10,790.41,622.90,684.11,661.60,732.22,594.19,757.96,621.06,753.47,651.60,661.64,674.26,712.16,634.05,732.03,654.16,729.13,676.72
EK_0026_P09_104_frame_0000017901_l.jpg,0,1506.69,717.43,1407.89,731.39,1333.99,671.75,1294.69,608.42,1280.55,562.09,1386.86,585.13,1337.06,486.97,1293.02,454.94,1261.74,439.52,1439.31,554.62,1382.81,457.46,1342.77,471.66,1329.50,502.14,1476.03,547.72,1417.85,502.43,1380.50,523.12,1370.30,545.58,1499.52,551.78,1449.85,531.05,1416.85,547.20,1408.48,566.80
EK_0026_P09_104_frame_0000019201_r.jpg,0,1324.69,472.15,1248.61,454.00,1209.17,411.42,1206.55,368.47,1230.16,358.98,1259.55,332.07,1272.61,287.51,1278.09,264.50,1283.44,247.05,1308.52,321.46,1299.06,334.84,1293.04,355.89,1293.72,374.76,1346.54,335.31,1330.18,349.25,1323.97,367.16,1324.61,382.51,1378.31,355.36,1367.68,360.50,1360.97,376.12,1358.33,391.31
EK_0026_P09_104_frame_0000019226_r.jpg,0,1311.56,502.00,1233.20,473.18,1193.68,415.01,1190.06,363.04,1208.42,342.76,1247.42,336.96,1240.78,290.20,1233.95,280.04,1231.43,279.91,1295.34,338.06,1271.71,340.68,1261.46,361.38,1264.30,383.27,1333.08,357.86,1303.40,361.48,1293.98,381.90,1296.07,401.73,1360.19,380.71,1336.85,383.70,1326.77,398.64,1326.31,416.35
EK_0026_P09_104_frame_0000023201_r.jpg,0,525.08,617.03,573.93,621.79,617.53,595.79,649.18,570.84,671.06,551.88,615.99,528.98,646.03,496.27,646.64,507.90,636.40,531.92,580.78,505.54,611.67,451.84,610.96,463.47,603.70,489.86,541.33,498.19,553.69,435.58,557.34,441.12,558.45,460.88,499.36,504.99,501.35,458.83,505.88,467.06,507.97,488.96
EK_0026_P09_104_frame_0000023696_r.jpg,0,946.63,929.07,1039.79,912.11,1107.08,847.82,1152.87,803.52,1188.78,776.69,1012.31,739.62,1078.98,656.81,1132.16,661.83,1165.26,681.35,981.31,742.14,1063.11,682.12,1119.66,696.93,1156.01,720.99,968.03,757.45,1041.60,714.22,1091.35,722.48,1127.89,744.09,970.12,776.00,1023.66,743.30,1063.42,746.59,1094.85,762.85
EK_0026_P09_104_frame_0000023696_r.jpg,1,1368.38,1015.00,1266.15,1008.97,1193.23,923.51,1164.07,837.98,1151.17,784.60,1256.47,833.41,1223.38,706.89,1180.82,673.13,1149.54,661.64,1307.92,821.46,1285.15,689.30,1238.14,660.53,1204.75,663.47,1336.19,828.24,1296.58,745.07,1245.07,735.29,1213.24,745.51,1347.28,839.51,1307.04,787.32,1265.33,778.48,1238.55,786.04
EK_0026_P09_104_frame_0000025882_l.jpg,0,815.05,1055.81,841.52,993.98,880.83,938.32,923.89,896.43,958.60,860.29,858.42,909.54,887.86,867.41,911.76,849.26,931.31,838.18,871.47,938.08,921.23,923.05,938.79,943.49,942.57,963.65,883.49,968.82,928.82,968.59,936.22,990.13,933.36,1007.80,894.15,996.72,927.44,1000.41,928.32,1015.31,919.59,1027.38
EK_0026_P09_104_frame_0000025882_l.jpg,1,1356.73,568.01,1268.43,628.17,1189.56,627.94,1149.67,607.14,1143.44,589.22,1132.94,515.61,1087.48,562.63,1115.41,593.14,1143.87,595.12,1174.25,478.50,1136.63,537.28,1160.16,565.53,1185.04,565.82,1221.97,468.61,1182.41,516.40,1194.47,543.48,1214.63,543.76,1263.29,471.60,1226.35,511.29,1234.32,534.30,1253.56,536.89
EK_0026_P09_104_frame_0000026803_r.jpg,0,1371.35,657.50,1296.35,633.46,1260.31,578.84,1242.09,528.88,1236.53,494.49,1305.35,498.89,1294.61,468.41,1284.90,489.92,1283.91,511.89,1351.31,501.72,1329.88,483.18,1315.76,500.66,1314.67,523.57,1385.22,519.60,1362.82,503.44,1349.99,516.45,1349.49,537.12,1409.44,540.40,1389.78,527.39,1378.57,536.92,1377.68,553.55
EK_0026_P09_104_frame_0000027001_r.jpg,0,1519.99,598.10,1473.35,526.74,1414.85,505.44,1368.22,519.42,1350.52,543.96,1377.27,584.97,1346.47,571.74,1364.66,551.10,1384.39,546.10,1392.83,621.76,1370.53,601.68,1385.07,581.36,1403.95,576.05,1413.94,647.15,1395.39,629.44,1407.62,611.71,1423.64,605.15,1439.03,661.99,1418.16,659.62,1425.98,655.31,1438.26,655.76
EK_0026_P09_104_frame_0000027061_r.jpg,0,1756.61,558.06,1659.66,509.15,1598.90,443.88,1568.49,400.73,1585.30,393.56,1714.49,347.21,1648.49,331.90,1607.46,355.05,1578.93,374.38,1762.52,360.90,1687.16,361.86,1643.85,388.45,1619.44,419.37,1790.72,388.12,1723.70,382.57,1686.64,397.48,1663.36,424.52,1801.46,420.10,1750.29,412.72,1718.68,419.82,1693.16,442.99
EK_0027_P09_106_frame_0000002634_r.jpg,0,685.82,967.95,754.02,920.10,809.17,855.11,859.57,806.59,883.15,775.26,736.91,765.36,825.26,738.46,859.94,767.35,867.30,791.06,728.22,779.65,821.60,780.39,837.11,826.92,825.86,858.91,728.38,805.36,814.55,813.56,826.10,854.29,816.74,879.99,730.03,830.96,795.32,838.68,808.19,865.95,804.67,886.85
EK_0027_P09_106_frame_0000002882_l.jpg,0,1136.78,1064.56,1196.71,1046.00,1240.07,1001.11,1287.20,963.28,1324.47,937.83,1155.72,913.20,1156.34,819.84,1186.75,790.76,1213.71,790.71,1117.74,909.82,1139.78,818.09,1184.02,798.87,1217.53,809.26,1097.36,914.28,1123.82,836.13,1163.19,818.54,1193.08,822.53,1089.98,920.49,1115.47,859.15,1144.48,840.12,1168.42,839.03
EK_0027_P09_106_frame_0000003501_l.jpg,0,1181.77,959.21,1150.52,926.64,1144.33,891.31,1144.95,867.26,1148.47,851.02,1156.90,879.19,1155.44,840.58,1156.65,835.94,1157.53,843.45,1180.44,879.18,1182.70,840.23,1180.94,837.00,1176.37,842.78,1201.79,886.09,1204.62,853.54,1199.46,848.31,1194.42,852.97,1221.74,899.34,1224.32,874.51,1218.48,867.90,1212.20,870.74
EK_0027_P09_106_frame_0000004221_r.jpg,0,1330.61,491.58,1245.73,517.36,1188.01,496.17,1156.75,484.59,1136.81,490.63,1164.02,394.90,1126.38,411.33,1135.63,436.20,1152.16,446.98,1201.79,374.21,1161.06,390.96,1164.90,420.95,1175.13,437.13,1234.16,375.26,1198.55,390.98,1193.71,420.00,1202.88,437.95,1259.48,378.51,1228.16,397.69,1223.29,420.79,1229.85,440.21
EK_0027_P09_106_frame_0000004438_r.jpg,0,684.08,1005.21,786.31,1017.25,864.84,989.55,925.80,972.04,979.38,967.00,813.23,886.55,842.85,815.67,862.86,780.98,874.38,756.20,782.24,873.48,815.24,811.88,846.73,788.28,868.16,776.95,760.17,872.55,792.87,823.18,824.40,802.07,848.21,791.72,752.52,881.43,784.64,841.37,809.99,823.66,830.00,814.69
EK_0027_P09_106_frame_0000004438_r.jpg,1,1332.28,908.15,1248.60,969.14,1162.80,935.12,1097.57,876.36,1045.84,840.96,1167.12,828.86,1084.83,747.95,1046.16,786.22,1053.93,825.66,1189.96,785.81,1088.99,705.50,1048.37,753.78,1053.64,793.53,1203.76,768.39,1108.28,717.16,1070.66,765.30,1071.20,800.79,1211.29,764.58,1133.39,736.90,1096.94,772.41,1092.59,803.50
EK_0027_P09_106_frame_0000004471_l.jpg,0,663.06,931.28,755.33,935.18,827.55,916.72,890.22,916.66,943.60,919.78,798.09,799.77,836.49,742.67,857.41,724.56,866.54,714.56,771.96,801.41,813.97,754.48,841.00,746.23,859.40,743.38,751.32,812.49,788.64,778.44,815.33,766.95,833.20,765.22,741.44,830.37,775.54,805.19,798.19,798.35,812.32,797.24
EK_0027_P09_106_frame_0000004471_l.jpg,1,1311.93,864.19,1209.51,891.28,1122.65,842.87,1065.67,793.08,1013.47,761.93,1138.64,731.34,1065.42,665.45,1023.72,696.38,1013.31,737.01,1168.97,712.86,1081.98,676.58,1040.82,718.14,1032.08,754.30,1188.38,715.91,1108.02,705.63,1071.55,738.59,1061.62,767.91,1198.14,722.21,1136.57,721.17,1106.50,745.22,1097.55,770.28
EK_0027_P09_106_frame_0000004626_r.jpg,0,548.34,792.08,654.46,786.07,721.09,755.96,774.95,743.68,811.53,751.32,673.83,635.26,702.90,577.13,713.24,600.92,712.10,632.41,619.11,625.12,661.76,598.06,678.43,629.12,677.72,657.88,572.14,636.55,610.89,625.60,629.22,646.00,627.19,671.14,539.05,658.22,572.33,652.00,590.67,669.66,590.65,688.75
EK_0027_P09_106_frame_0000004626_r.jpg,1,1327.12,842.54,1247.98,858.51,1179.39,819.64,1126.88,772.46,1093.07,730.16,1224.49,723.89,1144.83,668.20,1103.16,669.70,1074.01,679.30,1249.71,699.82,1161.52,654.80,1119.47,681.85,1100.94,710.43,1261.93,695.60,1179.91,665.33,1146.68,696.38,1135.03,724.30,1265.14,699.28,1208.79,683.31,1178.91,704.65,1170.74,729.55
EK_0027_P09_106_frame_0000006530_r.jpg,0,1464.30,840.09,1399.80,820.91,1376.77,770.06,1372.86,729.22,1363.75,704.12,1413.56,705.06,1394.68,663.98,1377.11,656.71,1367.80,659.53,1455.73,704.63,1445.48,649.64,1420.16,648.56,1404.52,659.00,1486.26,718.12,1480.41,670.68,1455.48,668.13,1441.90,677.31,1507.72,740.39,1510.50,705.58,1492.47,699.14,1479.97,708.53
EK_0029_P26_108_frame_0000000540_l.jpg,0,699.57,889.09,753.17,870.34,784.74,823.66,800.45,793.00,816.91,775.92,726.34,769.37,739.23,715.86,755.20,686.90,771.16,669.70,709.03,771.76,734.43,727.48,761.36,710.46,785.50,704.01,703.14,779.39,728.45,743.31,753.31,729.85,774.17,722.56,705.37,787.74,727.23,763.15,748.16,754.01,765.65,751.55
EK_0029_P26_108_frame_0000001076_r.jpg,0,1503.05,580.97,1371.05,571.69,1263.75,476.71,1193.48,398.10,1135.33,326.03,1298.28,351.89,1206.09,263.87,1151.94,206.92,1113.29,159.71,1333.06,355.70,1243.73,289.57,1180.76,245.95,1133.91,206.38,1352.61,378.24,1271.67,342.77,1211.28,310.75,1170.51,284.23,1366.48,403.53,1295.37,389.90,1245.55,383.07,1208.69,379.99
EK_0029_P26_108_frame_0000001076_r.jpg,1,392.05,411.80,488.59,354.91,596.49,285.91,703.85,240.77,809.92,219.84,582.06,131.83,676.37,103.81,766.32,112.47,826.83,144.04,599.35,184.94,704.11,156.56,781.47,173.73,846.01,195.71,615.09,234.26,701.36,205.94,768.89,208.85,829.06,222.31,633.40,290.24,703.12,255.40,759.12,247.23,810.21,243.18
EK_0029_P26_108_frame_0000001613_r.jpg,0,1230.24,534.65,1131.15,503.74,1089.18,433.87,1080.33,376.32,1068.03,341.36,1127.10,345.88,1080.01,268.45,1050.20,247.28,1036.75,245.60,1186.54,331.34,1143.29,245.33,1106.86,228.43,1085.37,225.99,1231.19,334.97,1201.97,248.46,1166.53,229.48,1144.60,222.79,1259.13,351.41,1234.81,283.81,1209.56,262.27,1192.70,254.69
EK_0029_P26_108_frame_0000003073_r.jpg,0,646.75,944.49,621.10,893.22,602.77,828.31,600.10,774.36,605.78,740.93,577.66,807.90,593.37,758.52,614.74,765.40,631.30,779.74,601.56,813.96,612.24,771.78,628.86,778.22,640.37,787.81,626.73,823.15,632.13,786.34,643.19,791.71,648.59,801.59,649.15,833.66,646.40,804.18,650.05,809.09,651.59,818.17
EK_0029_P26_108_frame_0000003394_r.jpg,0,671.00,1090.07,702.18,1050.25,727.63,983.08,765.88,920.69,795.97,869.51,615.35,934.89,638.08,849.62,688.65,827.92,727.92,822.48,619.00,936.64,651.94,861.61,704.16,853.76,743.84,862.42,630.30,943.21,665.33,888.35,705.38,889.12,735.76,903.35,643.39,949.23,672.09,908.49,701.16,907.93,723.77,919.69
EK_0029_P26_108_frame_0000003394_r.jpg,1,1135.99,1010.08,1078.42,1017.12,1030.45,971.27,997.50,922.92,976.07,896.36,1092.83,878.91,1029.38,840.61,980.35,832.80,942.71,835.82,1101.25,862.58,1027.34,833.60,972.90,830.43,929.25,840.04,1100.10,861.17,1027.69,836.67,975.58,835.84,932.50,843.12,1091.77,867.63,1035.18,844.04,994.50,839.79,959.14,841.34
EK_0029_P26_108_frame_0000005130_r.jpg,0,621.12,737.04,753.34,755.09,878.82,737.22,962.73,738.23,997.66,736.19,868.36,546.35,966.88,637.44,977.18,712.71,967.36,750.55,831.99,538.84,917.03,647.94,912.32,719.25,889.00,753.14,799.83,562.70,879.53,657.15,872.29,718.79,853.86,750.03,781.22,591.55,847.81,665.31,847.97,711.10,836.02,735.77
EK_0029_P26_108_frame_0000006746_l.jpg,0,374.42,259.77,472.03,240.80,538.79,162.22,574.93,97.56,617.45,65.92,424.65,33.37,506.81,-7.94,564.62,24.53,598.17,59.00,379.06,30.70,473.74,2.49,535.44,28.06,574.06,61.43,357.16,49.44,442.34,22.08,500.23,42.89,538.89,73.99,351.66,74.76,418.03,45.87,461.39,59.40,492.59,82.84
EK_0029_P26_108_frame_0000006746_l.jpg,1,1229.58,915.28,1163.86,879.64,1139.63,814.75,1135.20,759.87,1124.44,717.36,1210.13,756.29,1186.70,710.51,1162.11,706.69,1145.03,713.96,1247.04,765.92,1213.13,728.83,1184.61,725.74,1167.67,732.78,1266.39,783.73,1232.94,750.89,1207.71,746.92,1191.20,752.31,1275.77,800.75,1249.67,770.59,1226.25,764.07,1209.61,768.46
EK_0029_P26_108_frame_0000008551_r.jpg,0,1879.62,793.23,1828.38,768.53,1745.85,720.52,1655.72,688.65,1581.67,659.65,1786.11,604.23,1675.40,556.86,1611.27,541.77,1560.60,531.36,1766.32,615.75,1670.93,573.84,1607.51,561.79,1559.04,554.70,1748.90,640.02,1667.79,616.83,1620.86,617.29,1583.98,613.74,1736.46,660.97,1674.53,647.31,1638.81,647.42,1611.31,644.84
EK_0029_P26_108_frame_0000008784_l.jpg,0,1134.17,660.87,1075.21,638.69,1043.31,589.52,1028.71,549.13,1021.46,518.15,1098.25,542.26,1065.94,509.37,1046.32,530.14,1046.42,548.59,1123.49,548.44,1083.28,529.72,1060.37,546.75,1058.34,564.70,1136.65,563.55,1096.36,548.49,1074.48,561.96,1071.95,578.27,1143.98,575.43,1109.17,562.40,1091.46,570.36,1089.20,582.63
EK_0031_P22_107_frame_0000000493_l.jpg,0,1143.51,757.33,1114.80,700.06,1084.16,638.96,1046.73,597.79,1015.26,559.42,1118.47,584.78,1071.14,551.78,1032.37,548.30,1000.08,554.52,1105.44,606.74,1060.31,579.78,1020.44,573.37,984.59,579.59,1092.20,631.23,1051.96,606.35,1018.06,600.63,986.14,599.32,1079.81,651.48,1046.72,630.35,1022.63,623.78,1000.70,619.68
EK_0031_P22_107_frame_0000001201_l.jpg,0,555.20,927.17,648.62,964.72,757.73,977.59,855.90,1003.40,947.02,1028.11,848.97,826.44,930.82,857.01,955.12,917.86,953.00,958.65,826.76,849.17,901.94,881.86,920.91,941.08,920.99,990.60,802.66,881.91,867.39,917.73,883.87,963.40,888.33,996.35,780.59,911.53,841.42,944.36,861.30,981.15,869.87,1010.68
EK_0031_P22_107_frame_0000002042_r.jpg,0,1527.47,466.88,1413.72,428.29,1351.73,355.88,1333.87,293.02,1357.38,257.76,1487.04,226.98,1521.63,177.97,1508.27,191.42,1498.05,212.87,1548.79,250.75,1547.99,226.22,1522.98,240.52,1513.15,269.50,1589.04,291.34,1571.02,274.48,1547.37,292.58,1534.60,319.61,1612.42,331.92,1595.09,320.60,1573.49,335.80,1562.26,358.70
EK_0031_P22_107_frame_0000002132_l.jpg,0,1121.15,1083.81,1152.14,1018.69,1146.00,957.01,1125.39,907.85,1121.24,864.55,1151.48,953.58,1129.17,904.82,1113.11,878.57,1101.20,861.70,1119.41,967.08,1092.42,916.42,1074.76,902.79,1064.13,902.39,1090.47,983.57,1065.36,937.51,1047.27,923.88,1035.13,918.30,1064.31,1002.72,1046.29,963.19,1033.03,941.73,1022.35,925.46
EK_0031_P22_107_frame_0000002463_l.jpg,0,653.46,150.05,735.13,235.61,808.67,277.30,854.88,305.60,883.46,341.16,914.33,140.26,955.19,215.24,936.65,267.21,913.30,295.28,883.39,92.71,908.07,182.69,889.52,244.83,859.66,291.48,838.63,73.47,860.01,147.88,854.16,206.72,827.96,254.94,796.53,68.99,826.49,120.06,830.22,164.61,815.97,204.58
EK_0031_P22_107_frame_0000002582_r.jpg,0,1769.89,942.43,1645.67,883.34,1566.14,746.88,1511.37,623.43,1446.72,577.02,1742.35,692.21,1599.53,547.87,1524.87,506.13,1473.17,476.87,1807.81,657.99,1672.95,496.70,1580.43,464.39,1512.03,464.59,1832.24,647.92,1706.84,513.90,1617.22,483.96,1552.41,486.36,1826.55,650.06,1728.14,562.64,1657.74,530.51,1603.70,518.58
EK_0031_P22_107_frame_0000002582_r.jpg,1,594.20,236.69,708.59,292.05,798.63,296.82,847.27,290.59,853.69,292.13,888.63,140.19,923.86,192.22,914.08,236.51,904.42,261.63,850.02,87.19,886.94,148.07,882.44,195.07,870.69,223.85,796.34,64.34,833.17,112.17,835.79,168.73,825.37,208.37,745.54,59.68,783.30,96.70,793.62,137.72,790.05,169.09
EK_0031_P22_107_frame_0000002798_r.jpg,0,1503.98,935.41,1377.68,887.63,1313.09,791.04,1302.97,723.88,1325.19,700.64,1389.92,674.25,1362.18,616.72,1339.22,600.46,1327.31,592.47,1451.29,694.72,1395.83,675.48,1361.19,709.26,1349.19,737.95,1485.62,724.72,1430.13,709.13,1394.41,741.59,1384.46,767.61,1511.69,749.16,1457.16,738.66,1426.79,761.73,1414.26,791.10
EK_0031_P22_107_frame_0000003588_r.jpg,0,1496.21,811.13,1384.27,760.81,1340.10,682.21,1343.70,585.32,1354.70,492.07,1504.46,624.41,1545.04,470.19,1521.13,374.84,1486.03,327.26,1584.33,617.05,1617.55,450.38,1578.81,351.10,1530.00,304.30,1630.11,614.23,1669.62,466.57,1642.38,379.28,1601.97,333.25,1645.24,618.84,1703.04,524.11,1712.80,450.34,1703.43,395.65
EK_0031_P22_107_frame_0000003588_r.jpg,1,694.06,899.48,754.14,852.03,784.07,802.94,808.08,766.14,819.71,740.53,698.86,749.87,698.72,681.32,719.63,672.32,734.59,686.31,665.18,760.32,687.99,709.58,714.35,710.48,727.97,721.68,647.86,777.92,670.89,738.24,693.98,735.96,706.95,747.74,642.20,796.56,661.24,763.71,682.25,759.70,695.99,770.38
EK_0031_P22_107_frame_0000004057_r.jpg,0,1489.63,600.21,1445.97,510.81,1448.53,415.15,1443.96,342.24,1431.09,290.06,1588.04,384.38,1490.53,323.66,1426.97,344.78,1398.50,379.51,1597.25,406.58,1483.66,357.36,1418.12,382.86,1378.84,416.39,1586.75,430.39,1481.20,387.03,1422.20,409.11,1382.67,439.43,1571.60,450.62,1489.58,421.06,1446.11,436.64,1416.05,455.49
EK_0031_P22_107_frame_0000004421_l.jpg,0,1039.13,713.33,963.05,690.13,919.50,642.08,899.28,605.72,886.53,583.84,979.85,574.03,948.74,554.34,930.24,575.39,923.38,595.63,1012.08,580.57,972.06,572.24,944.44,590.64,933.09,613.08,1030.66,599.34,989.55,594.90,960.22,606.83,946.91,623.78,1042.35,617.56,1006.86,610.16,981.91,618.41,967.57,633.15
EK_0031_P22_107_frame_0000004421_l.jpg,1,786.67,809.85,830.25,767.65,876.97,732.52,910.71,706.93,928.99,682.91,859.54,682.71,887.57,650.67,908.61,629.52,922.50,616.19,864.17,709.77,907.16,702.47,917.11,728.87,914.23,752.22,869.44,737.47,907.11,738.19,909.07,761.41,900.68,777.82,871.82,761.32,899.59,764.60,897.48,780.03,885.38,793.07
EK_0031_P22_107_frame_0000004507_r.jpg,0,754.77,700.79,790.80,654.34,840.91,611.30,880.53,584.22,904.35,553.42,838.03,567.23,890.61,550.64,923.32,559.57,941.96,576.93,843.77,596.25,894.20,582.64,925.51,596.49,943.70,616.41,844.18,624.44,885.48,621.85,910.64,631.91,917.79,652.71,843.04,650.77,870.71,649.04,884.23,655.99,888.00,671.41
EK_0031_P22_107_frame_0000004630_r.jpg,0,1200.30,926.85,1136.64,920.63,1100.18,877.30,1084.63,831.22,1068.93,796.81,1143.47,806.50,1102.88,759.22,1075.39,767.14,1061.26,785.33,1172.71,801.36,1127.24,754.20,1096.74,765.49,1082.50,783.55,1188.46,807.65,1148.65,767.15,1120.10,776.11,1105.88,791.10,1195.75,816.62,1162.94,785.87,1136.39,787.12,1121.62,795.86
EK_0031_P22_107_frame_0000004684_l.jpg,0,1162.81,956.35,1141.07,945.54,1081.08,917.22,1011.54,909.19,955.96,903.85,1046.88,807.44,972.99,789.86,940.91,822.78,926.77,865.68,1018.12,833.45,950.86,853.87,930.89,919.22,930.42,979.33,1000.28,864.08,937.65,886.34,928.53,946.73,934.60,994.96,996.84,889.25,948.25,905.70,940.40,946.86,945.29,981.89
EK_0031_P22_107_frame_0000004951_r.jpg,0,1372.98,496.73,1275.86,472.22,1212.81,393.36,1171.36,329.06,1116.82,295.71,1305.47,275.31,1231.00,201.89,1183.46,177.12,1149.00,160.86,1352.27,270.63,1273.64,218.54,1220.21,211.14,1184.45,210.86,1374.06,285.98,1303.85,251.63,1256.80,245.12,1221.33,247.00,1380.54,302.40,1324.32,272.06,1284.27,266.43,1252.49,274.90
EK_0031_P22_107_frame_0000004951_r.jpg,1,874.30,539.93,970.00,526.51,1014.15,440.37,1017.47,361.41,1032.65,306.59,932.91,344.52,959.26,245.04,987.52,200.38,1011.01,173.61,881.62,334.22,922.68,239.65,964.60,208.44,998.45,198.34,854.12,338.30,890.46,252.38,929.52,223.23,960.61,212.60,841.83,347.59,868.54,275.51,897.54,245.80,925.49,232.83
EK_0031_P22_107_frame_0000005086_l.jpg,0,964.83,725.59,1085.74,714.52,1155.25,624.72,1175.79,537.78,1198.70,482.12,1108.57,498.56,1139.17,390.02,1154.20,332.35,1160.98,289.48,1045.90,479.44,1086.38,376.62,1106.95,321.17,1120.71,280.99,995.12,483.04,1030.72,387.14,1052.67,338.47,1065.90,302.70,953.35,501.57,953.80,432.03,954.67,393.08,953.96,366.05
EK_0031_P22_107_frame_0000005867_l.jpg,0,1202.29,784.50,1121.78,776.69,1073.73,746.07,1064.87,721.40,1063.04,707.38,1121.42,640.40,1112.47,602.36,1105.75,585.33,1105.06,582.04,1162.65,640.47,1167.83,602.13,1163.83,596.56,1159.13,601.06,1194.54,653.93,1193.10,623.96,1183.49,618.31,1175.40,620.03,1218.09,675.00,1209.92,656.26,1201.19,657.78,1198.92,662.95
EK_0031_P22_107_frame_0000005867_l.jpg,1,1005.65,979.00,1067.13,950.13,1092.64,910.23,1101.51,880.14,1101.44,855.52,1032.65,862.55,1019.10,813.22,1010.79,781.15,1005.42,759.56,1001.84,873.94,985.67,827.23,982.95,798.97,984.70,783.12,979.25,893.65,965.71,851.84,963.01,828.00,964.67,810.32,965.67,915.37,955.35,880.79,953.27,858.82,955.16,842.03
EK_0031_P22_107_frame_0000006359_l.jpg,0,685.87,888.19,752.85,865.61,803.63,796.97,854.80,750.97,902.06,722.13,705.25,715.18,752.11,634.26,793.61,594.23,828.34,569.71,676.25,709.70,740.58,649.83,783.67,629.37,817.16,616.48,665.42,714.87,726.50,665.70,761.24,652.13,788.20,643.05,666.94,722.35,718.18,680.96,749.20,669.55,773.08,663.92
EK_0031_P22_107_frame_0000006549_r.jpg,0,1364.14,1057.95,1290.79,1024.10,1222.09,968.70,1169.91,928.68,1123.08,895.62,1323.76,864.10,1275.17,792.12,1230.79,765.27,1193.66,751.24,1346.75,872.42,1284.07,817.32,1232.70,822.14,1205.14,832.13,1352.97,884.74,1290.69,851.89,1249.87,867.00,1228.35,883.63,1353.95,891.97,1305.79,870.52,1271.86,875.87,1251.68,888.33
EK_0031_P22_107_frame_0000006619_l.jpg,0,1029.09,952.30,1090.46,939.88,1131.47,904.58,1166.78,884.44,1196.33,872.50,1073.94,812.32,1103.66,756.47,1129.36,738.68,1149.09,734.91,1038.89,810.92,1076.62,764.07,1104.53,756.42,1125.49,758.20,1016.39,821.12,1051.63,784.10,1077.12,774.29,1093.54,775.32,1005.93,836.59,1033.64,802.95,1053.73,793.19,1067.79,793.55
EK_0031_P22_107_frame_0000007272_r.jpg,0,1050.35,422.55,955.35,409.40,902.84,361.43,882.48,316.36,868.58,287.66,981.63,238.14,987.32,163.37,990.97,134.22,990.93,124.81,1038.57,239.34,1055.01,174.61,1055.40,159.49,1051.86,160.12,1085.62,255.00,1097.60,207.82,1091.33,193.66,1079.91,194.48,1117.54,280.24,1115.08,252.95,1101.92,248.73,1090.80,258.90
EK_0031_P22_107_frame_0000007688_r.jpg,0,1283.24,688.04,1237.87,654.20,1203.62,600.64,1164.48,564.43,1124.97,545.38,1264.13,537.78,1224.43,485.13,1190.47,484.98,1166.29,494.67,1271.34,541.45,1226.15,495.78,1189.26,500.03,1162.15,516.95,1267.78,554.19,1224.06,521.69,1190.34,525.84,1164.55,538.27,1261.60,566.04,1225.30,546.68,1197.50,549.40,1174.98,557.20
EK_0031_P22_107_frame_0000007688_r.jpg,1,867.84,672.94,943.31,673.17,1005.50,632.29,1043.46,588.70,1079.15,564.08,956.42,542.61,966.63,467.49,980.00,445.19,989.09,444.77,914.06,532.48,931.41,458.90,951.70,446.52,966.82,452.78,882.27,533.16,902.71,466.62,923.38,456.49,937.11,460.57,857.95,540.83,877.44,487.98,896.93,478.11,911.00,479.43
EK_0031_P22_107_frame_0000009138_l.jpg,0,578.55,539.24,640.14,515.34,677.54,485.99,686.88,457.50,681.91,436.66,596.38,404.83,607.00,354.58,622.42,364.09,630.18,390.15,555.61,409.14,545.66,351.91,562.16,349.62,576.03,365.80,526.32,426.37,512.85,379.58,531.34,374.06,548.48,384.18,509.13,452.38,494.45,417.07,506.93,409.41,522.35,415.61
EK_0031_P22_107_frame_0000010134_l.jpg,0,1283.30,494.78,1213.39,473.44,1178.27,430.13,1155.49,391.97,1127.54,368.02,1240.55,346.19,1232.64,282.71,1225.85,249.13,1219.69,228.26,1280.32,350.59,1283.29,288.90,1273.86,262.43,1263.20,247.24,1305.56,365.07,1305.02,313.89,1294.32,288.86,1280.84,277.56,1320.21,382.32,1318.83,339.26,1308.78,320.45,1298.58,313.22
EK_0031_P22_107_frame_0000010230_r.jpg,0,1722.87,473.63,1639.79,391.04,1594.34,317.00,1559.25,282.66,1522.54,270.48,1716.22,236.89,1684.04,188.69,1659.40,169.30,1644.26,158.96,1745.12,272.17,1706.80,230.72,1671.95,225.87,1648.87,223.00,1751.50,308.46,1707.05,278.30,1669.39,269.40,1643.32,273.10,1751.87,335.74,1711.87,307.39,1681.50,299.04,1656.36,301.68
EK_0031_P22_107_frame_0000010776_l.jpg,0,1213.55,540.12,1130.24,615.88,1035.03,630.82,972.72,593.82,949.21,545.58,990.49,588.67,913.07,554.31,927.93,556.26,947.54,559.95,1002.97,537.21,943.39,525.67,965.12,540.11,991.93,552.19,1026.39,496.83,984.32,502.42,1003.33,516.40,1029.20,528.03,1054.21,469.56,1020.52,484.34,1036.05,496.24,1056.94,504.53
EK_0031_P22_107_frame_0000010825_l.jpg,0,795.56,1064.80,878.24,1058.13,924.96,1012.07,956.56,958.33,992.95,926.07,877.55,918.85,926.15,834.62,955.43,817.40,970.88,820.21,827.32,900.18,886.92,810.99,925.03,802.56,946.32,810.42,791.18,899.30,845.23,820.03,884.66,812.27,905.94,819.33,766.77,911.10,809.85,849.22,841.79,838.19,861.02,840.13
EK_0031_P22_107_frame_0000011859_l.jpg,0,775.49,883.03,846.93,881.88,895.54,853.97,926.87,835.40,953.73,820.05,858.88,770.93,877.46,723.24,903.36,711.31,920.18,712.79,839.45,771.73,859.02,721.73,886.74,712.48,907.65,712.15,827.33,776.88,841.26,740.25,867.11,724.58,884.80,719.97,820.14,785.24,836.15,756.46,851.38,740.55,864.20,730.63
EK_0031_P22_107_frame_0000012850_r.jpg,0,1096.59,818.48,1003.83,829.58,946.52,768.72,912.97,703.58,872.44,675.40,994.73,677.63,937.60,607.99,906.00,604.87,898.49,621.68,1044.17,658.89,979.17,585.12,940.77,590.79,928.28,604.65,1079.84,656.69,1024.12,582.58,983.18,585.82,966.23,599.61,1104.56,663.81,1065.98,598.68,1030.53,589.71,1012.80,597.28
EK_0031_P22_107_frame_0000012850_r.jpg,1,646.22,742.91,712.79,750.98,764.27,705.33,791.26,649.44,818.83,603.49,704.80,618.22,775.11,549.45,823.66,526.78,860.94,516.77,667.48,600.35,734.29,522.73,787.93,499.89,828.27,495.05,647.02,598.49,707.17,532.08,755.13,513.98,791.41,508.83,638.24,605.68,686.00,550.47,725.48,532.51,757.87,527.19
EK_0031_P22_107_frame_0000013001_l.jpg,0,701.61,915.56,774.40,882.34,812.73,810.78,836.75,754.13,858.20,706.06,724.65,739.90,751.79,667.81,789.67,644.85,814.27,641.47,697.11,741.28,760.61,698.45,796.72,726.78,806.88,756.82,686.48,753.88,746.02,719.86,781.23,744.99,791.15,769.85,682.50,766.27,732.87,740.12,760.82,758.16,769.31,776.86
EK_0031_P22_107_frame_0000013001_l.jpg,1,1155.75,802.23,1072.96,841.62,1000.69,834.16,948.09,816.52,915.22,794.24,1005.52,704.17,959.92,632.08,931.75,618.37,916.80,622.10,1044.94,676.65,1003.54,598.97,969.84,578.63,946.80,574.45,1077.61,668.36,1034.92,609.10,1003.33,589.15,979.80,584.72,1098.03,673.70,1056.38,630.48,1026.50,616.71,1006.67,611.43
EK_0031_P22_107_frame_0000013050_r.jpg,0,532.46,925.98,595.16,965.99,658.68,964.62,715.09,935.33,765.32,907.38,683.29,833.37,772.30,813.85,812.42,816.79,838.98,821.81,661.13,793.85,758.50,771.62,806.99,774.77,839.75,782.65,636.79,775.05,717.99,742.26,768.69,735.78,807.43,734.91,611.39,770.38,670.60,730.49,710.66,716.82,743.30,712.95
EK_0031_P22_107_frame_0000013084_l.jpg,0,941.54,1036.42,869.61,1036.91,836.62,1010.53,814.84,991.69,799.15,979.75,858.85,901.33,838.89,825.94,835.60,781.99,840.11,751.47,905.22,891.52,903.38,811.98,907.05,771.26,912.89,749.05,948.19,896.41,958.32,831.33,959.59,803.46,958.43,790.11,979.26,916.26,987.34,870.38,983.42,863.05,979.10,866.82
EK_0031_P22_107_frame_0000013084_l.jpg,1,711.18,1026.43,735.60,993.59,742.25,922.26,743.79,857.16,742.24,802.37,691.98,880.52,703.54,799.57,733.08,758.31,759.79,735.04,687.09,882.40,699.85,806.06,727.84,768.07,756.33,742.93,692.40,887.14,704.14,820.12,726.26,783.65,749.96,756.18,703.04,893.25,709.68,836.02,724.53,805.19,740.97,782.90
EK_0031_P22_107_frame_0000016517_r.jpg,0,816.04,447.71,879.77,451.07,937.35,413.97,994.28,393.71,1039.79,378.59,866.27,328.58,879.19,245.25,906.38,206.74,929.52,189.24,833.04,309.71,862.32,237.09,900.51,207.42,930.09,199.34,815.59,306.86,852.07,255.89,885.45,234.99,910.57,229.77,807.60,311.25,843.10,278.86,870.44,265.75,892.55,264.24
EK_0031_P22_107_frame_0000017076_l.jpg,0,970.39,765.42,1008.08,784.38,1047.75,780.86,1083.22,783.84,1112.20,781.71,1032.17,684.43,1069.71,631.62,1104.12,630.74,1124.79,643.93,1017.87,667.44,1061.34,622.70,1096.84,629.24,1115.21,648.20,1008.08,662.37,1046.94,624.73,1079.86,628.07,1097.89,643.00,1004.15,666.82,1038.17,632.24,1065.28,631.28,1080.76,643.05
EK_0031_P22_107_frame_0000017076_l.jpg,1,1233.35,870.49,1156.06,851.95,1120.41,793.85,1114.59,751.99,1110.95,737.05,1186.55,714.84,1141.19,683.22,1120.34,715.80,1124.86,740.67,1223.77,716.74,1177.04,681.84,1150.56,710.33,1149.82,732.37,1245.36,732.46,1201.21,699.55,1174.66,722.06,1173.57,745.03,1253.52,749.85,1213.30,726.72,1190.79,739.53,1188.45,757.27
EK_0031_P22_107_frame_0000017444_l.jpg,0,1176.78,980.90,1124.16,961.78,1088.26,926.16,1070.76,905.05,1073.50,900.15,1137.91,873.73,1106.19,860.53,1089.02,875.16,1081.50,887.06,1160.98,883.20,1124.48,877.04,1100.99,888.41,1088.93,905.14,1172.68,898.03,1138.95,894.54,1114.60,901.42,1101.55,914.57,1178.08,911.46,1149.71,907.96,1131.25,911.58,1119.10,921.55
EK_0031_P22_107_frame_0000018269_r.jpg,0,1205.15,831.07,1135.80,861.46,1079.14,832.06,1053.99,787.19,1048.03,756.50,1090.83,776.72,1019.62,736.67,1026.20,765.16,1047.54,783.02,1120.35,741.58,1046.43,703.34,1048.08,735.91,1066.50,752.43,1145.27,721.73,1080.02,689.25,1077.24,717.64,1093.30,732.76,1166.07,713.71,1110.99,686.59,1103.98,705.56,1119.36,719.58
EK_0031_P22_107_frame_0000018700_l.jpg,0,579.45,854.96,644.64,860.21,689.42,818.47,707.90,774.42,728.56,742.15,643.01,746.79,669.09,684.13,691.21,648.96,709.79,623.66,610.16,732.05,640.86,666.04,667.69,626.97,691.37,597.91,587.43,726.06,614.59,662.39,638.84,624.16,660.78,594.81,571.60,726.42,593.07,671.65,611.73,638.32,630.21,612.85
EK_0031_P22_107_frame_0000018834_l.jpg,0,1321.18,872.82,1246.14,864.66,1186.53,814.26,1144.45,777.74,1114.49,755.50,1223.37,719.88,1144.15,718.92,1106.21,743.92,1085.99,765.42,1248.43,717.10,1165.95,731.98,1134.36,770.25,1120.76,809.16,1260.75,728.83,1181.79,751.01,1152.43,786.09,1139.51,817.16,1263.62,739.59,1206.66,764.63,1184.85,791.86,1175.89,817.59
EK_0031_P22_107_frame_0000018860_l.jpg,0,1397.73,883.81,1333.65,871.32,1273.69,822.72,1227.45,786.88,1188.77,758.28,1304.95,726.63,1220.43,719.41,1169.90,741.80,1141.50,767.05,1310.14,740.54,1226.04,742.27,1189.40,779.72,1176.83,817.98,1307.96,758.01,1234.96,759.68,1210.96,795.60,1205.53,823.72,1306.62,767.69,1256.01,783.21,1239.47,810.38,1234.81,830.79
EK_0031_P22_107_frame_0000018976_l.jpg,0,1267.04,842.26,1204.04,828.21,1148.16,779.11,1108.59,745.35,1074.01,720.72,1181.02,687.35,1103.10,680.92,1055.82,700.82,1026.79,722.14,1188.88,699.27,1108.89,703.33,1073.76,740.41,1059.73,776.04,1187.19,715.59,1116.68,719.73,1094.80,756.01,1089.21,781.01,1185.66,725.54,1135.21,743.21,1120.04,769.27,1115.93,787.14
EK_0031_P22_107_frame_0000019201_r.jpg,0,1224.32,785.75,1146.73,785.30,1092.78,738.11,1057.87,703.49,1029.57,683.33,1124.28,646.37,1053.10,645.67,1014.28,669.12,993.44,689.07,1153.23,647.88,1077.64,657.36,1045.75,694.30,1035.05,729.75,1167.52,658.24,1094.59,674.12,1068.31,709.80,1061.79,738.99,1173.15,664.13,1119.47,688.02,1099.22,713.49,1093.88,739.77
EK_0031_P22_107_frame_0000019326_l.jpg,0,1258.63,672.47,1187.24,673.81,1113.12,646.68,1056.82,632.47,1009.70,615.40,1150.04,535.19,1142.44,464.69,1113.90,438.06,1086.72,434.42,1165.43,525.12,1149.77,446.04,1109.46,417.41,1073.73,413.79,1179.71,521.73,1156.23,445.71,1117.11,419.42,1082.05,416.17,1190.67,524.77,1162.76,469.22,1129.17,444.30,1098.89,435.29
EK_0031_P22_107_frame_0000019326_l.jpg,1,777.42,857.50,846.26,855.55,892.81,809.80,933.23,761.79,971.11,729.39,817.76,759.25,837.56,673.47,870.76,629.32,899.36,603.51,781.61,741.78,805.70,646.20,841.46,595.88,871.05,567.84,765.10,730.21,784.27,649.85,814.55,606.38,842.12,580.31,761.35,725.03,774.19,660.10,794.79,626.67,818.05,606.88
EK_0031_P22_107_frame_0000019467_r.jpg,0,903.67,667.16,830.54,678.43,778.96,645.65,746.62,609.45,712.84,599.55,821.11,546.44,825.85,498.77,839.73,483.42,853.82,476.03,862.22,538.99,869.51,484.97,876.50,460.18,886.55,445.81,901.40,551.08,912.20,510.23,914.72,498.11,917.96,496.82,937.10,572.13,945.58,557.93,940.87,560.68,937.26,570.03
EK_0031_P22_107_frame_0000019467_r.jpg,1,507.38,985.65,549.51,939.99,567.76,879.84,597.25,833.22,618.15,792.20,460.75,857.58,419.55,793.21,412.01,746.10,415.24,711.33,443.47,865.66,408.45,802.06,405.16,753.81,411.89,723.28,440.03,872.58,418.76,820.71,417.47,781.38,422.07,754.23,443.57,873.58,434.58,833.45,433.76,809.83,437.53,792.68
EK_0031_P22_107_frame_0000019613_l.jpg,0,1115.47,819.23,1060.54,877.86,998.69,898.32,943.25,894.11,900.77,879.14,955.13,795.62,869.45,777.56,837.83,770.94,822.06,768.02,975.88,749.02,891.13,711.64,856.34,703.43,840.85,703.96,1001.40,721.65,929.27,684.37,896.00,678.23,879.19,683.46,1025.40,711.03,969.40,678.64,944.20,674.98,931.13,678.69
EK_0031_P22_107_frame_0000019613_l.jpg,1,735.76,895.62,794.60,902.53,843.85,862.07,889.67,834.79,928.47,816.65,790.66,775.20,804.40,708.65,836.50,683.59,861.68,678.92,761.56,761.90,795.56,706.34,835.70,690.61,865.96,694.72,747.19,760.15,785.08,716.10,819.90,704.92,846.46,706.85,744.05,766.60,778.98,732.32,806.61,721.57,828.55,721.32
EK_0031_P22_107_frame_0000019713_l.jpg,0,1065.45,727.66,994.86,739.50,952.35,699.63,929.19,660.34,902.79,647.61,968.34,618.37,933.75,562.26,917.45,560.94,918.06,576.02,1010.37,600.60,975.83,538.82,959.61,549.89,955.05,565.32,1043.65,599.50,1015.86,544.61,995.28,549.78,988.50,561.01,1070.44,607.91,1044.70,566.88,1024.35,567.58,1018.67,579.37
EK_0031_P22_107_frame_0000019713_l.jpg,1,742.19,840.13,807.41,834.07,849.97,785.79,884.71,749.18,920.77,727.69,784.17,713.00,792.06,635.31,809.13,595.27,824.70,571.43,758.31,707.77,777.67,636.03,810.43,607.49,837.55,599.48,747.78,708.84,768.35,649.05,798.53,626.06,823.48,618.01,746.69,710.55,762.11,663.43,784.37,641.14,804.78,631.04
EK_0031_P22_107_frame_0000019851_r.jpg,0,701.04,776.65,705.96,707.70,734.72,638.74,775.57,596.66,805.68,552.10,712.98,605.55,748.88,556.72,788.91,533.00,821.14,523.85,743.18,631.28,784.23,584.49,821.45,570.32,852.97,570.88,765.37,655.30,802.70,616.68,835.17,599.13,865.34,595.20,789.27,682.91,817.21,647.42,841.65,628.13,866.12,613.26
EK_0031_P22_107_frame_0000020476_l.jpg,0,1084.56,756.94,1049.48,725.34,1010.70,680.32,977.40,645.98,953.63,611.52,1045.00,618.17,981.75,598.67,946.65,598.56,926.64,601.78,1039.13,632.09,976.33,633.43,970.09,666.83,980.86,692.89,1029.41,650.21,978.66,652.20,979.88,684.93,992.50,705.18,1020.59,662.89,984.83,673.95,989.28,698.36,1004.58,709.57
EK_0031_P22_107_frame_0000020744_r.jpg,0,1196.53,764.59,1131.94,729.17,1115.46,672.74,1125.12,626.30,1125.92,590.09,1172.79,617.48,1171.83,559.62,1171.75,529.07,1173.97,506.59,1211.39,623.55,1210.76,562.02,1205.10,528.40,1204.18,503.51,1234.80,636.84,1235.86,580.55,1228.53,547.63,1222.42,524.68,1246.73,652.10,1248.71,605.59,1242.05,579.00,1234.06,562.30
EK_0031_P22_107_frame_0000020832_r.jpg,0,1415.77,978.63,1461.06,912.87,1453.89,842.35,1425.80,789.24,1413.28,746.73,1424.80,828.58,1406.72,785.37,1387.17,757.22,1373.44,740.03,1391.39,841.10,1367.33,791.64,1351.94,761.23,1343.84,746.93,1365.00,856.88,1338.90,806.05,1332.74,786.19,1332.21,780.70,1339.89,876.09,1321.86,836.51,1325.60,820.92,1336.83,816.48
EK_0031_P22_107_frame_0000020832_r.jpg,1,1171.64,847.41,1201.63,818.77,1257.08,793.47,1309.60,792.99,1348.88,812.13,1276.67,759.53,1324.08,743.83,1344.27,749.78,1348.34,760.62,1281.05,777.97,1333.45,774.10,1347.99,778.70,1347.68,787.05,1283.05,802.72,1327.11,801.79,1340.43,804.99,1343.98,811.69,1285.03,829.20,1317.33,829.22,1329.97,830.96,1336.82,836.58
EK_0031_P22_107_frame_0000021383_r.jpg,0,1225.45,689.84,1171.15,717.15,1127.87,694.97,1109.93,663.03,1109.54,640.21,1090.14,645.38,1045.38,616.63,1061.49,626.69,1083.98,639.07,1116.24,610.06,1063.56,571.41,1074.48,584.08,1088.44,596.86,1144.86,590.72,1104.90,555.34,1108.85,573.49,1118.61,586.18,1178.06,582.01,1140.65,556.88,1140.53,571.46,1150.93,582.67
EK_0031_P22_107_frame_0000021383_r.jpg,1,860.61,718.97,920.67,735.11,975.17,708.15,1013.66,690.02,1047.35,688.59,947.27,620.40,986.28,568.80,1013.09,542.19,1033.14,526.56,918.75,602.99,964.09,553.16,996.07,532.97,1021.76,523.40,899.04,597.37,943.67,556.39,974.51,539.46,999.30,530.95,889.01,599.02,927.20,566.29,953.64,551.33,976.04,543.96
EK_0031_P22_107_frame_0000022228_l.jpg,0,769.81,939.95,826.98,923.74,864.08,879.65,886.87,845.63,903.82,819.38,806.86,823.37,833.76,788.24,865.29,788.95,882.40,800.42,788.54,827.91,831.55,799.46,862.78,811.72,874.56,828.69,779.88,838.26,823.77,817.80,851.88,829.11,860.50,840.55,776.09,848.55,815.83,833.41,836.85,842.84,843.05,854.48
EK_0031_P22_107_frame_0000022228_l.jpg,1,1164.76,1015.27,1094.98,974.33,1073.48,919.34,1066.92,880.56,1046.28,848.18,1133.55,865.36,1137.58,816.48,1120.66,802.52,1106.80,804.38,1157.62,878.97,1149.40,835.25,1127.01,831.48,1110.44,835.14,1169.91,896.57,1160.62,859.80,1139.02,852.31,1123.68,856.13,1176.26,912.69,1170.27,883.24,1150.82,872.16,1137.73,871.00
EK_0031_P22_107_frame_0000022371_l.jpg,0,703.80,992.41,799.07,957.77,845.03,867.61,853.79,771.91,844.75,704.48,771.73,870.93,813.01,731.52,844.89,648.50,871.43,589.62,698.69,845.89,728.74,697.23,779.18,620.13,825.59,584.77,647.39,826.04,673.12,690.15,727.08,623.88,775.71,592.78,619.70,810.37,625.59,697.00,660.56,637.02,700.27,604.55
EK_0031_P22_107_frame_0000022371_l.jpg,1,1139.94,565.72,1045.49,566.47,989.08,526.14,967.31,471.89,960.69,439.20,1015.44,429.37,962.84,365.50,937.95,371.57,933.83,384.95,1059.27,408.73,994.73,340.11,965.95,355.81,960.80,376.21,1092.66,407.98,1036.49,350.13,1005.86,360.43,996.50,376.38,1113.29,417.47,1072.04,371.48,1041.75,370.89,1031.65,381.68
EK_0031_P22_107_frame_0000022426_r.jpg,0,1140.30,932.21,1026.57,1001.74,910.00,996.46,811.72,944.32,741.36,898.70,939.41,809.27,792.67,804.65,748.17,846.48,734.35,882.31,965.42,749.11,809.03,757.81,776.26,810.98,780.61,849.30,987.82,729.51,843.68,740.78,813.11,791.29,814.29,825.80,1000.75,729.82,892.75,738.34,859.50,781.50,854.64,810.11
EK_0031_P22_107_frame_0000022486_r.jpg,0,1334.10,789.39,1266.05,767.50,1211.23,717.28,1164.16,674.89,1129.34,635.99,1320.51,622.27,1325.10,530.56,1297.02,488.04,1265.95,468.60,1353.01,621.75,1347.28,527.66,1310.49,487.35,1276.16,472.58,1366.14,627.27,1355.38,547.34,1324.71,511.15,1294.29,494.43,1365.69,632.46,1355.08,568.44,1332.36,536.20,1309.15,518.26
EK_0031_P22_107_frame_0000022884_r.jpg,0,1200.50,689.37,1089.08,699.78,1007.59,635.35,967.93,557.78,928.91,504.58,1070.12,508.54,1006.34,399.40,960.85,361.92,924.84,340.11,1119.08,490.10,1066.84,370.97,1025.04,322.60,993.15,291.73,1144.11,495.36,1098.38,400.77,1058.25,356.05,1026.56,332.34,1150.49,507.14,1106.65,440.78,1069.82,408.15,1039.86,392.04
EK_0031_P22_107_frame_0000023914_r.jpg,0,1221.83,791.52,1159.19,785.85,1120.45,766.99,1097.17,757.72,1081.10,745.28,1144.75,698.91,1116.70,687.11,1099.38,700.95,1093.85,717.59,1161.99,704.83,1132.71,688.95,1111.11,699.44,1099.57,712.81,1173.15,716.79,1144.86,705.13,1124.97,711.49,1114.51,721.06,1179.20,727.22,1155.11,721.95,1137.95,725.22,1125.37,731.19
EK_0031_P22_107_frame_0000025011_r.jpg,0,1347.02,650.79,1294.43,651.33,1230.69,620.48,1171.48,599.22,1120.93,588.61,1234.96,517.02,1158.28,492.50,1111.73,509.36,1074.93,532.49,1233.89,522.27,1160.26,508.39,1112.74,529.32,1079.47,560.27,1233.20,539.56,1171.51,535.48,1136.79,557.42,1109.90,581.62,1234.69,557.79,1191.21,561.45,1164.18,579.71,1143.90,600.26
EK_0031_P22_107_frame_0000025338_l.jpg,0,573.56,591.52,624.01,589.54,652.37,559.55,663.28,526.30,662.06,499.52,683.48,535.02,707.49,485.17,711.36,452.86,710.32,432.01,674.46,511.67,686.81,442.93,668.95,412.81,650.61,400.04,655.42,487.09,672.38,420.80,654.01,392.16,632.77,377.30,628.77,463.73,647.34,409.86,640.51,384.74,627.38,370.73
EK_0031_P22_107_frame_0000025396_l.jpg,0,1346.06,945.94,1292.99,944.44,1218.31,879.76,1153.49,825.83,1092.25,800.67,1299.28,783.63,1200.82,727.28,1134.14,719.25,1079.02,716.95,1291.15,767.53,1203.98,716.79,1136.16,712.20,1087.34,719.25,1274.75,769.68,1200.57,732.39,1148.47,737.86,1110.32,746.87,1258.21,772.99,1207.48,751.25,1164.11,755.43,1130.43,762.63
EK_0031_P22_107_frame_0000026238_r.jpg,0,757.21,905.14,726.87,846.94,727.45,784.52,757.83,744.66,789.65,724.05,753.88,773.08,784.25,727.04,810.80,701.48,834.57,680.14,782.76,787.07,815.73,739.23,843.14,710.29,866.90,685.47,806.05,808.45,837.45,763.17,861.50,733.86,881.47,710.96,829.40,834.75,853.44,796.14,868.91,769.87,881.74,746.84
EK_0031_P22_107_frame_0000026238_r.jpg,1,1138.55,526.84,1082.63,521.53,1056.16,498.31,1047.77,481.79,1042.79,471.57,1084.74,412.62,1077.52,369.63,1067.78,371.26,1061.55,383.51,1121.77,407.96,1110.31,373.54,1099.22,377.25,1095.27,387.61,1150.17,414.37,1141.65,383.59,1130.73,381.96,1126.11,388.71,1171.50,427.19,1167.62,394.61,1159.19,388.78,1155.01,393.08
EK_0031_P22_107_frame_0000026269_l.jpg,0,795.74,815.37,855.83,792.47,878.44,740.66,881.38,703.36,874.81,675.24,803.68,679.96,811.39,617.31,830.59,591.23,847.82,581.61,774.83,686.99,785.67,616.15,809.73,591.49,829.97,584.33,760.85,697.94,772.15,634.58,793.91,609.89,812.76,599.49,758.61,709.23,765.84,658.07,783.33,633.37,801.04,623.55
EK_0031_P22_107_frame_0000026269_l.jpg,1,1083.13,784.71,1024.99,777.39,1000.68,749.41,1003.00,722.90,1013.02,708.56,1019.82,669.91,1018.30,616.76,1011.66,622.63,1012.37,639.17,1054.15,664.00,1044.93,615.76,1036.23,628.41,1039.05,644.87,1082.98,668.26,1073.60,624.64,1064.58,635.14,1064.71,649.77,1105.39,679.75,1100.12,633.52,1090.42,635.95,1089.72,648.36
EK_0031_P22_107_frame_0000026561_r.jpg,0,1196.16,845.01,1146.78,817.10,1102.88,743.63,1063.98,686.18,1029.85,638.37,1156.36,669.63,1113.74,596.73,1074.43,567.05,1039.97,555.01,1144.37,679.64,1099.71,625.06,1049.25,600.09,1005.33,591.93,1131.90,697.21,1087.92,661.33,1046.87,647.68,1010.15,635.34,1122.10,714.82,1081.91,691.60,1054.04,686.49,1030.47,681.00
EK_0031_P22_107_frame_0000026869_l.jpg,0,1039.46,998.00,1108.63,975.90,1142.65,924.58,1154.77,876.78,1174.72,845.72,1086.15,855.07,1087.60,795.83,1086.70,762.26,1084.67,736.15,1046.84,856.09,1040.64,792.51,1037.03,754.10,1033.15,725.82,1015.60,869.10,1009.35,812.37,1008.06,782.04,1006.58,759.72,991.79,889.03,982.71,844.86,981.28,822.69,981.85,807.08
EK_0031_P22_107_frame_0000027126_r.jpg,0,1225.97,714.45,1162.17,765.56,1093.42,753.60,1058.39,716.07,1054.15,685.09,1056.86,686.89,997.27,645.14,1008.22,668.24,1032.61,682.39,1081.66,642.89,1017.86,609.67,1024.37,638.98,1046.38,653.59,1109.33,616.21,1050.15,588.59,1051.57,615.73,1070.90,631.12,1134.81,604.78,1084.06,587.86,1081.73,608.04,1099.26,620.58
EK_0033_P25_101_frame_0000001005_l.jpg,0,1433.19,991.77,1341.77,1050.91,1226.08,1052.57,1114.87,1022.01,1030.86,1001.37,1243.47,931.06,1071.37,896.78,1027.81,943.46,1030.00,982.31,1270.11,854.84,1085.84,846.61,1073.06,916.03,1102.02,948.04,1286.41,804.71,1116.81,806.51,1116.31,867.33,1153.18,895.08,1297.30,777.01,1163.29,775.14,1152.65,821.57,1183.80,847.41
EK_0033_P25_101_frame_0000001133_l.jpg,0,418.35,854.89,502.60,884.26,586.63,866.46,647.15,866.87,688.33,870.95,559.87,724.52,601.79,638.43,644.94,618.63,673.23,625.83,521.87,703.43,581.90,637.40,628.11,628.45,658.01,639.46,496.53,700.69,558.29,659.66,599.56,653.80,626.00,659.33,482.18,707.06,537.71,677.94,575.16,670.85,598.15,673.13
EK_0033_P25_101_frame_0000001133_l.jpg,1,1374.14,946.36,1274.35,936.23,1201.01,863.16,1158.34,786.76,1126.73,735.49,1256.33,765.47,1186.93,668.63,1132.18,681.42,1098.82,712.87,1281.63,758.14,1206.96,678.72,1148.47,694.50,1117.43,727.15,1290.81,769.35,1221.75,716.10,1174.36,731.90,1146.86,758.53,1294.13,784.28,1241.12,755.99,1202.44,766.60,1178.44,787.85
EK_0033_P25_101_frame_0000004221_r.jpg,0,1342.31,727.41,1255.11,722.77,1199.01,688.53,1187.66,654.47,1206.35,646.19,1237.62,591.12,1206.64,582.73,1198.04,615.97,1197.68,644.86,1280.31,584.46,1250.14,588.87,1237.41,620.61,1238.69,648.12,1315.22,596.70,1284.79,607.81,1268.81,632.56,1268.60,655.43,1334.75,617.16,1308.78,623.65,1289.49,643.32,1285.65,663.28
EK_0033_P25_101_frame_0000004634_r.jpg,0,1592.65,612.62,1499.44,604.27,1442.75,544.70,1404.22,500.41,1367.60,485.18,1503.71,453.05,1441.29,429.15,1408.49,457.93,1399.40,484.59,1546.85,446.08,1480.53,431.62,1445.63,458.87,1435.29,484.22,1577.09,455.97,1513.74,444.88,1484.13,466.60,1476.45,491.01,1597.47,470.72,1545.63,461.14,1519.61,476.06,1509.48,497.29
EK_0033_P25_101_frame_0000004846_r.jpg,0,1600.09,703.73,1499.37,689.07,1422.93,645.71,1367.24,624.13,1321.35,610.32,1473.76,542.42,1397.19,523.11,1363.84,553.69,1348.41,586.70,1506.09,547.53,1428.07,540.97,1388.22,572.67,1368.27,609.50,1526.69,568.44,1456.37,568.87,1417.68,592.37,1394.86,617.56,1539.65,586.73,1481.06,587.90,1448.38,603.65,1426.77,621.80
EK_0033_P25_101_frame_0000004973_r.jpg,0,1401.19,711.33,1321.30,697.12,1267.70,647.92,1234.83,612.25,1214.44,589.05,1328.16,559.67,1262.61,534.76,1230.48,556.61,1215.18,576.88,1361.48,554.17,1291.12,535.86,1254.37,557.11,1237.56,581.80,1381.17,564.89,1312.67,552.63,1280.00,570.00,1265.76,590.99,1389.34,578.07,1334.14,568.45,1305.17,581.04,1291.03,598.53
EK_0033_P25_101_frame_0000005199_r.jpg,0,1270.67,370.95,1175.92,358.67,1117.74,307.49,1073.55,268.64,1044.34,257.65,1178.75,199.19,1108.90,198.47,1095.30,237.92,1102.29,263.97,1221.72,194.68,1143.34,195.91,1125.94,231.51,1132.70,256.61,1250.29,208.93,1175.37,203.84,1157.05,231.82,1163.36,256.19,1264.98,228.55,1205.65,221.39,1188.28,239.82,1189.73,259.92
EK_0033_P25_101_frame_0000007731_r.jpg,0,741.02,1035.00,777.60,994.09,816.78,956.13,859.03,938.09,893.94,918.25,771.82,902.75,817.40,869.79,856.16,845.13,888.08,828.05,756.51,915.24,806.60,875.76,848.87,849.32,884.04,830.86,752.01,939.73,805.25,908.33,844.09,884.10,875.00,865.07,757.62,973.07,807.09,954.74,842.27,941.98,870.72,929.73
EK_0033_P25_101_frame_0000007731_r.jpg,1,1172.68,1030.17,1137.70,995.65,1106.58,964.99,1077.38,945.15,1050.09,929.49,1115.55,921.76,1066.68,900.43,1029.47,892.94,999.25,890.62,1121.81,925.73,1067.91,902.42,1028.79,894.64,996.42,891.89,1127.04,941.96,1078.07,915.42,1045.63,907.53,1019.36,903.01,1129.62,968.99,1097.18,959.72,1074.78,952.23,1056.41,944.63
EK_0033_P25_101_frame_0000009013_l.jpg,0,503.30,1084.64,540.13,1035.74,575.98,976.72,612.44,933.46,644.06,887.55,514.55,906.64,544.78,841.81,578.50,806.73,607.73,786.17,529.54,922.12,551.95,856.16,580.55,819.51,607.38,794.34,548.29,940.14,568.93,885.20,595.28,853.54,617.52,830.94,567.75,959.71,591.48,916.52,609.65,894.06,624.53,876.84
EK_0033_P25_101_frame_0000013701_l.jpg,0,547.99,1112.09,574.96,1072.20,608.66,1017.26,647.09,974.36,683.88,937.30,544.06,936.46,563.84,873.41,588.02,835.60,609.21,811.46,556.78,947.15,573.00,881.73,597.50,844.74,619.33,820.20,574.42,960.75,589.20,905.03,610.31,873.97,628.19,849.31,594.11,977.45,613.42,931.23,629.76,907.80,643.81,888.29
EK_0033_P25_101_frame_0000013983_l.jpg,0,1447.92,632.57,1394.36,573.36,1347.31,522.97,1308.38,498.32,1286.19,500.31,1396.86,469.42,1339.29,443.49,1299.55,448.78,1273.43,460.37,1391.72,494.89,1333.01,476.80,1293.41,497.40,1271.44,527.99,1383.40,519.79,1329.48,506.40,1295.36,521.14,1274.71,536.47,1376.02,543.15,1332.95,534.13,1307.56,539.97,1292.74,548.54
EK_0033_P25_101_frame_0000014353_l.jpg,0,1419.14,653.44,1370.64,582.27,1313.39,542.62,1257.67,532.49,1225.55,538.03,1339.60,493.77,1280.43,473.56,1238.56,472.95,1210.04,481.99,1329.68,529.39,1268.11,521.07,1250.39,547.24,1251.08,576.46,1323.49,561.85,1269.44,558.00,1274.48,580.29,1289.20,595.47,1321.20,590.27,1274.19,585.40,1275.95,597.93,1291.87,605.43
EK_0033_P25_101_frame_0000014455_r.jpg,0,1142.40,711.44,1050.25,704.78,1008.83,663.59,997.77,615.12,1011.98,586.23,1000.65,576.70,979.45,561.92,990.18,591.91,1005.10,611.95,1048.50,555.63,1022.31,540.44,1024.08,571.86,1036.73,597.91,1096.66,554.99,1068.69,548.33,1068.10,575.96,1081.07,600.27,1136.59,562.14,1114.73,558.66,1110.05,581.18,1117.67,602.44
EK_0033_P25_101_frame_0000014455_r.jpg,1,524.64,1093.38,556.54,1036.32,581.27,974.26,608.49,930.69,635.47,890.34,509.54,916.73,515.73,858.17,530.91,820.98,544.68,796.77,523.41,928.91,525.46,870.36,536.90,834.17,548.75,806.36,541.75,943.87,545.84,893.40,561.21,862.79,573.35,838.43,561.37,961.10,575.41,915.39,587.47,890.04,596.03,870.31
EK_0033_P25_101_frame_0000014555_l.jpg,0,1477.64,687.44,1403.60,655.59,1363.12,596.39,1362.03,561.26,1366.41,552.65,1422.99,534.59,1379.68,500.78,1346.69,513.14,1324.83,526.46,1458.50,543.96,1411.89,528.22,1376.97,548.32,1362.10,574.31,1478.54,564.49,1430.72,558.53,1398.45,572.26,1384.25,588.05,1486.46,583.41,1446.93,578.55,1419.04,589.54,1408.16,607.20
EK_0033_P25_101_frame_0000014651_l.jpg,0,1305.75,844.53,1228.43,812.63,1200.00,765.17,1196.78,731.14,1203.62,721.14,1252.24,683.52,1245.86,677.20,1242.26,703.84,1241.96,718.79,1301.24,691.91,1292.23,681.51,1279.07,700.28,1276.38,719.11,1336.13,719.41,1321.03,712.33,1305.14,724.39,1304.00,742.12,1353.41,749.98,1339.30,741.69,1322.86,750.90,1318.06,765.83
EK_0033_P25_101_frame_0000014688_r.jpg,0,1536.79,725.57,1443.88,690.66,1392.80,630.95,1355.16,588.06,1333.75,561.24,1469.62,541.76,1404.84,532.57,1377.35,570.37,1367.46,596.58,1517.93,552.93,1444.23,563.87,1410.51,601.58,1399.08,632.03,1548.38,580.91,1480.23,591.17,1446.81,619.00,1435.70,646.58,1567.12,608.00,1514.97,611.98,1483.73,631.38,1469.53,655.75
EK_0033_P25_101_frame_0000016753_l.jpg,0,508.85,974.26,507.59,884.52,525.91,825.14,557.14,788.95,588.87,760.22,511.44,804.74,544.11,760.22,569.67,737.81,587.77,723.21,537.94,835.71,571.66,787.35,597.80,757.34,620.27,733.49,561.39,866.05,592.00,823.49,613.36,791.93,631.44,766.34,583.84,897.04,611.47,863.61,627.79,842.95,642.16,822.81
EK_0033_P25_101_frame_0000016753_l.jpg,1,1415.46,842.69,1323.43,824.89,1276.07,780.30,1268.70,749.15,1284.99,740.81,1328.61,691.93,1283.10,676.89,1254.76,698.99,1240.63,719.75,1371.02,703.42,1322.59,689.77,1292.43,712.55,1278.10,737.38,1400.85,725.58,1353.48,719.12,1326.02,735.43,1315.83,751.91,1420.95,747.97,1375.84,743.84,1349.80,756.54,1336.43,773.18
EK_0033_P25_101_frame_0000016951_r.jpg,0,369.70,1052.72,350.46,963.18,369.16,905.62,408.14,877.72,444.76,859.86,371.31,908.33,403.63,871.69,432.92,855.42,456.67,845.64,403.40,935.65,431.33,893.44,458.35,868.49,480.49,851.14,430.01,959.71,456.67,921.27,471.71,901.51,483.08,888.95,460.19,981.64,476.47,955.88,477.78,951.96,477.32,950.37
EK_0033_P25_101_frame_0000017042_l.jpg,0,591.35,976.40,622.89,922.70,655.70,874.01,697.51,842.34,736.08,809.16,621.06,814.42,640.21,766.92,657.96,736.18,671.71,719.28,634.21,830.07,651.77,782.61,665.74,752.46,678.03,730.80,648.59,848.58,666.72,807.39,678.41,780.99,688.39,762.97,665.97,867.73,685.68,832.34,696.85,812.60,705.68,798.31
EK_0033_P25_101_frame_0000017042_l.jpg,1,1255.18,734.17,1170.65,716.79,1125.51,669.76,1130.34,633.69,1155.14,630.24,1184.24,578.34,1136.85,593.06,1132.47,627.51,1144.68,642.28,1222.14,578.27,1174.59,596.95,1165.62,629.12,1176.17,645.63,1248.64,593.43,1205.90,607.42,1191.28,633.70,1199.48,647.71,1262.95,614.24,1229.57,622.42,1215.61,646.25,1220.86,664.05
EK_0033_P25_101_frame_0000018111_l.jpg,0,992.58,918.55,928.42,908.90,893.93,860.00,872.20,816.00,846.31,797.76,916.01,809.92,885.86,743.79,883.63,762.57,893.64,787.25,959.10,795.31,930.31,719.01,920.62,742.21,925.49,766.24,996.86,794.20,979.17,727.02,965.26,748.05,966.23,769.09,1029.25,804.79,1017.37,750.36,1001.37,764.79,999.80,787.44
EK_0033_P25_101_frame_0000018155_r.jpg,0,1220.43,705.73,1149.45,676.81,1128.06,630.36,1139.55,593.53,1152.41,575.45,1149.09,559.74,1132.34,532.32,1124.95,558.37,1132.64,579.87,1190.43,561.80,1175.54,518.85,1162.03,542.55,1163.96,564.30,1222.79,578.40,1210.45,544.28,1190.53,562.26,1190.24,579.70,1245.94,599.79,1226.39,576.23,1207.79,587.30,1207.25,600.38
EK_0033_P25_101_frame_0000018155_r.jpg,1,756.49,1012.96,833.20,1012.42,874.80,982.22,895.88,957.65,897.83,941.58,842.24,890.17,862.01,836.77,885.04,815.89,898.63,815.38,804.14,884.67,812.18,814.36,829.59,791.97,843.75,784.44,775.39,891.67,792.54,837.52,810.02,819.62,824.70,815.56,757.98,906.56,782.57,879.92,799.50,875.10,814.45,880.81
EK_0033_P25_101_frame_0000018180_r.jpg,0,696.26,700.12,775.80,688.45,817.89,656.78,831.54,620.89,827.75,598.57,787.45,579.47,818.01,517.68,831.43,507.55,835.74,516.76,741.23,562.80,754.38,484.97,771.55,477.79,783.01,491.54,704.32,562.10,717.73,502.64,735.96,499.82,750.62,510.16,677.57,571.53,690.62,539.68,706.62,536.23,720.22,545.30
EK_0033_P25_101_frame_0000018180_r.jpg,1,1250.15,814.75,1189.75,779.09,1159.53,729.18,1145.68,696.46,1144.82,679.96,1229.83,673.96,1197.71,637.46,1168.98,641.45,1147.17,652.13,1255.16,682.88,1219.20,650.36,1184.32,656.37,1159.15,673.57,1265.23,699.15,1229.49,672.11,1197.80,675.50,1177.41,687.77,1265.95,713.74,1236.23,693.45,1208.55,693.77,1189.31,705.41
EK_0033_P25_101_frame_0000018988_l.jpg,0,464.73,938.70,515.50,876.71,551.33,813.72,587.43,774.76,619.47,741.33,488.14,760.43,501.02,702.22,527.67,669.80,552.24,653.84,494.75,777.64,504.23,721.82,527.09,691.34,548.73,673.78,507.43,799.41,519.46,752.82,539.13,722.88,556.86,705.50,524.70,822.86,541.98,784.74,555.73,763.64,568.29,748.05
EK_0033_P25_101_frame_0000020015_l.jpg,0,480.86,1002.85,538.02,936.40,573.84,870.52,595.87,826.85,610.63,795.75,509.67,818.06,515.67,757.66,542.87,731.19,569.33,723.91,510.49,844.27,542.04,798.87,584.40,796.02,620.54,809.85,515.85,871.74,556.58,843.14,600.79,845.97,633.82,858.08,525.04,894.16,559.94,874.72,589.81,880.03,613.60,890.37
EK_0033_P25_101_frame_0000020251_l.jpg,0,348.93,988.90,363.11,923.11,397.70,860.63,437.18,822.89,471.71,786.12,389.08,821.60,429.46,771.15,462.59,742.45,489.86,723.55,408.15,846.65,453.01,800.12,480.60,784.20,504.35,779.86,423.20,873.51,469.25,836.49,508.65,812.71,545.18,798.65,439.28,903.66,470.20,886.45,496.88,880.13,522.02,876.26
EK_0033_P25_101_frame_0000020523_l.jpg,0,259.96,907.59,346.28,875.49,407.35,847.22,450.93,833.25,489.90,815.37,364.50,784.67,405.07,768.17,427.92,770.47,441.99,775.23,343.57,809.59,380.46,799.90,402.98,805.29,418.20,813.85,326.55,838.51,364.57,836.09,388.44,834.45,405.87,840.35,318.49,867.31,352.17,863.05,372.06,861.85,386.83,865.13
EK_0033_P25_101_frame_0000020671_l.jpg,0,662.02,548.94,727.31,577.68,777.51,558.09,797.76,522.48,796.33,500.48,802.27,507.80,833.52,485.74,822.43,499.22,804.53,515.70,778.93,475.99,811.05,455.41,804.28,470.64,792.12,486.26,748.59,457.48,775.10,446.68,773.81,463.89,764.50,480.66,716.75,450.87,737.53,450.32,741.45,465.67,735.19,480.13
EK_0036_P27_105_frame_0000001963_r.jpg,0,974.65,588.21,971.51,535.53,1002.54,471.85,1063.29,435.37,1109.69,408.19,953.35,430.69,1016.07,383.46,1067.49,361.77,1109.45,351.79,985.49,455.19,1044.07,411.23,1088.00,393.00,1127.88,384.05,1019.66,484.80,1068.60,446.69,1103.79,425.64,1134.49,413.48,1050.47,513.43,1093.06,477.13,1116.56,457.90,1137.69,444.76
EK_0036_P27_105_frame_0000004625_r.jpg,0,1446.16,1060.44,1358.07,1003.00,1322.03,922.19,1337.12,864.50,1350.87,831.81,1387.65,851.14,1372.11,774.42,1366.03,742.90,1361.34,719.85,1434.47,861.60,1414.35,799.11,1387.92,789.18,1375.74,794.64,1462.16,885.31,1435.77,834.50,1407.12,827.95,1392.44,834.82,1474.73,909.18,1447.52,873.98,1419.68,869.83,1405.22,879.38
EK_0036_P27_105_frame_0000004782_l.jpg,0,644.98,1090.11,670.66,1041.97,703.60,997.50,738.49,965.59,760.11,934.95,664.82,970.14,680.23,943.00,696.39,926.11,710.24,916.72,667.45,993.66,674.55,973.89,689.50,971.41,701.59,971.62,671.33,1015.24,679.65,996.96,690.17,997.69,696.85,1000.97,679.57,1033.16,686.21,1014.16,694.43,1015.04,698.39,1020.60
EK_0036_P27_105_frame_0000005676_l.jpg,0,1019.88,997.74,943.73,974.65,893.45,916.84,864.99,853.97,847.92,805.45,957.10,834.56,954.58,751.45,935.26,730.85,918.59,737.99,1004.85,832.04,987.64,763.11,959.31,763.49,942.76,780.56,1041.05,843.66,1022.06,785.44,997.20,786.55,983.18,801.98,1067.47,861.64,1051.23,819.86,1029.61,818.79,1018.35,833.63
EK_0036_P27_105_frame_0000005676_l.jpg,1,696.15,920.07,755.99,903.91,789.55,855.51,811.38,813.02,831.48,784.13,732.27,800.52,759.71,752.90,782.55,746.85,797.67,752.64,701.66,802.74,728.41,761.03,752.67,755.26,773.08,757.95,684.96,812.66,710.89,779.18,733.43,773.59,752.27,775.58,680.98,826.95,702.89,795.92,723.04,787.44,739.37,789.23
EK_0036_P27_105_frame_0000009388_r.jpg,0,1272.15,985.87,1224.42,1031.46,1160.64,1032.99,1114.79,1007.85,1099.17,976.71,1128.16,954.69,1068.10,919.98,1043.79,905.48,1036.62,899.40,1148.62,911.62,1085.94,882.74,1060.36,873.86,1051.11,870.72,1172.69,880.71,1116.27,852.18,1088.16,843.30,1073.90,837.88,1197.24,860.68,1149.42,835.99,1121.66,829.38,1103.75,826.64
EK_0036_P27_105_frame_0000010676_r.jpg,0,1355.78,901.83,1292.45,920.46,1243.45,885.27,1222.85,838.88,1214.54,807.41,1251.98,842.60,1203.23,793.83,1178.81,766.80,1169.17,754.42,1288.53,811.58,1240.65,756.21,1212.72,735.10,1202.88,731.98,1320.54,795.22,1269.85,743.32,1240.86,735.23,1230.48,742.13,1345.41,788.98,1296.77,757.62,1270.57,759.31,1261.29,770.18
EK_0036_P27_105_frame_0000013115_r.jpg,0,1534.99,962.89,1455.60,906.08,1429.40,817.74,1425.66,738.40,1424.48,679.84,1549.99,768.65,1561.54,644.67,1521.84,605.97,1485.25,608.61,1611.50,788.31,1612.94,658.07,1565.90,618.52,1531.45,619.13,1645.89,814.62,1653.65,699.78,1611.82,654.86,1577.29,645.37,1663.67,842.85,1685.05,757.73,1665.62,710.44,1641.29,688.31
EK_0036_P27_105_frame_0000013828_r.jpg,0,1014.83,1009.88,1015.32,964.35,1042.22,908.93,1074.96,868.33,1101.10,838.39,1028.41,898.09,1043.30,855.21,1061.09,829.19,1078.39,810.49,1053.53,910.08,1076.93,870.34,1098.28,846.51,1118.37,827.98,1076.06,929.69,1108.33,894.25,1137.19,874.87,1161.71,858.66,1092.28,952.82,1124.46,931.51,1147.26,918.26,1167.90,905.04
EK_0036_P27_105_frame_0000014203_r.jpg,0,462.31,1059.70,480.08,1004.41,525.02,950.59,574.46,914.86,613.97,886.40,529.61,937.55,582.11,907.45,615.19,900.35,639.75,900.80,541.61,968.98,591.50,943.44,621.57,936.51,643.16,942.81,548.68,999.37,594.12,978.95,617.74,972.27,630.38,978.14,553.58,1029.48,587.84,1015.15,604.84,1010.47,613.99,1012.68
EK_0036_P27_105_frame_0000014809_l.jpg,0,663.16,850.16,732.23,793.05,734.75,700.08,718.76,620.85,706.37,551.17,652.31,676.40,644.26,572.73,663.90,516.75,682.86,485.35,613.21,694.48,617.67,595.33,645.28,543.61,675.09,513.54,599.87,709.59,611.32,622.67,636.77,572.60,663.72,539.30,602.59,720.15,606.79,641.86,629.40,596.54,654.70,571.10
EK_0036_P27_105_frame_0000016401_l.jpg,0,1226.67,783.25,1146.53,757.81,1111.03,698.93,1102.25,640.28,1102.92,601.21,1139.52,640.20,1110.35,600.68,1109.82,631.38,1122.41,656.37,1185.23,633.29,1153.06,602.32,1145.63,628.79,1155.05,652.33,1224.17,637.27,1193.52,605.65,1184.64,627.26,1191.85,651.89,1254.26,644.66,1224.95,615.81,1216.94,633.05,1223.71,654.31
EK_0036_P27_105_frame_0000017071_r.jpg,0,1351.61,930.74,1263.62,921.51,1195.23,859.90,1146.27,803.39,1105.86,761.20,1257.90,761.60,1177.63,703.76,1133.36,707.90,1104.15,717.93,1287.25,750.20,1206.25,697.02,1154.06,703.55,1119.37,718.85,1301.25,756.60,1227.27,729.57,1187.80,748.32,1165.41,768.96,1305.58,765.32,1247.29,752.66,1214.25,766.12,1194.37,782.84
EK_0036_P27_105_frame_0000020051_r.jpg,0,1620.04,1061.94,1496.30,1033.36,1403.18,958.65,1328.19,906.80,1268.81,860.82,1503.89,814.88,1427.84,693.91,1372.48,638.28,1333.58,602.13,1574.00,802.37,1497.23,675.39,1426.85,648.69,1382.45,647.06,1624.74,812.84,1565.95,699.42,1501.74,678.57,1462.01,680.00,1656.21,831.78,1615.41,741.42,1567.09,718.02,1538.23,717.85
EK_0036_P27_105_frame_0000020051_r.jpg,1,603.75,883.07,673.46,793.77,747.91,682.48,827.22,603.51,898.13,538.29,621.20,581.53,735.49,508.11,822.72,494.79,886.38,492.41,642.87,617.79,747.88,553.60,829.16,540.47,895.89,543.49,662.55,655.87,754.79,609.13,824.69,596.25,883.83,604.85,685.12,693.38,755.81,656.28,808.20,647.95,857.07,650.44
EK_0036_P27_105_frame_0000024948_r.jpg,0,1178.87,778.18,1080.69,754.70,1007.66,718.86,948.93,712.65,911.47,720.04,1075.47,595.74,1007.92,574.43,976.02,598.85,957.35,630.52,1108.60,604.69,1034.37,598.69,992.28,631.51,969.09,671.59,1126.55,627.86,1055.71,631.28,1012.07,656.15,985.49,690.20,1135.57,653.90,1071.56,660.08,1033.06,678.58,1007.32,704.56
EK_0036_P27_105_frame_0000025951_l.jpg,0,849.70,773.25,903.18,745.80,938.62,697.60,970.38,672.65,1000.40,659.83,860.23,637.47,841.24,575.42,865.79,563.36,890.15,568.71,834.01,647.01,863.61,603.95,907.93,602.89,940.86,619.17,818.97,663.68,848.46,633.04,884.78,629.74,911.11,639.45,812.84,681.76,832.88,656.61,859.60,653.03,878.18,659.03
EK_0036_P27_105_frame_0000026543_r.jpg,0,1209.63,1042.60,1177.60,1009.60,1154.86,957.03,1129.65,916.80,1108.02,882.13,1199.31,918.70,1167.22,868.29,1137.69,861.70,1117.69,870.71,1197.60,929.19,1168.21,885.25,1137.56,874.82,1114.40,879.77,1190.57,942.26,1164.93,906.60,1138.02,895.13,1115.08,893.98,1182.45,955.13,1158.55,927.52,1138.25,919.02,1121.21,917.90
EK_0036_P27_105_frame_0000026836_r.jpg,0,1261.65,709.98,1188.43,693.28,1142.38,642.06,1099.72,595.61,1055.05,579.78,1182.25,551.54,1119.19,513.51,1091.59,531.02,1084.19,550.80,1224.31,539.11,1165.76,498.43,1138.06,526.23,1133.45,549.39,1257.47,547.80,1217.99,498.69,1194.92,516.24,1190.57,541.59,1280.35,566.28,1272.57,522.75,1260.34,521.64,1258.62,531.27
EK_0036_P27_105_frame_0000027176_r.jpg,0,1045.76,951.98,987.97,972.08,939.11,953.19,913.81,914.27,905.18,886.68,928.88,896.64,877.45,847.85,854.06,822.30,841.42,805.12,959.45,868.37,905.33,812.80,881.02,787.45,869.12,771.53,990.77,850.98,945.24,798.90,921.82,780.34,910.41,770.61,1021.66,844.29,985.80,806.32,973.32,804.19,972.90,810.63
EK_0036_P27_105_frame_0000028076_l.jpg,0,724.38,1069.22,793.20,1083.64,860.46,1060.74,927.64,1028.19,985.46,993.25,847.83,938.10,931.05,881.09,981.59,867.50,1016.48,868.55,813.06,915.59,891.37,851.02,943.95,829.88,982.89,823.96,782.43,910.45,831.70,844.96,869.18,812.05,900.00,795.70,766.25,922.70,805.40,870.64,832.72,845.47,852.44,831.93
EK_0036_P27_105_frame_0000031951_l.jpg,0,1122.46,857.91,1059.43,842.09,1004.90,793.14,961.58,756.79,938.68,730.68,1084.13,716.07,1028.96,672.53,1005.08,696.16,1002.14,723.50,1112.14,711.61,1059.77,669.07,1027.83,691.27,1017.36,719.20,1127.92,723.02,1081.36,685.94,1050.70,700.42,1040.34,725.09,1133.09,737.98,1092.28,712.44,1065.07,721.14,1053.50,739.66
EK_0036_P27_105_frame_0000032988_l.jpg,0,1206.39,873.00,1164.77,827.22,1157.48,757.50,1158.12,698.38,1152.09,645.84,1232.24,731.67,1192.76,670.12,1155.88,651.47,1133.60,648.48,1248.58,741.00,1206.60,687.93,1168.23,665.86,1141.88,660.04,1249.24,753.78,1210.16,706.24,1176.58,689.31,1155.09,682.41,1244.89,762.53,1212.85,721.48,1185.00,707.62,1165.48,702.86
EK_0036_P27_105_frame_0000033886_l.jpg,0,713.20,982.04,781.89,961.42,838.29,908.12,883.78,868.82,911.91,854.65,785.45,818.35,858.45,789.06,893.95,815.07,906.90,844.61,770.18,823.84,843.95,808.11,880.14,835.01,897.00,863.48,763.19,841.03,826.99,833.94,859.97,852.65,877.56,878.36,763.86,860.19,812.12,856.67,839.75,868.96,857.14,888.26
EK_0036_P27_105_frame_0000033886_l.jpg,1,1324.78,1013.11,1256.71,993.74,1206.48,943.11,1158.96,910.29,1115.78,888.85,1257.62,855.95,1188.31,826.66,1145.23,840.39,1115.49,859.16,1279.84,858.82,1203.17,851.90,1158.00,877.89,1128.34,907.48,1289.81,875.81,1218.74,882.40,1179.02,904.36,1153.34,925.55,1292.32,893.77,1234.38,899.98,1200.80,917.97,1180.78,937.73
EK_0036_P27_105_frame_0000034096_l.jpg,0,1300.08,964.13,1235.39,982.23,1173.26,952.07,1118.72,919.13,1067.07,907.23,1200.03,843.24,1129.20,798.74,1091.02,807.79,1066.77,827.41,1224.28,825.66,1144.96,791.74,1103.96,816.98,1083.90,847.63,1237.70,828.02,1168.08,801.66,1129.72,825.33,1110.06,855.37,1242.81,835.20,1190.98,814.81,1157.51,828.41,1139.10,851.68
EK_0036_P27_105_frame_0000034096_l.jpg,1,357.67,1016.28,454.06,1004.15,524.84,936.64,573.96,868.07,619.68,818.33,476.25,837.52,562.88,767.48,613.07,769.60,642.55,786.38,432.15,820.77,529.54,769.02,582.89,781.97,617.58,803.61,404.10,824.19,492.99,786.67,543.18,796.93,576.07,815.36,389.23,835.87,456.01,804.30,500.73,810.53,531.72,827.06
EK_0036_P27_105_frame_0000034451_l.jpg,0,430.40,940.27,469.02,891.48,466.91,814.83,462.19,756.68,463.79,709.96,363.76,802.69,333.22,726.73,358.50,684.68,393.72,666.01,370.43,809.84,381.85,732.87,426.04,692.71,468.07,672.48,385.08,816.72,408.67,758.05,445.07,728.78,473.68,714.23,400.00,822.19,423.03,779.74,449.45,767.12,471.22,765.85
EK_0036_P27_105_frame_0000036051_r.jpg,0,1340.58,937.97,1277.25,906.58,1233.16,842.89,1187.68,795.16,1140.70,763.48,1304.23,762.22,1226.71,725.94,1176.00,738.01,1153.38,754.30,1324.23,773.48,1244.85,751.95,1191.29,769.79,1164.44,786.21,1328.55,792.65,1257.41,784.83,1209.31,795.09,1184.95,805.44,1327.85,808.05,1266.52,802.30,1227.44,811.36,1205.64,823.98
EK_0036_P27_105_frame_0000036051_r.jpg,1,788.84,1005.41,806.21,968.45,841.87,927.11,886.17,899.57,922.19,895.41,820.07,837.48,840.94,791.51,879.57,782.66,907.66,798.07,844.33,865.40,896.94,821.22,939.29,819.62,970.59,831.53,866.76,894.18,912.46,867.86,954.54,860.05,985.81,861.25,885.56,925.31,920.84,910.96,946.88,903.22,966.45,899.87
EK_0036_P27_105_frame_0000036076_l.jpg,0,1327.96,934.31,1247.40,890.23,1200.38,820.50,1163.08,765.37,1121.81,730.94,1288.89,741.18,1232.53,683.93,1197.80,686.94,1176.53,699.25,1327.53,753.93,1264.91,710.31,1222.78,718.54,1197.52,734.94,1345.03,777.79,1289.37,743.51,1248.65,745.67,1221.20,760.25,1351.96,799.66,1309.70,767.98,1276.80,765.17,1251.71,776.98
EK_0036_P27_105_frame_0000036076_l.jpg,1,749.81,1059.72,822.41,1024.65,867.68,958.88,903.11,910.37,935.28,877.82,800.22,869.09,853.36,808.85,899.35,794.72,932.31,793.88,781.66,879.84,832.53,811.41,877.51,801.24,912.37,802.36,773.26,896.73,817.53,843.38,856.58,829.92,888.91,829.79,774.82,915.45,808.30,875.53,839.43,862.17,868.76,857.81
EK_0036_P27_105_frame_0000036326_l.jpg,0,829.98,1053.37,825.70,980.03,864.77,906.13,933.01,869.53,990.23,863.38,856.66,851.51,916.16,793.76,933.07,817.08,931.61,845.27,892.11,878.16,950.71,830.29,963.61,848.72,964.70,866.39,922.66,910.03,968.72,873.34,990.34,868.73,1003.05,867.62,950.60,944.67,983.16,908.42,999.48,896.93,1009.50,889.15
EK_0036_P27_105_frame_0000036326_l.jpg,1,1240.70,1042.53,1152.50,1018.50,1096.93,946.96,1053.02,874.72,1008.57,828.03,1169.79,868.36,1104.73,813.85,1090.44,854.67,1101.02,886.62,1217.69,863.91,1148.33,836.36,1131.25,871.95,1141.71,896.92,1249.53,877.95,1188.56,859.24,1169.72,886.66,1176.29,913.41,1270.19,894.34,1218.95,875.17,1202.98,896.26,1209.83,918.39
EK_0036_P27_105_frame_0000036613_l.jpg,0,1597.55,782.86,1521.47,782.10,1437.72,741.86,1368.43,724.30,1307.99,730.17,1481.33,632.25,1385.12,608.51,1343.80,633.11,1322.34,658.18,1504.69,621.68,1414.91,616.90,1370.77,645.09,1345.38,673.88,1519.76,632.74,1446.09,638.55,1406.34,660.69,1382.31,685.38,1528.18,646.99,1470.60,653.39,1439.67,671.81,1422.97,696.15
EK_0036_P27_105_frame_0000036700_r.jpg,0,1244.30,936.38,1176.25,938.17,1126.11,912.32,1095.28,885.39,1077.45,883.33,1153.94,811.95,1143.03,740.66,1137.66,709.66,1131.64,692.77,1201.00,797.09,1184.69,728.08,1166.36,717.57,1156.82,727.32,1242.47,799.40,1216.78,766.89,1200.37,779.80,1194.20,796.91,1275.81,809.83,1251.30,788.36,1236.05,799.05,1228.87,813.13
EK_0036_P27_105_frame_0000036839_r.jpg,0,1352.91,548.18,1285.38,516.97,1242.17,482.77,1202.09,466.96,1165.16,456.22,1326.50,407.89,1275.83,398.28,1242.78,410.75,1220.16,425.15,1354.22,420.43,1297.62,416.48,1262.00,434.25,1239.96,453.98,1368.93,442.11,1317.29,441.69,1283.98,451.27,1259.73,467.97,1379.45,463.82,1337.01,459.23,1310.14,463.27,1287.29,475.28
EK_0036_P27_105_frame_0000037192_l.jpg,0,921.70,966.79,969.66,932.24,992.25,871.44,1008.61,829.41,1021.96,798.49,898.68,827.83,908.12,767.45,934.34,746.67,958.87,740.23,878.32,838.69,898.73,787.72,930.29,768.70,960.78,764.61,872.36,853.69,894.62,813.46,924.71,800.10,951.56,799.89,875.36,866.23,892.47,833.22,916.44,823.13,938.89,823.17
EK_0036_P27_105_frame_0000037192_l.jpg,1,1245.09,911.57,1193.47,882.80,1150.84,846.42,1112.93,823.76,1083.34,804.59,1206.44,777.56,1166.88,741.08,1132.63,726.46,1107.52,719.79,1208.15,789.52,1154.09,761.35,1141.64,783.89,1150.48,804.93,1204.27,803.24,1155.10,784.23,1150.15,806.58,1161.31,821.30,1197.89,813.83,1156.86,808.26,1150.18,823.33,1160.65,832.32
EK_0036_P27_105_frame_0000037855_r.jpg,0,613.10,1124.41,642.63,1070.35,663.44,1000.80,676.64,939.23,688.44,889.42,584.15,974.32,610.77,913.71,654.11,899.74,689.20,900.88,592.95,989.79,635.20,932.12,684.95,919.94,726.84,922.35,602.53,1003.24,636.32,961.53,683.03,943.87,722.27,944.43,610.27,1018.51,633.00,983.53,663.63,974.07,690.84,975.55
EK_0036_P27_105_frame_0000038113_r.jpg,0,1210.17,840.20,1179.73,811.63,1118.91,792.81,1054.88,794.04,1005.06,786.68,1125.47,718.33,1064.85,713.45,1050.79,742.95,1049.91,771.91,1112.93,750.46,1066.59,762.76,1069.44,797.35,1078.03,817.28,1105.97,784.32,1065.30,797.09,1077.20,820.56,1090.98,830.64,1104.01,812.38,1071.55,826.02,1082.61,840.48,1100.70,842.38
EK_0036_P27_105_frame_0000038334_l.jpg,0,842.93,1062.28,896.89,1039.19,924.90,976.73,934.58,911.74,952.72,861.79,855.25,929.31,891.30,854.16,915.64,815.40,934.48,787.33,816.82,921.54,844.31,832.05,870.62,788.22,893.30,760.22,796.96,924.35,830.35,849.82,856.81,820.83,877.61,801.48,793.23,932.76,821.08,875.10,844.89,850.30,865.51,833.20
EK_0036_P27_105_frame_0000038334_l.jpg,1,1201.50,1038.55,1127.53,1052.38,1074.07,1015.45,1051.58,955.70,1039.14,916.11,1105.84,949.27,1046.89,885.26,1019.81,854.46,1003.29,832.80,1144.14,922.47,1079.36,852.00,1043.66,821.73,1020.07,802.71,1171.83,907.95,1115.84,840.52,1080.17,808.44,1054.76,786.32,1191.59,902.79,1152.15,849.18,1125.64,819.21,1105.93,797.29
EK_0036_P27_105_frame_0000038417_l.jpg,0,1213.67,847.32,1155.04,858.98,1101.48,853.11,1060.69,861.30,1031.63,876.47,1121.87,752.87,1075.28,732.83,1062.33,758.48,1068.76,785.64,1147.54,740.90,1100.46,729.08,1084.17,754.80,1085.87,778.97,1169.35,742.92,1124.23,734.62,1107.93,754.61,1109.01,775.00,1184.65,751.06,1145.01,739.93,1126.56,752.86,1124.52,769.42
EK_0036_P27_105_frame_0000038417_l.jpg,1,889.83,1059.79,944.88,1036.23,975.36,976.11,994.50,934.23,1013.11,903.16,891.40,909.18,878.95,840.34,904.26,809.63,930.19,799.19,872.89,911.76,875.09,844.73,909.20,818.75,940.54,813.73,865.26,918.74,874.92,862.29,908.87,839.73,938.74,832.36,863.23,926.44,874.17,881.04,899.26,862.14,923.40,854.38
EK_0036_P27_105_frame_0000039251_r.jpg,0,1174.64,1104.36,1110.71,1059.56,1077.50,994.39,1058.07,946.32,1044.32,907.45,1155.34,946.37,1132.70,901.20,1109.66,911.08,1100.09,929.84,1185.70,959.94,1155.11,920.58,1126.94,927.38,1113.76,939.67,1200.07,980.35,1172.03,948.45,1145.17,946.91,1129.89,958.57,1207.53,998.14,1181.28,971.84,1159.59,968.71,1146.11,976.55
EK_0036_P27_105_frame_0000040538_r.jpg,0,954.85,191.50,1058.78,233.51,1156.84,189.60,1200.86,124.03,1212.41,77.75,1139.78,80.11,1223.57,17.54,1241.30,49.44,1227.29,77.35,1100.55,40.28,1180.38,-14.12,1202.73,18.32,1189.97,49.76,1066.69,26.03,1144.71,-8.03,1165.80,26.18,1157.77,57.23,1039.81,27.59,1101.05,1.54,1125.15,23.25,1121.84,47.44
EK_0036_P27_105_frame_0000040538_r.jpg,1,1724.83,605.38,1609.72,573.08,1513.37,486.34,1434.61,426.08,1368.60,395.74,1609.30,362.26,1488.10,346.58,1455.58,406.53,1461.56,446.75,1640.37,374.21,1515.86,395.28,1489.39,456.07,1494.63,495.29,1656.10,403.85,1543.95,430.70,1515.00,477.31,1516.51,515.81,1662.62,430.71,1570.75,457.95,1546.38,495.09,1548.41,523.60
EK_0036_P27_105_frame_0000040796_r.jpg,0,481.96,824.79,470.96,869.21,432.59,897.15,395.94,894.94,372.09,877.20,463.88,880.35,382.84,888.36,380.16,889.72,395.80,888.44,464.49,839.84,381.23,847.93,384.34,854.42,405.72,856.05,457.10,804.87,380.79,815.40,384.70,823.59,405.51,825.97,443.43,778.02,384.94,792.72,387.45,799.96,403.96,799.87
EK_0036_P27_105_frame_0000041392_r.jpg,0,1285.18,986.05,1204.81,992.69,1149.15,946.85,1115.42,886.05,1095.48,840.51,1181.03,861.50,1131.95,793.06,1126.26,814.25,1134.36,839.05,1226.66,831.20,1171.08,760.13,1144.89,755.84,1129.64,763.34,1266.10,820.01,1237.25,736.08,1210.11,688.05,1186.95,655.95,1300.47,823.60,1295.39,763.77,1278.28,728.38,1256.46,704.31
EK_0036_P27_105_frame_0000041817_l.jpg,0,1094.03,1005.45,1060.23,972.69,1030.29,922.76,1001.50,887.01,980.04,859.40,1084.50,885.48,1042.18,847.24,1006.91,841.49,983.54,844.44,1084.42,898.59,1037.86,873.24,998.04,869.43,970.33,873.37,1078.52,914.88,1035.54,896.41,1002.81,891.29,979.57,889.66,1072.26,932.64,1036.90,917.90,1011.75,914.49,994.20,915.76
EK_0036_P27_105_frame_0000042367_l.jpg,0,706.93,840.63,771.55,772.60,776.09,701.48,767.16,644.95,767.96,605.10,702.78,670.04,726.88,608.90,757.29,628.29,765.75,651.29,675.11,688.71,705.82,636.24,735.12,650.44,742.78,673.08,664.58,712.34,692.76,664.68,719.55,674.54,728.82,693.30,664.21,735.83,684.32,693.50,705.23,696.29,716.68,710.24
EK_0036_P27_105_frame_0000042405_r.jpg,0,914.47,951.18,982.31,913.00,999.23,848.47,1008.22,797.20,1021.21,763.47,940.63,803.62,980.63,761.54,1000.39,787.28,998.96,810.75,916.40,816.41,957.74,780.29,979.21,800.32,978.59,820.94,906.13,836.78,944.95,803.60,965.59,818.44,968.79,834.92,905.35,856.60,936.42,827.61,952.64,837.27,958.05,851.37
EK_0036_P27_105_frame_0000043151_l.jpg,0,835.55,860.44,906.58,844.29,933.21,782.98,940.69,716.28,949.96,659.93,886.89,720.08,911.71,642.36,933.82,607.81,951.76,589.57,849.09,714.79,881.46,635.91,908.30,599.04,930.76,575.26,824.34,721.37,845.08,647.63,866.09,607.70,884.00,578.19,810.42,732.59,817.11,672.54,828.43,637.55,840.71,610.89
EK_0036_P27_105_frame_0000044350_l.jpg,0,705.47,449.64,792.49,461.85,861.63,443.43,928.80,421.12,982.77,416.31,863.62,351.49,937.13,293.42,971.91,263.81,997.63,240.02,824.17,314.46,887.81,252.51,920.66,227.27,942.03,212.38,781.90,296.37,830.46,242.63,859.71,236.61,875.60,241.16,742.67,290.07,772.51,234.75,794.99,231.73,811.01,243.95
EK_0036_P27_105_frame_0000045218_r.jpg,0,776.61,1048.71,840.76,1050.29,889.99,1007.47,925.56,952.54,959.83,915.41,857.55,970.24,914.91,901.71,942.76,870.12,960.33,850.68,817.33,945.68,873.34,863.90,910.53,828.25,936.92,809.67,784.05,931.27,829.18,853.11,867.12,820.86,896.62,802.28,761.35,925.79,787.09,861.59,807.78,826.98,826.77,801.17
EK_0036_P27_105_frame_0000045218_r.jpg,1,1220.84,1012.75,1151.24,1031.60,1087.91,997.97,1051.83,942.42,1027.53,900.88,1129.86,954.37,1057.04,899.05,1023.72,875.35,1004.07,859.24,1163.68,917.12,1091.57,844.55,1053.97,826.67,1035.95,829.33,1187.70,892.90,1127.27,821.88,1091.22,812.48,1072.76,821.12,1202.83,881.02,1157.17,824.12,1125.67,811.71,1107.89,815.12
EK_0036_P27_105_frame_0000046181_r.jpg,0,1513.72,710.37,1443.68,716.03,1394.92,684.27,1368.51,660.38,1349.15,655.86,1411.79,596.34,1363.67,601.20,1367.83,628.35,1381.55,641.16,1448.42,580.07,1403.52,570.50,1399.55,593.94,1406.11,610.61,1479.75,580.95,1441.95,567.80,1431.64,583.82,1433.98,597.41,1501.40,590.49,1469.38,578.00,1458.51,589.67,1458.79,601.97
EK_0036_P27_105_frame_0000046325_l.jpg,0,1323.64,816.83,1331.72,740.12,1312.73,674.71,1262.25,630.86,1220.65,610.39,1365.66,654.76,1301.84,598.82,1258.24,593.17,1235.42,604.64,1332.83,667.58,1273.82,617.30,1237.96,620.69,1218.11,641.25,1300.83,682.57,1249.81,639.59,1219.04,641.46,1202.54,658.74,1271.24,699.47,1232.36,661.62,1214.12,653.16,1203.45,656.86
EK_0036_P27_105_frame_0000046444_r.jpg,0,821.99,887.84,879.07,857.89,916.43,793.56,944.45,748.67,972.06,715.95,832.90,730.85,890.15,682.00,934.64,677.81,966.97,683.45,818.69,739.32,883.35,703.10,928.87,702.03,963.73,709.98,817.36,756.64,879.44,731.91,920.28,730.43,950.44,738.03,824.23,773.60,872.59,752.27,905.12,752.25,930.78,760.11
EK_0036_P27_105_frame_0000046444_r.jpg,1,1158.87,838.72,1092.84,823.02,1046.38,771.55,1008.29,734.26,970.75,716.84,1105.84,690.50,1039.01,658.11,1011.78,677.61,1003.17,695.74,1132.20,684.22,1064.92,662.89,1031.53,679.63,1016.11,700.54,1146.01,695.27,1084.38,682.54,1052.70,696.75,1036.78,715.45,1149.64,707.70,1101.05,697.59,1076.06,709.17,1063.27,726.53
EK_0036_P27_105_frame_0000047501_r.jpg,0,1530.74,793.98,1382.74,840.11,1243.31,794.56,1131.18,728.31,1026.00,686.79,1330.56,577.37,1207.92,458.40,1129.94,468.11,1095.28,513.03,1401.70,521.29,1254.00,448.47,1178.43,495.50,1159.15,546.26,1452.39,507.27,1320.10,434.54,1248.09,470.46,1224.87,523.24,1489.53,507.37,1389.95,448.44,1322.29,465.43,1291.88,504.78
EK_0036_P27_105_frame_0000048559_r.jpg,0,1284.91,758.69,1191.16,738.32,1120.43,662.85,1052.01,599.19,988.97,566.94,1195.00,547.83,1090.74,501.29,1056.02,555.79,1061.62,598.06,1222.12,544.05,1117.21,520.38,1087.24,571.77,1094.59,607.63,1230.85,561.12,1136.55,548.52,1110.05,588.78,1118.19,623.26,1229.55,578.90,1152.50,572.89,1127.20,603.69,1131.77,632.66
EK_0044_P30_110_frame_0000000286_l.jpg,0,1086.71,851.12,1151.25,848.77,1187.85,799.41,1214.01,750.83,1249.49,732.09,1156.47,722.19,1211.11,685.55,1214.37,713.28,1201.46,732.28,1122.27,710.28,1180.78,680.18,1190.93,705.13,1181.54,722.24,1097.54,713.97,1152.12,689.38,1165.53,709.74,1159.87,726.63,1081.29,724.68,1126.29,705.23,1138.71,720.44,1137.40,735.17
EK_0044_P30_110_frame_0000000465_l.jpg,0,1553.12,918.24,1535.59,844.31,1517.47,781.18,1498.43,730.93,1471.58,692.03,1511.70,773.74,1481.64,736.94,1459.61,723.75,1439.87,717.23,1491.90,804.59,1455.84,778.49,1421.97,768.39,1391.66,763.81,1475.08,835.32,1437.34,818.34,1401.56,807.81,1369.93,797.72,1464.35,864.72,1432.65,850.12,1404.95,839.25,1378.13,828.46
EK_0044_P30_110_frame_0000000698_r.jpg,0,1315.76,571.78,1245.34,577.50,1208.43,555.53,1202.57,549.62,1213.53,557.48,1245.89,469.96,1226.46,498.92,1227.45,533.78,1233.92,549.30,1280.83,473.65,1251.44,508.58,1245.18,545.32,1252.44,571.19,1307.05,489.47,1275.14,518.67,1267.09,549.60,1273.44,569.82,1326.02,506.28,1301.79,529.56,1293.67,551.98,1296.67,566.45
EK_0044_P30_110_frame_0000001213_r.jpg,0,1510.22,865.32,1418.05,940.51,1299.18,913.39,1204.78,855.99,1129.86,822.81,1329.11,810.12,1185.86,763.38,1140.06,778.94,1125.08,805.94,1352.75,743.49,1213.42,735.21,1173.63,769.62,1166.99,805.10,1366.78,706.08,1252.36,733.13,1237.44,768.46,1248.86,798.15,1368.41,686.71,1294.11,720.71,1278.73,753.60,1281.06,774.09
EK_0044_P30_110_frame_0000001244_l.jpg,0,885.98,711.11,958.28,675.14,1016.49,613.83,1081.80,598.78,1127.88,586.02,924.60,505.10,917.51,420.12,933.43,373.01,952.14,347.88,897.68,513.71,897.17,438.49,913.63,396.29,936.83,370.70,881.98,524.77,883.83,457.60,896.60,419.19,913.18,391.27,874.17,533.06,880.97,475.32,889.08,441.16,901.12,416.88
EK_0044_P30_110_frame_0000001244_l.jpg,1,1613.85,526.59,1547.44,418.58,1517.39,297.23,1470.85,213.71,1438.75,157.25,1692.74,212.87,1544.12,166.81,1492.22,215.21,1482.89,269.80,1684.82,246.15,1520.61,223.24,1457.95,276.84,1430.25,332.41,1659.80,284.68,1510.82,268.52,1446.40,306.85,1414.29,355.29,1630.25,318.56,1522.98,306.24,1477.29,337.99,1453.90,371.37
EK_0044_P30_110_frame_0000001474_r.jpg,0,1263.40,759.41,1213.60,784.46,1140.81,751.37,1069.35,716.35,1007.14,683.45,1143.98,637.44,1043.51,612.26,978.74,618.00,929.54,631.59,1142.30,624.68,1048.39,596.93,978.99,603.90,931.24,627.49,1138.87,631.84,1061.84,606.79,1000.46,613.20,951.28,628.91,1131.72,642.44,1072.65,618.88,1026.94,619.89,988.06,625.56
EK_0044_P30_110_frame_0000001826_l.jpg,0,746.21,730.10,802.20,672.76,840.96,617.71,876.34,586.07,897.86,564.75,769.05,566.70,819.87,548.62,852.93,574.04,861.96,596.28,764.32,592.21,824.46,592.41,857.48,621.18,866.86,643.93,765.27,622.55,818.40,628.33,848.50,650.04,857.81,667.06,767.63,649.40,810.89,650.87,833.34,665.40,841.56,679.88
EK_0044_P30_110_frame_0000002015_l.jpg,0,1409.11,542.45,1330.40,544.58,1281.25,498.17,1266.46,451.37,1257.02,431.29,1312.07,419.21,1259.00,373.88,1233.40,390.37,1226.07,411.25,1350.14,406.26,1290.55,377.23,1266.81,401.46,1262.48,425.43,1375.56,408.79,1316.13,393.23,1298.15,415.09,1296.86,436.67,1389.47,416.83,1340.45,407.30,1322.77,421.78,1320.72,439.29
EK_0044_P30_110_frame_0000002205_r.jpg,0,1403.52,319.40,1375.90,263.83,1339.44,231.36,1300.58,217.55,1275.64,221.61,1357.71,189.07,1310.93,211.77,1302.08,242.65,1302.72,260.55,1343.58,203.49,1301.90,241.66,1296.90,276.43,1303.25,299.16,1329.49,229.98,1298.11,276.32,1297.14,302.18,1304.76,314.88,1316.06,258.60,1295.65,298.28,1299.90,316.46,1307.62,324.63
EK_0044_P30_110_frame_0000002367_l.jpg,0,945.39,1015.95,1008.10,1025.23,1060.81,992.14,1090.05,961.62,1098.75,947.16,1031.14,903.04,1080.77,892.84,1103.00,914.95,1111.06,939.61,1001.71,891.02,1055.53,894.26,1077.92,920.74,1088.98,947.12,981.55,896.27,1032.75,904.17,1056.18,927.75,1067.25,952.81,970.51,908.20,1012.15,911.05,1032.18,927.91,1043.47,948.36
EK_0044_P30_110_frame_0000002676_l.jpg,0,1407.44,947.83,1370.89,881.69,1375.04,810.29,1378.31,758.86,1376.98,722.95,1462.92,801.09,1402.98,759.64,1357.44,766.16,1336.54,781.53,1474.71,827.38,1398.32,795.15,1346.58,803.38,1315.47,824.55,1470.97,852.52,1395.65,821.46,1347.66,824.90,1317.67,843.18,1463.66,872.08,1405.49,849.40,1367.57,848.31,1341.23,855.87
EK_0044_P30_110_frame_0000002676_l.jpg,1,497.44,1040.16,489.08,979.36,509.06,912.24,555.68,865.25,600.14,832.21,491.36,861.50,541.87,816.65,584.24,823.04,614.74,837.63,522.25,882.57,576.45,842.20,619.65,836.99,657.92,836.38,548.76,906.09,596.53,874.51,631.54,865.72,660.37,867.06,572.99,927.98,604.21,901.74,626.53,896.48,648.06,896.45
EK_0044_P30_110_frame_0000002925_r.jpg,0,1327.57,580.01,1287.11,511.81,1251.66,419.69,1210.35,343.03,1186.15,283.55,1338.89,331.17,1308.68,245.22,1281.83,200.76,1266.08,188.14,1310.27,351.09,1253.88,286.58,1218.07,309.22,1203.83,354.00,1281.95,373.06,1214.13,337.04,1183.04,390.18,1177.30,442.20,1261.71,390.85,1207.52,370.43,1186.46,409.71,1187.45,448.48
EK_0044_P30_110_frame_0000004015_r.jpg,0,1571.55,749.33,1500.58,689.74,1489.23,597.80,1497.53,507.05,1503.95,436.51,1657.58,559.75,1657.10,423.50,1605.31,381.39,1552.80,369.40,1692.04,567.82,1671.16,432.02,1601.08,394.45,1540.03,392.70,1693.57,573.37,1666.80,454.48,1605.30,427.19,1552.52,427.10,1680.36,573.28,1659.62,494.78,1616.29,464.07,1573.88,455.10
EK_0044_P30_110_frame_0000004626_r.jpg,0,1230.94,629.22,1178.11,589.45,1157.14,527.43,1148.48,477.48,1140.95,442.98,1217.54,482.96,1192.89,419.89,1164.72,404.15,1147.50,405.96,1231.52,493.49,1185.54,443.22,1146.52,442.73,1122.54,459.28,1232.36,508.48,1184.49,470.70,1146.96,474.44,1124.52,490.01,1231.47,517.58,1190.47,496.83,1159.53,499.22,1138.62,510.04
EK_0044_P30_110_frame_0000004654_r.jpg,0,1567.94,758.71,1489.91,697.22,1476.25,617.32,1486.42,553.81,1484.79,508.75,1566.92,569.28,1530.82,508.11,1495.74,523.94,1482.11,546.61,1609.85,586.47,1567.96,528.95,1530.38,536.34,1512.83,557.16,1632.02,612.22,1595.56,556.31,1561.99,557.16,1546.09,574.38,1641.84,635.60,1610.39,588.07,1581.75,581.27,1568.16,589.64
EK_0044_P30_110_frame_0000004654_r.jpg,1,257.88,917.65,302.31,860.32,282.02,772.97,273.02,705.61,279.91,657.85,150.16,775.57,131.01,684.90,149.16,653.20,165.78,645.70,128.00,796.64,132.99,711.64,166.08,678.91,193.49,664.88,127.71,812.53,137.07,736.08,170.24,708.58,197.14,697.84,138.34,818.68,143.85,755.30,172.37,731.16,198.21,724.23
EK_0044_P30_110_frame_0000005301_r.jpg,0,1569.74,739.51,1494.43,710.37,1458.86,661.30,1432.99,634.16,1405.84,631.09,1524.27,575.55,1514.71,536.68,1489.92,552.03,1475.23,575.28,1566.70,583.19,1546.83,542.08,1515.88,556.32,1503.95,579.50,1595.74,603.21,1578.26,556.70,1549.50,564.62,1536.15,586.49,1614.22,624.94,1597.82,586.21,1574.32,583.61,1560.01,595.09
EK_0044_P30_110_frame_0000005301_r.jpg,1,1111.06,686.47,1173.80,679.89,1208.53,647.89,1227.21,626.34,1245.34,620.81,1174.46,563.81,1191.48,507.70,1211.87,497.62,1225.32,501.95,1144.07,563.60,1171.40,512.48,1195.22,509.17,1211.10,514.54,1125.30,573.27,1151.44,536.66,1174.81,532.30,1191.41,537.78,1115.11,588.21,1136.96,561.31,1157.15,555.09,1172.76,559.70
EK_0044_P30_110_frame_0000005526_r.jpg,0,1518.71,484.17,1419.00,440.72,1385.85,376.57,1386.67,313.81,1382.26,274.97,1434.74,275.83,1380.25,223.12,1368.29,255.29,1376.85,285.80,1496.84,269.29,1439.37,243.14,1425.67,278.19,1432.68,306.59,1542.20,286.82,1487.51,271.35,1475.85,300.00,1482.55,330.50,1570.67,308.42,1527.18,296.00,1517.48,319.40,1521.38,345.69
EK_0044_P30_110_frame_0000005526_r.jpg,1,764.40,640.58,843.62,650.29,904.34,611.78,950.05,586.24,989.57,574.65,887.62,520.48,939.57,497.93,964.79,509.10,977.55,520.98,857.30,510.73,909.83,503.59,935.79,519.56,952.78,533.30,833.50,516.57,880.75,512.79,906.68,525.97,924.10,539.30,819.56,529.44,858.39,521.96,879.89,532.25,893.84,546.42
EK_0044_P30_110_frame_0000005576_r.jpg,0,1403.33,525.61,1315.44,534.99,1264.33,494.43,1246.23,439.98,1229.90,407.29,1263.80,398.17,1206.86,368.62,1200.93,385.62,1211.34,401.89,1310.62,374.26,1264.99,357.39,1261.48,384.46,1270.90,406.91,1353.68,374.16,1316.62,373.98,1312.10,398.32,1321.80,420.11,1386.55,383.05,1355.69,389.33,1351.27,408.15,1358.15,426.09
EK_0044_P30_110_frame_0000005576_r.jpg,1,809.38,601.04,878.95,612.17,933.44,573.89,975.01,542.75,1014.83,530.25,915.89,486.08,970.94,465.26,997.67,476.50,1013.90,487.25,887.30,477.18,941.95,473.57,966.78,493.33,983.05,507.34,865.51,485.21,914.71,486.37,938.97,504.93,954.64,521.56,852.27,500.18,893.80,499.53,915.36,514.70,928.43,531.67
EK_0044_P30_110_frame_0000005701_l.jpg,0,1537.90,625.98,1433.18,581.97,1393.71,508.42,1398.92,445.71,1407.26,408.61,1454.60,423.18,1393.97,367.19,1367.99,364.73,1359.31,364.80,1514.26,414.24,1447.69,351.69,1417.52,371.82,1409.53,399.69,1556.76,425.76,1490.87,380.18,1465.69,399.91,1462.56,427.41,1582.06,443.94,1529.11,411.73,1506.43,425.04,1501.32,447.56
EK_0044_P30_110_frame_0000005701_l.jpg,1,773.64,509.78,845.45,517.57,901.20,486.00,942.55,455.43,976.77,433.15,873.95,398.22,923.43,368.47,929.53,391.92,923.74,411.31,842.16,385.79,891.22,386.14,896.12,416.24,888.89,433.01,818.79,390.88,861.84,392.49,869.52,418.14,863.37,434.66,804.00,398.88,840.51,400.05,848.21,420.23,845.11,435.25
EK_0044_P30_110_frame_0000005951_l.jpg,0,715.58,561.17,792.87,563.86,847.48,527.80,891.19,487.60,930.00,463.13,820.47,453.24,867.20,398.73,877.62,418.28,874.85,439.04,786.76,434.26,836.40,424.85,841.24,455.59,834.14,471.79,763.41,432.96,809.30,430.51,814.82,455.60,806.34,472.32,747.57,434.93,788.04,433.39,794.79,453.47,789.60,468.94
EK_0044_P30_110_frame_0000005951_l.jpg,1,1494.73,675.15,1402.72,652.48,1350.97,596.11,1325.25,543.82,1300.19,519.22,1404.70,511.13,1337.02,481.72,1302.35,480.10,1274.56,476.50,1443.77,492.27,1361.82,468.79,1320.73,477.21,1292.79,483.64,1469.70,492.54,1389.73,476.48,1356.76,487.21,1336.79,498.22,1480.55,504.55,1423.54,484.20,1392.30,484.65,1369.58,491.96
EK_0044_P30_110_frame_0000006276_r.jpg,0,1267.55,326.90,1180.04,324.02,1136.14,280.91,1110.70,245.54,1084.98,236.42,1146.32,180.51,1097.52,160.90,1097.16,194.88,1114.11,220.80,1195.47,165.11,1149.58,167.59,1146.74,201.90,1160.70,220.30,1237.66,173.94,1193.36,176.44,1188.25,204.96,1200.55,223.54,1263.35,191.73,1226.48,190.36,1222.53,210.37,1232.17,225.60
EK_0044_P30_110_frame_0000006276_r.jpg,1,909.76,678.74,979.17,651.84,1024.50,607.33,1047.49,574.55,1043.47,563.94,956.88,528.13,1015.05,518.16,1038.18,548.73,1042.06,574.32,927.30,531.74,994.68,538.27,1022.88,574.75,1029.07,607.90,911.02,549.84,971.53,562.45,1002.72,591.14,1011.25,622.57,901.71,569.71,952.91,577.05,979.36,596.08,991.06,619.81
EK_0044_P30_110_frame_0000007026_r.jpg,0,1296.46,1032.56,1248.92,1016.21,1201.53,977.94,1159.14,953.15,1123.33,932.74,1217.00,912.09,1154.32,919.84,1142.48,951.90,1149.77,978.71,1227.36,922.02,1166.64,948.31,1161.06,989.59,1169.08,1024.09,1232.44,939.04,1178.88,967.78,1173.81,1004.53,1180.65,1032.60,1234.19,957.24,1188.01,970.33,1175.60,987.62,1171.87,1000.10
EK_0044_P30_110_frame_0000007101_l.jpg,0,1286.53,941.64,1263.94,889.02,1243.46,835.30,1213.61,799.57,1188.98,765.35,1279.26,799.84,1232.26,778.01,1208.18,789.87,1203.62,805.79,1265.56,827.97,1213.58,818.88,1203.26,845.60,1209.14,866.79,1248.69,854.91,1203.72,849.19,1199.23,875.55,1209.02,894.71,1232.74,875.40,1198.79,875.24,1196.66,893.74,1208.17,902.99
EK_0044_P30_110_frame_0000007942_r.jpg,0,950.65,720.74,1018.21,708.90,1053.12,661.68,1067.83,606.95,1070.25,570.14,1008.94,609.53,1038.68,546.84,1051.63,568.93,1044.85,591.41,970.56,598.68,1008.67,533.95,1025.44,557.27,1020.37,578.54,943.33,597.09,975.32,530.22,995.02,547.92,992.09,569.30,924.02,603.03,946.49,547.03,962.10,553.54,962.32,568.29
EK_0044_P30_110_frame_0000008042_r.jpg,0,1151.23,881.71,1091.89,852.79,1064.61,789.33,1048.70,730.69,1035.68,687.25,1125.84,733.91,1074.84,671.05,1041.32,680.84,1030.73,703.75,1145.50,736.22,1081.50,696.80,1044.50,716.78,1027.33,744.21,1152.69,746.35,1088.43,726.71,1059.60,748.23,1046.84,773.73,1154.00,754.16,1098.60,742.90,1074.10,760.66,1063.62,779.86
EK_0044_P30_110_frame_0000008042_r.jpg,1,613.55,992.82,671.46,956.48,676.44,891.57,657.10,839.63,644.77,812.90,605.07,867.84,621.64,796.92,647.14,811.73,651.59,834.50,569.96,873.79,592.27,798.59,621.42,811.47,626.32,834.53,553.74,884.29,568.11,813.16,597.68,821.15,605.43,841.94,549.60,896.44,561.08,839.77,580.94,840.80,587.74,853.66
EK_0044_P30_110_frame_0000008287_l.jpg,0,1545.38,531.22,1469.87,508.88,1423.08,454.57,1390.87,413.57,1368.37,382.45,1483.94,376.91,1426.70,357.22,1398.23,376.64,1386.08,394.28,1515.64,385.75,1454.89,372.80,1417.39,391.01,1399.56,410.76,1532.12,405.28,1474.67,396.48,1438.36,408.54,1419.69,421.72,1540.24,424.51,1491.61,413.51,1460.94,419.80,1442.11,433.18
EK_0044_P30_110_frame_0000008287_l.jpg,1,1055.57,844.11,1098.38,787.06,1132.85,732.90,1162.56,698.32,1179.78,672.28,1072.59,682.29,1102.30,638.51,1132.02,639.18,1149.87,648.08,1071.54,706.53,1100.50,663.29,1130.84,660.83,1152.71,667.56,1076.60,731.67,1101.24,701.41,1128.50,690.74,1151.01,691.29,1085.27,754.07,1105.35,728.06,1124.79,720.53,1143.90,718.07
EK_0044_P30_110_frame_0000009540_l.jpg,0,1052.68,905.68,952.54,908.32,881.48,844.59,840.80,769.05,809.93,714.03,929.65,723.46,838.36,660.88,799.64,682.13,786.60,712.45,975.28,701.67,891.90,668.13,853.52,702.98,838.48,740.80,1000.39,704.48,926.48,677.47,898.31,708.62,887.75,743.82,1009.82,712.92,954.45,692.40,930.62,711.92,919.24,736.59
EK_0044_P30_110_frame_0000009810_l.jpg,0,1428.36,756.12,1354.32,738.55,1319.60,679.72,1314.09,624.89,1308.28,588.10,1390.84,615.22,1357.79,554.73,1325.65,536.85,1304.58,533.29,1429.92,612.55,1384.72,577.69,1353.20,576.55,1336.54,585.57,1452.34,622.88,1403.61,604.14,1378.99,609.08,1368.94,619.92,1464.31,634.29,1424.37,616.95,1405.07,622.01,1397.37,635.65
EK_0044_P30_110_frame_0000010076_l.jpg,0,1732.47,935.69,1615.78,917.00,1544.91,833.67,1511.31,732.49,1465.82,655.50,1683.47,744.52,1591.01,625.29,1534.44,604.56,1502.41,607.90,1738.13,720.06,1614.08,639.28,1555.53,650.48,1533.22,675.95,1760.63,711.27,1638.84,655.30,1593.84,674.05,1580.56,699.11,1763.68,705.74,1669.97,672.22,1629.79,688.61,1616.43,706.33
EK_0044_P30_110_frame_0000010076_l.jpg,1,1277.32,829.92,1285.33,762.11,1327.19,719.20,1380.66,714.88,1416.95,731.35,1367.60,746.34,1420.08,734.48,1430.98,741.60,1437.42,750.72,1370.20,779.35,1421.41,771.68,1446.43,777.06,1468.92,783.19,1361.29,805.29,1406.65,804.92,1435.54,807.20,1459.88,812.06,1349.85,831.48,1388.61,831.08,1413.93,833.16,1437.47,835.65
EK_0044_P30_110_frame_0000010738_l.jpg,0,476.75,620.22,573.36,553.62,588.65,433.04,586.43,342.90,599.49,284.06,437.60,373.99,460.11,253.32,515.60,269.57,537.56,302.73,391.00,392.83,442.79,286.45,508.15,303.29,535.02,335.26,378.58,419.77,435.28,332.32,495.77,344.59,523.93,375.40,381.91,445.16,428.79,375.43,472.74,382.79,497.01,407.22
EK_0044_P30_110_frame_0000010765_r.jpg,0,1704.23,974.10,1620.58,958.40,1580.38,893.53,1568.93,826.77,1550.06,781.84,1645.52,849.52,1603.79,760.97,1566.00,747.03,1545.05,756.84,1691.40,837.52,1636.97,744.22,1587.65,732.61,1560.06,741.44,1717.50,835.44,1662.98,753.61,1616.96,739.63,1589.01,745.16,1727.97,839.65,1682.44,780.64,1642.65,760.53,1615.44,754.88
EK_0044_P30_110_frame_0000010792_l.jpg,0,1487.83,1010.80,1411.78,980.47,1378.51,924.04,1364.37,873.35,1356.63,841.00,1441.10,885.03,1388.93,817.54,1358.75,807.04,1340.25,808.84,1470.88,870.35,1414.03,792.93,1373.71,780.47,1345.95,785.78,1486.32,865.73,1430.37,798.05,1390.87,789.64,1363.72,796.80,1487.63,869.15,1443.80,822.68,1412.66,811.98,1389.10,815.01
EK_0044_P30_110_frame_0000010834_r.jpg,0,1530.79,1040.37,1450.74,1012.63,1411.70,947.30,1390.63,887.10,1371.00,843.90,1473.24,884.65,1430.44,819.42,1400.91,795.52,1378.10,777.48,1509.49,876.56,1466.96,804.24,1431.47,774.46,1403.18,756.77,1528.56,880.63,1488.40,817.17,1452.45,789.23,1423.23,774.62,1532.61,889.44,1497.61,841.77,1467.90,817.08,1442.48,803.09
EK_0044_P30_110_frame_0000010870_r.jpg,0,1395.12,508.58,1322.28,519.95,1272.29,484.61,1243.74,447.57,1216.55,437.37,1285.08,415.69,1256.51,408.99,1259.85,438.42,1272.65,454.84,1321.24,401.06,1289.67,405.81,1290.43,431.16,1305.76,442.11,1354.93,401.89,1321.08,404.85,1321.15,429.01,1334.75,441.86,1380.50,410.09,1351.05,413.47,1349.27,431.61,1359.88,442.96
EK_0044_P30_110_frame_0000010905_r.jpg,0,1499.21,680.70,1420.97,613.59,1413.21,518.31,1438.85,440.89,1458.98,382.59,1531.66,480.00,1526.38,388.83,1502.77,352.92,1484.93,337.28,1583.88,499.96,1568.20,405.84,1526.37,376.40,1498.65,371.94,1609.00,524.78,1598.31,433.73,1557.56,406.54,1528.60,405.45,1619.54,547.39,1615.33,474.29,1583.83,440.64,1558.07,432.08
EK_0044_P30_110_frame_0000010905_r.jpg,1,922.01,627.71,942.42,574.24,966.40,534.42,990.57,512.63,1008.88,508.61,964.63,514.96,999.76,503.71,1012.14,519.31,1018.11,536.19,964.88,538.35,1000.28,535.25,1014.31,548.52,1025.22,563.30,964.91,563.58,997.95,564.07,1010.54,572.69,1018.54,583.46,963.10,588.31,988.14,587.73,997.55,591.34,1003.96,596.67
EK_0044_P30_110_frame_0000010927_l.jpg,0,751.25,474.24,806.36,438.76,816.71,397.56,802.08,371.16,787.43,355.23,761.76,361.81,748.08,311.92,743.87,289.93,743.33,282.11,723.54,376.51,693.02,323.62,694.20,303.69,701.83,300.26,699.34,397.57,674.09,349.09,680.00,329.68,688.41,324.25,687.93,420.73,671.50,381.94,678.92,365.35,689.88,361.45
EK_0044_P30_110_frame_0000011211_l.jpg,0,862.21,813.37,888.72,762.83,901.65,715.23,911.53,684.34,917.58,660.31,854.26,696.99,890.88,680.75,913.17,687.35,926.18,692.66,852.18,716.77,893.09,707.85,918.53,712.10,937.39,721.19,856.04,738.78,894.11,729.11,917.78,726.68,933.38,730.84,861.80,758.28,889.90,749.57,905.91,745.58,918.72,744.71
EK_0044_P30_110_frame_0000011405_r.jpg,0,1456.47,888.69,1422.55,824.84,1430.70,763.36,1442.07,712.07,1450.12,673.92,1518.58,762.06,1497.61,696.36,1463.98,692.91,1446.21,703.66,1535.08,780.08,1496.20,724.16,1456.09,714.53,1425.49,722.64,1536.46,798.56,1491.79,753.61,1456.09,746.36,1427.91,753.24,1533.28,811.06,1498.15,778.22,1469.44,773.32,1446.23,778.96
EK_0044_P30_110_frame_0000011601_l.jpg,0,1765.68,886.69,1651.70,871.20,1581.57,779.20,1541.99,690.96,1494.11,640.76,1675.67,680.24,1578.30,606.11,1527.66,600.07,1497.36,601.28,1730.32,665.55,1624.66,638.19,1598.32,680.91,1600.11,712.20,1758.97,675.44,1662.46,661.18,1635.35,695.99,1632.84,726.64,1771.61,685.36,1696.93,678.18,1669.93,705.76,1665.35,733.41
EK_0044_P30_110_frame_0000011601_l.jpg,1,890.58,788.05,953.06,767.07,998.52,728.76,1027.89,700.95,1052.42,681.62,959.74,662.34,1019.08,648.20,1049.80,664.26,1066.76,682.01,937.69,669.61,1001.41,684.93,1026.04,721.16,1032.68,754.16,923.39,686.19,981.85,707.71,1006.21,737.06,1012.45,767.21,914.88,701.17,961.50,717.35,985.21,738.03,997.72,760.67
EK_0044_P30_110_frame_0000012509_l.jpg,0,1340.83,535.47,1268.51,515.68,1225.57,474.90,1199.44,434.72,1183.53,410.15,1284.85,391.71,1257.67,358.65,1241.59,378.65,1239.82,399.83,1321.71,393.65,1288.62,369.07,1270.07,385.72,1269.87,406.71,1348.18,409.17,1317.94,384.41,1301.56,397.61,1300.02,419.35,1365.07,425.78,1339.38,405.04,1326.11,414.08,1324.89,429.81
EK_0044_P30_110_frame_0000012509_l.jpg,1,1107.47,575.08,1142.69,525.29,1158.15,472.62,1168.35,435.86,1181.11,417.77,1106.42,439.42,1123.39,403.63,1145.76,408.15,1159.82,415.42,1089.49,455.50,1115.45,428.12,1140.81,433.83,1158.35,443.31,1079.91,476.12,1110.84,457.18,1132.89,460.72,1148.09,469.79,1075.79,496.04,1103.55,480.61,1120.83,479.47,1132.69,483.03
EK_0060_P37_102_frame_0000000285_r.jpg,0,717.61,912.88,772.95,889.16,800.42,848.40,819.12,824.84,831.21,809.51,752.41,807.49,795.79,801.50,810.35,824.29,810.14,839.91,734.80,813.58,777.67,810.18,792.72,830.53,794.51,844.87,725.83,827.33,763.03,823.43,780.37,838.56,784.24,851.94,723.86,841.74,752.43,834.67,767.44,844.56,772.62,855.93
EK_0060_P37_102_frame_0000001817_r.jpg,0,1223.87,941.97,1154.48,917.91,1114.98,864.51,1099.73,826.12,1093.14,802.33,1176.45,796.63,1138.60,791.00,1122.35,815.32,1123.34,830.76,1207.35,806.32,1171.92,802.97,1156.78,818.39,1156.20,833.23,1228.53,824.80,1197.63,819.50,1183.50,831.76,1182.13,846.60,1241.59,843.28,1215.38,836.94,1204.05,846.43,1202.23,860.62
EK_0060_P37_102_frame_0000002959_r.jpg,0,1214.85,808.14,1154.50,805.82,1126.54,779.18,1110.86,760.94,1097.71,754.95,1143.69,698.92,1130.90,650.03,1123.15,633.01,1120.21,628.65,1182.67,690.84,1169.32,638.23,1157.49,627.50,1149.73,630.35,1214.48,695.87,1204.78,646.57,1191.26,634.83,1182.50,635.65,1239.63,710.00,1235.15,675.74,1225.72,667.07,1218.02,669.78
EK_0060_P37_102_frame_0000005175_r.jpg,0,1271.26,1059.61,1209.12,1018.78,1188.99,947.05,1178.69,888.08,1171.22,845.61,1263.39,904.67,1248.57,830.24,1218.79,822.24,1196.00,831.96,1292.64,913.30,1252.24,866.51,1218.66,862.10,1196.75,871.70,1303.81,928.35,1259.00,896.35,1228.18,890.27,1205.64,895.59,1305.91,940.30,1271.50,913.76,1243.29,909.52,1221.68,914.87
EK_0060_P37_102_frame_0000005175_r.jpg,1,826.67,835.48,891.16,837.01,936.31,795.68,963.29,757.28,987.18,736.41,907.86,713.01,961.14,685.42,975.67,716.56,965.67,741.91,878.91,699.84,923.61,652.58,945.68,674.81,945.05,699.48,858.03,701.81,897.46,658.43,917.22,678.46,916.60,698.64,844.60,713.72,876.47,679.88,891.77,691.67,892.16,709.24
EK_0060_P37_102_frame_0000006838_l.jpg,0,794.98,805.91,856.98,787.12,884.57,737.62,889.17,694.74,895.62,675.51,844.08,677.19,868.68,617.92,883.57,631.46,883.68,653.84,807.50,673.67,831.94,612.72,850.35,628.43,850.54,649.23,779.69,681.11,799.78,619.73,818.79,631.89,821.84,651.62,759.42,696.65,770.01,650.98,783.72,654.75,786.62,668.70
EK_0060_P37_102_frame_0000007432_l.jpg,0,853.10,729.78,925.47,739.42,984.23,723.91,1024.44,694.39,1038.59,660.94,964.96,622.83,1012.86,566.92,1028.39,588.08,1025.20,610.79,930.27,589.90,988.68,552.69,1003.41,576.97,997.61,601.14,900.14,575.73,957.43,546.81,971.85,570.05,966.85,594.15,876.31,571.75,921.02,550.80,935.08,568.72,932.46,591.03
EK_0060_P37_102_frame_0000007965_l.jpg,0,756.99,827.17,821.07,817.09,863.05,780.26,881.75,733.07,883.26,699.29,832.61,731.66,870.54,665.18,884.05,668.46,883.59,682.31,796.56,715.14,839.18,647.44,855.63,656.30,855.52,672.49,765.46,707.81,804.51,642.64,824.64,648.99,828.52,664.44,740.24,709.16,765.07,655.25,783.80,656.73,789.90,670.93
EK_0060_P37_102_frame_0000012336_r.jpg,0,1273.11,973.10,1208.64,927.26,1179.14,857.20,1162.62,811.42,1151.81,768.64,1223.53,814.77,1162.40,802.17,1144.83,833.90,1152.86,859.97,1241.56,835.88,1176.03,830.90,1159.29,861.33,1162.80,888.56,1248.29,863.55,1188.99,860.00,1172.99,882.21,1178.39,900.59,1248.32,883.40,1201.12,886.20,1188.86,903.24,1190.02,912.51
EK_0060_P37_102_frame_0000012336_r.jpg,1,850.32,855.56,911.98,821.41,936.92,760.97,950.20,703.88,963.67,661.02,869.04,715.64,883.63,639.40,911.77,638.19,924.57,652.80,835.03,718.21,864.49,651.97,897.09,653.23,913.47,664.99,815.33,729.08,845.86,675.13,876.98,673.40,895.81,683.44,805.95,743.55,831.36,702.16,857.68,696.04,874.64,703.13
EK_0060_P37_102_frame_0000012576_l.jpg,0,1312.19,946.89,1219.38,917.24,1178.40,854.27,1152.69,808.82,1125.02,771.05,1223.83,793.86,1172.59,780.12,1161.80,811.15,1166.28,831.59,1259.56,801.51,1205.16,789.93,1185.74,818.68,1184.29,843.22,1278.31,820.68,1231.54,808.85,1205.58,826.33,1199.17,846.51,1289.57,836.36,1252.09,825.23,1227.67,834.59,1215.62,849.32
EK_0060_P37_102_frame_0000012576_l.jpg,1,875.96,872.28,946.12,831.76,974.95,774.64,986.65,728.53,986.92,701.34,906.78,714.04,933.31,663.64,959.83,680.77,966.08,706.05,874.09,722.04,900.17,663.79,929.77,675.89,942.46,698.79,856.19,737.98,880.01,688.78,909.40,693.16,927.12,711.00,850.75,758.03,868.00,721.04,890.95,715.88,909.82,721.87
EK_0060_P37_102_frame_0000014553_l.jpg,0,919.81,960.22,982.88,917.36,1009.64,856.55,1023.57,795.97,1045.24,753.65,946.07,819.16,978.56,741.44,1008.01,729.71,1022.26,733.37,908.95,815.46,946.38,733.62,981.96,728.93,1000.77,738.24,888.96,820.04,920.34,745.92,954.61,738.81,975.85,744.75,882.12,827.95,903.85,770.79,930.72,757.41,949.78,756.76
EK_0060_P37_102_frame_0000014553_l.jpg,1,1337.23,1002.12,1261.56,995.11,1219.23,936.57,1190.87,889.31,1167.42,846.96,1237.50,866.29,1174.90,873.17,1172.18,905.29,1191.82,924.93,1263.90,874.25,1203.15,887.75,1201.82,925.63,1216.17,951.35,1278.68,890.64,1225.55,904.46,1220.83,939.18,1235.07,960.03,1287.18,899.66,1243.76,917.56,1236.49,943.77,1241.40,958.29
EK_0060_P37_102_frame_0000014621_r.jpg,0,905.51,933.95,977.64,902.81,1003.22,846.08,1000.93,803.07,999.03,780.51,961.70,791.70,976.61,764.05,990.17,782.31,995.52,799.55,924.34,797.15,950.36,782.18,967.38,798.15,972.31,814.77,897.67,816.22,926.05,806.85,944.31,816.34,949.07,829.99,879.52,840.59,907.55,828.86,923.60,835.24,929.47,846.90
EK_0060_P37_102_frame_0000014726_r.jpg,0,865.90,953.64,930.97,936.26,968.24,886.47,987.42,835.25,1010.05,801.83,928.17,835.74,965.58,766.89,987.52,749.72,999.15,744.09,889.86,822.93,936.78,752.02,964.53,750.80,976.55,758.46,864.69,821.17,905.45,754.17,934.11,754.70,946.94,764.64,849.34,826.50,882.43,773.46,907.78,768.25,921.35,773.15
EK_0060_P37_102_frame_0000014726_r.jpg,1,1279.42,1087.19,1201.94,1047.39,1168.85,988.16,1147.71,946.66,1128.99,904.48,1213.20,937.22,1161.39,942.49,1145.48,976.86,1147.47,997.28,1239.22,957.37,1181.22,958.43,1161.35,995.35,1160.61,1023.58,1252.13,979.35,1201.31,977.25,1179.60,1007.79,1177.98,1031.99,1259.50,994.43,1220.49,992.98,1201.61,1013.01,1196.19,1031.69
EK_0060_P37_102_frame_0000015073_l.jpg,0,809.20,930.92,869.49,918.11,911.54,874.09,945.89,827.12,970.32,791.71,863.74,817.23,912.11,750.95,943.75,745.37,958.72,751.43,826.78,803.05,880.70,735.38,912.78,742.91,925.35,757.50,802.10,801.38,849.09,740.29,881.31,745.04,895.89,757.75,787.92,808.12,823.32,760.07,850.35,756.50,865.01,761.55
EK_0060_P37_102_frame_0000015659_r.jpg,0,956.42,933.14,1023.09,909.39,1059.89,856.76,1085.66,807.13,1109.07,769.01,994.19,793.96,1006.40,721.31,1018.64,684.87,1030.22,668.28,952.83,791.68,948.83,708.90,961.73,675.26,976.58,664.01,922.98,800.67,910.80,729.32,923.32,698.76,939.18,687.52,906.29,816.09,898.29,761.94,907.79,738.36,923.10,729.59
EK_0060_P37_102_frame_0000015701_r.jpg,0,944.79,818.67,1006.38,793.70,1022.73,754.69,1016.92,721.42,1010.73,702.24,988.77,690.35,1002.78,643.80,1011.47,641.51,1015.73,652.16,948.10,689.44,928.72,640.31,936.02,645.49,945.05,661.60,918.43,705.36,901.51,669.86,912.99,676.68,923.64,690.60,902.00,730.59,898.76,719.07,911.60,724.26,923.57,737.07
EK_0060_P37_102_frame_0000018092_l.jpg,0,1238.40,1008.08,1189.16,955.73,1153.83,901.38,1124.73,864.19,1106.59,820.17,1173.05,871.83,1118.96,890.23,1119.45,928.56,1134.39,952.30,1182.68,901.62,1127.49,931.15,1135.47,973.78,1154.26,1003.14,1181.59,930.54,1139.17,959.14,1147.21,999.20,1168.77,1020.42,1175.07,949.14,1145.84,964.13,1153.02,988.40,1167.55,997.40
EK_0060_P37_102_frame_0000018776_r.jpg,0,902.93,974.99,965.48,952.89,991.93,898.59,1006.77,846.88,1026.77,813.92,947.22,851.77,995.95,789.34,1024.38,772.03,1041.94,761.76,910.36,838.87,962.36,770.90,995.12,770.32,1011.94,776.53,889.72,837.50,931.98,771.99,964.29,772.12,981.18,779.92,881.97,843.98,915.78,795.29,941.65,789.08,957.77,790.74
EK_0060_P37_102_frame_0000019238_l.jpg,0,841.15,862.71,894.85,835.30,907.06,781.19,903.73,735.30,898.88,703.06,854.86,736.18,887.43,676.26,919.17,682.54,932.77,701.41,828.80,733.03,858.03,665.25,886.57,677.19,897.31,698.42,817.41,740.34,843.00,681.81,869.68,686.74,882.78,701.19,817.38,751.78,833.45,708.22,854.48,706.74,868.83,716.33
EK_0060_P37_102_frame_0000020232_l.jpg,0,691.45,771.32,765.67,728.42,797.53,672.73,804.86,634.06,801.07,618.11,730.31,616.29,765.22,586.22,791.06,597.49,802.14,613.79,697.74,632.36,744.87,611.97,769.65,630.64,776.71,648.89,681.50,653.97,724.66,634.17,748.79,650.31,757.39,667.28,674.71,674.13,708.94,656.20,731.34,667.35,741.28,682.81
EK_0060_P37_102_frame_0000020907_l.jpg,0,706.65,715.09,779.36,712.65,826.57,664.19,845.01,616.84,838.86,594.62,787.52,585.26,824.50,521.45,846.08,522.87,858.33,534.82,749.91,578.01,799.47,541.67,822.52,561.00,829.84,583.54,723.71,586.23,772.50,564.87,796.33,582.33,803.35,605.17,705.58,600.51,748.04,587.51,772.20,598.79,781.22,618.02
EK_0060_P37_102_frame_0000022459_r.jpg,0,918.11,818.00,974.66,798.81,987.88,759.56,979.52,721.62,961.10,706.27,993.89,709.06,977.59,658.25,966.74,654.18,961.80,660.86,962.01,695.14,937.75,652.41,928.13,666.48,928.13,685.25,929.39,696.30,903.47,669.57,901.55,684.75,907.23,701.22,896.93,707.67,881.47,694.45,883.62,709.60,890.58,727.45
EK_0060_P37_102_frame_0000022459_r.jpg,1,1265.10,1052.93,1230.84,993.44,1206.73,931.07,1186.15,878.83,1172.33,831.95,1215.67,896.74,1151.70,885.83,1141.02,926.83,1153.61,956.44,1220.49,922.67,1158.36,921.48,1153.09,958.31,1162.39,988.07,1218.14,949.74,1171.28,955.23,1167.63,985.51,1177.49,1009.75,1217.50,969.36,1183.05,972.31,1177.99,991.91,1182.71,1005.60
EK_0060_P37_102_frame_0000023376_l.jpg,0,872.26,661.00,901.66,731.73,939.04,772.73,979.45,784.45,1002.11,784.56,1023.27,722.00,1071.17,734.09,1067.78,748.90,1059.20,757.88,1023.76,678.65,1064.69,707.71,1060.03,723.00,1052.78,729.21,1011.44,644.97,1047.17,674.86,1044.43,692.29,1033.00,699.22,993.72,618.48,1019.34,642.38,1015.89,660.88,1002.68,669.93
EK_0060_P37_102_frame_0000023675_r.jpg,0,790.77,771.87,839.49,813.93,895.84,817.94,944.03,803.24,978.06,790.35,919.33,782.92,986.48,744.63,991.89,744.90,975.54,754.00,907.34,745.10,972.44,712.22,967.03,722.98,951.41,734.02,891.80,714.86,945.96,695.95,937.84,708.70,920.95,717.49,872.04,690.82,913.84,681.57,909.02,692.70,896.05,701.01
EK_0060_P37_102_frame_0000024005_r.jpg,0,1308.00,961.76,1211.70,957.64,1155.87,900.50,1115.86,853.66,1080.95,825.82,1179.97,815.25,1140.77,808.05,1145.52,842.98,1157.22,863.13,1225.50,808.09,1179.41,812.39,1177.51,846.87,1186.95,868.38,1260.26,822.88,1216.48,823.95,1211.30,851.39,1221.88,871.41,1286.26,840.28,1249.63,839.47,1242.22,860.03,1249.53,876.94
EK_0060_P37_102_frame_0000024005_r.jpg,1,877.46,917.99,943.59,904.34,986.78,864.71,1023.22,825.74,1040.36,795.07,954.02,817.51,1001.72,763.55,1029.42,742.80,1048.12,727.83,920.16,796.22,974.50,741.11,1003.72,721.35,1025.85,707.93,895.10,785.63,943.55,736.23,971.76,716.93,992.10,705.24,880.39,784.52,922.39,752.29,947.36,739.35,965.89,732.58
EK_0060_P37_102_frame_0000025115_l.jpg,0,770.91,683.24,839.95,720.96,894.11,712.82,935.88,691.36,962.13,678.93,936.73,666.96,1000.43,652.79,993.10,663.69,974.62,670.04,923.38,624.38,991.35,614.99,985.08,629.94,971.62,635.96,901.55,592.74,969.99,583.30,973.97,597.88,962.98,604.77,875.37,571.16,938.06,557.23,960.34,563.26,967.40,569.39
EK_0060_P37_102_frame_0000025584_l.jpg,0,803.19,889.37,876.98,867.94,920.16,806.51,934.64,735.30,917.47,690.70,834.98,766.99,854.70,666.35,890.57,658.75,903.22,677.72,788.66,758.34,826.73,651.07,870.04,654.59,883.25,674.58,761.27,755.48,798.24,654.77,841.16,659.21,854.63,680.60,745.70,758.08,778.78,687.77,812.48,682.33,826.56,691.54
EK_0060_P37_102_frame_0000026111_r.jpg,0,790.28,651.55,811.76,582.66,852.03,552.82,886.95,531.68,913.61,514.74,916.77,530.35,990.39,527.96,995.56,552.68,981.09,567.86,940.64,553.81,1017.49,554.51,1011.11,581.54,989.55,591.26,956.19,586.28,1034.02,583.67,1024.55,607.28,1002.45,615.02,962.98,622.97,1035.98,616.57,1031.92,631.39,1010.88,637.19
EK_0060_P37_102_frame_0000026621_l.jpg,0,727.65,859.97,792.96,877.52,831.66,855.76,847.30,826.85,848.47,804.06,850.30,775.19,873.88,737.52,866.57,752.07,853.46,770.32,817.62,752.35,840.46,714.51,836.92,733.41,826.45,755.45,782.26,745.00,803.45,717.15,805.60,733.85,798.21,753.46,752.08,750.17,771.68,739.95,777.12,755.20,774.03,771.61
EK_0060_P37_102_frame_0000026969_l.jpg,0,862.63,900.30,931.50,872.70,966.43,819.78,988.03,780.66,999.74,760.89,900.06,753.07,949.81,722.51,975.42,746.99,981.35,770.02,874.28,759.21,931.55,741.07,962.37,765.70,974.37,790.34,861.94,776.97,914.50,764.00,946.18,780.16,961.82,802.68,858.04,796.26,898.23,786.59,923.88,795.34,940.01,811.00
EK_0060_P37_102_frame_0000027740_l.jpg,0,826.02,907.46,883.73,895.33,914.64,858.77,933.38,820.93,940.27,796.65,887.42,805.51,912.02,752.12,928.25,731.74,939.59,720.13,857.38,793.95,886.25,729.71,903.19,696.30,914.78,672.74,828.58,791.85,845.44,730.07,855.02,694.10,861.26,668.57,803.67,798.83,803.76,750.80,802.55,723.01,801.00,701.22
EK_0060_P37_102_frame_0000027844_l.jpg,0,1019.42,1064.25,1055.82,1016.69,1109.78,978.48,1166.70,962.37,1215.30,957.34,1139.98,949.84,1198.86,948.90,1232.90,964.94,1258.92,980.89,1140.86,984.61,1196.82,989.81,1234.87,1006.34,1268.49,1024.90,1136.25,1018.35,1184.80,1024.13,1221.03,1036.89,1252.31,1052.14,1126.44,1050.33,1162.34,1052.90,1187.64,1059.29,1211.52,1067.32
EK_0060_P37_102_frame_0000028262_l.jpg,0,1072.10,887.64,994.01,909.15,930.28,900.99,884.53,898.03,864.64,891.71,937.46,777.37,903.17,719.05,883.51,716.43,875.27,732.06,978.93,755.96,936.95,706.97,912.78,720.48,904.94,740.69,1017.14,750.46,978.95,710.48,956.93,722.07,948.78,740.89,1048.14,755.85,1018.38,719.93,996.49,723.99,987.59,739.04
EK_0060_P37_102_frame_0000028409_l.jpg,0,1469.11,937.23,1426.15,898.08,1388.63,842.35,1351.62,801.80,1327.57,771.60,1457.21,780.16,1400.68,724.43,1355.65,730.52,1327.73,747.63,1453.68,795.00,1393.35,763.28,1349.96,777.79,1325.79,797.21,1446.38,813.82,1391.64,795.72,1358.16,811.00,1338.55,824.28,1438.48,830.47,1394.76,818.17,1371.02,829.20,1360.08,840.26
EK_0060_P37_102_frame_0000028592_r.jpg,0,1221.35,808.42,1140.05,787.08,1098.66,745.60,1100.40,706.93,1117.24,687.64,1142.81,667.15,1133.81,613.92,1118.09,604.38,1112.28,609.70,1183.78,668.13,1171.23,607.79,1153.32,600.86,1141.80,606.23,1210.79,679.10,1199.10,625.71,1180.37,614.07,1168.98,614.29,1228.20,695.49,1217.33,652.22,1202.88,639.00,1195.18,635.44
EK_0060_P37_102_frame_0000028923_r.jpg,0,1207.93,851.86,1203.42,784.72,1169.02,730.05,1128.49,709.77,1093.20,714.50,1124.28,697.00,1073.24,660.89,1074.48,674.65,1091.92,690.66,1098.13,721.44,1048.50,689.51,1057.12,707.86,1076.68,723.42,1079.53,757.73,1025.67,720.48,1037.84,739.27,1059.72,755.49,1066.10,801.11,1020.09,781.13,1033.22,792.67,1054.60,804.95
EK_0060_P37_102_frame_0000029320_r.jpg,0,899.69,995.97,961.30,968.96,996.50,916.17,1026.78,878.22,1057.81,857.10,935.95,835.50,999.05,808.94,1031.23,817.24,1043.69,826.23,924.81,838.15,987.26,813.99,1016.25,824.41,1028.35,835.75,921.65,849.06,979.91,824.49,1005.55,832.13,1019.00,839.37,925.89,861.70,969.62,836.83,995.18,837.37,1012.45,840.54
EK_0060_P37_102_frame_0000030907_r.jpg,0,672.68,1081.82,690.05,1020.75,695.48,962.31,699.28,917.89,705.96,899.96,627.35,946.65,667.26,894.66,703.19,889.33,728.88,898.32,632.80,962.57,680.69,923.18,715.94,935.25,737.19,959.82,644.84,978.99,692.15,950.44,720.30,961.95,736.92,985.00,655.00,991.69,688.73,975.34,711.00,978.65,727.05,990.93
EK_0060_P37_102_frame_0000031543_r.jpg,0,1407.09,813.96,1337.93,796.56,1292.59,752.80,1286.91,720.44,1307.97,714.15,1351.18,683.91,1309.77,708.18,1304.47,743.75,1311.16,755.26,1379.76,692.79,1333.39,724.64,1320.13,761.46,1323.72,783.85,1398.13,711.61,1352.43,743.37,1335.24,777.90,1336.46,802.52,1408.37,733.17,1374.21,761.28,1357.17,786.78,1355.18,807.15
EK_0060_P37_102_frame_0000032557_r.jpg,0,819.85,980.68,896.41,950.35,937.38,888.99,963.20,831.21,985.76,793.06,884.68,826.23,930.58,759.47,959.04,773.90,966.22,793.26,846.73,820.14,900.54,758.82,931.83,775.45,941.73,796.10,821.45,827.51,871.72,776.23,902.19,786.71,914.78,805.00,805.51,841.79,844.84,804.16,873.84,806.05,888.42,818.50
EK_0060_P37_102_frame_0000032557_r.jpg,1,1326.71,1012.35,1241.62,985.73,1207.26,917.00,1190.77,866.76,1173.53,821.23,1249.33,863.02,1195.64,862.80,1189.50,902.08,1200.43,926.57,1280.47,874.12,1219.25,881.21,1210.31,919.77,1218.63,948.87,1295.93,891.65,1238.52,895.92,1228.38,931.59,1236.91,957.03,1302.26,899.90,1253.66,911.29,1245.53,939.00,1250.67,957.75
EK_0060_P37_102_frame_0000033155_r.jpg,0,957.85,988.87,1013.69,948.56,1027.51,883.21,1027.15,824.09,1029.32,779.32,963.25,846.03,961.40,770.59,965.20,732.87,969.29,705.18,928.61,848.10,928.12,770.29,932.66,730.06,937.36,702.43,907.55,856.60,905.52,785.97,908.21,745.68,911.26,715.45,897.80,868.37,896.07,817.89,898.61,790.01,902.84,770.53
EK_0064_P03_10_frame_0000000872_r.jpg,0,1461.32,1036.34,1362.27,1012.04,1297.31,944.57,1247.27,890.99,1196.36,861.49,1365.38,835.09,1294.58,754.58,1240.64,752.71,1203.45,768.37,1408.97,830.96,1327.51,772.46,1275.63,783.92,1243.57,801.75,1431.44,844.21,1357.27,807.09,1308.35,812.48,1276.84,826.44,1442.82,859.04,1382.98,830.79,1343.35,833.72,1316.36,850.60
EK_0064_P03_10_frame_0000000872_r.jpg,1,1040.07,1072.12,1114.79,1005.04,1136.86,918.05,1152.24,853.97,1177.12,818.39,1022.22,846.58,1074.26,776.91,1119.37,797.31,1140.12,826.94,986.76,855.02,1054.82,804.87,1105.79,826.47,1130.19,853.03,975.35,872.23,1035.92,831.67,1085.06,842.64,1112.45,864.95,977.02,889.48,1022.89,851.41,1063.53,855.38,1089.57,873.49
EK_0064_P03_10_frame_0000001040_l.jpg,0,1493.03,945.07,1382.51,900.91,1325.62,825.57,1291.13,765.73,1264.68,717.15,1386.09,723.99,1339.78,656.82,1300.06,642.24,1267.70,645.74,1427.55,733.78,1364.43,679.02,1312.21,685.49,1271.78,698.44,1454.07,749.54,1388.26,712.34,1346.01,728.28,1318.74,752.20,1469.82,763.98,1419.73,745.53,1378.24,755.90,1350.29,780.60
EK_0064_P03_10_frame_0000001040_l.jpg,1,884.29,859.37,954.88,805.87,964.23,727.87,945.88,670.24,943.47,626.93,882.36,673.99,879.56,611.00,903.74,605.24,920.66,614.99,843.03,689.37,862.66,641.17,891.65,642.08,906.01,650.96,822.50,715.80,842.48,677.51,868.10,675.35,883.86,684.60,815.68,744.62,831.85,710.39,852.16,709.24,866.72,719.74
EK_0064_P03_10_frame_0000001806_l.jpg,0,1326.87,935.46,1245.34,939.29,1195.69,905.62,1174.31,866.51,1177.61,832.32,1165.95,846.20,1136.54,813.33,1148.02,830.81,1166.96,850.09,1197.84,812.74,1165.38,782.62,1171.63,803.20,1191.69,821.26,1237.05,790.48,1199.09,757.57,1201.91,779.49,1219.23,798.81,1277.93,781.35,1243.41,739.89,1236.32,754.43,1246.83,773.82
EK_0064_P03_10_frame_0000002412_r.jpg,0,1690.30,431.78,1585.35,421.11,1505.67,367.04,1449.98,322.62,1425.54,298.60,1572.65,259.68,1466.61,243.37,1459.55,291.64,1482.60,317.39,1611.14,247.83,1508.03,248.02,1499.83,293.37,1519.60,316.17,1637.86,253.42,1545.78,253.62,1532.82,291.22,1550.75,317.29,1655.80,262.44,1576.94,265.39,1566.03,294.54,1581.77,316.16
EK_0064_P03_10_frame_0000004051_r.jpg,0,1384.50,954.28,1326.11,944.87,1266.49,916.47,1212.05,905.01,1166.57,896.70,1292.43,828.42,1263.62,765.16,1231.21,749.81,1200.56,751.42,1294.14,832.27,1259.33,774.67,1219.86,763.08,1188.78,767.99,1295.14,842.06,1256.28,798.29,1224.41,786.53,1198.08,789.56,1292.17,855.50,1255.46,829.05,1228.55,823.37,1208.92,826.33
EK_0064_P03_10_frame_0000004305_l.jpg,0,1068.53,1038.75,1161.38,1065.03,1242.35,1043.09,1297.73,1002.47,1331.24,967.50,1247.78,1007.75,1348.96,954.64,1387.40,929.21,1399.28,918.28,1213.91,951.79,1320.29,882.63,1350.76,877.21,1352.39,885.03,1172.34,905.01,1274.11,837.65,1297.71,844.96,1293.27,863.45,1127.68,872.23,1199.26,812.92,1231.86,811.68,1244.26,822.16
EK_0064_P03_10_frame_0000004533_l.jpg,0,720.53,1070.73,845.96,1066.64,926.10,1003.94,974.73,928.85,1010.83,874.28,919.94,951.40,1049.32,833.36,1076.75,799.75,1052.14,811.07,856.65,892.08,961.35,728.56,978.86,748.59,964.99,796.15,800.74,858.22,890.74,736.47,913.22,772.73,902.52,813.94,754.16,849.19,825.71,770.84,849.36,796.63,845.93,831.04
EK_0064_P03_10_frame_0000004783_l.jpg,0,902.56,1004.42,988.85,979.45,1052.01,916.21,1107.26,872.11,1155.86,844.54,970.80,817.11,996.50,708.65,1028.00,666.93,1056.38,645.91,929.94,807.07,959.23,697.60,999.95,663.80,1036.52,657.34,909.65,810.78,934.06,714.39,970.31,687.18,1002.57,679.90,907.19,820.47,927.33,744.18,954.55,715.85,981.06,705.16
EK_0064_P03_10_frame_0000004783_l.jpg,1,1882.85,983.78,1726.99,987.90,1586.71,914.30,1486.19,853.06,1409.73,813.63,1605.68,791.09,1438.70,678.97,1357.35,620.87,1300.76,578.10,1680.72,732.00,1533.43,593.60,1485.39,618.01,1473.70,656.38,1756.21,701.76,1619.52,589.68,1571.38,625.16,1565.40,663.10,1818.78,691.06,1711.21,602.58,1660.15,624.93,1656.26,655.24
EK_0064_P03_10_frame_0000005071_l.jpg,0,749.02,867.82,804.16,836.82,819.12,782.94,821.23,737.17,831.25,703.94,745.90,729.15,722.38,671.41,726.43,650.01,740.16,648.63,711.69,741.23,690.17,688.60,703.70,672.95,724.73,675.93,692.61,758.15,681.01,712.68,695.49,697.71,712.78,698.30,685.36,776.42,681.07,740.43,692.37,726.43,706.33,724.24
EK_0067_P03_14_frame_0000000151_r.jpg,0,1375.36,759.16,1314.80,778.31,1267.51,765.71,1235.52,753.80,1211.17,755.59,1243.09,693.34,1209.92,663.02,1209.12,668.46,1215.80,683.01,1274.52,668.16,1246.01,652.76,1245.48,670.11,1249.77,687.61,1309.08,659.53,1284.69,658.57,1281.68,675.74,1287.23,691.14,1342.60,659.37,1321.28,661.83,1315.56,675.39,1320.25,689.06
EK_0067_P03_14_frame_0000000962_r.jpg,0,1322.65,780.07,1221.58,769.36,1164.66,719.47,1129.23,657.43,1116.65,610.31,1185.42,601.86,1180.60,575.04,1183.51,607.29,1190.61,635.75,1244.21,587.12,1229.72,600.39,1228.17,634.84,1237.61,658.47,1299.20,595.48,1273.92,610.79,1272.24,640.93,1281.15,667.49,1345.04,609.98,1321.52,617.16,1317.42,640.81,1323.44,663.45
EK_0067_P03_14_frame_0000001803_r.jpg,0,1821.64,1013.51,1730.34,938.83,1676.92,881.39,1631.53,853.87,1591.18,830.94,1746.88,829.85,1685.48,811.28,1648.31,815.48,1626.30,816.99,1769.73,863.31,1700.19,865.36,1661.75,893.37,1646.16,925.77,1782.15,898.24,1718.56,894.25,1681.61,917.89,1664.15,944.96,1788.20,925.04,1734.94,922.24,1703.92,939.38,1685.69,958.72
EK_0067_P03_14_frame_0000004916_l.jpg,0,426.46,938.99,433.80,989.29,468.68,1016.74,525.30,1026.88,566.22,1022.40,453.17,899.32,549.53,913.61,603.11,959.65,631.40,995.91,492.24,848.40,600.24,864.06,655.41,921.32,681.53,958.66,530.49,823.88,629.03,830.21,686.13,874.44,716.95,905.69,567.80,818.93,632.40,814.61,680.69,836.80,713.12,856.96
EK_0067_P03_14_frame_0000005947_l.jpg,0,925.51,771.04,910.52,734.09,905.93,685.97,910.95,648.98,918.35,625.70,947.22,657.76,985.02,654.84,994.93,671.55,996.13,686.24,957.98,666.77,988.33,666.04,994.99,678.27,994.12,692.79,966.40,684.19,992.03,677.78,995.69,688.20,992.50,700.88,976.56,705.45,995.70,695.04,997.83,700.14,994.99,709.26
EK_0067_P03_14_frame_0000010976_r.jpg,0,1554.50,749.67,1459.74,745.64,1407.16,686.96,1381.54,629.00,1358.18,590.65,1440.01,606.99,1396.70,574.12,1388.36,605.96,1400.50,632.34,1481.85,597.25,1432.17,581.76,1422.49,614.53,1433.35,635.50,1512.31,604.33,1464.98,596.77,1453.92,624.10,1466.38,644.78,1536.25,614.84,1492.54,610.14,1485.34,630.05,1495.30,646.38
EK_0075_P02_02_frame_0000000623_l.jpg,0,1264.05,641.67,1195.62,652.66,1148.02,621.94,1126.39,586.67,1110.57,566.70,1132.97,556.40,1076.83,530.43,1057.00,541.07,1054.61,553.14,1161.34,531.63,1102.10,505.66,1094.30,531.07,1098.64,548.85,1189.39,521.44,1137.88,486.19,1128.43,509.43,1136.14,528.79,1214.34,522.69,1173.37,503.82,1159.30,520.31,1164.85,534.99
EK_0075_P02_02_frame_0000000623_l.jpg,1,888.27,742.98,954.90,729.67,992.82,675.76,1023.23,627.98,1059.60,609.40,971.52,614.16,1003.83,587.17,1016.63,607.93,1018.28,624.95,937.79,607.55,974.94,591.08,989.78,610.24,991.25,625.48,908.73,615.01,944.55,600.36,960.19,614.65,962.22,629.74,888.47,628.07,918.09,611.61,933.67,620.72,937.12,633.25
EK_0075_P02_02_frame_0000001186_l.jpg,0,1325.27,753.03,1270.10,729.30,1246.15,685.02,1236.44,648.86,1225.75,624.63,1280.78,633.85,1295.90,568.02,1286.54,547.53,1275.28,553.13,1319.99,631.43,1328.94,560.46,1317.96,538.84,1306.08,542.29,1350.53,636.11,1356.36,568.33,1344.19,545.22,1331.50,543.00,1371.21,645.55,1373.20,593.80,1363.05,570.31,1350.87,563.83
EK_0075_P02_02_frame_0000001186_l.jpg,1,875.12,809.26,870.20,745.74,868.22,672.42,877.96,608.92,883.40,552.57,857.32,612.35,883.23,553.49,915.24,545.10,936.52,560.92,887.46,635.27,936.12,585.96,969.35,605.93,984.67,641.78,919.01,661.98,963.22,628.66,990.23,646.21,1001.53,678.33,946.41,691.33,979.81,665.97,999.44,675.87,1010.55,698.65
EK_0075_P02_02_frame_0000001817_r.jpg,0,630.94,586.01,714.79,524.79,742.71,438.34,719.97,381.23,695.54,363.26,683.76,383.00,710.92,283.28,745.08,272.38,769.09,285.19,628.25,379.12,666.38,298.96,697.11,307.28,710.38,329.27,591.56,390.90,634.55,340.39,662.42,353.15,672.79,374.91,567.63,410.93,598.31,373.19,622.72,382.88,631.58,403.20
EK_0075_P02_02_frame_0000001817_r.jpg,1,1437.98,749.58,1341.47,698.80,1321.58,618.22,1326.19,562.31,1347.40,530.25,1335.10,548.85,1314.63,464.21,1307.37,469.85,1310.17,492.75,1393.38,542.85,1369.46,498.11,1354.85,525.97,1350.96,556.64,1446.87,558.58,1409.97,534.83,1394.74,559.73,1393.63,587.10,1487.44,579.43,1446.07,566.17,1428.82,581.88,1423.13,603.44
EK_0075_P02_02_frame_0000006597_l.jpg,0,908.13,637.51,922.35,545.90,969.84,498.63,1024.60,504.92,1061.78,538.99,1013.70,466.91,1073.21,495.36,1061.49,533.68,1033.51,555.74,1054.70,503.64,1098.17,540.36,1076.60,569.30,1050.76,583.35,1085.06,554.41,1125.94,578.16,1102.19,602.09,1076.42,613.89,1106.08,610.49,1174.14,614.49,1198.29,613.36,1211.27,606.49
EK_0075_P02_02_frame_0000008366_l.jpg,0,804.09,716.30,880.68,741.37,937.80,711.87,963.95,642.58,988.06,580.21,850.44,662.32,939.08,605.64,958.61,622.10,944.26,645.04,812.56,612.86,911.57,559.12,920.49,588.26,894.50,615.96,792.18,574.83,877.05,523.83,887.42,553.82,867.53,582.27,777.73,549.57,833.58,505.53,845.97,532.99,833.46,559.12
EK_0075_P02_02_frame_0000011579_l.jpg,0,770.41,546.37,783.49,504.34,772.91,442.95,769.61,388.08,766.08,342.68,686.28,413.63,755.04,375.12,783.50,402.67,781.47,427.74,683.09,417.91,757.30,380.96,785.80,415.84,785.21,446.04,692.63,426.83,759.23,397.47,782.94,429.71,778.89,452.82,703.74,436.69,754.96,407.90,769.10,431.43,761.35,448.97
EK_0075_P02_02_frame_0000011837_r.jpg,0,819.13,737.28,859.03,680.64,863.36,601.47,869.64,534.67,879.32,484.79,768.77,561.41,856.97,523.38,893.94,561.64,900.06,599.13,751.99,573.45,850.23,547.02,885.20,587.69,893.38,625.07,753.14,593.83,843.84,571.36,871.20,604.72,876.87,636.39,758.41,610.68,824.62,588.41,844.53,610.54,850.01,628.81
EK_0075_P02_02_frame_0000011837_r.jpg,1,1638.23,448.87,1658.41,419.85,1667.24,376.70,1662.44,344.60,1651.02,321.36,1677.30,312.55,1658.59,273.26,1638.73,287.21,1634.27,303.04,1664.72,300.57,1640.23,259.26,1618.67,277.62,1615.03,296.35,1643.80,299.72,1625.39,259.30,1606.15,275.78,1600.39,293.72,1614.69,310.35,1601.78,273.67,1589.19,285.02,1586.07,306.43
EK_0075_P02_02_frame_0000012041_l.jpg,0,839.41,747.99,874.07,685.65,873.51,605.82,876.86,541.17,879.55,491.94,771.66,576.71,859.86,534.49,894.98,569.97,899.23,605.56,757.00,592.14,856.49,558.89,893.40,597.95,901.83,634.30,760.86,612.61,853.52,583.38,882.36,616.54,887.06,646.88,768.28,629.76,836.79,601.24,855.44,624.09,856.99,642.74
EK_0075_P02_02_frame_0000012233_l.jpg,0,536.24,773.78,505.41,717.06,465.27,644.12,447.67,582.27,428.05,534.72,413.48,654.08,417.27,607.19,437.05,594.82,446.54,590.38,437.10,663.16,439.32,624.02,453.76,615.59,462.82,607.89,462.70,670.43,458.46,634.95,469.82,624.26,475.48,613.11,489.87,672.92,479.48,641.22,484.20,636.29,486.45,634.03
EK_0078_P02_09_frame_0000000213_r.jpg,0,1302.58,856.86,1279.05,793.03,1266.41,743.27,1248.86,713.35,1237.50,694.04,1333.86,712.49,1354.89,669.11,1362.28,644.21,1365.25,624.87,1323.27,733.74,1292.53,708.92,1258.61,710.07,1236.91,725.92,1309.35,753.97,1275.20,737.63,1247.75,743.15,1232.15,754.65,1299.33,769.36,1265.56,759.43,1244.04,764.28,1235.64,772.08
EK_0078_P02_09_frame_0000001442_r.jpg,0,1229.69,808.05,1156.98,793.26,1124.63,769.34,1102.84,761.21,1082.01,761.84,1145.94,676.89,1124.68,628.50,1108.97,637.80,1107.75,658.08,1180.05,679.03,1165.43,630.06,1147.97,649.27,1140.31,669.48,1206.59,692.48,1188.55,661.17,1167.19,676.13,1156.76,692.06,1221.22,713.49,1201.47,688.39,1180.84,698.97,1172.65,713.93
EK_0078_P02_09_frame_0000004113_r.jpg,0,1398.19,933.54,1319.14,910.10,1268.02,847.21,1221.29,795.80,1176.55,759.93,1316.55,754.94,1235.95,701.95,1186.89,723.77,1162.18,752.00,1333.39,757.38,1243.57,722.32,1186.52,742.03,1151.32,774.25,1339.03,775.24,1256.67,751.21,1207.71,769.01,1176.29,792.78,1339.29,791.08,1279.76,775.39,1244.79,787.50,1221.83,805.43
EK_0078_P02_09_frame_0000004557_r.jpg,0,1412.41,848.33,1362.15,822.05,1325.05,780.83,1289.42,755.99,1263.90,733.91,1404.96,719.95,1430.48,650.03,1417.93,611.55,1399.35,589.62,1425.32,723.36,1461.40,651.91,1439.49,620.24,1415.11,608.98,1432.58,731.56,1459.11,668.52,1440.03,638.56,1420.58,626.38,1430.05,741.41,1437.43,690.24,1423.63,661.22,1411.61,646.51
EK_0078_P02_09_frame_0000004994_r.jpg,0,1449.50,734.88,1391.43,735.27,1364.72,707.92,1360.27,684.65,1371.19,666.43,1340.79,668.98,1360.37,653.70,1382.34,663.87,1392.92,677.79,1359.12,635.33,1384.12,628.74,1404.14,645.10,1411.74,659.62,1387.38,610.52,1401.35,600.07,1421.49,616.97,1431.36,632.51,1419.62,593.55,1415.61,567.09,1418.35,565.78,1418.94,571.43
EK_0078_P02_09_frame_0000005346_l.jpg,0,790.37,844.79,822.43,778.81,820.87,705.10,836.35,644.24,853.31,596.00,695.84,701.02,723.33,621.64,752.78,593.55,768.80,581.53,676.09,717.21,710.18,650.97,744.32,637.69,762.99,636.19,677.13,733.75,708.40,675.89,739.16,665.53,757.91,665.60,685.31,742.35,707.33,696.67,732.84,689.30,752.26,692.21
EK_0078_P02_09_frame_0000005557_r.jpg,0,1257.45,304.24,1198.14,256.26,1131.74,213.38,1065.05,197.09,1013.25,187.37,1165.90,121.95,1084.91,98.55,1045.22,122.29,1028.18,149.95,1149.07,160.20,1076.38,142.74,1048.78,171.34,1041.85,195.51,1138.20,204.53,1076.10,206.33,1066.35,235.92,1068.14,251.89,1131.08,246.61,1082.56,249.46,1078.12,269.27,1084.81,276.27
EK_0078_P02_09_frame_0000006628_l.jpg,0,1007.90,930.09,1069.78,935.02,1097.00,916.60,1104.51,886.63,1104.91,861.18,1140.61,884.44,1179.71,839.16,1161.06,817.95,1145.07,818.98,1127.76,850.83,1184.36,786.61,1153.65,767.57,1125.38,777.85,1099.44,821.23,1134.22,755.93,1101.46,738.84,1078.39,746.22,1058.14,799.18,1082.03,743.97,1068.17,730.82,1053.25,741.06
EK_0078_P02_09_frame_0000006874_l.jpg,0,962.45,716.45,1049.30,709.20,1144.63,662.15,1229.68,642.44,1290.46,644.55,1111.91,511.92,1239.21,537.88,1290.41,594.88,1317.76,646.69,1091.06,510.18,1215.12,550.96,1259.11,614.17,1280.64,671.04,1076.07,530.05,1193.44,572.29,1232.55,621.43,1251.06,669.84,1071.73,554.61,1160.59,587.50,1194.12,624.19,1209.80,658.89
EK_0078_P02_09_frame_0000007418_l.jpg,0,571.55,699.91,645.50,706.31,703.58,700.34,753.50,714.93,794.10,719.42,664.88,588.99,691.20,529.39,725.93,530.59,747.75,543.78,642.56,584.01,683.22,530.21,727.03,534.96,753.18,557.19,630.55,589.29,669.45,554.14,709.79,558.08,731.72,574.15,624.86,598.24,656.49,580.68,684.40,587.08,700.60,599.36
EK_0078_P02_09_frame_0000007706_l.jpg,0,821.38,1060.41,904.33,1085.43,992.02,1057.23,1069.82,1011.79,1131.71,997.59,948.45,1015.95,1074.60,938.23,1071.51,960.15,1048.22,985.14,903.43,961.69,1041.64,886.19,1045.68,913.35,1022.78,938.54,869.33,917.62,997.20,850.14,1005.72,881.98,985.97,907.77,846.83,888.95,944.67,849.63,955.20,873.91,941.28,890.04
EK_0078_P02_09_frame_0000008229_r.jpg,0,1396.34,1020.38,1296.41,988.18,1257.50,926.93,1252.57,871.37,1270.17,835.82,1250.15,858.76,1202.20,780.98,1214.34,801.70,1231.49,824.77,1305.04,833.44,1256.38,762.55,1256.87,793.59,1265.76,826.44,1358.74,826.71,1312.05,790.74,1308.76,818.58,1316.12,845.76,1403.32,833.37,1358.57,817.27,1350.15,839.91,1355.81,863.08
EK_0078_P02_09_frame_0000008428_l.jpg,0,906.05,734.16,1002.69,741.17,1055.74,733.63,1090.02,736.11,1111.03,726.70,1019.30,594.90,1035.26,522.56,1053.00,476.40,1062.72,447.43,976.22,594.07,993.89,521.08,1022.61,504.65,1042.72,503.64,946.81,601.30,955.13,535.14,985.62,510.77,1010.11,506.77,923.57,611.14,926.58,554.16,942.04,531.15,956.94,525.27
EK_0078_P02_09_frame_0000008451_l.jpg,0,837.82,760.23,919.32,768.13,964.06,765.74,1000.34,780.76,1024.87,788.13,949.44,635.50,969.06,574.87,985.97,541.37,997.41,520.74,919.96,630.62,943.45,572.42,968.11,562.47,986.62,562.20,897.05,633.68,915.59,587.78,940.40,576.71,956.21,578.73,882.30,639.40,896.31,608.75,912.56,597.77,924.49,598.08
EK_0078_P02_09_frame_0000009115_r.jpg,0,558.34,1091.61,659.76,1043.57,716.73,965.95,759.18,891.80,796.31,846.70,618.78,917.10,657.70,765.49,691.50,684.77,719.18,629.67,534.54,916.85,548.35,745.27,603.49,687.61,649.01,667.82,476.57,918.73,482.07,757.72,539.54,719.77,584.91,719.38,448.14,922.86,458.42,796.88,499.62,765.93,534.36,762.93
EK_0078_P02_09_frame_0000009190_l.jpg,0,775.96,661.85,842.80,619.80,886.98,580.49,933.78,573.73,971.25,567.26,806.95,502.57,813.13,451.55,825.29,429.10,832.65,417.71,788.20,519.28,801.37,475.96,818.50,463.02,833.11,456.14,779.50,542.66,794.65,508.60,812.83,493.56,828.05,488.93,779.11,565.50,796.49,538.89,810.79,528.92,820.39,525.86
EK_0078_P02_09_frame_0000010211_r.jpg,0,1092.62,868.46,1027.98,841.69,990.50,810.14,966.33,792.77,947.58,776.57,1031.00,754.79,992.45,755.92,969.39,773.19,960.42,786.92,1054.53,766.85,1019.47,765.66,990.65,780.86,973.39,795.55,1068.26,784.11,1037.14,781.55,1009.72,790.63,994.53,803.20,1074.22,799.43,1048.60,798.52,1028.78,804.57,1014.54,813.77
EK_0078_P02_09_frame_0000012163_l.jpg,0,1143.82,1001.87,1080.85,960.10,1054.02,918.38,1029.34,892.33,1006.93,868.01,1121.43,856.63,1107.37,816.12,1080.18,820.55,1060.74,839.86,1138.91,872.67,1096.01,849.18,1056.62,861.62,1038.02,886.12,1147.41,895.16,1095.43,884.64,1057.46,900.03,1043.35,923.94,1153.77,916.90,1108.61,912.38,1075.69,921.19,1059.30,936.49
EK_0078_P02_09_frame_0000012163_l.jpg,1,661.61,857.83,711.18,859.58,729.92,849.42,733.65,829.20,732.62,806.57,751.91,802.27,775.40,776.70,784.28,757.15,786.39,746.43,721.55,772.79,762.11,733.89,779.23,717.28,789.92,706.14,687.09,752.73,709.93,717.43,705.17,714.49,703.43,717.43,643.11,741.71,649.72,726.75,646.39,735.91,647.97,744.89
EK_0078_P02_09_frame_0000012182_l.jpg,0,629.90,896.08,691.20,878.13,710.33,845.21,711.88,815.77,711.89,793.80,729.05,783.55,736.95,729.90,737.56,701.46,736.04,684.29,697.54,767.07,727.40,705.46,741.86,672.15,750.12,649.74,658.54,759.42,681.13,707.56,694.13,683.78,707.63,664.79,613.68,760.88,620.93,722.75,631.04,708.91,641.20,697.75
EK_0078_P02_09_frame_0000012182_l.jpg,1,1108.28,827.94,1044.53,802.97,1013.74,772.84,995.92,760.64,980.56,746.62,1044.85,708.70,1021.71,678.11,1002.42,664.03,991.13,655.84,1052.74,720.19,1031.43,687.42,1009.08,677.36,993.14,669.59,1055.85,734.54,1030.19,715.38,1008.91,713.45,994.67,711.38,1056.39,749.99,1032.56,744.53,1014.65,743.69,1002.54,745.69
EK_0078_P02_09_frame_0000012463_r.jpg,0,1346.20,968.72,1332.30,933.41,1342.29,848.42,1342.05,768.31,1329.07,691.76,1411.73,760.67,1411.63,667.17,1360.56,652.40,1303.69,662.08,1377.99,772.04,1312.65,720.86,1239.04,737.00,1180.12,762.79,1343.61,788.82,1277.95,761.47,1212.56,790.16,1164.38,816.72,1316.60,806.79,1265.54,791.86,1222.64,813.62,1188.68,831.34
EK_0078_P02_09_frame_0000013222_l.jpg,0,783.60,990.43,864.92,1005.75,937.33,983.95,1003.01,977.49,1058.80,972.37,867.95,864.85,903.42,760.31,969.56,720.26,1022.31,709.56,847.23,839.56,891.84,725.52,962.30,699.72,1011.13,705.82,841.46,828.75,879.47,737.90,940.23,717.07,980.99,720.33,844.88,819.54,879.06,756.50,920.33,738.39,954.05,738.40
EK_0078_P02_09_frame_0000016161_r.jpg,0,1451.94,1095.18,1415.29,1057.98,1391.03,1000.08,1363.88,948.72,1332.91,909.58,1491.59,952.70,1495.10,875.74,1464.57,837.85,1433.21,819.20,1496.73,954.50,1497.11,878.43,1466.29,841.65,1435.91,824.68,1491.74,959.93,1487.06,897.21,1462.43,865.55,1436.56,849.17,1482.35,963.59,1469.41,917.20,1447.36,895.33,1427.04,884.05
EK_0078_P02_09_frame_0000016977_r.jpg,0,764.82,1069.14,828.07,1061.26,874.27,1012.02,913.93,970.52,956.10,940.31,823.31,916.85,883.50,864.92,918.47,890.90,926.87,921.85,793.27,918.76,863.68,879.62,902.84,913.66,915.64,949.85,777.68,932.61,843.90,904.95,883.11,933.18,896.62,965.65,770.46,949.55,825.06,922.39,857.02,942.84,868.13,972.03
EK_0078_P02_09_frame_0000017154_r.jpg,0,743.83,1101.63,802.86,1092.95,853.09,1046.63,897.69,1007.67,940.21,978.82,808.66,957.95,859.59,892.23,893.88,913.43,898.78,947.26,787.51,957.54,850.65,908.57,888.69,940.47,898.98,974.68,777.53,964.51,833.29,929.93,871.20,955.43,883.47,985.68,775.23,976.59,821.76,943.63,853.07,962.31,861.19,989.90
EK_0078_P02_09_frame_0000019220_l.jpg,0,1517.32,869.56,1410.09,919.72,1333.02,931.90,1289.19,945.83,1252.39,949.61,1309.05,796.67,1249.49,770.58,1220.03,759.99,1198.69,754.77,1344.89,785.51,1284.95,756.44,1254.23,753.61,1230.13,758.81,1375.75,789.09,1327.72,772.50,1297.11,770.03,1276.38,774.16,1397.68,802.78,1361.85,789.03,1338.37,787.02,1323.45,785.47
EK_0078_P02_09_frame_0000019220_l.jpg,1,945.24,1036.53,991.39,997.00,999.17,923.03,1000.00,864.88,1006.99,819.81,916.26,857.58,892.36,770.79,897.25,724.77,914.85,696.06,907.90,865.22,885.74,779.65,898.50,734.64,916.40,709.92,917.58,876.99,927.00,811.78,950.08,796.74,964.50,792.55,931.82,885.40,949.48,853.12,971.96,853.76,987.93,862.89
EK_0078_P02_09_frame_0000021983_r.jpg,0,812.58,940.14,912.06,891.48,959.22,814.14,987.06,753.77,971.14,720.75,881.14,709.41,933.63,632.12,961.72,599.28,983.17,573.36,827.31,707.69,886.87,660.61,920.23,676.15,936.90,695.85,790.65,727.60,845.27,688.61,875.35,700.62,889.56,720.65,771.65,754.78,809.16,720.22,833.85,726.34,846.46,747.02
EK_0078_P02_09_frame_0000023845_l.jpg,0,865.01,981.97,955.52,940.17,975.09,845.10,963.65,772.49,954.73,718.95,878.36,807.81,856.87,711.70,857.01,674.68,853.75,653.88,835.86,805.27,860.04,695.96,909.43,651.70,946.69,635.13,817.80,807.73,844.75,716.26,888.75,681.05,923.10,666.55,814.49,812.08,842.01,752.52,878.19,726.67,908.14,719.66
EK_0078_P02_09_frame_0000027629_r.jpg,0,707.68,991.41,832.09,1035.53,941.08,1032.20,1036.92,1026.87,1107.02,1043.11,982.47,895.68,1114.49,850.68,1165.97,837.62,1196.34,830.60,939.93,835.61,1051.62,777.53,1099.22,764.16,1122.64,764.24,887.97,802.12,982.20,759.77,1033.29,759.47,1069.17,763.38,830.59,783.89,864.98,722.81,896.02,697.29,923.79,682.62
EK_0078_P02_09_frame_0000028056_l.jpg,0,945.10,856.81,993.54,908.13,1022.34,923.29,1048.39,928.34,1069.90,941.29,1049.21,851.22,1095.21,821.27,1118.03,807.76,1136.89,795.75,1037.29,809.55,1096.60,782.11,1125.03,769.34,1150.53,762.63,1022.16,776.78,1065.60,753.74,1092.38,742.02,1119.62,740.42,994.35,746.17,1023.50,723.02,1037.10,716.31,1050.10,718.83
EK_0078_P02_09_frame_0000030692_r.jpg,0,835.37,946.52,902.81,914.41,965.95,876.17,1018.59,849.34,1066.02,825.34,931.87,775.14,989.01,752.93,1039.44,761.99,1075.39,778.11,920.56,802.12,985.45,779.26,1038.28,787.83,1075.81,804.29,916.56,832.37,971.72,824.46,1013.02,841.92,1040.38,865.61,912.08,860.57,955.89,862.92,986.79,875.61,1012.01,890.54
EK_0078_P02_09_frame_0000034325_r.jpg,0,811.13,814.11,872.68,774.81,904.28,716.41,939.31,675.71,972.70,651.80,807.73,657.79,794.70,583.21,818.22,559.61,842.62,559.64,779.43,668.38,781.39,597.31,811.41,576.72,839.29,576.50,764.47,685.10,768.13,626.70,793.27,606.37,816.61,604.03,762.02,699.97,764.20,653.49,781.29,634.62,799.16,629.58
EK_0078_P02_09_frame_0000035269_r.jpg,0,1110.47,989.87,1053.81,991.66,1007.53,960.09,970.96,933.73,943.32,915.96,1049.82,885.71,1008.27,847.25,972.51,857.98,950.47,878.37,1071.61,880.22,1032.64,841.57,995.82,854.24,978.31,875.81,1083.41,887.69,1040.30,862.02,1006.36,873.95,989.96,892.62,1088.11,899.37,1048.64,884.24,1020.45,894.44,1004.66,911.12
EK_0078_P02_09_frame_0000035370_l.jpg,0,825.41,835.46,897.50,833.29,933.28,795.85,949.73,749.66,964.90,718.81,930.32,749.66,984.63,688.44,1010.99,658.00,1029.10,640.32,891.24,726.11,938.63,653.73,964.44,624.06,983.47,609.84,854.48,714.61,893.24,646.81,919.54,618.32,941.45,603.28,822.16,715.74,838.45,663.46,855.91,642.62,872.89,631.55
EK_0078_P02_09_frame_0000035878_l.jpg,0,823.59,611.66,885.66,584.95,915.57,558.81,928.49,543.32,935.95,536.18,865.90,469.56,857.84,421.52,855.70,407.45,853.65,400.15,836.69,473.77,828.90,418.43,828.73,400.25,823.13,395.45,817.71,484.90,807.81,439.27,806.86,417.97,806.84,408.48,801.51,498.46,797.16,462.77,795.92,442.20,797.95,430.88
EK_0078_P02_09_frame_0000035907_l.jpg,0,1000.09,768.78,1067.25,758.27,1108.10,724.50,1126.27,695.04,1134.98,679.15,1055.07,637.89,1058.31,580.64,1064.01,555.97,1067.80,541.57,1017.35,639.85,1024.44,582.15,1033.56,558.10,1036.49,544.26,989.99,650.41,997.53,605.23,1008.65,583.59,1016.58,574.71,973.51,667.48,981.66,634.04,991.68,616.84,999.26,611.17
EK_0078_P02_09_frame_0000035966_r.jpg,0,1532.90,382.84,1497.07,335.66,1483.35,271.77,1476.71,218.74,1478.25,183.05,1501.90,196.01,1458.58,111.07,1445.82,133.06,1450.99,162.61,1529.82,179.55,1501.30,99.34,1483.37,123.63,1480.77,152.25,1546.85,181.18,1530.71,104.39,1507.54,125.64,1501.05,152.60,1547.14,196.84,1525.21,144.26,1508.24,159.61,1507.52,187.35
EK_0078_P02_09_frame_0000036133_r.jpg,0,998.19,502.65,918.30,460.62,884.42,403.82,868.58,361.24,869.28,330.03,894.96,346.10,856.42,271.21,852.36,248.72,856.15,250.11,953.27,324.14,938.70,227.88,930.11,216.71,923.94,234.69,1008.93,325.08,1007.60,233.71,993.38,228.60,981.45,244.76,1056.14,347.93,1066.44,293.21,1055.69,290.94,1046.04,306.54
EK_0078_P02_09_frame_0000038575_l.jpg,0,787.63,742.67,764.68,660.71,761.02,598.77,761.49,552.98,752.40,519.35,773.71,599.00,790.25,555.40,807.97,536.02,819.39,522.98,802.36,622.86,822.86,585.96,840.01,567.28,859.89,550.85,827.41,645.15,848.27,610.69,865.68,587.76,886.08,569.96,852.00,668.82,870.13,635.44,883.69,614.16,898.97,597.41
EK_0078_P02_09_frame_0000040080_l.jpg,0,562.79,889.02,641.41,862.97,672.86,820.63,688.49,777.41,709.65,748.81,643.26,727.85,645.91,639.27,646.97,604.09,650.19,595.05,591.35,718.18,594.22,626.25,604.98,599.76,615.47,595.78,545.64,724.23,548.90,641.29,561.71,613.38,576.86,606.02,508.89,742.46,511.36,677.98,522.95,654.62,538.44,646.91
EK_0078_P02_09_frame_0000040271_l.jpg,0,544.07,449.00,617.61,434.74,658.48,397.41,691.74,371.56,723.75,377.36,632.90,294.97,636.91,228.36,632.18,248.44,628.89,277.59,584.72,283.87,586.41,218.96,588.54,243.15,589.42,271.76,538.85,288.18,541.09,232.80,547.77,251.82,549.02,277.26,499.52,304.45,501.20,262.89,510.13,274.93,513.86,294.53
EK_0078_P02_09_frame_0000041017_r.jpg,0,1391.66,934.29,1408.54,815.05,1362.85,724.41,1289.22,679.68,1232.73,668.82,1256.56,700.68,1185.33,645.37,1184.12,650.78,1198.46,666.40,1210.73,747.65,1135.05,683.54,1134.34,680.12,1148.31,689.47,1193.04,796.37,1142.17,741.87,1157.10,731.74,1179.51,741.57,1192.32,839.75,1161.98,799.53,1179.31,788.93,1203.77,792.57
EK_0078_P02_09_frame_0000041017_r.jpg,1,933.75,1035.93,1000.06,976.73,1033.17,917.07,1080.08,883.91,1120.53,848.22,922.95,854.36,948.97,784.69,984.83,748.75,1016.79,731.50,897.60,873.69,919.47,808.28,953.57,783.76,985.15,774.40,886.41,894.02,904.88,838.75,927.49,814.75,949.33,807.82,886.30,909.55,901.55,863.36,918.03,845.11,934.22,835.86
EK_0078_P02_09_frame_0000041833_l.jpg,0,1207.34,1009.27,1136.15,1020.78,1081.03,980.33,1041.24,932.68,1002.52,908.51,1100.90,938.74,1047.94,860.29,1056.74,874.20,1073.99,898.18,1144.91,909.96,1087.38,831.30,1089.61,853.42,1103.80,877.66,1183.53,891.58,1135.13,817.95,1127.58,837.37,1133.86,860.14,1216.80,883.17,1181.76,822.13,1163.94,830.59,1159.90,849.69
EK_0078_P02_09_frame_0000041833_l.jpg,1,782.43,1029.33,857.84,1033.13,912.40,995.64,946.75,948.60,977.62,920.87,893.96,952.02,948.63,872.11,947.94,889.25,933.17,912.89,853.37,927.11,911.41,849.67,913.67,873.75,900.53,897.72,819.59,910.78,873.59,842.02,878.51,864.17,867.15,886.32,792.16,904.37,836.89,850.46,842.54,865.67,834.61,884.64
EK_0078_P02_09_frame_0000042884_r.jpg,0,1291.77,758.35,1243.94,704.62,1216.14,641.52,1191.50,593.07,1177.96,552.52,1304.50,592.76,1287.04,529.66,1261.25,513.59,1237.91,510.92,1320.70,604.97,1297.25,553.06,1259.88,548.78,1232.46,559.27,1323.64,623.93,1300.49,581.53,1267.89,576.51,1243.71,587.43,1316.81,640.14,1295.94,612.89,1267.33,607.07,1246.47,613.24
EK_0078_P02_09_frame_0000042944_l.jpg,0,1111.43,262.64,1220.02,210.11,1278.03,139.52,1332.78,97.58,1380.04,78.32,1168.46,16.42,1205.00,-36.03,1241.70,-26.85,1261.33,-4.50,1119.42,40.01,1162.23,4.96,1200.62,20.16,1223.09,43.72,1086.51,76.36,1121.78,46.00,1156.54,50.66,1182.35,68.02,1070.92,111.47,1097.49,79.93,1127.54,80.70,1150.63,93.87
EK_0078_P02_09_frame_0000042971_l.jpg,0,955.78,309.71,1031.68,260.93,1058.99,211.16,1089.68,177.10,1129.42,166.31,1009.23,87.77,983.93,0.75,980.69,-33.83,983.97,-51.62,950.94,99.60,933.28,17.04,945.30,18.83,958.68,32.13,910.73,128.03,919.48,79.31,938.20,90.39,954.16,111.22,881.96,160.03,900.33,131.12,919.87,138.89,938.70,156.29
EK_0078_P02_09_frame_0000043271_l.jpg,0,820.23,1033.53,854.81,930.99,883.43,849.74,915.02,796.61,938.90,746.91,814.05,816.06,819.86,759.20,840.05,738.42,853.92,726.10,832.73,858.05,845.30,811.98,863.96,799.40,875.76,789.92,854.14,896.55,869.59,861.09,882.72,852.08,890.54,844.97,875.99,926.16,888.25,894.32,892.21,887.75,891.01,884.90
EK_0078_P02_09_frame_0000043341_l.jpg,0,821.18,1053.34,886.46,1004.48,923.34,946.69,966.50,907.66,1007.65,880.58,834.87,868.12,904.28,833.09,932.65,867.63,929.50,897.03,808.53,876.41,877.98,849.47,910.54,878.78,916.50,909.59,795.87,896.58,856.76,870.80,888.57,893.78,896.30,921.29,790.97,917.40,835.68,890.43,860.36,906.38,867.95,927.54
EK_0078_P02_09_frame_0000044279_l.jpg,0,771.91,1118.07,734.87,1063.23,747.18,1006.06,780.84,967.72,805.65,925.21,808.54,984.13,863.77,928.61,903.23,898.66,938.09,875.84,838.62,1009.89,896.79,949.21,937.09,911.02,972.24,878.41,860.16,1039.70,911.85,983.31,947.56,945.92,978.83,914.99,877.17,1074.33,914.09,1031.18,938.47,1001.62,959.79,974.45
EK_0078_P02_09_frame_0000044505_l.jpg,0,589.88,732.62,650.46,699.90,689.12,651.15,735.71,624.79,779.82,605.96,606.31,565.29,632.14,501.76,665.21,503.86,681.35,521.80,578.59,573.00,608.35,513.55,643.62,517.34,666.82,534.37,565.64,587.01,588.90,538.71,618.78,532.38,641.38,539.63,561.58,602.04,580.02,557.57,605.10,548.57,625.24,551.96
EK_0078_P02_09_frame_0000045587_r.jpg,0,1486.40,877.35,1427.41,840.75,1404.80,777.70,1397.97,726.79,1385.77,688.51,1466.46,731.84,1463.98,669.35,1441.35,656.62,1420.69,660.88,1502.97,740.16,1492.48,680.43,1464.14,673.84,1443.34,682.15,1522.39,757.05,1510.20,707.28,1486.75,698.27,1468.84,703.27,1530.90,775.36,1518.95,737.64,1497.98,725.49,1481.30,727.29
EK_0078_P02_09_frame_0000045920_r.jpg,0,988.92,572.47,1086.65,579.22,1128.17,541.83,1152.38,497.90,1169.02,466.90,1158.39,458.06,1225.68,403.71,1253.06,382.51,1264.47,379.61,1102.23,412.34,1152.41,331.82,1162.65,338.90,1157.99,365.68,1049.61,401.82,1086.40,341.94,1092.59,363.49,1091.29,389.60,995.21,410.50,1018.95,402.58,1024.67,425.66,1026.26,453.32
EK_0078_P02_09_frame_0000045920_r.jpg,1,1441.36,558.16,1402.13,469.56,1406.75,391.41,1403.15,336.23,1398.01,296.76,1539.45,388.57,1487.55,339.93,1450.19,355.35,1435.93,368.89,1559.24,428.86,1506.13,388.90,1464.36,393.66,1439.45,408.56,1556.27,465.96,1505.11,435.55,1469.72,439.84,1448.55,454.88,1541.39,491.33,1509.02,470.89,1481.52,469.60,1461.98,479.36
EK_0078_P02_09_frame_0000046110_l.jpg,0,879.54,953.57,954.15,946.91,1000.93,912.32,1042.63,883.09,1077.02,863.23,980.92,831.28,1001.42,744.51,1018.40,715.04,1031.81,699.23,940.78,812.47,967.40,729.75,993.15,721.64,1010.63,729.95,905.56,808.00,935.81,746.57,960.65,744.72,971.96,757.76,878.17,812.16,902.96,769.36,924.54,768.83,933.23,781.82
EK_0078_P02_09_frame_0000046190_l.jpg,0,783.02,947.78,863.07,930.03,907.32,881.89,942.43,837.12,975.91,807.51,875.35,793.15,883.91,706.00,896.76,681.21,908.02,674.20,832.48,781.49,847.55,700.41,867.64,686.25,882.78,687.78,797.38,785.99,814.70,719.48,835.64,702.95,852.91,703.39,774.59,800.93,790.09,749.82,809.31,730.23,824.86,725.54
EK_0078_P02_09_frame_0000046313_l.jpg,0,864.17,920.23,942.36,901.04,982.54,861.97,1010.41,827.05,1039.96,807.16,959.57,771.38,949.47,688.19,956.17,676.06,962.09,684.64,916.30,766.09,909.42,688.33,922.35,687.26,932.48,697.29,876.24,770.93,878.57,710.75,891.16,705.37,899.88,715.23,846.31,785.22,855.07,742.61,872.35,736.56,883.58,744.71
EK_0078_P02_09_frame_0000048139_l.jpg,0,768.16,905.71,830.03,900.82,878.30,861.56,926.10,835.96,966.47,821.45,824.93,787.91,831.19,705.27,855.22,668.44,876.71,650.06,793.07,778.97,829.53,707.47,877.48,696.56,910.46,706.22,772.91,778.75,805.45,711.28,846.80,705.46,873.50,716.60,763.62,779.91,788.24,728.59,817.16,722.91,836.81,730.98
EK_0078_P02_09_frame_0000048199_r.jpg,0,741.63,741.78,809.73,735.75,860.38,704.56,907.16,691.20,946.07,698.30,820.08,611.59,844.82,538.83,864.78,502.30,882.89,478.51,783.00,600.27,813.02,527.78,841.96,495.88,867.66,480.21,756.91,601.57,786.22,543.11,812.95,517.06,835.37,505.70,742.15,608.80,768.13,565.62,789.65,543.77,808.91,534.00
EK_0078_P02_09_frame_0000048239_l.jpg,0,1462.87,999.19,1407.40,963.99,1385.59,903.48,1374.52,860.08,1356.83,835.22,1460.21,856.78,1449.04,803.04,1427.78,806.51,1415.60,821.09,1490.86,865.20,1471.94,819.03,1444.49,821.08,1428.35,831.15,1505.65,882.47,1486.26,841.71,1463.52,836.86,1446.87,843.94,1510.25,898.43,1491.56,865.81,1471.11,859.48,1455.29,865.93
EK_0078_P02_09_frame_0000053502_r.jpg,0,988.02,811.49,1078.12,774.61,1110.20,716.18,1122.73,656.87,1119.40,622.93,1092.55,656.72,1132.85,591.84,1137.61,623.94,1125.32,653.52,1041.14,638.46,1089.78,579.56,1095.74,609.73,1082.86,636.03,995.10,636.13,1041.28,581.46,1051.68,607.24,1041.53,633.93,957.95,643.95,993.90,602.29,1005.28,621.99,998.87,644.93
EK_0078_P02_09_frame_0000053502_r.jpg,1,1324.64,950.26,1233.34,921.83,1186.70,858.46,1189.62,788.78,1189.61,740.75,1247.08,785.30,1213.10,697.84,1195.92,661.82,1183.74,634.53,1297.78,780.22,1287.15,684.42,1261.78,687.65,1245.67,706.80,1327.53,794.32,1300.21,746.73,1266.96,763.92,1255.03,785.36,1346.94,810.22,1315.88,778.70,1289.78,791.07,1278.95,809.21
EK_0078_P02_09_frame_0000056578_l.jpg,0,883.98,869.53,968.42,859.86,1018.83,818.81,1063.69,788.81,1099.67,765.80,988.15,725.78,1027.89,657.28,1053.80,633.18,1069.66,628.34,942.81,711.59,976.15,629.73,1005.90,618.82,1025.46,630.65,905.90,711.98,932.09,640.13,960.47,630.24,977.76,641.21,882.69,723.05,905.08,673.21,929.93,662.61,947.33,668.29
EK_0078_P02_09_frame_0000056578_l.jpg,1,1322.89,880.23,1242.41,860.52,1194.80,800.48,1167.54,746.45,1130.59,726.13,1237.96,725.02,1210.21,645.89,1184.85,660.24,1175.48,690.09,1285.94,714.89,1261.54,627.08,1233.41,645.89,1221.98,676.95,1321.85,725.99,1288.50,684.19,1263.69,702.06,1257.76,723.01,1346.49,746.73,1315.55,719.73,1293.54,731.11,1290.75,749.03
EK_0078_P02_09_frame_0000058319_l.jpg,0,965.14,882.29,1039.58,848.23,1073.98,792.09,1105.22,749.65,1145.57,736.44,1040.73,730.23,1068.58,648.53,1083.79,603.13,1097.33,572.93,992.25,722.06,1015.89,633.92,1040.52,598.03,1062.00,576.15,958.14,726.29,984.41,658.05,1009.92,631.51,1029.64,621.15,938.11,737.73,967.45,696.37,991.33,680.22,1011.13,678.21
EK_0078_P02_09_frame_0000059575_r.jpg,0,922.62,849.24,998.06,835.38,1041.17,779.73,1077.52,727.52,1113.83,704.92,1015.71,739.36,1079.06,679.29,1103.44,672.05,1114.19,671.84,972.43,715.72,1036.14,646.29,1070.22,632.29,1089.16,625.03,939.01,705.53,994.03,636.71,1027.94,635.96,1044.14,642.46,919.68,707.51,967.43,665.44,993.88,668.10,1007.66,676.17
EK_0078_P02_09_frame_0000061314_r.jpg,0,1247.07,1050.55,1187.19,1070.53,1133.92,1059.48,1094.89,1029.69,1070.36,1000.35,1122.28,1057.60,1056.34,1016.66,1031.10,990.53,1018.09,970.84,1146.26,1023.54,1072.10,981.80,1042.28,961.15,1027.87,949.77,1172.05,990.61,1100.97,952.15,1077.03,944.43,1067.17,945.87,1199.11,962.72,1141.90,936.95,1122.18,938.34,1115.48,945.21
EK_0078_P02_09_frame_0000061535_l.jpg,0,1426.23,1079.93,1415.06,1012.27,1403.81,958.06,1381.89,919.04,1362.88,884.27,1449.21,925.58,1430.79,885.22,1397.38,872.36,1365.16,874.35,1426.53,951.02,1388.75,926.28,1350.08,928.56,1319.43,943.06,1407.25,975.85,1374.88,952.98,1342.02,963.32,1318.06,978.34,1393.12,996.16,1367.58,984.96,1344.35,992.73,1328.56,1000.24
EK_0078_P02_09_frame_0000062395_l.jpg,0,971.61,911.29,1040.51,878.75,1069.31,823.83,1067.00,771.63,1038.82,745.76,1112.69,778.31,1093.36,704.76,1060.97,692.69,1037.99,693.44,1081.52,760.48,1031.01,716.20,998.44,723.87,986.88,735.93,1041.16,754.23,1002.68,724.22,979.16,736.84,971.45,751.38,997.58,753.13,975.66,740.02,961.18,751.39,956.64,763.14
EK_0078_P02_09_frame_0000063003_r.jpg,0,1570.72,710.79,1445.92,717.89,1381.43,667.17,1351.91,598.10,1357.20,550.28,1329.83,567.75,1305.03,543.62,1336.07,562.56,1357.98,578.73,1381.05,509.71,1348.80,468.68,1363.04,483.66,1383.50,504.16,1445.78,480.43,1434.77,484.34,1453.25,517.47,1471.16,541.63,1512.36,470.37,1498.50,479.18,1506.69,509.73,1520.85,539.40
EK_0078_P02_09_frame_0000063003_r.jpg,1,893.73,833.42,983.99,838.01,1044.38,812.37,1107.46,784.91,1158.67,779.37,1030.33,706.73,1072.89,621.02,1090.48,573.99,1102.25,537.60,987.21,679.15,1037.06,595.53,1059.00,546.70,1075.09,510.65,941.97,667.21,983.22,596.82,1008.01,554.52,1027.51,525.30,900.95,668.10,919.59,615.49,932.72,584.30,943.96,558.07
EK_0078_P02_09_frame_0000063383_l.jpg,0,739.01,942.51,825.77,932.08,890.30,904.01,953.58,884.53,1003.43,885.32,853.52,784.65,871.70,691.55,880.33,644.39,887.24,616.08,803.22,766.49,825.85,673.51,840.65,626.02,855.79,595.74,757.59,765.11,779.81,681.87,795.09,636.70,809.26,605.77,721.28,775.79,721.09,716.03,719.27,679.40,719.83,649.97
EK_0078_P02_09_frame_0000065459_r.jpg,0,926.99,943.10,1025.63,925.27,1099.68,892.17,1168.74,858.82,1213.53,828.43,1032.76,787.93,1031.12,689.63,1032.10,641.13,1032.57,609.55,979.18,776.31,985.42,671.84,996.25,627.57,1009.56,600.60,936.24,775.14,947.31,680.83,961.78,634.18,975.49,605.80,910.85,780.90,927.33,708.51,939.87,670.94,951.98,644.27
EK_0078_P02_09_frame_0000066800_r.jpg,0,1312.74,994.04,1251.72,961.92,1235.47,918.28,1234.11,879.28,1235.89,851.70,1280.07,856.58,1288.20,797.38,1281.34,776.51,1270.10,771.70,1323.48,862.81,1337.84,798.77,1325.67,779.17,1306.98,775.99,1352.73,878.83,1368.17,820.31,1354.90,795.30,1336.89,783.31,1371.36,899.41,1395.59,862.26,1399.22,836.50,1396.74,816.00
EK_0078_P02_09_frame_0000072074_r.jpg,0,499.59,1082.08,567.74,1021.52,589.45,956.04,598.78,884.74,619.49,835.85,527.99,892.47,550.85,805.53,574.90,823.11,578.81,853.46,474.78,891.22,505.64,805.31,535.11,826.74,540.62,855.52,435.59,903.84,459.47,822.80,489.97,837.79,498.18,865.44,406.94,926.22,422.69,864.68,447.21,870.65,455.81,891.46
EK_0078_P02_09_frame_0000072074_r.jpg,1,1372.32,1081.25,1287.49,1056.68,1226.03,997.78,1185.85,922.20,1174.03,859.50,1317.46,922.93,1232.92,818.02,1188.45,831.58,1178.87,863.41,1358.98,902.29,1265.58,809.22,1222.44,836.22,1214.20,870.86,1377.50,896.96,1290.48,815.95,1253.73,842.63,1250.06,877.23,1379.84,898.03,1307.42,838.35,1277.46,855.66,1277.66,883.47
EK_0078_P02_09_frame_0000074047_r.jpg,0,1384.87,443.97,1282.05,411.52,1200.85,352.25,1133.51,311.57,1071.61,295.89,1268.78,217.95,1201.43,145.56,1162.29,167.08,1141.63,201.17,1322.53,210.66,1255.66,150.88,1213.51,181.59,1195.93,217.26,1360.91,228.60,1303.02,176.15,1265.35,193.51,1242.32,225.22,1385.27,251.86,1338.46,213.51,1302.26,219.29,1278.47,240.10
EK_0078_P02_09_frame_0000075227_l.jpg,0,361.22,933.56,226.03,904.14,169.43,832.18,140.56,756.01,112.28,709.52,227.62,698.67,225.63,578.73,231.13,533.51,236.76,516.12,310.00,682.94,333.80,556.16,343.57,500.38,350.46,463.14,378.65,697.27,416.32,579.99,435.30,515.49,449.64,467.20,434.81,732.96,485.21,668.70,513.49,633.30,534.38,604.85
EK_0078_P02_09_frame_0000075454_l.jpg,0,1430.57,279.82,1323.02,259.59,1253.46,245.85,1200.56,252.89,1169.84,264.99,1286.39,120.61,1212.43,171.70,1197.15,219.23,1205.84,245.33,1327.77,142.03,1245.34,180.73,1216.67,234.04,1219.02,272.52,1356.86,173.78,1282.55,200.80,1250.02,242.39,1247.64,273.39,1383.18,204.44,1317.81,218.22,1288.59,242.64,1276.68,263.79
EK_0078_P02_09_frame_0000083606_l.jpg,0,1268.09,884.60,1191.13,869.52,1119.82,817.46,1051.58,777.68,991.47,755.98,1176.19,699.89,1118.93,618.95,1072.52,635.34,1043.65,665.44,1189.31,703.01,1129.78,646.95,1079.87,660.39,1053.51,686.37,1196.90,721.76,1141.72,688.86,1098.24,703.62,1069.53,728.49,1198.90,744.07,1155.68,720.79,1119.15,732.57,1094.18,754.13
EK_0078_P02_09_frame_0000084897_r.jpg,0,1260.45,693.16,1165.47,688.87,1094.48,632.68,1033.52,587.51,990.49,552.56,1149.82,504.74,1062.22,421.78,999.48,438.20,959.08,470.32,1185.65,495.95,1098.42,419.71,1042.14,449.52,1012.63,485.42,1203.89,507.66,1130.28,445.45,1081.68,471.43,1054.70,506.42,1207.43,523.82,1154.56,479.80,1113.14,488.69,1088.74,512.69
EK_0078_P02_09_frame_0000084897_r.jpg,1,753.24,782.31,841.87,727.91,902.78,654.62,956.43,604.76,995.81,581.48,808.69,538.47,907.53,506.94,959.55,516.37,986.01,532.93,786.42,553.90,891.59,557.60,939.49,598.06,959.61,638.18,778.93,587.33,875.49,598.91,921.23,631.71,941.20,667.00,776.49,621.24,852.15,626.37,891.15,646.16,910.95,673.73
EK_0078_P02_09_frame_0000085678_r.jpg,0,931.07,1084.17,894.19,1035.81,897.07,987.66,915.07,951.79,928.97,930.14,935.25,952.75,946.51,895.78,952.69,865.52,957.91,841.62,979.56,958.24,985.15,891.89,987.15,858.15,988.87,828.07,1012.25,970.97,1021.34,914.61,1021.57,875.31,1021.95,845.60,1038.38,994.18,1053.90,954.95,1055.85,928.89,1054.71,907.57
EK_0078_P02_09_frame_0000085678_r.jpg,1,1319.27,927.57,1230.76,943.02,1178.18,912.62,1137.56,875.56,1125.15,840.46,1220.40,798.80,1171.37,750.35,1127.71,763.80,1114.75,787.75,1253.68,785.97,1214.96,734.86,1180.90,770.40,1176.51,802.16,1275.40,781.85,1241.82,736.12,1210.61,772.40,1205.69,804.94,1286.25,782.83,1259.31,753.95,1232.31,773.83,1228.82,797.09
EK_0078_P02_09_frame_0000085726_l.jpg,0,1394.76,849.38,1344.11,809.23,1299.58,746.39,1250.93,694.03,1197.92,654.80,1374.11,652.06,1331.33,578.25,1278.77,578.33,1234.77,596.70,1369.95,667.74,1314.72,610.85,1256.33,616.55,1214.05,639.22,1359.83,691.11,1310.78,648.78,1257.48,651.99,1217.00,670.28,1349.94,715.08,1313.86,684.42,1272.48,684.25,1240.82,695.39
EK_0078_P02_09_frame_0000085726_l.jpg,1,969.12,1071.17,1021.14,1052.72,1057.20,1010.80,1081.91,976.59,1102.24,961.46,1053.91,955.04,1060.29,889.16,1058.34,849.39,1056.36,820.59,1029.10,942.04,1044.89,870.47,1049.31,831.32,1053.07,804.57,995.08,938.72,1014.77,881.39,1028.11,841.88,1037.76,816.79,954.47,949.23,967.58,913.86,979.93,891.81,989.75,876.19
EK_0078_P02_09_frame_0000086135_l.jpg,0,364.12,1050.86,452.07,1015.28,501.82,959.34,543.07,914.65,593.89,908.16,474.42,855.80,509.80,781.01,527.87,783.20,535.01,801.12,420.06,840.37,456.61,766.51,476.16,784.00,481.97,808.17,370.51,844.43,398.85,778.16,419.67,789.99,428.83,812.28,327.52,860.93,341.02,808.01,363.16,811.24,375.45,828.24
EK_0078_P02_09_frame_0000087990_l.jpg,0,510.20,1081.63,599.97,1045.82,652.07,993.16,705.66,939.38,755.86,913.34,604.86,900.51,644.02,833.09,657.72,857.53,655.19,890.35,549.31,888.39,598.95,847.85,615.08,877.67,613.01,904.63,503.69,895.39,550.34,868.74,567.60,892.23,565.99,918.56,467.53,910.86,504.71,893.59,521.70,911.01,523.81,932.39
EK_0078_P02_09_frame_0000088921_l.jpg,0,574.63,1062.53,675.24,1031.51,730.26,974.89,778.17,911.68,823.94,878.27,692.79,875.55,718.92,796.32,724.53,826.68,717.60,865.66,632.46,857.38,665.92,826.44,674.48,863.31,671.43,893.38,581.27,861.80,613.32,852.54,622.24,880.79,616.63,909.78,537.54,874.52,569.19,869.69,578.72,893.88,576.44,920.51
EK_0078_P02_09_frame_0000095422_r.jpg,0,303.39,1091.52,391.78,1074.30,450.74,1028.00,507.07,978.62,563.17,951.45,408.64,943.11,471.48,846.94,504.56,816.39,526.27,811.78,350.33,922.05,409.15,813.71,449.87,792.90,474.00,802.15,299.78,918.93,347.30,819.15,387.75,799.83,413.17,805.84,259.43,929.40,276.84,844.52,307.26,817.45,334.85,812.09
EK_0078_P02_09_frame_0000096686_r.jpg,0,1724.20,922.53,1625.13,891.65,1563.31,811.38,1523.61,729.83,1507.08,667.24,1656.52,702.61,1628.35,582.39,1580.20,587.86,1554.84,620.53,1711.07,700.79,1653.21,620.81,1600.56,634.46,1577.74,661.38,1740.71,716.64,1673.70,661.67,1631.43,666.98,1611.29,689.50,1753.23,732.05,1693.10,687.96,1655.71,688.20,1637.27,703.99
EK_0078_P02_09_frame_0000096996_r.jpg,0,1328.38,880.88,1268.97,881.10,1232.89,852.89,1216.40,825.29,1197.43,809.71,1246.77,788.84,1220.56,744.86,1206.62,727.60,1193.59,721.38,1280.29,776.75,1255.87,727.17,1237.08,712.19,1220.45,709.72,1309.98,779.41,1284.42,761.12,1266.11,770.60,1257.22,779.23,1335.13,789.57,1309.76,777.89,1293.25,788.15,1288.32,798.43
EK_0078_P02_09_frame_0000097322_l.jpg,0,932.42,466.75,1052.53,497.62,1133.65,511.34,1194.90,544.39,1250.08,575.86,1162.34,357.28,1227.48,340.02,1255.90,348.14,1268.05,354.78,1119.50,343.05,1179.45,331.42,1208.09,349.02,1225.16,366.72,1081.02,344.27,1133.16,337.11,1164.31,349.14,1182.96,365.27,1051.75,348.60,1093.49,344.53,1121.82,353.58,1139.35,366.39
EK_0078_P02_09_frame_0000097442_l.jpg,0,634.45,623.18,766.59,579.10,861.64,496.20,954.04,457.55,1047.88,451.77,753.93,312.61,875.31,256.38,951.90,259.24,998.25,274.34,705.49,324.35,838.77,306.02,910.20,350.85,952.58,393.91,675.16,355.57,787.20,346.07,847.56,388.81,886.58,434.55,662.77,383.32,750.05,373.67,800.45,403.79,832.65,438.75
EK_0078_P02_09_frame_0000099203_l.jpg,0,518.45,639.85,659.98,595.45,757.90,489.77,805.13,366.43,847.59,265.79,624.80,441.90,642.72,239.06,702.19,159.39,751.80,136.46,516.99,405.94,535.48,169.82,623.65,90.02,701.99,86.06,448.95,377.88,469.40,171.84,558.98,111.11,637.76,105.10,415.21,364.22,444.00,211.17,512.47,161.08,577.64,150.65
EK_0078_P02_09_frame_0000099271_l.jpg,0,622.87,271.34,709.63,248.88,754.61,193.48,772.35,154.63,789.44,137.38,678.70,92.23,709.85,26.78,747.29,48.06,764.47,79.18,638.46,103.06,695.83,66.21,741.31,94.86,758.52,124.44,615.77,125.56,656.40,95.56,700.96,114.53,724.67,140.91,602.12,151.16,623.35,123.31,650.72,132.57,667.02,156.16
EK_0078_P02_09_frame_0000100757_r.jpg,0,1044.48,1028.96,1115.63,1019.64,1174.66,970.19,1229.82,939.54,1277.21,931.46,1105.33,868.88,1165.54,799.46,1210.05,771.04,1243.96,752.65,1075.57,855.84,1135.02,780.78,1187.16,757.80,1226.50,752.36,1060.95,856.79,1107.21,786.58,1153.92,764.65,1191.21,757.95,1059.40,862.62,1093.93,801.82,1125.64,778.90,1155.82,768.33
EK_0078_P02_09_frame_0000100757_r.jpg,1,1487.58,1034.65,1397.59,1029.18,1341.89,984.82,1328.69,928.69,1324.14,876.27,1385.26,937.14,1325.98,848.65,1292.39,835.47,1280.03,850.18,1436.72,908.37,1370.59,815.69,1332.40,813.99,1322.06,837.16,1469.23,889.46,1407.15,809.20,1367.91,810.19,1351.01,827.78,1487.16,881.09,1442.74,824.59,1403.87,812.95,1384.09,821.22
EK_0078_P02_09_frame_0000100918_l.jpg,0,1437.37,379.86,1281.37,422.54,1146.62,332.11,1043.59,229.29,951.06,153.17,1235.74,92.83,1021.89,67.45,947.39,145.84,923.25,223.45,1285.15,52.78,1064.16,90.46,989.63,204.62,970.66,302.22,1307.31,52.47,1108.25,106.65,1048.62,206.76,1040.50,292.31,1307.81,59.15,1167.14,111.61,1110.30,190.07,1092.43,256.58
EK_0078_P02_09_frame_0000100918_l.jpg,1,660.41,605.70,735.80,581.84,819.82,536.52,917.99,515.96,1003.18,486.44,751.99,337.19,854.31,285.79,922.49,284.61,958.37,288.93,743.01,341.89,853.68,330.92,912.49,379.28,936.88,432.30,744.46,366.10,844.05,365.33,891.08,410.59,914.17,452.88,752.14,393.40,836.40,388.38,876.46,419.16,898.39,451.32
EK_0078_P02_09_frame_0000101203_r.jpg,0,1559.92,374.40,1423.67,442.47,1274.24,391.11,1135.33,304.68,1025.30,236.59,1310.48,117.90,1046.63,125.04,993.46,222.41,999.75,298.18,1338.02,52.23,1097.60,109.39,1091.59,234.60,1134.72,304.82,1348.53,40.24,1144.12,116.08,1150.50,220.73,1199.33,282.40,1342.60,42.68,1205.49,106.87,1199.76,196.27,1229.42,247.13
EK_0078_P02_09_frame_0000101203_r.jpg,1,711.14,706.00,779.33,688.23,854.37,641.52,940.48,610.56,1014.05,579.91,759.31,422.75,864.00,348.94,945.91,337.71,1003.73,344.05,749.79,422.36,869.91,382.23,943.82,402.50,988.78,433.60,759.59,441.61,868.33,415.35,930.42,436.29,971.87,462.13,777.85,465.37,867.34,443.11,916.97,458.63,952.38,480.02
EK_0078_P02_09_frame_0000101519_l.jpg,0,940.81,948.66,1018.36,971.46,1089.36,961.05,1147.73,959.69,1190.79,971.26,1077.46,850.04,1152.22,805.75,1189.41,790.36,1216.04,783.16,1044.73,812.33,1124.05,777.95,1161.66,788.26,1178.08,807.57,1013.07,795.75,1081.56,751.58,1124.40,756.09,1147.32,772.80,986.71,791.71,1019.57,739.31,1050.95,733.43,1074.04,743.15
EK_0078_P02_09_frame_0000101704_l.jpg,0,943.62,994.86,1025.33,1007.32,1090.25,990.70,1148.20,986.76,1193.01,993.58,1071.68,883.39,1143.91,837.57,1180.80,821.43,1204.35,815.09,1035.14,853.18,1109.33,807.54,1149.85,807.45,1172.67,815.00,1004.59,842.28,1067.33,793.80,1109.92,790.89,1134.06,797.64,981.54,839.05,1014.07,789.68,1042.63,780.28,1063.72,783.62
EK_0078_P02_09_frame_0000102812_r.jpg,0,308.47,651.95,382.46,641.89,414.29,554.77,438.24,468.83,462.61,385.38,331.53,414.63,371.46,286.24,442.14,274.81,479.30,303.98,304.57,409.09,362.13,283.22,440.15,282.43,482.22,310.28,301.03,413.45,360.26,305.53,427.38,300.60,465.74,321.50,309.28,422.83,358.43,332.85,413.86,322.10,447.73,338.36
EK_0078_P02_09_frame_0000102975_r.jpg,0,300.06,713.55,379.77,694.81,407.09,603.64,423.35,515.43,446.30,433.72,325.47,459.96,360.51,331.75,429.52,321.03,466.69,352.66,298.27,459.26,359.33,339.90,432.33,342.74,469.82,374.11,295.52,469.21,357.63,373.05,420.90,373.13,454.79,396.57,302.27,484.65,355.43,409.80,407.89,403.01,438.49,421.55
EK_0078_P02_09_frame_0000102975_r.jpg,1,1298.80,767.38,1195.42,763.41,1142.60,705.30,1119.40,647.10,1100.79,612.34,1161.52,599.30,1118.16,549.06,1099.89,574.93,1105.95,605.92,1216.97,577.56,1168.12,521.32,1152.82,560.22,1155.81,585.99,1262.10,575.55,1224.43,510.16,1203.56,537.99,1208.11,565.47,1299.23,589.50,1267.65,534.69,1244.26,545.10,1245.58,565.14
EK_0078_P02_09_frame_0000103015_r.jpg,0,293.86,724.48,366.17,708.57,393.23,618.50,407.46,532.77,428.40,449.78,312.71,477.40,342.53,351.89,410.09,336.67,448.62,365.23,287.93,475.09,348.06,358.04,422.84,360.51,462.75,389.42,285.48,481.83,347.75,387.12,412.83,387.49,449.28,409.24,293.32,495.02,348.39,422.65,400.84,416.64,431.17,432.66
EK_0078_P02_09_frame_0000103015_r.jpg,1,1253.77,747.00,1148.06,735.86,1096.73,676.89,1065.96,614.73,1043.65,573.67,1114.25,600.51,1048.39,519.60,1031.26,545.84,1040.99,577.05,1166.08,568.53,1094.44,486.19,1075.54,523.92,1085.70,556.97,1215.21,556.21,1157.53,468.28,1139.04,506.16,1149.32,539.79,1258.55,563.63,1222.09,499.10,1200.18,518.77,1207.03,545.72
EK_0078_P02_09_frame_0000103270_l.jpg,0,511.55,791.79,584.48,772.15,608.12,687.61,620.79,605.51,629.98,523.60,527.55,569.36,546.38,449.74,607.67,430.54,641.82,455.94,499.50,573.45,548.70,463.10,616.87,464.94,651.50,491.46,493.35,585.65,544.59,498.27,602.67,496.92,633.34,518.94,498.16,600.22,542.16,530.22,592.69,525.57,621.65,545.49
EK_0078_P02_09_frame_0000103753_r.jpg,0,1465.74,1171.63,1411.56,1123.51,1391.53,1041.57,1375.76,965.34,1361.31,908.17,1478.55,976.89,1448.61,874.16,1396.48,878.03,1364.42,904.55,1503.26,987.05,1452.35,908.07,1400.48,915.97,1370.81,937.12,1506.90,1002.94,1449.15,940.06,1406.77,949.31,1381.77,969.42,1500.64,1016.49,1454.37,965.38,1415.94,966.54,1391.12,981.14
EK_0078_P02_09_frame_0000105057_l.jpg,0,878.11,938.03,935.47,897.60,961.05,848.08,976.96,813.60,991.69,787.16,888.92,799.77,914.50,762.13,943.11,758.03,962.26,764.87,863.72,814.85,903.42,787.33,940.85,785.97,969.88,797.42,852.51,834.86,897.06,818.28,936.46,812.97,966.94,821.66,848.95,853.52,890.11,845.03,924.80,841.98,954.84,845.27
EK_0078_P02_09_frame_0000106325_l.jpg,0,831.60,670.85,925.73,673.64,988.60,637.45,1046.41,611.85,1095.08,621.83,976.25,516.06,1010.84,450.36,1014.61,462.70,1014.77,483.98,923.67,497.15,957.45,455.41,966.30,482.21,967.36,510.65,874.76,498.91,904.44,493.16,912.15,521.70,907.54,551.20,834.43,510.55,858.11,512.34,869.93,534.62,870.34,560.49
EK_0078_P02_09_frame_0000123769_r.jpg,0,329.83,1111.03,407.65,1072.52,440.90,1009.79,466.66,950.53,499.96,911.99,377.77,942.21,393.92,833.83,408.23,778.79,422.56,742.08,319.37,943.04,330.66,823.36,349.62,762.34,367.51,723.90,272.63,954.67,274.43,843.08,289.87,785.44,306.53,745.30,239.66,975.41,222.18,894.05,220.78,847.91,225.48,811.47
EK_0078_P02_09_frame_0000126188_l.jpg,0,528.94,622.05,608.52,602.40,643.37,557.55,667.40,514.40,698.32,495.52,629.08,478.30,655.48,418.65,665.12,399.58,669.95,397.58,577.84,460.83,596.83,403.99,604.66,415.68,606.26,437.98,536.16,464.65,552.01,421.99,562.01,437.97,563.05,462.32,499.38,479.21,507.70,464.54,517.72,476.62,520.29,497.26
EK_0078_P02_09_frame_0000126218_l.jpg,0,380.17,750.36,461.42,723.84,497.63,664.86,519.32,608.90,538.32,573.04,457.32,590.52,450.64,519.92,459.82,533.40,464.59,557.49,413.95,585.49,426.36,545.60,439.37,568.69,442.30,593.05,377.93,595.39,398.70,572.99,408.59,590.28,408.08,613.11,350.13,609.65,375.22,597.45,384.92,614.27,384.37,635.05
EK_0078_P02_09_frame_0000126609_r.jpg,0,1412.79,469.33,1355.84,403.40,1317.44,354.31,1272.43,330.86,1238.84,316.08,1375.27,284.10,1348.77,250.63,1326.78,248.75,1305.90,254.59,1370.21,317.64,1314.28,318.34,1272.22,346.91,1245.71,382.97,1361.96,354.34,1309.04,356.66,1273.72,383.83,1253.88,409.78,1357.71,383.02,1315.56,385.02,1290.75,400.63,1278.74,415.64
EK_0078_P02_09_frame_0000126711_l.jpg,0,832.32,383.40,909.60,327.89,943.36,270.99,981.63,232.35,1013.06,217.03,835.28,175.63,828.47,101.68,852.41,98.01,877.39,114.57,788.94,191.81,821.10,156.83,848.89,178.92,864.41,199.61,761.81,224.62,790.55,194.09,814.93,205.45,830.97,227.92,750.53,257.01,770.01,229.02,794.16,234.81,810.63,253.58
EK_0078_P02_09_frame_0000126939_r.jpg,0,1509.92,1046.69,1483.57,981.30,1476.02,924.44,1462.02,881.44,1444.54,845.03,1570.87,906.01,1559.56,857.55,1544.36,831.13,1533.03,816.93,1579.40,927.18,1567.40,886.32,1546.22,866.75,1532.73,854.86,1575.56,946.76,1563.10,913.68,1548.33,895.76,1534.03,886.91,1564.86,962.98,1556.65,929.52,1545.37,914.98,1533.16,907.38
EK_0078_P02_09_frame_0000127780_l.jpg,0,763.27,1013.48,860.35,983.51,905.52,920.11,937.56,860.04,980.51,829.91,889.07,844.46,956.88,756.71,984.23,715.40,999.66,689.60,830.50,819.46,885.30,720.48,915.27,700.61,928.58,703.16,773.40,816.17,816.32,718.03,846.88,708.20,861.59,720.82,720.46,830.96,730.91,748.60,758.64,740.89,780.06,757.19
EK_0078_P02_09_frame_0000127900_l.jpg,0,410.27,519.14,499.26,496.77,537.31,464.39,560.68,431.62,580.57,402.48,509.53,378.87,513.88,327.22,517.63,327.56,518.96,341.02,467.70,375.90,479.45,349.59,489.11,367.24,492.12,382.54,432.46,386.03,450.88,377.08,461.30,394.34,463.70,409.78,401.85,399.30,423.26,396.69,431.44,410.98,432.91,427.36
EK_0086_P04_13_frame_0000000515_r.jpg,0,1177.96,754.32,1120.76,752.00,1095.82,727.28,1097.90,705.91,1108.15,696.21,1126.03,653.89,1127.02,608.37,1125.60,605.72,1127.20,615.66,1160.55,649.09,1160.05,601.48,1154.48,604.15,1152.96,616.47,1188.30,655.58,1190.60,613.61,1182.86,615.39,1179.58,625.53,1209.29,669.71,1210.83,635.53,1203.40,633.59,1199.12,641.70
EK_0086_P04_13_frame_0000000765_l.jpg,0,795.29,844.45,846.49,823.26,899.48,771.35,963.63,737.38,1014.04,714.33,819.78,671.96,858.52,601.86,911.88,579.31,955.85,572.36,806.24,666.86,851.84,593.99,910.30,577.87,961.20,575.17,799.03,667.71,842.26,592.51,899.55,576.83,947.22,579.03,797.35,674.46,839.36,605.69,882.27,588.73,918.29,587.00
EK_0086_P04_13_frame_0000001356_r.jpg,0,1148.32,658.50,1073.13,685.20,1016.95,680.41,970.55,681.39,937.81,692.22,990.32,585.83,950.06,552.51,961.40,571.98,979.97,591.49,1022.96,550.16,998.96,551.73,1009.34,575.11,1025.38,589.23,1063.23,533.65,1040.79,547.09,1049.87,566.75,1066.31,582.78,1098.88,525.25,1079.15,536.96,1085.10,553.92,1098.65,567.71
EK_0086_P04_13_frame_0000001356_r.jpg,1,815.40,794.94,876.39,766.23,919.44,721.11,958.08,681.68,989.81,649.78,851.70,658.28,899.29,602.89,939.59,593.21,969.32,596.05,837.98,661.17,892.26,617.82,933.82,608.82,969.18,608.97,833.87,671.08,882.18,643.04,917.08,636.17,948.51,637.86,837.26,682.68,870.44,660.92,899.29,657.44,925.32,662.72
EK_0086_P04_13_frame_0000001502_r.jpg,0,1585.24,623.53,1506.04,653.40,1395.14,650.01,1304.81,657.48,1233.39,677.36,1410.50,486.65,1270.51,481.36,1191.44,511.87,1135.00,535.25,1419.45,468.50,1298.02,530.46,1320.31,594.36,1361.66,604.22,1416.62,476.62,1314.30,538.24,1342.12,586.61,1375.34,588.16,1415.04,487.27,1349.05,534.32,1366.74,574.15,1397.39,590.91
EK_0086_P04_13_frame_0000001502_r.jpg,1,830.53,722.81,889.18,648.98,967.38,604.43,1047.23,588.37,1116.07,580.27,1056.93,595.18,1138.39,603.80,1182.36,618.88,1211.84,636.33,1046.41,642.94,1118.55,664.95,1146.94,691.69,1167.95,715.00,1025.96,691.52,1085.08,715.75,1108.64,736.81,1121.04,752.27,1004.86,737.98,1044.69,756.46,1060.88,768.99,1069.16,776.95
EK_0086_P04_13_frame_0000001778_l.jpg,0,1047.39,566.99,989.04,564.69,951.90,540.64,938.52,514.34,938.58,497.97,984.57,468.74,976.21,426.81,971.41,414.72,967.20,409.65,1018.31,465.49,1009.40,421.68,999.59,409.12,991.49,404.72,1042.71,472.35,1033.47,437.83,1023.51,423.25,1016.35,416.05,1060.31,483.78,1049.58,454.88,1040.87,441.72,1034.83,436.13
EK_0086_P04_13_frame_0000002480_r.jpg,0,862.86,901.13,942.09,854.31,989.64,775.51,1031.52,721.03,1057.04,682.30,844.97,730.48,843.93,614.19,894.05,582.23,938.20,577.04,812.14,736.18,822.93,615.80,880.36,590.03,926.66,594.17,802.84,744.66,821.60,643.33,869.75,617.83,909.52,617.91,808.58,751.46,825.48,677.16,861.18,654.76,893.94,651.44
EK_0086_P04_13_frame_0000002480_r.jpg,1,1296.62,752.95,1202.22,753.31,1116.44,694.34,1055.45,643.32,1031.41,608.87,1193.12,571.40,1106.55,522.58,1061.96,553.40,1040.16,589.38,1227.22,564.95,1131.62,552.60,1085.65,596.26,1071.16,636.63,1243.90,578.87,1152.23,581.76,1113.69,619.27,1101.84,655.85,1250.98,597.00,1183.84,595.74,1146.65,621.81,1130.22,654.57
EK_0086_P04_13_frame_0000002623_l.jpg,0,1339.22,700.02,1242.06,673.21,1163.65,614.86,1103.87,576.54,1082.82,549.63,1239.12,497.24,1161.98,468.64,1120.99,501.28,1097.07,537.99,1268.58,508.32,1184.66,498.58,1132.48,531.88,1103.47,572.85,1283.65,533.02,1202.73,532.10,1154.01,557.62,1127.18,590.26,1291.48,559.14,1229.30,557.78,1188.15,575.70,1161.37,602.09
EK_0086_P04_13_frame_0000002623_l.jpg,1,882.54,885.38,952.62,831.53,991.39,758.18,1036.06,703.66,1073.62,664.42,852.78,711.89,847.41,603.03,894.84,575.92,936.62,574.91,824.70,721.11,829.28,612.64,878.83,592.49,918.94,596.50,816.80,733.92,825.04,645.40,865.32,625.87,899.90,628.58,822.42,742.90,826.64,676.00,856.01,656.52,884.73,654.50
EK_0086_P04_13_frame_0000003227_r.jpg,0,832.61,839.91,908.66,789.95,945.85,714.06,983.68,661.11,1024.34,631.76,832.02,639.21,880.01,558.90,918.10,528.83,945.79,509.16,790.64,649.47,841.20,568.96,884.47,545.77,918.05,537.81,769.52,670.80,810.15,601.90,846.72,576.46,877.38,568.25,765.79,691.93,792.56,633.29,819.24,607.63,844.81,597.04
EK_0086_P04_13_frame_0000003227_r.jpg,1,1357.56,689.02,1256.01,656.34,1183.17,580.54,1128.40,526.61,1098.29,488.43,1300.43,471.87,1199.72,438.43,1135.78,468.40,1093.72,499.81,1333.16,476.79,1198.56,482.98,1132.17,540.97,1097.83,594.91,1345.32,495.93,1213.24,510.74,1157.64,560.32,1132.48,608.96,1350.05,518.44,1255.10,529.95,1205.87,562.52,1179.02,599.29
EK_0086_P04_13_frame_0000003785_l.jpg,0,789.64,984.06,858.65,941.34,888.92,875.58,911.76,825.43,937.40,785.78,803.26,807.01,847.28,744.51,890.32,737.25,919.69,738.94,771.07,813.54,820.15,749.13,865.01,747.54,897.09,759.81,755.93,829.08,800.52,774.63,840.83,770.62,871.00,781.42,755.10,846.53,787.03,806.25,818.97,796.71,846.82,798.77
EK_0086_P04_13_frame_0000003785_l.jpg,1,1083.02,560.73,1021.07,594.87,960.45,595.51,920.74,594.01,889.76,598.26,955.00,499.90,896.35,505.81,867.31,516.71,847.30,523.01,982.77,476.50,927.82,471.26,903.55,489.31,893.63,503.55,1010.67,473.19,964.09,468.18,937.19,485.30,927.39,500.85,1036.13,479.36,996.82,479.75,972.90,494.96,963.39,510.68
EK_0086_P04_13_frame_0000004175_l.jpg,0,903.40,673.44,972.13,633.18,1016.97,579.91,1058.05,551.61,1092.58,538.85,932.63,492.35,977.21,449.15,1003.44,443.78,1020.17,444.38,887.41,502.43,929.28,462.33,960.66,457.85,980.13,464.56,855.95,528.58,888.63,491.57,918.09,480.69,936.90,485.67,840.51,559.87,868.35,533.11,892.90,525.69,909.46,530.95
EK_0086_P04_13_frame_0000004175_l.jpg,1,1368.37,575.81,1294.03,537.58,1243.63,477.82,1202.76,436.24,1177.40,407.73,1321.32,392.06,1253.04,373.12,1208.99,391.04,1180.22,412.66,1341.52,408.64,1256.59,411.83,1212.57,458.83,1191.30,504.87,1348.04,432.23,1270.89,435.89,1231.18,477.88,1213.31,520.07,1352.43,451.19,1293.37,459.84,1259.14,484.39,1238.87,509.58
EK_0086_P04_13_frame_0000004776_l.jpg,0,875.81,819.31,944.14,769.75,981.41,694.42,1023.94,644.52,1060.58,608.98,862.29,629.93,904.18,549.08,943.31,522.22,972.86,508.94,821.68,643.55,865.69,564.29,907.80,544.86,940.68,544.95,800.79,667.98,837.81,601.47,871.04,578.76,897.27,574.40,797.35,692.10,825.30,637.69,851.55,618.23,873.85,613.79
EK_0086_P04_13_frame_0000004776_l.jpg,1,1364.06,702.24,1273.68,653.89,1214.08,572.35,1165.07,514.81,1127.35,477.42,1329.11,485.42,1255.97,419.26,1197.47,423.53,1152.18,438.70,1358.60,493.33,1255.24,461.86,1187.16,489.57,1145.28,526.21,1368.17,514.81,1269.09,503.45,1214.04,528.36,1182.92,559.41,1367.82,535.39,1295.24,529.31,1245.10,546.15,1213.96,571.79
EK_0086_P04_13_frame_0000004852_r.jpg,0,851.27,773.48,919.77,703.90,952.82,630.47,992.65,585.58,1030.32,557.59,837.59,569.86,872.90,502.11,907.92,488.26,932.47,487.43,801.44,592.70,840.61,540.64,880.47,530.88,911.41,534.40,784.09,624.18,816.19,582.78,851.37,568.40,880.91,569.38,783.28,652.54,808.26,615.26,836.30,600.97,860.93,602.12
EK_0086_P04_13_frame_0000004852_r.jpg,1,1427.19,601.64,1346.12,574.59,1307.95,507.35,1295.63,444.80,1286.30,403.69,1386.25,458.17,1336.38,377.43,1297.49,372.70,1273.17,382.59,1424.18,448.90,1364.45,381.06,1326.24,391.18,1308.26,410.14,1443.34,450.03,1383.07,396.97,1352.01,408.21,1340.47,426.54,1449.71,454.81,1397.90,416.35,1372.60,422.26,1364.51,440.02
EK_0086_P04_13_frame_0000005102_r.jpg,0,785.32,894.23,831.29,850.57,851.58,788.50,876.69,741.13,899.93,703.95,762.64,748.68,781.09,684.89,813.34,665.05,838.80,660.72,746.60,758.83,770.70,703.60,805.37,684.78,837.16,680.45,742.26,771.19,766.89,726.06,794.48,706.41,821.71,697.95,747.52,780.50,764.26,739.10,785.71,719.17,808.01,708.70
EK_0086_P04_13_frame_0000005102_r.jpg,1,1114.78,593.41,1040.49,604.11,984.86,574.69,946.04,548.05,914.88,538.98,988.34,480.13,951.00,428.92,944.27,413.27,944.79,415.59,1030.32,454.74,1012.29,394.20,1006.56,392.43,1005.75,410.41,1072.86,450.48,1059.59,445.47,1061.83,471.82,1065.83,493.46,1110.32,455.74,1099.26,461.68,1098.28,480.86,1101.98,500.11
EK_0086_P04_13_frame_0000005332_r.jpg,0,1403.60,589.96,1381.06,528.47,1343.12,462.32,1302.97,415.53,1279.09,383.25,1399.69,405.36,1362.26,347.96,1326.70,353.40,1299.83,372.64,1373.54,428.08,1310.35,410.73,1270.89,446.51,1252.11,486.77,1351.27,453.04,1291.35,439.95,1264.18,480.34,1254.83,519.27,1336.70,474.23,1293.42,462.63,1271.95,483.64,1265.47,506.14
EK_0086_P04_13_frame_0000005332_r.jpg,1,764.60,796.81,829.44,723.25,861.48,642.04,903.39,587.79,943.92,559.50,726.95,586.69,774.38,505.30,822.95,497.78,854.84,506.81,689.44,611.80,747.00,556.04,796.42,552.06,829.77,562.86,673.92,645.78,721.28,600.70,762.55,590.91,795.21,598.74,673.16,674.59,707.55,636.48,739.77,625.65,766.44,631.83
EK_0086_P04_13_frame_0000006829_l.jpg,0,1296.57,596.46,1196.50,597.32,1140.25,538.49,1116.10,467.53,1093.65,421.63,1186.90,444.72,1172.54,339.67,1135.73,348.91,1123.84,378.18,1232.47,431.28,1193.26,338.81,1152.07,354.61,1141.38,379.16,1260.89,433.19,1215.52,364.87,1179.68,375.16,1169.75,394.98,1276.93,439.39,1232.13,390.93,1199.09,392.69,1186.58,407.01
EK_0086_P04_13_frame_0000007521_r.jpg,0,1011.51,488.78,1079.02,456.38,1130.20,411.66,1171.11,377.05,1207.37,358.26,1080.37,341.93,1143.10,342.65,1166.00,381.22,1173.76,411.47,1054.52,353.55,1125.58,360.39,1151.94,399.00,1164.13,433.46,1041.10,372.05,1106.42,381.27,1134.46,411.30,1148.24,439.19,1033.35,389.06,1083.00,395.90,1112.68,413.14,1132.44,430.99
EK_0086_P04_13_frame_0000008860_l.jpg,0,958.44,962.90,1010.27,873.45,1040.15,817.63,1059.17,776.13,1072.87,744.10,999.75,801.01,1012.25,771.10,1029.32,763.03,1039.56,761.23,1001.44,837.96,1040.61,818.01,1065.26,832.95,1073.41,855.79,1007.51,870.97,1047.73,862.03,1069.41,873.99,1075.16,892.50,1012.81,899.27,1041.49,898.36,1056.77,905.03,1060.79,918.48
EK_0086_P04_13_frame_0000009200_l.jpg,0,1486.85,560.63,1377.86,585.96,1311.82,558.68,1283.95,521.70,1267.00,503.99,1284.96,465.67,1228.45,457.22,1219.91,469.70,1222.08,478.31,1330.20,425.81,1295.35,439.68,1296.19,472.77,1307.85,497.71,1383.79,411.16,1357.79,437.64,1363.30,470.61,1378.75,493.17,1425.48,406.02,1403.41,431.82,1405.24,458.66,1418.95,479.33
EK_0086_P04_13_frame_0000009200_l.jpg,1,942.49,969.33,998.12,874.91,1032.15,815.90,1052.19,774.94,1070.30,745.51,1005.17,794.39,1030.76,768.62,1053.96,765.53,1064.50,769.89,1001.28,829.91,1048.76,810.31,1073.15,828.36,1078.65,852.96,1000.89,864.72,1045.85,859.00,1066.11,874.77,1069.41,893.08,999.47,896.90,1031.29,901.20,1047.48,909.42,1051.19,922.30
EK_0086_P04_13_frame_0000010091_l.jpg,0,959.38,853.72,1044.33,930.51,1128.96,946.33,1204.25,918.11,1251.75,856.07,1007.63,753.31,1026.06,649.84,1087.73,594.64,1159.01,543.16,975.83,653.79,961.01,509.22,1009.78,434.52,1066.76,367.74,977.97,583.70,965.05,446.77,1010.65,371.85,1058.91,310.80,1002.80,542.34,1012.67,419.97,1040.00,358.05,1077.39,312.56
EK_0086_P04_13_frame_0000010199_l.jpg,0,915.74,934.69,994.77,1009.73,1078.55,1026.24,1164.90,1011.83,1237.22,972.20,1001.63,846.46,1056.07,754.05,1132.72,706.19,1211.27,668.31,970.35,756.16,1009.91,611.84,1076.76,535.81,1137.92,479.13,965.05,703.55,1000.13,576.81,1058.73,506.76,1110.08,449.95,974.55,683.58,1005.94,573.04,1041.80,511.91,1080.34,465.92
EK_0086_P04_13_frame_0000013284_l.jpg,0,1413.98,404.22,1321.83,404.63,1266.14,360.18,1235.49,318.08,1210.74,297.47,1298.41,258.51,1246.61,244.96,1231.30,273.66,1232.08,296.08,1344.28,244.98,1285.92,231.00,1265.40,262.54,1264.35,287.70,1380.63,253.48,1328.04,238.81,1304.61,260.81,1303.17,282.70,1408.47,270.04,1366.59,259.22,1342.28,272.92,1335.96,290.38
EK_0086_P04_13_frame_0000013284_l.jpg,1,801.33,886.13,875.33,805.88,913.28,755.53,940.38,725.03,963.03,696.72,867.28,733.61,884.67,705.22,902.63,695.12,911.36,691.15,864.96,761.72,902.66,742.78,929.64,746.93,946.42,754.92,868.94,792.97,912.82,790.88,936.67,801.42,949.20,813.57,876.05,819.64,905.71,827.80,921.64,835.17,930.95,843.64
EK_0086_P04_13_frame_0000013607_r.jpg,0,840.92,879.76,914.16,796.62,953.65,748.39,978.49,718.94,1001.79,694.21,911.40,728.59,923.91,704.93,939.75,700.84,948.38,701.35,902.66,762.41,941.80,748.59,969.22,765.23,983.41,786.59,900.45,794.79,939.37,790.83,965.11,804.64,979.90,822.26,898.75,822.83,928.60,827.34,947.66,836.20,960.30,848.83
EK_0086_P04_13_frame_0000015393_l.jpg,0,1339.57,1034.24,1245.59,1079.83,1166.44,1068.68,1114.12,1035.81,1083.36,1007.53,1135.56,1017.42,1022.74,1004.19,969.29,992.25,928.79,978.81,1147.44,956.90,1024.55,953.26,966.10,949.77,921.63,941.84,1165.61,913.50,1050.03,901.27,987.52,901.98,943.00,903.04,1187.31,889.05,1104.97,893.17,1066.31,909.61,1043.54,922.38
EK_0086_P04_13_frame_0000015989_l.jpg,0,790.01,847.10,779.23,779.67,786.97,729.40,821.78,704.82,858.21,712.89,845.29,735.75,881.01,707.77,856.56,716.87,836.79,732.62,862.02,761.23,893.57,736.41,858.60,750.14,838.03,767.97,874.22,788.18,901.47,764.96,866.75,776.25,846.78,792.03,883.99,820.08,901.39,796.26,873.79,798.23,856.00,808.34
EK_0086_P04_13_frame_0000017989_l.jpg,0,1379.71,813.54,1304.85,748.40,1254.89,679.18,1200.91,634.02,1156.38,590.44,1381.72,597.80,1404.07,518.40,1402.90,467.33,1395.43,435.80,1402.35,614.87,1427.45,534.01,1412.80,495.68,1395.61,469.92,1411.21,633.84,1429.17,566.15,1420.52,531.21,1408.34,513.01,1406.17,650.69,1420.06,600.79,1415.41,567.95,1414.80,543.79
EK_0086_P04_13_frame_0000017989_l.jpg,1,926.75,714.33,1031.25,691.38,1091.82,640.87,1114.79,592.60,1101.85,560.24,1002.18,520.51,1023.73,425.95,1057.10,412.84,1067.20,430.16,950.19,517.99,980.69,411.81,1019.51,404.99,1039.55,420.61,914.73,527.26,937.40,431.49,972.92,413.89,995.62,426.22,894.02,545.69,906.09,465.00,932.53,436.81,955.99,434.06
EK_0086_P04_13_frame_0000018169_r.jpg,0,1009.25,663.55,1094.89,644.97,1158.90,598.18,1190.57,567.28,1202.81,546.03,1048.12,485.64,1080.19,405.81,1117.54,396.76,1135.49,412.18,1012.21,485.48,1053.85,402.92,1097.86,405.28,1118.47,432.68,994.67,492.87,1027.00,418.24,1065.38,419.59,1085.39,440.15,990.18,503.02,1009.89,442.59,1038.35,435.43,1057.80,446.20
EK_0086_P04_13_frame_0000018169_r.jpg,1,1492.94,818.11,1401.06,770.33,1352.64,689.16,1301.10,633.36,1263.73,592.49,1491.83,607.51,1481.37,486.69,1455.36,425.10,1438.58,385.61,1540.83,612.92,1546.76,488.11,1499.34,450.27,1463.70,441.85,1564.80,625.71,1579.42,519.14,1532.34,487.44,1496.65,482.14,1564.65,637.53,1584.65,557.14,1555.88,519.86,1531.81,509.26
EK_0091_P06_03_frame_0000000470_r.jpg,0,571.26,889.55,613.22,797.53,676.61,738.24,734.83,708.35,774.53,695.96,658.73,688.98,705.70,655.35,724.76,676.26,726.33,704.61,679.16,733.31,736.23,697.74,751.34,722.16,750.60,750.68,695.08,775.18,740.31,750.55,754.30,763.65,755.68,785.58,709.78,814.06,743.57,791.27,754.60,798.06,756.42,812.99
EK_0091_P06_03_frame_0000000877_l.jpg,0,868.60,577.18,856.05,492.83,864.09,411.49,899.74,360.79,933.50,333.84,841.82,383.39,877.59,326.39,917.41,314.07,950.36,314.13,875.53,409.86,895.98,363.98,916.83,359.10,933.60,363.46,906.55,441.06,920.09,401.62,928.68,396.18,937.73,401.68,938.44,472.89,941.37,437.77,937.87,435.78,936.28,444.10
EK_0091_P06_03_frame_0000001041_l.jpg,0,649.71,957.29,695.15,911.11,701.92,854.44,696.40,816.58,694.84,795.07,647.38,822.77,651.34,772.24,663.89,764.85,674.66,765.64,624.48,839.64,644.18,805.84,662.91,803.53,677.76,807.31,614.61,860.09,635.79,831.61,654.55,827.49,667.41,830.73,611.99,877.80,629.14,850.28,645.88,845.54,659.80,849.64
EK_0091_P06_03_frame_0000003388_l.jpg,0,375.99,983.07,481.67,938.57,542.76,851.85,585.14,781.80,619.70,729.50,415.02,759.30,454.13,668.24,479.66,628.79,496.97,601.65,368.23,759.49,427.26,692.41,469.43,675.62,502.41,669.90,345.94,774.00,406.69,719.52,449.52,707.46,481.61,705.65,341.94,791.14,391.41,747.20,430.85,737.28,458.86,739.98
EK_0091_P06_03_frame_0000003724_r.jpg,0,714.64,557.70,763.82,537.99,828.91,509.70,898.72,513.08,962.05,519.33,849.45,385.37,884.90,305.09,912.76,243.08,929.28,197.06,862.52,411.99,929.48,397.21,978.64,421.84,1014.88,449.95,869.92,444.98,928.85,440.86,964.72,467.79,996.38,491.93,875.16,479.19,926.04,479.35,953.59,496.64,976.70,513.68
EK_0091_P06_03_frame_0000003724_r.jpg,1,1335.49,647.55,1242.08,586.49,1155.20,528.04,1087.77,498.30,1022.32,469.35,1228.93,438.52,1208.80,379.05,1199.27,346.07,1187.54,321.77,1241.25,472.09,1215.01,446.40,1194.08,436.80,1179.37,427.83,1248.49,514.61,1215.86,498.27,1188.96,487.83,1167.76,484.93,1252.86,553.91,1225.85,542.67,1205.32,536.59,1188.47,534.96
EK_0091_P06_03_frame_0000004099_r.jpg,0,1632.19,371.88,1574.18,323.55,1555.34,257.31,1543.97,205.43,1523.42,167.46,1667.27,202.90,1686.93,134.13,1668.22,100.51,1647.68,88.70,1690.63,223.14,1682.97,154.78,1651.59,127.46,1625.57,120.35,1693.03,241.36,1673.81,186.49,1643.91,162.57,1618.30,156.11,1689.05,252.76,1670.47,209.07,1647.57,190.99,1626.36,185.96
EK_0091_P06_03_frame_0000004283_r.jpg,0,1356.48,471.72,1279.48,475.24,1216.73,435.89,1174.11,396.76,1134.71,385.32,1258.46,332.62,1194.42,289.42,1169.65,281.57,1152.14,277.10,1292.53,317.80,1224.62,271.14,1192.25,275.16,1173.62,285.63,1314.07,320.62,1257.58,285.70,1228.57,294.08,1210.19,306.07,1324.56,328.20,1281.00,302.63,1255.84,306.30,1239.41,317.00
EK_0091_P06_03_frame_0000004445_l.jpg,0,519.23,899.83,585.88,867.41,614.58,811.11,632.30,772.73,650.17,744.37,553.57,762.23,589.65,724.57,619.86,723.07,639.64,729.85,529.33,772.38,571.55,748.32,606.06,748.99,632.40,756.89,515.81,790.56,556.62,772.81,589.25,770.97,615.26,777.71,511.94,808.87,548.40,794.24,575.44,794.77,597.27,802.24
EK_0091_P06_03_frame_0000004445_l.jpg,1,1489.81,499.39,1433.97,460.71,1418.90,396.48,1425.56,347.00,1429.77,315.03,1485.84,362.46,1518.06,314.16,1531.05,283.13,1537.40,264.53,1518.42,371.61,1546.61,314.66,1552.41,284.56,1553.42,265.34,1543.87,385.84,1573.44,333.50,1580.32,306.18,1581.57,288.86,1561.41,403.41,1586.46,363.86,1595.87,341.27,1600.22,326.14
EK_0091_P06_03_frame_0000005436_l.jpg,0,1328.80,683.71,1226.54,642.70,1172.07,539.64,1131.28,446.20,1093.12,374.62,1299.87,408.07,1173.69,329.52,1086.29,340.09,1024.65,363.18,1313.47,413.37,1152.06,384.51,1073.58,448.17,1032.90,512.24,1306.53,425.95,1158.28,408.03,1092.01,473.58,1058.63,533.77,1297.52,435.96,1188.78,446.24,1138.82,492.13,1110.25,535.20
EK_0091_P06_03_frame_0000005436_l.jpg,1,301.56,826.35,433.90,795.77,529.67,715.54,608.54,649.49,667.97,604.96,420.12,604.97,499.84,475.79,536.52,406.91,561.02,349.88,345.51,574.91,445.86,450.75,509.37,400.91,553.79,371.93,295.93,565.47,407.27,480.89,459.08,474.39,491.39,482.48,269.97,567.53,365.66,519.85,404.62,527.27,429.12,544.41
EK_0091_P06_03_frame_0000005928_l.jpg,0,1598.41,589.03,1377.44,696.46,1185.61,635.13,1056.42,521.46,997.08,434.99,1169.84,358.44,1015.89,363.08,1064.05,453.70,1131.10,477.08,1240.47,275.99,1091.62,321.84,1121.28,404.54,1179.94,425.56,1309.50,245.70,1167.46,284.07,1181.73,355.15,1239.66,385.50,1361.84,237.67,1242.99,263.22,1254.99,318.55,1306.03,345.72
EK_0091_P06_03_frame_0000005928_l.jpg,1,586.73,726.75,641.34,726.08,661.15,693.29,684.40,653.84,703.99,604.51,533.76,605.86,493.29,523.78,517.71,458.69,552.57,413.39,516.78,583.91,475.57,483.30,514.38,422.37,564.45,390.61,519.71,567.70,488.26,481.87,521.88,427.59,562.20,395.71,526.22,550.65,508.10,481.75,523.19,440.52,547.49,411.98
EK_0091_P06_03_frame_0000006524_l.jpg,0,601.90,408.32,665.21,319.95,669.82,248.32,683.95,204.04,693.60,169.68,521.16,222.24,469.39,165.87,466.27,131.60,476.60,115.76,499.02,255.99,467.19,193.80,480.28,162.96,494.24,147.13,492.19,286.36,475.50,234.36,491.58,209.35,509.12,201.82,496.45,308.42,487.42,264.45,504.69,247.45,523.94,243.98
EK_0091_P06_03_frame_0000007689_r.jpg,0,1534.65,689.83,1441.43,637.58,1384.77,557.09,1338.76,501.76,1300.17,466.39,1516.88,460.73,1439.43,405.67,1388.00,425.60,1353.50,453.27,1558.60,467.31,1460.58,435.08,1402.11,459.46,1366.33,495.50,1575.32,490.44,1481.52,466.76,1429.72,484.12,1395.27,517.92,1579.57,512.97,1514.35,495.90,1471.67,505.45,1439.02,529.73
EK_0091_P06_03_frame_0000007689_r.jpg,1,1075.94,721.89,1154.78,709.11,1219.74,661.58,1274.11,638.86,1322.16,624.05,1150.62,546.00,1209.50,494.68,1245.43,473.36,1270.25,463.17,1123.00,550.84,1202.37,553.17,1242.02,591.44,1265.83,628.21,1107.70,570.75,1178.27,572.22,1219.79,601.08,1244.27,629.11,1101.92,591.84,1158.00,584.89,1190.76,604.53,1210.26,624.81
EK_0091_P06_03_frame_0000007864_l.jpg,0,868.84,356.96,979.94,335.32,1039.76,257.36,1074.08,185.69,1108.44,141.48,963.63,140.08,1060.54,88.58,1116.59,83.52,1154.65,84.12,927.58,114.00,1038.39,57.61,1096.37,63.40,1135.36,71.53,910.82,110.01,1017.06,59.99,1072.83,61.18,1109.77,64.26,909.65,122.26,1000.03,85.72,1050.38,81.85,1083.77,83.15
EK_0091_P06_03_frame_0000007864_l.jpg,1,1562.19,402.51,1422.79,375.88,1363.72,282.98,1339.97,194.98,1302.84,155.97,1430.39,154.80,1334.89,100.11,1300.47,137.14,1296.27,168.43,1496.22,134.67,1399.13,97.63,1371.69,141.25,1373.51,176.22,1545.41,144.03,1458.46,118.58,1437.37,153.74,1444.53,190.18,1575.92,162.95,1505.87,140.42,1489.10,165.53,1495.01,195.24
EK_0091_P06_03_frame_0000008709_r.jpg,0,1473.19,437.72,1344.75,364.34,1268.14,271.86,1209.17,199.12,1175.64,129.26,1449.97,118.20,1409.15,7.09,1367.35,-37.34,1337.03,-57.15,1504.52,137.55,1437.05,49.30,1370.98,57.24,1333.59,74.73,1533.89,162.43,1464.13,87.07,1398.04,103.10,1354.97,136.37,1546.05,176.71,1489.73,125.82,1433.01,130.74,1392.33,152.96
EK_0091_P06_03_frame_0000009479_r.jpg,0,767.38,445.46,875.47,400.15,933.40,319.09,996.91,263.44,1058.73,221.26,801.12,192.22,832.25,79.53,872.60,54.13,896.87,58.60,761.13,200.66,812.35,108.00,859.38,93.63,891.83,96.19,740.53,222.28,792.83,149.01,836.90,141.17,864.34,151.36,730.96,240.93,775.31,182.81,814.60,179.02,841.11,191.18
EK_0091_P06_03_frame_0000009479_r.jpg,1,1460.89,600.84,1365.48,538.70,1327.59,440.45,1300.48,363.50,1285.10,310.98,1464.01,356.15,1396.78,284.08,1333.92,283.21,1289.83,300.19,1494.52,372.17,1420.72,297.23,1352.05,302.28,1305.43,322.17,1501.22,391.33,1433.38,327.53,1371.81,328.45,1330.91,344.71,1500.07,404.24,1440.56,365.67,1393.20,360.61,1358.65,365.17
EK_0091_P06_03_frame_0000009761_r.jpg,0,1406.86,212.43,1307.36,240.69,1228.13,208.42,1171.75,178.43,1131.52,176.39,1231.68,72.15,1177.17,38.98,1162.27,65.59,1168.45,100.44,1282.15,37.44,1235.65,41.92,1226.42,76.70,1233.57,104.67,1332.55,31.42,1286.48,34.42,1274.63,61.00,1280.75,90.33,1375.54,37.57,1336.66,42.19,1325.23,62.53,1328.83,87.50
EK_0091_P06_03_frame_0000009761_r.jpg,1,467.33,908.06,529.79,874.58,553.01,819.83,567.29,780.85,582.94,748.39,490.57,779.84,520.75,735.91,548.73,730.97,567.44,735.42,468.90,790.02,507.43,758.65,540.88,756.04,566.73,762.88,459.36,806.44,497.93,784.63,529.43,780.08,554.40,784.15,458.73,822.89,490.71,803.94,516.70,801.71,538.12,807.73
EK_0091_P06_03_frame_0000009985_r.jpg,0,1284.51,894.92,1231.63,868.10,1215.54,822.17,1213.24,790.61,1206.06,775.17,1264.38,771.15,1269.14,728.06,1257.29,723.34,1248.81,731.37,1297.25,780.41,1296.27,740.65,1279.37,737.24,1267.97,746.79,1319.04,797.14,1319.59,759.76,1305.16,753.04,1294.13,759.37,1330.26,815.84,1322.61,791.16,1309.53,783.78,1299.15,787.67
EK_0091_P06_03_frame_0000010415_r.jpg,0,1522.82,968.01,1407.70,977.24,1319.54,910.40,1261.80,851.69,1206.41,819.13,1384.77,791.70,1323.05,682.90,1282.88,645.18,1252.93,628.92,1445.95,761.72,1382.96,640.38,1335.24,620.11,1303.50,623.80,1485.77,753.84,1435.75,643.96,1388.12,622.56,1355.90,622.56,1507.30,755.35,1463.93,669.76,1424.88,644.64,1396.18,638.61
EK_0091_P06_03_frame_0000011953_r.jpg,0,1275.54,593.57,1253.87,530.74,1250.86,477.44,1244.91,443.29,1239.38,419.09,1310.40,464.29,1273.11,429.72,1239.36,428.72,1221.38,436.49,1298.10,489.55,1260.66,465.28,1223.83,456.75,1197.55,458.83,1284.43,516.08,1249.58,494.28,1214.92,484.50,1190.09,476.89,1271.04,538.05,1239.76,520.60,1212.50,514.87,1191.65,507.74
EK_0091_P06_03_frame_0000014643_r.jpg,0,1126.48,208.93,1059.83,189.59,1031.78,153.71,1020.50,125.20,1015.88,110.95,1080.91,64.42,1098.82,39.01,1105.51,50.02,1105.50,64.85,1122.54,60.98,1134.19,57.04,1134.17,75.18,1131.31,92.74,1159.70,75.41,1160.90,79.42,1156.95,95.61,1152.70,110.40,1192.92,96.97,1191.27,99.74,1183.72,113.17,1177.16,128.80
EK_0091_P06_03_frame_0000014688_r.jpg,0,1311.99,494.55,1290.78,425.11,1309.74,366.47,1326.56,321.86,1342.84,283.91,1402.40,373.97,1441.35,328.85,1424.24,305.19,1399.92,305.43,1416.16,399.11,1457.06,348.54,1435.48,325.06,1414.39,319.83,1416.64,419.02,1449.45,377.22,1436.49,350.30,1417.09,341.44,1411.08,432.70,1438.99,398.04,1434.38,371.57,1422.59,361.33
EK_0091_P06_03_frame_0000014986_r.jpg,0,1046.75,850.78,1071.69,836.19,1070.67,793.02,1070.18,751.09,1065.69,705.86,1021.27,676.83,1048.48,602.34,1077.80,558.18,1102.46,523.38,1020.51,663.82,1047.52,585.16,1080.22,539.26,1111.21,502.31,1029.15,659.75,1051.79,585.18,1078.83,542.29,1105.70,508.85,1045.02,660.59,1060.05,599.91,1076.33,561.70,1096.10,530.54
EK_0091_P06_03_frame_0000015783_l.jpg,0,997.23,729.32,890.85,740.27,800.56,694.84,739.01,627.04,686.97,592.15,783.17,631.05,705.48,507.86,670.64,440.27,647.50,390.10,831.82,589.59,736.84,458.43,683.99,381.72,649.18,326.00,890.61,557.62,790.80,440.28,737.25,372.20,696.14,321.18,956.60,534.05,884.64,448.84,836.92,405.22,795.01,370.16
EK_0091_P06_03_frame_0000015783_l.jpg,1,508.28,657.74,496.09,614.60,491.90,543.70,523.87,473.77,551.64,423.93,419.66,459.27,511.66,416.39,520.28,467.05,500.60,497.72,446.69,453.53,533.39,417.01,529.99,470.47,502.46,498.47,476.02,456.69,546.83,426.92,545.01,477.84,519.24,501.80,504.52,468.85,550.12,441.29,552.21,476.16,531.58,494.75
EK_0091_P06_03_frame_0000015985_r.jpg,0,555.62,623.54,616.57,553.81,659.46,468.12,716.05,395.19,760.56,339.63,504.69,362.33,639.93,330.34,663.24,391.02,640.70,427.72,492.75,372.34,635.66,345.62,655.43,404.12,633.99,443.07,499.94,390.26,630.15,368.64,646.37,422.22,627.27,456.06,513.99,407.81,613.53,382.68,624.22,423.01,607.03,447.27
EK_0091_P06_03_frame_0000015985_r.jpg,1,1244.24,467.51,1168.74,481.55,1120.97,453.40,1107.58,408.87,1110.57,382.22,1126.41,354.88,1097.12,334.59,1098.87,362.01,1111.23,382.82,1171.74,336.88,1135.90,311.09,1128.54,335.29,1136.48,357.52,1210.32,338.69,1179.72,316.55,1168.92,335.26,1174.27,354.04,1241.55,351.80,1211.86,340.40,1200.61,353.35,1203.04,368.39
EK_0091_P06_03_frame_0000016187_r.jpg,0,597.86,622.76,628.38,554.35,655.36,463.31,706.89,380.32,744.34,315.50,499.78,369.79,629.32,321.52,655.04,376.07,634.76,413.15,515.35,372.81,642.60,330.02,662.17,383.60,641.91,422.46,543.77,385.31,657.44,349.99,672.71,400.10,652.74,432.19,574.43,401.22,662.95,370.52,670.50,408.96,650.17,432.83
EK_0091_P06_03_frame_0000016187_r.jpg,1,1314.36,500.72,1230.41,523.98,1178.14,503.98,1160.99,464.24,1170.19,434.61,1176.45,408.71,1154.56,394.38,1166.54,421.82,1183.34,438.03,1217.15,377.44,1182.31,355.07,1186.83,380.58,1203.76,399.92,1259.35,367.10,1229.81,344.88,1228.92,366.16,1241.33,385.85,1295.41,370.50,1277.55,368.13,1275.49,388.14,1283.06,405.66
EK_0091_P06_03_frame_0000016405_l.jpg,0,526.58,632.99,549.58,566.87,567.21,473.95,616.27,381.66,657.99,311.19,389.34,375.05,538.92,316.95,564.56,376.23,537.17,408.93,404.77,374.39,553.99,320.85,571.72,378.75,545.65,413.82,435.76,384.26,565.33,333.94,579.78,388.40,555.84,421.94,473.29,397.40,568.95,352.90,578.30,392.58,556.53,419.53
EK_0091_P06_03_frame_0000017156_r.jpg,0,568.60,695.89,583.11,640.25,593.95,549.88,637.07,458.32,671.16,392.46,433.89,462.37,568.92,394.55,602.06,450.23,585.95,482.82,458.42,456.18,590.33,396.94,614.37,451.19,599.11,480.71,494.40,459.94,608.68,406.14,628.83,451.04,614.52,478.43,531.50,469.87,611.89,430.02,629.86,461.31,619.70,482.67
EK_0091_P06_03_frame_0000017156_r.jpg,1,1252.38,430.75,1175.88,421.44,1132.54,378.68,1118.38,332.68,1117.37,305.60,1168.70,285.05,1154.21,217.38,1140.65,198.52,1139.25,209.90,1223.00,275.30,1213.07,209.26,1193.71,208.29,1183.28,228.20,1267.20,283.83,1261.72,223.79,1240.16,225.12,1229.27,245.76,1299.00,304.16,1285.83,276.65,1267.34,280.80,1257.93,298.56
EK_0091_P06_03_frame_0000019030_l.jpg,0,654.30,425.52,754.24,449.85,831.84,400.20,867.39,342.38,868.55,302.23,866.43,316.92,924.64,261.67,921.56,266.69,907.90,281.93,828.02,261.01,905.16,197.65,900.64,216.39,882.45,239.74,778.80,229.76,860.02,175.46,866.34,197.59,850.14,219.16,723.45,221.16,780.18,196.16,788.52,225.12,777.31,254.48
EK_0091_P06_03_frame_0000019030_l.jpg,1,1339.78,430.98,1263.98,442.27,1206.95,424.06,1180.49,402.66,1163.70,387.48,1226.27,320.39,1204.86,304.97,1197.82,321.57,1197.40,335.19,1265.25,309.61,1240.66,298.87,1228.70,311.80,1226.44,325.48,1295.06,314.15,1273.04,303.92,1256.54,311.29,1250.80,321.09,1319.01,324.96,1296.39,312.10,1282.37,315.93,1276.94,322.30
EK_0091_P06_03_frame_0000019340_l.jpg,0,589.51,460.59,682.52,488.96,740.92,481.07,771.11,463.62,775.08,456.38,738.75,329.19,763.87,288.59,759.52,309.75,748.02,339.32,687.12,303.33,710.02,302.79,703.31,335.29,694.83,358.64,638.37,300.97,661.76,308.38,658.59,335.36,646.06,358.79,594.92,305.22,614.86,314.05,614.14,337.32,607.05,357.90
EK_0091_P06_03_frame_0000019340_l.jpg,1,1304.23,414.92,1223.36,404.82,1175.43,371.77,1170.98,345.97,1185.07,337.63,1203.53,278.16,1157.24,272.66,1135.32,290.62,1127.36,300.64,1240.85,281.55,1197.53,283.46,1180.39,305.00,1180.78,321.80,1265.55,300.68,1225.16,304.10,1205.95,326.30,1203.04,341.12,1278.56,317.68,1243.28,323.77,1227.75,341.57,1225.10,357.99
EK_0091_P06_03_frame_0000019450_l.jpg,0,625.87,452.37,713.92,482.28,774.17,480.50,814.67,468.61,832.57,462.34,773.09,331.42,812.17,291.91,809.11,312.34,794.91,341.54,725.86,302.62,757.60,296.89,752.30,327.31,744.24,351.43,680.95,298.75,707.87,306.20,707.50,331.24,695.04,354.25,640.25,303.31,661.03,311.00,664.55,332.27,658.69,352.76
EK_0091_P06_03_frame_0000019450_l.jpg,1,1335.01,406.49,1258.06,407.03,1212.32,369.71,1212.12,339.30,1225.55,329.41,1238.83,276.60,1191.74,271.05,1174.73,292.84,1173.34,303.89,1274.29,275.03,1233.01,278.05,1219.70,300.86,1225.47,317.01,1299.61,289.86,1260.07,295.51,1246.37,316.76,1248.14,331.01,1312.40,305.71,1276.57,313.57,1265.08,329.81,1266.96,345.82
EK_0091_P06_03_frame_0000020324_l.jpg,0,446.22,695.94,477.55,638.67,495.28,554.07,531.14,469.56,563.17,406.52,381.17,445.65,489.17,371.77,513.76,430.51,496.61,474.51,405.52,447.18,513.34,384.28,527.22,443.52,504.93,482.50,436.15,457.20,528.66,413.21,537.49,466.27,516.07,499.82,462.08,474.54,531.26,438.55,537.85,477.64,520.78,503.64
EK_0091_P06_03_frame_0000020324_l.jpg,1,1291.08,472.11,1209.52,479.79,1157.60,453.80,1145.59,421.42,1158.69,401.11,1166.15,348.04,1155.02,353.29,1162.22,378.98,1170.79,395.71,1208.54,330.02,1194.47,333.59,1195.10,357.64,1203.34,376.34,1248.73,335.43,1236.47,334.78,1228.40,352.79,1234.48,372.08,1281.94,351.78,1268.69,355.13,1259.50,374.38,1260.53,392.85
EK_0091_P06_03_frame_0000021078_r.jpg,0,948.71,685.34,944.70,603.56,929.21,532.18,921.26,479.58,916.58,449.77,863.78,519.23,894.38,453.02,931.93,466.60,947.18,494.00,884.29,533.59,923.80,480.97,958.79,501.98,968.46,530.56,913.00,551.14,950.81,512.96,976.36,531.47,979.81,555.07,938.53,570.65,967.55,545.04,983.79,556.12,985.77,575.07
EK_0091_P06_03_frame_0000022089_l.jpg,0,526.14,698.98,612.93,658.12,671.40,583.51,718.11,515.76,761.22,466.89,561.24,465.65,663.37,432.92,694.59,481.75,688.42,515.13,527.77,467.76,638.09,451.22,666.85,498.37,664.66,537.19,514.60,488.01,616.60,473.14,643.89,511.43,646.37,545.67,512.20,507.40,588.56,489.03,610.38,515.85,616.26,538.52
EK_0091_P06_03_frame_0000022089_l.jpg,1,1231.92,536.53,1149.04,515.42,1112.33,469.07,1109.07,440.77,1110.07,430.78,1161.44,395.31,1129.02,381.63,1117.17,409.03,1122.14,428.41,1192.32,402.88,1155.00,393.78,1137.13,417.68,1138.00,439.40,1211.93,423.19,1177.58,416.24,1157.97,434.10,1158.10,452.61,1225.45,442.31,1200.14,435.89,1186.46,447.36,1184.78,462.04
EK_0091_P06_03_frame_0000022119_r.jpg,0,561.01,694.00,649.86,660.98,711.42,590.32,760.29,524.68,803.81,475.16,611.32,467.90,714.70,440.00,734.92,491.31,721.01,522.60,575.73,466.71,684.52,455.30,705.26,501.67,697.06,536.28,559.07,485.57,661.67,473.48,681.38,511.48,675.94,543.77,553.43,503.83,630.25,487.81,643.96,516.88,640.81,541.17
EK_0091_P06_03_frame_0000022119_r.jpg,1,1272.54,558.51,1266.08,497.63,1236.23,450.52,1207.49,434.26,1186.23,441.60,1215.90,412.98,1180.78,408.13,1184.28,427.80,1199.51,441.39,1190.07,437.14,1158.04,444.80,1171.09,464.05,1191.96,473.35,1174.17,469.35,1152.61,474.77,1169.57,488.55,1189.07,494.26,1164.63,500.14,1154.90,504.71,1170.54,516.36,1186.53,522.53
EK_0091_P06_03_frame_0000022394_l.jpg,0,894.19,834.02,913.43,774.43,919.83,698.76,929.67,642.85,930.29,602.55,840.53,663.33,896.28,612.54,933.98,632.10,955.17,659.19,853.37,678.56,918.89,638.62,963.55,659.67,990.33,686.01,870.56,696.55,927.38,666.13,966.95,680.55,988.82,701.74,883.74,708.35,921.51,690.28,943.81,706.55,959.01,723.78
EK_0091_P06_03_frame_0000022394_l.jpg,1,1212.68,519.78,1122.32,505.45,1082.56,445.59,1085.90,398.86,1103.12,372.93,1103.13,353.80,1086.30,329.17,1080.55,351.40,1085.45,373.40,1152.66,346.59,1128.49,313.38,1118.79,329.39,1118.65,349.68,1190.56,355.77,1172.60,319.11,1154.65,332.55,1154.07,349.69,1223.20,370.26,1198.71,351.03,1180.00,365.90,1174.71,380.67
EK_0091_P06_03_frame_0000023783_l.jpg,0,979.31,829.38,958.96,771.38,946.43,708.36,946.50,656.41,942.86,619.28,888.61,692.91,909.60,629.06,938.35,641.02,952.41,664.94,918.85,697.16,948.04,645.60,972.17,669.52,977.73,695.79,949.81,703.62,975.29,665.41,988.17,689.92,985.71,712.89,974.96,710.91,992.00,685.41,997.76,703.63,993.91,723.42
EK_0091_P06_03_frame_0000025318_r.jpg,0,922.83,773.48,999.43,755.07,1052.76,682.19,1090.38,618.90,1131.01,589.26,979.30,595.39,1049.78,540.26,1095.93,542.18,1123.74,555.18,951.03,584.73,1024.08,534.43,1070.42,541.06,1101.08,555.67,938.61,586.28,1007.28,541.80,1052.00,546.37,1083.21,557.97,940.07,593.71,995.63,555.03,1035.02,553.06,1065.10,559.03
EK_0091_P06_03_frame_0000025318_r.jpg,1,1211.75,804.47,1149.48,780.19,1113.64,737.91,1101.12,698.16,1096.91,672.40,1159.26,644.74,1147.34,638.88,1142.97,660.23,1144.92,683.14,1201.90,642.19,1197.68,632.77,1192.56,653.39,1192.99,675.86,1240.48,656.63,1247.00,636.20,1241.92,651.24,1238.44,672.83,1271.51,681.86,1283.40,665.55,1276.00,677.30,1267.23,694.00
EK_0091_P06_03_frame_0000025361_l.jpg,0,1225.94,404.95,1159.91,435.11,1121.78,437.35,1096.89,444.74,1080.22,453.25,1101.22,321.85,1077.85,284.60,1075.65,293.52,1085.14,312.56,1143.12,299.70,1126.13,261.56,1124.71,274.49,1129.25,292.09,1186.38,296.24,1172.90,262.03,1167.41,268.14,1168.26,284.90,1219.96,306.21,1207.70,297.48,1203.25,309.74,1203.62,324.95
EK_0091_P06_03_frame_0000025361_l.jpg,1,464.40,715.17,452.55,635.45,422.15,584.61,410.23,558.85,410.98,556.04,325.64,638.84,353.54,579.05,395.10,560.31,426.52,560.11,330.77,664.95,375.43,602.84,423.87,585.35,458.73,584.28,351.64,681.54,395.83,626.11,438.40,601.61,471.69,594.25,374.03,691.51,407.75,642.01,437.57,620.16,465.48,611.83
EK_0091_P06_03_frame_0000025612_r.jpg,0,1206.06,508.05,1127.63,493.13,1076.12,448.53,1046.73,399.43,1023.50,369.88,1135.80,349.06,1134.24,278.80,1123.64,285.02,1118.30,308.52,1185.40,342.39,1190.74,266.88,1175.73,269.11,1167.49,285.65,1226.81,349.93,1233.10,280.97,1217.74,280.57,1208.34,293.74,1261.31,367.97,1269.60,317.69,1256.72,314.40,1247.55,324.84
EK_0091_P06_03_frame_0000025612_r.jpg,1,912.11,734.54,914.96,664.63,916.66,598.38,921.44,545.54,919.53,503.34,870.22,569.66,900.20,518.05,930.93,528.13,946.92,551.11,896.79,586.41,932.74,543.46,962.16,564.65,971.70,592.82,924.37,605.39,956.91,572.38,977.94,590.34,980.03,613.39,946.27,624.83,974.12,603.50,986.03,615.25,986.23,633.65
EK_0091_P06_03_frame_0000026007_l.jpg,0,894.12,812.66,928.53,748.65,929.88,678.80,928.18,626.63,925.18,589.53,844.53,649.92,866.90,590.48,880.18,561.20,886.67,538.84,841.20,664.83,889.21,628.02,923.17,638.96,941.35,656.47,849.71,684.59,895.52,653.89,927.05,663.59,944.84,677.05,860.27,700.28,894.71,676.51,921.07,681.87,938.80,692.93
EK_0091_P06_03_frame_0000026007_l.jpg,1,1167.59,577.15,1094.64,615.16,1028.07,606.07,984.69,570.04,971.67,545.85,1004.51,507.59,958.58,496.86,968.42,525.62,989.70,543.04,1038.27,475.18,995.63,463.24,998.26,490.46,1015.67,509.15,1075.97,461.33,1038.36,453.87,1035.83,475.98,1050.64,493.76,1110.28,458.41,1080.37,456.35,1077.00,474.76,1088.49,490.28
EK_0091_P06_03_frame_0000028439_r.jpg,0,972.62,781.44,965.25,709.98,950.19,635.13,945.18,575.51,932.63,536.36,892.05,614.88,929.67,550.36,960.85,578.07,968.55,607.22,924.80,625.63,965.14,577.64,986.34,611.84,985.35,642.95,961.16,639.71,996.39,603.94,1006.89,635.77,999.15,663.55,991.40,655.94,1017.60,628.15,1021.51,652.13,1014.15,674.53
EK_0091_P06_03_frame_0000028439_r.jpg,1,1215.77,447.83,1145.94,456.39,1094.44,425.08,1073.06,377.85,1079.57,337.48,1073.95,346.50,1060.33,288.08,1076.84,280.27,1094.90,290.28,1107.83,312.20,1088.23,258.45,1099.09,255.51,1114.53,267.13,1149.63,293.42,1127.24,235.59,1126.28,226.72,1131.54,230.89,1198.29,286.05,1180.30,231.30,1169.28,215.42,1161.18,213.24
EK_0091_P06_03_frame_0000031202_r.jpg,0,1073.75,560.38,1000.14,548.20,959.14,498.08,939.59,452.44,927.39,427.19,998.73,417.56,947.87,389.63,924.37,400.70,915.97,408.84,1032.13,414.98,979.78,385.55,956.29,402.11,948.15,418.42,1050.64,426.99,1007.03,399.74,982.60,413.01,973.96,429.29,1062.33,439.80,1028.33,420.21,1005.83,427.47,994.76,440.61
EK_0091_P06_03_frame_0000031202_r.jpg,1,862.91,720.06,843.69,658.27,825.60,589.85,825.09,533.10,823.33,492.51,751.96,587.47,786.95,521.80,821.66,539.27,837.13,565.88,779.75,595.03,825.08,545.70,856.64,577.25,867.05,609.87,810.70,603.65,852.70,566.80,872.34,597.08,873.18,626.50,835.56,614.23,867.94,589.84,879.15,613.31,876.44,637.34
EK_0091_P06_03_frame_0000032312_r.jpg,0,1349.32,654.74,1290.38,616.44,1285.73,553.18,1293.48,490.81,1294.14,440.21,1388.28,498.16,1303.62,441.79,1273.18,478.74,1276.99,513.06,1409.08,496.75,1323.33,450.38,1293.50,487.13,1290.44,519.70,1411.77,502.43,1332.69,462.93,1306.77,496.67,1304.77,529.39,1404.93,507.62,1344.44,478.07,1324.19,506.55,1324.72,534.36
EK_0091_P06_03_frame_0000032312_r.jpg,1,989.01,710.40,1053.31,678.55,1071.29,612.46,1075.34,546.78,1069.29,500.33,992.47,566.68,1015.91,481.12,1045.59,458.23,1068.96,447.62,954.69,567.21,999.83,494.07,1037.33,498.64,1060.34,516.05,937.54,574.87,987.32,512.06,1022.13,517.45,1042.23,533.08,933.84,582.96,972.03,535.26,1000.19,536.97,1017.98,549.10
EK_0091_P06_03_frame_0000040198_l.jpg,0,880.26,804.74,937.81,792.05,960.56,734.56,964.75,674.81,972.22,627.45,879.61,687.88,923.09,612.76,961.07,590.22,990.15,579.66,848.57,676.36,901.73,603.63,945.17,594.28,975.92,597.40,838.75,671.71,889.03,604.42,929.52,597.27,957.82,600.60,841.46,670.11,880.17,618.23,913.49,610.20,938.51,610.46
EK_0091_P06_03_frame_0000040198_l.jpg,1,1214.57,851.62,1162.59,840.18,1146.34,796.68,1137.54,747.16,1126.38,703.12,1241.32,721.62,1203.23,637.74,1154.37,634.36,1128.02,655.57,1253.38,716.55,1204.02,627.22,1149.24,623.61,1118.79,638.41,1246.24,718.88,1192.79,631.39,1141.57,633.52,1114.77,652.09,1219.87,726.58,1175.17,661.55,1138.16,659.37,1116.48,676.04
EK_0091_P06_03_frame_0000040550_r.jpg,0,1301.44,1037.84,1226.84,1047.19,1167.01,1022.54,1134.42,995.46,1125.89,973.53,1187.36,915.04,1153.73,852.92,1142.48,832.06,1139.93,830.01,1231.77,894.24,1211.84,815.11,1201.14,802.38,1194.76,809.56,1273.94,889.45,1259.82,823.71,1244.81,812.11,1233.62,814.79,1309.79,901.12,1296.55,857.97,1283.72,855.56,1278.66,867.17
EK_0093_P06_05_frame_0000000353_r.jpg,0,1172.07,647.59,1105.23,632.50,1071.24,601.80,1060.36,569.39,1070.60,551.64,1111.07,516.30,1097.95,503.98,1089.68,531.62,1092.01,551.56,1152.04,518.74,1129.10,513.70,1116.33,534.66,1119.37,554.92,1184.30,538.37,1157.60,533.28,1145.15,550.50,1148.02,569.41,1204.02,560.41,1181.35,551.90,1171.03,565.83,1172.80,580.22
EK_0093_P06_05_frame_0000000850_r.jpg,0,800.77,889.98,739.77,907.45,694.28,877.65,665.01,846.24,639.07,841.81,700.14,791.34,688.54,746.50,689.20,755.53,695.45,776.45,739.07,773.92,727.27,732.93,725.05,751.50,727.19,772.13,776.00,771.21,763.18,729.94,756.28,744.88,757.56,764.58,807.51,778.74,794.65,752.63,787.78,764.53,789.73,781.25
EK_0093_P06_05_frame_0000002149_l.jpg,0,1199.64,550.82,1173.55,457.43,1176.81,371.20,1164.35,297.98,1145.60,230.54,1293.96,353.94,1266.68,277.51,1231.22,260.95,1210.48,264.85,1296.88,386.91,1261.15,326.49,1223.94,316.74,1203.54,321.17,1281.68,417.59,1250.09,368.67,1216.64,353.43,1195.81,356.64,1263.63,439.68,1236.08,397.34,1213.84,382.95,1197.60,384.75
EK_0093_P06_05_frame_0000002149_l.jpg,1,856.73,642.51,919.99,616.78,943.30,563.36,940.74,523.29,934.64,505.01,897.87,502.31,908.53,462.97,921.99,472.79,927.50,490.14,862.39,506.28,880.95,477.20,896.66,488.57,904.30,501.08,837.73,520.32,856.99,493.61,873.22,497.80,881.49,509.33,823.98,539.85,841.42,511.80,856.71,513.61,865.39,523.94
EK_0093_P06_05_frame_0000011533_r.jpg,0,744.95,801.12,804.32,734.67,821.82,671.89,841.67,634.37,857.13,611.39,727.13,630.60,784.09,604.24,822.96,613.23,841.74,624.66,703.88,651.43,766.89,629.95,804.93,643.68,823.79,663.98,697.64,679.32,752.37,660.50,786.86,671.50,805.44,689.66,697.60,702.64,739.96,686.22,765.92,692.73,783.91,703.91
EK_0093_P06_05_frame_0000013837_r.jpg,0,781.10,1136.83,853.87,1119.05,901.28,1078.24,930.14,1028.72,945.20,988.04,879.88,1036.87,924.79,949.97,944.36,909.48,955.38,887.58,834.53,1014.99,882.05,917.38,911.47,887.27,928.29,884.04,793.75,1002.96,834.10,911.71,866.15,889.33,887.66,890.69,762.25,998.84,780.03,930.06,802.38,901.92,822.23,891.95
EK_0093_P06_05_frame_0000015341_r.jpg,0,1163.90,520.52,1079.07,531.83,1035.47,526.64,1017.90,521.53,1005.21,520.26,1047.59,443.45,1019.34,448.91,1009.74,463.05,1002.67,478.08,1074.76,444.87,1041.33,449.37,1023.64,465.62,1018.96,487.00,1100.95,455.55,1071.00,464.67,1055.45,480.65,1050.91,492.86,1123.33,467.75,1103.15,479.56,1094.15,495.39,1089.24,505.64
EK_0093_P06_05_frame_0000015954_l.jpg,0,1396.05,963.82,1299.49,972.69,1240.19,927.97,1197.31,873.51,1153.24,837.32,1283.57,809.27,1252.80,719.74,1241.45,667.48,1238.40,631.08,1340.26,788.01,1310.47,689.23,1298.33,633.28,1296.17,592.19,1392.22,787.34,1370.49,688.95,1363.24,633.67,1362.22,591.58,1437.52,800.78,1447.05,731.41,1458.79,690.27,1469.37,656.41
EK_0093_P06_05_frame_0000015954_l.jpg,1,803.74,987.37,904.70,996.25,978.09,947.96,1020.06,882.17,1060.26,841.36,947.22,817.84,991.08,729.55,1011.78,682.14,1024.98,647.42,894.93,789.26,941.63,694.11,966.61,638.57,981.71,598.85,846.68,779.89,888.54,687.32,911.73,635.44,926.78,594.84,803.93,785.42,824.65,713.15,835.60,668.28,844.80,632.17
EK_0093_P06_05_frame_0000017558_l.jpg,0,554.98,925.00,647.36,906.57,704.45,826.26,726.43,738.85,743.36,674.84,604.57,770.04,682.50,670.89,722.86,652.61,743.29,650.80,554.89,745.18,647.44,644.35,690.78,653.67,707.01,673.06,534.45,733.80,625.92,656.42,666.25,669.64,682.57,685.34,532.82,732.76,604.00,682.42,639.27,691.03,655.66,701.81
EK_0093_P06_05_frame_0000017558_l.jpg,1,1518.88,805.84,1440.64,788.37,1386.55,729.99,1345.77,683.93,1312.50,652.97,1456.42,631.00,1391.11,580.42,1358.46,584.70,1346.77,594.60,1483.42,630.94,1409.58,606.73,1377.19,630.25,1370.20,650.82,1492.84,641.49,1424.01,629.92,1395.87,652.00,1387.31,667.55,1496.36,649.98,1442.38,645.82,1419.90,661.79,1411.82,679.47
EK_0093_P06_05_frame_0000018049_r.jpg,0,1201.30,888.71,1148.32,926.12,1086.75,925.18,1041.54,911.90,1009.59,909.61,1054.28,860.20,994.23,828.82,961.07,808.34,938.15,792.21,1069.01,827.19,1004.62,796.50,965.91,775.87,938.15,758.13,1090.52,801.36,1027.86,771.97,990.68,753.98,964.21,739.83,1116.85,781.58,1075.60,751.56,1048.96,733.35,1027.93,718.26
EK_0093_P06_05_frame_0000019220_l.jpg,0,637.96,873.65,710.79,860.24,742.72,811.30,760.72,755.23,774.85,709.97,691.65,733.97,700.80,655.05,704.31,611.32,703.81,581.59,646.27,728.34,657.53,642.53,664.39,593.76,668.95,559.44,609.69,733.88,619.25,652.14,628.62,607.21,636.07,574.69,583.09,746.17,576.27,683.88,573.58,648.59,573.32,620.98
EK_0093_P06_05_frame_0000023163_r.jpg,0,1220.16,702.78,1102.82,673.04,1045.04,600.40,1022.56,522.92,1011.73,476.78,1082.05,492.04,1045.82,400.30,1029.32,417.49,1032.20,444.79,1144.53,477.76,1099.39,386.12,1073.17,409.64,1073.71,440.27,1196.83,482.46,1156.49,401.74,1127.77,417.12,1125.28,444.38,1236.65,499.73,1208.10,438.04,1178.13,439.56,1169.53,458.61
EK_0093_P06_05_frame_0000023870_l.jpg,0,583.27,644.71,636.27,581.79,666.44,464.64,705.62,356.90,738.66,276.47,533.26,354.62,647.94,243.31,733.47,252.96,779.22,285.27,546.21,356.95,660.08,263.64,736.68,285.28,776.33,325.94,574.60,374.84,677.59,307.57,737.14,336.67,765.68,375.87,602.22,392.74,679.65,341.51,721.01,367.48,744.26,401.35
EK_0093_P06_05_frame_0000023870_l.jpg,1,1105.52,638.84,992.99,618.69,927.72,539.95,869.86,465.76,821.80,414.79,1028.99,402.96,897.14,351.00,855.09,398.01,854.53,436.54,1063.54,394.40,934.25,365.11,897.00,418.08,897.64,458.57,1076.50,408.68,957.18,391.85,927.42,439.69,930.54,483.85,1074.52,423.15,986.40,415.69,959.05,451.30,958.36,486.67
EK_0093_P06_05_frame_0000024775_l.jpg,0,767.90,1089.10,832.51,1058.93,881.31,1016.19,920.62,981.19,948.43,953.60,809.31,926.33,841.31,850.27,866.45,831.73,884.43,826.08,774.21,926.79,802.26,847.13,831.22,831.09,856.64,835.32,755.62,936.16,780.21,871.14,806.85,855.08,830.77,853.86,750.87,950.00,769.64,899.18,790.65,881.10,809.24,876.12
EK_0093_P06_05_frame_0000025707_r.jpg,0,1207.96,893.76,1122.63,849.88,1083.84,763.81,1057.88,691.63,1049.62,643.90,1200.87,684.43,1138.00,601.61,1083.36,619.28,1054.57,648.11,1230.61,693.64,1137.75,652.01,1078.18,691.29,1056.18,729.65,1237.86,711.66,1138.20,686.34,1088.21,723.21,1069.96,762.10,1234.01,727.24,1161.73,708.95,1120.10,730.98,1100.17,760.94
EK_0093_P06_05_frame_0000025707_r.jpg,1,710.47,992.82,698.52,907.59,716.34,826.52,761.06,765.69,784.33,709.80,786.10,753.11,829.90,686.29,861.69,653.63,888.68,631.74,817.45,781.04,877.64,719.33,910.24,695.04,942.93,667.22,839.98,815.46,901.04,770.07,933.16,744.44,959.06,721.27,856.46,858.31,902.98,817.47,927.38,795.78,948.06,777.07
EK_0093_P06_05_frame_0000025989_l.jpg,0,1347.06,845.45,1271.33,813.26,1248.66,746.06,1252.22,679.77,1245.58,631.68,1317.55,696.15,1299.81,612.55,1284.10,578.86,1272.71,564.05,1369.32,694.72,1368.65,598.49,1338.97,569.15,1312.85,561.24,1402.10,703.61,1404.69,616.50,1374.26,585.95,1349.26,577.12,1417.97,718.13,1412.33,655.06,1386.84,628.95,1364.27,618.72
EK_0093_P06_05_frame_0000029591_l.jpg,0,631.72,743.30,732.88,732.38,791.88,678.91,835.42,627.29,876.47,587.40,752.77,573.71,797.03,535.89,824.50,552.48,834.44,574.54,705.18,568.52,752.80,547.21,775.98,571.86,783.55,594.62,663.94,581.51,709.47,564.03,730.78,582.53,734.95,607.49,634.77,601.89,673.76,582.38,694.07,598.35,698.45,623.25
EK_0093_P06_05_frame_0000031803_r.jpg,0,876.89,1053.28,936.38,1009.84,957.49,935.64,981.84,870.03,1017.03,829.11,862.50,918.50,883.12,828.44,908.93,797.23,929.43,783.37,819.45,918.07,838.77,814.92,876.01,788.96,907.35,786.13,799.79,920.37,821.78,831.87,859.12,812.61,887.59,809.24,800.36,920.71,823.43,858.67,852.89,844.91,876.39,841.55
EK_0093_P06_05_frame_0000032463_r.jpg,0,1250.55,752.28,1172.24,725.89,1124.71,672.67,1098.23,630.95,1081.45,605.44,1174.48,579.40,1115.14,549.36,1083.87,558.28,1066.42,566.27,1216.46,572.47,1157.15,536.65,1127.30,553.85,1113.83,573.33,1246.86,584.80,1199.36,544.93,1168.95,550.87,1151.67,565.49,1265.11,604.13,1232.13,567.25,1202.42,562.42,1181.12,570.95
EK_0093_P06_05_frame_0000032463_r.jpg,1,958.98,688.91,1026.44,688.47,1072.22,673.50,1100.30,666.63,1122.53,654.38,1036.35,598.44,1083.74,599.26,1114.84,614.39,1129.14,628.06,1031.02,577.70,1088.23,575.64,1117.05,595.52,1132.45,612.69,1031.32,566.67,1090.70,556.03,1117.83,577.60,1133.28,595.09,1038.54,565.86,1093.57,555.96,1119.31,567.54,1133.51,581.12
EK_0093_P06_05_frame_0000035940_r.jpg,0,967.34,1038.06,1039.29,1048.51,1111.96,1030.31,1173.55,1019.14,1214.61,1009.13,1077.98,895.58,1147.32,841.92,1183.12,847.65,1199.56,865.84,1049.09,870.75,1121.97,823.17,1156.03,833.61,1173.71,853.01,1028.18,862.21,1093.38,818.81,1126.92,829.21,1144.46,847.25,1017.13,864.43,1070.41,825.95,1100.59,830.87,1118.62,845.74
EK_0093_P06_05_frame_0000038169_r.jpg,0,1414.44,1040.41,1261.39,1035.86,1137.75,981.23,1048.64,894.38,1000.13,829.91,1205.26,832.25,1154.13,686.10,1154.89,738.33,1173.13,797.60,1290.89,792.02,1224.87,682.24,1214.42,729.37,1235.09,779.21,1365.60,779.60,1298.35,704.41,1290.90,742.55,1309.62,784.59,1424.38,779.27,1363.85,722.04,1357.76,758.05,1375.85,791.76
EK_0093_P06_05_frame_0000038612_l.jpg,0,1330.01,1069.48,1223.51,1059.56,1149.43,995.72,1090.94,931.15,1059.88,884.54,1219.99,846.44,1094.27,831.01,1051.40,870.12,1044.33,903.71,1264.08,828.70,1144.75,847.06,1117.83,902.10,1121.03,944.55,1288.06,836.88,1182.13,862.34,1161.73,910.11,1168.87,953.88,1297.03,851.97,1219.63,867.35,1202.47,902.33,1206.20,938.56
EK_0093_P06_05_frame_0000040884_l.jpg,0,784.25,1050.58,794.37,971.21,827.56,892.67,879.68,836.22,924.10,788.06,813.96,824.55,860.53,773.15,886.69,754.83,900.95,742.15,849.19,849.81,895.90,798.11,919.60,777.17,938.84,759.24,879.17,882.55,921.89,837.02,945.10,819.05,966.82,800.01,906.22,917.35,943.31,874.52,964.67,860.85,983.26,847.44
EK_0093_P06_05_frame_0000041849_l.jpg,0,1433.04,921.02,1317.26,931.64,1233.67,869.15,1177.52,789.58,1132.89,740.31,1312.39,782.26,1176.11,688.39,1116.46,695.37,1098.60,722.48,1360.40,730.51,1215.03,620.78,1145.47,640.55,1121.21,678.82,1389.69,700.23,1257.41,594.69,1194.62,613.95,1172.57,651.98,1401.77,692.35,1303.77,615.65,1245.76,616.33,1217.80,638.42
EK_0093_P06_05_frame_0000043266_l.jpg,0,759.97,906.40,838.51,896.61,871.43,845.84,889.36,785.57,906.40,740.81,823.93,778.15,827.23,697.65,824.22,650.86,819.74,618.66,776.79,770.45,774.37,678.88,774.08,624.53,772.67,586.01,740.23,774.47,730.35,696.53,730.94,647.07,732.98,608.93,716.93,786.11,703.02,727.56,700.56,691.68,702.88,662.73
EK_0093_P06_05_frame_0000044085_l.jpg,0,764.02,1028.64,877.21,1013.92,940.16,947.89,967.34,855.87,1008.03,789.86,855.03,871.36,899.31,728.97,927.28,646.13,948.89,582.96,779.60,843.21,796.09,676.38,833.17,586.16,862.65,528.10,735.30,826.49,739.39,673.46,776.47,593.97,809.41,543.39,718.11,822.05,719.54,698.15,743.74,637.77,772.55,603.56
EK_0093_P06_05_frame_0000044347_l.jpg,0,900.87,886.96,975.72,838.86,992.01,770.14,995.73,719.15,1009.39,684.27,902.95,719.96,950.92,670.97,991.99,660.24,1016.96,657.72,876.84,713.45,913.25,638.34,955.17,636.38,982.62,647.75,871.78,717.32,907.85,643.19,950.66,639.50,977.93,646.60,885.90,727.90,932.65,676.84,966.50,662.99,989.38,655.57
EK_0093_P06_05_frame_0000046270_l.jpg,0,865.13,700.13,875.78,660.51,906.70,632.21,925.11,619.23,938.26,612.32,947.16,617.20,981.00,595.26,991.57,589.87,995.21,595.09,948.50,639.13,966.90,612.13,963.33,608.65,954.90,616.50,939.87,665.84,957.85,641.90,955.60,638.36,948.05,647.54,926.11,693.27,932.56,672.43,928.67,666.90,921.25,673.02
EK_0093_P06_05_frame_0000046577_l.jpg,0,1229.00,1021.94,1138.40,1000.05,1095.64,935.43,1087.51,870.17,1079.72,825.86,1137.21,866.43,1102.67,800.48,1087.47,781.87,1078.40,768.62,1186.64,853.97,1149.01,793.83,1129.62,809.58,1125.06,835.32,1224.68,858.92,1180.39,825.29,1160.45,845.89,1157.90,867.48,1251.32,866.84,1214.01,846.39,1196.93,861.98,1195.84,881.26
EK_0093_P06_05_frame_0000046577_l.jpg,1,752.00,821.19,821.44,792.66,848.15,729.44,854.21,670.84,867.16,633.51,791.40,679.44,826.71,619.61,850.29,623.31,857.16,636.82,750.68,669.71,786.67,598.80,821.34,600.52,838.86,614.22,724.01,672.93,749.05,604.78,783.42,607.77,801.95,621.37,709.70,683.89,734.43,633.14,760.76,630.09,776.69,637.35
EK_0093_P06_05_frame_0000047388_l.jpg,0,834.95,874.79,883.99,816.10,898.73,758.58,909.36,718.86,923.69,693.18,799.30,707.75,860.03,674.50,898.51,678.27,924.80,687.82,772.81,715.50,837.50,693.25,875.83,705.01,901.08,722.67,765.10,731.48,827.48,710.06,863.83,720.27,889.75,739.55,770.43,745.87,818.41,726.60,848.05,729.80,870.01,740.82
EK_0093_P06_05_frame_0000047388_l.jpg,1,1221.08,1087.96,1140.40,1059.62,1105.10,996.43,1106.97,939.28,1121.07,909.03,1132.43,944.50,1103.31,862.24,1093.96,833.98,1090.77,819.62,1180.96,930.35,1155.77,852.90,1139.56,868.27,1134.73,895.54,1221.87,930.98,1188.06,889.79,1173.74,909.97,1172.73,934.17,1251.09,937.60,1216.33,917.51,1204.48,934.41,1204.91,954.81
EK_0093_P06_05_frame_0000047529_r.jpg,0,907.27,896.68,974.06,864.32,996.86,801.22,1008.29,745.14,1022.16,709.52,948.42,743.18,990.12,695.40,1014.91,692.87,1025.00,699.48,905.91,734.42,936.16,672.50,968.85,680.25,983.85,701.69,874.89,741.62,893.56,683.22,926.17,691.64,942.08,711.49,857.01,757.17,868.63,709.29,891.88,708.39,905.20,720.71
EK_0093_P06_05_frame_0000047529_r.jpg,1,1214.33,1123.29,1150.52,1064.75,1139.15,1004.60,1150.91,963.81,1173.26,937.44,1138.93,946.05,1140.24,875.40,1145.90,853.20,1148.42,842.38,1190.74,944.48,1199.07,879.20,1195.47,890.87,1188.23,910.48,1237.94,959.13,1227.27,930.98,1217.07,962.29,1213.09,986.40,1277.73,976.37,1256.22,967.46,1244.24,988.47,1239.25,1007.23
EK_0093_P06_05_frame_0000049685_r.jpg,0,1400.05,965.05,1334.43,924.62,1313.49,857.67,1312.41,805.68,1312.15,787.61,1384.43,810.52,1346.76,775.75,1324.89,802.02,1324.04,825.37,1418.86,817.97,1386.05,777.80,1360.25,795.11,1355.38,815.27,1439.28,836.33,1414.00,792.87,1387.69,801.16,1382.10,820.52,1447.57,855.86,1426.50,822.81,1404.51,825.73,1397.95,839.07
EK_0093_P06_05_frame_0000052427_r.jpg,0,806.08,969.90,881.76,976.86,926.90,936.16,935.99,888.39,930.97,861.03,926.51,846.65,956.78,801.84,953.99,830.07,940.16,856.17,886.94,823.53,918.56,784.80,919.72,814.55,909.18,838.30,847.63,817.29,877.37,780.19,881.75,803.62,873.37,827.74,813.84,823.80,838.88,788.92,846.22,804.19,842.52,822.65
EK_0093_P06_05_frame_0000054956_l.jpg,0,788.77,1037.31,888.18,993.05,945.84,896.30,990.05,808.16,1035.03,754.31,838.36,778.45,952.80,711.72,1019.24,697.78,1065.52,692.93,810.03,763.49,919.03,681.98,984.28,667.90,1030.72,663.33,802.46,768.49,894.48,687.26,953.53,673.37,999.51,669.98,810.31,784.03,874.88,714.92,921.57,692.79,960.50,681.31
EK_0093_P06_05_frame_0000054956_l.jpg,1,1251.98,1003.79,1160.78,932.16,1117.13,835.57,1081.39,765.15,1042.24,722.79,1225.06,738.30,1139.16,667.98,1077.84,690.71,1043.14,720.78,1244.38,763.52,1174.37,708.92,1112.61,724.59,1071.72,755.91,1244.18,800.49,1170.76,771.53,1103.71,784.41,1055.87,810.65,1237.17,831.57,1179.30,817.45,1128.83,826.95,1087.19,841.47
EK_0093_P06_05_frame_0000055164_r.jpg,0,801.86,1133.35,817.24,1072.90,847.42,1006.01,889.40,954.80,922.85,918.76,769.29,955.40,832.19,907.94,883.70,896.78,924.96,894.47,793.12,977.88,858.57,936.64,905.22,935.41,943.13,942.30,818.77,1000.04,874.72,970.44,912.87,969.49,942.08,978.29,838.82,1018.46,879.25,995.52,909.52,990.99,935.87,994.35
EK_0093_P06_05_frame_0000055511_l.jpg,0,666.33,820.11,713.77,780.48,731.86,714.38,750.55,657.31,773.56,616.21,641.30,661.36,699.32,602.27,744.29,595.65,774.80,600.87,622.88,665.26,687.33,617.73,732.80,618.64,764.15,628.35,621.14,678.41,685.78,642.57,725.72,644.85,753.38,655.72,628.10,691.60,677.20,663.26,709.21,664.22,733.12,671.46
EK_0093_P06_05_frame_0000055511_l.jpg,1,1502.58,901.60,1427.02,843.12,1396.89,755.44,1371.86,686.49,1340.76,637.30,1524.81,686.22,1446.17,605.29,1383.85,595.54,1340.96,597.14,1551.98,701.23,1461.47,628.70,1394.20,623.02,1343.84,632.58,1555.24,717.17,1469.32,665.04,1413.43,663.21,1373.72,672.99,1550.71,728.26,1484.22,696.27,1439.91,693.41,1403.71,698.79
EK_0093_P06_05_frame_0000057468_r.jpg,0,1262.98,982.26,1166.18,977.59,1111.90,903.49,1077.57,840.28,1050.99,799.43,1145.31,824.16,1068.05,759.34,1062.86,807.04,1080.49,848.94,1190.22,798.04,1109.88,735.42,1094.91,777.46,1101.91,816.44,1219.58,795.76,1146.34,750.10,1131.98,789.23,1141.97,824.30,1233.51,801.00,1169.42,771.71,1153.98,800.35,1163.99,824.80
EK_0093_P06_05_frame_0000059466_r.jpg,0,699.99,1084.35,704.71,1011.99,751.75,954.92,803.49,919.04,845.32,891.19,781.47,959.08,823.99,914.77,844.17,893.80,858.07,879.29,793.98,990.67,831.47,945.48,847.93,913.20,858.30,893.12,799.16,1012.45,829.58,969.00,841.64,940.01,850.29,921.13,800.38,1025.95,824.89,986.30,834.47,960.92,839.75,942.63
EK_0093_P06_05_frame_0000061713_l.jpg,0,845.63,1027.30,907.94,1028.46,951.93,989.73,984.84,961.27,1013.42,945.66,926.24,891.80,970.23,847.81,996.81,840.33,1014.71,843.01,892.10,879.02,926.89,828.75,951.59,829.89,968.10,846.85,867.67,882.98,902.29,846.57,927.39,848.01,943.62,858.05,854.83,898.46,883.97,871.84,904.27,871.76,916.94,880.11
EK_0093_P06_05_frame_0000066849_l.jpg,0,766.08,1044.76,770.55,984.26,793.02,932.49,822.22,898.99,840.23,868.75,790.29,909.92,820.10,878.34,846.68,869.47,867.48,869.60,813.73,934.77,846.79,902.54,870.39,900.21,886.27,906.77,833.16,962.50,865.65,934.08,882.30,931.95,890.41,938.77,850.31,992.07,876.37,973.11,884.91,970.81,887.54,973.67
EK_0093_P06_05_frame_0000066849_l.jpg,1,1235.26,939.51,1166.70,930.82,1128.99,877.98,1115.08,830.61,1106.72,800.27,1155.23,834.91,1126.17,771.29,1111.04,744.06,1101.21,730.00,1200.55,818.09,1169.50,744.34,1139.04,724.41,1115.53,718.29,1237.45,813.67,1204.13,748.58,1172.21,740.58,1153.42,745.08,1263.54,819.34,1223.51,786.74,1193.04,783.71,1176.18,788.98
EK_0093_P06_05_frame_0000067107_l.jpg,0,1429.51,874.93,1506.39,904.91,1564.78,875.89,1582.27,823.81,1585.37,788.20,1566.12,781.91,1607.20,716.20,1620.96,689.71,1626.13,679.09,1521.60,748.05,1564.63,680.73,1580.28,653.74,1588.96,639.56,1476.15,730.36,1519.31,672.67,1538.36,643.20,1551.39,623.78,1431.73,729.35,1461.36,684.14,1478.42,663.40,1491.08,650.39
EK_0093_P06_05_frame_0000067996_l.jpg,0,1222.33,966.93,1227.44,914.00,1214.47,863.24,1191.96,829.22,1168.02,808.62,1199.68,842.59,1169.66,778.15,1150.61,740.32,1134.53,711.54,1182.38,851.21,1152.47,778.10,1131.97,734.90,1115.83,700.31,1159.32,868.56,1131.69,795.15,1115.34,752.31,1104.12,718.59,1129.25,893.90,1106.55,843.13,1091.16,810.21,1077.64,783.11
EK_0093_P06_05_frame_0000071354_l.jpg,0,1254.91,994.16,1129.82,999.25,1047.69,905.43,1013.00,781.56,976.82,689.87,1196.22,868.36,1108.01,693.87,1033.64,629.42,984.00,599.50,1270.79,813.27,1176.99,619.32,1093.37,591.03,1051.51,604.74,1306.72,771.97,1229.93,595.18,1148.01,574.71,1103.63,589.76,1314.59,748.04,1266.59,613.58,1204.82,577.77,1163.89,577.48
EK_0093_P06_05_frame_0000072869_r.jpg,0,1324.14,1096.19,1200.51,1077.06,1105.42,980.27,1034.80,865.10,964.07,795.34,1271.62,902.31,1096.96,766.32,1006.98,743.19,953.15,743.95,1334.25,840.75,1151.24,682.29,1053.47,685.14,995.24,719.57,1359.80,806.44,1189.61,682.31,1097.88,691.60,1046.61,722.64,1355.83,794.73,1228.22,719.02,1151.77,725.33,1106.88,748.31
EK_0093_P06_05_frame_0000072869_r.jpg,1,657.20,983.79,690.81,982.87,734.37,924.91,777.93,857.12,810.82,803.49,724.71,875.23,787.42,787.30,833.48,732.66,868.90,694.25,706.33,831.62,779.00,730.26,834.08,679.07,878.32,650.80,700.13,809.58,768.49,714.28,820.50,673.09,863.77,650.00,704.08,802.65,757.51,736.97,799.42,702.82,835.39,678.99
EK_0093_P06_05_frame_0000077713_l.jpg,0,1260.82,857.03,1163.59,869.58,1099.98,821.40,1078.60,761.82,1089.66,719.54,1079.07,751.72,1047.30,681.98,1062.99,708.64,1078.33,737.66,1131.23,717.59,1107.93,683.81,1117.13,713.96,1132.10,740.27,1183.60,702.58,1159.03,696.45,1164.07,720.43,1177.95,744.00,1225.98,698.71,1200.40,697.68,1205.05,718.20,1217.79,736.40
EK_0093_P06_05_frame_0000077713_l.jpg,1,720.71,932.29,791.97,881.21,815.07,806.63,820.55,736.09,814.22,694.21,741.06,764.74,763.59,677.32,789.47,675.67,797.63,687.59,691.56,760.54,721.04,667.77,751.67,679.05,759.34,701.55,663.21,764.95,694.54,687.24,725.46,697.00,735.17,716.77,649.16,776.54,678.67,721.65,703.14,724.96,712.86,739.58
EK_0093_P06_05_frame_0000078631_r.jpg,0,1271.50,875.21,1195.97,879.61,1147.82,836.31,1121.00,783.10,1095.12,745.41,1183.09,760.68,1138.56,702.41,1114.56,698.88,1109.96,711.92,1226.81,741.38,1177.25,678.23,1153.09,690.60,1148.55,707.83,1260.69,736.48,1215.29,673.24,1189.51,682.92,1183.62,698.83,1284.25,742.17,1244.38,693.48,1216.36,693.58,1206.96,704.31
EK_0093_P06_05_frame_0000079316_r.jpg,0,1457.66,808.51,1384.10,764.68,1372.16,703.36,1387.26,656.47,1405.74,636.28,1416.05,639.98,1430.37,590.34,1422.00,610.80,1415.84,638.71,1460.55,650.41,1455.58,627.97,1441.15,646.72,1435.70,667.21,1492.16,674.64,1477.62,662.11,1465.83,676.47,1462.76,696.61,1511.89,697.70,1494.82,689.56,1483.76,702.26,1480.66,720.59
EK_0093_P06_05_frame_0000079672_l.jpg,0,620.23,433.88,685.72,391.46,701.43,337.44,702.61,297.74,707.03,277.85,644.51,257.94,690.83,225.42,720.76,238.20,738.41,255.08,604.20,265.33,653.49,235.42,686.14,248.27,704.87,265.49,579.55,287.56,620.30,256.21,650.71,262.53,669.95,279.06,569.35,314.55,600.91,286.74,627.04,285.48,645.88,296.20
EK_0093_P06_05_frame_0000080543_l.jpg,0,1245.01,869.46,1159.36,861.72,1108.60,800.26,1097.59,735.06,1098.97,696.00,1132.83,729.01,1109.66,656.27,1100.52,634.29,1092.69,624.28,1185.28,712.39,1159.50,657.70,1147.51,675.33,1147.57,703.60,1229.02,716.46,1199.37,693.33,1187.11,714.99,1188.01,738.91,1262.59,726.27,1233.74,715.61,1224.75,734.28,1228.02,754.68
EK_0093_P06_05_frame_0000080762_l.jpg,0,892.94,955.41,900.93,911.42,924.38,851.34,960.01,796.20,985.97,749.75,866.38,787.42,905.41,735.42,941.35,716.67,975.05,717.55,894.19,797.29,945.61,758.27,990.20,761.15,1025.18,781.91,920.33,813.47,966.54,783.48,999.53,789.74,1023.14,812.55,938.09,830.65,975.20,806.85,998.01,813.00,1015.86,831.64
EK_0093_P06_05_frame_0000085659_r.jpg,0,1095.49,937.83,1049.72,829.02,1029.39,731.81,994.22,682.78,969.27,671.00,1132.90,701.69,1053.68,670.76,990.85,683.75,954.59,697.82,1110.07,744.52,1023.62,724.08,952.90,724.48,898.87,731.69,1087.36,788.42,1009.52,769.96,945.87,764.16,895.82,759.43,1066.76,824.66,1007.96,809.62,967.24,809.82,932.45,809.46
EK_0097_P09_02_frame_0000002685_l.jpg,0,812.47,918.11,879.10,932.11,937.76,897.11,978.64,863.52,1009.92,837.77,907.70,802.62,979.61,768.44,1012.36,764.21,1030.53,768.56,868.83,779.06,940.46,741.58,976.74,739.98,997.95,747.70,839.31,776.08,903.07,750.19,938.14,750.07,958.71,755.45,821.30,784.59,871.59,764.86,899.86,766.78,917.05,774.26
EK_0097_P09_02_frame_0000002685_l.jpg,1,1324.88,877.80,1255.88,904.67,1192.72,879.27,1155.62,841.51,1133.43,815.02,1183.87,814.12,1130.62,761.44,1099.55,739.79,1079.86,728.58,1211.12,781.51,1149.79,731.88,1118.01,721.21,1095.35,715.45,1237.53,760.74,1179.92,714.87,1147.28,706.21,1127.21,701.90,1260.30,752.26,1211.07,719.14,1180.88,710.64,1159.93,706.16
EK_0097_P09_02_frame_0000006972_l.jpg,0,434.67,668.27,551.34,591.04,578.23,465.75,583.21,347.33,596.10,252.98,406.66,408.40,364.18,229.67,431.87,197.32,481.53,223.86,327.14,417.56,373.44,262.99,456.36,265.26,493.11,302.73,282.71,436.16,343.00,310.93,420.95,313.52,458.81,348.20,261.42,459.37,308.24,357.73,369.71,348.15,403.30,371.66
EK_0097_P09_02_frame_0000006972_l.jpg,1,1129.25,858.05,1089.39,893.34,1053.80,899.96,1037.41,893.81,1030.22,888.78,1012.94,824.48,980.90,808.91,963.11,803.43,953.22,802.32,1034.01,791.01,1003.42,760.40,994.85,757.03,995.29,761.67,1063.26,772.11,1035.39,728.70,1026.72,726.08,1026.04,732.80,1097.74,764.56,1079.25,727.00,1072.55,724.78,1070.92,733.78
EK_0097_P09_02_frame_0000007794_r.jpg,0,1751.29,775.30,1665.20,794.87,1581.93,771.11,1523.40,744.04,1471.11,732.14,1614.37,656.55,1540.03,655.29,1503.84,666.01,1480.16,673.77,1656.42,627.27,1591.70,639.62,1573.65,660.79,1571.30,678.92,1694.55,622.86,1638.87,633.35,1621.38,652.85,1618.87,672.02,1725.27,628.71,1673.73,632.49,1656.97,650.50,1655.10,669.91
EK_0097_P09_02_frame_0000012408_r.jpg,0,982.17,875.54,1043.63,876.72,1086.80,841.45,1121.81,809.87,1149.27,784.04,1027.24,774.28,1052.96,705.00,1082.33,676.05,1106.96,663.88,992.54,763.79,1015.27,686.89,1047.93,656.61,1075.95,649.77,973.09,764.20,996.02,699.36,1026.39,670.11,1053.69,658.39,967.06,769.73,992.63,720.55,1016.29,696.71,1038.61,685.75
EK_0097_P09_02_frame_0000015256_l.jpg,0,1305.23,941.11,1334.03,978.55,1366.17,1007.99,1380.52,1037.36,1382.70,1064.02,1394.69,965.92,1424.77,957.90,1433.99,952.29,1437.68,946.89,1387.73,938.00,1418.21,928.30,1429.87,921.64,1437.73,915.79,1374.40,915.10,1400.56,904.43,1413.61,899.06,1424.69,895.63,1355.93,895.54,1373.76,883.91,1381.76,881.68,1389.17,882.32
EK_0097_P09_02_frame_0000015488_l.jpg,0,960.97,1077.80,1000.83,1040.25,1030.97,992.22,1060.25,958.07,1083.56,931.55,984.52,943.82,1046.65,930.90,1068.96,958.31,1071.14,983.33,974.01,954.93,1043.47,963.09,1064.37,998.55,1064.68,1027.53,972.49,974.04,1040.25,985.58,1058.58,1015.27,1055.43,1040.78,973.69,990.97,1024.64,1002.99,1036.69,1025.47,1034.29,1044.75
EK_0097_P09_02_frame_0000019010_r.jpg,0,1687.16,877.49,1629.65,876.28,1590.36,844.95,1572.32,818.30,1558.85,802.18,1624.77,769.28,1607.16,733.39,1589.90,718.75,1573.89,712.21,1663.74,763.41,1640.70,732.79,1620.50,725.28,1607.16,726.30,1696.60,771.84,1681.82,742.67,1664.77,739.33,1654.85,740.30,1725.94,786.73,1718.85,759.24,1707.46,754.76,1698.14,756.54
EK_0097_P09_02_frame_0000019220_l.jpg,0,1149.97,1057.78,1145.45,998.93,1176.03,955.23,1213.70,932.67,1246.09,916.66,1232.33,977.62,1279.99,962.43,1305.06,957.32,1324.30,953.25,1247.32,1012.67,1300.09,1002.52,1330.76,998.79,1351.40,999.06,1250.90,1042.22,1296.10,1031.50,1324.40,1026.65,1345.44,1027.47,1246.35,1066.57,1281.70,1060.16,1303.33,1054.02,1319.61,1051.49
EK_0107_P21_01_frame_0000004401_r.jpg,0,1176.82,965.39,1162.20,895.13,1114.13,833.35,1057.34,813.46,1012.02,800.91,1098.14,826.28,1048.54,805.75,1011.05,799.41,978.71,793.99,1080.44,857.71,1028.35,839.92,983.72,831.51,944.23,826.07,1072.80,891.46,1020.19,879.83,984.50,873.85,952.04,867.86,1071.55,929.33,1027.28,916.17,998.44,906.70,971.56,895.20
EK_0107_P21_01_frame_0000004401_r.jpg,1,711.92,671.90,771.38,725.22,832.21,744.05,876.27,736.06,895.87,715.93,867.78,642.43,929.93,625.76,949.86,622.48,955.22,624.47,847.30,595.45,909.99,578.28,925.37,581.90,927.25,589.11,821.35,567.37,868.52,564.80,876.82,580.58,869.89,595.48,791.80,551.99,826.71,558.11,835.96,574.60,831.81,589.57
EK_0107_P21_01_frame_0000005308_l.jpg,0,1179.67,680.12,1098.03,703.46,1025.10,666.61,968.72,626.43,926.12,605.41,1048.16,571.32,949.90,549.05,925.21,581.76,929.69,608.35,1071.60,535.67,969.91,514.09,947.50,553.31,956.15,585.71,1088.52,521.78,996.70,502.51,980.08,538.28,989.77,565.76,1097.82,522.08,1026.22,506.32,1008.27,530.73,1014.46,552.15
EK_0107_P21_01_frame_0000005458_r.jpg,0,1115.04,882.93,1024.83,921.21,944.27,894.57,885.61,838.61,840.51,804.78,944.95,839.06,851.82,766.32,830.55,769.40,835.62,783.96,977.50,788.50,883.20,732.66,873.83,756.48,888.30,780.86,1007.03,752.88,918.93,712.01,913.80,737.86,929.80,759.72,1032.52,730.10,968.03,716.34,962.80,739.34,976.50,756.13
EK_0107_P21_01_frame_0000005458_r.jpg,1,634.12,837.55,632.24,762.07,674.41,713.02,740.79,693.25,785.28,686.75,728.84,705.71,792.84,681.82,792.42,688.66,779.98,701.48,745.55,733.33,800.84,724.53,787.50,728.95,763.00,737.14,753.49,756.41,803.67,746.25,789.81,747.09,763.47,754.26,754.51,775.66,794.99,762.57,790.77,757.34,774.29,757.83
EK_0107_P21_01_frame_0000009100_l.jpg,0,684.83,1154.64,783.66,1103.67,861.04,1049.59,917.29,1021.96,958.83,1007.43,774.69,914.45,802.42,798.14,812.49,736.79,813.02,685.05,698.47,913.27,724.83,792.42,743.21,713.37,753.52,654.80,638.28,940.33,676.21,865.96,705.10,886.87,720.26,915.34,602.32,976.93,638.67,935.06,662.24,952.96,676.69,980.73
EK_0107_P21_01_frame_0000009729_l.jpg,0,668.88,1025.20,667.33,987.50,681.94,923.36,727.54,863.74,779.12,830.87,670.03,825.99,740.61,757.51,795.49,764.68,832.49,786.34,700.45,820.71,757.25,734.20,811.72,733.39,853.44,755.91,731.76,832.83,785.40,768.08,832.91,776.31,866.30,803.40,761.59,855.24,806.10,818.06,838.45,827.94,860.14,850.20
EK_0107_P21_01_frame_0000009729_l.jpg,1,1077.14,1065.77,1013.27,1051.41,958.23,994.87,900.32,948.88,840.87,933.21,1051.06,878.25,964.21,798.43,909.60,816.28,872.88,847.10,1078.14,868.68,972.95,810.53,913.90,832.85,876.64,862.06,1084.65,876.51,988.81,836.98,934.69,854.09,899.13,876.05,1081.01,888.46,1012.19,861.52,966.33,871.14,935.42,888.76
EK_0107_P21_01_frame_0000010525_r.jpg,0,1062.72,952.48,1009.98,931.54,959.13,887.76,906.57,858.86,859.46,837.00,1000.36,800.40,935.24,755.56,901.76,769.13,886.17,793.12,1000.04,814.27,932.79,783.61,896.57,805.01,880.19,830.37,995.35,833.93,932.61,814.85,898.99,834.12,878.54,851.20,986.58,853.83,929.90,842.42,899.14,853.06,883.27,863.83
EK_0107_P21_01_frame_0000010944_r.jpg,0,1035.54,961.78,952.39,977.21,884.24,940.26,842.08,891.60,809.07,858.77,899.38,838.77,840.46,792.60,809.52,799.59,794.25,813.84,934.45,816.00,870.71,767.68,837.74,783.07,826.59,804.80,961.61,816.03,904.57,776.32,872.48,787.67,860.47,805.43,980.26,826.34,934.25,800.84,904.05,808.98,890.51,822.27
EK_0107_P21_01_frame_0000011668_r.jpg,0,983.22,659.29,921.74,663.30,883.38,630.23,862.49,600.71,839.36,585.89,911.53,543.22,895.40,483.01,881.56,452.94,869.82,436.28,943.44,536.94,925.44,475.95,901.96,460.90,885.69,457.94,967.02,540.62,950.53,490.40,927.00,479.99,911.44,478.13,981.17,548.79,964.83,510.13,945.51,497.00,932.43,492.82
EK_0107_P21_01_frame_0000013695_r.jpg,0,1173.88,833.31,1079.10,863.87,1012.02,852.00,983.78,837.29,977.57,821.76,1003.95,707.43,972.44,650.89,974.57,666.47,991.22,685.91,1050.84,685.27,1021.99,651.36,1016.87,677.69,1030.10,705.05,1097.98,687.42,1070.89,679.08,1064.64,704.99,1073.79,730.30,1137.92,698.52,1109.80,691.49,1102.31,714.35,1108.88,737.93
EK_0107_P21_01_frame_0000017058_r.jpg,0,1403.12,803.73,1311.10,844.38,1213.36,839.59,1147.32,827.38,1107.48,801.95,1232.25,684.07,1161.29,646.31,1128.25,665.92,1118.43,695.49,1274.04,656.04,1201.05,642.77,1163.70,668.60,1152.82,698.83,1309.11,652.80,1244.58,653.89,1210.26,672.04,1197.32,698.57,1335.26,659.68,1277.59,662.38,1248.56,679.08,1236.60,701.88
EK_0107_P21_01_frame_0000017861_r.jpg,0,616.78,837.81,689.79,830.04,739.82,788.87,767.03,746.67,777.56,724.52,704.20,742.15,755.10,689.16,771.69,706.04,770.45,729.65,666.95,716.94,713.56,648.30,736.10,667.92,737.92,696.62,637.90,705.98,680.42,654.21,699.72,677.45,700.53,701.50,618.38,708.42,652.78,672.77,672.64,685.44,677.12,702.10
EK_0107_P21_01_frame_0000017861_r.jpg,1,1317.61,1067.34,1305.23,1070.07,1261.99,1028.72,1195.51,992.73,1126.18,953.79,1325.42,897.18,1281.21,819.75,1223.24,823.46,1174.39,846.87,1280.86,892.79,1220.92,814.80,1163.33,830.71,1126.98,865.79,1238.17,901.83,1176.20,845.94,1130.94,878.38,1106.20,915.90,1206.64,918.76,1157.13,891.79,1130.16,918.10,1118.83,945.90
EK_0107_P21_01_frame_0000018958_r.jpg,0,1283.10,538.75,1192.78,543.59,1105.49,524.51,1050.77,522.90,1018.08,515.75,1135.86,392.30,1051.46,428.80,1013.16,467.79,990.79,488.76,1161.87,390.58,1077.16,444.39,1057.87,497.20,1058.87,531.25,1180.51,404.88,1101.90,458.05,1082.21,507.09,1079.01,534.73,1193.14,418.70,1130.62,462.76,1113.62,500.09,1114.35,525.36
EK_0107_P21_01_frame_0000018958_r.jpg,1,524.01,1105.88,570.87,1077.76,604.67,1000.74,635.77,933.45,658.60,877.17,502.28,937.15,546.31,851.07,600.61,823.14,646.34,815.23,494.64,938.55,551.49,860.25,612.95,840.24,662.92,837.08,499.74,947.31,562.15,882.20,616.94,863.44,662.43,860.57,513.37,958.44,566.20,911.05,609.60,891.21,647.48,880.44
EK_0107_P21_01_frame_0000021845_r.jpg,0,1143.59,458.10,1114.53,365.02,1059.37,298.73,1008.81,274.62,982.88,293.49,1012.61,312.41,958.63,297.58,968.08,307.62,981.41,317.90,1002.37,353.48,953.23,359.22,974.82,362.34,994.33,361.83,998.61,393.97,962.79,398.94,988.19,396.55,1010.69,392.50,1001.38,433.27,984.96,428.08,1001.90,423.16,1018.50,418.03
EK_0107_P21_01_frame_0000022141_l.jpg,0,1178.84,789.55,1097.30,792.92,1046.91,745.52,1018.17,692.13,983.61,672.97,1072.33,666.58,1011.06,621.61,982.74,635.64,973.57,651.71,1104.79,643.12,1040.54,590.14,1009.30,610.85,1000.38,633.11,1128.61,639.15,1071.65,589.87,1040.26,604.49,1030.17,624.15,1143.40,647.14,1101.11,610.45,1070.54,614.76,1057.96,628.33
EK_0107_P21_01_frame_0000022141_l.jpg,1,572.68,860.37,649.76,830.70,687.90,772.27,713.30,715.09,749.23,688.18,630.13,714.04,687.74,649.43,724.28,650.90,744.43,661.48,590.88,701.65,653.33,625.84,692.21,634.66,712.53,653.59,566.60,704.37,618.20,638.61,655.99,642.72,677.36,656.73,553.06,715.48,590.85,663.06,621.41,659.44,640.77,666.69
EK_0107_P21_01_frame_0000022335_r.jpg,0,551.78,1070.12,616.66,997.11,637.27,902.56,646.61,822.37,670.24,771.99,486.09,877.27,564.91,787.32,626.32,764.28,672.56,752.05,443.04,878.10,536.14,786.94,600.14,798.70,637.01,820.96,427.71,885.19,516.00,809.92,566.45,826.16,593.54,852.70,428.85,895.14,494.32,840.40,533.15,847.04,552.74,864.65
EK_0107_P21_01_frame_0000022335_r.jpg,1,1088.22,752.84,1001.86,757.18,940.41,727.21,893.65,711.10,861.91,718.41,972.59,617.82,893.22,638.14,863.53,678.21,848.43,711.50,983.02,599.51,888.96,624.58,864.34,670.55,855.07,710.70,986.99,598.05,894.96,628.56,870.73,672.20,860.87,710.45,984.40,611.14,915.55,636.87,891.68,668.75,878.34,701.75
EK_0107_P21_01_frame_0000025971_l.jpg,0,576.72,1073.87,649.68,1024.16,696.69,933.29,734.35,865.39,765.33,812.89,585.07,854.66,656.83,771.23,700.15,807.92,703.46,854.80,566.25,863.56,645.39,794.88,691.08,831.31,700.68,872.21,565.04,884.76,642.66,832.51,681.95,864.64,689.42,895.68,568.67,905.32,632.10,868.05,661.06,893.65,666.60,918.33
EK_0107_P21_01_frame_0000026355_r.jpg,0,1267.47,853.66,1228.11,800.45,1157.43,743.42,1071.14,736.63,1014.16,753.06,1137.44,662.19,1041.40,654.05,1038.13,700.79,1065.68,732.89,1122.52,708.93,1049.60,740.88,1062.91,803.26,1087.35,841.11,1119.51,755.32,1066.18,796.02,1074.65,859.85,1092.15,899.73,1128.72,792.76,1091.02,818.49,1094.35,859.01,1106.76,892.53
EK_0107_P21_01_frame_0000026457_r.jpg,0,1294.53,629.45,1315.37,569.77,1308.58,517.89,1281.42,486.75,1252.77,470.58,1238.45,531.09,1211.10,497.29,1222.60,483.77,1238.47,486.87,1221.79,556.35,1205.40,518.79,1223.91,506.13,1239.40,506.59,1215.10,578.72,1205.09,545.13,1219.06,530.81,1234.21,529.47,1217.37,597.86,1207.45,572.01,1216.67,560.12,1229.94,561.12
EK_0107_P21_01_frame_0000026948_l.jpg,0,1077.31,979.61,1012.88,960.13,970.76,920.16,932.54,898.69,902.64,891.96,1044.98,827.63,983.78,820.34,961.13,853.75,959.57,881.98,1067.95,834.42,1003.87,828.79,973.32,858.89,962.43,893.75,1079.75,851.63,1016.56,850.54,986.29,876.52,973.85,909.59,1084.36,872.23,1033.67,875.95,1004.65,894.06,986.28,919.84
EK_0107_P21_01_frame_0000027262_r.jpg,0,1226.64,744.59,1151.12,747.35,1096.84,701.02,1063.76,656.06,1038.58,629.20,1157.35,608.36,1116.13,533.30,1079.80,526.86,1059.22,537.40,1193.20,598.29,1150.75,527.77,1112.44,530.44,1092.69,546.56,1213.04,603.38,1175.42,546.63,1140.82,546.59,1118.66,556.76,1219.62,613.91,1184.44,576.34,1153.71,572.56,1133.54,579.84
EK_0107_P21_01_frame_0000029243_l.jpg,0,1150.77,507.51,998.97,529.18,851.84,463.02,749.18,411.28,679.67,393.71,925.58,231.86,765.20,231.68,716.95,302.16,706.34,359.62,976.34,200.63,824.06,231.13,780.69,305.29,773.40,365.94,1009.16,209.70,870.12,250.90,829.95,311.15,819.86,364.72,1026.30,233.42,924.28,265.30,883.30,311.89,866.63,362.90
EK_0107_P21_01_frame_0000030589_r.jpg,0,1194.65,816.44,1082.12,813.46,977.41,762.87,884.88,713.59,814.49,693.43,1062.35,599.82,916.72,578.92,849.15,615.72,808.50,649.11,1078.53,570.04,929.74,553.19,866.42,598.38,829.23,645.52,1080.61,570.99,950.80,558.33,897.46,595.79,865.16,638.09,1073.68,585.88,981.75,573.37,933.97,597.33,900.19,626.87
EK_0107_P21_01_frame_0000030589_r.jpg,1,607.00,1016.52,601.97,922.91,625.55,827.67,666.94,758.62,720.12,719.97,608.96,776.70,674.27,730.46,727.18,717.74,768.33,718.75,643.18,808.01,715.31,777.95,769.93,772.11,814.56,772.75,674.09,845.18,737.13,828.18,782.56,820.10,817.60,820.62,700.86,880.62,740.46,863.41,770.39,857.88,797.46,856.01
EK_0107_P21_01_frame_0000031425_l.jpg,0,1152.68,845.15,1066.50,869.68,1003.46,837.17,965.92,789.24,948.79,751.11,1001.47,778.56,929.12,729.33,917.57,738.81,926.94,754.88,1037.06,735.70,957.32,687.57,931.05,695.21,925.72,709.64,1069.17,708.91,991.10,664.17,965.71,677.86,962.59,694.94,1097.24,698.73,1029.87,666.50,1005.13,679.08,1003.40,697.18
EK_0107_P21_01_frame_0000031425_l.jpg,1,463.30,985.18,538.41,968.22,600.25,892.98,641.87,829.29,678.57,771.26,555.67,805.43,598.09,735.78,647.43,710.60,680.80,707.39,542.91,803.42,595.62,745.57,647.07,730.20,692.16,727.26,541.35,812.05,595.00,761.99,644.65,749.06,687.80,743.63,545.20,830.69,597.62,782.31,640.67,769.64,674.50,766.42
EK_0107_P21_01_frame_0000031884_l.jpg,0,614.91,948.84,695.64,910.18,737.63,826.77,775.89,752.31,806.80,696.67,656.15,746.14,729.92,662.06,776.55,686.57,789.73,717.59,627.31,746.75,710.81,684.87,759.54,711.88,777.19,740.98,616.00,762.66,693.48,720.66,738.74,738.01,759.88,763.14,616.34,780.30,674.70,745.92,713.37,760.29,734.25,784.69
EK_0107_P21_01_frame_0000031884_l.jpg,1,1078.97,825.80,985.97,868.74,903.23,835.31,857.58,772.34,839.07,732.33,898.37,739.83,833.91,654.88,804.95,624.18,792.40,606.74,939.63,696.51,864.45,616.91,837.53,629.32,833.41,647.55,977.64,672.39,908.96,600.21,880.90,616.62,877.56,639.09,1010.29,662.50,959.90,607.93,927.44,613.42,913.85,628.21
EK_0107_P21_01_frame_0000032010_l.jpg,0,1074.46,689.59,989.60,744.89,901.62,723.43,827.75,684.16,766.91,677.36,887.18,619.05,785.74,593.17,750.20,618.22,738.42,638.03,912.27,575.57,810.79,550.95,782.48,587.89,780.86,612.83,937.60,556.72,844.49,532.20,824.93,566.13,832.65,590.15,958.33,549.21,885.68,523.64,860.62,545.87,864.31,565.68
EK_0107_P21_01_frame_0000032010_l.jpg,1,578.91,787.60,671.29,755.56,720.96,663.51,753.81,583.53,769.42,526.60,624.07,580.89,686.53,488.91,733.33,517.42,744.23,553.81,582.95,578.34,659.50,509.03,707.51,543.20,719.89,577.94,562.65,592.38,636.84,540.56,681.26,564.81,696.54,595.10,557.44,609.46,617.04,570.09,655.08,588.20,670.31,615.94
EK_0107_P21_01_frame_0000032327_l.jpg,0,1276.35,920.92,1196.90,915.15,1133.80,871.29,1084.09,831.67,1051.76,795.93,1221.66,780.87,1211.16,678.96,1179.78,638.08,1154.95,617.41,1259.59,770.04,1241.78,659.89,1198.65,640.10,1169.67,645.23,1279.08,771.31,1251.24,688.70,1210.25,670.80,1181.80,669.39,1283.63,777.89,1250.26,722.98,1215.16,708.19,1190.82,706.59
EK_0107_P21_01_frame_0000032327_l.jpg,1,598.51,868.25,654.61,815.10,682.72,737.32,702.32,681.37,715.20,639.20,598.90,696.34,618.91,624.01,662.77,607.76,695.64,616.69,585.90,711.53,646.81,663.14,692.96,672.98,718.74,695.46,584.42,730.59,646.51,704.22,687.29,714.02,710.13,732.79,588.69,748.04,637.97,725.29,672.63,732.81,693.21,750.43
EK_0107_P21_01_frame_0000033321_r.jpg,0,1215.41,685.57,1162.67,656.65,1125.81,620.40,1091.71,600.37,1060.22,584.35,1210.60,571.46,1204.44,514.37,1181.32,497.54,1160.85,499.50,1237.03,580.05,1226.85,526.27,1199.95,510.43,1178.46,511.33,1250.70,593.71,1239.18,550.18,1217.93,534.11,1197.61,534.41,1255.46,607.22,1246.02,572.48,1228.25,557.03,1208.81,555.56
EK_0107_P21_01_frame_0000035994_r.jpg,0,1078.10,787.42,992.78,824.18,929.89,799.07,888.64,759.50,852.09,744.40,911.23,696.10,847.45,672.25,849.30,698.60,869.18,716.00,948.83,659.08,878.37,636.04,872.84,666.91,888.97,688.63,985.76,642.92,924.42,630.91,915.10,656.29,927.32,673.31,1018.10,643.25,972.25,642.44,961.23,661.95,970.14,677.78
EK_0107_P21_01_frame_0000036923_r.jpg,0,1129.11,669.91,1043.71,650.47,985.02,599.03,940.12,574.58,901.32,582.17,1039.92,496.44,995.09,452.07,976.28,478.11,973.66,505.12,1077.20,492.79,1023.71,480.95,997.86,507.56,989.43,535.78,1102.23,509.48,1048.77,508.09,1025.01,524.49,1015.28,547.62,1115.55,526.47,1072.44,523.77,1053.55,536.87,1046.43,557.03
EK_0112_P02_12_frame_0000000342_r.jpg,0,1317.55,383.23,1259.63,307.95,1214.79,237.61,1170.91,179.33,1128.97,140.79,1309.43,174.69,1278.43,97.52,1241.99,108.77,1214.82,138.53,1314.46,191.69,1277.41,126.09,1231.97,130.28,1201.79,151.14,1309.14,215.31,1270.46,162.29,1228.78,159.33,1199.28,177.34,1299.08,237.18,1271.36,198.37,1236.03,192.04,1211.36,202.43
EK_0112_P02_12_frame_0000000497_r.jpg,0,1470.16,565.23,1398.33,501.54,1354.99,420.51,1311.40,360.22,1277.52,319.68,1507.04,356.49,1530.89,248.87,1479.20,231.74,1427.65,243.00,1536.44,372.61,1516.85,271.90,1458.55,251.88,1415.16,263.68,1545.82,395.70,1515.06,309.59,1467.45,295.26,1424.49,307.73,1541.59,414.34,1513.63,353.20,1472.28,340.30,1433.70,347.43
EK_0112_P02_12_frame_0000000737_r.jpg,0,1588.65,464.00,1445.77,415.27,1371.31,316.59,1317.47,235.71,1258.14,202.66,1421.38,181.11,1319.27,110.37,1277.51,140.48,1259.25,173.02,1491.39,151.75,1373.46,93.20,1328.69,134.88,1313.08,175.99,1549.17,155.95,1434.75,110.72,1393.18,150.21,1383.08,193.46,1587.02,177.15,1508.06,137.71,1465.07,166.17,1450.35,205.73
EK_0112_P02_12_frame_0000001635_l.jpg,0,669.02,841.16,734.33,816.13,759.73,775.36,767.31,736.65,787.29,715.41,729.92,699.45,726.49,637.03,726.44,622.54,727.29,619.33,689.95,697.75,695.45,657.27,707.80,670.05,714.64,686.37,658.48,710.08,668.23,679.88,680.80,692.34,687.34,709.47,631.91,729.79,645.54,707.43,657.58,714.67,665.35,728.81
EK_0112_P02_12_frame_0000001896_r.jpg,0,1560.07,977.33,1541.28,887.57,1550.59,792.32,1546.75,716.85,1544.83,651.56,1663.54,765.65,1612.14,694.78,1562.02,675.58,1531.01,676.40,1651.71,789.38,1573.73,737.80,1524.79,767.22,1507.32,807.91,1630.68,810.73,1566.22,766.57,1523.46,794.00,1508.06,829.63,1613.31,823.48,1560.76,798.71,1529.03,817.33,1520.33,841.77
EK_0112_P02_12_frame_0000002489_r.jpg,0,1282.93,282.53,1191.37,247.68,1138.89,185.05,1111.49,133.04,1090.99,101.34,1213.77,99.42,1181.15,17.68,1164.06,-0.58,1157.98,-1.97,1269.14,102.02,1267.94,18.88,1249.20,0.07,1236.83,0.87,1312.07,125.27,1319.22,55.39,1302.20,44.36,1287.23,51.28,1336.94,160.83,1354.49,127.32,1338.22,119.12,1324.16,126.00
EK_0112_P02_12_frame_0000004158_r.jpg,0,1346.02,435.66,1283.63,360.74,1246.49,287.92,1207.82,241.88,1170.05,211.03,1385.63,236.91,1377.99,193.23,1339.97,200.23,1314.35,215.56,1414.44,263.95,1394.62,221.59,1355.00,218.30,1329.61,233.71,1423.49,298.51,1405.05,253.75,1375.40,247.13,1350.09,262.76,1425.36,326.33,1408.04,286.83,1382.84,276.26,1361.18,283.09
EK_0112_P02_12_frame_0000004235_r.jpg,0,1255.08,928.44,1143.55,911.71,1065.54,869.94,1012.95,819.58,981.21,771.89,1124.39,743.33,1072.20,640.06,1041.57,641.72,1034.99,673.69,1189.75,720.64,1158.77,605.99,1120.16,610.59,1102.52,640.65,1244.37,719.54,1227.02,619.14,1188.38,614.36,1164.23,635.54,1283.62,736.49,1273.85,654.06,1237.48,645.25,1214.98,657.02
EK_0112_P02_12_frame_0000004882_r.jpg,0,1447.51,898.98,1392.32,852.87,1367.29,797.95,1343.12,753.17,1317.25,721.75,1449.77,746.52,1433.90,685.60,1402.17,685.29,1374.07,700.02,1471.95,758.62,1447.76,702.39,1409.64,700.99,1381.83,713.50,1478.60,777.19,1453.21,728.21,1421.28,723.10,1393.98,734.13,1476.39,793.18,1458.52,755.19,1430.86,747.68,1404.74,754.68
EK_0112_P02_12_frame_0000005166_l.jpg,0,239.35,1046.61,336.33,1003.19,389.90,942.29,446.09,886.10,497.60,859.24,336.34,847.80,377.01,762.79,391.08,776.52,393.70,808.07,271.55,832.38,317.83,773.49,332.96,802.66,334.22,835.33,217.76,838.80,260.57,812.56,274.54,840.20,272.58,871.25,173.76,854.60,208.02,840.35,221.82,862.99,224.27,888.42
EK_0112_P02_12_frame_0000005356_l.jpg,0,327.63,1078.85,423.07,1033.35,473.89,970.34,525.36,911.84,573.20,881.47,415.79,882.27,452.74,793.40,468.11,805.91,471.22,837.78,350.67,871.91,396.33,808.96,413.28,833.34,414.80,862.03,296.78,880.48,339.91,844.60,354.39,868.28,352.23,898.30,254.47,898.01,288.57,873.58,305.34,890.76,309.02,914.46
EK_0112_P02_12_frame_0000007074_l.jpg,0,1634.85,1005.33,1505.33,1028.71,1385.44,959.99,1306.69,854.92,1258.93,765.74,1418.48,995.48,1262.84,832.30,1227.96,733.14,1253.32,696.03,1505.26,940.69,1348.31,747.86,1309.65,687.99,1325.82,695.35,1588.20,882.37,1450.58,700.98,1400.88,662.40,1402.87,686.56,1660.83,826.32,1570.62,689.58,1524.51,673.18,1514.78,701.87
EK_0112_P02_12_frame_0000007372_r.jpg,0,1534.99,614.01,1419.93,563.74,1364.44,482.09,1323.97,406.84,1288.78,371.57,1382.19,399.11,1346.30,303.62,1355.02,331.83,1369.05,367.36,1450.96,375.88,1409.62,274.12,1409.52,313.09,1423.16,348.15,1520.46,371.91,1476.96,263.77,1468.51,298.36,1478.18,334.04,1581.37,386.89,1562.99,287.86,1541.81,298.06,1538.13,326.65
EK_0112_P02_12_frame_0000007418_r.jpg,0,1406.48,578.64,1300.11,626.32,1220.21,605.62,1157.32,572.37,1110.59,559.77,1178.92,505.72,1088.28,496.16,1112.77,529.57,1148.12,543.55,1212.53,445.89,1108.50,432.45,1130.21,477.89,1159.08,496.38,1253.47,413.73,1154.27,380.81,1160.84,420.28,1189.53,444.70,1302.11,399.41,1251.54,342.56,1230.35,359.13,1231.86,380.59
EK_0112_P02_12_frame_0000007478_l.jpg,0,1671.24,1106.59,1537.65,1095.84,1422.33,1023.83,1364.23,913.21,1336.67,834.89,1520.21,1045.45,1381.46,856.70,1303.29,762.01,1257.20,729.69,1618.41,987.13,1488.98,783.35,1382.00,699.43,1323.79,693.59,1698.34,926.88,1608.83,748.68,1520.73,708.32,1474.61,735.80,1758.80,877.10,1748.09,743.45,1696.20,724.15,1658.89,745.31
EK_0112_P02_12_frame_0000008005_r.jpg,0,1342.86,955.67,1206.82,937.96,1127.18,872.23,1076.76,794.51,1039.44,738.71,1167.07,749.01,1097.45,687.11,1091.77,737.22,1110.42,775.94,1235.34,723.20,1159.47,705.15,1152.99,754.02,1173.52,785.03,1292.71,727.57,1218.86,716.49,1211.79,755.62,1230.60,789.60,1333.49,739.06,1272.89,726.72,1261.89,759.17,1276.70,788.59
EK_0112_P02_12_frame_0000008005_r.jpg,1,332.31,1101.91,426.43,1045.59,478.44,971.48,530.66,905.20,576.99,865.45,403.27,881.05,446.35,789.05,466.10,810.73,468.99,842.61,339.19,873.37,394.64,803.09,419.99,826.21,424.05,855.63,288.70,884.82,343.10,842.84,364.22,865.24,364.18,894.99,250.79,904.53,292.59,875.63,313.94,890.61,320.20,913.75
EK_0112_P02_12_frame_0000008456_l.jpg,0,1556.32,961.79,1441.38,919.85,1384.93,843.87,1347.86,765.26,1317.38,709.61,1438.82,754.66,1378.51,675.49,1374.33,723.21,1388.84,761.49,1500.86,737.58,1436.61,700.29,1428.20,749.73,1439.09,780.25,1550.29,743.08,1490.08,716.16,1480.19,756.90,1488.92,792.20,1584.71,755.33,1536.88,731.68,1522.55,762.31,1525.97,794.27
EK_0112_P02_12_frame_0000009197_r.jpg,0,1453.15,991.90,1405.16,924.85,1386.11,850.87,1376.07,792.38,1365.72,744.55,1472.64,806.93,1441.57,734.40,1401.63,718.52,1367.23,714.09,1490.71,824.35,1437.46,771.26,1388.55,767.44,1349.36,776.82,1488.87,844.33,1436.03,804.52,1393.27,800.02,1359.22,804.49,1483.34,861.58,1442.84,832.55,1407.74,826.92,1378.66,830.24
EK_0112_P02_12_frame_0000009508_l.jpg,0,1562.64,1091.20,1500.25,1046.78,1467.11,981.99,1438.93,930.73,1403.08,895.91,1552.81,919.85,1549.81,841.41,1518.93,824.11,1488.73,822.95,1582.86,936.62,1521.55,912.70,1473.75,939.43,1454.71,964.08,1593.42,962.17,1529.20,947.66,1491.54,968.31,1472.89,992.35,1598.60,982.25,1551.20,963.51,1517.68,975.52,1499.11,995.73
EK_0112_P02_12_frame_0000009953_r.jpg,0,1617.14,719.04,1501.97,730.26,1418.21,676.16,1345.35,608.97,1289.95,558.76,1470.42,529.27,1342.84,493.82,1342.97,556.23,1377.92,586.82,1515.66,499.49,1387.83,484.96,1385.14,549.00,1416.34,575.38,1546.47,500.44,1432.96,496.69,1428.56,549.28,1459.98,577.77,1562.42,508.78,1470.07,504.91,1463.27,544.70,1489.71,569.54
EK_0112_P02_12_frame_0000011209_r.jpg,0,1522.74,1097.89,1431.11,1061.11,1375.93,998.75,1327.56,937.23,1267.22,910.35,1438.29,913.27,1429.68,800.58,1401.92,778.56,1379.79,796.28,1501.48,905.14,1484.47,786.46,1454.65,764.56,1428.89,769.98,1547.51,908.49,1532.63,801.52,1504.62,777.26,1477.36,784.21,1576.65,918.73,1558.80,836.52,1534.84,808.00,1513.72,805.30
EK_0112_P02_12_frame_0000012195_r.jpg,0,1584.98,737.03,1457.16,738.66,1381.10,683.72,1328.89,629.38,1299.00,596.59,1369.12,577.29,1309.30,499.98,1323.48,545.18,1345.81,579.91,1432.46,535.64,1372.93,498.14,1378.93,541.28,1398.26,570.92,1494.97,521.58,1439.12,510.93,1440.65,543.87,1460.69,573.02,1547.69,516.65,1494.68,510.14,1493.44,540.50,1511.01,565.99
EK_0112_P02_12_frame_0000014273_r.jpg,0,1466.25,782.24,1536.59,706.94,1579.23,615.93,1582.19,529.12,1564.92,460.94,1606.88,607.05,1608.85,525.66,1593.31,476.65,1575.79,442.76,1557.80,601.90,1562.74,519.69,1554.47,463.63,1549.35,416.64,1511.47,603.95,1516.81,521.24,1516.79,468.99,1519.32,422.16,1466.13,608.40,1476.42,542.11,1481.73,498.26,1490.19,456.33
EK_0112_P02_12_frame_0000016442_l.jpg,0,1167.43,977.04,1156.72,893.36,1125.08,827.02,1079.03,780.15,1047.43,742.62,1096.04,797.18,1052.03,758.79,1033.83,752.52,1025.14,752.22,1078.48,828.61,1035.95,794.38,1022.29,784.96,1015.67,779.56,1067.05,859.96,1032.19,832.42,1017.91,816.52,1007.55,803.33,1058.71,892.02,1033.71,866.96,1023.38,853.52,1013.95,841.90
EK_0112_P02_12_frame_0000016442_l.jpg,1,474.13,1055.23,439.99,1011.31,420.56,956.75,393.02,922.09,363.27,898.87,477.43,944.44,493.23,906.32,512.30,876.92,527.18,853.54,506.62,960.02,526.02,921.01,542.12,895.14,557.10,869.16,532.27,980.06,550.86,944.59,567.92,921.00,582.06,895.88,553.08,1003.01,573.38,972.14,587.08,951.16,599.13,931.05
EK_0112_P02_12_frame_0000016774_r.jpg,0,1418.97,1084.44,1361.50,1046.68,1340.14,987.00,1340.91,922.42,1343.49,868.94,1435.92,957.62,1458.33,866.69,1446.50,815.79,1429.20,785.55,1478.99,964.23,1500.14,868.68,1480.88,815.48,1458.09,783.54,1502.23,972.27,1529.00,887.41,1510.31,840.57,1486.85,812.59,1510.66,980.01,1534.26,915.55,1525.95,878.61,1512.08,855.41
EK_0112_P02_12_frame_0000017161_r.jpg,0,1209.72,937.68,1204.17,848.70,1189.92,793.28,1162.39,764.70,1132.24,775.15,1198.83,809.28,1167.13,780.00,1139.59,776.88,1118.26,785.21,1175.60,833.18,1135.87,811.12,1101.51,805.35,1075.96,807.94,1154.08,853.87,1112.13,834.88,1080.45,830.13,1057.52,827.75,1135.77,873.33,1098.74,852.37,1070.31,844.08,1045.52,837.22
EK_0112_P02_12_frame_0000017361_r.jpg,0,1311.11,662.64,1259.11,631.02,1254.18,600.45,1264.84,576.20,1279.82,560.37,1253.30,542.30,1254.34,499.70,1258.87,502.17,1265.29,509.69,1288.63,539.74,1279.42,480.25,1275.18,448.28,1276.48,425.76,1322.97,549.51,1327.40,519.81,1317.01,538.31,1315.99,553.98,1354.75,563.96,1344.69,558.08,1334.29,575.08,1331.42,586.26
EK_0112_P02_12_frame_0000017869_r.jpg,0,1099.60,718.09,1021.79,725.94,973.38,694.14,954.34,647.93,957.34,614.67,974.36,624.77,912.73,566.07,884.54,537.41,869.84,512.21,1010.80,594.52,943.95,528.36,910.21,497.23,892.88,473.01,1053.91,578.94,1022.94,517.85,1013.01,539.53,1016.11,563.44,1096.29,575.24,1073.29,538.65,1064.11,558.04,1066.01,576.56
EK_0112_P02_12_frame_0000017998_l.jpg,0,738.08,599.17,823.78,560.52,880.24,515.53,933.51,480.06,979.32,462.37,810.99,425.09,849.97,337.03,872.66,286.52,890.32,247.27,752.55,418.05,756.43,309.92,760.55,248.19,761.12,201.74,703.87,430.62,685.57,337.57,678.61,276.05,673.55,228.09,669.73,453.43,645.02,387.52,631.94,345.30,622.69,309.79
EK_0112_P02_12_frame_0000017998_l.jpg,1,1356.70,805.39,1283.55,781.57,1228.37,724.26,1187.31,676.11,1148.57,639.68,1293.05,632.64,1288.41,548.76,1260.27,526.24,1239.39,529.31,1321.57,635.05,1301.45,561.76,1266.59,545.23,1239.25,547.92,1335.24,650.09,1305.88,599.74,1274.71,584.46,1248.67,589.12,1340.15,666.82,1311.24,626.67,1282.63,613.36,1260.10,615.35
EK_0112_P02_12_frame_0000018496_r.jpg,0,1381.62,783.54,1280.55,840.59,1200.43,845.22,1139.12,843.51,1088.09,843.11,1185.23,753.77,1155.50,806.16,1181.86,843.46,1199.96,856.08,1226.23,722.97,1203.77,790.64,1222.79,842.59,1245.96,870.04,1269.21,717.48,1244.96,777.60,1253.90,831.68,1271.31,856.24,1301.71,716.54,1279.21,762.54,1285.01,803.59,1298.14,826.22
EK_0112_P02_12_frame_0000018496_r.jpg,1,832.61,939.74,883.46,866.47,881.69,778.08,880.27,710.71,877.00,637.78,782.67,726.36,767.32,642.39,786.18,592.85,809.35,566.95,783.09,743.46,767.51,666.19,788.87,620.55,815.86,593.26,797.34,762.71,799.86,698.33,821.54,658.16,843.57,631.83,817.94,782.72,825.75,728.80,844.54,701.28,864.91,680.39
EK_0112_P02_12_frame_0000018650_r.jpg,0,826.11,755.63,907.18,715.32,940.51,641.68,966.09,584.77,998.00,542.69,868.86,555.25,919.36,485.71,958.50,476.82,981.65,482.68,836.76,570.61,894.59,517.19,940.52,516.57,972.07,525.59,822.23,594.48,873.94,553.98,918.59,553.09,950.90,562.98,817.73,615.59,857.38,584.54,893.63,580.53,923.82,587.89
EK_0112_P02_12_frame_0000018650_r.jpg,1,1248.64,674.56,1227.39,744.19,1213.44,784.18,1211.78,819.82,1221.15,853.17,1101.32,745.17,1104.78,715.74,1128.31,703.41,1150.83,704.39,1100.73,691.26,1107.72,666.34,1131.69,667.14,1154.81,673.41,1118.32,639.90,1125.35,628.93,1144.96,628.38,1166.60,635.57,1142.64,596.81,1149.80,583.16,1167.08,587.60,1186.22,598.74
EK_0112_P02_12_frame_0000019641_r.jpg,0,1577.16,660.01,1475.52,681.35,1385.67,670.80,1307.56,661.82,1241.41,652.91,1358.10,558.32,1270.48,607.34,1268.89,658.71,1284.50,682.25,1385.03,549.04,1303.85,606.71,1301.97,659.18,1318.58,692.50,1411.65,563.01,1341.35,618.88,1334.98,667.11,1347.59,698.32,1429.54,579.77,1375.16,626.05,1364.83,664.80,1369.57,688.80
EK_0112_P02_12_frame_0000019641_r.jpg,1,832.18,500.58,960.37,461.43,1024.60,392.04,1047.00,324.67,1063.68,290.83,973.26,254.95,1059.94,230.17,1084.56,269.49,1086.95,300.75,910.67,235.92,1001.17,227.70,1024.85,272.94,1024.61,305.61,865.72,248.71,939.38,241.11,968.32,278.73,971.73,316.80,832.11,274.91,887.98,264.80,915.39,290.22,923.27,321.99
EK_0112_P02_12_frame_0000021407_l.jpg,0,491.78,665.65,515.44,586.78,537.62,535.06,562.81,499.56,577.20,465.27,508.93,544.03,520.42,525.12,537.69,519.36,546.43,513.46,522.92,576.97,550.81,557.90,561.00,561.22,555.58,566.96,539.94,606.97,570.64,591.44,578.32,596.30,572.46,600.63,557.73,632.55,583.68,624.94,584.91,627.90,575.07,631.38
EK_0112_P02_12_frame_0000022730_l.jpg,0,843.67,718.29,899.51,657.24,914.62,581.46,933.61,518.69,958.10,474.89,804.10,561.42,752.35,484.62,719.03,441.97,693.44,407.27,766.08,574.64,733.57,493.07,717.21,436.48,704.40,396.44,752.28,591.07,767.79,525.70,792.77,517.46,810.26,523.18,749.82,602.78,775.25,555.68,792.41,553.68,807.52,561.31
EK_0112_P02_12_frame_0000022993_l.jpg,0,883.64,877.39,959.08,880.35,1010.18,846.19,1049.86,804.02,1089.65,787.05,980.45,755.37,995.99,675.30,1001.79,627.14,1002.86,590.75,943.77,741.67,967.68,662.41,979.40,611.82,986.09,575.20,909.86,740.18,934.59,668.46,947.90,623.21,957.51,588.86,879.70,746.12,900.92,691.86,913.38,658.57,924.99,632.71
EK_0112_P02_12_frame_0000023196_r.jpg,0,843.08,783.20,916.58,764.36,955.97,713.07,980.83,660.30,1013.85,632.85,914.90,635.33,910.04,554.75,903.15,509.58,895.65,476.80,874.91,630.04,873.67,546.48,869.49,497.35,866.08,461.46,839.31,635.13,842.51,559.59,842.38,516.54,842.54,484.24,808.56,647.49,812.90,594.43,815.77,563.65,820.10,539.73
EK_0112_P02_12_frame_0000025406_r.jpg,0,928.65,840.53,987.61,826.02,1035.55,780.39,1066.67,733.66,1090.34,693.53,1050.04,728.37,1080.46,692.79,1100.25,675.88,1106.43,667.23,1027.59,712.99,1059.75,674.06,1082.85,664.05,1096.95,657.33,998.67,702.34,1027.48,674.65,1027.79,700.81,1019.54,719.90,965.84,694.80,998.24,679.51,1001.71,700.86,998.64,717.66
EK_0112_P02_12_frame_0000025406_r.jpg,1,1155.35,1099.74,1199.53,1047.55,1221.30,981.99,1220.97,926.09,1218.59,881.62,1218.73,927.24,1210.85,856.56,1190.18,814.42,1169.75,784.58,1186.53,935.72,1177.18,863.24,1157.15,820.74,1137.80,789.64,1151.50,955.29,1134.98,886.72,1116.10,847.93,1099.79,819.01,1112.78,985.26,1083.16,938.43,1064.22,905.77,1047.52,877.47
EK_0112_P02_12_frame_0000028409_l.jpg,0,991.21,886.46,915.12,919.99,842.90,905.11,790.74,885.88,754.49,885.91,835.42,786.13,803.76,731.72,794.73,709.89,789.20,693.92,864.74,746.56,829.49,682.88,813.33,652.81,804.94,634.30,902.54,723.82,873.46,674.26,856.49,652.37,843.72,636.39,943.44,714.24,922.68,674.50,908.72,663.05,899.78,660.60
EK_0112_P02_12_frame_0000028620_r.jpg,0,790.47,705.69,885.34,691.24,946.78,620.57,976.45,553.64,1000.39,497.89,923.71,544.52,971.50,468.95,1022.95,452.65,1060.01,456.98,901.80,546.00,951.49,475.74,1003.12,463.61,1036.24,475.65,890.56,564.19,937.41,510.60,982.54,501.09,1014.33,506.68,887.87,589.19,929.57,562.42,961.40,560.53,983.30,570.20
EK_0112_P02_12_frame_0000028865_l.jpg,0,902.94,1107.31,1002.91,1103.54,1081.44,1071.73,1154.79,1039.96,1217.37,1034.43,1069.64,965.06,1148.60,859.09,1177.46,807.54,1191.96,770.26,1011.70,935.75,1086.08,824.63,1103.26,784.16,1102.68,766.99,950.21,917.76,1016.00,807.97,1035.77,762.44,1041.14,739.62,890.26,909.65,906.26,818.87,917.01,766.59,928.58,725.32
EK_0112_P02_12_frame_0000035506_l.jpg,0,484.97,783.00,546.77,755.89,602.61,716.35,665.09,690.64,720.24,656.98,534.79,596.40,603.21,564.21,662.15,569.54,702.00,587.65,526.79,577.37,594.25,507.56,659.84,514.98,703.54,546.93,520.90,558.99,574.17,483.42,637.65,495.39,678.66,530.82,516.00,543.94,543.61,477.28,585.55,476.16,621.13,497.25
EK_0112_P02_12_frame_0000035645_r.jpg,0,741.22,878.46,655.39,848.10,606.72,774.94,581.36,708.90,541.49,662.91,696.74,681.48,712.38,587.75,725.56,525.51,736.21,475.73,751.26,690.07,773.67,594.34,787.15,527.73,797.82,475.49,799.40,716.65,819.25,628.09,827.85,566.27,834.56,516.70,846.20,753.68,870.77,688.29,879.89,644.02,885.31,605.47
EK_0112_P02_12_frame_0000035736_r.jpg,0,892.52,667.05,980.84,669.73,1044.86,665.92,1084.34,691.09,1114.73,719.33,1043.93,557.68,1097.81,566.69,1128.01,590.48,1141.59,612.31,1006.93,553.29,1062.00,567.80,1090.22,594.84,1109.89,619.02,977.03,561.57,1020.55,570.44,1047.78,588.66,1066.91,608.44,955.61,576.78,988.13,577.91,1005.05,589.70,1017.06,603.43
EK_0112_P02_12_frame_0000035736_r.jpg,1,1307.82,628.13,1216.29,641.18,1157.92,629.11,1119.16,624.10,1084.47,621.99,1144.23,508.98,1100.21,519.38,1078.36,527.69,1067.93,532.73,1178.67,490.68,1133.34,490.98,1114.60,504.85,1104.71,523.17,1213.17,488.30,1177.80,488.90,1159.17,503.70,1152.50,521.82,1243.82,496.31,1213.95,496.91,1198.72,515.35,1192.37,533.59
EK_0112_P02_12_frame_0000035900_l.jpg,0,1252.27,727.52,1175.15,779.23,1125.01,791.96,1106.23,810.99,1095.31,838.69,1074.97,678.27,1037.47,629.80,1031.00,602.25,1033.33,587.83,1110.65,631.60,1058.58,576.05,1047.49,556.02,1044.35,543.97,1160.01,600.65,1120.81,541.93,1110.59,518.91,1106.77,508.41,1215.74,584.52,1205.11,526.13,1198.65,496.00,1193.39,482.00
EK_0112_P02_12_frame_0000035900_l.jpg,1,886.47,971.30,899.82,912.49,932.68,850.63,983.70,803.76,1033.00,769.37,866.91,775.87,915.29,712.87,966.62,692.00,1010.97,689.96,906.89,791.85,968.25,735.61,1021.73,738.68,1063.55,756.13,942.66,809.07,999.65,771.11,1044.97,775.72,1078.73,795.80,970.98,831.01,1017.96,796.27,1052.16,795.04,1078.42,805.81
EK_0112_P02_12_frame_0000037691_l.jpg,0,1196.62,891.46,1089.49,868.14,1022.79,793.21,976.39,698.40,951.47,620.22,1068.37,681.46,979.07,550.22,931.47,486.40,898.54,440.15,1121.91,649.11,1024.06,512.17,967.73,452.72,922.89,417.51,1162.54,639.33,1086.82,518.84,1037.65,465.31,996.05,435.56,1189.66,644.74,1156.68,564.35,1132.17,523.82,1109.40,501.86
EK_0112_P02_12_frame_0000038245_l.jpg,0,558.52,1012.54,512.75,933.86,517.62,839.42,538.73,764.33,540.23,689.13,586.15,779.12,622.69,698.29,653.08,657.04,681.80,625.43,632.18,803.67,672.00,716.46,703.49,668.16,732.96,631.22,663.43,837.85,709.34,760.74,739.42,714.65,771.23,677.59,696.20,882.94,738.54,832.08,764.28,801.04,792.00,769.41
EK_0112_P02_12_frame_0000038245_l.jpg,1,1274.61,988.90,1191.91,981.79,1126.57,925.46,1078.27,884.86,1035.28,868.04,1153.54,838.64,1108.64,759.95,1079.85,720.13,1053.67,693.13,1200.83,818.94,1159.64,742.12,1130.11,709.21,1104.64,689.66,1246.11,819.25,1213.26,751.11,1185.03,717.67,1161.63,695.13,1283.64,832.03,1257.32,782.15,1236.60,760.89,1218.55,750.10
EK_0112_P02_12_frame_0000039611_l.jpg,0,474.34,860.32,487.93,791.91,532.28,701.05,582.18,638.50,625.84,572.45,517.30,616.74,564.01,537.52,612.44,513.06,656.18,516.68,543.18,647.27,617.57,583.59,680.11,577.09,732.78,589.34,560.42,679.89,627.84,630.57,682.37,623.53,723.42,639.89,575.32,710.39,622.48,682.03,656.81,679.27,686.80,686.96
EK_0112_P02_12_frame_0000039708_r.jpg,0,1321.60,427.30,1256.44,399.52,1215.11,361.96,1183.79,346.71,1155.02,336.74,1275.91,287.04,1226.69,270.75,1193.56,270.23,1170.56,273.03,1305.47,291.74,1257.05,272.05,1220.94,273.94,1196.14,283.80,1323.13,306.41,1283.72,288.35,1253.70,288.44,1233.19,299.64,1332.57,320.99,1297.52,302.35,1274.02,299.57,1255.69,306.49
EK_0112_P02_12_frame_0000040422_r.jpg,0,626.45,1099.46,671.50,1047.94,714.17,977.83,755.39,920.41,802.44,878.78,666.25,887.38,716.11,807.44,765.57,799.11,802.49,813.51,686.68,899.87,746.44,829.18,799.01,826.00,841.25,837.74,707.44,919.80,765.40,870.49,815.10,869.00,851.48,888.36,724.35,943.04,768.67,908.08,804.66,909.72,832.85,927.07
EK_0112_P02_12_frame_0000040422_r.jpg,1,1214.54,670.10,1260.32,618.97,1272.56,559.29,1246.40,516.11,1215.04,501.25,1244.12,525.55,1222.07,466.26,1210.67,452.21,1205.83,455.28,1198.68,522.72,1183.01,466.33,1180.46,461.95,1181.48,468.70,1157.28,533.97,1144.73,480.01,1151.89,480.32,1160.77,491.22,1117.43,554.34,1116.58,519.85,1128.71,515.21,1137.27,520.16
EK_0112_P02_12_frame_0000043441_r.jpg,0,451.21,975.02,584.32,948.51,648.35,854.16,697.92,768.20,749.54,712.27,614.73,759.54,686.43,673.84,740.96,646.82,776.61,641.83,544.44,728.22,592.53,602.05,649.97,562.88,694.11,554.34,498.56,719.41,543.42,616.82,609.20,590.77,655.77,592.63,472.51,721.30,520.47,654.11,566.49,631.25,610.57,628.86
EK_0112_P02_12_frame_0000043905_r.jpg,0,432.99,1090.90,543.60,1050.04,606.45,969.01,654.60,893.02,701.59,845.60,560.71,884.20,634.93,775.46,684.64,745.20,720.06,738.34,494.77,852.56,532.63,703.77,582.60,654.47,626.61,639.15,447.95,841.33,488.05,723.11,542.28,697.72,587.07,692.89,423.11,843.36,462.38,765.16,506.56,741.46,546.01,736.86
EK_0112_P02_12_frame_0000044145_l.jpg,0,685.51,930.84,763.98,899.29,791.30,834.82,795.79,768.98,795.75,724.37,768.60,798.63,814.90,714.58,836.52,674.32,850.34,651.16,711.59,785.01,737.46,671.76,770.60,624.43,800.13,605.84,660.79,783.21,670.11,675.28,700.45,631.14,731.44,613.50,624.85,793.56,607.35,714.77,625.36,687.50,652.88,682.51
EK_0112_P02_12_frame_0000047069_r.jpg,0,451.54,1064.43,503.70,1023.60,525.56,958.00,547.59,902.24,574.72,857.14,430.44,910.31,465.22,847.98,499.56,830.54,525.05,833.77,398.58,917.38,399.74,846.12,433.71,826.41,468.82,829.87,385.34,931.34,381.28,870.75,414.74,849.23,446.58,845.43,390.86,945.77,388.09,895.26,408.82,873.90,431.52,864.28
EK_0112_P02_12_frame_0000048124_l.jpg,0,839.53,628.34,915.68,661.24,976.11,645.42,1024.52,619.93,1060.94,609.72,991.02,568.11,1051.91,508.68,1083.22,472.84,1105.22,444.58,962.92,534.60,1029.76,473.92,1067.60,433.89,1094.96,403.95,930.55,513.32,991.92,459.15,1027.71,425.72,1054.73,399.74,895.24,502.13,939.55,462.60,967.54,440.04,991.40,420.97
EK_0112_P02_12_frame_0000048124_l.jpg,1,1310.88,827.22,1252.43,815.59,1222.71,783.32,1209.32,754.38,1195.26,734.10,1292.71,685.65,1252.02,646.23,1230.48,657.04,1219.01,674.04,1323.88,675.89,1269.07,634.01,1244.65,656.66,1236.22,678.98,1340.51,672.79,1293.28,635.93,1266.19,654.13,1257.86,673.94,1352.91,674.46,1314.70,643.04,1292.18,654.52,1282.12,669.24
EK_0112_P02_12_frame_0000048962_l.jpg,0,855.35,926.72,885.44,868.04,914.62,803.24,947.40,749.32,976.51,703.35,868.59,727.86,929.57,686.25,959.50,685.59,970.21,704.75,889.72,738.72,944.43,696.85,970.10,719.84,977.71,759.57,913.92,757.04,962.42,733.50,979.52,768.50,980.68,804.20,934.02,781.92,973.09,758.67,984.35,779.69,984.02,802.44
EK_0112_P02_12_frame_0000048962_l.jpg,1,1221.53,901.85,1169.69,887.13,1144.35,853.66,1127.58,818.14,1114.34,787.37,1182.32,789.95,1156.56,744.01,1135.22,716.03,1115.57,693.32,1207.33,766.98,1175.27,711.74,1145.08,674.83,1117.17,648.88,1227.26,756.46,1198.23,704.60,1170.27,672.15,1142.04,649.40,1241.66,756.33,1227.04,712.48,1207.46,684.43,1184.36,664.40
EK_0112_P02_12_frame_0000051923_l.jpg,0,803.32,748.64,891.37,771.13,966.40,755.00,1015.90,761.97,1053.43,777.76,964.22,631.83,998.82,567.88,1020.21,529.15,1036.85,505.79,919.20,612.29,953.10,544.29,981.93,518.66,1003.33,508.76,878.82,606.87,915.44,553.55,944.69,535.71,964.56,531.92,849.96,614.83,887.23,578.18,914.03,566.12,931.29,564.65
EK_0112_P02_12_frame_0000052482_l.jpg,0,864.96,1083.95,963.69,1081.76,1025.16,1061.51,1078.39,1041.84,1127.39,1041.01,1020.29,911.15,1054.84,798.34,1070.10,741.85,1079.08,705.98,959.71,879.31,991.55,757.51,1008.65,683.64,1021.19,629.37,898.28,871.65,926.22,759.90,944.35,687.92,959.69,631.90,843.44,883.83,823.19,801.74,807.10,747.13,796.38,699.31
EK_0112_P02_12_frame_0000054505_l.jpg,0,1212.45,942.77,1226.27,828.34,1193.25,722.18,1128.87,649.32,1070.70,607.95,1106.38,699.69,1018.04,632.27,974.76,606.60,943.88,586.74,1059.72,733.06,971.86,654.15,924.95,617.58,893.41,594.55,1021.57,778.72,946.86,695.91,914.38,652.85,893.20,624.97,991.41,832.25,937.02,785.67,916.96,759.48,905.40,739.87
EK_0112_P02_12_frame_0000054535_r.jpg,0,652.48,964.36,585.59,893.21,552.17,801.42,544.43,721.02,521.44,658.32,621.98,716.27,640.25,633.97,668.86,593.56,695.09,557.05,669.75,726.69,693.14,643.73,717.82,597.64,740.39,557.91,705.54,753.70,731.08,676.73,750.28,631.88,770.09,593.10,743.49,794.67,769.05,737.80,785.13,704.46,801.08,671.37
EK_0112_P02_12_frame_0000054989_r.jpg,0,1182.77,893.95,1109.99,862.02,1056.69,820.45,1025.91,777.27,1009.51,744.03,1074.27,789.72,1044.57,716.10,1036.21,665.42,1034.24,621.60,1121.00,789.85,1086.24,701.98,1069.52,634.69,1060.74,582.21,1176.97,797.69,1158.08,722.33,1141.80,658.22,1130.82,606.27,1233.95,809.73,1268.24,753.84,1286.80,711.90,1304.24,677.44
EK_0112_P02_12_frame_0000056543_l.jpg,0,1396.87,780.54,1421.54,709.06,1391.53,644.84,1336.78,610.29,1288.74,606.72,1352.35,585.76,1280.23,536.20,1241.40,530.90,1221.27,534.06,1315.08,612.11,1254.55,570.43,1241.47,572.23,1243.68,583.53,1285.77,651.56,1231.87,644.70,1238.93,657.96,1255.86,675.13,1259.99,689.79,1222.12,671.35,1228.57,670.95,1241.54,676.97
EK_0112_P02_12_frame_0000056638_r.jpg,0,853.92,812.79,920.42,751.92,963.74,690.20,1006.79,645.52,1046.27,608.88,881.46,615.65,912.08,560.99,950.98,531.83,977.36,519.70,884.83,641.26,922.47,588.59,964.86,567.04,1000.46,552.18,895.00,668.30,929.48,629.48,966.90,602.78,1000.85,588.86,907.14,695.85,937.79,659.12,961.02,638.42,983.13,623.53
EK_0112_P02_12_frame_0000056638_r.jpg,1,1319.18,851.10,1331.69,771.50,1312.04,703.98,1284.11,654.11,1250.08,631.99,1284.69,682.48,1231.17,628.02,1191.34,600.70,1159.15,582.27,1253.37,708.87,1171.46,676.66,1121.11,669.73,1088.09,662.36,1224.78,744.65,1152.86,711.10,1110.56,704.89,1083.99,697.17,1203.87,782.50,1160.52,745.11,1134.30,726.19,1114.31,705.69
EK_0112_P02_12_frame_0000056707_l.jpg,0,1123.83,777.03,1057.14,804.11,998.76,821.09,955.30,843.28,920.65,865.30,978.58,738.33,932.45,746.29,925.22,775.44,929.25,801.19,991.30,726.23,948.41,745.60,944.69,781.81,951.51,809.32,1011.49,721.21,974.26,740.54,969.12,775.20,976.73,802.13,1035.90,717.12,1002.55,727.33,993.85,748.93,995.30,768.27
EK_0112_P02_12_frame_0000056848_l.jpg,0,1244.69,981.87,1152.02,991.50,1076.25,932.64,1021.02,867.26,977.75,815.34,1079.10,843.35,1005.86,780.42,968.26,750.79,942.43,724.03,1109.04,815.80,1031.88,758.41,984.55,730.30,954.76,710.15,1139.26,806.17,1069.58,753.78,1028.87,728.08,1001.52,708.48,1167.08,806.98,1122.27,763.18,1096.62,737.62,1079.08,716.96
EK_0112_P02_12_frame_0000056848_l.jpg,1,647.03,1062.93,572.69,1001.78,533.66,922.41,509.94,856.74,471.87,818.50,617.26,855.50,638.21,784.94,652.08,741.75,661.09,709.44,664.44,868.55,690.79,792.35,681.29,777.56,669.52,781.85,706.61,889.13,738.72,827.39,712.84,846.23,686.97,877.48,750.11,917.90,778.88,862.33,758.51,860.67,733.64,874.28
EK_0112_P02_12_frame_0000056878_l.jpg,0,1281.78,1043.01,1202.84,1059.62,1127.12,1030.32,1073.24,975.91,1040.29,918.31,1164.92,922.00,1083.46,836.18,1029.82,789.01,991.13,754.12,1198.02,885.50,1102.40,807.62,1041.45,768.28,999.26,741.81,1225.79,865.98,1138.79,793.57,1083.11,757.48,1041.37,731.25,1248.74,856.48,1202.57,796.12,1168.70,760.87,1141.27,733.97
EK_0112_P02_12_frame_0000057466_r.jpg,0,733.46,945.84,686.32,863.08,665.41,784.57,677.93,718.84,680.20,669.75,693.38,789.49,718.41,737.46,726.27,721.39,720.67,713.52,735.06,814.62,784.73,767.54,784.82,793.33,765.14,819.98,767.88,841.19,819.01,796.95,814.41,823.99,793.95,849.75,798.40,865.82,844.46,838.81,838.28,856.94,817.45,876.20
EK_0112_P02_12_frame_0000059340_r.jpg,0,1463.02,555.90,1436.00,483.72,1392.91,415.18,1330.17,372.49,1278.31,340.75,1449.76,336.72,1403.06,274.26,1361.85,261.17,1324.46,264.39,1416.77,367.16,1361.49,320.26,1318.60,311.61,1281.57,318.87,1390.76,400.86,1340.77,362.82,1303.31,354.38,1271.64,349.18,1372.72,433.07,1330.99,398.36,1303.36,391.53,1285.02,387.05
EK_0112_P02_12_frame_0000059550_r.jpg,0,1235.90,511.91,1207.31,482.69,1190.08,436.03,1177.39,392.27,1172.81,370.94,1177.92,364.48,1175.59,331.25,1180.20,348.68,1188.38,364.75,1197.26,354.30,1193.32,318.74,1191.18,340.69,1193.79,360.51,1219.22,360.61,1213.60,328.04,1210.38,344.13,1212.06,363.62,1240.78,378.23,1228.78,359.77,1223.05,369.93,1222.90,385.30
EK_0112_P02_12_frame_0000059550_r.jpg,1,818.11,1074.80,894.72,1077.46,961.71,1036.59,1019.08,998.82,1066.94,961.13,933.77,933.55,1008.58,860.94,1052.36,868.32,1074.46,888.47,906.11,920.04,991.83,871.08,1042.52,889.89,1069.19,918.59,891.40,923.35,968.14,891.86,1014.95,913.56,1039.48,943.23,886.84,935.62,945.80,914.94,983.93,928.81,1005.37,951.88
EK_0112_P02_12_frame_0000059832_r.jpg,0,1202.63,599.20,1137.89,555.49,1127.73,500.80,1133.04,460.22,1136.23,437.44,1186.07,423.01,1153.35,408.55,1131.98,432.53,1128.30,454.18,1228.04,441.58,1191.20,421.88,1166.29,441.64,1157.50,461.24,1250.14,469.24,1217.55,451.37,1192.01,463.62,1184.88,480.72,1263.41,495.24,1233.05,478.68,1212.22,486.00,1203.04,499.21
EK_0112_P02_12_frame_0000061052_l.jpg,0,556.20,720.87,628.12,719.33,674.06,671.35,704.71,626.67,731.81,597.78,597.40,590.10,616.74,517.66,648.17,476.05,676.77,448.76,565.80,570.04,589.53,489.90,636.39,469.51,672.61,469.74,550.79,563.65,581.13,498.38,622.46,496.19,647.87,510.43,546.61,564.81,575.16,521.30,609.79,518.16,633.84,527.69
EK_0112_P02_12_frame_0000061317_l.jpg,0,816.53,664.48,906.49,620.09,949.24,525.02,980.51,443.17,1019.32,397.84,843.84,465.82,928.22,360.07,1002.16,352.27,1045.52,365.20,793.31,437.66,841.50,308.23,906.15,331.94,934.05,377.33,772.36,420.59,800.83,297.46,858.51,315.39,884.16,354.30,776.00,414.09,801.96,321.86,844.82,329.97,865.77,358.65
EK_0112_P02_12_frame_0000066038_r.jpg,0,1183.66,784.77,1219.57,735.53,1235.28,671.20,1239.69,618.25,1241.63,575.04,1255.48,664.92,1258.81,616.52,1248.40,589.02,1235.24,572.94,1227.06,670.54,1216.90,625.32,1200.39,596.17,1182.34,585.55,1198.32,682.75,1192.29,639.60,1172.63,611.35,1149.78,597.85,1168.46,696.75,1156.66,672.15,1134.40,663.24,1112.39,658.20
EK_0112_P02_12_frame_0000066098_r.jpg,0,696.02,858.74,772.39,812.27,809.37,753.46,843.41,708.82,877.30,683.78,736.25,670.59,796.30,626.83,823.39,663.54,820.98,696.56,715.05,682.20,780.75,651.26,813.46,686.91,820.55,722.94,706.24,706.95,766.32,686.19,799.53,712.35,809.60,741.78,701.46,732.96,750.13,714.26,778.43,730.24,792.13,751.27
EK_0112_P02_12_frame_0000066830_r.jpg,0,667.42,876.41,744.26,794.74,765.95,711.76,790.26,644.92,819.04,603.26,652.11,640.25,713.37,552.62,758.03,591.45,764.07,635.06,633.28,659.66,714.18,591.36,762.70,633.34,774.17,681.75,636.75,689.65,716.00,644.30,762.10,676.86,777.13,718.01,642.50,718.19,705.13,688.11,740.25,708.16,759.22,738.55
EK_0112_P02_12_frame_0000066830_r.jpg,1,1221.51,836.53,1148.59,817.52,1086.18,762.26,1039.29,718.93,1001.22,700.95,1116.38,634.52,1011.72,585.16,957.98,583.94,921.59,585.30,1140.88,614.41,1021.25,562.97,962.69,563.96,923.36,574.46,1157.38,622.58,1056.65,587.01,993.02,590.75,953.86,605.70,1164.48,647.58,1095.19,626.47,1048.11,633.00,1021.69,649.19
EK_0112_P02_12_frame_0000066856_l.jpg,0,631.78,909.78,700.02,832.43,712.61,750.98,731.93,682.76,756.32,642.77,602.87,691.11,655.05,600.99,695.56,636.05,698.28,678.60,585.70,708.64,653.45,639.16,697.75,674.95,706.18,714.33,590.83,734.43,657.93,683.32,697.66,708.78,708.66,744.92,599.69,760.48,651.29,721.52,681.95,735.73,697.43,761.48
EK_0112_P02_12_frame_0000066856_l.jpg,1,1163.07,792.21,1070.84,793.13,991.89,752.23,928.37,727.20,876.13,722.66,1024.01,627.55,913.58,641.40,860.73,682.60,825.98,714.40,1054.00,617.91,945.78,635.92,892.76,675.89,856.28,715.88,1073.34,632.51,979.47,655.82,936.30,686.52,906.33,717.34,1083.14,650.74,1006.72,674.01,971.37,699.44,947.37,726.18
EK_0112_P02_12_frame_0000068290_l.jpg,0,1239.59,787.16,1199.33,726.82,1211.98,665.02,1226.11,626.03,1234.51,601.62,1242.41,660.49,1264.94,586.18,1271.65,549.10,1273.03,521.25,1280.28,670.90,1295.16,593.41,1293.80,553.90,1287.19,526.53,1305.59,683.67,1326.10,616.11,1327.39,577.37,1324.37,552.99,1318.69,694.90,1335.89,647.11,1334.58,617.92,1326.80,600.01
EK_0112_P02_12_frame_0000068531_r.jpg,0,848.74,779.92,914.55,752.97,946.77,695.61,972.65,651.96,1002.57,626.60,907.86,629.03,924.76,564.07,947.05,542.67,965.29,535.22,890.26,636.93,915.93,578.62,944.79,563.32,971.38,557.58,885.89,655.05,919.49,618.37,949.70,611.61,977.06,612.72,888.84,675.78,919.37,652.70,944.90,647.73,967.52,650.74
EK_0112_P02_12_frame_0000069547_l.jpg,0,498.41,996.08,520.68,928.68,546.88,850.48,585.12,784.20,624.34,722.45,471.36,758.88,461.49,686.55,467.97,647.11,479.76,627.31,504.23,779.36,498.52,702.56,513.93,664.24,536.96,638.85,539.22,812.35,583.04,767.29,634.82,761.67,679.35,768.52,569.90,851.14,611.51,828.44,648.41,834.71,679.45,844.52
EK_0112_P02_12_frame_0000070047_r.jpg,0,715.36,864.11,785.99,798.52,818.43,718.25,846.27,656.42,874.58,606.50,729.65,639.36,738.50,546.27,766.63,516.49,787.89,506.53,723.50,658.68,743.74,573.32,783.52,546.87,816.40,538.73,731.10,687.09,772.56,638.26,818.40,635.72,853.44,641.66,740.67,713.90,778.79,679.62,817.25,679.92,847.03,688.62
EK_0112_P02_12_frame_0000071384_r.jpg,0,708.22,842.73,811.02,795.93,852.16,712.02,877.68,654.78,897.43,606.07,760.02,604.99,806.37,537.49,833.43,513.24,847.33,495.11,729.68,625.32,817.08,597.36,855.30,634.39,864.44,668.31,717.75,651.89,793.10,629.26,830.87,671.84,844.20,700.86,714.15,672.32,773.35,660.57,805.36,686.45,814.97,712.47
EK_0112_P02_12_frame_0000071474_r.jpg,0,735.48,849.95,831.07,844.99,882.98,785.59,920.11,724.37,945.81,685.37,830.43,713.53,888.24,613.80,918.78,603.64,929.03,608.34,785.79,683.32,864.49,624.64,888.20,654.34,886.31,676.95,758.67,673.94,829.61,637.16,846.83,667.49,840.57,690.13,741.69,675.77,795.66,653.88,813.16,675.84,808.07,699.24
EK_0112_P02_12_frame_0000071790_r.jpg,0,1649.15,609.96,1593.52,578.52,1574.41,532.27,1559.01,499.11,1537.49,487.43,1611.93,463.09,1585.81,423.51,1571.60,422.12,1568.84,426.54,1651.05,460.38,1624.47,404.54,1609.03,406.91,1601.40,415.72,1680.44,470.95,1669.63,410.96,1653.26,408.29,1645.64,416.47,1703.92,491.41,1702.85,449.36,1688.58,442.66,1679.77,446.53
EK_0112_P02_12_frame_0000074139_l.jpg,0,662.62,1021.81,639.73,903.94,667.52,802.84,713.32,737.51,741.66,682.13,736.65,778.43,793.95,708.63,839.62,677.20,883.94,646.39,778.33,804.68,839.39,727.71,882.57,690.66,923.09,654.23,805.55,840.21,865.46,766.92,902.67,723.79,937.77,689.59,830.41,893.51,873.55,829.82,900.48,790.91,927.02,754.73
EK_0112_P02_12_frame_0000074139_l.jpg,1,1378.88,696.28,1301.95,659.73,1267.35,589.97,1240.93,538.71,1210.97,518.78,1325.59,506.40,1264.40,426.50,1227.54,449.91,1219.98,486.21,1372.06,498.76,1298.42,435.36,1259.54,467.54,1254.68,498.63,1400.80,507.41,1327.65,450.56,1291.81,479.75,1289.39,511.01,1410.19,524.77,1351.25,466.28,1317.39,484.17,1309.72,517.09
EK_0112_P02_12_frame_0000076179_r.jpg,0,1279.46,657.74,1226.90,614.93,1187.47,571.20,1141.41,544.31,1100.53,526.47,1246.48,498.27,1201.11,451.74,1171.94,461.01,1148.55,482.97,1242.45,514.27,1188.60,477.83,1163.06,492.99,1146.91,519.40,1234.82,534.77,1188.01,504.76,1161.46,515.29,1144.34,537.10,1227.98,553.97,1191.11,534.58,1166.63,539.10,1150.39,551.80
EK_0112_P02_12_frame_0000077012_l.jpg,0,605.47,1025.10,562.50,934.25,572.87,825.01,598.67,737.33,590.98,658.54,655.83,749.76,711.22,659.82,760.63,619.18,806.46,586.79,702.72,774.21,755.27,679.00,799.58,623.59,838.43,581.05,732.94,810.35,782.28,722.65,816.73,664.72,850.90,621.31,767.27,864.08,807.76,797.42,828.51,754.20,849.67,714.82
EK_0112_P02_12_frame_0000078049_l.jpg,0,736.81,544.38,684.35,468.43,657.01,411.05,640.69,370.41,618.36,352.72,685.91,381.27,690.14,322.42,691.01,309.91,683.59,306.54,722.43,381.10,727.80,321.35,727.17,318.56,719.79,327.94,757.77,388.62,767.08,329.57,763.42,325.05,753.75,335.30,793.80,407.31,801.40,362.70,795.94,354.44,784.40,358.71
EK_0112_P02_12_frame_0000078590_l.jpg,0,507.97,539.25,470.54,442.11,466.48,367.11,470.64,319.36,457.18,282.29,495.18,376.59,491.81,325.46,491.07,296.26,485.39,277.03,531.17,396.56,546.40,349.71,562.76,321.19,575.31,299.63,562.04,420.65,577.61,378.65,593.99,349.07,610.91,325.89,588.20,450.47,601.92,419.06,608.54,398.23,616.22,381.66
EK_0114_P03_22_frame_0000000216_l.jpg,0,749.00,964.05,796.00,927.38,834.16,875.68,872.64,842.75,893.91,809.61,760.81,821.41,762.80,754.59,781.40,719.83,798.03,700.21,743.69,824.80,748.84,755.35,772.25,719.28,795.98,701.06,739.01,831.56,749.95,769.72,772.87,736.44,792.73,719.57,744.27,843.37,756.87,794.32,771.79,764.58,784.58,745.63
EK_0114_P03_22_frame_0000001191_r.jpg,0,1129.65,677.84,1060.33,638.65,1027.27,581.81,1008.30,544.59,988.70,522.53,1113.36,515.15,1126.05,441.42,1119.91,404.87,1110.24,381.41,1157.69,523.61,1178.51,449.85,1153.75,427.22,1129.22,425.55,1182.38,539.44,1194.81,476.11,1167.97,453.60,1143.92,451.30,1191.35,555.31,1194.26,506.79,1172.47,488.99,1151.99,487.87
EK_0114_P03_22_frame_0000002464_l.jpg,0,683.72,1090.83,714.23,1042.56,758.20,989.74,811.58,943.71,862.16,911.70,736.79,906.52,791.83,854.39,821.83,827.58,838.25,807.43,754.89,929.10,816.79,896.39,842.75,918.71,849.71,942.12,771.39,956.46,823.69,938.75,834.99,964.38,832.28,984.17,780.28,981.68,820.55,963.10,829.32,981.01,825.44,998.87
EK_0117_P04_24_frame_0000000364_r.jpg,0,1588.90,878.38,1576.21,799.41,1526.91,758.87,1477.31,748.10,1443.66,738.18,1498.23,757.78,1466.23,734.02,1447.89,722.40,1438.31,716.07,1478.71,789.82,1441.59,768.95,1424.14,759.62,1421.85,754.68,1467.64,820.65,1426.99,801.43,1413.49,788.69,1415.28,779.31,1461.76,853.03,1427.99,826.46,1415.29,807.35,1415.59,787.35
EK_0117_P04_24_frame_0000000492_r.jpg,0,1180.41,829.40,1105.94,845.21,1050.76,820.04,1012.54,797.43,978.67,786.09,1049.16,734.74,1011.58,695.08,995.06,682.98,985.47,683.67,1084.89,708.99,1041.38,669.88,1020.88,662.23,1009.80,666.25,1118.27,698.56,1079.50,657.13,1057.93,643.85,1042.58,643.45,1151.81,696.04,1129.04,657.71,1113.24,640.47,1098.68,632.55
EK_0117_P04_24_frame_0000000492_r.jpg,1,765.65,529.43,841.79,511.99,880.95,466.08,897.41,422.40,915.90,394.88,861.22,394.01,879.76,346.03,893.29,361.98,893.71,384.66,821.03,390.50,845.26,340.98,859.04,359.99,861.84,379.24,790.68,400.17,817.17,371.08,834.99,385.60,837.58,404.00,767.05,416.09,794.41,396.13,811.35,406.87,818.10,423.53
EK_0117_P04_24_frame_0000000549_r.jpg,0,807.34,434.17,919.02,438.85,985.01,380.22,1020.33,333.78,1047.05,299.12,957.93,261.84,992.90,208.71,1018.16,229.39,1019.27,259.53,902.73,258.00,952.63,205.54,981.67,225.15,990.85,248.53,859.46,272.58,909.73,240.55,942.02,252.66,952.88,273.45,828.15,298.04,873.25,275.66,901.03,286.77,911.86,305.45
EK_0117_P04_24_frame_0000000549_r.jpg,1,1451.03,742.46,1379.11,736.93,1317.35,694.63,1269.28,646.04,1217.23,616.47,1424.97,674.84,1352.22,593.67,1305.81,570.98,1274.04,565.82,1465.82,634.96,1370.39,547.49,1321.31,548.85,1307.77,566.80,1485.36,599.33,1396.87,522.81,1350.41,533.15,1334.84,555.68,1491.12,576.31,1444.39,507.69,1408.93,506.29,1391.53,526.22
EK_0117_P04_24_frame_0000000718_r.jpg,0,1353.04,927.68,1293.37,923.74,1247.80,882.31,1224.61,835.34,1209.03,811.68,1297.86,844.93,1233.00,792.85,1196.46,772.78,1173.04,757.75,1332.72,819.74,1273.56,748.39,1240.67,754.48,1228.04,772.64,1355.31,807.15,1317.15,744.68,1284.57,745.57,1267.27,757.81,1367.75,805.73,1364.72,760.71,1344.48,747.65,1326.72,748.75
EK_0117_P04_24_frame_0000000718_r.jpg,1,369.50,931.29,437.61,942.48,481.45,916.25,497.46,884.33,499.82,861.89,486.42,824.81,519.46,778.49,517.57,786.26,508.92,804.82,450.18,804.14,472.81,772.11,469.74,794.26,463.97,813.78,413.33,797.12,434.64,777.86,431.97,797.16,425.92,813.75,375.77,799.71,394.38,768.75,399.04,779.91,400.62,798.00
EK_0117_P04_24_frame_0000000891_r.jpg,0,1324.22,734.83,1252.67,739.60,1208.74,714.03,1178.74,691.27,1159.56,676.11,1233.39,641.93,1214.52,601.88,1206.20,585.62,1200.50,572.96,1268.07,624.83,1257.32,616.73,1255.27,636.86,1261.60,655.48,1304.51,622.92,1291.23,614.17,1289.19,636.12,1294.99,650.85,1334.87,626.06,1326.71,613.00,1320.57,630.24,1325.48,648.03
EK_0117_P04_24_frame_0000003037_r.jpg,0,1415.97,1025.05,1372.39,970.68,1358.59,913.40,1344.36,879.50,1324.93,857.49,1426.53,895.08,1396.33,866.30,1366.39,872.99,1353.22,884.08,1439.34,915.28,1397.97,891.42,1367.91,893.35,1353.39,901.62,1440.14,937.25,1397.89,912.71,1370.71,910.81,1355.84,917.17,1433.83,957.14,1395.72,934.98,1371.88,931.24,1354.53,935.98
EK_0117_P04_24_frame_0000003223_l.jpg,0,1326.98,784.58,1272.20,709.23,1261.79,648.86,1255.77,613.07,1253.54,587.78,1353.11,631.03,1329.99,592.02,1298.39,595.30,1274.16,604.20,1373.80,659.30,1341.67,620.45,1303.86,619.05,1274.34,628.79,1377.14,685.33,1345.55,649.72,1312.40,642.83,1288.83,648.61,1372.04,703.02,1346.39,677.89,1321.38,669.75,1300.70,671.53
EK_0117_P04_24_frame_0000005197_r.jpg,0,1063.70,679.91,999.61,680.37,972.67,653.97,964.43,622.99,965.38,598.94,970.94,572.28,969.41,541.67,978.30,548.50,983.55,561.49,1008.42,553.85,1003.04,522.56,1010.01,534.20,1015.98,548.58,1042.73,548.64,1037.95,508.79,1040.16,513.96,1045.17,523.81,1078.61,554.18,1081.64,511.53,1081.55,511.89,1081.13,521.94
EK_0117_P04_24_frame_0000005262_r.jpg,0,1408.71,994.94,1350.60,986.04,1271.18,940.05,1199.94,901.95,1144.60,872.61,1305.45,830.48,1198.91,810.75,1137.37,825.77,1086.89,839.89,1288.48,818.94,1214.02,752.64,1163.00,721.01,1121.99,696.24,1273.41,832.52,1196.78,809.12,1174.17,824.14,1160.84,828.53,1262.10,852.39,1213.27,850.27,1203.93,863.60,1197.39,869.18
EK_0117_P04_24_frame_0000016711_l.jpg,0,1348.39,975.69,1283.56,901.39,1268.04,818.10,1267.44,758.73,1268.47,722.38,1380.37,787.83,1337.93,718.74,1297.19,708.01,1267.09,703.54,1406.09,809.12,1348.82,755.16,1301.48,753.16,1268.26,762.07,1407.88,829.78,1350.70,789.41,1309.85,788.32,1282.97,795.84,1402.64,843.65,1356.31,815.71,1324.84,810.76,1300.98,818.59
EK_0117_P04_24_frame_0000018643_l.jpg,0,1496.09,878.66,1415.63,819.61,1358.85,742.38,1312.31,683.87,1277.38,634.97,1455.95,671.15,1363.76,623.60,1300.02,630.43,1256.20,644.33,1461.80,691.24,1362.54,664.37,1311.36,691.47,1282.03,727.85,1457.14,717.55,1368.98,696.67,1329.02,720.75,1307.29,750.68,1449.29,736.15,1382.39,731.29,1354.55,750.39,1342.77,770.55
EK_0117_P04_24_frame_0000020538_l.jpg,0,1361.76,587.89,1292.07,557.46,1245.05,502.26,1213.69,463.74,1196.13,437.00,1274.52,440.15,1231.31,387.59,1201.87,406.77,1190.81,433.43,1283.11,459.03,1238.00,416.39,1211.30,433.69,1208.19,458.19,1287.19,480.00,1240.14,450.68,1222.22,468.25,1223.49,486.71,1287.80,497.41,1243.55,478.54,1228.50,489.67,1229.75,503.99
EK_0117_P04_24_frame_0000024418_r.jpg,0,855.51,806.07,877.60,730.29,888.41,658.92,904.68,610.36,908.84,570.13,798.53,648.91,839.08,598.71,872.71,581.73,891.99,576.14,803.51,670.28,840.41,623.51,870.91,606.78,893.13,605.95,815.96,690.88,846.68,651.54,872.44,635.85,892.38,631.73,829.59,707.43,851.08,671.54,870.19,660.72,886.15,656.72
EK_0117_P04_24_frame_0000028469_r.jpg,0,1413.94,155.69,1382.64,164.53,1353.97,164.66,1333.99,158.94,1320.72,152.74,1332.64,136.55,1310.34,119.61,1303.21,125.82,1301.93,133.95,1344.22,123.70,1323.57,103.41,1323.17,117.44,1327.93,132.52,1360.00,114.74,1341.54,96.32,1341.08,110.84,1345.12,125.84,1379.81,109.96,1368.62,98.38,1367.06,105.88,1368.86,114.59
EK_0121_P06_10_frame_0000000990_r.jpg,0,1519.66,816.84,1428.54,762.79,1372.90,681.77,1329.01,626.44,1300.01,617.72,1468.66,584.01,1370.43,570.40,1328.38,621.06,1325.21,655.75,1495.17,601.55,1398.71,600.55,1355.29,647.34,1342.39,684.31,1506.04,630.98,1415.82,630.69,1368.75,668.94,1354.33,711.27,1513.53,655.58,1442.27,655.83,1402.79,681.80,1385.77,712.96
EK_0121_P06_10_frame_0000000990_r.jpg,1,918.65,892.54,943.18,790.19,971.57,707.54,1015.91,650.73,1046.01,594.07,933.10,663.52,936.75,607.38,949.42,578.11,959.54,563.63,963.16,697.72,975.05,640.82,988.92,616.80,1002.85,598.78,992.03,732.83,1015.88,686.36,1035.19,660.40,1054.55,639.32,1019.36,767.36,1040.73,734.98,1055.31,716.32,1068.97,701.34
EK_0121_P06_10_frame_0000001465_l.jpg,0,659.07,1093.77,708.79,1046.55,733.71,1008.22,748.91,981.69,762.89,956.33,689.37,969.34,714.12,938.11,732.20,929.11,747.36,926.92,678.64,985.71,699.70,956.31,723.85,949.50,743.55,952.90,677.24,1005.15,703.21,986.76,732.96,992.95,749.98,1005.24,679.10,1016.61,704.96,1008.49,727.08,1015.64,742.73,1026.14
EK_0121_P06_10_frame_0000001732_r.jpg,0,1638.82,657.81,1639.89,608.87,1663.45,529.37,1663.89,440.38,1640.84,363.59,1782.42,467.32,1820.82,382.29,1817.52,326.38,1799.69,299.77,1740.05,460.51,1743.18,373.24,1693.22,345.47,1642.23,340.82,1697.48,459.95,1693.33,378.83,1646.27,362.42,1603.83,359.85,1659.09,465.60,1649.20,397.01,1627.46,379.01,1609.25,375.94
EK_0121_P06_10_frame_0000002052_r.jpg,0,1731.45,814.48,1639.56,748.64,1610.19,662.38,1608.49,592.48,1600.24,551.67,1726.10,591.63,1700.31,513.23,1668.72,504.58,1646.24,514.27,1784.31,605.37,1747.15,525.72,1709.79,524.86,1685.87,544.10,1817.45,632.35,1775.73,570.41,1741.36,565.58,1718.25,578.14,1832.19,659.96,1800.11,615.50,1770.29,607.11,1747.35,614.08
EK_0121_P06_10_frame_0000002493_r.jpg,0,743.03,448.20,795.66,352.46,792.97,269.09,778.98,214.75,777.72,183.86,653.64,233.68,718.59,180.32,763.44,202.21,777.06,224.74,623.79,265.88,699.99,208.60,743.85,231.72,758.50,263.82,621.60,296.40,689.41,243.88,730.73,257.90,749.71,287.28,631.18,320.53,686.15,279.31,716.54,283.45,731.70,300.00
EK_0121_P06_10_frame_0000002493_r.jpg,1,1455.40,385.72,1327.32,416.23,1241.22,368.27,1230.50,313.01,1241.28,286.58,1225.70,204.19,1210.60,253.88,1221.20,301.50,1236.82,320.06,1300.43,178.58,1275.61,225.25,1274.80,270.80,1288.18,299.66,1368.22,188.90,1338.34,235.14,1330.08,270.57,1339.14,295.90,1411.49,216.42,1379.04,259.78,1371.33,293.82,1376.72,318.95
EK_0121_P06_10_frame_0000004076_l.jpg,0,861.90,584.07,916.40,507.50,913.02,451.90,910.89,411.73,907.10,379.49,822.95,411.56,870.00,349.89,906.82,362.51,922.37,388.62,810.05,410.58,871.44,344.92,905.63,364.43,914.33,392.94,814.10,411.90,876.30,342.64,907.84,363.02,914.67,393.95,830.92,414.40,877.16,348.62,907.15,354.24,921.55,374.92
EK_0121_P06_10_frame_0000004076_l.jpg,1,1460.36,626.97,1393.69,613.70,1334.99,573.33,1296.65,539.58,1269.31,525.15,1340.60,516.26,1279.68,524.33,1264.77,544.58,1257.94,546.77,1357.71,521.69,1302.75,539.75,1295.24,564.70,1301.82,579.47,1371.57,538.66,1322.30,554.71,1320.01,577.66,1328.05,589.41,1379.70,553.29,1341.21,563.42,1342.58,578.18,1351.40,584.99
EK_0121_P06_10_frame_0000004403_l.jpg,0,663.35,148.43,749.65,162.50,813.84,108.60,848.53,41.57,872.46,-7.84,808.33,-0.17,873.99,-54.19,905.85,-52.05,917.72,-41.78,767.83,-33.24,832.90,-87.34,864.60,-87.14,881.93,-83.40,733.24,-46.82,792.96,-102.63,824.17,-99.11,840.86,-89.50,703.55,-47.34,752.50,-98.63,786.77,-102.07,805.76,-95.33
EK_0121_P06_10_frame_0000004866_r.jpg,0,776.95,842.38,852.24,803.26,884.61,735.05,907.66,683.48,937.53,651.84,806.75,657.08,832.03,583.33,849.62,546.80,859.64,518.82,775.78,661.82,808.01,591.75,833.94,562.57,853.52,540.44,760.93,675.16,790.30,616.05,815.82,588.54,837.63,570.12,760.14,689.44,783.23,641.77,804.21,617.52,825.05,604.23
EK_0121_P06_10_frame_0000006438_l.jpg,0,1194.55,660.74,1117.68,657.72,1065.20,607.18,1029.23,555.24,1002.13,522.10,1124.81,509.64,1045.90,470.71,1006.94,485.70,982.72,504.84,1152.69,494.92,1070.56,459.09,1029.34,480.89,1008.45,507.15,1165.86,498.97,1090.26,468.98,1056.78,489.84,1040.64,514.65,1168.86,509.07,1114.60,486.63,1085.14,497.84,1069.85,516.57
EK_0121_P06_10_frame_0000006438_l.jpg,1,764.30,826.90,818.82,795.88,835.22,725.84,849.30,666.20,869.39,629.64,744.63,691.74,798.96,615.16,835.84,601.30,859.42,597.56,712.92,683.50,768.46,595.73,806.15,607.27,824.14,628.36,702.31,681.80,753.52,606.75,789.62,616.13,807.56,631.77,706.29,684.26,744.45,634.10,774.01,635.75,790.75,643.46
EK_0121_P06_10_frame_0000007268_r.jpg,0,1252.96,771.98,1184.31,774.10,1142.29,739.59,1124.96,695.74,1111.97,660.49,1152.87,682.41,1128.24,615.16,1114.78,589.04,1108.72,587.82,1196.33,666.74,1185.79,582.41,1166.64,555.21,1151.90,556.59,1234.98,660.11,1229.92,580.69,1209.13,555.13,1192.46,555.25,1265.73,661.13,1258.11,594.68,1240.62,569.24,1224.17,563.85
EK_0121_P06_10_frame_0000007659_r.jpg,0,970.70,851.41,1021.42,778.94,1027.93,697.27,1034.56,639.82,1053.43,606.03,930.05,656.64,1007.92,618.34,1059.51,632.84,1091.24,649.49,905.54,679.70,996.78,650.10,1054.38,664.73,1094.07,685.49,902.99,710.09,989.98,683.09,1042.83,685.27,1082.87,701.75,909.26,737.14,975.74,715.21,1015.83,712.85,1049.99,719.54
EK_0121_P06_10_frame_0000007659_r.jpg,1,1333.32,770.11,1257.09,712.60,1237.33,634.06,1256.77,577.77,1275.98,548.12,1322.46,558.40,1332.00,500.97,1322.70,493.66,1312.43,500.66,1370.68,579.86,1371.38,520.49,1353.28,508.22,1336.89,517.58,1396.92,609.33,1392.76,556.15,1374.97,540.11,1361.32,543.55,1410.65,639.55,1402.88,594.09,1385.24,574.76,1369.90,571.46
EK_0121_P06_10_frame_0000008098_l.jpg,0,994.75,768.14,1050.54,712.11,1066.79,646.23,1082.10,600.93,1102.29,570.96,987.36,606.08,1025.62,549.07,1049.72,524.55,1064.43,507.89,972.18,622.64,1025.60,584.98,1061.89,592.14,1084.94,605.15,972.49,644.62,1021.69,613.98,1055.59,616.57,1079.07,624.67,981.04,663.00,1020.42,640.69,1049.69,640.61,1071.77,648.40
EK_0121_P06_10_frame_0000008098_l.jpg,1,1447.69,526.84,1388.71,470.22,1361.10,398.60,1350.44,358.37,1347.58,345.42,1441.60,351.72,1392.36,338.54,1369.13,363.02,1367.54,375.58,1460.98,377.83,1410.12,357.31,1384.83,375.01,1384.66,394.02,1467.71,409.76,1418.09,386.14,1392.66,398.33,1392.17,413.95,1466.12,438.39,1426.26,416.16,1403.65,422.00,1399.36,434.23
EK_0121_P06_10_frame_0000008170_r.jpg,0,1005.90,796.18,1067.31,752.73,1089.96,691.73,1100.27,651.15,1113.25,629.03,1027.39,640.61,1070.84,596.91,1095.45,577.25,1111.72,561.12,1011.47,651.40,1062.21,626.13,1090.12,625.52,1106.60,622.45,1007.72,668.31,1056.07,649.77,1083.19,656.53,1098.39,660.75,1012.44,685.38,1050.06,672.56,1072.60,676.29,1085.40,683.88
EK_0121_P06_10_frame_0000008170_r.jpg,1,1380.64,647.64,1379.63,554.19,1374.54,482.48,1345.76,432.85,1319.77,407.18,1443.07,482.26,1386.84,430.53,1348.86,438.13,1337.50,458.90,1412.59,509.00,1354.64,466.26,1317.45,481.61,1301.63,505.97,1383.78,531.19,1332.30,491.73,1299.31,504.92,1284.23,526.93,1357.40,547.82,1324.50,522.74,1302.84,529.05,1292.23,540.85
EK_0121_P06_10_frame_0000008607_r.jpg,0,1382.57,791.19,1330.52,746.16,1307.70,685.47,1287.63,639.75,1273.87,604.23,1396.87,642.52,1348.10,593.34,1309.78,595.39,1290.90,606.40,1419.20,654.35,1366.70,616.79,1323.66,614.37,1295.87,623.08,1423.89,671.88,1372.14,643.97,1335.79,639.77,1310.04,645.68,1421.26,686.03,1382.27,663.31,1353.73,660.40,1329.89,666.88
EK_0121_P06_10_frame_0000008607_r.jpg,1,937.52,648.70,995.30,604.30,1007.18,539.19,1008.21,490.57,1019.15,463.81,920.38,499.18,967.23,442.78,1004.42,446.97,1025.27,461.56,894.94,506.10,953.34,463.21,993.44,471.65,1018.72,486.20,889.41,518.83,944.72,487.68,980.87,492.12,1004.68,505.70,895.16,532.03,936.61,505.48,966.63,506.98,988.35,517.22
EK_0121_P06_10_frame_0000008650_r.jpg,0,878.66,664.03,928.52,603.58,942.04,534.97,955.23,482.18,963.62,454.89,860.26,496.18,897.04,448.59,933.09,457.79,950.03,474.66,849.79,512.24,890.65,469.10,930.30,475.88,952.69,492.64,852.40,533.22,895.46,505.19,931.00,507.26,952.80,520.97,860.88,552.82,897.17,531.42,925.46,530.43,946.21,541.51
EK_0121_P06_10_frame_0000008650_r.jpg,1,1588.41,767.73,1485.23,752.93,1425.16,693.34,1395.06,627.68,1362.46,590.20,1459.54,601.01,1401.54,534.00,1374.78,532.90,1360.71,546.31,1512.75,581.20,1448.59,528.36,1421.50,543.53,1411.79,568.11,1556.47,584.82,1496.57,558.67,1472.58,576.35,1466.31,598.08,1586.81,594.62,1538.38,578.97,1517.40,594.37,1514.69,613.17
EK_0121_P06_10_frame_0000008770_l.jpg,0,1363.25,655.93,1286.48,628.41,1260.73,566.02,1263.36,505.23,1271.30,466.39,1280.93,524.28,1279.13,433.60,1272.56,415.52,1268.45,421.37,1335.15,513.74,1325.01,422.63,1306.89,425.98,1296.88,447.47,1382.06,514.39,1366.25,432.11,1347.31,442.01,1340.51,466.18,1418.38,523.10,1391.33,480.28,1373.19,493.11,1368.64,512.41
EK_0121_P06_10_frame_0000008770_l.jpg,1,1012.58,586.91,1080.67,552.81,1102.70,492.72,1107.11,436.42,1120.43,400.40,1033.58,440.00,1081.88,383.84,1108.04,401.16,1113.00,422.82,999.73,434.97,1056.94,393.36,1080.21,414.18,1080.75,434.35,983.75,440.63,1039.02,406.24,1058.23,425.35,1058.12,445.90,978.35,450.40,1021.72,422.64,1040.05,435.46,1043.72,452.16
EK_0121_P06_10_frame_0000009154_l.jpg,0,808.39,684.08,867.22,634.55,889.59,573.21,905.72,525.42,914.52,499.72,815.94,523.96,860.90,467.43,892.02,483.38,901.22,505.95,801.03,536.39,854.39,492.60,889.77,508.97,903.84,530.88,800.07,556.69,854.22,531.03,885.12,542.93,897.03,562.02,804.70,577.45,848.12,558.87,874.44,565.15,886.95,580.89
EK_0121_P06_10_frame_0000009154_l.jpg,1,1377.24,452.32,1280.49,447.34,1225.17,410.49,1201.05,375.87,1184.77,364.77,1237.53,319.79,1193.63,294.29,1189.34,323.74,1198.97,344.53,1282.89,298.90,1228.96,276.47,1217.27,306.47,1227.93,327.22,1324.59,300.30,1273.20,280.41,1255.40,306.27,1260.59,325.57,1356.89,312.39,1313.42,288.90,1293.70,307.40,1296.87,324.12
EK_0121_P06_10_frame_0000009358_r.jpg,0,491.72,971.95,546.12,926.65,566.76,865.00,572.22,816.15,574.07,781.08,473.39,831.08,447.60,759.95,450.95,730.05,459.71,714.00,436.49,849.64,418.54,781.69,438.33,758.69,458.50,751.93,417.85,870.41,399.30,809.80,419.00,792.75,439.88,792.80,410.50,889.28,395.82,842.46,408.81,827.91,424.64,828.51
EK_0121_P06_10_frame_0000009358_r.jpg,1,1511.28,717.24,1423.40,709.18,1380.28,644.65,1365.37,586.55,1348.13,550.54,1435.67,571.89,1372.73,507.36,1343.11,520.98,1338.23,539.34,1475.36,559.54,1409.86,487.75,1381.60,511.53,1379.45,537.27,1497.95,565.66,1439.16,513.83,1412.07,535.36,1409.16,553.39,1507.15,576.18,1458.42,537.90,1433.91,550.94,1431.72,568.34
EK_0121_P06_10_frame_0000009444_r.jpg,0,962.57,675.96,1020.77,641.86,1042.36,588.04,1045.27,536.39,1046.75,496.47,988.78,538.72,994.89,452.74,1005.54,409.31,1015.43,378.01,946.57,538.53,945.42,450.02,965.87,410.24,985.82,387.90,918.28,546.28,908.48,469.87,930.06,441.08,953.24,428.63,902.32,558.56,891.14,497.56,904.15,471.03,922.59,459.47
EK_0121_P06_10_frame_0000009571_l.jpg,0,906.09,556.86,962.17,494.01,971.72,421.83,943.75,361.66,929.88,317.86,899.93,395.75,887.85,311.63,903.36,290.37,912.16,285.39,855.29,407.15,845.64,322.90,873.22,324.51,890.10,344.06,830.70,422.21,828.76,352.25,854.52,351.52,869.94,367.33,820.40,440.13,818.45,384.74,839.53,380.37,854.20,391.77
EK_0121_P06_10_frame_0000009608_l.jpg,0,871.75,660.02,931.53,613.97,947.41,544.73,939.29,482.37,940.70,434.74,888.55,510.98,921.40,423.75,944.64,380.86,960.91,351.26,849.55,503.52,844.71,394.55,843.63,332.26,839.05,284.57,831.10,506.35,832.14,405.84,834.28,344.72,832.99,295.16,830.16,519.18,856.78,454.28,883.71,431.71,905.85,419.14
EK_0121_P06_10_frame_0000009608_l.jpg,1,1332.07,429.67,1246.31,432.65,1199.38,386.15,1173.65,334.31,1149.66,308.00,1216.31,297.88,1186.05,262.21,1186.13,297.15,1198.91,322.53,1263.38,286.39,1231.60,273.65,1226.11,303.67,1236.82,322.70,1302.88,295.53,1269.74,288.80,1262.79,312.92,1272.40,330.71,1330.90,310.24,1301.93,304.34,1295.76,322.28,1303.65,337.29
EK_0121_P06_10_frame_0000010790_r.jpg,0,1249.78,667.20,1176.70,654.12,1139.88,597.37,1132.21,546.66,1131.95,516.20,1187.60,550.02,1150.95,501.60,1137.68,522.44,1142.90,539.59,1219.54,550.40,1178.70,517.13,1156.64,534.60,1154.72,552.44,1238.57,562.42,1195.92,544.25,1175.35,560.76,1174.97,577.51,1245.86,573.84,1207.46,559.14,1191.79,571.31,1193.03,584.64
EK_0121_P06_10_frame_0000013653_l.jpg,0,1153.76,357.99,1122.91,301.12,1109.87,250.35,1098.40,211.62,1085.98,187.80,1135.64,199.14,1084.42,172.41,1059.53,186.63,1054.29,204.00,1135.13,194.47,1078.17,172.75,1055.60,184.66,1047.19,199.39,1127.15,199.30,1073.78,173.13,1052.00,182.92,1043.48,196.06,1110.62,206.43,1074.37,168.87,1063.67,157.96,1058.14,154.19
EK_0121_P06_10_frame_0000014347_l.jpg,0,1425.44,702.03,1354.20,708.36,1310.40,670.10,1294.59,628.44,1294.65,601.07,1309.03,621.74,1270.06,566.03,1266.78,582.07,1277.18,601.80,1345.55,595.86,1304.12,543.61,1294.92,565.79,1301.79,587.48,1378.88,584.38,1340.13,536.29,1328.20,556.89,1333.70,576.82,1407.71,584.46,1373.03,555.03,1358.71,568.59,1363.49,583.94
EK_0122_P06_108_frame_0000000757_r.jpg,0,1406.46,920.80,1328.40,893.87,1282.11,832.09,1254.14,786.38,1231.62,755.58,1362.40,757.95,1329.70,701.34,1312.62,684.09,1299.70,673.12,1402.75,760.80,1367.99,704.15,1338.37,695.66,1318.44,700.06,1425.42,774.73,1391.42,729.03,1362.76,719.60,1342.22,721.60,1435.18,791.44,1405.68,759.15,1379.16,748.49,1358.67,750.05
EK_0122_P06_108_frame_0000001353_r.jpg,0,1333.03,843.12,1361.50,763.34,1365.14,710.68,1346.27,672.10,1334.51,640.78,1349.68,713.79,1330.44,670.97,1312.40,646.19,1295.37,627.77,1322.25,729.39,1300.15,683.58,1278.06,653.19,1260.79,631.87,1296.51,745.78,1275.30,705.14,1258.44,680.49,1246.12,663.23,1272.43,763.87,1251.88,732.33,1239.79,710.81,1229.79,690.96
EK_0122_P06_108_frame_0000001767_l.jpg,0,1338.40,594.94,1229.63,509.13,1204.86,404.49,1204.39,313.37,1191.65,255.60,1350.92,315.47,1303.03,261.05,1277.76,309.99,1281.91,351.84,1417.19,338.54,1353.65,297.25,1324.26,331.53,1328.12,365.75,1451.83,378.97,1399.30,333.62,1372.37,356.24,1370.79,392.40,1466.07,415.87,1428.42,376.74,1405.60,393.68,1401.76,422.43
EK_0122_P06_108_frame_0000001767_l.jpg,1,822.63,534.32,833.45,428.13,866.26,339.35,908.98,282.22,937.19,227.67,856.19,320.06,913.41,271.79,961.04,261.90,998.30,257.35,876.16,367.04,934.28,328.62,985.18,321.22,1031.52,326.46,890.60,409.78,944.06,377.72,985.81,368.51,1020.96,372.23,907.95,454.59,948.16,431.10,974.87,424.43,999.48,422.16
EK_0122_P06_108_frame_0000002847_l.jpg,0,1046.58,1052.69,983.69,1026.08,953.43,964.38,933.55,909.18,917.59,868.51,1015.42,889.11,949.09,843.52,907.21,846.01,881.86,855.84,1034.05,888.32,957.37,860.05,912.44,878.08,884.05,902.97,1038.89,897.22,966.92,875.82,929.52,894.15,905.56,915.29,1037.31,906.00,985.36,896.75,956.96,910.04,937.80,926.77
EK_0122_P06_108_frame_0000002847_l.jpg,1,352.02,1114.14,386.43,1073.68,418.12,1018.36,450.10,976.17,478.94,936.93,343.66,971.39,386.04,919.11,427.45,895.13,462.08,881.24,346.64,980.82,390.33,931.14,433.72,909.64,471.03,899.45,355.76,994.86,397.09,952.24,436.88,935.01,469.63,927.99,366.27,1006.87,401.19,980.08,430.25,969.30,455.27,961.67
EK_0122_P06_108_frame_0000002951_l.jpg,0,1095.54,654.46,1045.70,622.93,1031.18,568.53,1035.64,527.70,1048.38,514.38,1068.37,487.87,1069.32,415.51,1064.99,372.97,1059.25,344.96,1109.64,478.87,1111.69,402.11,1101.19,358.97,1089.80,333.16,1143.64,480.29,1151.80,406.77,1139.96,371.96,1125.32,350.61,1169.56,490.33,1182.81,433.31,1175.74,400.01,1162.12,376.37
EK_0122_P06_108_frame_0000003451_l.jpg,0,1242.76,593.16,1176.95,643.52,1115.36,651.95,1058.64,630.70,1012.68,622.47,1062.25,569.63,981.89,528.66,939.55,503.44,909.70,482.12,1077.73,522.46,988.36,487.36,937.79,464.87,902.76,444.87,1101.20,487.21,1015.45,458.18,966.41,439.17,931.43,424.09,1130.50,460.99,1062.69,437.40,1023.30,424.31,992.19,414.25
EK_0122_P06_108_frame_0000003451_l.jpg,1,708.29,822.73,783.92,799.12,810.74,726.94,824.58,661.62,842.63,610.76,742.80,662.26,758.19,572.36,770.43,523.20,778.25,484.56,709.55,657.83,728.57,568.37,745.60,515.07,758.67,474.33,696.57,660.79,720.82,585.42,741.53,539.69,758.37,502.94,700.54,666.90,724.31,608.91,742.30,571.96,759.56,544.17
EK_0122_P06_108_frame_0000005880_l.jpg,0,1135.70,781.69,1059.34,815.69,984.56,808.84,919.91,775.26,863.46,755.67,969.01,714.30,890.45,642.47,848.56,602.20,819.02,570.97,1003.50,668.72,913.37,598.30,863.45,557.70,827.77,527.23,1040.06,635.11,953.28,573.05,904.65,539.10,870.24,514.79,1078.50,609.97,1008.94,560.00,967.34,534.01,933.80,514.88
EK_0122_P06_108_frame_0000005880_l.jpg,1,546.75,872.21,624.27,798.76,625.73,711.83,618.32,628.86,637.75,571.07,545.36,685.35,540.02,577.98,569.25,562.01,590.68,577.89,486.36,693.50,522.68,602.43,560.00,607.96,575.55,622.86,452.10,704.58,499.82,632.51,532.68,642.12,546.67,663.67,432.64,717.05,480.75,667.74,509.17,672.31,521.43,686.07
EK_0122_P06_108_frame_0000006392_l.jpg,0,1007.82,773.53,951.97,722.09,948.23,652.32,954.50,599.59,957.68,559.51,1046.55,578.86,1013.28,509.32,963.18,502.13,934.84,520.79,1064.08,572.43,1015.18,496.99,958.03,500.46,927.68,527.93,1069.16,572.22,1014.73,494.07,953.45,499.76,922.10,526.50,1056.36,576.79,1012.69,502.21,964.65,493.05,932.34,509.41
EK_0122_P06_108_frame_0000007267_r.jpg,0,551.52,553.79,642.30,597.78,723.92,588.73,789.15,561.24,821.07,541.30,750.30,513.60,843.01,513.98,831.27,538.28,804.63,552.80,730.17,457.76,828.32,461.07,826.08,492.78,803.22,515.34,700.76,422.31,769.03,443.29,761.84,476.06,735.58,493.34,671.38,405.15,724.96,424.14,723.57,450.09,705.58,466.05
EK_0122_P06_108_frame_0000007267_r.jpg,1,785.44,975.93,755.66,912.17,767.38,839.65,774.93,782.86,770.10,740.69,880.71,845.88,913.17,769.10,910.46,732.84,906.50,706.39,898.23,866.05,912.31,786.01,886.96,747.18,857.77,732.39,894.55,881.29,893.94,812.25,867.14,781.48,839.30,769.38,885.31,888.84,874.55,840.37,849.59,817.97,822.99,809.67
EK_0122_P06_108_frame_0000008526_r.jpg,0,1320.44,601.74,1217.26,617.14,1132.21,563.19,1067.68,509.68,1010.76,478.09,1178.04,415.26,1083.42,386.31,1048.13,391.42,1032.47,398.63,1221.39,385.38,1126.66,336.29,1070.40,331.42,1034.53,338.61,1251.42,385.96,1172.35,352.25,1120.55,356.87,1087.06,376.09,1268.45,400.19,1202.68,379.46,1161.47,381.93,1132.80,396.84
EK_0122_P06_108_frame_0000008526_r.jpg,1,735.27,639.59,814.70,642.89,879.25,600.53,945.31,573.88,997.98,555.45,809.93,471.54,866.05,397.54,898.80,384.37,916.65,381.19,777.94,461.05,842.05,404.17,877.98,404.65,901.59,409.94,761.68,465.76,823.63,421.81,854.73,428.47,873.99,437.93,758.77,474.14,810.10,439.77,838.15,444.67,857.88,456.07
EK_0122_P06_108_frame_0000010421_r.jpg,0,652.35,868.10,707.08,832.56,729.34,768.51,757.60,719.95,790.25,687.46,639.69,728.50,643.99,653.21,673.90,627.56,701.98,620.11,616.76,735.71,640.79,665.39,680.36,646.49,716.75,648.08,607.45,744.56,628.90,686.66,657.32,669.72,685.31,667.04,612.42,750.32,627.04,707.87,650.42,693.64,673.78,691.49
EK_0122_P06_108_frame_0000010421_r.jpg,1,1058.22,880.34,970.11,875.91,921.86,826.13,920.04,766.95,939.58,731.24,912.07,769.90,885.93,694.73,903.32,715.15,918.33,739.75,958.70,742.53,929.45,682.75,939.20,706.57,950.16,733.17,1002.14,726.17,968.32,680.92,972.42,702.62,981.64,729.50,1038.90,718.41,1006.79,708.17,1006.61,729.56,1014.61,749.86
EK_0122_P06_108_frame_0000010551_l.jpg,0,772.08,606.77,838.47,565.93,875.87,520.61,911.43,491.62,945.67,482.68,808.92,438.63,876.52,426.00,913.40,451.27,930.18,474.41,788.19,451.81,860.48,447.14,900.80,474.91,922.70,503.98,780.12,476.68,845.95,480.28,885.19,499.96,907.08,528.26,780.22,500.83,832.77,502.20,864.50,513.78,884.97,534.71
EK_0122_P06_108_frame_0000010551_l.jpg,1,1098.24,596.16,1023.68,575.47,981.28,532.18,954.90,502.62,946.50,497.99,1045.66,440.88,974.25,455.69,974.89,489.22,987.66,501.36,1078.65,443.70,1002.47,461.77,997.84,491.56,1007.24,507.31,1097.59,460.59,1029.16,470.98,1019.19,495.16,1027.01,513.63,1103.75,480.45,1054.35,487.89,1044.52,506.40,1049.22,522.77
EK_0122_P06_108_frame_0000011332_r.jpg,0,676.08,600.00,724.39,554.81,718.27,500.38,700.72,453.30,703.01,416.93,653.38,470.74,662.44,399.96,690.11,397.47,706.59,412.94,619.65,476.93,655.48,433.87,682.24,445.58,688.86,462.41,605.59,489.53,642.70,458.94,666.25,469.33,674.43,485.23,601.99,502.61,628.71,476.79,648.66,482.88,657.40,496.63
EK_0122_P06_108_frame_0000011332_r.jpg,1,905.59,629.48,826.34,613.96,792.18,569.43,799.26,525.01,823.86,498.06,776.94,498.79,806.89,459.33,831.07,471.49,837.07,492.18,817.09,477.89,841.71,445.15,857.87,463.51,860.80,485.23,863.47,471.15,877.59,452.54,888.62,474.23,889.86,496.95,910.96,475.99,923.59,481.97,927.14,504.06,924.32,522.55
EK_0122_P06_108_frame_0000011521_l.jpg,0,1030.02,689.49,959.41,686.01,914.31,646.85,886.51,603.25,866.82,578.57,912.39,572.69,881.44,505.34,877.19,495.06,883.75,495.20,956.27,548.62,931.11,461.25,928.35,481.94,937.37,507.70,1002.00,540.88,979.88,460.79,970.55,480.92,975.47,505.38,1041.70,548.63,1023.98,495.78,1011.41,509.73,1012.77,532.75
EK_0122_P06_108_frame_0000011521_l.jpg,1,763.59,687.73,828.09,655.76,845.25,590.20,850.55,528.09,866.04,488.07,783.69,535.64,828.13,472.43,852.58,490.47,855.66,512.06,748.66,533.60,800.42,486.93,822.47,509.78,820.77,530.29,731.17,543.52,780.07,504.03,799.12,524.00,798.59,546.24,724.02,556.62,759.98,524.80,776.48,538.16,779.85,555.51
EK_0122_P06_108_frame_0000013051_r.jpg,0,661.20,720.70,700.57,654.45,729.84,572.80,768.06,511.87,799.94,471.89,666.90,501.83,720.46,441.30,763.89,441.90,788.17,459.78,680.15,523.66,733.77,478.90,778.90,488.75,806.55,510.97,696.68,554.60,746.96,527.77,784.08,536.39,807.83,554.72,712.35,585.53,749.96,566.01,774.29,573.47,792.16,590.93
EK_0122_P06_108_frame_0000013051_r.jpg,1,1101.19,619.17,1018.25,581.02,987.59,507.61,979.06,431.24,967.85,381.27,1076.20,457.51,1016.69,367.98,978.05,357.83,962.95,363.96,1123.45,441.19,1063.15,341.03,1013.31,340.73,989.24,360.31,1150.50,439.99,1103.94,338.80,1059.07,339.98,1037.26,361.35,1158.82,449.12,1119.49,381.64,1081.91,376.55,1061.21,389.03
EK_0122_P06_108_frame_0000014567_r.jpg,0,1575.80,787.88,1412.92,831.22,1279.21,766.22,1188.87,674.44,1115.42,612.40,1347.84,670.52,1174.69,562.66,1086.99,527.93,1031.28,518.85,1416.05,584.31,1221.59,475.16,1144.08,485.24,1112.15,515.47,1466.10,528.26,1281.39,451.15,1208.86,469.98,1183.56,502.02,1500.16,501.96,1365.40,473.31,1293.42,495.57,1262.68,520.04
EK_0122_P06_108_frame_0000014567_r.jpg,1,515.99,811.03,583.63,778.78,607.31,707.84,620.70,641.09,624.66,596.96,433.58,685.06,405.57,563.69,432.05,490.69,466.83,442.93,396.83,670.12,385.61,524.86,438.61,452.36,497.16,423.12,388.34,651.05,384.32,530.15,434.47,471.70,487.24,445.11,394.38,636.98,395.12,549.35,427.82,503.49,466.86,477.91
EK_0122_P06_108_frame_0000015144_l.jpg,0,1352.91,528.44,1261.18,550.83,1198.22,509.09,1161.23,453.12,1121.94,427.58,1215.24,405.89,1150.96,368.95,1127.27,366.93,1117.72,370.72,1261.59,373.23,1188.33,334.87,1163.37,355.09,1159.87,378.49,1301.76,364.57,1234.67,338.58,1206.30,357.37,1199.81,376.40,1333.55,369.21,1282.23,358.50,1254.42,372.00,1244.79,387.12
EK_0122_P06_108_frame_0000015144_l.jpg,1,604.01,1097.30,659.84,1061.39,681.22,1004.01,676.43,944.69,674.59,887.45,577.91,1043.52,538.29,961.78,551.00,902.29,573.12,867.50,534.47,1041.00,509.66,943.43,538.84,883.40,573.15,859.17,513.13,1024.96,495.70,939.11,522.31,890.44,550.49,863.50,506.58,1006.41,496.10,940.91,515.92,902.13,539.72,877.45
EK_0122_P06_108_frame_0000015651_l.jpg,0,1217.06,907.34,1134.35,892.83,1084.98,835.86,1069.74,767.08,1074.23,724.25,1151.85,774.83,1095.25,702.51,1064.38,689.08,1045.32,688.46,1191.92,755.31,1133.33,673.55,1096.22,667.86,1073.23,682.43,1217.57,750.83,1161.06,685.40,1125.05,683.54,1103.33,698.66,1231.40,755.44,1184.36,722.49,1151.70,722.46,1130.60,732.94
EK_0122_P06_108_frame_0000016180_l.jpg,0,664.62,471.63,738.43,468.41,782.77,435.20,815.37,400.15,832.31,383.67,760.52,341.57,817.42,335.65,836.78,359.21,841.16,378.46,733.35,313.45,794.78,295.19,813.97,321.02,816.83,343.52,711.86,305.56,764.48,277.64,783.23,299.85,786.82,321.33,700.67,310.43,742.68,292.48,760.09,304.43,765.59,319.32
EK_0122_P06_108_frame_0000016180_l.jpg,1,1178.47,550.26,1091.95,553.24,1036.84,514.42,1004.63,464.12,988.97,435.98,1008.68,430.71,989.38,380.92,1005.13,390.88,1017.26,408.75,1054.16,397.12,1037.57,373.51,1048.08,396.99,1059.83,422.43,1103.31,383.02,1086.91,389.15,1095.29,412.04,1107.31,435.15,1144.52,379.71,1129.12,387.26,1133.83,406.49,1142.47,425.70
EK_0122_P06_108_frame_0000016376_l.jpg,0,661.04,1044.76,722.32,1023.90,756.73,967.03,786.79,922.86,818.42,894.23,685.78,906.98,698.49,828.98,720.38,791.46,739.24,768.29,658.18,904.69,674.56,825.62,707.22,793.93,735.67,783.78,645.57,907.25,657.95,838.46,685.81,810.80,711.50,798.75,644.07,910.31,651.19,853.95,668.91,828.38,689.47,815.56
EK_0122_P06_108_frame_0000016376_l.jpg,1,1499.14,822.10,1447.73,761.10,1447.14,704.28,1457.25,669.01,1461.93,654.52,1551.09,667.31,1530.80,638.26,1503.66,646.78,1490.42,664.16,1583.37,701.99,1555.93,672.31,1526.61,678.90,1515.65,695.78,1593.46,740.35,1573.57,710.27,1549.44,712.73,1537.84,728.92,1591.70,774.54,1576.29,749.22,1559.56,748.27,1548.13,758.18
EK_0122_P06_108_frame_0000016588_r.jpg,0,1097.14,549.26,1025.16,529.32,994.09,478.39,991.37,436.80,1003.42,408.30,992.56,413.60,989.95,352.72,994.34,328.65,996.42,313.09,1033.41,398.86,1047.83,353.09,1052.95,365.93,1050.27,385.43,1076.84,401.91,1079.31,395.14,1078.92,418.72,1076.41,437.15,1114.81,409.02,1108.97,413.77,1105.21,433.22,1102.48,448.99
EK_0122_P06_108_frame_0000016588_r.jpg,1,973.93,952.84,1026.70,890.82,1043.51,830.54,1060.56,786.30,1089.32,767.74,972.37,779.20,1024.06,733.89,1063.37,734.19,1088.77,743.09,959.48,799.10,1018.53,766.36,1063.45,773.32,1096.28,789.49,959.65,823.81,1014.44,800.48,1054.64,802.11,1087.54,814.22,966.66,846.61,1008.71,829.46,1040.62,827.64,1070.51,834.90
EK_0122_P06_108_frame_0000016700_l.jpg,0,1167.37,699.09,1090.68,719.75,1039.31,688.01,1010.33,645.44,989.92,616.40,1039.93,604.29,1012.65,550.58,1001.05,524.29,994.82,505.85,1077.73,582.41,1040.31,532.23,1019.18,513.39,1007.42,500.10,1114.05,576.60,1077.28,530.40,1051.95,510.92,1038.22,500.03,1145.23,582.08,1110.52,563.86,1085.54,558.76,1069.86,558.87
EK_0122_P06_108_frame_0000017021_r.jpg,0,1258.17,682.32,1242.47,632.50,1240.15,584.78,1243.08,566.11,1250.56,568.84,1283.44,570.45,1260.91,558.71,1246.97,569.97,1245.14,581.28,1278.49,589.95,1241.97,587.95,1226.81,597.71,1223.50,611.93,1266.53,612.57,1226.69,614.34,1215.14,621.73,1213.27,631.25,1251.41,632.75,1213.13,634.89,1202.68,640.69,1200.98,645.81
EK_0122_P06_108_frame_0000017378_r.jpg,0,1252.25,1027.97,1186.32,1033.90,1129.45,1000.37,1081.38,973.30,1040.31,948.30,1157.51,898.76,1099.64,869.77,1068.25,870.87,1049.73,881.03,1181.13,888.19,1124.03,845.38,1087.19,838.89,1059.73,840.41,1195.25,892.88,1148.60,860.48,1112.93,855.77,1085.86,862.65,1201.65,904.46,1161.65,883.94,1132.79,882.24,1110.12,890.10
EK_0122_P06_108_frame_0000017378_r.jpg,1,493.49,813.99,545.14,758.22,553.20,696.30,546.00,659.04,541.15,645.35,464.30,669.52,495.79,642.57,524.24,652.23,541.39,665.66,435.39,695.20,474.37,669.96,500.93,680.11,512.11,695.09,425.91,726.18,458.10,697.97,482.61,702.51,495.57,717.12,427.46,751.68,452.53,724.34,472.56,726.54,484.95,739.07
EK_0122_P06_108_frame_0000018571_l.jpg,0,216.89,1080.45,291.68,1029.44,320.49,963.67,327.98,916.08,335.77,884.73,225.53,912.03,226.65,853.05,241.39,834.00,255.50,826.96,185.23,928.47,190.56,867.52,214.17,849.49,236.04,843.71,160.80,950.94,161.96,897.05,182.82,875.90,203.50,868.32,149.54,975.74,145.37,932.02,157.66,911.49,172.97,904.76
EK_0122_P06_108_frame_0000018976_r.jpg,0,345.19,764.64,455.88,793.79,542.13,755.42,593.16,696.34,631.89,664.11,549.15,657.22,640.41,572.43,672.37,584.30,673.00,610.52,504.80,609.88,606.08,547.21,634.29,575.27,632.77,601.49,463.75,588.58,554.53,533.23,580.77,561.12,576.87,587.04,424.83,585.77,495.94,536.22,522.65,554.47,523.70,577.41
EK_0122_P06_108_frame_0000019021_r.jpg,0,346.97,943.74,450.91,1003.57,564.88,973.27,660.35,939.69,738.02,924.46,587.79,823.98,712.32,762.80,767.34,770.07,781.94,789.29,548.16,772.17,684.92,715.51,742.44,738.72,764.59,765.03,510.28,748.68,632.22,696.30,690.85,716.23,715.92,740.69,479.21,743.21,576.26,695.31,626.38,704.11,651.72,723.90
EK_0122_P06_108_frame_0000019523_r.jpg,0,1480.94,848.67,1373.71,849.27,1303.05,810.22,1250.12,778.82,1204.84,745.61,1362.50,699.20,1319.45,610.95,1278.96,568.41,1253.05,544.19,1406.20,683.27,1383.43,574.97,1340.92,549.41,1309.71,551.50,1437.51,679.94,1403.06,601.84,1360.84,586.30,1332.24,587.74,1452.42,684.77,1413.93,640.25,1374.77,630.59,1346.53,631.64
EK_0122_P06_108_frame_0000019523_r.jpg,1,668.44,956.68,759.63,960.70,820.61,902.36,851.01,832.79,880.79,792.11,784.67,792.91,831.87,723.37,847.09,740.40,836.08,764.31,735.09,765.66,789.05,684.75,808.82,712.83,801.42,740.49,695.14,758.77,737.59,679.40,761.82,702.69,760.35,729.36,661.87,768.80,694.36,706.36,717.87,714.63,723.43,731.52
EK_0122_P06_108_frame_0000022251_l.jpg,0,1271.37,363.97,1138.45,346.47,1085.85,233.65,1104.00,111.49,1112.20,27.69,1237.30,147.35,1116.37,-7.33,1021.68,-31.75,954.05,-29.65,1289.21,110.75,1144.94,-37.04,1045.45,-38.32,985.09,-15.20,1303.84,89.33,1161.39,-18.68,1095.14,8.87,1067.58,39.79,1294.55,79.93,1183.35,15.40,1129.53,39.56,1111.61,67.71
EK_0122_P06_108_frame_0000022251_l.jpg,1,591.54,393.91,742.21,417.34,852.59,325.99,897.89,210.64,911.03,119.82,761.00,336.95,912.40,150.57,973.69,75.71,981.49,60.83,660.99,260.56,843.55,68.26,922.27,23.08,941.39,30.45,596.51,189.05,776.16,8.16,859.13,-19.72,889.29,-13.97,565.34,130.71,707.57,33.24,780.22,27.81,815.98,30.19
EK_0122_P06_108_frame_0000022451_r.jpg,0,1146.86,583.35,1105.93,534.32,1093.02,479.55,1079.48,447.01,1069.30,430.01,1176.58,457.46,1109.99,432.53,1081.04,445.89,1074.32,454.85,1186.04,478.16,1119.76,458.78,1091.07,468.77,1079.49,481.39,1183.13,499.51,1120.12,479.50,1088.20,482.96,1073.61,490.54,1173.82,515.34,1120.58,500.52,1090.14,502.60,1073.31,508.26
EK_0122_P06_108_frame_0000022516_l.jpg,0,1173.81,638.55,1107.28,611.50,1088.69,557.13,1092.70,508.55,1087.87,478.79,1144.95,490.54,1113.52,454.20,1093.37,469.31,1089.39,485.25,1180.62,493.91,1144.05,452.75,1118.94,465.19,1110.32,482.55,1201.66,510.06,1169.38,473.14,1144.12,479.72,1134.12,494.56,1212.07,529.78,1185.64,503.68,1164.23,505.58,1154.87,515.96
EK_0122_P06_108_frame_0000022536_l.jpg,0,1111.97,539.08,1048.18,553.78,996.99,538.54,958.22,531.26,935.16,529.67,1004.87,454.46,971.70,485.28,973.89,514.85,982.45,527.38,1034.05,444.90,996.82,477.74,992.71,507.73,1000.57,524.73,1058.08,452.48,1020.74,478.56,1012.93,502.89,1020.11,519.05,1075.12,464.45,1045.15,481.13,1037.46,498.31,1042.18,514.44
EK_0122_P06_108_frame_0000023676_r.jpg,0,1325.97,982.13,1208.83,969.64,1140.34,900.54,1107.03,814.46,1084.31,749.76,1225.36,799.05,1134.16,720.83,1099.97,712.20,1084.30,711.30,1277.47,769.33,1179.82,684.21,1140.80,705.24,1128.55,737.56,1312.40,761.81,1222.55,709.51,1187.11,738.04,1175.59,769.31,1333.26,765.91,1264.85,736.57,1230.96,754.96,1216.23,777.15
EK_0122_P06_108_frame_0000023676_r.jpg,1,737.60,898.98,707.62,848.69,673.24,783.57,652.87,721.28,650.03,649.41,661.40,710.35,654.49,629.47,678.26,575.73,706.57,546.99,686.65,711.01,688.56,627.92,713.46,583.23,741.11,553.49,712.81,714.86,713.54,637.52,732.06,593.54,751.12,562.32,736.22,721.04,739.02,657.01,749.63,620.88,764.34,593.07
EK_0122_P06_108_frame_0000023901_r.jpg,0,496.89,913.81,549.08,884.92,598.29,833.96,654.69,798.64,698.50,767.18,501.11,739.08,513.02,650.05,551.40,611.33,586.04,596.90,486.22,737.15,505.92,647.59,543.58,610.35,578.77,598.15,484.86,743.81,499.17,664.24,530.10,629.77,559.72,615.93,491.43,752.84,508.13,692.87,529.78,665.65,552.33,651.89
EK_0122_P06_108_frame_0000023901_r.jpg,1,1234.01,769.82,1168.65,731.93,1143.46,663.34,1133.99,604.11,1127.70,566.21,1231.48,607.69,1176.58,555.73,1145.66,563.79,1131.97,571.77,1262.69,612.20,1204.75,564.77,1170.54,576.79,1153.81,594.26,1274.43,625.06,1219.96,585.91,1190.03,594.62,1174.27,609.32,1276.74,635.48,1237.30,605.33,1210.95,607.27,1193.57,615.48
EK_0122_P06_108_frame_0000023951_l.jpg,0,1300.41,808.89,1228.23,782.28,1200.08,722.22,1192.44,663.92,1175.47,624.21,1259.74,660.44,1211.66,606.54,1182.79,601.34,1167.90,601.12,1293.91,653.34,1245.19,591.84,1211.20,600.51,1193.87,615.85,1312.32,659.39,1265.30,615.66,1233.29,624.39,1216.62,638.19,1318.97,669.55,1281.51,640.47,1253.28,643.37,1236.82,653.71
EK_0122_P06_108_frame_0000023951_l.jpg,1,587.93,860.66,650.11,828.75,682.76,779.30,710.45,740.99,734.94,711.01,592.11,727.49,581.79,648.21,605.75,623.16,626.99,617.57,566.10,728.33,565.00,648.31,596.85,631.48,622.27,636.79,554.11,733.45,554.27,665.92,581.95,650.47,604.71,652.43,553.78,738.27,553.46,686.53,573.51,670.92,594.07,668.92
EK_0122_P06_108_frame_0000024826_r.jpg,0,1316.05,1021.51,1276.70,983.26,1264.71,907.35,1243.28,841.72,1209.01,804.63,1318.69,833.77,1282.05,756.88,1244.38,765.65,1234.09,788.27,1316.52,846.14,1267.67,791.78,1232.05,809.75,1222.44,834.55,1306.21,865.64,1255.34,829.76,1227.60,848.54,1220.13,867.74,1294.36,881.62,1250.97,859.65,1230.20,874.06,1224.70,888.50
EK_0122_P06_108_frame_0000024934_l.jpg,0,1312.48,814.57,1284.30,739.50,1288.37,665.56,1285.32,608.23,1282.46,559.42,1351.31,642.04,1308.75,582.76,1271.76,573.38,1252.67,577.53,1349.80,662.64,1312.71,608.52,1274.02,594.32,1244.50,592.63,1340.49,682.82,1307.35,635.45,1274.32,620.17,1251.06,612.95,1327.78,695.42,1297.23,655.24,1274.84,641.79,1261.18,632.73
EK_0122_P06_108_frame_0000025034_r.jpg,0,544.76,843.08,597.44,777.78,612.52,707.98,629.34,655.73,650.52,618.30,494.30,676.99,538.32,612.30,578.87,617.44,593.30,638.49,476.39,691.46,529.06,636.99,574.73,645.10,598.27,665.67,476.11,710.84,526.18,666.27,567.58,668.17,590.81,683.24,483.10,728.16,522.48,692.84,553.90,691.66,574.02,700.86
EK_0122_P06_108_frame_0000025034_r.jpg,1,1327.06,785.88,1257.16,739.59,1229.94,676.09,1205.27,622.48,1178.89,584.35,1320.22,608.99,1250.98,560.56,1220.05,585.98,1215.37,611.96,1345.87,617.26,1268.63,584.79,1236.33,610.68,1230.40,636.19,1352.35,635.37,1277.72,607.97,1249.00,628.03,1242.44,652.63,1349.02,650.17,1293.27,630.70,1267.27,644.31,1257.62,664.80
EK_0122_P06_108_frame_0000026609_r.jpg,0,1312.15,670.08,1259.62,618.24,1247.03,573.54,1235.40,540.77,1230.38,524.34,1317.65,527.24,1313.46,483.67,1303.94,472.97,1294.19,475.11,1334.41,546.44,1333.12,499.59,1319.81,485.61,1304.59,481.19,1339.10,564.67,1338.61,527.33,1326.66,511.37,1312.28,506.27,1338.46,579.20,1339.06,552.64,1331.80,537.96,1322.92,530.59
EK_0122_P06_108_frame_0000028226_r.jpg,0,1103.18,677.83,1066.32,633.46,1047.52,586.92,1021.32,556.21,1005.65,534.03,1114.40,542.78,1065.31,516.33,1029.84,518.20,1010.07,526.22,1115.11,559.93,1058.98,538.72,1030.06,556.47,1018.51,578.54,1107.84,577.91,1055.81,564.65,1033.43,582.16,1029.19,601.67,1097.46,591.72,1059.80,584.84,1041.33,593.63,1036.78,606.20
EK_0122_P06_108_frame_0000029417_r.jpg,0,1039.70,690.73,986.21,680.98,967.23,646.07,974.38,613.29,989.44,598.42,987.85,582.68,984.97,553.48,982.91,566.32,985.05,583.87,1022.41,580.43,1013.36,568.64,1004.29,585.60,1005.14,601.97,1050.69,591.16,1041.90,571.51,1030.40,584.43,1029.33,600.01,1070.81,606.69,1061.90,589.24,1052.00,596.43,1049.67,607.84
EK_0122_P06_108_frame_0000029671_r.jpg,0,1093.79,707.24,1044.41,724.72,1018.99,709.66,1009.06,687.28,1010.45,671.73,1014.95,653.22,1001.17,626.34,1003.30,622.06,1009.70,625.53,1045.37,632.19,1024.81,597.00,1021.61,589.05,1021.92,587.98,1071.90,623.53,1053.89,588.43,1043.04,572.67,1038.16,563.49,1101.19,624.03,1089.95,593.83,1084.17,576.23,1079.04,564.12
EK_0122_P06_108_frame_0000029776_r.jpg,0,1084.78,776.82,1040.01,749.17,1018.35,702.12,1000.88,666.11,984.44,640.27,1078.41,661.28,1055.21,609.36,1043.25,582.50,1035.35,558.44,1090.99,662.92,1060.21,620.33,1037.41,600.02,1023.58,587.27,1094.35,670.95,1045.94,647.40,1018.32,661.49,1007.03,675.14,1092.59,675.57,1052.71,663.34,1030.86,674.82,1022.09,687.62
EK_0122_P06_108_frame_0000029876_l.jpg,0,1481.60,755.62,1401.39,740.90,1342.08,683.98,1307.12,630.74,1284.43,595.50,1437.45,652.46,1401.93,539.06,1365.77,490.44,1339.92,465.67,1492.71,632.20,1463.60,504.58,1410.71,462.86,1371.50,453.66,1524.23,615.52,1504.07,498.09,1451.91,462.02,1413.47,456.28,1535.61,606.00,1518.66,512.13,1481.93,473.52,1451.08,460.07
EK_0122_P06_108_frame_0000029876_l.jpg,1,620.67,938.50,690.72,910.94,722.01,849.31,736.65,808.07,734.58,788.52,660.38,787.38,702.84,767.41,724.80,788.56,732.99,808.04,628.70,793.28,677.58,784.47,702.24,805.19,714.15,827.18,611.93,811.29,658.98,800.66,684.17,815.90,697.86,834.13,605.93,829.56,645.24,814.57,664.43,825.78,676.86,840.98
EK_0122_P06_108_frame_0000029938_l.jpg,0,1474.46,717.29,1386.93,720.88,1325.04,679.47,1286.96,630.32,1267.01,587.03,1332.07,674.86,1241.88,605.32,1191.42,547.33,1159.32,506.83,1384.82,647.96,1311.49,549.55,1256.66,490.80,1218.60,460.10,1442.89,624.36,1381.16,525.74,1324.33,469.21,1277.93,438.59,1495.72,607.46,1480.15,524.81,1455.95,477.61,1432.30,448.34
EK_0122_P06_108_frame_0000029938_l.jpg,1,677.83,796.27,741.86,781.75,783.46,724.72,805.80,680.57,801.48,655.18,733.64,650.73,781.14,623.89,802.39,640.97,812.10,657.98,703.82,650.35,755.16,644.09,776.11,668.30,784.22,689.97,686.28,665.69,736.17,661.38,756.98,681.20,765.71,699.93,678.51,683.92,721.82,677.49,739.34,692.24,747.79,709.50
EK_0122_P06_108_frame_0000030176_r.jpg,0,1131.36,644.98,1076.26,643.24,1042.15,613.25,1037.23,582.83,1043.35,566.35,1066.67,542.95,1038.18,526.99,1022.59,533.12,1014.68,541.37,1095.57,539.05,1064.84,529.12,1047.46,539.52,1038.98,550.98,1114.14,546.88,1083.28,541.15,1066.97,552.72,1059.14,564.16,1126.76,557.36,1099.21,552.66,1083.89,559.36,1076.68,572.00
EK_0122_P06_108_frame_0000030176_r.jpg,1,562.31,996.10,615.15,958.96,637.76,902.33,649.94,860.06,656.35,834.15,573.30,850.53,617.65,824.06,637.02,850.58,634.01,872.05,561.21,863.66,606.92,844.35,627.30,868.58,631.05,888.89,557.63,883.62,605.46,866.67,623.96,886.24,627.90,903.69,558.64,901.01,599.14,883.80,614.21,900.41,620.92,914.51
EK_0122_P06_108_frame_0000030576_l.jpg,0,720.81,903.22,775.35,869.13,805.02,818.53,825.24,779.99,841.79,768.00,757.85,767.29,805.75,733.07,838.11,744.27,857.18,762.05,745.05,779.85,802.20,764.29,838.21,781.91,861.19,803.72,740.04,799.09,794.25,794.67,827.59,805.26,850.83,825.81,739.89,817.74,780.60,814.75,807.13,821.66,829.17,837.32
EK_0122_P06_108_frame_0000030576_l.jpg,1,1163.90,913.00,1098.34,896.50,1070.13,845.98,1064.54,799.48,1050.72,771.03,1111.53,778.64,1086.97,742.96,1069.56,740.81,1060.03,747.23,1150.56,778.72,1120.81,747.34,1099.29,751.60,1087.86,763.73,1177.23,791.54,1149.55,761.93,1127.42,762.18,1114.48,772.09,1194.71,808.04,1169.59,785.52,1148.23,783.15,1134.71,789.43
EK_0122_P06_108_frame_0000031163_r.jpg,0,572.98,241.23,615.45,166.44,623.94,95.55,635.99,49.75,638.75,32.65,522.75,47.77,594.62,22.84,629.30,54.44,641.28,89.95,510.36,70.43,598.87,53.18,638.35,91.99,655.26,134.09,513.70,97.82,600.35,87.46,639.54,118.30,655.12,152.75,521.76,125.07,594.06,120.25,621.69,139.52,631.42,162.06
EK_0122_P06_108_frame_0000031326_l.jpg,0,545.43,485.68,633.30,450.43,664.35,383.42,647.50,319.49,634.94,283.21,618.15,319.76,635.65,230.53,642.63,189.06,640.99,161.21,564.78,310.41,594.12,210.50,610.07,164.26,616.09,136.04,522.77,314.61,535.30,227.57,554.98,189.62,569.34,169.01,493.96,329.61,503.40,260.28,521.63,236.58,538.63,226.98
EK_0122_P06_108_frame_0000031326_l.jpg,1,1069.53,738.60,1041.17,658.25,1020.15,596.39,991.09,556.89,970.02,528.35,1023.72,581.52,969.73,558.33,949.55,570.93,947.96,583.68,1013.70,620.91,952.73,602.74,939.86,626.61,945.30,652.08,999.94,656.79,948.80,640.80,939.01,660.39,950.68,682.47,986.70,685.62,950.56,683.63,948.81,694.63,961.13,702.74
EK_0122_P06_108_frame_0000031555_l.jpg,0,599.94,886.18,652.68,835.53,654.56,768.38,645.69,720.03,642.27,695.35,568.99,735.20,565.44,662.72,581.74,639.49,598.47,630.60,541.62,749.68,567.52,693.78,595.65,683.39,614.53,679.12,533.20,766.73,561.52,724.76,591.15,715.31,612.99,714.64,535.74,780.82,559.48,748.67,584.22,737.79,604.82,739.46
EK_0122_P06_108_frame_0000031726_r.jpg,0,985.56,768.42,1017.66,720.87,1034.27,667.14,1049.51,623.85,1056.83,588.34,991.02,630.89,1021.56,584.18,1044.87,583.37,1054.27,589.88,994.85,646.05,1022.47,606.94,1045.52,607.19,1058.23,615.30,1001.53,665.45,1025.28,637.79,1044.68,638.01,1056.54,643.56,1008.89,682.39,1026.27,658.03,1040.63,658.81,1051.50,664.74
EK_0122_P06_108_frame_0000031726_r.jpg,1,1414.40,833.69,1372.46,791.13,1343.61,741.36,1318.21,707.02,1299.58,675.05,1398.29,698.73,1352.95,669.92,1323.70,675.14,1311.03,684.38,1398.84,715.69,1358.65,691.47,1327.86,701.34,1312.82,716.10,1395.23,736.01,1359.30,715.81,1331.12,722.20,1316.63,731.56,1389.34,751.99,1359.29,739.79,1337.08,743.81,1325.59,749.21
EK_0122_P06_108_frame_0000033688_r.jpg,0,1292.51,598.11,1246.94,553.37,1237.83,515.41,1235.50,488.35,1229.78,472.24,1322.45,470.27,1348.48,429.57,1336.57,433.80,1323.46,450.70,1349.94,492.02,1380.03,455.35,1362.04,460.37,1348.09,472.14,1365.94,519.80,1391.28,487.97,1376.75,488.05,1364.15,495.62,1370.63,546.55,1387.96,519.25,1375.15,516.38,1365.32,524.59
EK_0122_P06_108_frame_0000033794_r.jpg,0,1364.40,409.02,1295.97,415.31,1259.70,395.79,1250.66,377.29,1255.42,368.47,1265.85,298.51,1246.57,284.11,1248.29,302.54,1254.68,318.58,1309.27,283.74,1284.52,263.78,1279.21,283.51,1281.89,302.24,1347.77,288.63,1328.69,269.02,1317.80,285.49,1317.71,300.16,1378.40,303.80,1361.79,293.34,1350.01,309.34,1347.59,324.61
EK_0122_P06_108_frame_0000034257_r.jpg,0,699.53,334.94,730.73,223.30,780.75,155.05,832.88,115.79,867.34,84.94,781.02,138.07,850.56,97.13,882.30,97.55,887.55,111.37,790.27,190.95,867.64,187.04,860.32,203.77,831.04,215.85,801.45,247.99,876.02,242.64,861.01,257.00,830.00,264.32,809.30,295.15,865.25,294.95,849.87,302.09,821.47,304.00
EK_0122_P06_108_frame_0000035371_r.jpg,0,1691.74,523.40,1754.63,443.95,1767.04,373.69,1737.40,320.61,1716.08,293.14,1710.45,356.49,1698.23,302.80,1685.72,268.88,1677.79,252.27,1667.44,368.86,1651.04,310.47,1646.53,282.01,1653.99,277.87,1629.10,388.25,1604.76,333.17,1606.33,315.57,1623.36,327.94,1589.27,416.09,1567.97,372.83,1572.29,352.10,1590.92,350.48
EK_0122_P06_108_frame_0000035444_r.jpg,0,1330.89,659.76,1394.72,544.46,1419.17,430.47,1406.22,324.35,1418.73,239.96,1422.59,391.31,1409.34,294.72,1379.27,233.70,1352.64,184.26,1361.32,404.76,1333.55,303.17,1291.87,246.85,1255.56,215.41,1305.74,430.93,1270.89,337.84,1250.15,341.31,1240.71,366.94,1251.93,460.96,1212.88,412.05,1187.06,392.85,1174.25,384.55
EK_0129_P08_17_frame_0000000128_r.jpg,0,1353.58,897.27,1299.35,867.70,1276.27,814.39,1261.80,777.03,1249.03,752.44,1334.84,769.68,1326.66,720.52,1310.38,704.37,1296.03,698.00,1366.57,776.17,1356.55,719.02,1331.15,702.35,1310.67,698.94,1383.16,788.58,1373.98,737.38,1352.01,719.52,1333.77,714.52,1388.62,800.81,1379.51,760.81,1361.89,742.28,1345.48,736.12
EK_0129_P08_17_frame_0000000233_r.jpg,0,709.70,914.94,773.64,886.58,803.87,830.11,814.80,782.92,825.44,749.59,756.63,767.30,786.18,722.87,807.39,719.00,821.70,726.06,718.49,769.62,752.82,732.90,776.24,732.20,792.31,739.44,691.57,785.76,724.38,753.64,749.38,752.14,765.65,759.81,673.99,808.05,700.81,782.32,723.17,781.45,738.43,789.69
EK_0129_P08_17_frame_0000001052_r.jpg,0,1323.78,581.41,1247.61,575.38,1204.81,529.14,1175.88,482.55,1142.96,462.76,1233.94,461.80,1213.14,414.45,1193.73,430.61,1185.58,452.06,1270.62,449.96,1234.96,421.63,1215.88,439.69,1214.00,460.58,1299.59,453.68,1259.48,438.55,1245.86,454.25,1247.81,473.54,1321.77,460.97,1290.44,452.37,1279.45,465.86,1281.49,481.82
EK_0129_P08_17_frame_0000001484_l.jpg,0,646.67,872.80,678.07,807.28,664.85,746.28,648.97,704.56,642.22,669.54,601.17,746.18,606.20,695.01,632.91,685.51,652.68,688.08,586.41,767.29,603.57,723.57,633.45,713.92,656.46,716.31,586.16,787.48,608.43,752.00,636.19,740.57,658.68,739.62,593.13,802.26,609.96,771.35,633.02,762.06,653.44,763.07
EK_0129_P08_17_frame_0000001575_r.jpg,0,1221.27,605.90,1160.44,579.94,1138.02,533.96,1142.84,499.10,1155.93,484.07,1171.13,470.89,1158.87,457.82,1154.73,479.74,1157.77,496.37,1207.63,474.28,1199.67,451.78,1188.09,466.75,1186.22,486.27,1235.99,490.70,1221.72,477.14,1208.27,489.18,1206.78,505.64,1252.17,510.81,1235.37,500.70,1222.26,508.94,1220.57,521.01
EK_0129_P08_17_frame_0000002327_l.jpg,0,698.27,680.82,738.52,643.69,747.56,601.95,736.52,576.83,724.64,575.23,700.88,562.58,712.99,534.88,729.52,543.75,741.38,556.09,676.62,576.08,688.65,546.36,705.34,553.59,715.32,566.60,663.82,594.87,679.11,570.31,694.05,576.34,701.96,588.29,659.48,612.84,673.81,592.82,687.53,595.37,696.53,604.62
EK_0129_P08_17_frame_0000003644_l.jpg,0,807.62,759.71,857.01,732.80,873.45,674.90,879.74,620.99,891.76,579.93,810.22,650.47,818.61,571.84,842.58,547.64,863.39,545.27,774.78,647.75,770.94,566.05,787.16,521.38,801.50,494.64,756.27,647.94,744.18,576.45,753.98,530.97,764.92,499.89,754.63,651.47,746.16,593.31,754.29,560.63,765.78,539.53
EK_0129_P08_17_frame_0000003644_l.jpg,1,1062.07,788.49,1031.42,758.16,1005.03,699.93,982.36,649.60,956.54,608.49,1059.11,656.53,1051.25,592.58,1026.16,565.04,999.03,552.39,1054.48,660.22,1046.61,600.19,1017.91,573.76,993.34,561.92,1042.98,669.23,1022.80,625.95,994.47,606.78,970.75,595.91,1030.96,677.07,1009.37,641.18,988.28,626.71,971.12,618.61
EK_0129_P08_17_frame_0000005073_l.jpg,0,782.03,1006.15,835.27,955.92,845.86,887.26,859.19,828.33,879.44,786.28,779.05,853.50,818.29,779.85,856.93,765.77,886.43,764.25,760.34,859.52,807.65,796.34,849.13,787.65,881.44,790.26,757.27,872.12,805.23,824.24,841.89,815.71,871.44,820.14,762.80,884.05,798.24,850.92,829.09,844.21,855.73,848.93
EK_0129_P08_17_frame_0000005119_r.jpg,0,855.24,846.61,901.26,814.36,913.44,756.65,924.76,706.60,940.78,669.56,849.29,721.25,869.56,656.82,894.90,641.12,914.11,644.73,819.09,724.81,834.62,654.50,865.09,642.51,886.41,650.48,803.12,734.96,811.68,669.70,840.70,657.08,861.37,660.31,799.46,746.21,804.67,695.78,824.26,681.77,841.13,679.01
EK_0129_P08_17_frame_0000006956_l.jpg,0,834.02,916.62,894.55,904.48,926.14,856.10,932.68,809.34,934.67,778.96,908.37,825.23,940.55,763.73,953.11,746.49,954.57,743.46,870.13,807.98,908.69,745.07,931.04,736.73,940.78,741.89,840.18,800.47,877.12,740.16,904.68,733.25,918.87,738.06,819.97,801.28,855.68,770.45,880.34,771.94,894.39,779.62
EK_0129_P08_17_frame_0000007492_l.jpg,0,1295.07,975.43,1234.00,964.51,1192.63,910.63,1162.13,868.19,1136.03,842.31,1241.21,846.63,1177.25,809.90,1137.79,799.45,1109.36,789.31,1258.16,841.78,1199.36,807.26,1158.29,811.68,1131.17,830.76,1263.21,852.99,1205.40,836.73,1166.39,851.41,1142.08,872.89,1261.31,865.04,1215.18,866.97,1183.57,882.28,1161.32,901.36
EK_0129_P08_17_frame_0000007492_l.jpg,1,778.22,813.14,833.36,811.58,869.85,763.92,884.86,721.21,880.23,695.23,833.63,702.70,874.14,655.79,901.69,642.51,921.46,636.43,809.02,694.29,855.29,649.13,887.91,645.46,909.89,649.77,794.89,696.26,832.83,654.04,861.88,651.71,882.77,656.64,790.52,702.49,817.39,665.87,839.61,656.87,858.47,655.90
EK_0129_P08_17_frame_0000008672_l.jpg,0,1482.65,494.50,1414.77,495.99,1357.01,462.66,1313.76,436.29,1278.19,416.20,1383.86,386.19,1328.33,331.01,1297.81,301.59,1277.33,281.52,1425.54,362.83,1377.35,301.72,1347.25,302.79,1334.36,317.87,1463.12,357.53,1421.92,302.81,1392.79,305.48,1380.37,318.28,1495.02,360.57,1469.97,310.10,1442.69,306.22,1426.87,315.41
EK_0129_P08_17_frame_0000009551_l.jpg,0,854.29,1126.04,889.89,1082.33,915.12,1004.86,948.02,934.87,982.56,886.07,838.14,926.59,903.29,844.21,955.28,818.73,996.26,804.87,840.69,926.77,917.04,860.04,974.51,851.52,1018.62,852.13,852.24,936.26,926.47,884.24,972.86,883.35,1007.52,890.35,867.51,949.30,923.67,915.21,960.98,912.86,988.48,918.39
EK_0129_P08_17_frame_0000009709_r.jpg,0,1666.30,940.70,1583.78,884.00,1549.56,784.48,1534.57,702.17,1511.33,644.52,1675.93,737.31,1602.28,639.92,1551.19,616.17,1509.78,598.65,1717.81,741.58,1638.38,646.67,1576.78,634.59,1531.00,634.61,1732.45,757.20,1658.97,677.74,1604.92,667.35,1565.92,671.65,1733.45,773.39,1675.88,720.33,1631.16,705.80,1598.22,706.23
EK_0129_P08_17_frame_0000009709_r.jpg,1,858.57,1025.77,857.86,952.09,896.27,885.04,951.86,846.08,1003.43,824.99,930.03,857.03,969.11,817.06,1001.71,793.35,1021.50,780.98,955.07,889.48,1013.16,854.31,1015.16,862.80,996.87,880.85,971.64,927.13,1023.12,908.01,992.09,929.71,955.76,950.77,981.20,965.85,1013.77,956.51,987.70,969.07,957.00,982.14
EK_0129_P08_17_frame_0000010574_l.jpg,0,323.56,1050.95,362.55,1006.97,402.81,959.96,441.80,927.78,475.55,911.13,374.75,922.46,429.69,911.00,465.29,923.43,484.78,937.24,373.27,938.27,427.19,929.66,460.70,944.17,483.49,962.78,375.34,956.99,421.42,949.77,452.89,960.63,473.26,976.48,379.20,977.33,414.55,966.10,439.36,969.61,456.72,979.16
EK_0129_P08_17_frame_0000011472_r.jpg,0,1359.67,326.19,1276.24,346.87,1217.34,324.27,1185.00,278.57,1176.68,241.58,1189.57,251.21,1116.97,260.25,1126.27,288.25,1143.94,294.93,1206.34,202.09,1125.77,200.02,1137.67,235.08,1166.13,252.66,1234.56,174.33,1169.03,172.35,1179.95,207.46,1207.87,224.88,1263.81,164.32,1230.72,180.76,1239.02,213.26,1260.74,227.55
EK_0129_P08_17_frame_0000011472_r.jpg,1,815.73,763.41,880.51,725.57,908.81,661.34,924.36,610.82,933.11,576.80,835.84,602.11,871.78,544.23,904.02,549.91,921.55,567.51,812.00,613.23,872.83,591.18,910.65,619.65,928.47,649.87,802.50,632.77,858.40,622.18,895.32,642.32,913.51,668.17,799.10,651.42,843.41,640.85,876.57,652.10,896.58,671.21
EK_0129_P08_17_frame_0000012361_r.jpg,0,732.37,810.28,807.61,772.88,839.52,712.35,850.95,655.14,867.03,620.10,793.67,647.41,839.48,582.04,862.89,584.36,872.55,599.53,749.70,646.84,802.93,616.11,822.81,635.27,825.25,653.89,721.72,662.57,770.51,639.08,792.06,655.47,796.63,675.99,702.50,683.00,739.73,662.38,759.78,673.06,767.51,690.08
EK_0129_P08_17_frame_0000012978_r.jpg,0,1428.19,636.71,1338.11,670.89,1281.89,644.46,1255.89,600.06,1256.73,564.73,1238.80,573.69,1186.59,574.07,1199.80,599.80,1220.48,611.87,1271.73,531.08,1215.53,518.22,1226.22,547.55,1244.96,565.72,1316.09,506.48,1272.79,505.81,1279.66,535.53,1299.07,552.96,1359.96,493.25,1332.28,509.00,1334.77,536.08,1350.21,553.08
EK_0129_P08_17_frame_0000015797_l.jpg,0,525.27,461.06,560.88,406.20,574.99,344.94,603.37,309.39,626.72,276.58,482.21,323.32,459.83,273.30,469.06,247.91,479.60,240.76,471.72,341.49,460.61,294.12,474.49,270.13,491.04,260.34,469.63,358.61,468.73,320.52,479.72,294.80,491.96,281.71,476.63,371.35,481.44,341.64,491.85,323.44,499.34,313.15
EK_0129_P08_17_frame_0000019102_r.jpg,0,1385.82,671.60,1294.00,682.56,1230.63,654.03,1193.13,623.02,1161.66,604.17,1235.48,570.29,1169.60,559.56,1147.72,576.88,1138.30,590.19,1263.54,559.64,1197.06,569.65,1178.55,600.91,1175.95,630.79,1285.84,568.26,1226.82,586.72,1209.49,617.36,1205.74,645.72,1300.03,578.21,1257.63,595.14,1240.43,619.55,1233.78,643.18
EK_0129_P08_17_frame_0000022517_r.jpg,0,1683.44,582.21,1595.92,617.95,1510.75,598.96,1456.21,581.14,1410.61,573.80,1502.00,499.99,1426.07,516.55,1392.61,537.67,1363.96,548.73,1535.76,481.77,1471.84,514.79,1443.92,552.18,1425.93,581.31,1562.53,487.23,1508.51,533.17,1492.76,570.94,1485.17,596.24,1578.11,495.86,1536.90,538.30,1521.76,571.58,1517.48,599.69
EK_0129_P08_17_frame_0000022734_r.jpg,0,1420.58,357.71,1385.72,296.63,1341.78,261.10,1293.64,254.52,1257.59,259.63,1272.75,229.11,1210.40,224.92,1215.36,245.45,1225.32,257.53,1242.73,253.41,1165.68,245.07,1181.31,268.22,1205.14,282.09,1223.58,288.16,1150.72,278.93,1169.27,291.38,1193.59,299.70,1212.78,329.30,1160.74,326.77,1168.69,330.65,1182.70,333.44
EK_0129_P08_17_frame_0000023524_l.jpg,0,1553.47,928.86,1469.28,928.74,1406.71,863.14,1381.98,797.30,1360.72,751.29,1447.63,802.55,1385.81,727.72,1353.56,690.53,1329.42,660.04,1494.29,775.84,1428.28,702.12,1396.54,714.75,1384.79,738.69,1527.48,771.92,1461.53,726.25,1431.71,745.47,1423.02,767.41,1546.94,776.26,1489.86,752.31,1462.58,766.92,1456.05,784.29
EK_0129_P08_17_frame_0000025062_r.jpg,0,1452.76,797.61,1341.54,812.30,1277.18,770.50,1255.61,714.84,1257.78,673.85,1236.31,684.22,1165.94,659.93,1183.84,689.41,1216.48,704.74,1278.32,637.58,1207.33,605.56,1214.84,643.30,1242.13,669.04,1329.82,615.40,1264.62,588.59,1265.42,626.19,1287.96,649.99,1377.21,609.77,1332.10,606.58,1327.98,635.63,1342.42,652.35
EK_0129_P08_17_frame_0000025537_r.jpg,0,1370.50,405.55,1337.37,326.13,1287.18,278.82,1252.66,247.02,1247.71,226.06,1217.97,253.01,1143.68,256.72,1148.23,291.31,1164.53,304.77,1177.00,290.28,1081.53,291.86,1095.98,326.31,1125.84,338.14,1151.34,341.11,1049.75,340.17,1072.75,365.15,1104.38,373.25,1140.28,398.78,1061.11,408.83,1077.86,420.80,1104.46,421.00
EK_0129_P08_17_frame_0000026618_r.jpg,0,1518.65,691.04,1432.17,652.41,1391.40,586.90,1375.57,538.89,1356.83,512.85,1441.73,504.70,1403.80,466.76,1375.27,473.38,1351.93,484.10,1483.69,506.90,1433.43,474.21,1399.07,484.27,1375.45,501.97,1510.70,522.37,1461.46,491.38,1430.84,500.29,1410.53,516.72,1527.58,539.75,1492.00,511.77,1464.95,509.79,1444.91,518.11
EK_0129_P08_17_frame_0000026663_r.jpg,0,1314.25,570.93,1255.70,574.38,1216.91,554.41,1190.40,538.79,1176.02,528.12,1230.38,480.14,1202.45,435.78,1185.21,416.76,1169.73,405.87,1254.35,471.74,1214.50,439.07,1186.70,437.92,1166.55,443.79,1271.06,473.77,1235.58,445.45,1211.60,445.48,1195.41,451.32,1281.14,476.95,1257.13,455.20,1237.02,451.80,1222.60,456.70
EK_0129_P08_17_frame_0000028853_r.jpg,0,1586.42,592.28,1472.51,605.83,1385.64,557.32,1328.35,510.32,1275.71,490.10,1414.10,440.39,1332.02,434.22,1285.39,447.23,1249.09,453.08,1465.37,411.68,1381.85,413.65,1338.25,439.06,1310.02,458.78,1511.72,411.50,1437.05,415.26,1403.15,438.34,1386.60,458.73,1548.39,422.33,1489.23,425.58,1460.05,444.69,1447.66,466.35
EK_0129_P08_17_frame_0000029047_l.jpg,0,1633.24,494.45,1536.77,496.38,1471.89,452.07,1422.94,411.80,1385.11,388.52,1508.57,365.42,1457.99,377.78,1459.66,415.15,1471.94,432.75,1561.50,356.99,1508.05,376.83,1506.06,410.25,1520.25,422.58,1606.95,370.92,1560.20,380.07,1555.18,408.05,1569.91,423.10,1643.74,391.22,1606.06,394.19,1598.98,414.52,1609.87,427.05
EK_0129_P08_17_frame_0000029252_r.jpg,0,665.46,410.14,751.95,431.10,824.30,390.58,881.09,346.73,933.23,322.02,812.16,282.01,876.74,243.72,894.70,270.12,890.76,294.87,779.24,259.25,845.71,236.27,863.77,266.55,866.08,290.46,751.50,257.56,812.36,238.32,832.94,262.65,837.48,284.72,733.77,267.99,784.91,246.27,807.08,263.23,813.26,283.16
EK_0129_P08_17_frame_0000029785_l.jpg,0,1722.46,376.19,1611.56,404.57,1505.80,370.32,1430.90,349.84,1368.55,344.53,1523.73,235.48,1419.22,255.76,1371.96,297.72,1340.46,331.78,1559.75,219.25,1464.94,258.63,1423.87,307.01,1399.04,346.75,1587.27,232.68,1508.08,279.45,1471.82,315.85,1452.80,347.97,1608.14,250.32,1543.53,290.92,1511.84,324.30,1495.25,358.91
EK_0129_P08_17_frame_0000029785_l.jpg,1,498.08,1127.94,479.79,1059.24,476.98,975.88,500.00,900.83,527.71,845.82,424.14,923.04,485.69,870.44,539.01,868.24,580.17,878.35,467.32,944.52,554.68,931.39,606.40,952.36,640.80,975.20,507.73,970.51,579.31,965.20,616.87,983.50,637.40,1003.29,538.98,992.62,587.49,970.57,615.42,970.60,635.64,980.91
EK_0129_P08_17_frame_0000030284_r.jpg,0,1387.68,654.93,1292.89,676.34,1215.54,645.79,1161.35,617.09,1122.12,605.74,1211.01,534.47,1126.14,548.78,1140.08,590.75,1165.66,604.60,1249.65,507.10,1165.03,527.43,1171.46,567.21,1192.15,584.29,1286.09,506.73,1209.12,524.66,1211.35,556.89,1232.08,574.51,1310.29,519.62,1246.93,533.81,1246.72,557.59,1264.45,571.30
EK_0129_P08_17_frame_0000030284_r.jpg,1,885.97,1010.67,914.58,946.10,919.26,861.71,921.12,803.58,920.42,768.80,851.98,816.52,902.26,756.99,953.93,768.58,981.66,789.06,863.37,836.31,928.59,797.62,984.39,823.11,1012.56,849.64,883.88,859.39,934.31,839.60,981.40,862.19,1003.25,887.56,901.83,881.21,937.31,858.09,969.70,874.78,985.15,903.33
EK_0129_P08_17_frame_0000030361_r.jpg,0,1677.60,647.83,1584.18,625.82,1532.97,565.91,1509.23,518.43,1495.15,496.72,1583.73,479.74,1521.03,452.23,1489.08,469.15,1470.18,486.36,1636.80,467.80,1569.22,424.63,1536.10,450.55,1522.26,480.42,1680.10,478.56,1618.98,436.91,1587.74,456.65,1578.07,481.69,1709.64,500.77,1660.65,481.69,1631.74,494.94,1621.19,512.53
EK_0129_P08_17_frame_0000031276_r.jpg,0,896.01,377.38,965.60,391.89,1017.17,370.20,1052.28,338.81,1070.52,310.95,1011.19,298.47,1045.40,291.29,1039.41,319.03,1024.73,335.49,981.60,279.67,1019.54,283.33,1016.27,308.12,1000.09,321.27,952.82,274.59,990.39,277.85,991.29,298.97,977.75,313.13,927.51,275.35,960.98,275.55,964.47,292.21,955.11,305.07
EK_0129_P08_17_frame_0000032726_l.jpg,0,1222.26,848.74,1164.21,882.29,1107.95,865.95,1064.32,828.67,1029.24,801.46,1105.18,789.95,1038.35,763.05,1002.28,752.85,976.06,742.80,1125.09,761.68,1053.24,733.71,1011.39,722.36,981.71,713.18,1141.96,748.99,1077.25,721.06,1037.82,708.75,1008.94,700.23,1154.29,744.85,1104.95,718.31,1073.23,708.34,1049.37,702.84
EK_0129_P08_17_frame_0000032726_l.jpg,1,896.60,838.32,922.30,778.80,968.16,743.85,1009.74,743.40,1040.70,750.32,979.14,749.55,1029.27,739.56,1061.73,736.55,1085.77,735.47,991.09,775.42,1044.66,766.48,1076.49,760.87,1101.78,756.74,1000.75,803.26,1050.79,796.21,1081.18,792.02,1104.78,787.31,1005.23,832.37,1049.14,828.11,1075.62,822.82,1096.12,817.62
EK_0129_P08_17_frame_0000032842_l.jpg,0,846.44,1010.49,865.51,966.36,861.77,917.47,858.73,884.50,857.74,864.30,812.84,898.58,857.69,878.75,875.66,895.72,875.41,909.45,803.95,904.03,852.35,886.99,869.64,904.22,871.04,919.96,806.52,913.57,851.82,894.42,868.39,908.65,872.50,924.11,816.47,923.85,850.68,906.15,866.04,914.02,872.41,924.27
EK_0129_P08_17_frame_0000033321_l.jpg,0,1060.39,534.09,987.15,554.78,918.51,543.05,882.97,516.30,887.23,494.76,926.04,451.73,867.89,458.68,856.05,495.65,858.66,523.76,952.22,432.34,891.06,444.02,877.16,481.67,879.88,513.74,976.02,430.77,921.47,448.75,908.03,479.00,912.82,507.33,994.32,439.37,952.85,456.59,937.82,478.63,938.19,501.20
EK_0129_P08_17_frame_0000033321_l.jpg,1,651.47,849.96,713.83,831.93,753.10,771.80,780.89,719.16,809.51,678.43,708.59,707.88,758.12,649.85,790.35,646.85,808.07,654.79,688.50,710.53,741.71,669.75,779.38,666.67,805.93,671.64,679.37,723.97,730.75,699.18,764.77,696.01,790.51,699.02,678.99,740.11,717.99,718.86,748.33,718.68,770.99,726.89
EK_0129_P08_17_frame_0000033652_r.jpg,0,1103.99,745.95,1033.92,748.84,977.51,697.54,938.62,635.61,898.74,591.73,1023.97,637.37,955.27,575.96,904.65,567.22,866.85,569.23,1050.60,611.02,966.02,550.07,907.21,553.11,869.21,564.48,1066.94,599.01,982.97,532.90,928.95,542.29,897.67,560.58,1071.55,597.23,1005.69,550.34,960.50,550.21,933.80,559.60
EK_0129_P08_17_frame_0000033748_r.jpg,0,1095.73,555.62,1036.14,591.11,983.91,581.87,941.23,571.03,908.18,580.09,951.76,502.95,907.51,506.70,917.96,527.57,935.44,535.07,979.28,468.98,929.78,468.34,932.91,493.57,946.35,507.27,1011.91,453.86,969.13,450.87,965.48,471.23,975.60,485.02,1042.84,449.94,1012.76,457.92,1008.21,473.92,1014.78,485.49
EK_0129_P08_17_frame_0000034485_r.jpg,0,379.98,889.01,258.32,949.80,118.50,902.62,32.10,825.63,-11.79,773.44,155.35,810.52,5.23,754.33,-60.84,746.58,-97.11,744.98,210.01,743.05,39.74,683.95,-23.95,694.45,-55.31,705.80,261.57,701.77,113.97,659.77,70.93,690.90,64.21,716.38,306.44,682.04,191.23,655.19,150.13,680.44,147.29,702.62
EK_0129_P08_17_frame_0000034770_l.jpg,0,1425.18,1044.20,1449.60,979.50,1441.07,919.81,1417.77,878.64,1401.86,840.52,1435.96,920.97,1421.27,886.73,1403.11,864.76,1384.81,848.02,1408.84,933.86,1392.29,896.62,1373.52,872.03,1359.36,852.81,1384.57,949.88,1366.11,910.92,1351.99,884.02,1340.30,860.98,1360.74,969.09,1343.84,932.83,1331.43,907.66,1321.02,883.74
EK_0129_P08_17_frame_0000034770_l.jpg,1,724.38,846.82,722.16,792.87,728.88,739.50,745.86,704.98,759.94,679.51,710.77,759.19,744.49,746.05,768.45,740.11,782.05,733.83,723.73,781.83,760.21,768.20,781.36,758.03,797.28,748.27,737.48,800.19,772.15,783.44,792.72,769.29,808.07,757.05,755.29,816.65,784.93,801.44,804.33,787.83,819.24,776.55
EK_0130_P09_07_frame_0000000470_r.jpg,0,1168.92,868.39,1075.29,841.85,1005.00,795.06,936.37,772.76,885.27,753.05,1105.45,676.11,1072.09,567.37,1042.69,506.38,1016.56,468.07,1166.93,664.80,1161.26,536.68,1126.93,484.00,1092.11,461.45,1211.66,668.42,1206.63,557.41,1170.84,512.35,1135.52,495.44,1237.33,681.89,1239.44,596.31,1220.80,558.11,1201.19,536.41
EK_0130_P09_07_frame_0000000754_l.jpg,0,1146.04,954.22,993.53,969.93,868.89,930.37,786.32,879.61,735.35,840.67,919.24,696.17,851.18,588.78,831.10,558.16,825.58,560.08,1012.34,656.06,993.63,508.31,974.05,499.03,966.67,525.73,1096.30,649.42,1077.96,529.78,1050.00,533.04,1033.50,554.90,1166.84,671.11,1148.47,575.23,1123.35,575.33,1109.64,597.11
EK_0130_P09_07_frame_0000000840_l.jpg,0,1227.88,872.72,1293.41,736.27,1304.08,602.15,1288.85,511.86,1259.21,462.49,1244.58,543.22,1193.57,423.92,1187.79,412.62,1191.79,429.98,1165.83,561.34,1107.23,440.08,1108.13,434.56,1117.61,454.34,1086.81,606.93,1023.84,488.15,1030.28,500.91,1048.97,529.63,1014.72,674.05,929.68,605.44,909.29,584.28,908.82,578.39
EK_0130_P09_07_frame_0000001342_r.jpg,0,1638.32,767.85,1516.34,775.53,1416.91,697.80,1344.41,626.60,1282.19,588.88,1512.02,541.87,1375.43,539.32,1323.16,576.41,1298.77,593.37,1557.35,521.06,1414.66,542.03,1397.81,608.83,1410.12,643.64,1579.19,527.81,1445.93,557.74,1430.58,617.23,1440.83,655.54,1585.87,541.01,1487.74,567.38,1465.69,615.48,1466.57,651.66
EK_0130_P09_07_frame_0000001563_l.jpg,0,1304.56,858.45,1216.78,976.42,1106.08,1034.20,1009.62,1048.92,943.53,1041.16,995.68,896.35,798.10,906.17,736.64,892.08,727.79,886.63,1025.34,787.33,849.28,697.84,797.88,703.26,802.72,742.45,1071.13,713.99,936.44,627.32,893.72,654.72,889.91,695.98,1128.88,677.11,1027.30,616.85,997.88,636.83,1005.61,672.90
EK_0130_P09_07_frame_0000001610_r.jpg,0,1572.16,748.48,1466.99,883.61,1331.48,962.58,1242.87,1034.22,1198.53,1102.01,1229.17,748.15,1113.63,666.20,1065.31,627.63,1026.58,604.74,1274.19,662.08,1220.65,605.12,1198.93,592.97,1202.83,596.10,1342.84,611.62,1306.46,630.38,1326.49,665.72,1353.62,699.21,1403.85,590.63,1378.31,609.40,1396.53,642.38,1425.91,669.60
EK_0132_P18_01_frame_0000000250_r.jpg,0,1234.21,805.35,1173.86,794.88,1148.47,753.35,1147.99,717.72,1155.34,696.11,1154.30,699.56,1145.31,653.19,1149.19,659.20,1153.98,676.87,1190.30,688.91,1179.60,644.78,1179.01,660.60,1180.87,680.75,1223.28,690.40,1216.13,656.35,1210.84,670.39,1210.47,687.79,1252.38,700.25,1244.37,677.32,1238.49,689.67,1238.00,706.04
EK_0132_P18_01_frame_0000001067_r.jpg,0,1123.82,679.41,1038.61,685.55,985.35,659.12,955.71,640.77,946.07,634.61,981.50,550.56,946.15,571.46,945.23,600.21,953.76,618.02,1022.43,535.68,982.40,562.26,977.69,591.74,985.46,613.74,1057.00,542.92,1019.67,561.40,1008.26,585.07,1014.16,605.32,1081.33,554.97,1047.47,568.47,1037.08,585.56,1039.87,603.02
EK_0132_P18_01_frame_0000001067_r.jpg,1,873.67,1080.06,934.46,1046.10,953.66,974.72,962.75,903.48,978.54,844.78,856.21,932.41,861.21,825.98,878.75,771.34,893.96,736.52,817.01,934.27,821.95,822.66,844.48,766.50,865.77,730.85,800.26,937.69,802.32,835.28,822.20,782.46,843.15,745.91,799.62,940.04,798.54,856.28,810.31,810.68,827.24,779.00
EK_0132_P18_01_frame_0000001097_r.jpg,0,1171.57,540.57,1103.54,545.82,1053.01,512.70,1021.65,485.59,1002.26,473.07,1084.27,417.86,1025.17,421.58,1007.63,451.91,1005.52,475.73,1114.98,407.90,1056.03,416.90,1035.48,449.49,1031.70,476.37,1135.49,414.89,1078.59,425.01,1059.17,452.71,1058.27,480.33,1145.85,430.37,1100.04,435.73,1081.24,454.87,1075.77,478.54
EK_0132_P18_01_frame_0000002322_r.jpg,0,1469.93,761.51,1416.20,792.65,1372.37,806.32,1351.47,812.18,1344.25,819.58,1307.99,731.99,1293.87,742.62,1314.61,755.78,1332.64,758.82,1331.96,700.01,1318.39,712.02,1332.42,728.97,1349.16,735.90,1364.74,680.82,1349.89,695.02,1360.70,711.73,1376.01,719.13,1395.19,670.39,1381.61,683.90,1387.94,699.86,1398.48,708.01
EK_0132_P18_01_frame_0000003127_r.jpg,0,1321.62,717.30,1249.79,790.31,1165.30,806.97,1121.25,785.83,1128.25,750.29,1113.31,683.64,1041.36,676.01,1017.82,700.59,1016.23,722.43,1141.62,635.05,1060.98,634.55,1032.55,659.89,1027.10,680.12,1175.49,607.80,1094.67,596.11,1060.70,610.32,1044.57,627.38,1209.20,596.44,1165.14,560.31,1133.54,545.46,1110.01,537.28
EK_0132_P18_01_frame_0000003127_r.jpg,1,641.35,771.46,727.73,814.56,802.74,802.01,833.12,758.93,825.40,726.86,835.31,701.27,905.16,700.43,909.89,726.02,896.62,743.84,808.30,656.15,884.06,652.87,895.34,683.39,888.49,703.37,777.39,635.19,847.47,623.42,870.95,645.41,876.64,664.00,747.24,629.45,798.92,597.48,827.16,594.80,844.68,597.10
EK_0132_P18_01_frame_0000005419_r.jpg,0,541.54,737.64,620.61,714.32,662.29,644.70,680.80,583.45,704.71,540.10,581.56,576.53,607.39,490.07,633.50,454.30,654.83,434.19,541.70,571.67,569.28,484.22,599.85,448.86,626.62,432.73,521.32,576.24,548.30,498.48,578.12,463.18,605.17,441.18,516.44,583.37,540.72,519.40,564.54,487.70,588.55,467.21
EK_0132_P18_01_frame_0000005419_r.jpg,1,1298.91,1047.49,1315.81,985.84,1294.45,897.93,1233.15,837.43,1182.36,801.18,1282.95,843.15,1236.00,788.32,1189.50,771.36,1154.48,771.69,1242.88,860.19,1184.46,828.09,1185.82,872.14,1202.98,913.03,1212.52,886.29,1155.88,855.16,1170.78,899.76,1196.28,938.34,1192.73,917.23,1148.85,892.74,1163.46,927.64,1189.12,958.07
EK_0132_P18_01_frame_0000006668_r.jpg,0,783.86,922.63,842.05,916.98,878.49,886.04,904.94,865.56,930.58,854.87,840.25,815.31,846.14,772.29,858.92,773.46,863.10,786.39,813.95,816.92,825.03,782.53,841.86,789.58,848.77,802.42,792.10,825.89,802.81,797.89,820.31,797.96,828.15,809.04,780.54,841.24,788.59,820.16,802.97,822.03,808.92,830.80
EK_0132_P18_01_frame_0000006668_r.jpg,1,1336.99,1000.07,1271.51,969.01,1236.62,929.75,1207.25,909.35,1180.47,896.08,1294.14,864.29,1292.25,821.20,1290.47,800.78,1288.92,791.53,1321.73,873.52,1319.97,829.40,1309.06,819.79,1297.10,816.38,1341.03,890.06,1335.44,856.54,1320.16,848.96,1308.63,849.50,1351.66,911.38,1345.44,882.01,1330.77,875.31,1322.76,876.53
EK_0132_P18_01_frame_0000007824_l.jpg,0,861.96,818.05,925.19,793.91,947.02,726.48,942.03,669.74,921.03,640.24,892.63,688.05,885.71,610.06,901.23,600.83,913.56,611.59,849.76,690.03,850.40,614.60,873.69,603.38,886.77,612.05,821.54,700.87,843.57,652.14,866.23,659.80,873.29,676.34,805.15,714.66,831.77,679.40,847.38,687.40,850.69,703.10
EK_0132_P18_01_frame_0000008468_r.jpg,0,1460.90,1033.44,1375.11,1028.47,1309.53,964.33,1257.84,896.08,1204.13,860.16,1364.31,878.47,1292.73,785.35,1256.09,778.51,1248.19,793.99,1405.86,855.83,1342.74,752.42,1300.26,752.23,1280.04,771.37,1427.50,853.61,1376.23,769.51,1334.59,760.72,1311.54,771.82,1432.60,861.36,1390.51,802.74,1355.81,788.15,1336.06,792.62
EK_0132_P18_01_frame_0000008629_l.jpg,0,1208.09,798.92,1146.13,766.08,1099.39,720.18,1053.89,695.59,1018.11,685.98,1158.39,653.53,1095.42,631.58,1056.66,648.96,1031.85,668.77,1174.22,665.31,1104.91,660.70,1062.17,683.26,1035.23,713.06,1180.10,684.75,1115.70,689.38,1077.06,705.55,1051.51,726.74,1182.01,703.44,1130.70,707.96,1097.45,719.29,1073.15,734.95
EK_0132_P18_01_frame_0000008629_l.jpg,1,859.69,902.23,923.10,858.45,957.27,800.61,992.79,759.83,1029.68,730.73,870.73,750.35,890.71,687.03,922.82,670.89,948.21,670.87,846.37,757.75,865.79,695.44,899.84,680.25,930.43,684.95,835.37,769.28,853.70,718.46,882.74,700.37,909.68,698.59,837.85,782.45,851.51,742.44,874.21,726.26,895.65,721.14
EK_0133_P18_02_frame_0000000391_l.jpg,0,886.72,516.64,954.82,498.36,985.93,451.13,988.78,404.88,989.71,373.42,949.43,386.72,979.25,329.72,993.26,304.38,999.63,285.00,911.95,379.51,941.82,318.33,959.23,294.38,967.61,279.41,884.32,383.69,905.32,325.06,924.44,301.15,938.83,286.48,864.15,393.49,867.80,343.22,878.46,320.55,892.09,307.88
EK_0133_P18_02_frame_0000000391_l.jpg,1,1094.35,759.21,1047.39,720.14,1027.56,661.66,1015.04,613.98,1003.27,581.68,1090.31,619.39,1079.65,555.36,1053.64,551.52,1037.19,558.80,1111.80,624.59,1088.18,573.69,1062.65,565.81,1045.16,570.66,1119.67,635.96,1094.12,596.55,1073.13,590.60,1057.09,597.48,1117.75,645.61,1098.44,612.41,1080.58,605.69,1066.60,611.89
EK_0133_P18_02_frame_0000000799_l.jpg,0,1226.93,810.46,1284.67,782.50,1306.86,729.61,1315.72,686.32,1319.94,659.49,1237.36,683.49,1227.84,615.06,1225.25,587.83,1221.96,568.00,1212.20,683.59,1237.29,623.88,1273.86,616.38,1300.68,623.22,1202.70,689.29,1231.47,641.97,1266.65,643.06,1291.37,656.62,1202.09,693.18,1226.49,662.72,1251.89,660.49,1271.43,668.43
EK_0133_P18_02_frame_0000000799_l.jpg,1,1280.17,392.59,1240.06,454.73,1190.31,486.26,1157.52,502.35,1146.60,523.79,1079.45,446.14,1049.50,450.95,1067.09,446.40,1092.09,443.19,1075.54,393.46,1077.19,394.05,1105.51,397.76,1130.14,399.56,1092.38,346.49,1098.81,355.26,1122.65,363.57,1147.03,369.35,1114.54,309.12,1110.20,307.46,1126.04,315.66,1144.73,324.16
EK_0133_P18_02_frame_0000001004_r.jpg,0,1406.97,805.86,1377.59,771.81,1363.54,730.83,1347.49,699.70,1330.27,677.77,1419.88,709.03,1402.39,666.93,1380.51,667.10,1366.13,676.73,1429.59,716.20,1407.57,681.28,1385.88,679.27,1371.47,684.64,1430.18,726.11,1409.52,696.75,1389.22,691.68,1373.18,694.70,1426.09,733.46,1410.10,708.62,1394.38,702.34,1381.12,703.84
EK_0133_P18_02_frame_0000001378_l.jpg,0,1150.95,505.41,1177.24,476.93,1185.93,445.83,1175.88,419.32,1159.08,405.95,1202.07,417.02,1179.78,396.41,1165.26,402.63,1161.27,411.64,1179.81,406.39,1159.52,386.61,1147.46,394.44,1145.54,403.63,1151.69,402.89,1133.56,379.86,1125.46,386.22,1124.98,394.59,1118.33,400.82,1104.17,369.77,1100.09,356.12,1099.66,347.35
EK_0133_P18_02_frame_0000001378_l.jpg,1,920.05,608.35,926.19,588.62,922.99,561.33,931.77,540.56,941.75,528.27,836.16,531.83,859.18,488.43,885.79,488.04,901.75,502.55,842.82,518.28,864.60,472.13,893.75,477.25,910.15,494.91,862.35,502.24,882.45,453.47,913.15,456.40,931.02,472.57,888.20,483.95,898.64,441.35,919.05,440.71,934.47,452.91
EK_0133_P18_02_frame_0000001837_r.jpg,0,859.47,800.21,904.68,757.81,912.62,706.68,906.25,674.72,895.69,664.37,849.15,667.07,840.18,629.58,856.21,625.77,869.41,631.65,825.22,681.27,815.93,642.40,834.94,639.79,848.61,647.72,811.43,698.53,802.74,662.37,818.01,657.49,832.08,663.09,808.67,714.99,800.77,684.46,809.81,676.17,821.06,678.36
EK_0133_P18_02_frame_0000001950_r.jpg,0,800.85,720.90,855.35,734.69,896.13,711.62,921.92,679.33,934.57,651.85,904.04,700.96,954.67,658.54,979.13,631.47,993.11,610.64,882.05,674.26,938.00,625.12,966.41,596.43,983.82,577.33,858.74,650.61,908.99,603.06,937.05,577.09,956.07,560.68,835.67,633.09,869.20,590.17,889.91,567.61,907.33,551.23
EK_0133_P18_02_frame_0000001950_r.jpg,1,1150.90,951.39,1155.88,896.51,1145.88,841.42,1135.53,801.19,1123.51,770.23,1122.58,825.31,1109.18,787.89,1100.74,766.89,1096.62,751.73,1104.20,838.99,1088.91,799.68,1078.94,776.50,1073.33,759.60,1091.49,852.83,1074.95,815.52,1066.46,795.30,1060.77,781.45,1084.15,867.62,1068.45,836.58,1061.39,817.91,1058.04,801.50
EK_0133_P18_02_frame_0000002416_l.jpg,0,1255.25,1011.61,1227.81,967.85,1218.21,917.55,1212.66,878.86,1203.38,844.46,1266.21,899.09,1243.93,855.60,1224.11,844.47,1211.50,844.61,1268.33,910.41,1245.14,872.32,1222.39,857.70,1205.25,852.96,1261.92,922.41,1240.84,892.21,1220.58,877.59,1205.33,870.03,1254.60,930.94,1235.38,905.87,1219.80,896.36,1207.13,890.56
EK_0133_P18_02_frame_0000002416_l.jpg,1,953.07,910.22,943.44,861.27,966.81,819.77,1007.54,807.93,1037.11,808.33,967.77,804.50,996.94,773.32,1000.89,784.78,997.35,798.79,991.95,817.21,1026.21,789.69,1041.72,784.69,1052.79,777.87,1009.73,834.25,1037.69,810.48,1057.12,792.36,1073.07,776.63,1025.17,853.59,1044.12,831.68,1056.70,817.97,1067.68,804.56
EK_0133_P18_02_frame_0000003707_r.jpg,0,1006.02,982.93,1055.88,981.66,1090.42,953.58,1118.15,927.86,1136.85,909.66,1056.32,887.64,1076.61,861.73,1087.63,875.40,1088.51,890.58,1035.45,882.64,1060.43,862.26,1072.67,876.02,1075.52,890.61,1021.06,885.88,1046.19,869.18,1057.30,878.68,1059.49,890.55,1014.51,893.43,1036.69,876.62,1046.74,882.79,1048.97,893.09
EK_0133_P18_02_frame_0000003707_r.jpg,1,1329.33,817.34,1271.50,823.53,1230.86,788.90,1208.80,752.82,1182.75,739.89,1247.02,717.63,1217.42,679.12,1200.55,688.03,1196.95,703.87,1277.16,708.53,1246.10,694.71,1231.25,708.23,1228.86,718.73,1300.07,713.77,1268.12,702.45,1253.94,713.88,1250.56,724.04,1315.23,723.29,1287.24,711.46,1274.69,718.65,1273.46,730.14
EK_0133_P18_02_frame_0000004159_l.jpg,0,1120.32,886.41,1059.36,883.90,1028.37,844.65,1012.33,802.04,1000.89,772.67,1058.84,782.71,1013.11,745.04,982.39,745.17,967.79,752.70,1079.91,767.20,1026.63,728.89,992.93,730.67,974.63,741.29,1091.04,763.46,1039.72,727.61,1004.21,726.52,982.41,734.55,1090.94,768.81,1046.53,740.81,1016.47,735.58,994.59,738.79
EK_0133_P18_02_frame_0000004159_l.jpg,1,941.88,908.82,964.78,871.33,953.58,819.49,945.34,780.55,935.36,750.28,909.69,803.66,936.10,773.59,954.07,752.87,958.64,744.66,906.47,803.95,934.86,770.64,952.43,758.89,958.18,748.78,911.70,803.19,935.72,769.74,949.85,753.50,951.56,741.66,925.05,802.09,940.69,764.78,947.28,749.64,946.40,741.64
EK_0133_P18_02_frame_0000005519_l.jpg,0,903.43,963.81,950.21,987.04,996.01,982.67,1024.97,965.48,1037.62,948.31,1003.44,947.50,1051.61,899.15,1039.16,912.41,1022.21,928.59,981.42,919.97,1028.45,879.72,1015.89,895.62,1000.02,910.34,958.87,897.94,1002.11,865.99,992.29,880.19,978.48,893.87,936.64,882.97,973.51,859.54,967.83,870.25,956.54,881.84
EK_0133_P18_02_frame_0000005994_r.jpg,0,890.71,964.96,933.39,966.62,967.06,945.90,978.79,918.72,976.48,894.45,984.47,933.55,1015.28,893.64,1004.83,881.34,989.92,884.68,965.87,914.55,988.73,867.97,974.22,870.47,963.17,884.54,941.84,898.67,962.98,854.03,950.55,860.83,940.49,876.95,915.44,887.10,928.52,848.02,924.17,851.13,919.22,865.49
EK_0133_P18_02_frame_0000005994_r.jpg,1,1228.05,883.13,1183.89,858.94,1152.23,828.51,1132.70,803.56,1118.43,783.69,1169.16,771.43,1143.11,726.01,1123.80,697.94,1109.86,675.68,1176.75,762.27,1150.86,717.68,1131.03,689.64,1116.31,668.15,1185.89,755.21,1163.21,715.51,1145.04,688.91,1129.69,667.17,1198.40,751.78,1184.40,715.76,1172.73,693.27,1160.84,675.27
EK_0133_P18_02_frame_0000007512_l.jpg,0,734.47,678.95,743.99,630.71,736.14,583.03,735.17,554.75,743.84,542.32,686.33,593.33,681.45,561.94,694.71,546.63,709.18,541.51,680.60,611.31,680.41,582.71,695.42,567.15,713.51,559.74,680.57,626.53,684.31,600.05,697.07,584.93,713.63,576.29,688.30,636.06,689.81,612.21,698.86,599.19,709.62,591.74
EK_0133_P18_02_frame_0000007512_l.jpg,1,1305.27,571.32,1258.08,571.19,1215.40,563.62,1187.46,575.35,1167.41,590.98,1232.13,490.26,1209.76,468.76,1196.65,470.00,1191.53,473.31,1249.85,487.66,1231.12,464.39,1217.24,465.99,1210.76,471.83,1263.64,495.26,1244.94,480.66,1232.05,476.73,1222.98,481.08,1271.40,506.08,1250.79,495.27,1239.20,493.62,1231.97,498.52
EK_0133_P18_02_frame_0000007769_r.jpg,0,1076.26,943.57,1104.57,905.83,1108.52,868.83,1104.67,848.98,1096.51,843.31,1066.21,828.58,1051.02,794.51,1055.74,799.64,1063.83,816.54,1045.48,833.74,1029.82,841.73,1042.66,859.39,1056.55,875.87,1028.20,849.23,1020.33,870.72,1034.04,885.85,1048.92,898.57,1013.96,867.08,1008.46,889.88,1017.89,905.97,1029.93,917.53
EK_0133_P18_02_frame_0000010975_r.jpg,0,1238.48,645.21,1169.16,665.57,1114.73,628.76,1081.91,579.57,1053.20,550.88,1119.81,561.97,1094.16,533.45,1085.12,530.27,1084.17,531.68,1155.22,536.89,1147.34,534.19,1152.87,553.44,1162.67,568.74,1192.82,529.45,1186.22,531.96,1188.35,550.88,1195.23,567.84,1226.61,531.39,1223.40,540.56,1223.61,557.23,1226.75,571.34
EK_0133_P18_02_frame_0000010975_r.jpg,1,964.27,903.47,1005.90,879.81,1038.17,848.50,1074.37,830.71,1105.03,817.87,980.37,786.69,969.66,734.39,970.51,704.00,973.14,684.79,971.05,794.42,970.86,749.73,979.12,725.85,987.86,714.55,966.81,802.83,967.79,766.28,973.26,742.46,979.03,728.26,970.90,810.70,974.05,780.70,979.66,764.23,982.92,752.51
EK_0139_P24_09_frame_0000001526_r.jpg,0,1177.25,977.96,1132.74,978.29,1067.45,951.43,1005.98,933.84,958.86,921.93,1109.14,841.38,1048.28,786.31,1008.41,798.78,982.28,825.35,1096.13,843.52,1014.18,820.91,986.65,863.71,979.84,897.08,1084.46,855.99,1006.33,842.83,993.32,881.12,992.96,906.50,1072.78,870.27,1012.06,866.68,996.58,888.34,998.65,902.15
EK_0139_P24_09_frame_0000001908_r.jpg,0,1275.91,807.07,1199.54,806.19,1122.89,783.84,1077.97,767.14,1061.47,743.49,1182.26,669.98,1098.18,664.52,1062.62,682.80,1036.61,695.80,1206.02,663.41,1123.61,676.53,1090.87,708.71,1074.79,739.32,1219.73,672.60,1147.09,692.57,1119.43,722.59,1104.08,748.69,1224.54,682.06,1171.99,699.72,1145.53,722.16,1130.95,744.21
EK_0139_P24_09_frame_0000002156_l.jpg,0,1268.08,841.53,1222.34,810.48,1167.84,765.58,1112.07,738.80,1066.77,727.28,1216.05,677.15,1154.35,631.10,1114.02,622.87,1079.74,618.76,1203.37,688.33,1136.75,668.09,1113.09,695.74,1105.11,721.46,1189.79,706.64,1134.28,693.83,1119.49,719.17,1113.25,740.36,1182.46,726.43,1141.85,726.03,1125.80,741.26,1116.62,756.86
EK_0139_P24_09_frame_0000002156_l.jpg,1,882.70,768.17,964.85,744.36,1017.44,699.56,1050.21,672.67,1065.01,653.56,936.97,607.56,937.68,542.69,957.76,521.67,974.21,518.78,902.91,615.89,920.77,560.89,948.67,544.96,971.40,544.15,881.56,630.24,905.79,588.23,932.46,570.58,954.31,568.01,873.98,648.54,896.53,612.39,919.69,598.50,938.20,595.51
EK_0139_P24_09_frame_0000002316_r.jpg,0,1232.23,862.09,1150.27,820.87,1106.83,762.54,1081.23,717.21,1059.85,684.27,1136.60,666.95,1090.30,622.92,1043.07,623.73,1013.24,635.36,1158.62,673.89,1094.50,635.23,1049.65,653.61,1028.97,679.93,1177.90,700.24,1111.99,672.52,1068.91,696.59,1050.23,725.78,1189.23,742.06,1133.29,727.81,1099.36,745.16,1081.06,768.48
EK_0139_P24_09_frame_0000002488_r.jpg,0,788.37,866.57,854.41,854.63,905.55,816.34,952.97,790.25,986.05,768.18,840.78,740.66,872.95,699.60,886.78,689.81,891.43,683.60,809.69,733.33,857.47,729.32,867.73,751.35,863.58,766.88,792.06,740.72,837.76,734.84,846.39,753.71,843.00,767.65,783.08,750.52,822.64,742.06,830.89,756.14,829.69,769.47
EK_0139_P24_09_frame_0000002488_r.jpg,1,1223.81,799.78,1165.41,799.00,1103.70,764.24,1053.97,737.35,1020.40,715.39,1134.87,673.55,1061.90,645.22,1027.45,650.31,1005.56,658.26,1144.25,670.93,1067.33,658.75,1040.19,681.90,1029.57,707.92,1148.65,680.96,1082.55,684.32,1060.90,706.98,1049.18,723.88,1150.01,690.79,1103.20,700.95,1083.02,721.09,1071.13,737.57
EK_0139_P24_09_frame_0000003664_l.jpg,0,1377.96,623.33,1315.82,665.67,1252.40,663.15,1213.79,635.99,1205.35,612.35,1211.87,581.76,1168.61,547.02,1169.43,562.45,1185.36,580.26,1238.78,544.54,1201.45,526.40,1207.43,546.86,1222.39,563.31,1270.53,523.02,1234.73,508.47,1234.37,527.37,1247.67,545.12,1304.34,511.22,1274.94,504.89,1271.74,518.85,1282.06,531.84
EK_0139_P24_09_frame_0000006765_r.jpg,0,1576.31,790.64,1471.28,754.67,1405.71,690.82,1365.26,625.24,1339.53,569.62,1510.01,588.09,1534.15,464.30,1534.04,393.50,1531.83,343.14,1577.96,584.56,1605.68,456.03,1602.83,382.65,1595.54,335.00,1626.79,593.51,1647.46,485.52,1641.88,421.81,1629.43,380.77,1659.33,610.22,1675.86,529.40,1670.21,486.75,1653.04,459.12
EK_0139_P24_09_frame_0000006968_l.jpg,0,417.05,593.49,501.63,520.14,551.28,436.22,565.15,328.06,576.71,252.94,371.79,329.76,334.19,146.98,390.30,171.29,423.31,244.24,272.83,348.42,248.96,152.22,313.71,189.78,341.46,261.79,204.25,376.97,158.32,194.83,210.55,217.12,241.33,283.70,160.11,411.51,66.63,317.99,72.29,271.59,88.74,258.95
EK_0139_P24_09_frame_0000007115_l.jpg,0,489.43,602.65,591.89,558.54,661.15,478.76,713.53,390.11,762.99,329.52,550.12,367.14,597.83,247.18,646.43,251.99,663.44,285.57,480.52,359.79,537.55,230.32,588.21,255.12,601.00,292.74,432.13,369.89,471.09,251.47,521.70,266.47,539.22,304.02,396.98,392.55,407.66,297.16,449.16,293.45,472.46,312.10
EK_0139_P24_09_frame_0000008456_r.jpg,0,1276.43,721.69,1206.74,754.87,1139.35,746.82,1079.40,743.07,1038.34,762.87,1126.86,651.28,1073.67,625.53,1085.12,659.04,1103.91,677.45,1158.44,616.40,1109.49,612.64,1117.06,642.47,1135.13,653.57,1192.09,600.32,1148.40,602.33,1152.53,625.64,1169.86,639.40,1222.12,592.54,1183.20,591.14,1184.71,610.66,1199.51,623.03
EK_0139_P24_09_frame_0000008753_l.jpg,0,894.25,1007.95,968.57,976.56,989.42,904.50,1000.01,835.08,1002.83,777.87,887.95,860.14,883.69,749.35,917.13,694.49,941.91,660.06,844.15,847.70,852.03,708.56,905.88,644.29,950.78,610.15,824.49,842.02,831.70,715.18,886.35,662.52,934.48,638.98,822.58,841.02,842.21,755.87,884.30,719.83,922.39,705.58
EK_0139_P24_09_frame_0000008753_l.jpg,1,1355.06,766.45,1265.53,804.25,1165.47,794.87,1082.06,805.13,1041.24,853.37,1169.83,662.41,1073.93,627.65,1093.58,671.77,1126.65,695.31,1206.77,615.51,1114.55,605.99,1127.34,648.68,1154.03,666.11,1243.61,593.77,1161.63,593.92,1168.46,627.35,1194.62,647.84,1274.11,584.57,1208.64,587.70,1212.46,614.20,1234.50,629.50
EK_0139_P24_09_frame_0000009676_r.jpg,0,1423.42,772.88,1312.70,812.93,1206.63,825.15,1120.51,853.69,1069.97,903.17,1183.08,702.10,1102.28,637.12,1126.82,670.85,1154.54,700.22,1228.57,647.46,1157.81,612.74,1174.21,649.57,1202.06,672.93,1281.61,614.96,1222.86,601.18,1232.37,628.70,1259.54,652.66,1327.96,594.45,1280.46,592.10,1288.29,620.13,1308.47,638.43
EK_0139_P24_09_frame_0000012336_r.jpg,0,1207.88,823.56,1146.27,846.92,1091.03,823.76,1058.36,774.20,1042.97,735.24,1118.74,746.52,1068.30,682.83,1027.58,664.25,999.79,660.83,1145.44,718.23,1087.09,662.51,1041.41,653.06,1012.70,656.38,1160.92,703.12,1107.00,653.11,1063.87,646.87,1033.40,649.45,1167.46,697.45,1123.17,656.90,1089.88,647.49,1064.84,646.31
EK_0139_P24_09_frame_0000012472_l.jpg,0,1010.53,786.59,1066.91,792.67,1107.72,777.69,1141.90,770.89,1171.54,769.31,1078.57,706.27,1110.58,677.08,1138.60,667.93,1156.06,666.98,1061.11,695.48,1093.11,666.37,1121.46,660.75,1144.17,665.57,1052.15,692.55,1084.48,665.02,1111.02,660.40,1132.59,666.38,1051.36,697.08,1081.60,671.91,1103.83,664.44,1121.57,665.97
EK_0139_P24_09_frame_0000012516_r.jpg,0,1348.86,564.14,1265.89,550.53,1224.53,505.32,1217.46,454.69,1233.98,433.38,1268.03,422.77,1224.75,405.47,1217.43,436.58,1228.31,457.14,1314.75,419.90,1269.61,408.69,1260.50,434.83,1270.67,452.42,1353.01,432.61,1312.33,418.49,1298.54,438.38,1305.02,456.49,1380.73,449.17,1343.38,434.06,1329.88,449.66,1334.82,464.83
EK_0139_P24_09_frame_0000014000_r.jpg,0,1373.24,795.11,1294.33,808.50,1235.81,767.88,1208.47,713.86,1190.17,675.48,1249.51,691.33,1211.11,640.88,1186.37,610.06,1169.56,585.29,1293.96,671.42,1255.16,673.29,1254.52,701.19,1271.50,717.85,1334.24,672.87,1291.79,671.96,1290.33,698.88,1306.40,714.79,1368.20,680.34,1331.62,681.63,1328.29,703.56,1342.52,717.59
EK_0139_P24_09_frame_0000014000_r.jpg,1,915.79,763.65,970.02,738.17,997.80,687.89,1017.62,642.28,1043.67,616.67,961.76,660.41,997.53,601.59,1016.50,576.29,1029.75,557.44,922.83,650.09,962.65,587.43,986.88,558.84,1000.39,538.81,890.99,649.79,921.82,592.33,946.04,597.99,956.11,613.02,869.70,655.76,898.98,610.02,921.00,611.67,931.91,622.26
EK_0139_P24_09_frame_0000016158_r.jpg,0,869.98,615.97,930.75,616.59,976.90,589.64,1019.93,572.19,1054.18,578.97,967.58,522.45,999.96,475.31,1009.66,455.08,1014.64,440.26,934.01,503.06,970.14,453.93,984.22,430.64,993.33,414.06,898.86,495.34,934.97,447.66,954.44,421.73,969.61,403.16,864.68,496.93,885.16,461.35,900.76,444.84,916.31,432.97
EK_0139_P24_09_frame_0000016158_r.jpg,1,1263.11,803.27,1190.49,791.76,1153.00,740.47,1148.94,694.97,1159.88,669.35,1147.22,691.23,1127.24,622.21,1123.51,585.68,1121.19,559.29,1192.76,675.03,1174.27,611.02,1169.39,626.74,1170.31,652.12,1234.90,674.59,1217.17,646.15,1209.76,663.35,1211.87,684.32,1266.99,684.62,1250.40,673.77,1244.77,687.85,1246.20,704.80
EK_0139_P24_09_frame_0000016314_r.jpg,0,1373.73,813.86,1288.62,809.44,1236.61,755.18,1215.57,702.17,1198.41,666.87,1266.59,670.84,1237.37,629.37,1217.81,613.01,1203.27,601.97,1316.56,663.42,1276.58,657.86,1263.07,686.10,1268.90,710.86,1354.54,674.95,1312.29,665.42,1298.60,689.60,1303.47,710.57,1383.25,690.19,1344.53,684.14,1330.37,703.01,1334.65,721.78
EK_0139_P24_09_frame_0000016314_r.jpg,1,831.38,598.83,893.37,601.03,938.96,579.54,972.16,561.30,996.26,558.59,935.09,509.23,981.22,483.96,992.09,492.69,991.22,501.55,903.81,486.29,950.56,469.14,954.63,487.71,947.14,500.59,873.81,477.29,915.52,456.79,922.13,474.13,915.35,489.43,846.71,476.10,874.01,445.09,888.71,452.17,893.37,465.62
EK_0139_P24_09_frame_0000022122_r.jpg,0,1588.00,938.04,1511.33,885.70,1473.00,812.30,1461.04,747.07,1465.25,705.61,1567.97,767.86,1541.94,680.27,1525.21,639.42,1510.95,607.35,1612.01,766.44,1575.39,683.32,1537.14,658.96,1506.28,653.84,1635.93,775.14,1591.38,712.30,1553.59,700.79,1526.98,704.81,1645.71,785.54,1605.81,744.96,1575.73,735.59,1552.38,739.05
EK_0139_P24_09_frame_0000022897_l.jpg,0,1393.81,345.37,1327.61,375.97,1271.41,363.90,1237.70,332.51,1224.86,308.39,1225.78,316.15,1180.02,281.52,1199.26,284.71,1222.09,300.08,1248.82,274.99,1219.54,247.89,1238.26,259.50,1256.30,277.24,1281.46,245.05,1263.93,232.26,1278.67,244.09,1294.72,259.23,1317.30,224.80,1306.61,221.07,1316.51,233.52,1328.33,247.10
EK_0139_P24_09_frame_0000022897_l.jpg,1,747.45,994.50,821.61,952.96,866.01,880.94,901.12,815.46,936.72,768.26,788.41,791.47,853.29,740.48,887.25,766.57,896.51,792.14,754.50,791.80,823.38,753.19,861.55,773.96,878.14,799.83,735.07,806.81,798.00,770.19,833.46,784.43,850.84,805.91,727.37,824.86,776.35,788.45,807.61,795.42,825.02,811.86
EK_0139_P24_09_frame_0000023449_l.jpg,0,1719.05,804.49,1588.16,798.57,1486.74,757.83,1416.88,723.75,1371.16,698.06,1548.93,615.27,1496.22,523.94,1470.68,476.16,1448.79,441.81,1618.06,589.26,1556.01,512.51,1519.80,525.69,1507.08,555.09,1678.29,591.55,1615.41,533.99,1577.62,546.12,1562.93,569.34,1728.08,608.04,1673.54,569.77,1634.92,582.04,1619.63,604.29
EK_0139_P24_09_frame_0000023449_l.jpg,1,651.26,1060.63,659.33,1043.99,663.04,985.76,688.92,917.54,725.12,859.20,558.16,847.44,638.04,758.83,708.39,719.30,764.60,698.88,576.52,828.02,646.36,733.18,717.48,691.73,776.14,667.57,605.19,824.02,658.22,739.24,717.21,701.11,768.35,677.83,638.47,829.22,677.29,759.34,716.55,726.16,753.21,703.14
EK_0139_P24_09_frame_0000024204_r.jpg,0,1617.45,990.29,1521.44,982.11,1449.12,916.59,1398.14,845.93,1360.21,783.81,1539.01,818.75,1517.00,708.83,1490.31,659.80,1463.43,627.90,1578.68,802.98,1521.59,701.04,1460.65,661.23,1410.35,643.11,1599.74,802.84,1527.96,732.28,1460.04,716.40,1410.13,721.16,1608.98,806.71,1542.94,764.22,1490.09,756.99,1449.96,764.76
EK_0139_P24_09_frame_0000024204_r.jpg,1,551.56,933.56,604.61,863.51,658.16,797.23,698.64,751.73,727.58,706.42,605.25,730.30,673.00,704.21,714.86,709.94,739.07,728.47,609.69,763.48,682.76,746.85,706.75,785.29,706.01,830.59,616.31,796.40,683.30,788.51,696.17,822.17,684.49,859.21,621.56,821.83,665.36,820.93,671.19,848.08,660.98,874.96
EK_0139_P24_09_frame_0000024583_r.jpg,0,786.69,758.49,861.23,729.90,902.75,663.66,934.40,599.29,978.66,557.51,830.01,579.85,900.48,510.14,947.55,487.99,983.75,473.98,801.66,568.24,882.80,513.85,936.12,509.26,976.77,513.42,791.39,570.74,867.94,526.61,916.54,525.97,953.62,534.68,792.87,578.23,852.00,543.39,894.60,538.83,928.20,543.11
EK_0139_P24_09_frame_0000024583_r.jpg,1,1238.62,675.65,1269.32,590.28,1275.81,515.73,1272.65,451.97,1268.76,402.94,1235.45,488.37,1211.97,434.79,1207.62,445.82,1212.64,471.95,1200.11,511.41,1168.78,461.95,1173.53,475.57,1190.12,501.34,1166.97,540.55,1137.50,498.57,1146.15,503.96,1166.10,523.93,1138.34,576.57,1120.03,543.70,1129.10,541.47,1145.45,548.12
EK_0139_P24_09_frame_0000026743_r.jpg,0,722.71,789.45,782.21,752.64,815.10,697.24,826.32,657.75,822.61,633.44,738.88,636.35,778.59,599.96,807.17,605.06,818.07,616.73,714.12,651.41,760.94,624.67,792.39,633.13,809.94,649.40,703.63,674.40,747.56,652.10,779.12,656.25,799.85,666.80,705.03,697.85,742.63,676.33,767.78,676.42,784.83,685.52
EK_0139_P24_09_frame_0000026743_r.jpg,1,1411.48,759.01,1343.28,739.58,1297.03,688.07,1266.96,646.19,1232.92,616.52,1362.66,619.37,1331.35,562.01,1296.72,551.02,1276.58,559.00,1389.85,623.81,1351.02,569.01,1313.35,560.89,1289.01,565.19,1402.99,637.01,1365.56,599.22,1330.55,592.07,1309.98,598.31,1410.22,649.35,1374.60,620.68,1345.61,614.70,1326.92,617.95
EK_0139_P24_09_frame_0000033465_r.jpg,0,880.21,966.83,879.78,895.18,907.34,820.56,957.67,777.64,999.91,744.37,915.76,776.18,946.79,720.99,977.59,694.87,1007.32,676.09,946.83,797.10,986.81,746.02,1019.40,721.62,1053.63,698.78,970.51,825.26,1013.54,782.86,1044.86,756.07,1075.99,736.43,993.09,860.52,1030.43,823.92,1055.37,799.50,1081.43,776.27
EK_0139_P24_09_frame_0000033985_r.jpg,0,1400.29,734.78,1322.20,741.82,1272.04,689.24,1243.38,629.98,1216.53,584.11,1320.63,606.90,1263.25,545.05,1227.72,521.53,1200.81,502.72,1358.74,591.40,1297.55,530.75,1249.15,522.13,1218.66,521.66,1381.94,595.26,1328.80,540.38,1286.35,540.34,1263.80,547.30,1393.22,603.31,1352.10,561.12,1313.80,554.95,1292.52,557.54
EK_0139_P24_09_frame_0000033985_r.jpg,1,758.66,686.78,826.13,656.42,859.17,598.75,879.92,554.24,902.26,524.79,792.36,523.10,821.15,451.66,843.33,418.01,860.81,390.87,761.64,520.50,795.94,453.27,828.19,425.67,854.90,408.33,744.87,528.96,782.85,478.37,817.71,467.93,846.14,466.93,739.90,539.83,772.41,504.34,799.55,497.23,822.67,500.84
EK_0139_P24_09_frame_0000034124_r.jpg,0,813.71,679.16,873.77,638.30,899.78,581.97,926.83,538.83,960.52,516.01,824.36,510.94,870.67,456.55,907.64,458.90,929.61,473.14,789.51,517.99,846.52,480.45,887.23,489.29,912.41,507.45,769.66,536.62,819.57,509.84,856.02,512.98,879.24,530.40,760.58,557.20,797.38,534.35,827.19,533.97,848.23,545.71
EK_0139_P24_09_frame_0000036888_l.jpg,0,1384.60,489.46,1280.85,554.45,1174.29,531.90,1083.96,495.27,1007.57,489.74,1152.51,387.68,1049.36,419.96,1055.09,472.58,1076.81,496.41,1190.07,346.29,1106.13,402.45,1118.61,453.49,1150.62,474.81,1227.58,337.27,1152.71,389.89,1159.05,435.50,1187.81,459.58,1253.80,340.66,1192.80,380.41,1192.23,417.49,1212.70,438.37
EK_0139_P24_09_frame_0000036888_l.jpg,1,955.08,821.58,913.96,758.56,893.73,672.98,901.02,596.77,901.28,531.26,868.23,606.02,864.21,528.87,890.76,500.58,918.68,493.37,915.43,606.38,937.22,531.99,970.93,496.16,1002.04,462.00,958.48,616.50,983.60,552.58,1010.65,512.73,1037.44,478.03,999.41,632.28,1014.18,577.15,1032.50,543.42,1051.95,511.32
EK_0139_P24_09_frame_0000041173_l.jpg,0,1368.97,397.75,1281.27,398.40,1226.93,352.67,1206.52,296.85,1214.11,261.97,1266.11,265.39,1212.35,201.49,1182.57,170.18,1161.91,149.93,1316.11,239.16,1277.56,153.04,1247.58,125.55,1226.00,118.57,1356.57,231.24,1330.18,151.19,1300.09,130.33,1278.83,130.37,1384.46,239.63,1363.50,180.51,1337.85,163.01,1318.55,162.33
EK_0139_P24_09_frame_0000041173_l.jpg,1,895.77,458.94,968.58,438.93,1008.88,379.81,1027.04,327.17,1037.53,285.13,935.07,301.10,961.19,223.56,987.31,191.15,1008.68,176.37,892.67,297.39,923.69,217.50,953.34,192.21,979.64,181.72,866.82,303.03,893.84,228.80,923.84,201.18,950.22,187.86,855.21,313.98,877.93,250.81,903.88,223.27,928.28,209.20
EK_0139_P24_09_frame_0000041205_l.jpg,0,1618.13,708.05,1558.74,661.55,1540.65,587.34,1529.13,525.61,1509.28,485.67,1638.41,553.93,1612.18,481.78,1573.92,464.62,1545.08,463.78,1681.10,556.21,1656.37,474.10,1609.47,457.67,1576.76,461.65,1701.92,566.29,1694.53,488.09,1654.32,468.81,1623.04,471.67,1707.71,578.41,1710.11,516.20,1685.55,491.67,1661.11,486.03
EK_0139_P24_09_frame_0000041441_l.jpg,0,633.99,994.97,730.16,931.62,783.97,847.32,840.24,786.10,897.16,751.49,681.20,751.77,731.20,684.31,755.38,659.71,768.15,642.15,623.72,759.34,685.32,723.93,719.61,742.31,734.05,759.60,584.96,787.08,636.17,751.26,665.62,763.71,677.10,783.60,563.33,818.34,602.12,783.19,628.17,791.22,638.59,809.57
EK_0139_P24_09_frame_0000041748_r.jpg,0,602.97,929.13,684.90,855.28,734.51,764.70,788.15,701.50,844.86,662.74,609.58,690.31,677.00,605.71,718.22,570.84,747.96,543.94,563.29,693.14,652.06,643.26,703.36,656.19,732.32,674.33,540.92,711.60,615.20,671.71,658.36,682.44,684.71,700.98,532.12,732.48,585.40,695.24,619.39,700.60,640.14,715.38
EK_0139_P24_09_frame_0000042727_l.jpg,0,589.41,809.69,657.42,741.91,700.46,649.18,755.78,582.23,811.54,533.48,562.75,570.49,629.32,473.13,670.24,423.51,698.11,384.03,540.85,576.21,626.30,506.18,687.22,485.93,733.44,476.75,538.12,592.21,616.49,539.41,669.76,525.46,710.69,521.95,545.18,608.05,606.84,566.00,652.13,555.29,687.00,554.03
EK_0139_P24_09_frame_0000044058_l.jpg,0,575.57,708.01,653.39,677.41,702.78,615.66,752.71,572.86,803.00,552.60,630.72,517.91,687.61,452.15,720.27,429.02,742.13,412.69,594.38,515.76,659.98,469.62,701.97,458.87,729.43,454.05,572.05,528.50,623.08,493.70,661.82,489.32,688.53,492.95,563.55,544.71,602.45,515.65,632.56,513.36,653.43,521.41
EK_0139_P24_09_frame_0000050694_l.jpg,0,584.09,618.56,677.04,550.31,730.93,462.48,767.59,395.18,790.68,361.45,622.76,362.56,684.74,301.20,719.09,329.89,725.89,359.49,569.46,378.97,640.02,327.67,676.52,350.65,683.53,379.35,535.05,411.81,599.28,366.70,633.43,382.50,642.97,410.22,515.16,446.24,565.03,404.60,594.03,413.73,604.99,437.32
EK_0139_P24_09_frame_0000050873_r.jpg,0,1499.02,958.04,1397.27,949.73,1304.84,866.76,1234.25,775.95,1176.76,719.79,1426.82,754.08,1285.26,666.15,1208.12,639.30,1150.72,611.68,1450.96,717.91,1302.53,632.85,1225.81,653.66,1184.74,685.11,1448.38,709.40,1315.14,652.34,1258.48,685.79,1235.90,722.18,1435.59,712.81,1342.76,685.00,1292.51,707.15,1269.25,734.19
EK_0139_P24_09_frame_0000051620_r.jpg,0,1367.94,331.73,1262.43,354.16,1174.12,329.78,1121.82,314.09,1097.43,311.58,1182.07,192.09,1098.02,212.46,1063.88,241.62,1046.51,262.63,1221.11,172.53,1134.35,197.42,1094.55,229.65,1070.45,260.30,1250.54,174.53,1177.66,204.22,1140.94,233.05,1120.90,261.65,1270.17,182.01,1211.12,206.20,1180.74,227.78,1161.96,253.10
EK_0139_P24_09_frame_0000051846_l.jpg,0,1471.85,600.66,1369.72,587.87,1307.02,526.73,1273.10,469.21,1236.53,436.65,1364.97,421.18,1291.51,385.63,1251.87,389.68,1223.20,395.66,1411.61,410.37,1333.39,383.61,1285.61,389.29,1253.09,401.80,1444.71,421.46,1371.44,403.48,1330.44,414.48,1305.78,430.71,1464.97,438.68,1401.87,424.64,1364.46,431.00,1342.60,444.83
EK_0139_P24_09_frame_0000052641_r.jpg,0,1489.25,381.05,1372.17,364.99,1290.58,315.43,1235.95,292.57,1205.82,280.05,1363.00,172.72,1264.17,195.49,1213.26,235.04,1179.91,268.28,1408.36,173.22,1295.43,203.42,1244.21,249.96,1211.82,296.80,1432.31,187.09,1323.58,227.11,1276.24,262.99,1248.86,306.31,1440.31,211.01,1354.22,247.24,1315.17,273.45,1285.51,307.19
EK_0139_P24_09_frame_0000052829_r.jpg,0,1491.25,382.39,1353.46,396.47,1246.85,340.95,1181.48,272.93,1145.15,223.66,1292.37,183.00,1217.69,124.89,1193.68,178.70,1199.92,226.62,1356.80,161.64,1274.19,137.91,1245.25,185.60,1252.24,223.75,1404.39,169.75,1320.33,149.96,1294.47,187.75,1301.65,222.01,1434.35,185.03,1356.51,167.32,1331.88,193.72,1339.70,219.25
EK_0139_P24_09_frame_0000054382_r.jpg,0,1389.25,538.03,1284.41,538.68,1210.23,496.48,1170.81,462.96,1154.41,439.32,1252.84,370.06,1165.59,382.34,1137.49,425.71,1129.97,454.01,1293.83,365.03,1205.05,398.62,1176.46,449.09,1168.88,489.69,1321.69,377.61,1239.95,418.20,1213.73,460.91,1205.77,496.67,1337.36,394.51,1270.58,425.32,1245.87,456.83,1235.36,485.69
EK_0139_P24_09_frame_0000058362_r.jpg,0,1771.60,1055.62,1673.80,1049.36,1598.24,978.76,1542.71,903.47,1488.55,851.99,1689.23,876.27,1600.48,799.16,1538.37,762.70,1490.93,732.87,1726.20,859.18,1626.36,786.34,1558.69,750.88,1508.50,728.20,1740.64,860.46,1647.46,797.11,1582.41,764.56,1533.13,746.40,1741.87,865.22,1662.77,810.97,1603.09,786.13,1556.90,773.39
EK_0139_P24_09_frame_0000058362_r.jpg,1,470.07,365.21,569.76,363.10,640.20,348.26,688.42,339.63,717.37,333.80,606.68,183.06,607.34,189.83,595.57,229.72,584.36,257.47,538.48,162.73,546.92,178.96,538.88,217.34,529.25,246.17,474.05,166.73,487.19,180.46,482.88,214.73,472.64,243.12,417.79,179.71,431.76,192.04,429.30,224.12,422.56,249.12
EK_0139_P24_09_frame_0000060166_l.jpg,0,1497.65,792.58,1395.98,779.35,1334.56,717.69,1310.78,643.58,1284.08,591.62,1383.06,629.79,1314.47,565.99,1279.05,544.45,1252.80,527.58,1434.73,610.93,1360.84,553.58,1330.44,569.65,1322.64,594.31,1473.98,615.92,1406.92,568.96,1377.32,585.21,1370.14,606.30,1502.33,627.08,1449.30,593.61,1421.39,606.63,1414.08,625.53
EK_0139_P24_09_frame_0000060166_l.jpg,1,645.62,1033.36,620.91,945.33,624.58,861.93,655.79,793.70,670.48,728.21,574.45,833.79,563.86,772.10,570.73,732.46,576.68,705.32,624.01,849.23,627.24,785.49,640.98,754.03,652.90,735.91,669.50,867.15,690.73,822.85,708.14,817.08,723.70,818.86,714.81,884.49,745.77,836.23,776.21,811.66,801.91,794.02
EK_0139_P24_09_frame_0000060294_r.jpg,0,1639.65,822.81,1521.77,816.42,1446.08,749.62,1413.16,664.49,1386.20,605.95,1530.05,652.52,1436.80,578.40,1387.56,556.95,1349.45,539.04,1582.78,623.09,1477.14,558.43,1425.82,565.86,1399.48,581.66,1616.62,620.21,1514.94,571.64,1473.99,590.85,1461.32,615.49,1635.50,626.29,1556.22,597.18,1519.85,611.85,1509.47,633.30
EK_0139_P24_09_frame_0000060294_r.jpg,1,767.73,1009.98,764.67,935.19,780.99,852.97,817.93,789.45,842.40,730.26,740.98,807.91,742.40,738.98,758.87,697.14,775.66,668.14,784.44,825.96,802.93,767.59,828.81,736.29,853.96,717.92,823.13,851.93,857.82,816.91,891.46,813.59,919.80,819.68,856.89,880.76,893.91,850.76,924.72,841.77,950.26,839.68
EK_0139_P24_09_frame_0000060735_r.jpg,0,641.41,1036.31,726.07,1043.84,808.02,995.87,871.98,954.12,919.73,923.82,747.77,879.25,846.59,843.03,912.78,842.03,959.99,846.09,729.47,861.11,833.76,828.62,898.66,833.08,947.21,841.07,723.21,862.24,818.41,836.97,876.05,840.31,915.98,846.33,724.90,871.70,798.07,856.77,847.53,857.01,884.08,860.35
EK_0139_P24_09_frame_0000063115_r.jpg,0,841.67,937.56,837.46,863.04,856.77,792.58,896.45,749.87,929.24,710.84,853.31,757.64,906.39,706.86,947.59,691.90,979.15,680.13,879.29,782.89,931.37,733.82,973.40,712.43,1009.09,698.85,899.81,811.03,947.47,772.93,984.00,756.59,1017.52,746.12,920.41,845.36,956.06,812.70,978.96,796.73,1001.82,782.89
EK_0139_P24_09_frame_0000063115_r.jpg,1,1293.07,610.85,1243.47,568.86,1187.79,540.02,1134.31,534.77,1102.06,531.70,1219.08,468.66,1161.02,451.43,1139.13,475.70,1129.66,500.64,1208.43,489.42,1154.40,477.55,1135.58,500.44,1128.77,523.32,1199.63,511.46,1152.05,503.49,1136.09,519.95,1130.22,535.81,1194.33,531.74,1154.24,522.46,1137.99,527.69,1132.03,532.58
EK_0139_P24_09_frame_0000063881_r.jpg,0,781.61,794.84,747.17,722.74,750.26,638.98,780.38,582.88,809.87,549.54,799.66,615.19,824.50,562.76,841.22,537.13,856.61,513.84,832.14,628.26,856.74,573.00,871.92,540.83,884.97,511.81,858.41,649.00,885.86,593.72,900.22,556.23,912.07,525.00,886.17,678.26,905.09,626.54,914.48,592.95,922.55,561.14
EK_0139_P24_09_frame_0000063881_r.jpg,1,1287.49,588.99,1210.30,589.92,1149.45,554.34,1109.81,516.67,1079.05,493.08,1147.94,468.11,1097.34,442.21,1075.85,457.70,1068.87,473.61,1187.83,445.52,1131.73,419.19,1112.92,441.25,1111.16,462.64,1222.16,442.04,1171.88,414.05,1151.26,430.26,1147.32,449.42,1247.99,449.96,1207.05,423.40,1184.74,432.52,1179.46,447.24
EK_0139_P24_09_frame_0000064568_l.jpg,0,1469.68,629.07,1390.11,619.14,1337.64,581.34,1298.77,559.03,1266.01,540.98,1363.68,505.90,1301.17,511.89,1269.01,527.03,1253.64,535.90,1390.47,508.94,1329.75,524.05,1308.66,552.09,1303.44,570.98,1407.06,522.28,1354.10,538.29,1331.12,559.44,1325.11,574.71,1416.25,533.03,1371.07,550.30,1352.30,566.42,1344.76,578.54
EK_0139_P24_09_frame_0000066017_r.jpg,0,1434.54,680.37,1353.81,666.04,1302.86,607.13,1271.76,552.98,1244.51,511.10,1357.61,525.18,1291.45,483.05,1250.63,484.01,1221.27,488.81,1386.85,519.81,1307.63,502.10,1265.36,525.28,1240.61,555.03,1401.59,530.06,1324.98,530.52,1293.58,554.94,1277.52,578.56,1407.08,541.64,1346.65,546.61,1318.72,566.70,1304.90,588.00
EK_0139_P24_09_frame_0000066017_r.jpg,1,721.17,1041.86,770.20,997.47,792.56,925.86,809.38,861.56,832.23,809.01,687.74,877.74,719.41,798.14,747.50,758.32,769.74,729.38,662.43,882.51,701.54,814.38,733.67,780.99,761.03,758.88,655.30,892.43,692.44,835.11,720.40,806.44,744.83,786.24,660.32,901.96,689.16,854.04,715.03,830.32,737.99,814.61
EK_0139_P24_09_frame_0000068205_l.jpg,0,559.76,965.93,666.88,930.57,739.80,846.79,785.14,758.87,836.51,697.49,628.40,773.37,697.50,661.29,739.66,616.08,770.96,582.01,563.51,753.26,657.42,645.42,712.74,637.75,743.85,642.57,523.08,751.94,612.19,654.06,662.16,663.19,686.17,681.37,502.05,759.07,568.76,677.84,608.92,681.55,628.76,695.02
EK_0139_P24_09_frame_0000069368_r.jpg,0,1631.29,719.50,1529.76,749.69,1432.70,751.36,1359.54,742.45,1290.87,723.56,1465.65,564.05,1374.33,491.58,1312.54,516.61,1282.42,560.13,1485.70,547.06,1387.19,503.61,1327.28,541.20,1301.35,587.53,1495.30,549.86,1408.28,524.22,1354.56,557.28,1325.75,601.78,1499.47,555.32,1427.92,541.38,1385.63,560.58,1361.45,589.96
EK_0139_P24_09_frame_0000069368_r.jpg,1,681.98,1019.50,741.64,994.78,765.14,931.33,774.62,864.65,806.52,828.67,636.61,831.69,678.90,723.05,738.47,674.45,791.72,644.45,626.74,812.40,685.65,695.09,756.64,639.42,820.04,599.45,635.14,802.83,684.27,702.43,746.71,653.78,804.94,623.59,651.26,801.84,688.68,727.46,732.35,690.73,774.89,667.19
EK_0139_P24_09_frame_0000069653_r.jpg,0,1071.52,569.27,1013.86,554.06,978.49,527.92,944.89,522.95,918.22,520.65,1050.62,456.47,1049.27,403.42,1020.77,392.76,1000.27,398.59,1075.74,465.16,1063.75,420.68,1036.74,415.32,1021.16,421.89,1090.11,480.53,1074.69,447.67,1053.28,441.39,1036.46,444.74,1092.17,495.51,1077.13,465.84,1061.28,459.21,1047.84,463.77
EK_0139_P24_09_frame_0000071026_l.jpg,0,1269.55,587.58,1196.23,602.78,1141.77,577.37,1102.82,548.98,1079.93,537.70,1144.38,488.16,1132.46,477.43,1142.18,499.64,1153.18,517.17,1182.13,464.70,1167.05,450.64,1173.04,476.25,1185.25,495.77,1224.15,455.45,1205.49,430.28,1206.75,452.88,1217.34,474.39,1266.05,455.10,1249.82,435.87,1247.94,453.94,1255.92,473.00
EK_0139_P24_09_frame_0000074133_r.jpg,0,770.75,798.15,786.43,744.30,815.57,693.24,856.14,669.27,889.06,659.34,779.38,648.78,785.77,608.12,795.18,580.83,798.58,565.48,802.48,666.17,830.18,637.62,856.17,629.54,875.56,629.71,823.11,685.11,850.50,661.94,871.07,654.22,887.09,654.51,843.07,707.03,868.59,682.38,882.26,672.59,891.62,668.72
EK_0139_P24_09_frame_0000077352_l.jpg,0,748.40,665.58,796.75,722.02,875.67,752.20,934.74,784.62,970.07,823.74,944.70,665.28,1029.05,718.67,1067.94,755.12,1093.46,779.80,938.09,640.14,1005.60,700.89,1020.03,745.88,1025.00,778.35,923.43,634.96,974.85,697.19,979.08,737.70,977.54,766.66,907.35,642.92,948.56,693.84,953.71,728.70,949.37,753.66
EK_0139_P24_09_frame_0000077352_l.jpg,1,1266.96,886.80,1186.76,878.76,1129.31,815.48,1091.26,766.18,1052.42,735.48,1184.54,740.00,1116.47,701.48,1073.15,695.07,1042.20,691.81,1217.77,726.48,1148.28,692.94,1102.69,687.58,1069.61,687.93,1235.97,728.94,1175.31,697.34,1133.87,688.86,1102.67,687.34,1242.06,734.19,1192.48,701.76,1155.76,691.89,1126.21,690.82
EK_0139_P24_09_frame_0000078483_r.jpg,0,975.39,856.55,900.30,835.58,840.03,799.13,800.86,760.79,763.82,741.24,893.12,733.59,873.68,678.38,861.27,699.00,852.94,737.48,921.05,722.25,900.43,672.19,887.37,702.48,886.00,747.94,952.50,716.74,932.09,670.47,911.35,696.26,905.92,738.98,987.55,719.43,964.30,683.57,945.91,696.69,939.65,724.94
EK_0139_P24_09_frame_0000078483_r.jpg,1,1245.44,819.75,1179.80,843.17,1123.85,808.91,1075.56,766.00,1035.36,766.17,1159.53,694.39,1062.07,673.75,1019.90,696.93,1000.17,713.36,1176.73,673.83,1077.52,675.39,1041.28,711.11,1025.01,733.44,1184.59,674.62,1095.38,681.70,1071.86,715.70,1067.23,736.89,1184.11,681.79,1118.36,685.98,1101.52,712.66,1102.25,731.17
EK_0139_P24_09_frame_0000078688_r.jpg,0,1366.74,716.00,1284.25,755.42,1206.14,769.70,1146.69,801.26,1106.01,840.08,1190.22,620.77,1129.27,543.85,1123.34,581.14,1138.00,615.22,1230.43,581.96,1164.90,540.91,1159.26,580.44,1177.70,606.35,1271.11,563.89,1209.49,545.49,1206.14,575.58,1222.33,599.77,1301.52,555.60,1249.12,547.54,1245.55,575.34,1256.49,594.82
EK_0139_P24_09_frame_0000079100_r.jpg,0,975.96,867.85,902.25,799.78,877.94,688.54,908.97,614.57,955.61,580.26,906.51,613.65,905.28,531.71,901.84,482.75,896.75,444.77,955.14,618.02,949.24,542.07,935.36,490.97,917.94,453.54,999.33,636.17,994.82,558.51,985.95,513.04,973.57,474.52,1044.20,660.31,1051.51,590.90,1050.81,546.28,1050.23,504.91
EK_0139_P24_09_frame_0000080715_r.jpg,0,798.06,950.12,818.47,898.67,839.72,832.24,867.71,775.80,894.15,732.59,766.66,782.47,791.54,718.66,825.56,691.60,856.34,679.76,791.84,790.07,822.84,728.31,859.46,708.64,894.59,702.48,818.89,802.70,849.73,748.20,881.44,727.67,912.56,723.51,842.89,818.53,871.24,774.99,894.15,755.74,917.21,747.01
EK_0139_P24_09_frame_0000080970_r.jpg,0,1712.06,842.46,1596.91,841.41,1503.43,772.28,1441.78,700.46,1401.33,642.43,1582.44,648.99,1482.52,591.64,1423.95,588.65,1382.01,589.82,1633.13,624.08,1525.08,615.23,1496.42,652.64,1496.27,685.64,1664.32,628.33,1565.99,627.72,1543.89,663.20,1546.43,696.20,1682.38,633.50,1603.17,635.73,1579.86,662.82,1581.88,689.40
EK_0139_P24_09_frame_0000080970_r.jpg,1,877.70,794.92,841.26,724.63,829.38,648.80,845.58,580.01,854.62,520.64,818.75,630.80,821.89,567.27,828.08,527.53,832.06,505.66,856.76,644.70,858.79,582.95,854.66,548.96,852.06,521.79,889.01,657.25,890.73,606.87,885.38,580.82,883.60,561.14,918.38,670.27,913.71,625.08,909.24,602.49,905.24,586.25
EK_0139_P24_09_frame_0000082497_r.jpg,0,1691.57,827.89,1583.25,814.83,1509.82,741.58,1475.79,656.78,1439.79,600.40,1571.84,673.18,1479.42,598.38,1433.46,564.51,1401.28,533.85,1631.73,642.80,1540.76,559.80,1510.74,592.82,1509.97,634.56,1678.25,638.00,1590.75,587.20,1566.53,619.32,1573.07,653.00,1712.82,643.32,1645.04,612.56,1620.89,635.46,1626.02,662.00
EK_0139_P24_09_frame_0000083242_l.jpg,0,638.16,1079.73,714.03,1020.05,733.40,934.57,735.88,858.59,754.34,796.71,631.44,879.58,661.00,781.49,699.28,755.84,729.19,752.41,591.74,888.41,637.92,801.01,685.15,778.81,722.59,771.89,575.21,904.42,626.05,833.94,671.01,814.42,706.10,807.96,571.97,919.66,613.41,863.98,653.01,846.71,685.49,844.51
EK_0139_P24_09_frame_0000083242_l.jpg,1,1754.12,903.77,1629.53,891.71,1554.91,804.43,1520.97,712.25,1488.38,652.46,1628.26,706.64,1561.22,614.75,1509.05,587.56,1464.60,572.76,1692.86,687.25,1608.11,639.97,1570.91,672.76,1565.41,703.21,1738.49,695.23,1653.07,664.92,1620.01,695.17,1619.71,721.49,1770.43,709.02,1698.69,685.78,1666.08,709.04,1666.43,736.98
EK_0139_P24_09_frame_0000084113_l.jpg,0,532.29,764.55,629.02,676.43,675.61,586.50,701.11,507.66,740.16,458.52,555.43,501.00,631.22,421.95,683.05,408.67,719.73,406.18,495.60,507.60,580.20,441.94,635.20,450.01,669.03,468.47,462.01,531.71,530.07,470.52,577.87,477.96,609.27,502.29,446.15,558.66,490.70,502.83,529.74,501.14,558.11,515.74
EK_0139_P24_09_frame_0000084481_r.jpg,0,1431.03,955.84,1337.72,929.08,1272.73,870.19,1222.20,832.66,1174.99,808.16,1325.65,781.39,1246.27,759.45,1206.82,775.90,1185.34,789.60,1361.25,783.92,1278.61,786.30,1235.89,815.05,1210.84,842.03,1382.97,802.30,1307.54,815.05,1271.39,839.84,1250.29,862.49,1396.22,819.16,1333.37,828.21,1301.96,846.89,1282.83,868.75
EK_0139_P24_09_frame_0000084808_r.jpg,0,1311.17,766.17,1223.55,795.59,1135.42,774.98,1067.90,740.51,1014.11,740.10,1153.01,679.51,1061.64,618.20,1035.93,640.22,1035.37,666.98,1191.97,631.37,1086.47,591.99,1068.08,628.07,1079.22,657.06,1226.31,604.58,1127.74,578.92,1113.52,612.75,1127.64,638.85,1254.49,589.94,1177.71,580.51,1161.54,610.57,1171.22,631.28
EK_0139_P24_09_frame_0000084808_r.jpg,1,929.25,746.19,869.31,668.06,840.19,578.05,834.43,502.70,825.58,441.90,885.51,566.60,905.38,499.57,898.95,471.15,882.67,466.16,940.49,588.25,954.20,520.13,940.00,523.06,919.32,546.85,988.80,615.03,1002.88,547.24,983.70,558.09,957.67,586.44,1032.30,644.82,1045.75,587.54,1030.41,590.14,1006.95,611.01
EK_0139_P24_09_frame_0000085150_l.jpg,0,1493.93,703.37,1402.57,736.04,1322.02,708.93,1267.53,657.97,1219.35,631.12,1295.92,609.57,1225.34,556.62,1185.92,522.77,1157.00,492.70,1337.91,572.58,1275.69,562.49,1265.19,588.24,1276.21,607.39,1384.87,558.74,1327.77,558.65,1325.80,585.52,1341.10,604.62,1427.30,553.62,1379.38,557.67,1373.42,583.20,1383.75,602.35
EK_0139_P24_09_frame_0000085150_l.jpg,1,893.45,662.98,815.14,621.71,769.12,537.36,763.28,455.19,777.66,387.06,829.99,437.77,824.11,363.00,806.88,328.93,787.76,308.43,893.17,438.42,917.71,355.51,914.63,376.38,902.12,411.87,944.46,458.03,978.25,382.18,973.84,411.42,956.03,452.43,984.11,492.29,1021.79,434.27,1032.51,431.81,1028.91,442.20
EK_0139_P24_09_frame_0000086535_r.jpg,0,1303.30,664.35,1226.88,660.89,1174.13,618.46,1158.32,569.66,1165.26,534.54,1158.89,559.60,1127.55,492.42,1108.70,447.62,1094.65,415.54,1201.16,531.84,1181.95,494.56,1188.76,514.17,1201.49,539.20,1247.47,521.34,1228.13,504.52,1232.39,520.80,1243.98,543.61,1289.18,519.98,1272.51,513.38,1274.74,529.91,1282.80,549.07
EK_0139_P24_09_frame_0000086535_r.jpg,1,834.35,577.94,915.73,544.14,960.66,489.06,993.15,440.39,1021.41,413.47,900.62,421.90,978.00,377.89,1011.40,391.28,1023.36,407.02,867.20,412.46,951.40,369.45,986.29,385.38,996.87,403.30,846.37,416.26,922.89,379.28,952.72,393.47,960.97,412.75,834.01,426.99,891.55,400.22,917.42,406.94,926.55,420.02
EK_0139_P24_09_frame_0000088011_r.jpg,0,1255.03,651.38,1177.07,650.65,1123.51,605.73,1100.75,557.83,1097.31,527.44,1097.18,544.74,1065.41,475.94,1053.93,432.88,1045.80,399.89,1141.33,513.67,1142.06,468.88,1157.63,490.70,1166.57,518.64,1190.21,503.66,1189.82,488.43,1196.79,507.64,1206.65,533.01,1234.44,502.07,1230.92,500.69,1235.16,519.29,1239.76,540.08
EK_0139_P24_09_frame_0000088011_r.jpg,1,880.72,598.26,935.37,536.03,949.77,466.41,960.70,405.12,975.33,367.08,874.16,424.74,938.55,362.14,957.92,385.77,953.78,408.98,837.15,427.35,904.90,357.01,929.39,371.64,929.32,391.92,814.76,440.07,873.68,372.59,899.39,384.46,902.06,404.83,802.97,456.55,847.42,406.00,870.06,408.85,875.41,420.27
EK_0139_P24_09_frame_0000088413_l.jpg,0,714.54,651.88,791.21,595.03,817.96,520.35,829.19,462.84,813.81,433.32,722.86,450.99,743.14,396.78,766.03,382.87,781.43,384.77,684.79,464.16,724.25,431.31,757.15,437.17,777.65,447.08,662.39,487.80,699.75,460.59,730.15,461.45,752.67,470.33,652.94,512.03,684.46,486.44,709.24,483.73,728.34,492.48
EK_0139_P24_09_frame_0000088714_r.jpg,0,909.82,824.97,938.73,779.56,955.71,724.32,971.12,692.44,977.33,665.32,883.50,679.66,874.63,630.76,878.73,598.34,881.93,576.98,872.94,693.73,891.08,653.82,922.25,658.40,942.03,675.51,869.74,710.27,893.02,676.13,922.42,682.72,938.20,696.12,871.31,725.97,893.82,699.09,915.43,700.96,927.30,709.57
EK_0139_P24_09_frame_0000088714_r.jpg,1,1289.68,601.42,1223.30,595.84,1176.01,558.55,1142.34,531.31,1110.16,519.75,1197.24,492.17,1147.69,491.14,1127.39,508.19,1119.37,522.57,1226.48,484.08,1175.64,487.93,1155.30,507.67,1147.33,525.78,1247.46,490.46,1201.80,494.18,1181.12,508.72,1173.60,525.68,1261.52,499.12,1221.36,502.17,1202.07,512.75,1193.27,526.66
EK_0139_P24_09_frame_0000089871_r.jpg,0,1221.95,704.41,1148.43,745.28,1076.66,751.12,1033.66,714.01,1034.50,673.37,1068.11,648.74,1012.22,641.53,1029.91,670.87,1059.14,681.81,1091.90,608.45,1020.70,598.60,1033.18,630.36,1064.02,644.93,1116.92,585.17,1047.82,576.10,1055.25,603.57,1080.89,616.60,1141.33,574.69,1082.82,567.89,1084.11,591.08,1104.90,603.66
EK_0139_P24_09_frame_0000089871_r.jpg,1,883.40,875.38,892.46,831.76,869.65,768.95,851.68,711.63,850.48,660.27,766.97,786.87,752.87,705.77,764.56,647.54,780.14,602.85,774.52,776.02,759.30,691.32,776.77,641.79,791.58,607.82,790.39,768.13,799.68,702.10,831.97,719.24,845.29,738.48,807.37,763.19,819.66,719.30,842.69,732.16,853.07,749.80
EK_0139_P24_09_frame_0000091148_r.jpg,0,1244.96,802.46,1206.74,778.99,1163.46,728.27,1117.09,682.51,1081.65,660.95,1210.39,664.60,1180.53,618.06,1149.47,637.85,1128.28,664.85,1200.29,673.45,1155.18,643.97,1132.09,673.20,1125.82,691.24,1188.17,689.41,1145.21,668.08,1131.78,691.47,1131.61,705.77,1175.68,705.92,1142.85,687.13,1130.62,703.39,1133.56,715.47
EK_0139_P24_09_frame_0000091182_l.jpg,0,1345.64,733.98,1280.74,758.28,1215.75,741.44,1165.58,711.90,1135.84,688.13,1234.42,639.70,1179.25,587.72,1149.50,568.53,1127.37,556.28,1260.83,613.49,1201.00,559.91,1162.82,547.87,1137.82,543.66,1279.03,604.62,1225.34,556.85,1187.66,546.66,1161.39,545.38,1288.09,606.03,1243.69,566.75,1212.51,555.89,1188.65,554.27
EK_0139_P24_09_frame_0000092141_l.jpg,0,1331.68,696.88,1254.14,695.76,1182.92,666.64,1127.04,648.50,1082.27,630.66,1220.90,566.56,1158.53,535.75,1124.35,543.79,1105.63,557.90,1251.68,555.80,1197.47,522.14,1163.32,530.74,1143.83,545.88,1272.66,561.79,1228.53,534.60,1198.62,536.61,1177.89,548.76,1285.94,572.13,1247.33,549.33,1221.13,547.37,1200.54,556.48
EK_0139_P24_09_frame_0000092141_l.jpg,1,760.30,858.14,835.66,820.39,878.91,753.99,906.02,697.20,930.78,660.76,812.30,679.40,907.70,626.94,955.98,648.41,976.85,674.70,777.36,677.23,874.58,635.80,918.81,659.90,935.43,687.79,760.29,689.53,843.29,660.79,876.37,681.78,885.68,707.40,753.71,706.85,815.45,680.30,844.66,692.12,856.84,711.25
EK_0139_P24_09_frame_0000092173_r.jpg,0,1275.37,750.35,1197.46,759.22,1136.66,731.02,1091.53,701.30,1074.65,680.31,1139.22,637.30,1074.19,613.51,1074.55,648.43,1092.11,668.94,1178.99,620.48,1123.50,619.78,1119.58,655.07,1129.84,674.20,1214.63,623.87,1166.53,632.22,1159.06,658.25,1168.67,676.63,1239.12,635.05,1197.21,640.47,1189.51,660.20,1197.90,675.12
EK_0139_P24_09_frame_0000092447_l.jpg,0,1496.87,562.54,1422.03,592.19,1360.18,587.01,1321.30,554.04,1305.84,531.71,1300.58,541.21,1228.58,493.13,1211.20,471.44,1205.08,462.37,1323.53,493.65,1255.03,450.30,1236.45,436.07,1228.82,431.57,1358.56,458.56,1321.52,439.51,1339.75,457.10,1361.81,476.68,1398.29,434.87,1375.06,433.17,1387.50,450.30,1405.02,466.70
EK_0139_P24_09_frame_0000095220_r.jpg,0,1322.79,807.03,1316.14,740.80,1281.58,682.93,1243.17,652.71,1215.23,633.56,1292.09,655.73,1257.04,598.52,1229.64,574.29,1210.21,557.88,1260.62,675.92,1223.99,629.09,1203.55,608.49,1191.84,600.00,1237.86,701.90,1212.82,663.10,1201.23,643.73,1191.92,631.93,1224.09,730.39,1215.95,710.72,1220.19,703.80,1224.63,699.67
EK_0139_P24_09_frame_0000095220_r.jpg,1,846.97,665.23,896.36,649.93,940.91,613.49,980.39,601.79,1010.53,598.79,892.88,540.29,943.35,514.92,973.57,513.80,993.27,515.65,862.94,533.32,914.36,520.89,935.51,537.24,942.69,550.82,843.83,540.48,893.79,527.81,914.05,541.43,921.01,553.07,833.08,553.02,875.50,540.10,892.70,550.37,898.57,560.95
EK_0139_P24_09_frame_0000096041_l.jpg,0,420.69,673.41,498.23,679.44,562.30,652.53,603.84,617.86,636.17,596.45,543.45,551.82,601.48,503.61,632.68,486.68,656.05,474.75,505.96,531.82,568.41,485.38,602.23,475.93,625.75,472.48,474.13,528.76,527.40,489.92,561.84,478.87,587.96,475.53,450.20,536.39,493.75,503.53,522.86,495.00,544.99,494.28
EK_0139_P24_09_frame_0000096904_r.jpg,0,1415.81,649.34,1334.15,664.24,1270.82,635.22,1224.51,599.51,1193.71,573.12,1279.31,554.80,1246.48,479.76,1240.93,493.30,1250.98,522.13,1322.59,529.62,1299.14,509.07,1299.69,533.47,1311.99,553.91,1367.59,520.67,1340.84,518.85,1343.06,541.96,1354.70,561.54,1405.41,520.68,1382.16,522.97,1380.79,542.93,1389.73,558.42
EK_0139_P24_09_frame_0000097208_r.jpg,0,1760.69,760.76,1761.86,690.39,1731.14,625.03,1692.34,587.71,1652.81,580.51,1660.69,634.04,1597.02,601.38,1553.01,592.51,1517.02,590.27,1639.51,669.27,1576.13,651.61,1534.07,646.28,1499.53,648.06,1630.86,702.37,1571.66,682.43,1530.15,676.42,1497.77,677.22,1632.00,732.18,1588.09,717.65,1559.06,715.79,1538.07,722.00
EK_0139_P24_09_frame_0000097546_l.jpg,0,1301.02,800.37,1244.10,769.40,1217.28,709.53,1201.64,657.70,1192.24,623.43,1280.83,657.75,1278.27,590.96,1270.15,552.12,1260.83,523.71,1309.54,655.15,1312.86,583.74,1302.55,540.95,1290.83,509.91,1323.95,658.37,1325.45,595.40,1319.82,555.86,1313.16,525.84,1325.84,664.02,1328.57,612.25,1325.85,579.64,1320.03,554.93
EK_0139_P24_09_frame_0000100644_r.jpg,0,1194.53,548.02,1151.20,531.63,1120.35,498.04,1091.43,480.74,1066.21,467.90,1193.68,447.70,1199.31,403.36,1192.12,379.91,1182.64,366.45,1214.00,455.27,1216.46,426.43,1202.85,417.48,1189.90,414.74,1225.56,467.43,1223.03,448.81,1207.76,444.37,1192.18,444.27,1230.46,478.54,1227.35,461.73,1216.84,460.07,1204.80,465.06
EK_0139_P24_09_frame_0000101452_r.jpg,0,1505.04,675.01,1431.57,690.77,1371.98,664.86,1342.66,637.57,1325.71,619.23,1391.94,574.68,1351.00,569.36,1334.33,594.11,1328.72,616.42,1429.57,562.62,1390.01,582.44,1377.20,615.09,1378.27,639.23,1459.47,569.56,1422.53,588.69,1407.75,615.67,1409.25,636.46,1482.65,579.19,1449.74,593.40,1437.27,615.13,1437.34,634.10
EK_0139_P24_09_frame_0000103637_l.jpg,0,725.11,1087.61,809.35,1035.89,860.47,959.69,899.32,897.02,938.58,856.59,768.04,867.00,803.65,802.81,832.28,794.20,851.95,796.62,716.45,875.12,763.59,839.62,796.38,852.19,815.29,866.40,681.36,899.94,724.97,866.15,754.85,873.04,772.11,888.50,660.73,929.13,694.62,896.82,721.39,899.77,737.31,913.42
EK_0139_P24_09_frame_0000103637_l.jpg,1,1684.63,650.85,1546.11,692.44,1442.51,650.22,1367.50,597.09,1325.43,554.98,1382.29,565.18,1275.82,513.49,1291.27,539.85,1323.32,565.54,1433.72,494.80,1343.27,462.49,1366.52,501.68,1394.17,530.98,1493.75,450.06,1424.25,432.83,1434.19,467.39,1463.11,493.07,1555.24,423.10,1492.51,405.87,1495.37,436.35,1524.89,459.19
EK_0139_P24_09_frame_0000107806_r.jpg,0,949.09,995.62,934.52,938.10,938.85,868.76,976.53,804.64,1010.68,747.18,872.01,777.98,879.70,710.41,903.82,670.82,932.59,651.33,921.51,778.65,939.44,706.28,967.71,672.95,1002.37,645.10,965.37,791.01,989.71,727.66,1020.33,698.81,1054.64,677.48,1006.48,820.35,1028.46,758.97,1051.69,737.36,1072.86,719.43
EK_0139_P24_09_frame_0000107806_r.jpg,1,1460.95,845.85,1355.44,868.55,1267.38,824.82,1191.14,784.58,1127.27,773.57,1301.77,680.69,1181.58,674.82,1162.67,723.89,1173.30,757.72,1340.63,654.84,1228.60,671.05,1217.13,721.40,1230.98,752.57,1369.00,658.35,1267.28,676.84,1256.91,717.84,1271.92,747.55,1384.10,672.29,1305.29,686.02,1291.95,717.07,1301.30,741.51
EK_0139_P24_09_frame_0000108698_l.jpg,0,1510.01,765.04,1396.03,781.40,1306.31,734.01,1246.46,693.65,1194.31,678.95,1350.91,609.73,1291.04,561.10,1259.67,576.41,1245.45,607.68,1404.67,592.61,1339.27,575.53,1307.28,599.02,1291.71,625.00,1450.30,598.63,1392.73,593.14,1362.26,608.40,1348.55,632.31,1489.66,611.98,1437.11,610.38,1408.67,623.61,1395.88,644.36
EK_0139_P24_09_frame_0000108698_l.jpg,1,706.36,882.37,775.86,831.80,796.76,754.02,794.66,686.48,801.26,636.96,697.83,710.67,730.83,618.09,765.72,580.70,795.15,555.08,660.57,710.97,705.41,620.70,748.85,590.95,784.24,575.45,645.85,718.35,687.37,640.56,725.52,617.66,757.13,609.02,646.18,727.48,679.60,665.72,711.96,647.09,738.37,641.25
EK_0139_P24_09_frame_0000112337_l.jpg,0,1248.13,699.52,1183.51,699.44,1139.80,673.33,1110.80,642.15,1094.49,623.78,1137.57,601.43,1106.85,560.74,1099.55,568.29,1104.93,583.00,1171.71,581.43,1149.03,575.92,1148.92,595.74,1159.37,612.22,1206.45,577.43,1180.86,580.56,1181.90,597.36,1192.02,614.03,1234.87,580.99,1213.71,583.89,1213.16,599.26,1220.46,614.00
EK_0139_P24_09_frame_0000112950_r.jpg,0,770.63,1006.23,847.26,980.75,892.44,921.68,922.74,871.69,956.53,839.61,836.34,831.28,888.27,777.80,919.08,767.83,940.91,763.28,798.61,828.30,856.49,788.04,894.30,784.44,922.35,787.60,774.46,840.28,826.42,806.12,862.75,800.41,890.57,803.29,762.51,857.17,801.84,825.75,832.02,817.83,856.64,819.61
EK_0139_P24_09_frame_0000113448_l.jpg,0,1441.97,783.67,1434.79,719.18,1418.53,655.17,1386.12,608.21,1351.00,579.01,1426.69,613.25,1410.02,562.89,1386.56,555.75,1365.36,562.39,1396.57,639.92,1362.43,609.22,1331.84,613.03,1307.42,622.64,1375.63,668.42,1340.55,647.70,1309.98,651.72,1286.96,654.98,1362.80,695.11,1327.64,680.56,1310.56,682.56,1301.83,682.25
EK_0139_P24_09_frame_0000113638_r.jpg,0,1229.48,820.86,1167.81,833.08,1116.86,815.54,1088.24,797.32,1077.81,782.99,1122.73,734.05,1075.67,749.67,1073.87,783.72,1088.68,802.51,1148.77,722.61,1103.32,740.70,1098.41,768.92,1108.49,786.59,1172.09,725.50,1130.90,739.28,1123.75,762.83,1132.69,779.07,1188.79,734.08,1151.26,743.52,1143.94,760.41,1149.70,772.96
EK_0139_P24_09_frame_0000114706_l.jpg,0,867.52,858.49,919.60,862.34,958.64,832.09,990.38,815.11,1022.92,806.22,948.73,761.15,985.41,736.00,1003.62,743.33,1006.33,757.17,923.87,754.43,957.14,737.74,977.98,747.07,987.96,761.31,901.93,758.05,933.13,746.38,953.35,751.25,965.09,761.07,886.33,769.23,914.12,753.98,931.24,755.65,941.94,761.33
EK_0139_P24_09_frame_0000114706_l.jpg,1,1411.17,715.76,1332.91,687.10,1285.42,633.19,1262.56,597.87,1267.49,586.61,1361.06,556.79,1329.37,517.34,1300.84,525.14,1278.70,542.51,1402.19,570.39,1357.51,547.72,1323.60,552.93,1300.75,568.58,1427.02,593.30,1381.75,576.06,1349.92,576.59,1330.06,587.38,1441.90,616.60,1404.27,598.74,1374.73,596.25,1353.97,606.03
EK_0139_P24_09_frame_0000115390_l.jpg,0,1431.58,923.24,1362.86,929.04,1300.46,898.44,1259.91,864.82,1218.69,846.62,1328.95,820.94,1290.51,779.28,1265.81,777.43,1255.63,789.03,1364.95,805.50,1321.08,771.70,1291.69,776.45,1276.82,789.18,1393.52,807.01,1355.22,779.34,1325.70,780.08,1313.00,790.83,1418.76,810.60,1383.10,790.12,1356.30,789.29,1340.93,796.48
EK_0139_P24_09_frame_0000115390_l.jpg,1,785.83,1059.12,855.89,1006.01,892.18,940.63,912.04,886.11,931.25,844.62,808.77,873.23,853.98,812.75,891.41,807.56,917.67,810.15,774.76,880.12,833.52,830.13,878.29,830.51,909.75,841.92,757.89,897.34,813.09,856.63,855.17,853.95,887.26,864.06,752.60,916.69,793.23,882.22,826.69,875.06,854.74,879.19
EK_0139_P24_09_frame_0000115581_r.jpg,0,1122.82,403.77,1061.08,449.00,1007.66,457.38,980.24,456.77,963.61,454.03,965.78,368.03,924.15,348.47,904.64,342.73,896.84,339.28,994.36,343.13,948.65,336.07,928.76,345.65,920.36,357.08,1022.24,331.94,983.72,333.99,965.15,347.52,960.32,359.29,1047.58,328.17,1013.03,334.09,998.69,348.98,996.08,360.33
EK_0139_P24_09_frame_0000115781_r.jpg,0,808.63,1054.72,872.17,1038.00,905.80,982.00,924.00,930.69,943.10,895.06,858.54,925.31,909.77,873.04,936.78,843.88,951.79,816.81,832.68,911.06,890.54,859.69,916.32,881.17,919.31,908.03,820.15,909.59,872.39,864.13,897.52,884.15,901.29,907.54,816.56,915.05,856.01,881.12,876.92,891.94,881.79,909.13
EK_0139_P24_09_frame_0000116217_l.jpg,0,946.83,772.81,1007.46,763.29,1049.55,726.03,1073.97,695.04,1092.30,672.53,1009.66,657.54,1055.93,661.23,1065.22,685.60,1061.55,700.64,979.52,665.11,1027.96,675.33,1039.82,696.02,1037.18,714.76,958.16,684.17,1005.36,695.30,1018.78,715.36,1017.01,730.89,941.90,704.65,982.64,710.06,993.52,723.99,994.52,736.44
EK_0139_P24_09_frame_0000116373_l.jpg,0,1496.61,637.93,1431.95,577.04,1409.96,493.98,1387.17,434.45,1363.50,391.01,1522.20,440.13,1470.27,376.56,1424.72,370.18,1394.12,378.31,1551.43,458.89,1490.80,406.31,1440.79,395.83,1403.45,400.51,1559.84,485.10,1497.86,442.02,1455.39,430.27,1422.53,432.74,1559.36,508.00,1506.92,470.55,1471.03,461.15,1441.04,464.72
EK_0139_P24_09_frame_0000116543_l.jpg,0,1334.07,723.03,1266.94,722.64,1218.41,686.57,1182.49,657.04,1148.08,641.46,1234.90,613.08,1190.33,598.91,1171.28,612.95,1164.19,626.40,1266.66,603.70,1223.67,590.04,1201.51,601.78,1191.73,616.53,1291.69,607.46,1253.49,590.45,1231.68,597.73,1221.88,610.38,1309.01,615.13,1273.99,598.44,1252.96,601.69,1242.23,610.95
EK_0139_P24_09_frame_0000116826_l.jpg,0,373.56,559.63,407.73,476.15,407.44,357.27,416.26,247.43,429.46,159.27,280.94,264.66,309.05,126.68,380.35,102.69,436.94,119.83,290.05,273.61,363.68,172.78,448.04,182.34,504.12,214.50,316.33,292.28,391.99,227.96,462.86,247.79,508.61,284.13,343.76,308.89,393.76,250.16,443.73,262.57,480.01,296.83
EK_0139_P24_09_frame_0000116854_l.jpg,0,1116.62,573.41,1220.18,564.09,1317.98,482.96,1384.41,391.64,1406.94,309.91,1181.32,364.90,1258.16,246.61,1296.12,166.49,1316.73,96.41,1141.85,329.83,1292.15,276.69,1349.57,339.21,1356.23,389.26,1125.97,313.34,1276.95,272.64,1319.18,334.47,1315.79,375.93,1124.33,306.06,1244.35,273.94,1280.48,312.91,1281.33,341.10
EK_0139_P24_09_frame_0000117060_l.jpg,0,733.81,1033.92,738.16,1004.06,770.10,967.30,820.83,940.37,861.02,918.83,755.46,898.36,799.77,850.54,833.99,832.59,863.07,823.00,785.38,911.98,833.88,873.24,872.31,858.71,904.52,850.14,808.82,930.65,850.90,895.44,878.69,884.27,901.04,879.84,827.91,949.50,859.68,921.65,874.11,912.94,885.61,909.13
EK_0140_P25_09_frame_0000001172_r.jpg,0,169.25,658.78,293.80,632.08,341.45,570.81,357.21,505.67,361.25,466.67,320.42,476.37,358.13,408.48,364.35,429.70,351.82,458.45,249.92,446.61,290.59,356.46,303.70,392.55,297.84,429.20,187.64,441.77,220.28,370.15,238.53,405.84,234.09,442.01,136.54,459.13,169.28,414.88,191.38,436.99,193.50,466.16
EK_0140_P25_09_frame_0000004265_l.jpg,0,980.30,399.73,875.27,400.90,809.04,381.97,762.72,378.42,734.02,381.32,838.06,251.61,790.88,248.87,773.72,266.92,768.73,283.57,888.93,249.29,838.65,251.13,816.66,276.23,805.86,297.39,925.28,263.75,883.64,264.72,854.28,283.00,841.73,303.27,951.18,280.13,913.28,279.28,890.67,292.84,878.05,309.36
EK_0140_P25_09_frame_0000004265_l.jpg,1,319.92,533.22,294.01,424.07,313.08,334.70,362.08,283.25,408.60,245.64,277.10,312.63,304.62,262.75,340.02,235.08,364.18,223.65,328.24,335.20,360.59,275.95,389.66,246.30,414.07,223.47,373.34,359.69,404.06,306.67,428.07,270.76,450.76,242.38,419.69,389.83,444.44,334.48,462.11,306.84,476.96,281.35
EK_0140_P25_09_frame_0000004435_r.jpg,0,523.03,726.86,597.79,652.52,631.47,571.76,664.34,523.21,693.89,477.12,530.56,508.49,511.49,435.54,542.11,409.15,570.52,411.57,519.12,538.32,513.83,471.10,546.79,443.89,574.33,437.46,516.65,569.77,534.78,523.48,562.80,499.41,583.16,496.34,523.22,596.94,546.96,561.69,566.78,547.72,579.91,541.38
EK_0140_P25_09_frame_0000004435_r.jpg,1,993.38,202.07,902.32,185.80,843.66,151.38,817.66,141.58,804.62,145.61,890.34,33.08,849.15,0.16,826.90,-3.18,813.76,-1.36,932.85,26.04,906.03,14.16,890.37,35.41,886.28,57.40,969.26,37.88,944.67,28.69,929.78,51.30,926.77,73.46,1000.90,53.15,979.73,42.23,967.30,58.95,963.10,78.80
EK_0140_P25_09_frame_0000009520_r.jpg,0,373.63,374.25,488.46,365.24,560.89,299.12,598.32,240.33,600.76,223.81,465.49,174.14,528.78,83.79,589.83,93.62,622.52,126.07,425.84,170.47,515.71,97.24,576.73,118.43,606.01,144.49,402.82,180.18,481.80,121.81,535.45,131.19,570.41,156.52,397.83,196.34,455.47,155.26,500.91,156.35,534.88,172.94
EK_0140_P25_09_frame_0000009520_r.jpg,1,1147.55,488.43,1059.98,423.27,1013.13,356.90,975.78,318.36,949.42,282.56,1098.19,288.93,1081.99,242.33,1071.13,222.08,1062.20,209.13,1118.25,312.73,1104.00,266.98,1085.02,250.30,1070.62,232.21,1126.79,341.68,1109.34,305.38,1090.51,284.95,1074.39,271.27,1129.32,371.88,1112.35,344.28,1094.15,329.33,1079.91,320.43
EK_0140_P25_09_frame_0000013869_l.jpg,0,529.13,588.13,625.94,535.45,667.67,448.08,696.55,377.97,734.39,336.92,574.77,375.12,607.74,284.30,657.23,285.06,686.06,309.47,543.43,380.86,584.31,289.08,635.59,288.13,670.20,304.92,531.13,395.47,571.26,320.40,617.29,313.47,652.69,325.74,534.33,413.20,564.66,353.48,602.57,342.10,636.48,346.99
EK_0140_P25_09_frame_0000013869_l.jpg,1,1147.78,529.11,1054.65,513.55,992.13,451.95,949.38,397.38,911.58,344.16,1020.07,377.73,997.91,352.81,1000.76,398.94,998.13,431.08,1057.15,388.08,1022.27,368.61,1025.33,425.64,1028.70,458.49,1078.99,398.43,1044.33,394.72,1045.06,441.74,1047.65,464.62,1091.23,401.79,1063.77,396.15,1060.02,426.35,1063.33,445.17
EK_0140_P25_09_frame_0000015653_l.jpg,0,1268.71,628.04,1196.89,552.16,1153.18,479.82,1103.64,435.73,1062.86,412.98,1206.72,398.55,1147.99,347.58,1104.98,353.77,1073.89,374.64,1208.03,430.53,1136.73,403.59,1086.88,437.01,1054.77,480.55,1202.75,466.96,1136.43,449.15,1092.62,481.60,1067.87,517.43,1198.89,496.79,1144.84,487.42,1110.41,503.03,1089.57,521.83
EK_0140_P25_09_frame_0000015875_r.jpg,0,111.80,737.53,225.71,693.33,283.13,618.61,307.96,556.07,326.94,509.57,186.47,536.63,224.25,442.74,267.18,420.82,299.98,418.35,140.38,538.20,192.20,446.39,242.10,440.09,278.12,451.39,116.45,550.65,166.91,473.25,215.50,463.80,251.31,475.27,108.07,568.10,150.34,511.74,192.54,498.31,228.81,501.82
EK_0140_P25_09_frame_0000015875_r.jpg,1,1100.04,424.33,1081.46,337.04,1062.22,271.78,1029.46,232.17,1000.14,210.03,1098.60,252.73,1059.96,214.03,1023.83,217.67,1004.48,235.71,1080.04,280.55,1043.49,237.61,1004.46,237.11,982.78,251.81,1062.57,304.36,1032.39,262.18,996.68,257.92,977.95,265.98,1048.56,326.13,1020.12,291.41,997.56,283.40,984.10,280.59
EK_0140_P25_09_frame_0000016501_r.jpg,0,919.10,938.98,810.28,940.27,738.28,886.76,698.44,817.31,661.89,771.01,796.06,762.73,724.13,667.93,682.00,659.85,657.86,669.77,848.25,735.67,767.89,638.15,717.84,641.81,692.22,659.34,882.78,731.33,817.12,642.45,767.14,641.68,738.04,656.53,906.01,739.41,863.22,665.05,819.13,656.29,790.02,668.17
EK_0140_P25_09_frame_0000016758_r.jpg,0,631.86,668.64,697.72,630.40,725.47,570.55,732.02,521.29,738.90,492.15,712.21,529.63,731.94,483.49,744.47,465.41,752.68,451.60,686.76,529.76,704.05,490.60,717.74,471.10,725.39,459.73,669.74,538.25,684.87,499.59,698.07,480.17,709.73,468.86,657.80,550.37,675.16,513.00,686.27,494.62,696.81,484.15
EK_0140_P25_09_frame_0000017471_r.jpg,0,480.10,905.67,557.41,863.74,600.90,798.52,630.30,758.17,649.95,723.76,571.52,711.58,552.11,631.41,536.29,574.23,520.36,524.46,556.57,701.21,529.28,620.07,515.47,562.27,502.37,510.43,543.14,696.71,520.74,616.05,508.85,563.38,498.92,514.02,534.74,700.75,518.48,627.33,509.87,580.47,504.15,540.54
EK_0140_P25_09_frame_0000017735_l.jpg,0,698.55,621.20,699.66,528.93,704.76,470.27,725.77,436.89,738.16,413.41,672.14,476.23,685.50,451.34,710.07,437.40,724.44,433.00,697.41,505.00,717.10,475.13,740.13,465.80,758.53,463.54,724.62,532.17,743.72,506.52,764.15,493.29,783.07,486.87,755.29,561.84,773.19,544.56,781.46,537.18,788.81,531.67
EK_0140_P25_09_frame_0000017948_r.jpg,0,1109.18,580.02,1114.42,471.28,1115.21,411.82,1111.55,384.15,1086.24,373.60,1038.09,453.15,1011.81,430.76,996.35,412.51,984.38,404.03,1030.72,489.85,1045.14,459.86,1057.34,443.45,1065.32,434.95,1035.91,520.94,1047.17,496.70,1051.18,481.05,1053.54,470.28,1045.49,543.48,1045.20,523.43,1047.46,512.21,1048.71,507.13
EK_0140_P25_09_frame_0000017992_r.jpg,0,1031.51,600.74,942.72,608.41,888.12,569.22,858.20,534.76,821.60,525.90,926.08,472.96,887.76,428.37,865.49,427.39,855.49,440.78,967.95,462.27,926.09,417.45,901.79,419.88,886.23,429.23,998.55,465.42,965.66,428.94,938.63,427.28,924.20,434.97,1020.90,475.63,993.23,447.89,969.61,445.78,956.73,450.92
EK_0140_P25_09_frame_0000018746_l.jpg,0,970.98,814.20,928.16,768.20,889.13,717.93,849.90,684.73,813.91,655.89,943.23,662.58,927.10,618.83,916.93,591.28,908.98,575.15,938.82,686.53,909.29,659.87,888.04,647.89,875.41,634.16,926.62,713.98,892.38,699.76,870.96,690.75,861.01,680.89,916.35,734.02,884.73,719.72,870.54,713.21,867.53,707.37
EK_0140_P25_09_frame_0000021542_l.jpg,0,323.95,952.39,435.08,986.70,515.89,945.80,579.47,888.41,644.09,818.97,416.36,828.21,481.62,724.84,556.04,663.38,619.70,622.29,394.17,786.49,469.62,677.77,561.32,636.20,632.52,618.24,390.33,765.80,457.91,685.73,534.20,673.08,588.17,678.39,393.01,754.24,449.83,701.29,502.50,696.65,542.86,701.78
EK_0140_P25_09_frame_0000023517_l.jpg,0,675.16,452.60,766.19,413.61,798.09,364.51,795.55,323.21,792.44,299.86,764.38,272.73,785.41,236.73,802.87,263.08,804.61,292.08,717.48,282.13,749.07,242.66,771.53,266.02,780.62,291.45,686.28,300.78,712.23,266.94,735.76,283.16,747.52,304.35,665.10,323.16,689.76,295.10,711.16,300.52,724.57,314.52
EK_0140_P25_09_frame_0000024583_r.jpg,0,160.12,529.92,311.66,533.03,423.98,483.05,497.98,440.86,561.42,422.09,377.59,340.26,488.21,340.03,539.25,373.82,570.68,401.92,328.24,339.96,426.84,351.90,473.66,393.41,499.53,432.33,289.73,360.53,377.31,379.47,423.73,415.78,453.10,451.39,268.26,386.47,339.59,397.03,381.94,428.45,410.96,463.54
EK_0140_P25_09_frame_0000024583_r.jpg,1,1259.74,667.87,1148.94,659.78,1078.84,595.19,1041.02,527.39,1003.12,487.89,1131.27,480.67,1048.21,446.06,1008.90,459.54,983.27,472.93,1183.02,469.53,1093.93,455.34,1047.75,477.14,1019.77,500.45,1216.20,480.94,1135.19,484.22,1105.21,507.93,1090.71,532.14,1233.70,497.85,1170.06,501.97,1142.02,521.44,1127.67,545.81
EK_0140_P25_09_frame_0000026187_r.jpg,0,676.77,620.61,762.93,563.61,826.90,529.17,876.51,533.87,907.47,534.88,756.74,428.60,764.43,388.54,783.56,383.89,792.52,385.56,747.68,459.92,775.69,428.72,801.53,429.99,815.54,437.85,748.41,495.76,777.21,473.62,801.06,472.08,814.12,478.51,754.83,528.01,783.18,508.50,799.35,502.02,809.19,499.68
EK_0140_P25_09_frame_0000026361_l.jpg,0,430.97,696.45,520.07,726.10,594.67,690.23,633.25,636.58,649.46,596.73,564.47,596.39,619.65,516.04,657.68,491.89,684.09,487.99,521.87,561.99,579.31,480.70,620.00,466.41,646.35,477.16,490.21,545.82,543.84,474.60,582.24,466.18,608.02,478.19,469.77,543.04,513.23,490.40,547.12,479.02,572.82,484.72
EK_0140_P25_09_frame_0000026780_r.jpg,0,1165.54,376.66,1084.96,336.51,1008.52,254.81,927.36,199.12,861.26,152.91,1060.60,104.05,968.72,28.75,896.47,47.99,846.04,81.65,1045.63,124.58,953.15,81.74,877.38,116.72,825.45,158.12,1029.85,158.07,944.30,135.38,873.98,172.55,821.16,203.06,1019.21,190.87,952.01,180.01,898.97,204.71,859.13,231.45
EK_0140_P25_09_frame_0000026780_r.jpg,1,402.08,408.47,493.23,396.96,577.48,352.63,649.03,329.32,713.97,307.05,521.44,200.93,615.29,179.63,641.13,237.57,623.05,279.24,510.21,219.69,602.65,198.95,622.67,255.54,609.47,293.66,507.70,248.13,587.00,233.75,600.84,281.15,585.74,311.48,510.06,270.49,574.14,260.50,588.82,295.68,579.16,321.15
EK_0140_P25_09_frame_0000027006_r.jpg,0,1066.06,156.51,972.43,207.14,885.40,222.37,819.54,227.77,772.42,238.83,859.51,103.30,785.54,73.92,777.44,92.46,790.25,117.22,890.41,46.58,806.68,17.10,792.52,36.15,797.60,60.38,928.39,13.94,864.15,-11.17,844.01,1.68,843.39,18.66,970.63,-4.75,913.04,-23.96,891.60,-12.48,885.90,0.45
EK_0140_P25_09_frame_0000029172_r.jpg,0,1034.36,285.30,937.18,270.37,873.86,231.30,820.64,197.19,774.73,167.72,918.36,101.32,876.78,37.99,858.23,26.18,850.26,28.27,980.12,85.83,943.20,66.67,928.17,93.86,930.74,119.18,1035.47,98.12,998.10,89.65,984.35,115.01,984.87,142.60,1076.94,117.26,1048.85,107.84,1034.92,127.04,1034.68,153.41
EK_0140_P25_09_frame_0000029637_r.jpg,0,75.56,626.11,189.62,588.45,237.49,489.34,236.58,395.43,242.85,335.79,133.63,409.02,187.91,285.86,240.22,262.84,278.40,266.15,57.45,394.69,116.28,255.43,179.70,237.51,219.25,249.93,6.42,400.96,35.48,265.84,98.18,247.28,140.74,259.13,-23.23,422.26,-11.49,319.61,27.08,294.23,59.25,293.68
EK_0140_P25_09_frame_0000031781_r.jpg,0,1231.61,969.88,1152.06,949.53,1113.41,902.08,1099.51,847.57,1094.92,802.77,1166.63,836.10,1138.39,762.94,1102.33,746.85,1078.34,751.80,1208.46,827.35,1181.49,743.44,1146.94,736.92,1126.88,749.29,1236.70,830.06,1221.09,757.34,1191.38,747.26,1170.62,752.90,1256.79,840.51,1260.00,781.68,1238.86,762.06,1218.61,759.57
EK_0140_P25_09_frame_0000031781_r.jpg,1,579.07,637.74,666.35,634.76,721.23,600.02,762.76,570.28,802.30,552.87,687.97,522.05,731.29,464.28,754.05,488.63,750.63,519.15,662.36,516.52,723.19,493.93,749.67,530.73,753.11,562.04,643.92,522.02,695.47,514.30,724.50,545.56,729.70,575.80,631.21,532.32,672.29,524.29,696.31,547.98,702.63,573.49
EK_0140_P25_09_frame_0000032403_r.jpg,0,583.15,660.25,639.24,607.17,661.12,551.02,673.73,511.27,686.09,486.57,586.03,488.05,605.53,463.04,640.82,481.14,656.05,505.80,574.19,509.82,601.29,483.22,639.69,498.53,660.27,525.95,573.09,536.06,602.96,516.46,639.14,521.85,659.78,539.74,576.53,561.15,604.09,543.23,630.24,546.45,647.51,560.66
EK_0140_P25_09_frame_0000032403_r.jpg,1,1180.27,554.93,1099.97,533.60,1061.05,507.09,1035.28,510.77,1015.66,519.51,1107.98,399.47,1060.43,414.12,1046.69,448.05,1044.55,462.79,1132.08,427.32,1084.44,452.05,1060.71,489.68,1056.54,516.01,1144.68,459.64,1094.50,487.26,1070.45,522.54,1061.09,541.14,1148.85,485.98,1104.38,512.18,1075.78,537.92,1058.22,554.99
EK_0140_P25_09_frame_0000034760_l.jpg,0,594.04,907.73,673.51,876.37,722.09,826.06,750.41,791.91,768.20,765.48,669.00,761.23,683.89,711.61,710.53,710.29,724.04,722.50,645.45,775.48,670.97,732.52,699.87,731.47,716.88,741.52,630.90,795.52,661.90,770.74,690.93,766.59,711.69,774.49,627.07,818.36,656.19,800.81,680.92,798.90,698.96,805.37
EK_0140_P25_09_frame_0000035034_l.jpg,0,263.15,887.90,395.30,845.27,476.37,775.09,537.14,729.06,599.84,694.33,363.26,638.49,387.11,536.45,438.39,506.19,477.99,506.48,323.82,650.49,365.88,547.06,426.00,527.31,473.41,532.50,300.11,666.73,340.35,587.71,395.13,563.42,435.16,566.22,293.81,682.71,328.81,627.16,367.93,606.01,400.38,601.14
EK_0140_P25_09_frame_0000036099_r.jpg,0,1203.59,853.15,1150.13,792.58,1126.33,720.11,1105.12,667.04,1081.78,622.10,1183.71,660.41,1138.04,612.17,1096.74,600.35,1068.92,598.03,1188.82,682.48,1149.79,637.47,1105.59,628.36,1074.33,625.68,1184.79,707.73,1149.32,675.75,1112.71,667.32,1087.91,667.12,1178.07,728.97,1147.69,708.05,1121.78,701.59,1103.31,700.72
EK_0140_P25_09_frame_0000036099_r.jpg,1,722.21,543.12,766.48,505.26,811.79,467.16,852.50,448.83,889.56,437.00,791.22,421.39,826.59,396.11,860.08,402.07,876.06,415.79,793.68,444.46,836.15,426.14,869.51,432.15,892.54,440.20,794.59,466.60,831.46,450.65,862.74,447.04,881.86,450.58,795.66,489.07,825.36,471.07,843.59,463.95,855.01,460.90
EK_0140_P25_09_frame_0000036586_r.jpg,0,243.48,373.98,353.09,436.02,450.40,467.44,523.60,509.22,591.10,546.51,489.13,351.63,567.02,378.80,601.63,414.45,619.60,435.55,451.86,344.25,521.70,368.60,554.56,402.40,579.21,432.23,416.70,347.04,469.90,372.43,501.95,399.54,526.26,427.29,388.19,360.29,433.00,376.46,458.65,398.37,474.03,417.91
EK_0140_P25_09_frame_0000040451_l.jpg,0,738.21,559.24,828.59,530.97,886.57,468.85,927.31,414.80,966.86,356.33,835.09,400.64,887.76,344.93,929.38,320.63,959.25,308.52,815.47,407.28,866.06,353.00,909.00,331.17,945.09,320.02,806.44,419.48,854.44,373.12,892.75,347.44,926.66,332.62,807.02,431.43,847.67,392.94,879.42,372.18,907.69,358.69
EK_0140_P25_09_frame_0000040594_r.jpg,0,595.77,734.93,663.23,749.04,727.52,708.08,765.28,661.84,788.92,626.10,702.42,625.79,762.64,570.00,812.60,558.77,850.60,560.56,686.94,612.31,750.68,555.38,800.14,543.31,840.38,541.72,680.57,614.54,740.76,571.58,787.29,558.69,826.81,556.99,680.47,623.87,731.07,588.25,770.10,575.46,803.16,573.15
EK_0140_P25_09_frame_0000044122_r.jpg,0,598.45,684.82,637.29,637.72,660.84,564.97,681.23,503.63,698.99,451.45,570.22,481.10,569.13,413.39,616.84,390.24,664.63,389.49,589.73,484.80,644.97,415.58,711.23,399.42,765.43,396.72,610.98,493.13,664.84,434.42,721.24,418.49,768.26,409.09,628.28,502.36,669.70,454.63,709.38,439.05,745.01,431.37
EK_0140_P25_09_frame_0000044122_r.jpg,1,1008.51,729.83,930.41,728.39,887.16,685.27,869.88,631.29,852.16,590.78,912.01,614.03,900.62,532.53,887.99,499.16,875.28,482.54,957.41,601.71,949.33,524.13,937.94,493.87,925.54,477.48,992.88,602.39,986.70,537.63,975.49,505.89,966.70,486.50,1018.69,610.38,1009.70,560.85,1000.31,533.44,993.13,516.64
EK_0140_P25_09_frame_0000044224_l.jpg,0,1316.46,457.18,1197.90,436.59,1141.20,367.61,1135.79,299.02,1139.49,256.46,1190.83,277.70,1127.96,200.30,1088.67,191.67,1064.33,198.12,1252.85,258.38,1184.03,173.45,1147.87,194.12,1132.05,216.05,1295.69,254.87,1237.90,179.25,1198.81,194.47,1186.54,216.01,1329.56,265.50,1284.11,212.19,1247.63,214.15,1231.83,227.84
EK_0140_P25_09_frame_0000044680_r.jpg,0,194.27,1063.63,287.54,1053.22,347.95,1003.74,386.76,956.07,424.56,913.70,296.19,914.38,347.50,845.86,389.58,832.33,416.87,833.30,253.15,904.10,302.69,828.43,346.97,814.29,378.23,818.78,224.95,907.17,266.98,841.33,309.67,824.07,341.65,824.91,211.76,919.14,245.97,867.32,280.02,848.36,308.88,844.19
EK_0140_P25_09_frame_0000046409_r.jpg,0,1117.91,219.80,1031.49,250.45,975.28,241.59,951.15,235.21,945.34,242.32,951.22,126.82,940.41,147.90,957.72,175.53,972.57,192.04,990.34,94.55,974.41,117.19,988.24,147.85,1005.48,168.18,1031.86,83.98,1016.53,102.40,1021.84,129.54,1037.14,147.10,1070.96,83.23,1055.66,97.74,1058.91,122.37,1068.62,141.74
EK_0140_P25_09_frame_0000046549_r.jpg,0,949.83,159.39,983.67,105.37,967.84,29.71,938.19,-22.58,918.71,-58.99,900.80,12.72,886.28,-50.79,885.35,-89.41,886.55,-114.94,881.20,20.87,866.95,-42.88,866.10,-78.27,866.07,-106.66,872.02,29.93,858.64,-28.08,860.57,-60.18,862.23,-87.75,868.77,35.22,853.56,-14.76,853.60,-45.28,857.13,-69.42
EK_0140_P25_09_frame_0000051112_l.jpg,0,216.42,809.91,314.18,831.41,399.99,790.12,458.80,739.54,506.39,693.87,366.53,666.34,453.24,606.08,507.46,608.62,538.84,621.27,332.42,645.58,424.33,580.75,480.30,587.96,512.74,609.01,309.30,643.16,385.45,589.10,440.50,590.88,476.94,606.03,293.63,649.97,350.51,605.49,394.65,597.63,430.16,603.00
EK_0140_P25_09_frame_0000052317_r.jpg,0,1135.55,762.72,1071.77,713.94,1035.71,654.50,999.35,613.77,973.48,583.08,1102.51,569.41,1060.41,511.81,1017.87,513.87,981.00,523.80,1106.73,583.72,1055.53,539.65,1006.91,545.63,969.15,561.17,1102.25,601.80,1055.56,569.95,1015.60,575.15,983.68,587.04,1096.85,620.40,1058.48,607.21,1025.88,608.18,998.50,614.55
EK_0140_P25_09_frame_0000052317_r.jpg,1,530.87,687.45,632.13,698.87,697.40,665.58,727.77,614.91,731.21,585.44,706.84,588.93,746.65,559.60,734.87,588.77,716.10,612.48,665.27,550.58,711.04,534.40,704.40,563.02,688.54,585.25,623.03,533.40,666.18,525.26,663.24,551.93,645.73,574.34,584.75,529.18,623.08,524.39,624.96,547.14,612.74,567.71
EK_0140_P25_09_frame_0000052403_r.jpg,0,1041.68,681.43,953.94,653.25,913.89,589.72,897.84,538.36,898.44,515.26,991.91,509.54,950.80,451.82,916.75,467.59,901.27,491.22,1027.51,519.47,972.63,479.72,933.86,496.12,913.45,518.38,1043.14,539.51,986.15,512.55,951.11,522.08,932.80,538.94,1046.12,557.34,997.18,541.44,967.50,548.37,951.25,564.62
EK_0140_P25_09_frame_0000052403_r.jpg,1,536.54,677.56,638.70,681.47,702.74,635.81,739.23,583.29,740.50,547.68,695.65,577.94,743.07,518.89,730.61,546.95,711.40,573.74,648.75,544.51,697.62,515.04,692.29,541.99,679.15,563.41,606.92,529.27,653.58,517.17,650.46,540.26,634.27,558.23,570.28,523.81,614.91,520.95,612.13,541.83,598.91,558.44
EK_0141_P26_01_frame_0000000506_r.jpg,0,1120.85,889.78,1058.77,853.27,1021.79,791.89,994.58,747.33,972.34,710.12,1081.48,735.89,1030.68,690.55,991.40,684.83,960.62,689.83,1097.50,742.67,1046.31,702.37,1005.95,692.34,970.92,694.13,1100.79,757.06,1057.38,723.72,1021.90,711.83,989.98,710.86,1095.75,769.57,1061.55,742.78,1033.84,733.99,1006.87,734.19
EK_0141_P26_01_frame_0000000754_r.jpg,0,1162.04,1015.55,1097.99,985.37,1065.04,928.22,1047.35,886.72,1023.21,866.07,1119.01,881.63,1099.80,837.94,1083.39,830.38,1074.09,830.12,1144.66,889.42,1119.81,856.08,1097.85,850.31,1085.25,850.09,1155.43,905.52,1129.72,880.41,1107.63,872.94,1094.11,873.60,1158.02,918.97,1133.72,895.80,1115.25,888.32,1102.62,888.89
EK_0141_P26_01_frame_0000003755_l.jpg,0,424.00,1008.94,484.08,947.23,497.18,866.16,496.40,799.65,499.64,752.77,382.45,845.28,409.42,755.14,452.94,727.05,490.44,716.87,366.74,860.58,443.99,807.53,490.21,821.89,513.86,839.25,369.77,876.79,440.53,835.98,482.50,845.94,503.70,864.62,376.48,888.89,430.63,855.56,466.65,860.77,487.55,874.35
EK_0141_P26_01_frame_0000004596_l.jpg,0,472.93,1058.44,525.97,1011.47,557.40,963.52,592.99,923.71,620.84,892.08,455.36,899.15,426.40,828.37,411.62,786.63,403.08,753.75,417.60,923.34,368.14,865.86,345.24,828.18,335.74,805.01,395.64,954.22,346.55,909.57,327.95,876.57,321.50,851.69,389.84,982.75,354.35,953.72,341.54,933.43,339.37,916.11
EK_0142_P26_02_frame_0000000200_r.jpg,0,1163.13,602.76,1074.11,567.94,1035.81,494.22,1032.23,423.98,1033.41,377.78,1115.81,409.07,1080.23,322.98,1052.18,289.59,1029.34,266.94,1158.79,410.27,1119.58,322.22,1079.92,300.78,1051.94,294.16,1176.98,424.37,1143.17,350.13,1105.17,330.77,1079.99,324.77,1182.28,437.71,1153.38,381.16,1122.55,357.98,1099.68,350.71
EK_0142_P26_02_frame_0000000812_r.jpg,0,568.38,949.08,654.07,896.18,695.07,813.73,719.75,743.04,756.52,684.64,582.00,735.14,578.25,630.97,588.36,581.22,601.94,544.59,550.12,743.20,567.84,647.66,596.86,599.00,625.80,568.13,541.27,759.65,589.78,696.00,636.72,688.50,672.65,690.57,541.05,774.74,586.41,731.24,624.04,726.41,654.43,730.77
EK_0142_P26_02_frame_0000001322_r.jpg,0,1026.24,944.78,949.09,934.14,896.49,883.45,858.78,838.90,836.82,812.43,963.85,794.68,910.89,749.84,884.12,777.94,877.72,810.79,1003.61,789.18,937.09,779.39,911.04,814.21,911.46,838.85,1028.83,799.29,962.66,791.98,939.82,819.91,940.23,847.54,1042.16,815.32,991.37,807.63,969.31,827.53,964.99,851.02
EK_0142_P26_02_frame_0000001322_r.jpg,1,531.31,782.33,610.37,814.52,676.82,811.09,715.19,783.04,731.51,758.84,700.92,717.91,763.79,691.04,776.05,701.46,769.04,711.93,671.71,680.56,741.04,656.80,745.96,677.70,733.06,691.87,637.14,657.68,704.52,631.92,710.19,649.74,696.58,665.94,601.78,648.46,659.70,613.80,673.99,626.25,670.24,642.40
EK_0142_P26_02_frame_0000001762_l.jpg,0,711.28,491.32,796.64,468.62,827.58,419.82,826.90,371.21,799.55,347.42,800.59,312.03,823.13,305.83,827.22,330.24,822.99,354.40,749.54,299.69,783.77,298.04,788.57,325.38,784.33,347.43,705.41,311.05,744.38,295.61,755.82,317.55,755.60,341.46,671.43,333.02,707.25,313.63,724.48,330.21,728.68,350.25
EK_0142_P26_02_frame_0000001762_l.jpg,1,1111.72,464.54,1019.86,442.88,969.88,396.85,967.89,364.57,1000.65,364.96,1031.72,269.18,997.72,266.64,992.67,301.23,1000.57,324.60,1089.87,274.28,1050.61,273.70,1040.12,304.02,1049.98,328.04,1133.98,302.26,1100.62,286.20,1086.73,308.37,1092.35,332.95,1160.83,336.36,1131.28,320.19,1119.10,336.38,1122.49,355.00
EK_0142_P26_02_frame_0000002298_r.jpg,0,1146.79,513.91,1053.48,505.09,1015.06,461.86,1023.19,416.18,1044.50,396.49,1015.68,346.11,1010.76,344.87,1016.67,372.63,1026.42,392.90,1073.50,334.32,1065.42,337.32,1065.14,363.08,1074.10,384.65,1126.81,346.83,1113.09,361.36,1109.33,382.88,1114.73,403.80,1166.03,368.17,1151.83,383.42,1145.08,400.67,1144.13,417.45
EK_0142_P26_02_frame_0000006494_r.jpg,0,1156.43,685.51,1082.20,637.02,1063.51,562.11,1076.78,498.84,1076.07,450.71,1143.40,512.79,1118.24,438.04,1088.65,422.65,1068.29,418.67,1181.36,523.40,1137.75,469.72,1102.53,466.54,1083.92,476.77,1196.93,541.93,1149.81,502.57,1116.37,505.00,1097.35,515.26,1201.40,554.63,1163.57,523.23,1136.90,522.24,1120.55,530.00
EK_0142_P26_02_frame_0000006494_r.jpg,1,473.72,730.51,560.26,702.68,620.89,642.70,647.67,587.88,653.62,556.38,554.80,531.47,623.73,502.96,660.27,508.13,685.49,515.55,501.27,531.34,565.24,503.70,593.14,515.60,600.85,531.19,461.96,555.65,517.70,535.06,548.79,546.60,559.29,565.33,435.89,588.07,483.26,572.69,508.82,585.01,517.65,604.35
EK_0142_P26_02_frame_0000012831_r.jpg,0,622.18,765.26,679.14,709.94,698.23,625.00,698.46,555.32,698.02,505.41,581.70,580.18,632.59,501.44,682.70,490.38,718.89,496.88,559.50,584.04,632.00,524.67,684.08,534.34,715.62,556.65,557.61,595.34,631.98,547.45,677.09,558.05,705.90,579.95,563.08,605.06,618.90,564.63,655.71,572.22,682.47,589.30
EK_0142_P26_02_frame_0000012831_r.jpg,1,1224.68,600.76,1147.30,585.71,1098.31,528.37,1086.01,470.04,1073.27,430.22,1151.28,460.86,1113.35,407.45,1089.36,387.50,1072.84,374.72,1187.53,455.07,1143.95,414.49,1110.21,407.66,1091.03,408.31,1208.98,463.00,1166.35,434.49,1134.14,433.70,1118.03,438.44,1221.60,471.13,1185.25,445.81,1157.92,444.37,1142.63,450.82
EK_0142_P26_02_frame_0000013034_r.jpg,0,1236.05,609.13,1152.81,576.84,1111.05,510.38,1102.05,450.70,1093.00,411.57,1185.11,432.79,1134.59,378.02,1102.40,368.97,1083.15,363.51,1224.48,434.61,1162.52,409.94,1124.55,419.91,1104.80,433.20,1244.41,450.72,1185.38,436.51,1151.92,447.40,1133.31,460.07,1252.27,465.13,1207.00,451.82,1178.55,457.96,1162.68,471.36
EK_0142_P26_02_frame_0000013034_r.jpg,1,412.33,728.12,419.98,663.94,431.30,572.50,451.39,501.50,465.96,449.53,326.25,524.40,386.58,455.52,442.59,431.96,492.78,422.89,355.93,532.50,422.48,477.57,481.53,473.81,530.38,485.18,387.68,546.07,445.66,500.24,493.08,494.62,529.87,510.20,412.14,559.30,454.07,529.24,487.61,527.72,518.30,538.12
EK_0142_P26_02_frame_0000015256_r.jpg,0,971.28,981.46,915.78,987.96,849.44,962.80,797.58,939.64,754.14,927.25,898.03,873.46,857.69,819.22,822.69,793.38,792.46,781.89,916.59,860.72,875.49,813.09,837.30,798.87,810.38,797.91,927.12,860.75,887.48,821.77,851.49,808.01,826.87,805.85,929.80,866.35,892.32,835.15,862.58,823.34,842.56,821.14
EK_0142_P26_02_frame_0000015334_l.jpg,0,587.93,539.83,656.72,507.69,685.95,449.85,672.80,401.46,657.73,374.63,616.67,393.54,616.18,314.70,634.81,311.15,645.83,326.34,574.95,396.52,590.09,325.62,613.65,330.39,621.89,349.65,548.57,408.52,565.44,345.72,586.65,351.64,593.32,368.81,532.75,424.69,546.35,373.39,564.45,373.92,570.24,387.68
EK_0142_P26_02_frame_0000016332_l.jpg,0,1224.17,726.64,1159.84,689.16,1140.85,620.11,1141.36,564.08,1131.43,519.85,1201.73,574.27,1182.95,513.38,1153.38,512.14,1135.47,526.68,1233.05,583.39,1204.07,526.09,1170.87,525.15,1151.05,538.88,1245.41,600.23,1213.40,560.45,1183.48,555.03,1166.21,561.20,1252.10,613.55,1223.25,579.25,1197.71,571.94,1180.65,573.29
EK_0142_P26_02_frame_0000016332_l.jpg,1,581.05,888.71,553.60,804.80,552.51,728.31,583.15,671.01,607.98,627.11,526.21,705.53,553.13,656.68,586.94,629.93,616.94,612.49,563.96,725.52,595.26,674.78,627.54,647.86,661.92,625.72,599.40,747.70,624.54,704.48,652.17,681.87,683.41,664.98,634.31,772.47,649.26,731.29,662.35,710.15,679.80,690.45
EK_0142_P26_02_frame_0000018663_l.jpg,0,1221.10,660.85,1151.56,622.81,1128.98,552.73,1135.11,492.45,1131.69,452.52,1203.36,513.24,1195.24,450.15,1163.89,458.09,1151.13,478.12,1237.57,523.30,1216.04,469.69,1183.96,476.95,1172.20,494.60,1252.60,540.69,1223.57,497.84,1193.97,498.85,1181.88,511.57,1257.30,553.32,1227.87,516.09,1205.58,516.28,1197.04,526.88
EK_0142_P26_02_frame_0000020752_r.jpg,0,1206.24,791.28,1085.22,750.62,1017.54,677.18,986.24,594.10,976.57,531.03,1106.10,566.07,1055.19,447.46,1024.57,454.44,1021.94,482.20,1179.68,560.48,1129.41,457.18,1093.04,476.91,1086.23,512.55,1234.31,577.98,1184.36,503.26,1147.33,522.31,1140.19,552.08,1269.55,599.97,1223.50,536.84,1190.98,552.29,1187.08,580.28
EK_0142_P26_02_frame_0000022214_l.jpg,0,1103.00,776.85,1042.75,805.96,978.93,806.21,947.32,794.28,950.48,782.54,976.23,702.86,921.37,659.85,888.39,631.19,863.94,612.67,1010.97,670.74,970.10,614.97,944.72,602.21,932.56,601.96,1045.99,656.65,1013.92,638.70,1006.09,656.25,1011.50,673.38,1078.20,655.05,1048.67,644.19,1041.34,658.92,1045.41,673.59
EK_0142_P26_02_frame_0000023103_l.jpg,0,1241.14,908.67,1105.76,921.98,992.32,866.87,920.55,807.65,883.43,764.44,1011.20,693.58,954.69,570.85,928.17,513.69,912.76,474.49,1086.64,652.19,1027.26,564.81,1006.63,594.94,1014.90,635.55,1156.58,640.11,1092.20,566.57,1071.24,597.87,1077.86,636.14,1213.49,641.64,1151.91,595.26,1130.31,619.96,1138.13,652.29
EK_0142_P26_02_frame_0000023306_l.jpg,0,960.38,1015.99,1019.92,1018.39,1065.88,990.92,1088.66,957.04,1095.16,931.24,1071.04,951.91,1088.98,914.69,1080.38,925.61,1070.45,942.82,1038.30,930.67,1053.04,901.43,1044.80,913.89,1035.10,929.93,1003.05,915.38,1019.67,892.10,1013.82,903.90,1004.83,918.67,969.03,905.82,989.91,882.69,985.19,894.32,976.87,907.34
EK_0142_P26_02_frame_0000023514_l.jpg,0,1217.56,779.16,1139.15,732.39,1104.05,663.46,1089.23,601.57,1076.88,557.78,1186.66,595.17,1148.75,531.72,1115.77,532.44,1096.41,546.89,1225.06,602.22,1174.88,552.90,1140.65,558.05,1120.14,572.43,1243.00,619.56,1193.46,581.39,1160.53,581.61,1139.29,593.96,1247.53,635.27,1208.56,603.62,1180.21,600.85,1161.01,608.92
EK_0142_P26_02_frame_0000023514_l.jpg,1,323.44,892.54,422.54,844.50,466.69,759.24,448.84,685.52,412.01,649.82,423.73,713.38,461.63,611.69,471.39,575.29,469.54,559.64,353.41,699.64,402.43,587.27,422.42,601.95,419.49,632.99,293.84,699.40,335.79,601.68,360.11,622.31,358.80,654.80,245.87,709.82,255.45,621.56,285.27,622.42,299.01,639.83
EK_0142_P26_02_frame_0000025256_r.jpg,0,1377.71,844.14,1329.72,814.61,1314.02,751.08,1311.55,689.43,1310.07,634.88,1392.75,711.94,1381.80,638.00,1357.99,604.64,1338.28,593.00,1413.46,714.33,1400.58,644.29,1378.46,609.35,1358.96,593.83,1421.91,717.23,1410.75,651.70,1387.78,619.61,1368.15,601.17,1421.89,717.79,1410.74,658.59,1393.91,628.15,1378.14,610.05
EK_0142_P26_02_frame_0000025346_r.jpg,0,1456.65,751.35,1377.53,701.33,1354.93,625.41,1367.88,565.89,1382.55,534.07,1441.25,586.13,1414.36,527.67,1382.25,542.99,1373.50,565.95,1477.35,596.01,1440.20,544.31,1409.98,555.15,1403.23,577.68,1496.82,611.37,1460.05,561.55,1432.24,569.76,1425.15,592.00,1505.30,625.25,1475.59,582.82,1453.12,585.91,1447.48,600.59
EK_0142_P26_02_frame_0000025346_r.jpg,1,580.36,729.88,640.58,679.66,687.89,601.82,730.56,552.62,767.46,525.64,592.49,524.13,683.45,491.46,737.35,498.51,775.45,510.19,585.44,538.04,678.08,523.62,721.20,540.82,750.06,559.33,590.00,561.35,672.16,557.09,705.28,569.79,726.14,584.29,599.24,583.21,661.96,580.84,687.79,591.43,704.40,603.49
EK_0142_P26_02_frame_0000025483_r.jpg,0,1356.70,706.31,1290.16,660.50,1273.37,588.76,1283.36,534.03,1279.73,493.39,1334.41,551.10,1313.53,494.88,1288.73,489.43,1276.87,499.28,1373.85,558.71,1345.88,502.47,1316.33,499.67,1301.24,513.51,1393.65,575.27,1362.35,533.65,1332.45,526.82,1318.64,534.34,1405.87,590.38,1375.22,554.38,1349.23,546.03,1334.26,548.50
EK_0142_P26_02_frame_0000025483_r.jpg,1,641.51,720.61,725.22,689.22,782.53,627.08,817.34,574.00,842.93,542.52,707.08,519.43,787.84,506.13,820.52,531.55,833.18,552.68,666.30,522.17,753.19,508.06,785.68,537.48,794.76,562.78,642.39,542.92,717.16,531.32,750.70,554.73,763.12,580.97,631.14,567.86,690.59,556.41,721.10,569.67,736.88,587.23
EK_0142_P26_02_frame_0000026578_l.jpg,0,1377.02,799.04,1299.39,776.81,1254.48,735.40,1221.19,723.37,1184.40,721.89,1323.24,635.04,1315.20,570.95,1294.06,548.70,1276.77,549.67,1367.44,642.26,1351.05,580.03,1324.97,571.02,1306.19,576.77,1398.21,661.25,1379.81,613.65,1353.44,602.71,1334.66,602.99,1416.17,686.70,1397.95,644.24,1372.78,635.05,1357.49,638.21
EK_0142_P26_02_frame_0000027233_r.jpg,0,750.37,540.02,812.31,480.39,830.05,392.29,846.57,318.87,854.76,260.00,689.06,330.69,623.84,235.27,593.64,171.81,572.81,123.74,656.08,345.30,603.53,249.61,587.67,181.78,580.80,132.36,642.31,359.00,599.19,275.11,591.83,218.68,590.17,175.76,639.98,366.75,609.13,297.46,597.35,251.78,593.17,218.07
EK_0142_P26_02_frame_0000027255_r.jpg,0,803.63,503.55,883.09,450.72,897.88,364.74,884.73,278.11,898.74,207.94,793.85,319.51,716.55,202.71,676.91,133.21,648.67,80.42,741.75,337.17,662.13,224.94,636.07,154.19,622.42,103.19,714.07,351.47,652.79,254.82,637.71,193.54,634.61,149.61,703.70,356.96,663.63,276.57,648.00,229.01,645.29,195.05
EK_0142_P26_02_frame_0000027328_r.jpg,0,1698.50,802.84,1638.99,742.16,1656.99,654.67,1701.48,572.81,1744.27,503.40,1825.77,671.99,1879.03,544.41,1849.72,467.69,1800.93,427.55,1859.34,675.78,1892.63,551.31,1847.20,476.98,1787.07,451.78,1863.16,667.63,1879.42,546.61,1830.83,481.69,1779.80,454.18,1852.60,650.70,1866.36,553.42,1837.30,496.48,1794.46,470.48
EK_0142_P26_02_frame_0000027413_l.jpg,0,798.34,1063.97,828.05,1031.02,874.99,993.75,927.89,973.52,969.96,959.45,876.16,929.87,929.32,905.28,956.32,917.44,969.72,937.41,887.19,953.56,939.87,944.29,953.67,965.70,958.68,988.71,894.29,983.35,942.72,980.60,953.74,1000.10,956.23,1019.16,896.00,1011.00,937.78,1009.76,949.02,1025.22,952.05,1040.21
EK_0143_P06_106_frame_0000000451_r.jpg,0,1308.22,488.58,1280.90,431.09,1252.84,378.74,1212.33,340.64,1182.82,313.59,1289.96,330.11,1219.15,306.77,1176.66,311.50,1154.41,323.73,1270.44,353.62,1206.79,333.69,1194.43,361.39,1199.03,387.60,1253.37,374.22,1203.12,359.62,1201.01,387.86,1212.45,410.83,1238.85,389.73,1204.28,385.23,1205.03,404.54,1216.97,419.10
EK_0143_P06_106_frame_0000000836_r.jpg,0,925.54,961.80,847.49,955.79,800.38,902.24,772.85,852.49,742.19,827.62,819.97,837.31,770.53,780.28,748.23,767.28,736.79,760.59,859.24,817.00,809.31,758.54,787.16,770.57,781.68,788.56,890.79,813.76,842.07,772.90,820.28,785.61,815.51,802.01,912.36,819.05,878.47,795.36,859.06,802.77,851.69,816.71
EK_0143_P06_106_frame_0000001809_r.jpg,0,1526.68,1050.09,1528.33,979.39,1516.57,911.41,1490.62,862.28,1483.75,822.35,1546.25,887.59,1492.94,846.96,1461.21,844.67,1449.82,855.40,1515.52,917.65,1454.99,885.75,1453.62,908.05,1468.43,921.82,1487.80,945.99,1436.20,921.49,1445.90,944.05,1465.13,952.22,1462.92,969.19,1424.97,948.83,1433.17,969.72,1452.85,977.65
EK_0143_P06_106_frame_0000002628_r.jpg,0,1230.28,934.52,1221.94,876.42,1198.56,820.40,1158.41,788.32,1126.24,765.85,1236.03,781.44,1192.41,737.50,1155.05,737.39,1130.45,750.65,1205.17,804.74,1167.68,763.28,1136.88,762.86,1115.19,772.05,1182.54,829.35,1146.45,794.57,1119.37,787.96,1098.75,786.57,1166.01,856.67,1134.56,831.12,1108.74,824.16,1090.81,819.38
EK_0143_P06_106_frame_0000002676_r.jpg,0,1243.12,857.39,1234.13,806.66,1205.39,763.87,1164.60,745.03,1134.42,729.66,1233.16,730.26,1195.53,697.37,1165.62,697.85,1143.73,707.59,1209.69,754.36,1174.90,726.71,1147.13,724.30,1126.75,729.88,1192.78,779.23,1159.59,756.85,1134.36,749.51,1114.17,746.81,1179.87,805.44,1148.39,786.71,1123.88,780.79,1106.35,774.28
EK_0143_P06_106_frame_0000002826_r.jpg,0,1038.60,805.74,1011.89,758.07,983.96,711.68,949.25,688.62,923.13,671.18,1023.17,662.04,973.11,635.12,940.41,642.40,918.68,656.97,1006.59,684.95,958.66,664.89,921.41,677.25,898.40,698.95,990.88,707.95,947.97,685.77,916.63,695.74,895.06,708.19,977.38,726.52,943.40,708.76,920.62,710.80,904.64,713.29
EK_0143_P06_106_frame_0000003001_l.jpg,0,1285.86,817.97,1248.64,755.22,1230.29,683.27,1198.25,627.12,1168.92,596.94,1296.46,624.00,1227.15,572.29,1178.09,578.13,1152.37,596.90,1284.68,637.70,1211.55,595.97,1163.89,609.27,1131.11,634.50,1267.95,655.25,1202.13,620.46,1158.44,630.73,1128.67,650.90,1254.76,671.90,1206.13,649.19,1177.22,655.68,1156.19,669.05
EK_0143_P06_106_frame_0000003001_l.jpg,1,290.64,736.97,437.11,709.40,519.91,621.90,567.96,517.45,604.11,450.92,437.24,486.40,532.61,459.12,535.35,524.26,511.00,562.10,366.32,461.47,471.94,446.38,482.36,498.30,459.61,534.47,312.03,465.27,409.59,446.45,423.19,490.80,402.04,529.51,269.66,479.72,346.89,461.52,362.73,495.63,352.64,527.02
EK_0143_P06_106_frame_0000003398_l.jpg,0,846.63,763.11,812.36,685.32,778.10,596.73,761.80,514.19,732.08,457.65,711.44,566.00,764.05,501.99,810.85,503.18,832.63,506.90,754.37,579.19,806.97,527.24,843.78,528.59,866.49,532.00,799.46,596.99,846.78,554.36,875.27,560.58,889.76,562.46,840.46,608.59,866.76,580.30,881.27,581.98,889.84,579.63
EK_0143_P06_106_frame_0000003430_l.jpg,0,396.97,528.37,368.30,479.13,314.10,421.03,274.30,366.31,242.92,328.67,233.27,437.22,255.82,354.12,300.09,356.62,325.41,374.50,249.90,439.83,282.69,364.93,327.54,377.47,352.22,397.52,276.70,441.21,314.17,380.38,347.63,396.13,363.45,416.78,301.95,444.29,334.51,399.77,356.75,410.93,365.01,425.94
EK_0143_P06_106_frame_0000003996_l.jpg,0,490.92,675.35,536.44,626.49,533.93,578.53,520.03,547.14,516.06,532.95,462.34,545.97,457.55,499.11,473.08,485.18,488.12,481.76,432.61,566.70,418.80,517.34,437.62,500.16,458.77,501.90,419.91,590.08,411.02,549.36,425.77,530.06,443.16,527.61,422.96,612.19,425.17,582.18,436.64,564.77,452.55,561.45
EK_0143_P06_106_frame_0000005084_l.jpg,0,349.99,890.37,338.31,818.08,341.63,737.62,357.52,674.74,372.08,635.28,261.68,707.58,272.73,640.56,302.62,609.77,335.13,603.13,306.27,721.27,345.20,659.82,397.27,643.45,442.85,636.11,346.91,737.09,391.59,689.03,440.16,665.51,483.07,654.57,383.08,753.51,420.40,715.48,452.89,697.60,485.07,683.45
EK_0143_P06_106_frame_0000005084_l.jpg,1,1024.32,765.86,924.82,768.84,862.38,711.52,830.50,632.17,810.06,580.98,908.96,644.49,828.65,564.64,805.57,564.19,805.62,576.14,955.74,609.91,866.83,540.04,846.06,566.61,851.48,593.88,990.26,591.84,904.08,535.09,882.53,560.78,886.74,587.41,1013.12,585.73,943.88,557.51,923.25,577.09,924.67,596.72
EK_0143_P06_106_frame_0000006151_r.jpg,0,1329.19,725.15,1232.82,701.76,1190.76,638.63,1173.61,568.69,1144.69,520.24,1243.13,568.76,1181.52,487.73,1158.73,479.25,1148.28,488.06,1295.82,549.91,1224.37,466.36,1195.24,477.92,1183.85,501.34,1335.75,548.87,1269.33,481.29,1237.88,495.27,1224.60,518.72,1361.99,557.16,1311.39,516.99,1276.43,524.97,1260.10,541.19
EK_0143_P06_106_frame_0000006151_r.jpg,1,237.48,1031.54,149.26,980.92,116.75,880.83,148.68,784.71,164.75,707.14,115.41,804.50,118.64,730.11,139.86,676.58,160.01,646.87,181.81,798.58,196.27,719.07,211.26,676.89,224.49,642.20,238.22,804.93,252.71,729.44,264.26,686.96,279.95,655.46,301.23,825.50,308.49,758.54,317.28,726.08,325.51,698.25
EK_0143_P06_106_frame_0000006801_r.jpg,0,1444.32,1082.99,1366.03,1024.21,1342.12,947.37,1336.44,881.92,1322.95,841.19,1428.64,889.05,1387.16,811.88,1349.10,803.38,1320.77,808.09,1466.84,888.69,1410.64,819.13,1369.79,812.01,1338.02,818.73,1483.62,898.06,1428.32,837.79,1392.83,831.51,1365.48,840.01,1484.39,908.82,1445.02,863.95,1415.07,853.24,1392.03,856.46
EK_0143_P06_106_frame_0000006840_r.jpg,0,835.67,717.78,855.53,666.00,838.23,615.38,808.80,587.42,777.53,578.29,810.53,566.48,774.57,510.60,752.06,475.26,732.85,451.23,783.07,576.37,753.68,540.03,754.86,548.35,757.22,558.22,755.55,595.00,733.40,561.37,741.97,578.53,751.33,597.09,729.03,617.06,709.69,585.66,718.74,597.79,729.26,614.92
EK_0143_P06_106_frame_0000006860_r.jpg,0,1121.71,710.72,1025.64,685.61,975.28,628.77,953.29,585.51,946.08,567.27,1032.56,543.71,977.14,519.79,953.19,551.80,949.82,578.01,1077.82,537.16,1018.53,526.88,994.54,558.50,993.23,582.95,1110.81,549.15,1054.51,537.29,1034.64,561.68,1036.95,585.49,1128.92,567.85,1083.64,557.59,1067.72,574.79,1069.67,594.14
EK_0143_P06_106_frame_0000008042_r.jpg,0,632.25,1091.83,725.84,1102.30,813.59,1044.14,866.98,962.75,921.19,910.98,722.53,961.93,845.32,870.21,901.84,869.73,931.21,880.55,683.65,909.30,830.62,825.28,879.09,860.73,892.18,891.50,673.19,876.82,809.07,800.77,853.57,841.25,867.53,875.57,679.10,863.66,781.84,808.12,827.55,832.39,847.48,856.34
EK_0143_P06_106_frame_0000008141_l.jpg,0,1058.68,1065.73,975.47,1086.50,895.94,1063.81,826.74,1028.01,763.86,1016.65,930.12,936.02,858.44,845.93,804.71,831.21,764.86,834.72,969.87,892.98,871.18,829.93,817.63,848.05,786.77,875.23,990.12,871.70,893.53,826.32,847.64,846.70,816.35,873.56,995.67,864.34,918.30,834.11,876.77,844.39,844.36,862.38
EK_0145_P28_05_frame_0000001471_r.jpg,0,909.48,1027.56,916.60,1049.76,911.96,1061.10,915.81,1039.67,922.85,1005.96,851.61,1066.91,823.42,1071.38,826.48,1070.26,834.88,1067.41,838.86,1037.44,803.57,1027.81,806.04,1028.08,819.11,1028.71,841.12,1006.30,803.81,986.01,804.29,981.73,813.92,979.91,855.95,979.95,834.74,947.12,824.07,933.41,818.81,923.80
EK_0145_P28_05_frame_0000002773_r.jpg,0,893.82,996.30,965.41,945.71,1001.40,884.02,1029.22,842.05,1045.44,811.22,894.14,824.74,901.27,782.20,919.02,780.16,933.60,792.32,862.47,849.00,899.30,822.92,929.41,838.67,944.35,853.56,847.39,879.92,875.36,855.02,903.89,860.80,921.43,874.32,844.01,908.62,862.65,881.36,885.16,883.73,900.40,895.75
EK_0145_P28_05_frame_0000004452_r.jpg,0,1312.55,1006.29,1235.20,988.70,1200.19,930.15,1188.51,861.89,1165.31,817.33,1247.04,890.47,1208.12,799.70,1182.24,763.54,1162.47,743.85,1292.61,875.11,1255.00,776.95,1219.96,744.12,1192.28,734.39,1326.12,870.56,1298.70,780.08,1265.85,748.83,1237.14,740.43,1348.93,874.42,1346.35,807.21,1325.45,771.99,1300.67,753.68
EK_0145_P28_05_frame_0000005487_r.jpg,0,1387.09,1053.24,1317.56,1039.53,1262.28,983.92,1221.27,924.36,1181.42,890.35,1328.41,931.85,1265.85,851.39,1225.54,825.34,1195.72,814.62,1359.68,910.04,1288.40,821.64,1237.22,799.26,1201.04,793.94,1376.81,900.11,1316.57,816.63,1265.72,797.56,1227.92,797.63,1383.60,899.39,1340.28,834.18,1301.94,814.11,1272.79,810.77
EK_0145_P28_05_frame_0000005870_r.jpg,0,1388.40,792.77,1317.24,818.67,1248.51,783.94,1196.10,747.29,1150.98,735.02,1272.66,707.97,1181.11,675.72,1147.34,693.15,1140.33,712.26,1301.35,673.09,1204.00,627.07,1160.30,647.59,1144.28,670.49,1325.15,657.85,1243.90,604.51,1206.59,623.54,1195.05,645.59,1342.20,657.04,1282.65,615.07,1247.43,622.70,1233.74,638.42
EK_0145_P28_05_frame_0000008066_l.jpg,0,1346.23,935.21,1278.15,926.43,1239.66,872.60,1214.90,814.26,1178.28,785.50,1295.91,808.54,1244.98,736.01,1208.67,712.05,1180.13,699.06,1320.73,794.98,1270.56,717.27,1226.35,699.04,1194.27,695.94,1329.90,794.72,1285.68,733.09,1246.69,715.44,1218.42,710.02,1328.46,799.27,1292.86,757.12,1262.75,740.97,1240.02,734.46
EK_0145_P28_05_frame_0000008352_r.jpg,0,1552.03,915.47,1476.74,884.94,1442.52,821.46,1431.85,765.41,1421.98,724.31,1522.50,768.15,1539.93,694.10,1516.39,672.99,1494.13,680.26,1564.38,776.93,1577.90,699.99,1547.11,683.29,1524.80,689.75,1587.31,791.09,1593.76,726.11,1567.32,707.39,1545.56,708.04,1597.12,805.06,1600.28,753.79,1578.73,731.79,1560.16,727.89
EK_0145_P28_05_frame_0000008586_l.jpg,0,1520.63,913.51,1446.85,891.02,1423.34,846.28,1428.39,800.32,1419.98,776.72,1482.05,777.31,1520.84,733.32,1506.26,748.89,1491.72,767.85,1524.88,793.20,1551.26,749.59,1533.34,758.96,1521.82,775.71,1553.07,820.33,1572.01,778.14,1555.91,784.71,1546.41,800.64,1571.98,850.19,1579.98,816.08,1566.16,820.74,1558.76,835.19
EK_0145_P28_05_frame_0000012619_l.jpg,0,1283.06,883.13,1222.43,881.67,1180.46,848.96,1145.10,826.39,1113.50,810.08,1206.94,769.66,1170.71,726.12,1146.88,705.43,1130.93,696.39,1245.97,757.69,1211.82,705.74,1184.40,694.97,1168.43,695.90,1278.47,761.25,1254.13,710.07,1227.88,700.64,1212.27,702.23,1303.04,772.75,1289.36,726.99,1267.83,716.37,1253.14,718.04
EK_0145_P28_05_frame_0000013868_r.jpg,0,798.17,980.93,852.53,946.08,864.05,892.91,857.92,856.33,857.18,836.36,802.73,853.92,831.68,815.06,851.02,838.74,851.61,860.00,775.21,868.95,812.48,837.25,833.62,855.26,835.03,872.61,765.05,890.85,801.52,865.88,821.66,878.57,823.51,893.50,762.66,912.43,795.01,891.27,811.27,898.47,815.22,909.97
EK_0145_P28_05_frame_0000015611_r.jpg,0,1358.43,1080.41,1287.87,1052.39,1245.18,992.95,1216.35,936.13,1186.03,900.45,1296.88,941.75,1231.95,875.66,1197.86,866.65,1175.67,866.88,1334.43,921.84,1260.81,844.28,1216.65,838.36,1188.60,847.01,1359.57,916.41,1301.00,838.39,1259.85,827.22,1232.97,833.59,1373.15,922.34,1335.66,865.73,1303.72,850.13,1281.24,850.30
EK_0145_P28_05_frame_0000015974_r.jpg,0,1459.92,1084.25,1427.26,1044.68,1413.80,990.65,1404.04,952.28,1394.01,924.24,1500.05,983.62,1488.75,934.55,1460.35,953.56,1450.25,976.64,1539.85,1003.94,1520.58,966.03,1488.24,985.48,1473.18,1006.30,1563.81,1027.99,1541.47,995.42,1512.57,1011.20,1498.35,1028.83,1579.39,1054.20,1563.34,1026.05,1536.67,1034.15,1520.87,1046.06
EK_0145_P28_05_frame_0000026244_l.jpg,0,1253.35,986.84,1181.96,1011.02,1113.84,993.90,1068.55,969.40,1028.07,966.74,1107.48,877.50,1057.37,807.75,1031.29,766.72,1013.98,737.17,1141.03,842.82,1090.79,766.61,1058.48,722.60,1035.22,689.88,1173.09,823.46,1130.04,757.48,1098.85,718.32,1074.99,686.48,1199.16,816.24,1166.30,761.73,1144.53,730.40,1126.24,705.65
EK_0145_P28_05_frame_0000026526_r.jpg,0,1298.60,1074.91,1227.17,1053.59,1184.07,1001.61,1149.99,954.79,1111.51,939.85,1204.82,949.24,1152.98,873.93,1129.10,856.17,1120.34,857.53,1246.70,930.05,1192.09,849.48,1167.21,851.65,1160.75,865.81,1283.21,925.28,1236.01,850.04,1208.17,856.17,1200.07,871.12,1312.01,931.35,1277.49,871.16,1251.23,870.81,1242.44,885.14
EK_0145_P28_05_frame_0000026619_r.jpg,0,1286.94,908.03,1216.43,903.96,1171.06,850.01,1144.18,791.87,1113.08,763.38,1209.76,810.32,1152.20,728.07,1122.70,696.74,1106.56,684.86,1252.47,788.13,1190.50,696.80,1154.65,681.64,1136.12,685.58,1288.28,775.70,1238.80,686.82,1207.48,684.02,1192.80,696.71,1316.95,773.81,1289.51,706.71,1266.33,703.16,1255.22,715.22
EK_0145_P28_05_frame_0000029399_l.jpg,0,1259.51,856.82,1186.68,838.53,1142.67,790.36,1117.40,746.87,1103.88,715.78,1186.58,711.50,1134.36,659.89,1105.76,667.25,1095.75,682.36,1228.31,698.76,1170.84,638.83,1133.90,643.32,1118.50,658.41,1261.01,703.93,1216.50,643.42,1181.73,645.61,1166.33,660.82,1283.50,719.81,1255.58,668.15,1226.58,663.79,1212.55,675.16
EK_0145_P28_05_frame_0000029399_l.jpg,1,1031.10,1107.17,1100.66,1060.99,1108.52,984.37,1087.64,924.90,1082.65,880.86,1030.32,925.18,1031.44,884.15,1049.18,891.77,1063.27,909.81,988.33,947.37,1014.57,925.95,1038.64,942.62,1050.97,959.05,967.49,979.65,993.95,952.50,1016.72,962.13,1028.38,977.03,960.45,1010.30,980.74,981.33,1000.02,985.50,1011.88,996.37
EK_0149_P29_04_frame_0000000988_l.jpg,0,610.56,1005.73,686.95,999.28,728.82,948.54,742.48,894.39,743.83,857.82,718.90,903.70,764.51,843.77,778.79,816.66,779.80,800.36,673.78,878.89,725.78,808.53,738.43,815.30,730.76,835.35,631.32,870.29,675.40,813.51,686.47,830.88,679.25,854.08,597.32,873.18,633.55,840.95,646.52,856.02,643.49,873.55
EK_0149_P29_04_frame_0000000988_l.jpg,1,1134.90,940.50,1053.48,945.65,990.11,913.23,947.97,877.73,907.39,870.39,1015.98,805.25,974.53,753.67,954.48,754.55,946.15,769.14,1054.75,790.38,1009.44,749.24,986.01,755.77,975.73,770.16,1086.36,791.40,1046.62,756.51,1022.56,756.14,1010.27,767.04,1110.38,798.89,1079.70,765.32,1055.66,761.04,1043.24,767.67
EK_0149_P29_04_frame_0000001126_l.jpg,0,1075.66,915.58,994.16,910.79,943.47,865.68,911.37,822.20,890.21,792.39,942.67,789.82,891.25,729.77,877.66,739.72,880.50,759.11,983.51,763.85,925.75,710.70,910.66,733.07,916.68,754.94,1020.31,752.06,965.86,699.85,947.79,719.73,951.49,740.96,1049.92,751.44,1011.91,705.13,992.52,714.20,992.05,730.28
EK_0149_P29_04_frame_0000002177_l.jpg,0,1052.80,907.38,974.03,891.11,920.92,826.29,876.50,780.64,836.35,772.50,977.38,734.17,906.23,701.64,872.22,723.93,855.66,738.82,1010.18,720.88,939.54,670.58,891.32,675.81,859.14,689.43,1027.35,729.25,959.43,693.57,913.66,705.07,885.83,726.78,1030.53,748.07,974.57,731.96,939.36,742.49,914.72,760.90
EK_0149_P29_04_frame_0000002177_l.jpg,1,403.78,839.62,484.15,850.22,560.13,797.30,618.42,753.83,670.10,747.41,534.81,700.01,627.52,692.95,664.35,714.74,681.80,734.27,508.66,662.74,608.54,634.81,649.86,660.52,665.57,687.69,484.35,647.35,567.49,604.47,612.35,616.89,638.19,631.33,467.27,649.33,527.62,614.14,565.92,616.36,592.09,624.41
EK_0149_P29_04_frame_0000002656_l.jpg,0,520.28,1066.97,513.91,1044.98,531.66,1004.52,558.81,971.45,580.00,945.98,555.41,936.32,588.31,890.35,626.42,861.41,658.86,843.40,589.60,948.80,634.06,902.45,676.71,877.81,716.03,860.66,611.06,973.42,653.36,937.12,690.27,916.76,724.41,898.95,621.19,1003.92,651.63,991.33,666.47,985.12,681.12,979.94
EK_0149_P29_04_frame_0000004550_r.jpg,0,1451.50,472.14,1327.12,476.81,1237.73,413.10,1187.58,357.00,1153.71,339.94,1311.31,269.64,1251.43,225.88,1223.73,268.82,1219.37,314.82,1374.39,258.63,1297.46,253.20,1262.30,299.12,1257.62,335.32,1420.12,273.88,1342.74,269.30,1309.25,304.27,1304.21,340.33,1451.50,297.82,1390.94,292.94,1356.12,314.29,1344.14,344.84
EK_0149_P29_04_frame_0000004618_r.jpg,0,1630.41,667.51,1569.36,599.03,1464.13,501.96,1356.36,439.31,1284.92,378.41,1450.45,341.51,1316.92,265.47,1223.51,258.87,1159.28,260.22,1404.09,390.15,1269.75,325.48,1213.32,382.11,1200.32,436.19,1363.39,436.90,1241.24,375.36,1212.23,440.07,1217.84,487.40,1340.98,477.39,1243.75,447.59,1215.84,478.67,1218.82,505.92
EK_0149_P29_04_frame_0000005010_r.jpg,0,1215.63,1132.00,1092.75,1102.64,1002.43,1031.56,936.34,966.65,880.75,907.42,1082.03,928.58,1001.99,854.00,954.38,849.37,931.96,868.00,1136.99,899.90,1057.82,815.57,1005.04,797.94,969.93,804.96,1176.91,895.05,1107.45,816.45,1058.22,799.89,1027.47,812.32,1201.12,900.30,1146.65,832.59,1109.85,814.30,1082.61,822.45
EK_0149_P29_04_frame_0000005188_l.jpg,0,868.46,690.72,926.90,693.71,960.95,661.97,981.99,637.66,999.68,625.89,920.77,585.51,932.26,542.29,945.30,546.46,950.12,566.33,884.69,583.79,909.38,574.47,917.10,594.25,915.76,607.48,856.72,598.23,884.10,591.98,893.89,603.66,891.25,616.99,839.70,619.36,862.29,611.96,872.06,621.49,870.30,631.49
EK_0149_P29_04_frame_0000005468_l.jpg,0,655.22,884.46,711.78,847.95,763.96,809.64,802.66,788.34,831.56,772.81,708.15,737.15,760.94,743.04,785.62,769.32,794.91,792.31,692.61,758.16,748.88,780.02,779.38,812.20,796.25,842.13,683.52,787.88,736.22,812.80,768.82,837.12,784.36,860.80,675.97,815.09,722.30,835.78,748.99,851.01,766.05,866.79
EK_0149_P29_04_frame_0000005468_l.jpg,1,1061.28,945.24,986.58,926.93,952.88,866.43,944.22,813.04,922.11,782.81,1004.61,799.05,965.91,758.10,946.04,742.96,935.57,730.78,1048.22,795.62,1012.55,742.97,985.11,751.77,973.79,769.50,1078.41,808.21,1042.69,766.94,1012.86,772.57,1001.03,784.89,1097.49,827.45,1065.18,804.53,1039.16,807.03,1025.50,816.88
EK_0149_P29_04_frame_0000005692_l.jpg,0,625.22,805.54,666.44,750.48,675.53,678.78,692.21,624.15,718.56,585.51,568.30,658.22,613.61,599.41,650.00,577.93,673.65,568.03,546.15,665.83,595.26,614.85,630.87,594.08,657.07,581.17,541.13,677.53,585.46,630.74,616.30,612.21,640.63,600.68,545.92,687.37,577.13,647.47,603.77,631.70,626.77,623.94
EK_0149_P29_04_frame_0000005747_l.jpg,0,606.15,853.99,665.27,817.99,692.56,759.26,719.48,712.83,748.80,686.45,604.05,716.53,623.16,655.25,645.44,665.98,652.00,683.95,575.91,721.85,600.81,665.03,622.90,670.54,629.16,685.04,563.09,730.90,588.89,678.35,607.76,684.41,612.55,697.48,561.25,738.26,583.17,693.53,597.96,695.89,604.79,706.14
EK_0149_P29_04_frame_0000007374_r.jpg,0,499.56,1087.12,562.86,1022.58,635.12,970.26,701.78,946.05,754.26,931.19,579.34,869.49,679.34,885.53,724.01,920.62,747.97,954.91,583.51,907.61,679.91,934.75,695.71,990.97,686.41,1039.39,592.78,948.63,669.15,972.82,683.39,1017.38,676.10,1054.97,601.66,980.79,650.70,996.83,665.44,1026.25,668.20,1053.71
EK_0149_P29_04_frame_0000008215_r.jpg,0,995.69,825.14,923.63,831.31,864.77,791.02,837.21,743.30,825.47,710.04,902.59,710.39,857.24,662.32,832.08,677.35,821.80,698.32,934.18,697.57,885.35,668.26,855.87,688.20,846.97,712.49,956.24,703.24,909.89,683.75,882.27,699.84,872.24,719.55,970.02,711.74,929.42,694.90,903.45,706.79,892.40,723.36
EK_0149_P29_04_frame_0000009100_r.jpg,0,1317.82,696.64,1226.98,716.78,1140.76,693.43,1085.29,670.51,1052.75,654.56,1161.52,574.03,1095.18,590.23,1078.68,621.07,1078.63,638.47,1206.83,550.99,1147.17,562.90,1129.43,593.42,1131.34,618.36,1249.70,549.51,1200.17,549.72,1182.11,574.72,1184.03,598.14,1289.02,560.28,1244.94,562.97,1226.75,581.49,1224.53,601.33
EK_0149_P29_04_frame_0000009390_l.jpg,0,1061.56,324.59,951.55,289.69,914.13,194.21,900.10,112.91,861.03,72.24,992.40,96.45,929.14,20.95,892.29,53.83,891.16,87.24,1045.49,97.35,975.93,42.29,932.58,67.06,921.28,91.29,1076.23,118.93,1012.28,79.71,978.26,100.73,973.45,128.06,1088.67,140.79,1033.04,108.47,1008.82,123.96,1007.26,147.62
EK_0149_P29_04_frame_0000009430_l.jpg,0,320.97,1038.69,369.70,973.52,383.92,887.47,400.23,822.07,418.24,771.46,259.24,876.66,278.48,808.27,301.36,776.82,320.81,759.64,226.85,890.05,251.32,830.03,275.89,799.93,298.38,779.07,212.26,903.72,236.60,848.23,259.00,820.85,279.37,802.24,211.01,913.16,229.15,866.14,248.08,842.29,266.70,827.43
EK_0149_P29_04_frame_0000010263_l.jpg,0,250.50,972.27,318.93,924.24,350.07,841.79,372.20,779.47,398.47,726.91,255.16,790.92,275.71,714.69,305.52,680.05,326.52,661.54,230.30,800.89,256.56,732.76,287.31,699.38,316.11,677.65,221.27,813.12,248.58,755.09,274.59,720.31,300.48,693.37,226.56,825.78,246.24,769.49,268.51,737.62,290.28,716.34
EK_0151_P30_07_frame_0000000452_l.jpg,0,1375.80,956.45,1312.91,954.88,1254.80,950.73,1201.60,957.81,1151.55,952.06,1247.94,883.25,1201.68,890.71,1171.66,903.20,1156.41,914.73,1260.20,893.54,1212.62,912.91,1189.50,938.43,1179.63,955.98,1273.74,911.99,1235.65,929.12,1215.81,948.26,1206.31,960.45,1281.92,936.26,1247.51,954.45,1226.56,969.98,1214.12,979.93
EK_0151_P30_07_frame_0000000679_r.jpg,0,1420.07,1039.27,1405.40,974.68,1367.88,919.48,1331.08,892.37,1303.93,883.29,1345.42,908.48,1304.50,893.84,1293.96,901.55,1292.56,905.28,1326.55,938.26,1284.28,938.30,1269.28,941.83,1261.73,938.20,1315.35,971.87,1264.70,969.32,1229.34,959.48,1202.57,947.18,1309.08,1006.31,1260.55,1010.55,1230.57,1012.60,1204.69,1010.47
EK_0151_P30_07_frame_0000001993_r.jpg,0,1212.98,997.54,1155.39,984.53,1108.74,929.17,1079.85,884.32,1060.29,855.45,1156.05,870.44,1100.85,848.74,1087.14,880.23,1093.28,897.84,1181.96,870.10,1126.67,862.93,1109.29,894.78,1116.88,912.81,1200.41,882.02,1145.81,876.78,1127.21,902.16,1135.44,916.92,1208.30,894.10,1164.07,889.85,1147.84,912.53,1154.53,926.44
EK_0151_P30_07_frame_0000002073_r.jpg,0,1193.72,917.13,1129.82,903.50,1088.95,851.22,1061.15,806.43,1032.47,776.47,1135.54,788.35,1078.66,754.14,1057.86,774.02,1057.44,792.09,1156.41,784.26,1096.88,758.99,1077.42,783.79,1078.22,803.68,1169.57,793.44,1114.11,774.68,1096.50,798.52,1100.21,818.08,1171.88,801.64,1128.23,789.47,1114.50,808.26,1117.67,825.26
EK_0151_P30_07_frame_0000002163_r.jpg,0,1039.38,904.92,976.90,896.67,941.79,850.48,923.14,803.06,901.50,774.32,984.44,789.07,935.02,734.92,915.72,752.47,916.71,770.33,1014.49,779.05,963.99,729.11,943.35,752.04,944.54,771.57,1033.13,783.78,987.44,741.33,967.64,760.08,968.95,777.21,1041.62,792.06,1003.49,760.61,987.87,773.27,992.22,787.61
EK_0151_P30_07_frame_0000003437_l.jpg,0,1185.60,696.05,1145.32,679.68,1124.82,635.47,1114.07,596.12,1095.24,568.43,1159.64,600.61,1141.21,556.15,1121.96,545.51,1110.48,547.54,1180.35,601.76,1158.20,563.31,1132.19,554.85,1116.17,561.00,1190.73,610.14,1161.41,590.54,1137.71,589.81,1124.93,596.10,1195.84,617.96,1168.22,601.86,1149.67,604.25,1138.56,611.49
EK_0151_P30_07_frame_0000004560_r.jpg,0,1184.49,596.39,1120.15,599.35,1073.93,568.11,1046.73,527.73,1045.47,499.51,1082.78,500.92,1054.84,468.30,1060.44,492.38,1072.11,509.55,1121.79,483.61,1088.05,463.18,1088.82,484.52,1100.20,501.18,1157.61,479.38,1127.03,467.11,1125.03,483.82,1134.39,499.54,1187.25,480.83,1161.06,471.20,1159.13,486.94,1168.21,499.57
EK_0151_P30_07_frame_0000004872_r.jpg,0,1821.44,410.80,1796.28,305.65,1741.57,251.41,1682.02,226.05,1639.46,226.83,1682.15,290.74,1631.97,278.64,1619.99,275.59,1622.38,273.91,1672.23,330.27,1610.43,319.03,1604.38,315.53,1621.20,314.90,1667.75,370.53,1608.27,359.73,1609.82,351.61,1643.60,350.50,1671.62,413.62,1627.80,402.59,1626.42,389.25,1650.34,376.89
EK_0151_P30_07_frame_0000005647_r.jpg,0,799.84,989.10,870.57,982.39,891.97,917.92,894.13,853.39,915.51,816.37,812.97,891.74,849.96,799.26,884.08,780.39,903.06,789.84,769.05,880.14,822.20,786.97,863.71,780.02,884.97,791.79,747.56,874.16,795.44,790.68,839.31,783.99,862.94,794.18,740.31,871.71,777.21,809.73,813.37,798.73,835.64,799.67
EK_0151_P30_07_frame_0000005647_r.jpg,1,1365.68,847.73,1275.12,808.48,1223.82,733.66,1182.32,680.52,1147.79,642.29,1318.03,639.38,1225.39,626.92,1178.37,659.06,1158.08,687.77,1349.68,646.78,1235.94,668.58,1181.78,723.22,1157.56,775.51,1363.23,669.78,1253.89,690.25,1202.78,739.42,1180.88,792.37,1368.46,692.13,1292.52,710.37,1251.05,744.31,1229.03,781.32
EK_0151_P30_07_frame_0000005840_r.jpg,0,1063.13,475.10,1004.31,471.17,975.27,441.19,964.35,419.89,955.18,418.31,1013.52,367.25,1005.04,346.80,1000.22,362.95,1001.19,381.54,1045.43,365.04,1031.84,359.61,1024.08,377.40,1024.06,394.36,1071.98,375.98,1058.68,376.79,1049.18,390.62,1048.51,405.82,1095.12,389.91,1080.50,390.22,1072.02,400.58,1071.09,412.65
EK_0151_P30_07_frame_0000007058_r.jpg,0,932.55,873.88,998.41,860.81,1025.81,812.91,1023.98,763.07,1016.58,729.44,1015.94,795.07,1026.71,720.90,1032.59,681.27,1035.56,652.23,976.00,781.70,994.87,703.94,1005.86,663.52,1014.58,636.90,938.76,774.55,960.82,700.21,974.77,661.99,985.36,637.01,908.18,772.20,924.42,713.06,936.96,682.48,947.08,659.69
EK_0151_P30_07_frame_0000007058_r.jpg,1,1164.84,655.46,1113.30,665.56,1071.82,642.24,1044.73,630.66,1022.15,634.88,1089.71,565.06,1052.82,525.37,1039.03,546.04,1044.94,568.75,1123.44,549.24,1093.61,504.56,1074.86,524.65,1073.79,548.14,1150.14,552.16,1119.57,525.21,1099.23,544.18,1096.61,565.02,1167.92,565.63,1137.88,556.31,1120.38,569.96,1116.75,584.68
EK_0151_P30_07_frame_0000007358_l.jpg,0,1113.52,734.61,1090.02,693.35,1041.37,669.25,995.49,665.49,965.23,656.02,1038.04,648.84,993.57,645.83,967.73,655.51,953.38,665.36,1038.29,678.61,998.18,675.43,968.04,681.75,950.14,693.48,1043.00,707.47,1001.86,710.72,970.45,717.23,948.26,726.40,1050.25,733.10,1012.45,742.69,986.89,753.01,966.53,759.99
EK_0151_P30_07_frame_0000007358_l.jpg,1,809.71,789.22,867.71,785.27,906.17,751.63,928.74,712.93,928.80,681.81,839.42,684.97,902.41,646.97,928.51,664.86,933.21,683.45,808.26,673.09,879.32,651.25,903.34,675.19,903.12,694.17,790.95,675.41,859.39,660.13,881.00,681.21,881.80,699.11,783.78,682.70,840.49,667.42,859.73,682.51,861.77,698.34
EK_0151_P30_07_frame_0000007405_r.jpg,0,1122.39,747.56,1056.94,731.70,1007.21,694.86,976.14,669.88,955.37,653.05,1064.41,621.19,1027.51,593.75,1003.34,612.85,992.25,638.28,1089.02,625.71,1035.72,638.89,1001.08,672.93,989.52,712.29,1104.56,644.53,1045.20,664.06,1011.46,692.67,1000.39,723.22,1116.26,663.07,1066.41,676.87,1035.02,699.83,1021.43,725.33
EK_0151_P30_07_frame_0000007405_r.jpg,1,781.03,857.50,844.30,817.09,865.21,758.15,869.09,705.89,853.72,676.76,764.71,724.22,808.23,649.98,846.18,654.52,859.80,669.30,732.33,725.96,787.70,655.64,824.28,669.83,830.49,692.27,720.25,734.74,774.06,673.33,804.80,686.17,808.70,708.68,719.04,745.57,759.59,696.30,782.89,703.02,788.48,720.63
EK_0151_P30_07_frame_0000008343_r.jpg,0,1200.03,628.53,1190.87,575.65,1194.00,527.64,1191.01,499.20,1182.10,484.60,1268.20,533.67,1266.55,491.01,1257.75,473.39,1251.68,462.54,1268.80,542.92,1251.69,499.03,1229.22,474.43,1205.80,463.41,1261.15,552.92,1245.91,512.63,1222.29,492.98,1199.91,483.73,1253.76,559.98,1240.31,529.21,1224.17,516.85,1206.32,513.25
EK_0151_P30_07_frame_0000009182_l.jpg,0,1354.38,881.92,1265.79,892.84,1189.62,858.84,1144.59,826.66,1125.13,804.36,1242.90,761.28,1173.08,698.68,1131.31,695.54,1106.32,700.88,1270.19,733.41,1190.40,673.11,1145.66,679.62,1122.36,698.41,1283.37,727.20,1209.61,683.75,1167.60,689.01,1144.80,705.48,1282.68,734.73,1224.00,703.72,1187.38,702.88,1166.76,714.73
EK_0151_P30_07_frame_0000009270_r.jpg,0,1306.29,844.62,1222.28,820.31,1167.61,756.94,1118.31,697.10,1078.86,656.37,1279.96,665.61,1261.65,558.90,1210.29,571.93,1184.70,605.65,1308.65,659.87,1270.54,559.64,1206.36,580.42,1184.32,611.94,1318.58,663.95,1276.40,576.63,1222.68,597.46,1204.69,629.87,1316.63,669.08,1279.19,600.94,1236.62,611.13,1222.16,638.83
EK_0151_P30_07_frame_0000009270_r.jpg,1,635.65,887.83,665.74,882.30,688.81,834.16,723.94,773.36,756.43,716.18,643.81,738.21,729.30,668.43,785.50,646.34,829.08,632.23,635.17,716.87,704.79,635.62,763.49,605.48,810.74,591.79,639.71,714.01,701.09,649.86,742.23,639.26,772.14,638.92,654.36,718.88,701.93,682.86,733.39,681.42,755.65,683.46
EK_0151_P30_07_frame_0000009611_l.jpg,0,1536.69,1033.67,1448.47,1015.61,1401.88,930.59,1372.89,859.45,1333.82,809.77,1471.56,848.79,1402.52,779.14,1364.76,785.03,1350.10,800.81,1512.27,844.39,1438.46,794.85,1399.37,809.26,1384.92,828.84,1531.91,857.02,1461.71,821.05,1427.44,833.75,1414.76,850.27,1538.50,865.70,1480.32,838.65,1448.32,849.60,1435.08,865.76
EK_0151_P30_07_frame_0000009611_l.jpg,1,681.67,686.34,740.35,672.81,770.63,630.70,774.51,584.25,768.38,553.15,727.57,589.00,742.80,546.89,749.19,562.31,746.35,582.08,690.27,581.46,711.54,541.47,720.30,556.87,716.02,574.94,660.75,582.32,682.11,546.28,691.10,559.27,687.76,575.86,639.03,587.72,657.83,554.04,665.06,562.35,664.31,574.97
EK_0151_P30_07_frame_0000010992_r.jpg,0,1242.99,575.54,1185.44,519.85,1158.65,447.96,1130.36,396.95,1099.80,357.20,1270.68,399.13,1246.53,329.79,1219.80,309.56,1198.01,299.74,1298.88,413.83,1248.74,363.70,1204.66,353.13,1173.82,353.36,1305.22,434.95,1251.95,398.23,1213.60,390.95,1185.57,392.96,1301.83,450.58,1260.44,421.63,1229.02,417.96,1204.51,426.71
EK_0151_P30_07_frame_0000010992_r.jpg,1,715.66,1000.48,789.74,977.03,824.65,929.00,834.67,874.69,831.93,838.07,751.08,882.77,792.43,825.01,805.12,859.40,795.02,886.23,709.96,876.80,761.67,823.79,780.16,851.74,771.20,872.96,682.18,882.51,733.17,834.53,750.81,856.41,742.56,875.97,663.31,892.28,704.68,853.45,722.13,867.72,718.59,885.32
EK_0151_P30_07_frame_0000011819_l.jpg,0,506.68,1006.69,547.91,936.49,555.32,876.56,544.26,823.04,528.97,786.51,457.71,867.84,458.56,799.44,488.22,814.40,501.14,841.04,419.35,892.68,432.31,823.98,462.10,834.57,471.98,858.55,397.41,919.29,410.90,852.51,436.20,860.52,446.46,884.35,387.01,944.23,398.47,892.63,419.43,895.92,428.38,914.09
EK_0151_P30_07_frame_0000011919_l.jpg,0,587.05,1001.47,622.61,933.25,631.77,877.80,618.41,828.41,602.32,788.74,539.93,873.87,535.73,801.22,563.04,816.11,576.99,843.70,499.01,898.76,507.13,823.33,533.98,833.15,543.98,857.25,474.44,923.15,484.54,850.76,509.30,857.79,520.98,880.89,462.48,945.24,471.53,890.18,492.65,892.42,503.43,910.75
EK_0151_P30_07_frame_0000012019_l.jpg,0,596.72,996.09,637.93,927.88,647.16,871.27,640.32,817.62,631.66,778.75,561.37,858.91,561.93,782.99,590.12,800.78,601.00,829.54,519.97,879.65,533.84,806.29,562.26,819.26,570.14,843.60,495.47,903.73,511.01,835.71,535.73,844.75,543.69,868.84,482.93,927.18,498.05,876.90,518.38,880.31,524.57,897.94
EK_0151_P30_07_frame_0000012019_l.jpg,1,1348.55,508.35,1328.98,479.42,1308.67,448.85,1295.89,432.14,1299.02,434.69,1357.39,423.20,1376.73,415.85,1396.06,416.61,1413.12,419.18,1377.30,431.60,1397.14,422.93,1419.34,421.44,1438.85,424.94,1391.73,442.95,1411.17,432.40,1433.40,429.47,1451.96,431.31,1400.16,458.05,1418.83,447.87,1436.98,443.70,1453.91,442.49
EK_0151_P30_07_frame_0000013814_l.jpg,0,887.54,677.97,833.52,734.60,774.67,765.01,720.26,778.43,678.00,781.57,718.25,677.71,655.46,690.78,661.21,720.82,681.19,734.65,727.44,640.53,666.40,657.55,667.45,686.08,685.10,700.55,745.91,615.95,689.84,633.02,689.53,657.65,706.51,671.46,765.52,599.10,719.77,614.67,714.37,635.80,723.39,647.56
EK_frame_0000005597_l.jpg,0,1436.31,857.94,1336.58,859.24,1277.45,815.68,1245.82,767.49,1223.56,730.16,1281.42,711.82,1231.66,629.03,1211.17,584.73,1211.98,574.66,1336.30,685.63,1312.40,584.34,1299.18,573.76,1290.99,590.36,1387.02,680.11,1360.43,603.71,1342.11,609.84,1334.54,628.94,1431.51,686.75,1402.61,638.05,1382.79,644.75,1378.65,661.04
EK_frame_0000005647_r.jpg,0,1449.47,877.36,1354.96,882.99,1293.54,840.93,1258.80,796.20,1236.27,760.91,1292.92,763.81,1230.86,684.71,1197.87,637.34,1180.71,606.97,1343.77,735.45,1300.14,629.33,1281.42,595.97,1271.63,593.48,1395.31,721.41,1360.30,629.27,1334.05,608.46,1321.82,614.47,1440.73,721.06,1408.76,647.26,1381.46,637.52,1368.60,645.66
EK_frame_0000005647_r.jpg,1,914.30,711.00,987.12,742.85,1046.03,733.23,1080.41,722.90,1099.24,714.63,1090.82,632.37,1156.58,588.68,1185.56,586.45,1200.14,595.31,1060.19,600.49,1133.17,557.18,1164.15,564.57,1177.93,580.79,1030.79,584.96,1097.03,547.54,1126.42,553.76,1141.46,567.83,1007.46,584.20,1059.27,552.95,1086.19,553.34,1099.71,564.59
EK_frame_0000005672_l.jpg,0,881.87,685.95,952.36,721.68,1019.20,710.33,1066.60,692.80,1099.95,680.38,1058.88,607.38,1134.09,554.94,1164.62,553.04,1176.73,564.13,1029.05,571.34,1110.02,526.61,1140.52,540.45,1149.12,562.77,998.94,554.54,1073.60,518.54,1104.88,529.18,1115.73,547.04,973.58,552.33,1032.13,525.87,1063.79,529.66,1078.28,542.05
EK_frame_0000005722_r.jpg,0,692.32,719.57,773.06,707.01,835.41,669.16,890.93,656.27,938.61,646.53,779.40,560.67,824.48,494.01,862.19,499.23,877.47,523.58,752.38,555.61,820.95,522.04,859.35,554.01,871.76,593.59,736.42,564.62,794.89,545.19,835.63,570.10,852.70,602.93,729.94,577.83,777.98,564.21,809.86,581.02,825.89,604.63
EK_frame_0000005722_r.jpg,1,1351.97,639.89,1256.84,612.67,1216.46,525.33,1201.29,447.75,1188.25,388.15,1270.94,455.21,1219.04,366.17,1187.20,315.10,1162.52,274.32,1298.33,449.59,1245.12,360.66,1204.75,304.31,1176.05,262.85,1308.97,455.30,1261.80,369.54,1222.18,319.08,1192.30,279.49,1305.29,462.57,1272.96,394.15,1246.86,352.43,1224.97,318.81
EK_frame_0000005747_l.jpg,0,722.65,721.92,800.61,710.48,861.47,669.48,919.10,652.76,963.37,640.29,806.26,560.02,850.25,490.51,885.33,493.94,901.88,517.02,777.18,554.53,842.06,512.90,881.15,536.83,898.44,572.47,760.52,562.35,816.18,533.17,854.45,553.20,873.07,583.45,755.11,574.47,799.85,551.25,831.40,562.56,849.56,583.94
EK_frame_0000005747_l.jpg,1,1356.85,654.47,1254.04,646.96,1199.63,572.01,1174.18,491.98,1146.28,433.97,1235.35,485.90,1178.13,396.52,1146.03,344.84,1123.89,301.80,1272.48,468.26,1208.07,381.00,1165.31,327.72,1137.01,286.45,1298.37,466.63,1240.70,386.31,1201.31,340.71,1173.36,305.89,1315.07,473.77,1281.20,412.55,1255.62,373.73,1233.86,342.91
EK_frame_0000005772_r.jpg,0,736.69,737.05,818.27,728.58,878.28,684.77,931.30,661.91,976.60,653.64,828.02,573.90,868.13,500.88,899.44,489.70,920.63,493.85,794.09,566.12,845.58,502.00,882.73,496.09,909.96,505.14,773.14,571.19,822.65,523.05,856.85,517.29,881.09,523.94,765.56,582.84,805.45,544.63,835.37,537.58,857.66,543.24
EK_frame_0000005772_r.jpg,1,1337.52,666.82,1247.20,688.03,1173.82,629.80,1125.29,557.72,1083.59,508.04,1177.29,537.51,1102.08,470.99,1063.32,432.44,1037.50,397.13,1212.11,509.44,1132.07,449.32,1084.30,409.73,1055.36,373.63,1242.34,499.76,1169.90,444.25,1127.63,410.80,1100.40,380.95,1267.80,500.58,1216.88,452.46,1184.78,424.65,1161.65,401.18
EK_frame_0000005822_l.jpg,0,1331.17,649.88,1232.19,625.67,1178.48,556.58,1153.61,489.82,1132.04,440.46,1228.59,477.03,1169.52,415.27,1130.78,401.16,1102.46,396.05,1260.46,468.16,1196.85,413.37,1151.50,399.64,1118.02,396.95,1279.60,474.24,1219.43,423.97,1178.84,412.49,1149.20,410.11,1284.92,484.17,1238.78,440.76,1205.70,427.93,1181.20,424.79
EK_frame_0000005822_l.jpg,1,710.55,686.17,797.01,683.66,853.74,640.14,889.99,610.27,925.19,598.05,845.29,522.21,897.73,454.50,928.33,441.51,950.37,441.16,800.44,505.22,859.74,443.09,894.60,437.62,915.86,445.91,761.72,508.11,814.11,456.39,846.49,449.19,866.53,456.27,734.03,525.19,779.00,493.31,807.39,489.51,824.18,498.33
EK_frame_0000005936_l.jpg,0,1522.98,917.53,1442.88,847.64,1389.05,763.06,1340.72,694.81,1301.82,628.71,1459.66,668.94,1419.39,573.96,1380.48,539.65,1341.52,520.40,1458.62,691.36,1407.47,607.38,1350.43,580.94,1303.23,572.61,1449.87,718.82,1404.17,650.02,1356.60,626.92,1315.14,622.62,1436.69,743.80,1397.08,702.51,1360.10,688.94,1326.75,680.36
EK_frame_0000005936_l.jpg,1,649.36,911.19,665.99,823.06,703.90,747.75,761.60,693.41,805.65,644.49,676.39,692.14,712.44,648.74,757.73,649.17,791.89,660.58,713.46,726.51,765.42,694.74,813.48,687.80,856.45,686.37,744.36,760.28,793.73,733.64,839.03,720.86,880.47,714.79,769.79,792.08,811.57,757.97,844.42,740.99,877.86,730.00
EK_frame_0000006086_l.jpg,0,909.26,352.61,999.41,344.08,1096.35,300.30,1175.28,263.60,1240.62,215.93,1067.94,187.45,1163.60,171.08,1235.64,173.55,1285.86,178.97,1054.14,206.47,1143.36,195.32,1207.07,199.78,1263.33,207.60,1046.02,231.14,1122.48,225.27,1179.66,224.74,1231.69,231.77,1042.12,258.70,1108.79,244.85,1156.05,242.70,1196.07,247.33
EK_frame_0000006086_l.jpg,1,1580.45,414.22,1496.92,396.57,1415.16,326.06,1355.85,259.86,1300.83,201.14,1425.30,251.37,1361.19,191.38,1321.69,147.83,1288.25,115.22,1451.53,242.06,1394.12,186.80,1351.20,145.45,1313.38,107.71,1466.70,240.47,1411.67,191.74,1371.37,154.83,1330.92,116.93,1470.14,240.41,1418.53,189.43,1385.16,157.70,1354.26,124.53
EK_frame_0000006111_r.jpg,0,1480.22,374.82,1404.03,356.59,1337.86,274.57,1293.69,206.39,1254.82,158.75,1374.78,208.83,1325.14,141.49,1292.01,96.73,1264.99,59.52,1399.55,198.42,1353.56,136.49,1316.49,92.65,1283.47,51.90,1413.37,197.07,1366.22,142.27,1331.52,100.31,1298.18,58.24,1415.65,198.10,1374.26,144.57,1346.10,108.54,1322.00,70.52
EK_frame_0000006111_r.jpg,1,874.04,353.28,975.53,336.71,1066.77,289.79,1143.49,254.55,1217.64,216.74,1035.35,184.13,1124.24,172.99,1188.79,178.46,1229.38,187.05,1011.86,201.98,1092.13,191.24,1149.76,198.63,1197.80,209.65,995.31,228.16,1068.30,219.86,1120.16,223.32,1164.64,232.99,987.57,254.11,1045.04,238.81,1089.62,240.35,1126.23,248.65
EK_frame_0000007337_l.jpg,0,302.07,585.54,409.03,569.79,476.87,485.91,523.62,414.57,570.70,374.02,380.60,378.16,458.52,290.72,515.42,308.70,540.78,343.25,344.18,368.39,437.98,309.37,493.09,342.85,515.59,377.40,328.98,377.23,413.49,331.48,464.59,359.09,486.70,393.95,328.55,392.18,392.98,349.39,437.28,367.15,458.49,395.14
EK_frame_0000007563_l.jpg,0,845.40,1075.48,944.29,1044.49,998.29,990.09,1036.03,947.66,1060.83,913.90,946.25,862.67,980.69,757.15,1013.87,733.82,1036.15,735.60,892.36,854.40,936.94,748.74,972.78,740.43,997.32,753.18,855.73,858.93,899.21,771.02,932.56,760.19,954.68,769.38,838.06,872.23,872.93,808.12,903.49,793.88,927.38,797.90
EK_frame_0000007713_l.jpg,0,625.43,976.73,710.55,974.82,772.50,922.88,812.49,876.63,844.40,835.08,720.00,816.88,764.12,742.31,799.32,737.27,820.82,750.85,682.50,804.74,726.33,727.16,762.38,727.09,785.87,748.00,657.41,809.11,700.04,751.70,736.21,750.89,759.27,764.68,645.12,823.63,679.49,783.74,710.59,780.66,732.53,790.37
EK_frame_0000008047_l.jpg,0,344.98,598.19,489.27,605.12,583.37,546.02,646.99,523.58,700.97,527.60,549.05,378.56,639.63,390.67,677.92,437.47,694.43,478.64,480.81,361.50,571.67,402.29,619.95,456.29,650.99,509.65,420.14,375.60,508.53,407.21,563.53,453.68,597.24,512.84,379.47,406.98,457.85,423.31,499.86,458.57,526.51,502.25
EK_frame_0000008172_l.jpg,0,810.94,1157.85,902.98,1140.56,961.18,1099.99,991.25,1045.62,1008.47,988.59,901.92,1009.56,921.13,876.63,954.36,818.19,982.77,786.98,839.36,998.06,860.55,853.50,907.68,799.54,946.92,776.70,794.64,997.44,811.56,869.79,859.35,823.38,901.43,806.30,767.32,1006.20,785.60,902.26,824.78,859.32,861.76,846.17
EK_frame_0000008222_r.jpg,0,721.61,1069.91,828.64,1035.66,903.08,980.09,950.90,942.35,978.72,912.24,821.10,837.15,880.85,738.22,927.47,709.77,961.11,701.03,775.81,836.17,840.10,731.15,890.04,717.05,925.83,726.42,751.16,849.46,806.77,761.08,852.22,747.05,886.07,750.72,743.76,865.63,786.55,800.64,823.59,782.44,855.97,780.29
EK_frame_0000008272_r.jpg,0,739.20,1028.07,842.58,997.27,911.46,923.86,950.43,869.88,971.59,835.21,826.22,802.39,868.74,702.46,901.45,671.49,927.09,664.25,772.63,800.54,821.48,698.83,862.13,686.93,890.50,697.62,738.75,812.89,784.67,728.05,823.54,717.06,849.85,721.85,724.80,831.17,760.26,766.72,794.61,752.94,821.73,755.27
EK_frame_0000008388_l.jpg,0,472.64,198.23,629.50,240.89,752.36,249.26,829.13,247.54,886.32,235.61,708.64,29.79,766.86,90.87,787.94,167.76,784.91,214.91,636.35,8.72,701.64,84.01,728.35,158.05,724.11,218.39,565.48,12.47,626.78,77.80,662.24,140.34,666.26,199.54,503.50,29.78,557.28,75.17,585.32,121.74,588.32,165.23
EK_frame_0000008950_l.jpg,0,804.90,1053.36,912.17,1062.36,974.68,1030.77,1024.92,1004.54,1082.30,1000.41,951.30,884.83,985.30,789.88,1015.65,742.23,1038.92,713.47,903.03,866.48,942.15,764.56,978.00,722.31,1005.12,701.06,867.17,863.41,904.54,776.87,940.82,737.63,970.25,720.38,848.82,869.29,885.48,802.74,911.89,771.37,936.52,756.64
EK_frame_0000009274_l.jpg,0,1286.21,1136.04,1223.79,1071.86,1175.66,1006.06,1137.65,960.67,1109.17,910.39,1227.40,934.95,1203.60,881.17,1184.71,853.86,1173.86,843.68,1238.05,964.29,1217.36,910.52,1196.82,886.60,1182.03,868.16,1243.35,994.23,1220.20,951.50,1202.43,925.97,1186.98,908.77,1241.53,1023.61,1217.82,988.66,1202.96,968.14,1194.57,951.13
EK_frame_0000009299_r.jpg,0,751.85,1073.74,828.42,1026.04,882.76,954.01,935.79,902.61,990.30,865.77,788.14,843.51,847.04,745.89,907.50,747.01,942.58,773.18,776.34,853.97,863.13,789.40,921.23,806.55,948.07,836.00,775.87,873.91,853.96,827.32,907.28,848.02,935.69,877.98,783.02,894.16,840.98,860.07,883.17,871.62,907.34,894.12
EK_frame_0000009674_l.jpg,0,1276.88,978.07,1199.19,968.62,1156.01,932.98,1130.10,904.96,1113.88,885.50,1181.56,833.33,1161.32,766.92,1142.73,752.48,1138.71,764.13,1226.66,828.87,1217.63,761.00,1202.40,765.75,1190.87,786.13,1268.03,840.52,1255.48,799.45,1235.90,809.01,1225.03,826.77,1298.62,863.56,1279.69,844.52,1262.15,857.10,1259.01,876.37
EK_frame_0000009674_l.jpg,1,781.91,1115.16,843.44,1071.47,854.97,1014.34,856.31,971.06,870.59,937.39,796.46,954.69,805.24,897.52,825.14,884.78,837.98,886.42,760.00,964.39,769.87,903.77,794.54,895.77,810.89,899.33,738.11,982.04,746.06,929.99,769.04,919.84,786.02,921.41,727.23,1002.32,734.74,959.83,751.22,948.52,766.87,948.63
EK_frame_0000009758_r.jpg,0,667.95,1037.15,742.39,1000.50,774.34,937.58,790.04,893.24,798.34,869.62,708.26,861.21,755.98,808.91,791.29,808.58,812.37,816.73,678.98,865.98,736.71,825.10,773.87,837.52,794.80,853.87,665.98,880.41,718.33,849.65,754.51,859.87,777.62,875.83,665.94,897.89,703.48,870.81,733.05,873.56,753.89,886.75
EK_frame_0000010333_l.jpg,0,764.79,979.04,878.41,957.45,924.17,897.00,954.44,853.59,990.10,833.73,911.10,789.72,956.88,770.83,974.51,788.26,976.69,804.55,858.33,772.15,896.32,720.50,925.60,716.58,939.81,722.77,811.75,778.21,837.06,736.43,862.85,736.50,880.22,742.71,777.36,798.53,798.75,768.63,820.46,766.72,837.74,776.34
EK_frame_0000010333_l.jpg,1,1448.16,1036.33,1352.94,994.12,1279.34,907.77,1211.43,839.26,1150.31,807.08,1357.99,805.13,1243.04,747.50,1182.03,743.89,1134.51,737.72,1388.74,785.12,1271.10,735.11,1211.62,754.07,1167.65,776.48,1401.35,791.73,1296.46,755.11,1244.24,768.78,1207.28,789.00,1400.88,806.89,1326.89,782.81,1283.47,793.18,1251.62,813.29
EK_frame_0000017742_l.jpg,0,1434.29,1116.14,1353.54,1116.08,1283.80,1068.62,1232.75,1002.51,1187.93,944.44,1335.36,974.57,1273.64,864.83,1221.09,825.11,1180.61,812.50,1382.41,942.50,1318.67,824.67,1256.27,785.41,1204.10,779.67,1409.78,930.17,1355.97,823.63,1302.03,783.39,1257.31,772.14,1420.40,931.25,1378.51,847.30,1340.61,804.50,1306.40,785.27
EK_frame_0000017767_r.jpg,0,1416.33,1080.02,1355.75,1039.36,1303.31,978.88,1250.85,923.02,1199.03,876.91,1352.52,868.54,1318.49,780.31,1275.01,746.61,1234.10,740.41,1351.04,888.38,1314.73,806.21,1271.33,778.91,1231.84,772.94,1344.93,912.28,1303.04,859.95,1266.14,845.76,1230.25,849.48,1339.25,935.93,1299.43,906.18,1269.20,903.59,1241.71,911.91
EK_frame_0000017817_r.jpg,0,1399.66,1076.90,1334.98,1027.63,1294.52,961.16,1253.15,903.89,1212.52,853.79,1354.99,873.08,1323.02,788.07,1289.02,747.58,1257.92,726.10,1368.80,885.27,1336.34,799.96,1302.01,764.50,1270.61,741.68,1367.56,901.74,1338.24,835.61,1308.35,801.79,1281.00,784.08,1361.60,918.12,1335.46,869.00,1310.96,844.95,1287.84,831.04
EK_frame_0000017867_r.jpg,0,1400.87,1081.12,1331.91,1054.83,1279.85,994.87,1233.59,934.57,1190.37,884.01,1331.99,896.64,1305.57,795.00,1274.30,743.94,1243.15,709.39,1356.95,889.45,1323.12,791.72,1285.45,744.37,1250.50,716.20,1366.38,894.09,1330.20,812.93,1298.94,771.31,1268.93,744.85,1364.83,899.47,1333.53,833.57,1307.53,798.88,1283.17,775.00
EK_frame_0000018042_l.jpg,0,1425.76,1068.81,1359.88,1019.25,1309.32,953.20,1263.96,898.30,1214.98,850.86,1357.22,858.22,1320.31,783.20,1283.28,745.61,1247.81,728.46,1359.97,882.43,1326.14,809.58,1287.57,778.00,1251.97,760.59,1355.21,908.68,1319.70,854.53,1285.94,830.00,1255.02,822.61,1348.41,934.86,1317.28,900.67,1288.56,888.43,1263.31,886.56
EK_frame_0000018067_r.jpg,0,1433.14,1047.92,1359.90,1025.85,1299.53,974.49,1246.85,917.76,1204.76,869.99,1351.13,883.94,1292.25,787.72,1246.10,757.89,1208.58,745.84,1386.07,863.89,1329.33,757.56,1280.80,724.38,1239.72,717.38,1402.63,864.63,1354.67,780.82,1308.11,746.95,1267.62,738.27,1402.14,875.58,1364.34,816.04,1328.75,788.53,1295.65,779.43
EK_frame_0000018092_r.jpg,0,1420.16,1036.24,1340.69,1029.96,1282.88,972.29,1236.45,902.12,1194.81,850.08,1330.65,878.39,1279.30,778.99,1237.08,744.62,1200.51,723.14,1365.07,857.96,1305.47,754.28,1253.21,717.75,1210.96,698.31,1381.76,856.81,1329.96,765.38,1281.71,729.62,1241.75,712.64,1383.69,863.26,1345.80,793.67,1310.37,761.65,1279.37,745.66
EK_frame_0000018117_l.jpg,0,1405.89,1026.53,1320.17,1029.74,1253.77,986.11,1203.79,927.73,1166.20,873.48,1302.77,879.04,1239.21,775.51,1191.42,741.67,1160.34,732.46,1351.87,852.03,1285.55,742.71,1230.97,715.52,1192.11,713.38,1378.80,845.85,1319.02,749.61,1269.36,721.97,1231.63,718.10,1384.51,851.14,1334.99,777.54,1294.01,746.53,1260.46,736.27
EK_frame_0000018117_l.jpg,1,839.12,1033.17,934.73,1033.56,996.97,984.15,1055.42,938.78,1098.64,908.61,960.77,856.31,1004.55,762.38,1028.12,752.58,1030.74,771.75,905.19,834.32,957.75,773.26,976.39,794.46,976.53,817.02,860.20,838.04,909.09,791.27,925.08,807.26,920.98,830.42,827.16,853.59,869.54,818.52,885.85,832.15,884.31,853.03
EK_frame_0000018342_r.jpg,0,1381.66,1040.44,1297.19,1016.13,1237.71,966.15,1184.48,931.96,1143.32,894.89,1307.86,850.94,1283.67,764.91,1255.27,719.76,1226.81,692.83,1337.78,853.15,1312.71,771.03,1273.23,733.60,1239.91,712.71,1350.04,864.53,1321.94,793.27,1288.33,758.99,1259.04,741.07,1351.23,878.61,1324.35,815.96,1298.24,784.48,1275.76,766.11
EK_frame_0000018692_r.jpg,0,1384.10,1056.88,1301.90,1023.17,1251.81,959.66,1211.51,899.51,1170.12,844.20,1303.08,864.61,1266.20,777.60,1232.85,733.50,1205.26,706.65,1331.29,868.24,1294.57,778.85,1255.80,744.86,1222.24,724.91,1342.50,882.53,1310.43,812.92,1277.62,780.61,1249.83,766.62,1345.57,899.00,1316.94,847.57,1290.53,820.08,1267.05,805.25
EK_frame_0000018892_l.jpg,0,1399.03,984.65,1303.64,974.22,1229.84,921.51,1172.45,880.32,1133.35,838.14,1276.02,809.67,1235.59,709.43,1193.82,682.95,1164.12,682.50,1321.25,793.84,1270.35,696.30,1220.11,681.43,1184.98,690.97,1347.32,798.07,1298.20,723.50,1253.08,706.96,1221.01,713.49,1355.91,810.71,1311.42,759.03,1273.85,741.47,1246.48,743.59
EK_frame_0000018892_l.jpg,1,816.29,1033.45,920.48,1023.06,983.53,964.29,1036.00,913.03,1077.22,883.40,940.05,838.02,985.83,735.60,1002.32,755.65,998.43,794.22,880.49,819.73,934.86,751.22,951.37,784.60,948.64,812.77,832.99,826.62,886.58,774.35,900.13,799.36,892.91,827.04,797.88,845.95,842.16,801.57,858.06,819.35,856.00,843.93
EK_frame_0000018992_l.jpg,0,1440.56,970.86,1356.26,934.68,1283.12,889.04,1220.96,857.01,1163.42,830.86,1322.87,779.41,1291.81,696.44,1252.64,682.51,1219.18,697.54,1334.70,796.33,1299.80,720.17,1257.07,703.98,1225.88,714.95,1342.11,823.99,1302.40,778.08,1263.95,761.37,1236.43,773.62,1345.36,853.51,1308.95,830.63,1276.25,829.85,1253.36,843.97
EK_frame_0000018992_l.jpg,1,846.39,1036.98,948.08,1023.94,1009.10,964.92,1061.58,914.60,1101.62,884.94,964.87,842.98,1004.97,745.47,1025.12,759.61,1022.77,797.50,907.25,826.85,961.74,767.67,981.26,800.09,978.66,826.85,862.90,835.48,915.71,793.65,932.01,818.15,925.90,844.93,830.90,854.45,873.39,820.44,890.34,839.19,889.46,863.37
EK_frame_0000019292_r.jpg,0,1302.96,953.25,1217.66,923.35,1187.61,863.83,1187.47,814.39,1192.20,785.21,1194.01,778.99,1168.34,701.21,1151.84,667.43,1150.29,668.39,1242.98,772.63,1236.89,684.57,1222.75,676.92,1207.52,688.74,1285.66,784.54,1277.82,725.62,1254.86,733.65,1243.08,749.39,1319.62,803.20,1297.60,779.30,1277.47,792.86,1268.56,808.45
EK_frame_0000019292_r.jpg,1,844.81,1036.63,940.80,1025.12,994.46,963.34,1039.98,908.75,1077.05,873.38,942.67,847.16,968.26,741.81,985.79,747.00,989.61,778.18,886.80,834.76,922.94,767.32,939.24,791.94,940.00,817.94,842.46,845.49,881.16,794.22,895.43,813.03,893.32,837.97,811.37,865.68,845.47,824.32,860.00,839.94,860.20,862.05
EK_frame_0000019392_l.jpg,0,1291.97,989.01,1203.80,965.96,1169.93,901.25,1165.06,844.58,1168.70,804.37,1162.03,841.26,1118.44,754.05,1096.90,708.67,1093.45,699.50,1224.10,818.84,1206.62,708.64,1188.77,671.53,1179.50,670.19,1277.52,817.17,1272.92,728.00,1243.80,733.89,1227.77,755.47,1322.64,828.03,1301.64,777.95,1276.76,782.30,1263.51,798.15
EK_frame_0000019392_l.jpg,1,857.64,1026.74,954.15,1019.77,1014.33,961.25,1064.71,907.77,1103.97,871.59,962.79,841.14,991.55,740.35,1012.82,740.33,1018.45,766.93,906.62,827.46,951.07,762.62,969.92,787.02,968.87,811.77,863.07,837.96,909.05,787.34,926.29,806.57,922.74,830.88,832.18,857.42,871.38,816.79,887.50,832.55,886.00,854.21
EK_frame_0000019417_l.jpg,0,1422.45,870.98,1337.98,858.26,1263.22,828.56,1201.42,818.33,1141.04,812.04,1283.75,711.77,1254.23,632.55,1212.71,616.73,1178.51,628.99,1301.35,719.58,1267.00,643.58,1227.47,627.97,1194.59,636.39,1316.35,736.87,1282.99,686.90,1252.07,665.21,1227.29,668.04,1325.95,762.06,1294.11,730.11,1267.32,717.65,1249.62,715.49
EK_frame_0000019517_l.jpg,0,1393.62,949.36,1295.50,946.17,1230.46,897.02,1182.52,875.66,1153.66,854.11,1260.93,772.90,1213.27,688.70,1165.56,671.84,1131.81,674.85,1300.79,763.04,1247.87,676.16,1199.56,667.36,1166.13,679.58,1323.36,770.67,1277.11,701.85,1226.80,690.02,1195.08,697.36,1330.38,789.23,1284.56,742.68,1241.53,723.92,1209.27,719.78
EK_frame_0000019517_l.jpg,1,859.06,1014.67,958.09,1006.50,1015.44,949.36,1063.63,899.45,1102.12,866.59,969.72,831.27,999.64,730.65,1017.44,741.04,1018.59,775.72,914.76,816.54,955.17,752.05,968.45,781.79,965.70,808.04,871.10,825.79,913.12,784.56,923.34,808.49,917.37,833.48,837.64,846.19,875.42,815.83,885.87,835.61,882.48,858.69
EK_frame_0000019567_l.jpg,0,1392.87,860.61,1312.40,849.86,1243.24,818.95,1185.63,810.14,1137.00,802.39,1262.08,712.20,1235.59,636.07,1198.72,623.61,1168.80,636.84,1279.99,716.54,1248.93,647.32,1209.64,634.02,1177.49,644.03,1296.61,731.51,1264.61,686.06,1233.62,668.37,1209.29,673.12,1306.92,752.68,1275.02,725.47,1249.26,717.90,1232.64,719.91
EK_frame_0000019592_l.jpg,0,1375.36,942.75,1287.43,953.66,1222.90,897.58,1183.48,838.35,1162.73,797.05,1233.22,805.53,1180.24,706.61,1141.25,684.04,1123.00,689.98,1283.17,780.39,1241.89,677.23,1199.21,655.07,1173.54,668.34,1319.45,781.27,1265.90,728.64,1226.71,742.16,1210.65,768.74,1341.96,792.40,1291.89,763.49,1259.72,771.02,1245.34,791.81
EK_frame_0000019592_l.jpg,1,857.66,1034.63,953.05,1016.00,1011.45,957.38,1062.74,909.76,1100.22,877.35,960.21,844.60,983.83,744.83,1001.29,761.06,1002.47,799.14,903.64,834.37,937.81,763.93,953.33,792.18,952.37,818.07,858.47,845.42,897.60,791.65,911.12,811.66,908.18,836.46,826.84,866.97,861.47,824.22,875.06,841.53,874.10,864.13
EK_frame_0000019642_l.jpg,0,1431.85,1015.31,1329.18,1000.45,1268.14,950.51,1216.45,917.30,1184.60,889.38,1294.46,824.93,1253.39,714.36,1206.07,694.81,1174.87,700.02,1335.92,806.27,1279.32,702.75,1225.67,693.20,1190.99,711.77,1362.15,814.94,1303.18,748.99,1252.76,736.97,1221.25,750.74,1368.38,840.57,1322.80,803.23,1285.39,790.10,1257.21,796.25
EK_frame_0000019642_l.jpg,1,876.39,1058.36,974.97,1036.76,1030.61,980.32,1077.35,930.80,1114.07,899.74,984.63,866.58,1011.48,761.63,1034.73,771.22,1037.35,806.78,927.30,851.36,971.23,774.55,990.56,803.88,988.80,832.86,880.78,857.72,925.31,801.05,942.24,823.06,939.02,851.02,848.52,876.05,885.60,831.75,902.76,848.73,902.68,873.81
EK_frame_0000019692_l.jpg,0,1378.85,897.36,1296.52,903.60,1232.51,868.78,1185.54,850.98,1155.55,830.02,1259.87,741.63,1230.61,649.35,1182.67,637.88,1152.67,652.20,1291.62,735.00,1247.78,654.22,1197.10,647.67,1165.05,664.05,1312.64,744.26,1265.78,690.93,1220.70,684.97,1192.47,695.56,1321.18,759.19,1274.51,722.16,1238.35,715.14,1215.67,720.10
EK_frame_0000019692_l.jpg,1,842.71,1001.03,938.64,984.03,997.75,925.00,1047.39,876.08,1085.24,845.72,949.79,814.76,975.50,715.58,991.04,729.29,989.59,767.42,893.55,802.20,933.02,738.73,947.40,766.72,945.54,792.29,849.68,811.24,893.90,765.68,906.32,786.80,902.25,811.68,818.64,830.50,857.88,795.76,869.94,814.52,867.91,837.11
EK_frame_0000019767_l.jpg,0,859.81,1030.16,957.96,1014.29,1017.76,955.46,1067.75,905.99,1107.80,875.25,972.55,836.92,1003.96,738.09,1022.54,743.84,1023.27,774.41,916.79,823.37,959.01,757.26,977.99,781.71,979.18,807.76,872.13,832.37,915.40,782.96,933.22,801.16,932.22,826.74,840.93,853.17,879.07,814.79,896.22,828.78,897.46,851.26
EK_frame_0000019767_l.jpg,1,1363.20,1001.19,1258.82,980.12,1213.14,909.71,1204.11,851.50,1199.13,816.44,1220.15,829.50,1168.33,740.32,1148.23,705.41,1147.49,704.19,1277.26,812.85,1241.80,707.82,1218.45,684.00,1203.09,685.65,1326.55,817.49,1301.53,737.46,1270.55,738.03,1255.88,754.39,1364.85,831.76,1327.29,799.89,1298.78,805.58,1285.12,819.77
EK_frame_0000019792_l.jpg,0,1363.46,993.59,1270.93,985.60,1216.29,928.50,1182.72,877.66,1147.36,849.61,1250.23,832.32,1205.72,733.60,1174.20,699.76,1154.96,689.65,1302.73,814.41,1265.22,710.85,1232.27,676.62,1207.04,664.76,1338.47,814.94,1311.26,728.01,1278.97,700.82,1253.27,696.39,1356.20,827.59,1337.55,761.88,1314.06,736.34,1295.06,733.93
EK_frame_0000019792_l.jpg,1,854.96,1005.29,952.38,992.81,1009.69,934.24,1057.82,885.25,1097.13,856.91,963.87,818.79,996.10,719.84,1011.95,736.21,1011.38,770.19,909.77,804.14,954.05,736.96,969.87,765.82,967.58,791.27,866.68,812.17,912.39,764.83,925.85,786.04,920.93,810.44,835.13,832.16,874.97,796.19,889.03,812.47,887.18,834.70
EK_frame_0000019817_l.jpg,0,1372.99,971.07,1269.84,957.81,1210.06,890.37,1180.62,837.20,1160.17,806.92,1246.64,805.47,1201.64,709.43,1169.44,682.68,1152.95,681.53,1302.06,789.39,1267.32,691.76,1229.50,678.01,1202.30,689.31,1340.51,795.76,1302.27,730.52,1261.96,727.87,1240.76,743.40,1364.46,811.18,1324.00,772.93,1290.60,773.02,1275.81,787.74
EK_frame_0000019817_l.jpg,1,859.50,1012.10,960.45,998.26,1018.94,939.45,1068.18,890.97,1107.58,863.83,976.30,825.02,1003.47,722.60,1024.31,734.95,1027.41,768.59,920.83,808.26,965.25,737.55,983.28,767.32,982.82,795.17,876.84,814.41,923.42,761.85,938.62,782.87,935.85,809.35,845.13,832.81,886.16,793.05,902.57,809.13,902.83,832.12
EK_frame_0000019867_r.jpg,0,840.16,987.56,930.14,970.78,987.32,914.23,1028.51,862.47,1060.53,826.69,934.92,805.01,961.93,706.58,990.77,695.03,1006.81,707.48,884.76,791.16,928.90,717.32,959.54,721.53,974.55,738.39,846.44,797.54,893.05,740.42,920.82,743.14,933.33,760.55,820.79,814.81,859.59,771.35,885.57,773.28,896.87,789.49
EK_frame_0000019867_r.jpg,1,1421.66,982.06,1330.15,929.53,1284.97,851.35,1257.29,779.20,1236.50,725.87,1337.53,754.57,1314.80,643.38,1289.56,609.73,1270.19,600.81,1389.61,750.32,1377.54,641.91,1347.41,619.64,1317.56,623.33,1420.05,764.20,1404.48,687.47,1379.14,663.82,1352.54,663.86,1431.47,781.95,1414.17,727.56,1394.75,706.89,1375.71,706.26
EK_frame_0000019892_l.jpg,0,1510.83,947.27,1424.79,902.38,1374.19,823.64,1327.77,761.65,1284.93,715.55,1469.69,729.49,1459.50,613.79,1425.39,572.04,1392.21,547.47,1515.02,733.89,1496.42,624.79,1451.46,589.36,1413.28,577.42,1535.80,751.88,1516.67,664.76,1478.54,631.05,1443.74,619.64,1540.58,768.67,1524.75,700.20,1496.38,670.69,1469.57,660.76
EK_frame_0000019892_l.jpg,1,635.26,906.53,749.70,883.87,824.07,806.02,885.50,740.85,936.30,690.89,720.11,679.89,768.55,558.94,819.70,527.37,858.43,520.56,677.91,670.46,739.31,562.99,793.78,532.69,837.17,524.53,654.75,676.27,714.26,596.41,761.79,565.49,800.12,553.71,648.95,689.57,696.79,626.71,736.90,599.62,768.80,590.32
EK_frame_0000019945_r.jpg,0,745.04,1076.45,829.83,1040.94,882.50,976.50,930.83,927.37,979.24,903.65,807.94,879.47,831.78,775.70,865.99,753.69,891.13,758.54,766.14,877.06,801.00,778.36,839.68,764.08,870.29,771.91,739.83,885.37,772.92,803.52,808.66,786.14,837.41,788.83,730.15,899.70,753.34,834.01,783.14,813.98,807.56,811.89
EK_frame_0000020309_r.jpg,0,1408.54,1010.95,1327.67,995.61,1271.71,939.14,1242.34,879.10,1229.65,828.57,1312.91,852.63,1276.11,788.60,1253.56,758.88,1237.05,742.53,1356.91,840.35,1320.35,774.97,1291.62,746.81,1270.86,732.94,1391.62,842.82,1360.05,781.38,1331.12,753.27,1309.77,737.14,1419.42,852.32,1392.44,804.14,1369.54,781.02,1351.73,766.39
EK_frame_0000020943_l.jpg,0,940.23,758.19,985.46,817.83,1035.23,838.16,1060.57,859.49,1063.45,878.88,1115.79,781.36,1179.77,806.82,1190.99,830.25,1188.40,846.48,1107.47,735.37,1166.56,764.18,1174.20,791.37,1165.51,806.74,1087.21,704.29,1149.83,715.58,1179.14,735.30,1197.07,751.63,1062.24,683.47,1104.19,670.43,1129.31,669.07,1147.69,671.94
EK_frame_0000020968_l.jpg,0,918.19,777.89,977.85,834.50,1030.85,852.74,1061.63,874.31,1064.19,891.80,1105.03,780.98,1173.85,799.63,1183.78,823.89,1176.01,840.99,1091.93,734.68,1158.09,757.16,1173.47,785.25,1167.94,804.13,1068.95,705.90,1134.77,711.61,1164.30,730.89,1180.31,748.34,1041.99,688.32,1083.38,669.11,1111.28,656.66,1132.13,649.66
EK_frame_0000021018_l.jpg,0,877.85,748.72,946.25,793.32,999.41,790.73,1027.68,803.45,1028.00,829.15,1059.33,713.48,1130.80,716.11,1153.59,729.83,1158.25,745.33,1037.21,667.99,1111.93,671.96,1132.73,695.05,1131.82,714.44,1007.60,642.47,1080.61,636.46,1108.89,653.53,1122.67,668.28,975.93,626.63,1012.76,598.75,1035.46,585.30,1052.29,578.65
EK_frame_0000021043_l.jpg,0,858.04,711.07,901.76,714.85,958.38,717.40,994.59,723.94,1020.75,733.38,1003.97,611.00,1063.09,607.98,1084.76,626.10,1092.45,644.93,1015.72,600.66,1086.83,601.83,1105.68,629.22,1101.01,651.58,1022.40,606.45,1097.23,611.37,1111.40,640.13,1104.07,662.48,1027.46,628.47,1096.71,625.18,1114.90,643.85,1110.55,662.48
EK_frame_0000021068_l.jpg,0,873.50,714.50,938.18,756.04,985.54,758.16,1011.92,766.82,1021.67,786.31,1041.72,671.67,1102.64,650.84,1137.82,638.34,1164.64,631.21,1013.99,642.18,1071.69,616.85,1103.30,615.23,1123.01,619.09,984.58,630.47,1031.17,621.09,1060.48,626.35,1076.69,635.00,959.26,628.86,991.80,632.38,1007.47,641.63,1012.39,656.63
EK_frame_0000021170_l.jpg,0,800.56,789.90,867.08,832.82,920.23,836.75,957.78,839.41,976.67,859.13,987.33,758.75,1067.39,755.07,1084.33,771.37,1080.88,786.43,969.64,709.42,1054.02,711.50,1061.74,739.88,1052.89,759.02,944.05,679.08,1024.67,671.88,1037.98,695.92,1035.02,715.96,914.55,662.69,966.66,632.67,991.73,639.22,1002.40,654.27
EK_frame_0000021220_l.jpg,0,830.94,892.37,905.38,914.21,964.14,891.06,1003.89,879.03,1036.10,891.78,970.72,794.62,1019.16,744.34,1047.87,715.05,1070.06,697.91,934.60,774.48,976.86,722.51,1006.42,706.05,1027.75,700.37,903.07,768.52,942.42,727.83,969.78,714.28,989.54,710.65,879.64,773.89,915.03,743.56,939.64,732.15,958.52,731.30
EK_frame_0000021270_l.jpg,0,1651.79,943.46,1562.30,912.00,1509.12,853.15,1467.95,812.68,1431.37,780.80,1582.24,763.94,1570.13,683.38,1533.51,666.06,1499.48,673.42,1629.72,760.44,1580.31,709.33,1529.88,709.06,1497.53,729.30,1658.71,773.83,1602.79,735.22,1557.16,731.76,1529.63,746.88,1673.31,792.63,1630.20,750.18,1589.70,741.51,1559.15,752.30
EK_frame_0000021294_l.jpg,0,857.63,1046.46,932.94,1026.78,977.21,979.24,1011.96,947.92,1047.27,933.23,919.30,884.94,932.92,814.31,954.32,780.12,975.02,762.67,887.23,889.44,896.35,815.80,918.11,782.95,938.29,765.37,867.71,899.85,876.44,839.33,894.82,806.90,913.14,789.66,861.32,911.77,869.51,864.78,881.39,837.92,894.92,822.89
EK_frame_0000021312_r.jpg,0,1034.90,1056.68,1111.95,1063.56,1162.89,1036.28,1203.43,1028.85,1231.63,1044.56,1152.39,926.90,1177.38,858.91,1191.87,816.23,1200.75,788.24,1109.05,908.31,1141.41,834.70,1161.89,797.47,1178.34,772.09,1074.25,904.77,1104.10,841.64,1123.43,827.99,1135.70,823.36,1047.25,911.68,1074.86,862.20,1093.29,849.59,1105.57,848.61
EK_frame_0000021362_r.jpg,0,1036.46,956.82,1116.75,966.66,1176.67,954.18,1222.24,952.93,1251.56,964.20,1170.87,840.96,1201.42,760.64,1216.50,727.64,1226.82,711.56,1129.02,818.67,1167.50,737.80,1192.51,712.29,1211.44,705.74,1092.73,811.02,1128.07,739.83,1153.96,717.31,1171.88,710.97,1063.29,813.46,1085.06,754.97,1102.74,727.62,1116.84,712.68
EK_frame_0000021462_l.jpg,0,916.52,907.72,993.29,915.66,1051.66,885.89,1102.71,872.14,1136.93,872.58,1039.42,765.64,1055.29,689.18,1069.92,648.06,1081.55,624.43,993.77,747.90,1017.81,672.40,1040.01,642.03,1059.22,629.04,956.45,744.76,984.48,676.92,1010.25,649.77,1030.47,637.05,929.54,749.94,951.67,694.46,967.29,664.28,980.64,644.52
EK_frame_0000021462_l.jpg,1,1340.70,896.72,1255.33,900.60,1189.75,865.17,1139.35,810.55,1111.96,763.86,1183.87,804.06,1134.04,708.60,1132.62,687.94,1144.61,693.04,1226.75,770.78,1178.63,676.22,1180.30,677.51,1189.95,697.59,1271.78,749.43,1231.07,684.34,1228.49,701.03,1235.09,726.71,1312.46,742.28,1275.88,705.78,1270.52,722.52,1277.95,742.91
EK_frame_0000021487_l.jpg,0,915.96,879.00,997.25,888.11,1063.75,871.07,1114.31,869.60,1145.98,876.21,1059.91,745.08,1090.96,679.71,1111.51,645.05,1125.47,624.29,1014.31,722.96,1056.89,656.46,1084.62,631.98,1107.74,619.32,976.42,716.13,1019.66,654.15,1050.98,632.15,1074.47,623.32,949.29,719.24,982.44,666.36,1005.37,642.52,1024.60,629.61
EK_frame_0000021512_l.jpg,0,904.49,858.16,980.05,873.56,1043.97,852.97,1095.16,853.78,1125.88,862.90,1042.60,732.29,1071.30,667.80,1090.40,633.00,1104.41,611.44,999.46,711.33,1038.12,648.84,1064.23,623.89,1084.22,612.55,963.12,705.66,1002.72,651.87,1030.40,630.18,1049.90,619.10,935.17,707.48,964.74,660.00,983.98,634.91,998.86,618.75
EK_frame_0000021512_l.jpg,1,1328.27,903.63,1244.69,903.26,1182.12,860.05,1145.18,798.49,1129.63,747.66,1199.66,805.07,1155.70,708.93,1140.48,686.95,1145.58,696.61,1248.22,776.45,1203.47,679.48,1182.00,674.09,1177.36,692.87,1293.65,759.82,1248.86,691.18,1232.37,703.77,1233.38,729.11,1332.70,754.02,1290.10,708.76,1275.22,722.37,1277.96,743.97
EK_frame_0000021637_r.jpg,0,1264.95,812.65,1175.49,779.78,1127.72,714.72,1115.35,648.85,1137.30,610.09,1149.36,649.29,1146.78,563.13,1150.40,593.45,1152.11,632.06,1210.07,637.67,1195.93,556.84,1190.65,584.47,1188.57,620.64,1264.30,643.71,1241.16,612.41,1233.30,638.36,1234.27,664.21,1311.07,659.16,1281.07,641.06,1272.74,662.71,1276.31,682.35
EK_frame_0000021637_r.jpg,1,931.78,855.78,1009.28,864.24,1075.17,833.03,1131.25,822.04,1165.51,829.72,1053.57,710.83,1078.42,635.83,1098.91,601.35,1115.01,584.91,1008.63,693.65,1046.70,621.33,1074.63,591.73,1098.96,577.98,972.45,690.71,1013.41,626.58,1043.90,598.70,1068.30,584.64,945.06,695.05,974.39,643.61,994.88,618.42,1012.83,603.17
EK_frame_0000021687_r.jpg,0,1465.16,736.75,1402.99,798.25,1322.80,830.78,1256.96,822.86,1224.27,785.50,1318.40,774.77,1205.92,736.54,1193.94,743.34,1216.17,750.43,1330.60,714.10,1210.65,686.75,1208.97,704.87,1238.19,718.78,1345.81,664.97,1246.63,652.94,1256.11,674.89,1284.14,688.94,1365.96,629.09,1289.51,626.09,1296.83,645.16,1322.05,654.55
EK_frame_0000021687_r.jpg,1,962.88,859.82,1045.62,878.55,1113.49,862.11,1164.19,867.48,1195.66,884.56,1113.50,734.67,1151.57,662.24,1173.51,629.05,1187.87,612.38,1068.70,708.51,1116.85,641.15,1145.42,618.68,1163.83,611.52,1029.01,700.89,1079.32,643.26,1110.15,619.82,1129.13,609.92,996.36,703.13,1022.10,646.48,1038.04,613.22,1049.28,590.07
EK_frame_0000021762_r.jpg,0,1586.08,725.83,1536.47,816.45,1441.48,858.38,1345.37,842.36,1284.79,799.31,1433.79,859.63,1301.07,854.07,1260.05,832.53,1243.63,806.60,1425.56,783.98,1268.23,764.04,1280.13,762.02,1318.78,762.44,1419.71,710.65,1286.36,703.56,1313.95,711.19,1354.00,715.81,1420.66,647.78,1320.31,654.87,1345.71,664.74,1378.96,666.50
EK_frame_0000021762_r.jpg,1,939.29,937.75,1047.80,957.19,1133.87,943.06,1206.97,936.95,1256.98,938.98,1140.55,796.15,1187.30,703.11,1213.03,657.14,1229.16,628.25,1091.42,758.17,1154.35,671.05,1186.91,636.54,1212.07,618.93,1043.91,736.36,1109.03,659.49,1144.42,627.67,1169.85,611.62,1002.03,725.18,1049.71,656.43,1076.92,617.47,1100.22,588.34
EK_frame_0000021812_l.jpg,0,951.11,980.88,1038.39,979.75,1104.93,944.49,1160.39,922.69,1196.32,909.35,1080.39,820.54,1096.57,735.13,1108.24,690.23,1115.18,660.22,1033.42,802.75,1065.15,719.41,1081.09,679.22,1093.24,652.85,991.45,798.37,1028.16,724.03,1049.46,684.62,1063.32,658.53,954.73,802.16,972.40,735.26,981.12,696.07,987.75,664.71
EK_frame_0000021812_l.jpg,1,1401.02,895.05,1331.11,932.93,1253.43,923.20,1193.11,884.04,1158.62,842.82,1279.38,891.70,1192.73,826.26,1144.97,790.70,1115.12,765.50,1310.92,842.00,1211.06,775.83,1155.59,745.59,1118.51,728.28,1333.83,798.98,1239.30,742.15,1181.62,720.46,1143.31,710.70,1346.82,768.78,1268.15,732.61,1219.06,718.78,1185.88,713.28
EK_frame_0000021837_l.jpg,0,942.45,1026.54,1025.76,972.28,1053.17,896.19,1059.30,829.95,1054.11,783.86,1044.10,831.68,1055.08,735.65,1062.53,689.32,1066.87,659.84,999.73,820.88,1018.92,716.91,1034.36,671.98,1046.43,648.36,957.27,823.48,977.65,726.90,995.83,683.69,1011.71,660.08,919.16,836.14,923.51,764.55,927.41,719.86,931.80,685.96
EK_frame_0000021837_l.jpg,1,1143.30,993.14,1102.49,915.52,1122.67,835.50,1157.31,769.21,1183.04,723.98,1226.75,836.01,1270.96,742.57,1237.87,706.77,1207.33,696.94,1264.77,855.70,1307.41,754.82,1264.59,725.59,1230.96,721.88,1275.29,868.39,1313.32,777.18,1275.86,752.37,1245.17,750.88,1269.28,875.55,1300.12,804.46,1276.38,776.51,1250.41,772.62
EK_frame_0000022237_r.jpg,0,1404.54,952.57,1328.33,969.68,1255.06,941.31,1195.77,894.62,1163.16,846.75,1319.29,853.92,1250.15,777.11,1195.97,774.30,1167.32,788.91,1347.26,812.03,1272.32,725.93,1205.97,716.79,1163.69,728.18,1358.53,793.27,1288.73,720.21,1225.56,706.11,1182.95,713.56,1355.13,791.08,1299.28,733.51,1250.75,715.37,1211.49,715.69
EK_frame_0000022237_r.jpg,1,964.81,1019.54,1053.15,1013.38,1115.43,968.82,1170.11,937.89,1212.37,928.08,1098.92,845.25,1114.50,748.54,1127.15,697.54,1135.73,665.68,1048.87,824.56,1082.61,729.12,1103.74,684.15,1121.80,657.18,1001.66,818.49,1041.27,732.13,1067.94,688.95,1087.85,663.57,957.75,822.63,972.94,749.30,979.81,704.99,983.84,670.77
EK_frame_0000022262_r.jpg,0,821.92,1088.27,925.78,1076.96,1017.45,1040.80,1100.85,1015.85,1159.25,1006.64,962.83,932.00,990.79,815.16,1015.79,758.16,1037.18,720.17,908.17,907.92,951.74,791.39,985.30,736.11,1013.79,703.50,862.77,897.68,910.39,793.42,945.67,743.65,975.15,713.75,828.73,895.82,853.56,811.14,863.58,762.77,869.31,726.52
EK_frame_0000022287_l.jpg,0,888.40,1089.09,970.37,1009.99,1005.45,922.42,1028.36,848.26,1043.53,794.34,974.66,879.16,975.26,778.25,981.83,732.11,988.32,703.92,928.49,877.58,942.95,767.75,957.15,722.33,971.44,695.38,886.94,883.19,905.09,777.94,924.79,731.37,943.72,706.02,849.86,893.89,847.42,816.52,847.83,773.18,849.61,741.96
EK_frame_0000022462_l.jpg,0,850.53,918.04,954.63,907.46,1012.85,850.79,1047.56,792.97,1063.57,745.14,1005.48,766.07,1039.63,676.78,1060.28,629.86,1070.61,600.19,962.72,740.48,1010.24,652.47,1034.92,618.55,1050.47,600.79,920.70,728.44,970.15,646.47,999.24,614.11,1017.98,599.83,881.44,726.39,903.54,659.42,916.49,619.15,924.07,590.08
EK_frame_0000022462_l.jpg,1,1088.44,962.52,1043.13,897.09,1067.79,818.60,1105.16,751.81,1132.12,699.15,1165.74,802.59,1220.09,716.82,1187.51,672.55,1151.32,658.74,1197.25,815.12,1250.92,719.01,1213.96,668.52,1177.58,652.56,1205.27,823.54,1246.72,730.04,1209.69,683.45,1174.59,666.62,1197.39,827.64,1227.41,752.61,1204.39,708.81,1174.93,690.77
EK_frame_0000022637_r.jpg,0,910.32,782.86,982.46,784.88,1022.83,751.43,1057.64,731.77,1091.50,735.12,1021.03,656.45,1036.52,577.13,1047.45,535.18,1054.51,507.58,978.74,639.20,996.87,563.34,1011.55,532.27,1023.13,517.87,939.04,636.25,960.74,571.81,980.96,545.00,996.53,531.13,902.64,641.38,904.42,585.74,906.36,548.83,907.72,519.33
EK_frame_0000022637_r.jpg,1,1249.32,701.18,1164.78,653.22,1141.90,582.41,1161.46,521.02,1195.75,491.99,1202.46,558.30,1219.89,485.21,1203.00,490.81,1193.70,508.69,1252.63,563.62,1237.49,506.17,1209.36,516.92,1201.15,541.69,1287.77,577.07,1256.80,532.18,1232.18,541.91,1227.82,563.86,1311.20,591.13,1276.33,556.26,1257.06,563.59,1255.27,580.87
EK_frame_0000022662_r.jpg,0,924.23,889.04,1003.52,883.38,1046.40,841.94,1068.85,797.45,1085.15,769.96,1043.82,741.96,1055.47,659.06,1063.76,615.65,1067.80,585.15,1000.85,722.73,1025.59,643.98,1043.12,607.45,1056.23,585.78,957.99,720.07,987.81,642.72,1009.36,607.06,1026.69,586.09,920.22,728.37,925.93,667.71,927.15,632.50,926.33,605.54
EK_frame_0000022862_r.jpg,0,922.83,890.72,991.45,871.35,1022.75,827.38,1041.24,792.98,1058.04,777.42,998.80,742.10,995.21,671.38,994.01,630.70,991.79,603.38,956.53,734.29,959.32,663.78,964.85,627.31,970.10,606.09,917.29,740.12,924.29,671.51,934.05,637.20,943.04,618.14,882.02,755.06,871.14,703.86,864.59,670.93,858.71,646.63
EK_frame_0000022862_r.jpg,1,1168.99,813.85,1092.65,790.74,1056.71,738.01,1057.95,681.08,1075.42,644.70,1068.86,678.07,1064.01,587.73,1075.95,601.18,1083.44,632.40,1121.66,664.89,1116.56,580.15,1116.66,600.92,1115.72,633.78,1169.59,668.05,1163.17,617.10,1154.92,639.39,1152.89,668.23,1209.71,682.38,1196.57,659.72,1187.98,677.13,1186.97,696.18
EK_frame_0000023137_r.jpg,0,1323.17,828.97,1264.60,809.75,1223.95,773.32,1184.50,750.41,1145.44,735.35,1269.82,692.91,1245.75,627.50,1214.70,620.20,1191.02,631.15,1301.59,688.32,1266.49,642.64,1233.54,646.01,1212.08,662.00,1323.01,696.53,1290.52,661.22,1262.36,662.75,1243.15,676.66,1334.25,708.98,1310.11,679.24,1285.99,677.62,1269.15,689.95
EK_frame_0000035803_l.jpg,0,771.53,1005.31,819.74,946.45,858.52,895.81,883.55,856.01,897.19,822.29,841.00,879.14,874.13,860.03,897.53,862.09,912.79,864.29,837.22,907.52,880.79,897.39,911.94,900.86,937.11,910.08,835.06,938.38,878.11,932.93,910.34,933.43,937.29,937.48,831.72,971.00,867.32,968.53,893.71,966.81,916.57,968.00
EK_frame_0000035803_l.jpg,1,1261.69,1053.93,1197.42,1024.20,1166.28,962.55,1149.59,901.29,1129.82,851.05,1224.91,897.66,1193.60,815.23,1163.57,790.28,1139.68,781.18,1260.70,892.80,1242.50,806.46,1217.52,772.53,1193.62,756.75,1276.46,900.14,1259.40,829.41,1235.23,800.75,1211.59,789.06,1278.31,908.58,1262.67,854.84,1242.09,830.53,1222.55,818.97
EK_frame_0000036189_r.jpg,0,1301.31,886.27,1224.61,917.83,1154.21,886.16,1118.22,850.98,1101.66,828.80,1158.35,775.45,1099.16,733.23,1070.75,755.86,1065.51,784.65,1194.94,758.37,1137.58,744.42,1110.43,775.82,1105.06,801.28,1222.65,760.07,1165.50,758.71,1144.43,785.72,1141.26,805.14,1240.43,769.23,1192.25,770.61,1173.61,790.29,1174.10,812.37
EK_frame_0000036339_r.jpg,0,1412.16,865.08,1349.44,830.59,1317.63,775.92,1299.47,741.84,1288.18,716.85,1369.78,726.35,1334.35,706.14,1311.09,720.94,1299.42,736.87,1400.11,735.28,1355.63,726.47,1328.18,740.71,1314.74,757.70,1415.97,754.64,1373.97,746.71,1345.23,752.35,1330.99,764.04,1425.11,772.03,1388.62,763.22,1363.75,765.73,1348.34,775.24
EK_frame_0000037285_r.jpg,0,581.45,1003.18,642.58,937.96,685.43,864.51,717.53,811.72,733.88,778.42,628.38,804.53,699.86,779.44,725.68,812.69,731.50,846.70,619.65,830.63,691.17,825.42,721.91,870.48,733.67,913.59,617.02,863.20,682.83,862.25,714.73,896.55,725.91,932.05,612.16,891.54,661.11,890.27,686.50,911.24,700.72,935.00
EK_frame_0000037516_l.jpg,0,687.46,881.36,734.33,857.27,757.02,817.20,765.69,776.33,762.76,748.03,759.90,772.15,762.04,729.09,750.45,733.95,745.05,747.92,733.09,759.58,739.11,711.72,727.43,720.97,721.46,738.27,701.58,755.36,704.11,715.35,697.02,729.76,695.07,747.51,667.97,759.29,667.47,729.94,665.26,743.75,665.97,759.91
EK_frame_0000037641_l.jpg,0,685.78,939.26,723.26,910.12,774.27,867.64,814.47,837.25,842.34,805.11,756.14,813.98,814.04,811.67,843.44,831.59,860.30,853.15,756.42,835.20,811.02,846.60,845.07,870.30,869.24,891.96,755.32,861.37,802.46,870.71,833.20,890.37,852.39,908.76,754.05,883.91,786.82,888.78,805.87,904.30,819.86,918.38
EK_frame_0000037992_r.jpg,0,1594.77,1032.31,1620.75,961.64,1595.80,891.09,1557.88,848.37,1535.99,813.64,1554.43,912.57,1534.88,859.09,1527.87,831.49,1523.96,812.47,1526.66,935.59,1519.10,885.56,1524.18,859.73,1531.12,843.02,1515.49,954.87,1517.44,902.52,1528.89,881.58,1537.78,867.98,1514.09,965.69,1514.82,918.15,1526.82,899.31,1537.22,889.38
EK_frame_0000038467_l.jpg,0,1572.09,602.17,1480.85,602.23,1412.65,561.35,1372.47,524.73,1333.66,499.42,1438.28,472.26,1378.48,454.31,1350.33,474.67,1342.25,501.22,1473.23,470.93,1408.76,466.06,1376.56,495.45,1363.00,528.38,1496.26,485.72,1437.45,496.32,1404.21,522.19,1390.66,549.51,1511.49,500.62,1461.74,512.97,1432.21,534.21,1416.68,556.89
EK_frame_0000040437_l.jpg,0,260.52,978.34,336.81,903.90,367.02,816.21,378.45,761.69,379.56,733.24,253.92,767.31,299.96,710.96,350.94,702.53,388.65,709.14,227.40,799.27,284.66,749.41,342.14,746.74,386.97,758.95,219.21,834.16,284.98,796.72,337.89,795.28,380.10,807.66,226.13,863.07,280.78,829.56,324.15,825.47,360.68,832.23
