image_name,hand_idx,lm_0_x,lm_0_y,lm_1_x,lm_1_y,lm_2_x,lm_2_y,lm_3_x,lm_3_y,lm_4_x,lm_4_y,lm_5_x,lm_5_y,lm_6_x,lm_6_y,lm_7_x,lm_7_y,lm_8_x,lm_8_y,lm_9_x,lm_9_y,lm_10_x,lm_10_y,lm_11_x,lm_11_y,lm_12_x,lm_12_y,lm_13_x,lm_13_y,lm_14_x,lm_14_y,lm_15_x,lm_15_y,lm_16_x,lm_16_y,lm_17_x,lm_17_y,lm_18_x,lm_18_y,lm_19_x,lm_19_y,lm_20_x,lm_20_y
ND_0-A_ctkz_oE_frame001501_r.jpg,0,714.29,83.58,673.01,145.89,619.28,201.96,563.20,249.47,525.82,296.20,497.78,181.71,460.40,251.03,458.84,309.44,486.88,343.70,531.33,212.00,536.67,276.67,570.00,306.67,622.00,334.67,559.31,222.99,583.33,276.00,616.00,298.00,668.34,320.34,596.00,231.33,594.67,275.33,620.00,292.00,670.67,290.00
ND_0-A_ctkz_oE_frame003601_l.jpg,0,737.53,220.16,676.36,194.85,607.80,172.70,542.41,207.51,477.02,234.93,590.93,308.76,540.30,362.55,490.73,397.35,431.67,424.77,625.73,364.66,602.50,439.00,549.50,496.50,497.06,540.79,645.77,394.19,619.41,466.96,576.16,519.70,531.50,562.50,654.21,411.06,627.84,463.80,598.31,505.98,555.07,539.73
ND_0-XHYZEsKsc_frame006301_l.jpg,0,664.60,287.53,636.91,276.14,612.30,276.69,590.91,286.14,576.06,292.43,592.52,277.77,567.59,275.87,551.87,289.97,546.34,299.86,590.62,289.15,558.37,300.26,551.06,330.89,559.20,344.71,594.69,303.79,570.30,318.96,572.19,344.16,588.91,357.57,604.98,320.59,589.81,334.95,593.06,352.29,607.42,359.34
ND_0-XHYZEsKsc_frame006601_l.jpg,0,764.86,671.04,751.27,619.41,737.69,563.90,718.50,542.00,694.00,536.00,658.11,605.04,642.97,575.93,660.83,561.57,680.62,555.36,660.44,650.46,669.37,611.26,686.06,596.12,712.00,597.00,679.85,680.74,681.40,648.91,698.50,633.50,724.00,644.50,690.00,696.00,692.00,675.50,704.50,663.50,728.50,675.00
ND_0-XHYZEsKsc_frame007501_r.jpg,0,12.23,547.05,8.70,571.80,3.50,596.20,11.10,633.00,25.10,634.60,28.78,615.59,32.32,646.90,17.50,647.80,13.50,626.60,49.16,608.20,64.23,637.74,45.73,643.57,37.73,629.86,64.82,592.84,81.06,618.84,67.44,627.57,56.01,614.14,71.02,578.37,92.30,595.86,99.73,605.29,106.30,614.71
ND_0-XHYZEsKsc_frame007801_l.jpg,0,232.33,604.20,237.55,641.32,243.33,673.20,250.33,696.87,269.60,701.74,286.38,674.89,294.93,701.13,282.67,708.20,273.33,700.53,299.81,658.10,320.00,679.20,313.33,698.20,302.33,702.20,305.30,641.93,326.00,656.87,337.35,670.92,346.67,683.53,300.33,628.53,314.00,635.87,324.67,641.20,336.00,645.87
ND_0-XHYZEsKsc_frame011701_r.jpg,0,-64.67,501.00,-22.67,396.00,19.04,310.65,54.73,253.00,88.33,285.00,155.15,490.17,157.37,427.80,109.87,377.30,69.37,375.80,115.70,561.18,112.74,499.04,83.15,433.95,46.66,417.18,57.51,595.70,77.23,526.66,53.56,485.23,19.87,468.30,19.04,611.48,29.89,562.17,25.94,528.63,5.87,516.80
ND_0-XHYZEsKsc_frame024001_l.jpg,0,481.23,219.60,477.71,235.25,475.25,253.35,471.56,271.28,468.92,287.10,502.11,258.33,487.55,272.69,478.24,273.21,472.26,268.47,500.74,256.95,487.73,268.47,479.47,267.24,473.70,262.43,499.51,255.29,488.26,264.95,481.75,263.02,475.25,259.15,497.22,252.30,487.57,260.69,481.58,259.50,478.24,254.83
ND_00qLGPDZHlc_frame006878_r.jpg,0,408.81,104.05,388.24,90.33,367.67,82.33,338.67,72.45,322.95,70.24,326.52,92.62,302.24,93.19,311.38,87.76,323.95,87.76,329.38,103.76,306.24,108.05,312.52,102.90,320.24,102.05,335.95,113.19,320.46,120.72,329.84,111.62,341.71,101.14,347.67,120.90,335.08,127.35,343.91,117.69,353.57,109.14
ND_012aJGlYN0U_frame004251_l.jpg,0,153.33,503.00,246.41,566.47,349.75,604.98,426.75,640.44,490.58,672.86,391.29,429.69,465.25,390.18,502.74,385.11,533.14,385.11,355.83,400.31,432.67,394.00,469.33,402.00,504.67,413.33,329.49,401.33,392.00,389.33,424.00,398.00,456.67,419.33,296.00,406.67,340.00,419.33,364.00,449.33,366.67,488.00
ND_02_9ZhQH-EI_frame000300_l.jpg,0,349.50,344.20,329.00,326.20,303.50,310.20,246.50,315.70,223.00,316.70,293.44,299.51,257.50,291.37,221.83,292.03,191.83,299.70,290.17,337.37,232.50,346.03,260.83,333.37,291.50,329.37,288.09,369.37,235.69,374.72,258.83,362.70,282.50,361.03,288.80,394.68,248.17,390.37,262.83,383.03,286.50,382.37
ND_07XUGC7rcdI_frame002869_l.jpg,0,774.50,469.18,765.82,476.23,757.15,485.98,753.00,494.29,747.94,503.15,770.88,499.53,776.91,506.79,782.91,510.48,790.94,513.99,779.83,500.02,789.83,504.79,797.37,507.41,805.75,509.29,787.22,498.79,796.29,503.10,804.75,506.17,811.35,507.84,791.52,497.69,798.32,501.96,805.92,503.03,813.12,502.76
ND_07XUGC7rcdI_frame005976_r.jpg,0,505.95,449.60,489.19,452.27,479.04,454.59,467.45,460.65,457.65,465.46,466.38,432.31,454.26,433.38,445.35,439.62,437.33,447.10,461.96,428.10,445.67,430.08,436.47,436.35,428.24,445.50,460.91,427.16,445.24,429.33,436.71,434.28,431.03,439.75,458.79,426.10,444.30,428.58,438.97,430.47,434.53,432.92
ND_07XUGC7rcdI_frame006693_r.jpg,0,416.55,457.25,405.48,466.02,394.92,474.70,386.48,483.84,376.81,493.86,371.36,468.55,362.22,477.69,354.66,485.95,347.46,494.39,368.14,468.08,358.61,475.79,350.79,483.97,344.24,493.79,365.94,467.73,356.95,475.05,349.82,482.23,343.94,490.73,363.19,466.73,356.07,473.48,351.07,478.48,346.82,483.48
ND_07XUGC7rcdI_frame008127_l.jpg,0,652.39,494.06,633.56,499.06,613.39,507.72,598.56,519.56,594.23,533.22,619.89,510.22,616.23,515.06,613.06,519.06,609.56,523.89,636.56,508.06,633.06,511.06,629.89,514.06,627.56,518.06,652.39,511.06,649.39,514.56,647.56,517.22,644.06,520.56,663.06,512.22,663.06,517.06,663.06,521.22,662.89,524.89
ND_07XUGC7rcdI_frame010756_l.jpg,0,942.65,432.90,874.33,389.67,796.31,375.99,756.33,416.67,757.47,469.94,732.18,472.65,714.11,527.75,767.33,499.67,776.33,454.67,789.83,532.17,779.83,563.17,815.83,528.17,821.61,488.00,818.90,566.59,844.33,568.67,865.83,550.17,861.35,514.20,879.42,588.27,905.83,584.67,902.33,561.17,894.33,530.67
ND_07XUGC7rcdI_frame019360_l.jpg,0,597.57,442.52,582.37,437.25,566.36,432.59,551.83,435.81,545.29,443.12,553.19,437.45,539.82,442.31,530.50,446.16,521.99,449.20,555.02,446.57,542.05,452.65,532.93,454.88,524.01,457.11,558.66,456.09,546.69,460.81,539.01,461.16,531.92,461.16,566.16,464.40,556.83,468.10,552.40,468.24,549.97,466.81
ND_07XUGC7rcdI_frame028203_r.jpg,0,-78.00,295.00,33.00,230.00,140.92,233.31,178.00,316.00,186.00,367.00,225.75,394.55,292.23,451.10,281.00,419.33,241.00,387.33,169.67,444.67,209.67,464.67,191.67,416.67,162.32,388.43,101.19,475.55,124.11,444.98,113.41,416.71,74.44,397.60,26.30,484.72,72.91,457.97,56.10,431.99,33.18,412.89
ND_07XUGC7rcdI_frame029637_r.jpg,0,486.31,406.10,480.97,409.21,474.97,413.66,469.86,422.99,468.75,430.10,450.38,412.32,444.54,428.46,450.41,434.95,456.95,437.32,452.61,420.25,448.85,435.56,460.78,441.75,474.54,440.34,457.83,425.87,455.72,435.98,465.48,439.28,475.72,434.22,463.25,428.10,462.89,433.87,466.78,435.87,473.13,430.34
ND_0CnNVmyf0qc_frame000898_r.jpg,0,523.35,393.40,531.62,399.13,539.48,405.66,536.55,415.00,533.08,425.13,512.24,398.51,516.25,409.51,524.40,418.57,531.48,426.20,502.53,405.37,509.88,419.53,519.35,428.06,534.92,423.29,497.74,417.02,513.01,431.25,524.74,434.02,540.02,432.92,497.36,425.56,511.33,437.72,521.65,439.29,528.02,436.02
ND_0CnNVmyf0qc_frame001496_r.jpg,0,681.42,222.11,682.11,205.99,685.75,183.46,691.82,173.93,695.29,164.22,699.79,179.30,713.66,168.55,712.27,173.23,701.18,181.03,708.11,187.79,720.59,177.22,714.87,182.42,707.25,189.01,714.35,198.02,725.10,187.97,719.21,193.86,713.91,199.11,718.86,208.94,726.83,200.97,722.85,203.74,716.78,209.29
ND_0CnNVmyf0qc_frame010466_l.jpg,0,1021.78,359.52,1047.26,346.10,1068.60,323.38,1082.71,308.58,1093.04,288.95,1104.74,354.36,1125.40,358.15,1140.42,361.17,1155.17,363.67,1097.67,371.67,1118.92,379.17,1126.67,376.67,1123.92,371.17,1080.92,383.17,1093.38,385.00,1088.92,371.67,1076.17,362.62,1062.06,395.32,1068.60,392.23,1068.26,383.62,1062.75,369.51
ND_0CnNVmyf0qc_frame014353_l.jpg,0,196.67,9.63,278.00,48.97,368.00,72.30,418.67,99.63,430.00,124.97,416.00,-38.37,498.00,-47.70,526.27,-21.50,521.33,33.63,407.33,-27.03,462.27,-16.50,480.27,12.50,500.67,74.30,396.67,-5.70,440.00,26.30,461.77,60.50,465.33,95.63,382.67,21.63,422.67,48.30,435.33,78.30,432.67,102.97
ND_0CnNVmyf0qc_frame016745_r.jpg,0,543.51,397.49,569.27,373.00,573.22,353.22,577.50,334.94,577.79,316.66,554.87,371.80,561.67,371.40,565.27,371.80,568.87,372.20,557.22,394.35,579.30,388.46,597.96,388.12,606.96,386.46,559.96,407.79,593.30,403.79,606.63,403.12,612.30,399.12,564.96,420.46,592.96,419.46,603.63,418.46,611.63,413.79
ND_0CvgG8zJwSc_frame000301_l.jpg,0,7.29,1204.14,13.53,1125.28,21.77,1054.42,102.52,973.67,183.27,836.89,-67.21,791.43,-50.21,642.43,15.79,647.43,71.21,726.48,9.79,746.43,7.79,628.43,127.24,594.64,218.79,609.43,76.79,731.43,86.79,639.43,141.79,597.43,233.79,560.43,126.79,772.43,190.79,748.43,246.79,725.43,305.02,697.37
ND_0O9qhuAfe44_frame004751_r.jpg,0,372.08,422.83,365.42,304.50,391.19,231.54,479.58,221.17,543.75,259.50,581.73,204.95,625.16,197.86,592.37,223.56,554.58,248.67,613.64,274.96,638.75,277.00,590.60,303.32,552.49,316.62,626.93,356.50,651.31,356.17,600.60,377.60,557.74,380.45,608.32,438.03,590.60,439.02,559.58,438.92,530.60,437.60
ND_0REJGoRM1Mw_frame003888_r.jpg,0,946.37,758.48,897.80,701.34,829.54,660.86,726.88,650.31,650.12,672.38,758.92,678.15,717.38,646.62,679.69,708.92,678.15,761.23,757.38,708.92,727.38,698.92,696.62,738.15,698.15,775.85,752.00,738.15,727.38,732.77,714.31,758.15,717.38,783.54,754.31,762.00,731.23,762.00,732.77,779.69,742.00,797.38
ND_0WQSn-PUZtY_frame005682_r.jpg,0,507.41,686.02,571.92,647.83,651.92,634.50,731.68,674.76,768.78,707.38,614.42,672.83,711.08,717.00,771.92,746.17,826.08,749.50,597.75,724.50,687.75,762.00,771.08,778.67,826.08,775.33,584.42,767.83,667.75,791.17,758.58,807.83,812.75,798.67,574.42,798.67,649.42,819.50,702.75,824.50,756.08,822.83
ND_0WQSn-PUZtY_frame009270_r.jpg,0,424.62,592.26,513.50,567.00,574.55,535.55,643.00,514.69,687.50,513.00,540.50,516.00,584.50,486.00,643.65,490.57,694.50,505.00,534.50,543.00,605.19,565.53,673.63,594.87,718.50,617.00,513.50,596.00,588.50,624.00,656.50,646.00,705.50,662.00,514.50,652.00,575.86,699.82,613.50,724.00,656.50,735.00
ND_0ajS_Ji-eUY_frame016751_r.jpg,0,276.21,143.58,298.94,143.58,312.27,146.30,326.21,149.64,339.25,155.43,316.21,141.45,330.15,143.58,341.62,147.26,349.85,152.36,313.48,141.15,337.42,138.12,346.82,144.48,351.97,151.45,308.64,145.39,316.82,162.06,320.15,173.58,319.85,185.39,294.09,149.64,300.45,167.21,300.15,182.97,296.52,193.27
ND_0ajS_Ji-eUY_frame022001_r.jpg,0,226.06,86.76,230.74,75.72,235.11,69.88,239.70,64.88,244.07,61.76,241.79,68.20,248.91,65.48,254.60,63.52,258.91,63.52,244.44,73.22,252.77,72.79,250.87,74.86,246.39,75.55,245.71,78.66,253.05,79.13,249.36,80.79,245.39,80.85,246.75,84.05,247.03,86.13,243.88,86.81,240.87,85.99
ND_0hf8Dcl5Ex0_frame000301_r.jpg,0,13.50,406.14,37.36,373.83,49.28,341.99,76.88,342.39,103.28,343.19,12.71,331.85,60.04,295.52,76.71,307.85,87.71,321.19,9.04,342.52,56.38,315.19,88.38,313.52,114.04,315.19,17.38,366.19,68.71,346.52,96.95,343.50,121.01,340.06,36.01,385.37,70.39,369.44,94.76,363.50,116.95,360.06
ND_0kQJXG_ISc4_frame002001_l.jpg,0,147.81,699.71,278.53,695.45,375.78,688.67,500.22,692.00,630.92,659.92,167.70,530.62,152.07,365.80,230.22,266.33,329.69,198.13,112.18,497.31,114.68,299.81,248.43,201.06,333.95,169.71,172.18,474.81,180.93,334.81,259.68,231.06,345.93,189.81,228.43,453.56,218.43,373.56,245.93,317.31,292.18,269.81
ND_0kxPUGKUbIQ_frame003251_r.jpg,0,1195.25,441.50,1114.44,530.04,1026.50,550.25,955.46,504.00,900.15,447.19,967.00,497.85,823.15,451.69,767.75,434.00,734.69,421.69,987.00,391.69,792.38,352.46,763.15,373.23,784.69,400.15,1013.92,324.77,834.69,284.00,773.92,304.77,785.46,334.00,1047.00,282.46,971.62,200.92,890.08,180.15,842.75,194.00
ND_0kxPUGKUbIQ_frame006501_r.jpg,0,1097.29,246.37,987.22,76.22,893.89,-13.78,842.83,-41.19,799.50,-50.36,857.00,-7.03,798.66,-32.86,761.16,-45.36,730.33,-48.69,836.77,44.73,785.86,21.09,747.64,6.64,712.22,-4.36,813.72,129.00,755.72,102.00,723.72,84.00,692.72,61.00,795.72,231.00,744.72,203.00,701.72,180.00,684.72,155.00
ND_0lhArpF5Vsc_frame005383_l.jpg,0,126.08,638.50,107.04,659.35,97.37,686.28,98.60,705.97,99.22,718.91,125.71,693.30,125.74,718.04,119.05,730.80,109.46,727.88,140.30,689.96,141.13,714.96,134.05,729.96,124.88,728.71,145.98,689.13,142.05,710.56,131.20,712.94,125.87,708.43,148.84,688.42,141.69,705.56,133.86,708.06,129.17,705.25
ND_0qcs_fgPj3g_frame028751_r.jpg,0,942.19,500.75,873.83,462.57,809.82,429.17,774.19,405.79,740.79,386.31,852.68,350.13,784.77,347.90,767.19,380.12,760.31,416.38,891.56,344.50,808.44,372.62,782.81,398.25,772.81,442.00,884.06,367.00,835.94,392.00,806.56,417.00,802.19,456.38,884.06,390.75,843.44,413.25,819.06,443.25,817.19,482.00
ND_12_KRcVpDJE_frame000001_r.jpg,0,226.10,439.77,202.47,450.99,190.58,471.31,185.80,497.65,179.13,510.51,167.52,450.59,150.81,487.52,158.46,506.46,170.58,508.41,175.34,457.98,167.52,489.29,176.65,506.68,204.04,509.72,186.82,467.33,179.88,492.20,191.69,501.00,201.58,502.57,195.92,475.63,191.22,489.54,195.22,495.54,202.22,497.54
ND_1JthTZfRWvo_frame000001_r.jpg,0,192.50,293.44,203.06,262.89,218.61,239.56,234.17,219.00,249.17,206.78,157.50,219.56,143.06,196.22,128.06,196.22,116.94,201.78,132.50,240.11,97.19,237.54,108.06,252.89,129.17,265.67,134.76,272.41,99.52,265.75,116.70,280.40,138.45,285.84,140.08,289.64,126.67,284.79,129.88,292.00,138.57,299.56
ND_1JthTZfRWvo_frame000300_l.jpg,0,287.20,371.88,299.81,378.76,310.53,383.76,318.99,392.42,325.12,401.13,306.73,404.03,310.28,420.48,314.17,424.22,314.63,417.40,294.27,405.35,292.81,426.31,291.27,420.16,292.25,413.15,279.11,408.94,276.35,422.44,273.02,416.19,271.02,410.28,267.99,403.54,262.77,410.28,258.56,408.60,253.17,403.04
ND_1UHBwkyWu8w_frame001501_r.jpg,0,1294.38,496.50,1147.08,510.67,990.42,507.33,777.08,454.00,677.86,425.86,946.64,147.77,849.58,-1.00,768.47,36.78,701.81,75.92,1065.62,173.72,904.38,347.47,853.12,414.97,834.38,477.47,1067.50,265.81,975.83,364.14,954.17,464.14,982.50,545.81,1065.83,350.81,980.83,430.81,917.50,499.14,859.17,550.81
ND_1UHBwkyWu8w_frame007801_l.jpg,0,-70.50,731.00,76.99,564.21,180.50,443.00,410.50,482.00,593.50,554.00,172.50,325.00,346.50,343.00,418.50,345.00,475.50,350.00,218.93,469.44,372.68,454.44,471.43,453.19,562.68,465.69,233.93,575.69,382.68,555.69,473.93,548.19,567.68,549.44,241.43,671.94,341.43,650.69,406.43,635.69,476.43,619.44
ND_1ZIcsG-9PkQ_frame000601_l.jpg,0,2.83,807.00,-20.17,730.00,-33.17,636.00,-47.17,540.00,-57.17,439.00,65.92,550.83,115.08,457.50,171.75,398.33,226.75,369.17,150.08,606.67,223.42,545.00,280.08,512.50,349.25,487.50,189.67,672.11,261.75,643.33,315.22,626.56,379.54,610.52,201.89,727.67,248.56,715.44,285.08,706.67,323.42,698.33
ND_1d7Bzrqr5TI_frame011251_l.jpg,0,249.89,699.11,361.04,612.95,461.91,527.40,573.00,453.35,677.50,370.00,307.77,341.23,487.45,272.03,583.22,283.05,681.40,299.41,401.40,352.87,500.49,297.60,583.22,325.78,673.22,353.05,429.99,399.72,519.59,383.05,527.77,449.41,515.95,483.96,453.22,453.05,499.59,429.41,511.40,449.41,502.31,471.23
ND_1dxACounNRE_frame017044_r.jpg,0,384.69,968.93,445.88,891.26,508.25,795.94,513.00,760.17,494.00,680.17,397.00,619.17,425.88,561.77,471.77,631.20,496.48,707.69,302.00,653.17,316.44,632.38,391.00,740.17,432.94,828.89,218.00,717.17,241.00,711.17,326.00,817.17,381.00,867.17,158.00,785.17,149.00,802.17,244.00,872.17,312.00,892.17
ND_1dxACounNRE_frame023024_r.jpg,0,821.97,172.20,905.33,133.17,1016.33,111.17,1091.33,138.17,1128.33,184.17,1092.97,104.45,1161.63,166.70,1173.83,224.25,1177.20,279.31,1081.07,143.81,1151.56,222.55,1137.83,264.66,1118.67,279.50,1056.35,196.00,1110.36,282.06,1083.33,296.25,1051.77,283.89,1021.56,246.35,1064.59,306.78,1029.80,317.77,995.01,303.12
ND_1dxACounNRE_frame029303_l.jpg,0,1385.05,106.84,1298.79,139.50,1225.94,172.15,1162.30,178.02,1094.47,166.29,1193.00,90.00,1136.33,97.33,1108.70,105.16,1085.26,123.59,1202.79,55.25,1149.67,46.00,1114.33,46.00,1088.33,44.67,1212.54,19.75,1177.67,18.67,1149.00,18.00,1117.00,16.00,1246.87,-14.59,1211.67,-14.00,1185.00,-10.67,1154.33,-9.33
ND_1fAq474jxLA_frame006454_l.jpg,0,1124.27,626.25,1113.99,644.84,1106.08,674.90,1107.86,699.16,1113.00,719.44,1112.80,680.83,1115.96,719.98,1121.11,748.46,1124.67,774.96,1136.93,680.04,1141.28,714.05,1146.42,744.51,1149.58,783.66,1158.68,675.69,1165.01,704.56,1171.73,730.66,1177.57,760.59,1176.08,667.38,1183.60,689.53,1189.53,705.35,1194.14,718.87
ND_1fAq474jxLA_frame006693_r.jpg,0,839.50,985.24,856.20,955.09,872.43,926.33,901.19,898.96,925.50,884.50,867.33,918.91,864.08,879.94,885.50,856.80,912.30,846.40,875.22,944.42,900.26,933.29,943.17,918.17,978.50,906.17,881.71,969.93,909.54,960.19,953.61,947.67,988.17,931.17,893.10,994.40,910.30,985.20,932.70,978.00,955.93,968.08
ND_1fAq474jxLA_frame006932_l.jpg,0,1401.50,447.25,1419.29,406.55,1431.17,371.67,1436.92,351.35,1430.40,327.21,1467.97,351.74,1487.43,343.13,1489.43,330.47,1469.77,343.80,1484.43,374.47,1507.10,358.80,1498.63,358.25,1477.93,366.69,1498.77,384.47,1517.43,378.80,1518.43,370.80,1508.77,375.80,1500.43,406.80,1511.10,400.80,1517.77,393.47,1520.10,388.47
ND_1fAq474jxLA_frame010278_l.jpg,0,1313.67,1236.33,1293.67,1166.33,1296.33,1103.00,1318.33,1071.00,1327.00,1036.33,1386.33,1095.67,1405.00,1064.33,1426.33,1031.00,1445.36,986.30,1438.33,1110.33,1488.33,1070.33,1511.67,1051.67,1530.77,1031.52,1467.67,1141.00,1513.00,1114.33,1543.67,1093.67,1563.67,1071.67,1484.33,1176.33,1515.00,1161.00,1540.33,1151.67,1559.67,1141.67
ND_1fN9ZTh7-t8_frame001501_l.jpg,0,-318.00,770.00,-138.00,714.00,-16.00,550.00,91.92,412.76,202.32,290.67,-238.00,336.00,-28.00,176.00,82.00,138.00,186.00,130.00,-174.00,388.00,-10.00,264.00,120.00,232.00,226.00,224.00,-118.00,440.00,38.00,320.00,119.20,302.36,214.00,318.00,-76.00,488.00,10.00,386.00,86.00,364.00,162.00,354.00
ND_1h1SQNAtwTE_frame001501_l.jpg,0,-97.00,629.00,-50.00,481.50,22.00,338.50,208.00,297.50,350.00,170.50,55.00,304.50,165.00,199.50,262.00,200.50,350.00,225.50,129.00,397.50,268.00,326.50,342.00,305.50,428.00,298.50,150.00,464.50,279.00,389.50,369.00,368.50,427.00,366.50,160.00,553.50,233.00,490.50,252.00,537.50,214.00,605.50
ND_1jZJW8Rdl8I_frame000251_l.jpg,0,1275.58,116.53,1119.83,159.44,962.48,175.33,952.00,372.50,814.00,437.50,935.46,435.99,1029.00,636.50,1064.00,565.50,1029.00,501.50,1075.00,558.50,1203.00,645.50,1212.00,542.50,1161.00,489.50,1192.00,569.50,1300.00,620.50,1284.00,531.50,1240.00,493.50,1300.00,575.50,1373.00,624.50,1386.00,572.50,1346.00,527.50
ND_1kD4M3B9t68_frame000301_l.jpg,0,129.99,447.10,115.19,423.34,100.73,399.25,76.63,395.81,53.57,393.74,69.40,420.59,39.11,419.21,22.59,414.39,6.41,412.33,66.99,438.83,35.67,437.11,14.67,429.88,-1.17,426.44,70.78,449.16,42.90,444.34,25.68,437.80,8.47,431.95,78.80,457.77,57.70,447.44,46.47,441.43,33.95,435.39
ND_1lre1rD0fZE_frame001801_l.jpg,0,767.02,192.74,761.61,184.38,757.00,173.82,758.57,169.45,761.31,163.50,762.37,174.65,761.95,170.44,762.37,167.38,764.27,166.33,765.85,174.75,765.35,170.81,765.95,168.61,767.05,166.51,768.85,176.01,768.65,171.71,768.75,169.01,769.85,167.01,772.65,177.21,772.65,172.81,772.66,170.20,772.55,167.71
ND_1lre1rD0fZE_frame004801_l.jpg,0,1131.94,-83.11,1046.89,-36.62,1014.56,14.08,1016.03,91.98,996.39,182.44,1035.13,68.46,1020.44,180.16,1001.33,227.93,983.69,264.67,1118.91,91.24,1101.27,206.61,1069.67,257.32,1045.39,296.28,1188.72,71.40,1206.36,147.83,1163.06,194.11,1128.61,230.22,1231.34,65.52,1240.90,105.94,1228.06,139.67,1204.17,168.00
ND_1lre1rD0fZE_frame016501_r.jpg,0,534.82,317.51,527.18,282.49,531.30,269.28,541.93,258.74,545.93,245.49,517.42,282.46,540.18,271.49,553.80,262.42,565.93,252.75,527.61,296.52,554.33,281.05,568.39,267.52,576.83,259.08,537.98,304.79,565.23,285.62,570.18,277.74,570.93,270.74,560.93,304.99,567.43,294.49,568.43,286.74,566.29,279.47
ND_1n988ZbdIwc_frame008373_r.jpg,0,1441.30,692.34,1308.76,686.93,1173.50,639.59,1171.09,532.56,1194.09,468.56,1165.39,446.18,1078.88,403.44,1043.88,387.19,1017.62,360.94,1249.24,388.02,1196.50,304.17,1196.09,373.56,1216.09,434.56,1331.75,363.68,1295.23,305.52,1271.09,367.56,1298.09,419.56,1419.66,379.91,1384.09,341.56,1362.09,385.56,1378.09,422.56
ND_1y30oBpiYK4_frame000751_l.jpg,0,932.39,437.39,944.50,406.73,951.24,384.27,963.86,361.24,970.34,341.51,985.21,398.81,991.96,399.89,995.88,395.78,996.73,385.11,979.53,417.19,988.72,423.95,992.77,416.38,983.32,411.79,970.90,430.88,973.14,438.18,967.37,433.68,960.23,424.70,953.59,442.33,961.35,441.54,953.05,435.57,940.07,436.65
ND_1y30oBpiYK4_frame002501_l.jpg,0,629.63,552.39,609.80,557.48,594.39,553.48,582.98,559.28,570.09,562.86,608.20,557.68,605.80,571.90,604.80,586.51,603.58,600.07,621.81,563.49,620.56,576.34,617.77,589.60,610.09,602.16,633.58,568.67,628.70,594.48,622.19,600.07,613.35,597.97,641.83,581.50,635.43,599.52,626.82,607.13,620.21,607.73
ND_1y30oBpiYK4_frame002751_l.jpg,0,685.27,499.56,692.90,494.60,697.58,488.18,709.17,481.77,720.51,474.38,714.09,504.53,724.90,519.67,720.03,526.69,713.28,535.88,713.55,524.26,725.44,541.02,719.76,546.42,709.49,549.94,710.03,541.29,709.22,554.26,701.66,559.94,691.93,565.88,700.71,545.43,698.21,556.68,689.46,562.68,678.46,565.43
ND_1y30oBpiYK4_frame013251_r.jpg,0,896.16,457.40,915.98,448.79,929.59,440.59,944.01,446.79,951.21,454.80,948.61,439.79,972.03,449.40,974.68,457.05,970.63,464.61,950.01,452.40,972.63,464.41,973.23,472.32,967.77,472.14,944.61,465.21,957.23,476.14,947.59,474.69,941.41,469.96,938.00,474.82,941.60,478.82,935.00,475.42,930.19,472.22
ND_1y30oBpiYK4_frame013501_l.jpg,0,92.50,350.25,190.83,329.77,278.19,281.50,410.02,300.80,523.08,362.33,430.38,200.05,530.53,250.24,585.14,317.16,618.22,366.39,432.84,279.47,505.14,320.24,558.99,346.39,613.61,397.93,420.53,329.47,482.84,364.86,519.76,383.32,571.30,409.47,394.53,374.05,435.53,384.05,472.53,406.05,490.53,431.05
ND_22notxXFw4M_frame007801_r.jpg,0,894.40,197.26,883.05,245.08,867.65,292.10,835.49,300.65,811.09,304.25,816.59,268.59,795.51,309.12,793.49,328.98,793.49,340.65,791.87,248.33,775.56,294.63,778.90,312.76,786.99,328.20,791.46,216.71,775.25,268.18,784.98,282.37,798.35,291.29,793.49,202.53,784.17,243.46,792.68,262.51,807.27,266.56
ND_29hHg2US7j8_frame001496_l.jpg,0,580.93,519.30,583.06,516.90,584.47,513.78,586.25,511.75,588.12,510.22,581.17,510.66,582.12,507.50,583.10,506.14,584.25,504.65,580.50,510.90,581.48,507.77,582.58,506.24,583.75,504.34,580.01,511.15,580.93,507.96,582.15,506.36,583.26,504.64,579.70,511.51,580.56,508.26,581.54,506.73,582.50,505.71
ND_29hHg2US7j8_frame011961_l.jpg,0,675.55,392.75,668.18,405.00,665.50,414.49,665.30,420.85,668.58,428.54,664.07,422.79,665.40,432.12,669.50,438.38,673.60,442.17,671.35,424.74,673.60,434.79,679.45,439.30,683.55,441.05,678.22,424.43,681.91,434.07,685.04,436.71,690.04,437.43,686.22,421.36,687.65,429.77,689.47,434.29,692.33,436.00
ND_2AsZewJTyjQ_frame007441_r.jpg,0,1746.26,1563.62,1832.33,1620.67,1896.16,1674.66,1935.95,1728.33,1943.35,1805.13,1961.86,1757.01,2001.64,1835.66,2014.60,1881.00,2021.67,1907.33,1910.04,1806.98,1949.83,1889.33,1969.67,1941.33,1977.00,1980.67,1849.67,1822.67,1878.33,1910.67,1894.33,1962.00,1904.33,1996.67,1810.11,1852.32,1820.33,1916.00,1825.00,1950.67,1827.67,1974.00
ND_2DxDyTzNZ7Y_frame000481_l.jpg,0,592.81,191.56,581.77,170.42,569.77,163.38,563.29,151.00,562.72,139.00,632.42,149.28,628.49,132.06,623.24,119.06,611.74,106.06,627.66,143.00,621.24,123.56,610.99,110.56,595.10,104.72,619.85,140.91,604.89,131.22,585.56,132.11,566.24,137.31,607.09,136.14,596.22,133.22,582.22,136.56,571.29,138.81
ND_2Eqb379XW1o_frame000300_l.jpg,0,504.50,607.00,475.50,445.00,400.51,351.75,309.92,300.12,279.50,250.00,255.37,450.14,144.32,377.08,116.07,315.71,118.02,273.82,234.25,511.50,136.75,424.00,125.75,365.50,162.25,308.50,243.75,542.50,166.73,441.37,173.75,395.50,201.25,352.50,272.75,563.50,239.75,482.50,226.25,424.00,233.75,383.50
ND_2KfrcHAWz0U_frame002101_r.jpg,0,196.50,513.33,164.67,352.33,183.52,259.60,213.51,187.31,205.82,135.79,317.34,212.69,295.80,128.10,255.81,102.72,212.75,98.87,383.47,264.99,388.09,185.01,318.00,169.67,256.00,173.00,406.00,332.33,383.47,244.22,342.71,220.38,300.00,230.33,422.67,368.33,408.67,295.67,375.01,279.60,341.18,285.75
ND_2LCTdBkLn3o_frame008373_l.jpg,0,1420.75,-73.33,1384.25,-17.83,1343.61,35.62,1316.66,88.95,1276.25,112.17,1435.60,69.02,1417.44,150.47,1382.87,145.20,1349.47,124.10,1481.89,69.02,1427.98,122.34,1392.83,111.80,1374.66,95.39,1495.95,63.16,1442.63,97.15,1413.92,91.29,1399.27,61.99,1502.40,54.96,1463.73,73.12,1435.02,68.44,1426.23,53.20
ND_2LCTdBkLn3o_frame016446_l.jpg,0,1184.58,423.59,1100.53,385.14,1060.75,374.00,1014.75,334.00,992.75,312.50,1059.33,271.43,1009.89,269.79,965.95,278.58,936.75,294.50,1071.42,293.41,1011.54,298.35,963.75,315.93,942.75,340.00,1089.54,321.97,1031.87,327.46,981.33,341.20,957.75,363.00,1108.22,353.28,1067.57,367.56,1030.77,386.24,998.25,404.50
ND_2LCTdBkLn3o_frame026313_l.jpg,0,1218.40,452.20,1163.46,474.01,1101.69,491.98,1072.49,518.93,1031.50,538.02,1106.75,520.62,1082.04,578.45,1096.83,603.07,1105.17,614.40,1130.89,530.72,1111.80,588.56,1120.83,624.40,1122.50,650.73,1164.02,537.46,1139.88,579.01,1138.19,621.13,1141.50,645.07,1197.71,542.52,1182.55,559.36,1164.58,590.81,1153.50,616.40
ND_2LCTdBkLn3o_frame031695_r.jpg,0,924.50,721.00,944.17,699.33,971.50,669.67,1038.05,662.06,1068.69,665.16,970.93,665.16,1011.20,666.54,1033.92,681.68,1038.83,688.67,972.65,697.17,1013.96,702.68,1037.17,706.33,1044.83,708.33,974.37,727.47,1011.89,735.04,1039.43,731.94,1046.32,727.81,969.90,751.91,1003.29,758.10,1031.17,755.35,1050.10,750.19
ND_2WLrDcbQXyo_frame015601_r.jpg,0,1421.00,1285.00,1109.00,1209.00,783.00,1057.00,685.00,811.00,621.00,543.00,1497.00,595.00,1419.00,469.00,1185.00,581.00,903.00,569.00,1417.00,583.00,1147.00,391.00,955.00,471.00,827.00,575.00,1311.00,665.00,993.00,511.00,839.00,389.00,682.50,253.00,1269.00,741.00,1093.00,669.00,933.00,679.00,871.00,767.00
ND_2Yg-G5Ar-z4_frame002751_l.jpg,0,649.44,299.62,637.69,324.96,625.93,346.12,611.30,373.03,596.94,396.02,653.62,388.44,626.98,406.21,605.57,410.29,590.71,416.00,639.52,386.35,619.14,397.06,602.43,392.86,586.49,379.30,634.81,381.13,614.44,382.17,602.68,360.23,601.90,344.30,628.81,372.25,618.88,367.81,606.08,353.44,604.25,337.76
ND_2Yg-G5Ar-z4_frame003501_r.jpg,0,240.46,104.12,309.68,94.42,386.03,84.07,429.37,108.00,473.37,124.83,366.62,106.71,431.96,143.59,468.19,165.58,494.25,174.00,346.56,157.17,417.73,187.58,461.72,201.17,499.89,213.46,330.39,188.23,395.73,212.17,428.08,213.46,454.75,200.50,320.04,211.52,371.62,228.75,393.12,224.50,419.02,216.70
ND_2Yg-G5Ar-z4_frame007751_r.jpg,0,433.26,580.62,452.07,605.70,471.92,623.21,485.24,641.75,503.53,654.29,450.24,638.10,447.37,660.30,444.75,677.80,439.79,692.95,431.69,640.97,427.77,663.70,422.55,681.98,413.71,692.17,417.85,643.06,414.97,664.22,410.27,680.94,404.46,689.67,410.53,643.32,407.92,660.82,405.05,673.36,398.71,682.42
ND_2jZlt_JB0CQ_frame000957_r.jpg,0,406.80,476.79,397.26,465.38,387.06,455.58,383.70,449.40,378.46,444.16,412.03,443.49,403.98,445.24,397.93,449.54,395.11,453.56,423.18,451.95,414.18,453.16,408.01,456.25,405.32,460.68,426.67,465.25,420.36,465.38,414.85,467.26,410.69,470.48,426.80,476.79,422.24,476.52,417.40,476.93,414.18,478.94
ND_2jZlt_JB0CQ_frame001196_l.jpg,0,375.40,650.60,370.48,598.48,359.79,557.48,357.40,537.00,357.40,527.00,409.80,547.40,426.45,527.54,415.04,526.47,388.31,526.83,428.58,570.32,416.11,564.26,385.10,564.97,355.87,573.17,433.93,597.76,411.83,602.04,380.82,608.81,351.95,617.72,433.22,624.14,405.42,633.76,385.81,639.11,360.86,646.24
ND_2kbVNHTDXlw_frame001321_l.jpg,0,-103.00,738.00,-67.00,596.00,25.54,363.72,118.90,217.01,238.93,129.57,75.50,195.00,252.27,139.94,382.68,141.43,487.50,137.00,94.33,221.67,273.50,197.00,396.50,176.00,528.50,152.00,111.67,241.00,269.67,187.67,409.00,154.33,522.33,133.67,136.83,277.00,259.83,223.00,344.83,205.00,423.83,197.00
ND_2ue7tmgxWCE_frame000301_r.jpg,0,569.30,303.00,582.08,283.96,598.73,275.91,611.21,267.31,620.08,259.79,593.49,274.70,608.80,272.01,619.81,271.21,628.15,270.73,596.31,284.50,612.29,281.68,623.30,281.68,630.82,282.40,597.38,294.97,611.89,292.29,620.61,291.48,626.52,291.62,596.98,304.24,608.66,302.90,616.99,300.34,623.30,299.67
ND_2ue7tmgxWCE_frame003001_l.jpg,0,1055.11,347.75,1025.12,368.98,994.67,399.89,974.36,422.50,955.25,444.00,1038.50,428.04,1039.89,459.88,1041.27,489.41,1040.86,514.07,1068.96,429.89,1082.80,464.95,1090.18,497.72,1096.86,522.07,1091.11,426.66,1104.95,458.49,1113.25,487.10,1118.86,509.79,1105.41,418.81,1119.25,443.73,1129.87,462.19,1140.57,481.21
ND_2ue7tmgxWCE_frame011401_l.jpg,0,1074.01,130.74,1074.01,157.91,1078.15,186.27,1108.87,208.13,1138.13,228.33,1157.32,192.18,1206.95,204.59,1235.31,213.45,1264.50,222.33,1172.68,171.50,1218.17,185.09,1248.30,195.14,1277.25,208.72,1183.31,160.87,1215.81,172.09,1243.62,182.05,1266.48,191.48,1188.04,150.82,1207.62,158.05,1221.05,163.19,1234.48,168.62
ND_2ue7tmgxWCE_frame021001_l.jpg,0,916.40,531.14,903.58,500.07,886.32,464.56,854.26,463.08,822.70,475.41,859.19,422.64,799.17,440.67,766.97,463.57,756.17,509.67,831.50,433.67,773.38,456.18,751.68,495.63,747.50,529.00,824.67,454.70,774.83,487.33,760.83,517.67,747.50,540.67,808.89,485.27,782.26,512.89,772.17,539.00,756.50,552.33
ND_2ue7tmgxWCE_frame021901_r.jpg,0,948.25,401.50,933.75,373.00,912.25,315.50,898.75,322.00,881.25,354.00,812.30,334.68,778.79,335.11,813.59,332.10,843.24,321.36,811.88,371.63,781.37,375.93,823.48,364.33,851.84,357.45,824.25,407.50,805.86,407.73,842.81,390.54,861.72,383.23,838.25,425.50,835.25,435.00,858.25,421.50,874.75,411.00
ND_2ue7tmgxWCE_frame033301_l.jpg,0,350.13,123.58,408.02,107.90,471.94,100.66,517.77,121.16,561.79,139.86,527.42,71.11,561.79,95.84,564.80,112.80,566.00,133.60,516.57,105.48,539.20,132.80,556.80,162.00,576.00,195.60,491.60,130.00,515.96,153.12,524.80,166.40,542.00,187.20,456.80,142.40,474.40,155.20,486.80,164.40,508.40,178.80
ND_2ue7tmgxWCE_frame034201_r.jpg,0,316.66,524.77,312.52,434.71,317.69,329.13,341.50,263.91,340.46,199.73,456.40,340.52,515.41,294.97,560.95,261.84,606.50,226.65,502.98,388.13,569.23,355.01,627.20,318.78,680.00,289.79,518.51,439.89,584.76,418.15,636.52,389.17,683.10,357.08,525.76,490.61,576.48,482.33,619.96,473.02,667.57,460.59
ND_2yb2rtwlm9U_frame000301_r.jpg,0,240.25,474.00,220.75,438.50,186.42,419.70,158.74,419.70,129.47,427.15,172.58,467.07,152.36,463.87,131.07,456.42,119.36,448.44,169.39,502.19,146.75,504.00,120.96,487.29,99.67,478.78,168.86,537.85,142.78,535.19,118.29,525.61,100.20,497.94,173.75,578.50,151.25,571.50,127.87,558.61,106.05,539.45
ND_3-p6y8WAXWY_frame019801_r.jpg,0,691.71,410.67,683.12,423.16,674.92,433.44,663.56,438.31,656.16,442.82,664.71,422.27,654.71,435.87,648.71,443.47,640.31,452.47,659.71,414.41,647.43,425.41,644.00,432.70,643.14,441.27,658.32,411.92,649.66,422.58,646.59,429.65,644.32,438.18,658.54,410.05,652.06,418.18,650.19,424.18,649.92,431.12
ND_3-p6y8WAXWY_frame023101_r.jpg,0,688.82,433.91,683.67,440.75,675.70,448.73,671.89,457.39,669.29,465.71,651.01,446.08,642.35,454.30,636.53,462.94,631.77,472.77,649.24,444.50,641.03,452.71,634.17,461.17,627.50,470.37,652.35,447.97,643.68,455.63,638.44,464.23,634.90,473.63,653.57,449.74,648.01,454.41,645.46,457.74,643.01,462.30
ND_3-p6y8WAXWY_frame032401_l.jpg,0,746.36,581.35,732.33,572.03,720.72,566.83,706.95,568.01,701.62,576.46,701.06,579.81,689.62,582.72,699.46,576.61,709.46,575.61,701.46,599.81,692.52,603.57,700.66,596.61,712.66,591.61,705.74,607.95,699.99,612.95,708.74,609.70,718.33,604.08,714.74,622.54,723.24,621.95,727.49,616.95,725.99,607.95
ND_3-tEjTl7Lzk_frame001751_l.jpg,0,817.68,526.47,806.93,531.32,798.30,536.62,792.58,547.00,787.87,552.32,792.10,543.58,783.62,549.78,775.60,554.33,768.46,557.82,800.18,546.25,795.75,551.53,791.04,556.75,787.46,560.39,810.71,547.67,807.89,553.53,805.42,558.41,802.89,563.67,820.71,548.42,821.89,553.10,822.18,556.82,822.75,561.10
ND_3-tEjTl7Lzk_frame003001_l.jpg,0,532.13,405.10,520.70,409.05,509.72,413.15,500.78,424.29,492.87,435.27,528.61,438.65,518.34,450.78,508.48,453.98,497.68,451.31,531.68,443.45,515.41,456.11,503.71,453.58,495.54,445.71,533.28,446.25,515.81,454.11,506.88,451.45,503.41,438.91,533.34,447.69,517.68,452.78,509.54,452.38,507.68,443.85
ND_3-tEjTl7Lzk_frame009751_l.jpg,0,820.33,520.41,824.18,525.64,828.02,533.95,835.87,545.33,840.79,550.41,840.18,544.87,848.33,554.26,852.18,559.95,856.33,565.18,835.56,550.26,839.87,559.95,842.02,565.79,844.64,573.64,827.26,548.41,826.02,560.10,824.49,566.41,823.26,570.87,819.26,546.41,810.95,557.64,807.56,561.49,804.79,565.33
ND_306wcl_ZdIs_frame001196_l.jpg,0,870.00,101.00,1018.00,117.00,1134.00,103.00,1267.71,133.62,1168.10,180.10,1170.00,405.00,1148.18,520.43,1022.01,490.55,870.93,435.77,1023.67,590.16,960.58,649.93,831.09,626.68,661.75,581.86,889.20,633.32,793.00,747.00,699.00,766.00,611.00,738.00,705.00,709.00,656.00,811.00,583.00,793.00,483.00,769.00
ND_306wcl_ZdIs_frame002391_r.jpg,0,434.20,499.00,444.80,502.40,452.60,512.40,461.40,534.80,468.80,547.60,440.80,538.20,450.20,558.80,463.00,562.00,468.20,559.40,433.00,538.80,440.40,556.60,451.20,554.80,460.10,551.20,428.40,538.00,439.00,551.40,446.00,551.00,454.43,548.03,423.80,537.20,437.20,547.60,445.20,545.60,449.80,542.20
ND_321FfAhcQfs_frame002991_l.jpg,0,313.29,227.38,306.88,216.81,299.62,210.70,286.91,203.58,276.71,200.38,298.58,204.63,278.19,203.50,268.47,206.07,260.11,208.65,299.07,214.94,279.33,211.07,273.53,211.93,271.22,214.55,297.98,225.33,279.83,219.78,275.83,223.01,280.60,225.32,298.25,235.45,283.37,236.39,280.91,235.01,282.91,233.16
ND_34pjUmmqYMI_frame001161_r.jpg,0,237.33,-105.38,355.93,-105.38,420.33,-60.33,458.33,-5.67,477.08,102.18,310.70,7.43,401.00,113.00,482.33,137.67,551.00,137.00,245.70,7.43,260.20,136.92,359.00,180.33,439.53,182.60,270.70,6.43,302.53,101.93,373.03,163.93,453.53,180.43,357.70,23.43,413.70,67.43,459.03,89.43,521.03,99.43
ND_35g_wSAfJCk_frame000001_r.jpg,0,338.84,310.15,318.27,321.87,304.60,337.20,292.93,360.53,287.27,375.53,256.93,302.87,231.27,306.53,210.92,324.36,200.52,343.43,250.60,320.53,231.72,326.79,230.27,342.53,242.27,351.87,257.27,334.87,243.93,341.87,236.27,353.53,242.27,365.53,268.93,337.87,256.27,347.20,253.93,355.20,255.60,364.53
ND_35g_wSAfJCk_frame000300_l.jpg,0,286.59,357.84,261.63,329.76,237.01,303.41,208.24,314.16,196.80,332.53,185.36,324.91,159.67,329.73,178.33,340.73,192.67,337.07,185.36,351.60,174.96,367.89,191.00,373.73,207.67,365.07,190.56,380.72,186.33,391.73,199.00,393.73,212.00,386.07,201.65,403.60,187.79,416.43,200.61,414.70,212.75,410.88
ND_3MIx2xsfays_frame002501_l.jpg,0,-190.22,2379.16,-96.36,2342.16,2.21,2270.74,65.07,2130.74,83.64,2052.16,-46.36,2126.45,36.49,1955.02,82.21,1860.74,116.49,1772.16,-114.93,2107.88,-17.79,1922.16,30.78,1819.31,69.35,1733.59,-166.36,2087.88,-76.36,1885.02,-34.93,1805.02,2.21,1712.16,-212.08,2077.88,-150.65,1879.31,-96.36,1802.16,-52.08,1750.74
ND_3PqKwAmblrs_frame000901_l.jpg,0,7.10,428.78,57.10,345.78,102.95,249.78,170.67,194.17,255.51,154.96,90.12,190.61,155.70,172.07,205.61,157.81,264.78,149.26,126.57,240.57,190.63,214.85,234.99,200.57,287.10,183.72,136.57,292.67,197.62,274.25,243.41,257.41,291.31,243.20,156.36,344.13,197.72,323.68,235.45,307.31,291.15,281.86
ND_3PqKwAmblrs_frame002701_l.jpg,0,-32.69,419.38,57.31,343.23,139.78,278.91,220.25,244.53,306.19,217.19,117.31,168.62,167.12,132.81,228.06,106.25,292.91,85.94,140.38,220.92,199.94,204.69,255.00,197.08,319.62,194.77,153.46,291.69,212.69,272.46,265.00,250.92,328.08,235.54,178.85,350.15,225.77,337.08,264.78,326.56,317.12,310.94
ND_3Pyo3m3Ib3M_frame007501_l.jpg,0,72.53,587.40,37.11,588.68,3.93,605.55,-5.80,640.62,-6.12,660.94,25.16,658.46,-2.60,691.43,-11.93,682.56,-13.67,658.70,38.61,669.30,8.95,686.47,-2.06,675.80,-4.32,654.19,48.21,670.90,25.38,684.68,7.53,670.40,7.53,651.47,56.54,671.99,35.00,682.14,22.53,668.97,21.81,650.04
ND_3Pyo3m3Ib3M_frame023501_r.jpg,0,814.62,647.66,836.23,632.24,852.41,613.71,860.44,588.70,856.73,572.52,840.35,573.71,843.26,562.08,842.41,576.94,838.29,595.76,825.06,572.53,825.06,556.65,826.23,549.29,828.59,559.29,805.52,571.18,804.76,556.94,804.17,549.88,804.51,534.45,786.99,576.23,783.96,560.73,778.91,544.22,776.21,524.68
ND_3Pyo3m3Ib3M_frame035251_l.jpg,0,356.88,518.34,343.64,525.10,334.45,538.88,332.56,554.02,332.56,562.94,344.99,547.80,344.72,565.10,344.72,574.83,344.72,584.02,353.37,547.80,353.91,564.83,354.72,573.48,355.53,584.56,364.92,548.77,365.42,564.27,365.67,572.02,366.42,582.27,372.83,548.34,376.61,557.80,379.59,564.02,381.48,570.23
ND_3ey3cr5iCIs_frame003589_l.jpg,0,676.02,360.77,676.81,342.35,676.25,326.29,682.99,322.02,685.68,323.14,651.77,336.84,657.92,326.76,669.01,324.80,680.53,329.58,652.67,346.50,671.66,334.22,681.12,334.94,688.15,337.63,662.66,351.89,675.12,343.49,684.39,342.22,689.84,345.49,671.53,355.09,680.03,349.67,687.04,349.38,691.52,351.78
ND_3ey3cr5iCIs_frame021828_l.jpg,0,1077.73,486.45,1058.82,453.73,1042.81,419.39,1001.09,411.00,969.10,415.51,983.51,403.88,945.27,407.75,923.10,413.85,900.38,421.06,974.09,433.80,931.97,432.69,904.26,437.68,878.77,440.45,973.54,464.84,932.73,461.69,901.13,458.89,874.73,457.29,978.52,499.20,948.33,492.89,930.33,488.09,911.53,483.69
ND_3i4ZRWVgImA_frame008373_r.jpg,0,1267.59,99.26,1141.80,139.52,977.00,187.00,838.22,213.32,727.52,233.44,782.00,-5.00,673.85,38.88,647.01,147.90,657.08,255.25,823.00,55.00,749.00,128.00,682.00,227.00,616.00,311.00,882.00,92.00,827.00,149.00,858.00,214.00,908.00,196.00,932.00,119.00,917.00,168.00,950.00,205.00,998.00,191.00
ND_3i4ZRWVgImA_frame014951_l.jpg,0,20.65,451.68,197.38,436.80,411.32,427.50,586.20,423.77,718.28,418.19,446.67,217.28,601.08,228.44,686.66,271.23,757.35,304.71,387.14,172.63,511.00,156.00,610.00,209.00,666.00,267.00,325.31,168.62,453.00,186.00,534.00,235.00,603.00,277.00,268.00,173.00,338.00,166.00,423.00,172.00,497.00,201.00
ND_3j8ZyZDI_aU_frame002991_l.jpg,0,641.59,240.91,658.40,234.51,672.64,232.26,685.87,224.85,691.67,219.04,654.40,198.87,660.60,204.28,661.61,212.09,661.81,218.69,636.38,204.68,644.79,209.68,647.59,216.09,648.99,222.50,625.77,214.49,633.38,216.89,636.58,223.10,638.18,229.10,617.36,226.10,624.77,226.50,627.37,230.50,628.57,236.31
ND_3j8ZyZDI_aU_frame009569_r.jpg,0,649.15,368.90,664.90,358.15,675.65,347.40,683.65,326.40,685.40,309.40,692.65,345.40,695.40,331.40,694.65,317.15,687.15,314.40,672.90,345.65,678.15,334.15,679.15,323.15,673.40,317.40,663.65,345.40,666.40,334.40,664.90,323.40,661.15,318.65,650.40,347.90,651.40,336.40,650.40,326.40,647.65,323.40
ND_3slanOu0FwM_frame001201_r.jpg,0,1690.00,1288.75,1265.70,1194.03,1088.48,1068.83,809.17,903.17,585.73,860.79,1157.50,808.75,917.50,826.25,717.50,866.25,512.50,1008.75,1130.00,991.25,880.00,941.25,837.50,1113.75,1015.00,1186.25,1125.00,1197.86,945.00,1176.25,957.50,1271.09,1065.00,1326.25,1212.86,1350.89,1097.86,1385.00,1000.71,1415.00,829.29,1456.43
ND_41Glwpi3-Xc_frame003601_l.jpg,0,411.08,793.92,468.52,692.19,522.58,629.13,555.61,554.05,615.67,519.02,455.51,547.05,455.51,464.97,447.50,389.89,446.50,325.83,384.44,548.05,366.42,460.96,353.41,372.88,343.40,303.81,328.39,562.06,317.38,486.99,314.37,413.92,334.92,368.54,299.54,588.54,284.92,500.85,294.15,474.69,304.15,446.23
ND_41Glwpi3-Xc_frame006961_l.jpg,0,98.29,620.77,98.60,514.01,119.70,393.77,64.85,321.00,45.87,256.66,19.50,377.95,6.29,274.77,13.29,203.77,8.29,132.77,4.29,395.77,-11.71,277.77,-17.71,199.77,-18.71,126.77,-21.71,434.77,-34.71,280.77,-38.71,222.77,-42.71,158.77,-42.71,476.77,-58.71,318.77,-59.71,271.77,-60.71,214.77
ND_45pu-sgaTqM_frame003888_l.jpg,0,-63.21,802.68,67.03,720.04,156.91,564.62,252.41,427.92,336.79,325.93,4.79,375.93,63.28,324.93,147.79,394.93,214.79,462.93,33.79,475.93,171.79,520.93,247.79,592.93,317.79,634.93,72.79,613.93,164.79,638.93,232.21,686.57,292.21,720.86,91.79,729.93,143.79,735.93,204.79,753.93,255.79,765.93
ND_46W1Sz9D0jM_frame000301_r.jpg,0,1285.00,792.43,1149.58,691.63,1066.93,643.95,938.20,540.64,798.33,508.86,1009.14,449.95,861.14,428.95,768.14,440.95,660.14,484.95,958.14,523.95,825.35,507.27,731.14,544.95,648.14,629.95,933.43,601.04,821.14,590.95,779.26,658.25,765.14,735.95,949.32,659.84,884.16,663.02,831.71,683.68,814.14,728.95
ND_47_XQJhKK9o_frame000898_r.jpg,0,695.29,1815.97,661.30,1578.08,620.95,1338.06,726.21,1217.93,682.21,1121.93,931.05,1314.70,860.96,1146.90,786.21,1087.93,720.21,1072.93,1069.12,1408.16,1064.21,1155.93,938.21,1146.93,835.21,1162.93,1100.98,1522.85,1089.21,1315.93,1002.21,1286.93,916.19,1295.58,1088.23,1586.57,1050.00,1452.76,992.36,1419.00,933.18,1401.78
ND_4EZvuwRQdA4_frame000901_l.jpg,0,-480.93,535.54,-293.43,529.64,-146.29,493.93,23.71,401.07,209.43,285.36,-230.57,213.93,-49.14,152.50,68.00,201.07,246.57,281.07,-212.00,312.50,-34.86,241.07,100.86,255.36,205.14,301.07,-180.57,392.50,-22.00,331.07,75.14,332.50,158.00,338.21,-166.29,442.50,-16.29,369.64,53.71,371.07,118.00,376.79
ND_4Jg5I2DhCH4_frame004501_l.jpg,0,-294.64,991.25,-214.64,803.75,-164.64,645.89,35.36,555.89,313.45,368.11,128.12,457.59,254.34,426.57,378.63,437.99,497.86,465.89,136.70,550.45,324.34,533.27,460.98,549.02,562.80,578.65,132.41,660.45,265.27,626.16,379.73,635.58,430.98,684.73,136.07,715.94,273.84,701.88,331.26,713.27,373.57,746.35
ND_4RsI9OAusyM_frame003601_r.jpg,0,1257.50,495.71,1239.43,322.25,1268.21,139.64,1270.89,29.89,1256.47,-67.12,1284.21,79.64,1243.21,-37.36,1177.21,-64.36,1109.21,-60.36,1258.21,86.64,1244.21,28.64,1192.21,5.64,1108.21,-9.36,1225.21,139.64,1214.21,74.64,1141.21,120.64,1149.21,223.64,1184.21,222.64,1121.21,186.64,1104.21,239.64,1148.21,288.64
ND_4ZZlqGRhyjs_frame000718_l.jpg,0,39.47,249.21,41.98,189.11,29.47,147.58,52.79,108.90,60.75,66.24,115.36,128.81,143.80,107.20,164.85,90.70,188.74,69.65,140.39,144.74,169.40,116.87,192.16,96.96,216.62,73.06,157.46,164.65,181.35,140.19,201.83,114.59,225.15,90.13,172.82,187.40,188.17,168.63,201.83,147.01,213.20,119.71
ND_4ZZlqGRhyjs_frame003108_l.jpg,0,-70.93,234.70,11.70,234.70,94.33,217.33,116.49,191.77,138.23,163.25,7.06,151.22,32.51,111.67,59.79,103.95,99.79,115.31,58.88,174.86,78.42,153.95,110.70,149.86,136.15,165.31,39.79,160.76,70.24,135.31,105.70,126.22,136.60,126.22,73.88,189.86,92.06,180.31,117.51,177.13,137.06,175.76
ND_4_jQxIS8_ao_frame004486_l.jpg,0,175.14,1023.50,202.40,602.42,241.13,437.82,239.52,307.10,221.76,203.82,305.14,549.21,391.21,429.75,444.46,365.20,489.65,302.26,373.71,612.07,441.24,529.80,492.29,443.50,547.75,334.54,452.29,673.50,492.29,609.21,525.14,544.93,520.86,426.36,538.00,710.64,583.25,657.29,609.07,566.92,618.75,444.27
ND_4iGS873sCno_frame000001_l.jpg,0,590.28,677.03,556.65,679.86,515.94,679.15,485.14,688.71,457.89,685.52,558.07,704.99,546.13,740.63,532.50,757.90,511.59,771.54,579.31,716.99,562.04,751.54,546.59,772.90,528.86,793.81,585.27,721.04,572.04,758.36,559.77,776.09,546.77,796.10,588.02,722.79,582.50,747.56,576.71,763.35,567.23,779.14
ND_4iGS873sCno_frame021230_r.jpg,0,537.64,224.48,576.36,218.10,592.34,223.29,610.23,234.55,627.39,226.84,579.91,245.20,582.39,266.16,594.95,275.16,599.59,272.29,566.60,258.64,577.42,282.26,586.89,284.15,585.52,274.32,553.74,264.50,567.48,282.97,575.76,276.81,569.84,268.29,543.79,270.89,555.63,283.92,559.31,275.40,559.42,267.10
ND_4iGS873sCno_frame021529_r.jpg,0,416.90,433.76,433.12,435.11,441.65,428.44,448.63,431.30,455.45,434.47,420.07,446.06,433.39,449.98,443.66,453.76,450.69,446.19,412.13,460.34,436.25,475.89,450.42,474.03,452.58,462.41,410.54,474.31,436.25,486.37,446.45,483.98,454.20,477.73,412.95,480.98,432.76,488.75,442.95,488.98,448.45,485.73
ND_4l22-sl19H4_frame000300_r.jpg,0,293.37,681.45,311.44,651.01,334.02,636.75,339.38,648.66,352.32,652.19,364.57,676.28,378.27,672.69,372.48,664.28,360.45,664.28,359.67,690.13,359.08,678.66,347.02,675.72,338.49,679.25,345.70,710.87,345.26,696.60,336.14,691.89,327.28,694.25,337.84,715.14,339.38,704.83,329.96,700.72,319.87,704.36
ND_4xKGfdtb35A_frame008751_r.jpg,0,571.71,-13.68,530.96,4.33,498.03,10.53,478.03,16.84,465.92,30.00,480.66,47.37,456.97,64.74,457.01,78.74,476.21,81.77,504.87,68.95,475.92,107.89,495.39,101.58,520.13,83.16,541.18,82.11,518.55,136.84,533.30,125.48,549.08,92.63,573.29,88.95,572.76,143.16,576.45,127.89,577.50,103.16
ND_4xKGfdtb35A_frame010251_r.jpg,0,1129.43,668.21,1174.43,743.21,1169.43,819.21,1155.43,848.21,1117.43,876.21,976.43,645.21,1027.43,758.21,1055.43,802.21,1090.43,832.21,932.43,702.21,976.43,788.21,1011.43,843.21,1058.43,876.21,911.43,755.21,949.43,828.21,984.43,860.21,1032.43,884.21,905.43,789.21,934.43,845.21,963.43,875.21,996.43,892.21
ND_4y_z_MYWlwM_frame002094_r.jpg,0,159.43,-73.64,191.74,-39.02,236.35,-12.87,294.81,38.67,379.95,84.32,145.30,187.04,175.46,264.32,252.51,276.36,321.74,278.67,225.58,163.29,303.27,202.52,365.58,220.21,426.35,229.44,269.43,100.21,340.20,115.59,392.51,126.36,437.89,134.05,283.27,60.21,332.51,75.59,370.97,66.36,410.97,37.13
ND_4zpQMLhotBA_frame003601_l.jpg,0,253.68,284.00,246.16,294.16,238.15,300.99,236.98,308.22,237.66,314.76,234.54,308.51,234.93,318.38,236.78,323.65,239.32,329.02,241.18,308.61,242.84,319.06,246.55,325.11,249.42,327.89,250.55,307.34,250.26,316.13,253.29,323.06,255.63,327.38,258.66,306.27,258.46,313.30,259.73,318.28,260.32,323.36
ND_4zpQMLhotBA_frame003901_l.jpg,0,1130.98,270.96,1112.85,261.13,1092.02,252.45,1082.97,256.93,1071.35,257.90,1097.16,275.64,1085.22,282.74,1075.87,285.64,1065.55,285.00,1091.44,296.04,1071.58,298.37,1064.01,296.75,1058.07,292.16,1095.90,303.78,1077.53,309.18,1067.80,308.10,1059.69,304.32,1102.24,316.29,1086.21,319.23,1079.10,318.07,1072.17,315.77
ND_4zpQMLhotBA_frame009601_l.jpg,0,1236.07,634.26,1203.69,664.55,1173.81,697.34,1161.77,727.23,1135.63,748.81,1214.07,700.25,1224.86,724.32,1226.10,757.11,1224.86,787.41,1246.03,703.57,1254.74,733.04,1257.65,771.63,1258.48,801.93,1268.85,706.47,1277.57,738.43,1281.30,772.46,1285.04,805.67,1284.21,708.55,1295.83,735.11,1302.06,758.77,1310.77,784.09
ND_4zpQMLhotBA_frame010801_l.jpg,0,1453.67,246.44,1406.52,233.60,1383.05,218.32,1348.67,222.69,1347.42,267.69,1367.76,155.12,1332.35,200.10,1339.04,238.38,1353.67,263.32,1420.39,146.51,1384.98,173.30,1373.02,235.99,1357.42,281.44,1458.20,162.30,1428.05,195.79,1411.30,254.17,1400.77,290.54,1495.52,189.10,1470.16,233.12,1449.10,262.79,1430.92,288.63
ND_5-CHNb4RBzg_frame000599_l.jpg,0,436.33,956.33,443.67,903.67,438.33,863.00,395.69,818.74,353.92,762.51,615.77,838.01,567.58,793.84,499.67,783.67,454.33,781.00,618.18,874.96,554.73,842.83,470.39,819.54,390.87,805.08,622.33,955.00,648.70,938.42,576.41,914.32,511.35,899.06,588.46,1037.21,637.46,1054.08,611.75,1039.62,568.38,1011.51
ND_52-uPg-0MAo_frame006579_l.jpg,0,187.00,1108.00,469.00,1050.00,611.00,944.00,797.00,742.00,922.46,637.35,354.07,591.62,541.36,402.16,645.89,301.98,780.91,182.21,428.17,590.00,577.17,443.00,752.17,441.00,887.17,504.00,477.17,596.00,661.17,543.00,785.26,541.53,865.17,548.00,482.17,656.00,539.17,621.00,634.17,599.00,743.17,617.00
ND_58bdMYmFypc_frame000429_l.jpg,0,-136.67,514.33,-85.33,479.00,-36.67,435.67,9.33,387.67,57.82,337.79,-36.67,283.67,39.33,245.67,119.33,241.67,195.96,251.88,-13.33,331.00,40.00,301.00,122.67,311.67,186.00,312.33,-10.00,361.00,52.67,343.00,105.33,341.00,166.67,347.67,-16.00,396.33,40.00,371.67,76.67,367.00,116.00,377.00
ND_5A6IqEKGP9o_frame002094_r.jpg,0,1177.00,1129.00,1033.00,1089.00,901.00,973.00,857.00,797.00,953.00,757.00,1162.82,698.08,1111.96,576.23,1057.92,459.68,1021.89,333.59,1054.74,704.44,1001.76,567.75,936.07,439.54,879.91,306.04,949.84,715.03,906.40,609.08,862.96,467.09,827.99,326.17,1238.50,743.00,1097.00,667.00,1013.00,667.00,977.00,757.00
ND_5KO3Jdyutps_frame001251_l.jpg,0,1564.00,32.00,1492.00,148.00,1322.00,300.00,1202.00,376.00,1130.00,488.00,1150.00,-4.00,1144.00,178.00,1134.00,312.00,1108.00,436.00,1076.00,20.00,942.00,220.00,1010.00,368.00,1070.00,478.00,1058.00,86.00,898.00,208.00,742.00,308.00,662.00,420.00,1096.00,160.00,934.00,150.00,782.00,192.00,672.00,212.00
ND_5NUoDswdnqI_frame000301_l.jpg,0,360.63,227.36,316.25,235.00,282.90,263.04,268.75,308.00,268.75,351.00,296.06,272.39,281.20,311.47,276.75,352.00,269.75,365.50,333.45,284.71,324.95,337.38,307.96,370.09,294.75,385.50,367.01,291.93,352.56,343.33,336.42,353.10,313.91,322.51,388.25,303.40,375.93,342.06,358.51,341.63,346.19,327.19
ND_5NUoDswdnqI_frame001201_r.jpg,0,8.67,249.33,48.17,222.00,76.50,205.33,124.50,205.67,146.50,213.33,93.16,207.20,149.34,218.18,166.83,228.00,170.83,235.00,90.21,241.41,143.00,251.54,167.92,256.19,178.06,255.77,85.14,273.08,132.02,279.00,153.14,276.46,164.50,267.00,69.83,298.67,96.83,300.33,114.50,293.67,119.17,280.33
ND_5NoNXynn5Bw_frame002393_l.jpg,0,776.90,452.60,789.07,446.77,799.23,438.93,807.21,430.54,810.54,423.88,805.57,453.77,826.92,451.97,838.32,451.17,848.52,447.17,790.07,461.10,799.43,460.32,807.32,458.17,818.12,455.77,778.92,461.37,785.52,459.37,790.92,456.77,796.32,451.37,753.12,458.37,747.72,454.77,746.52,450.97,748.32,447.57
ND_5NoNXynn5Bw_frame011363_r.jpg,0,519.67,522.00,520.94,511.89,521.60,500.34,514.94,504.78,504.72,511.89,485.61,495.67,476.50,499.23,474.06,507.45,473.39,518.56,470.50,507.89,459.40,503.23,452.29,509.89,448.95,519.67,469.39,522.33,460.33,520.22,451.40,526.33,446.51,535.88,472.78,532.67,464.28,537.44,462.95,543.66,463.40,552.10
ND_5NoNXynn5Bw_frame012559_r.jpg,0,591.83,343.33,568.94,343.11,547.83,349.78,530.49,356.89,525.83,363.78,549.16,393.33,543.07,386.39,544.12,367.84,545.94,349.56,564.49,401.54,561.88,387.44,560.83,366.80,560.83,345.64,586.70,398.41,582.26,392.92,578.60,369.41,576.77,350.34,609.68,387.96,605.24,379.60,597.15,368.89,591.40,359.22
ND_5NoNXynn5Bw_frame020632_l.jpg,0,732.42,469.36,708.35,472.06,683.45,477.66,670.99,497.38,660.59,512.93,690.50,505.47,673.28,523.73,674.09,512.43,680.84,503.43,703.58,517.51,688.59,533.68,686.84,524.43,693.84,514.43,716.23,523.32,702.34,536.68,699.34,528.93,707.84,521.43,728.06,523.32,715.35,531.59,708.26,529.95,718.26,524.50
ND_5ST7PNK212E_frame000721_r.jpg,0,206.73,496.20,296.97,474.05,415.91,469.12,475.80,526.55,543.06,549.52,374.90,539.67,436.42,622.52,490.56,638.11,522.55,631.55,338.80,598.73,419.20,688.15,466.77,670.10,476.00,650.67,314.20,639.75,401.15,696.35,437.24,673.38,454.47,656.16,301.07,652.88,368.34,678.30,392.95,668.46,410.17,646.31
ND_5ST7PNK212E_frame000961_r.jpg,0,339.50,693.00,362.83,632.66,367.74,559.05,387.37,489.53,456.07,465.00,485.51,668.65,529.68,666.19,598.38,643.29,662.99,634.30,506.75,723.50,599.75,729.00,679.25,727.50,748.25,724.00,514.75,748.50,603.75,763.00,658.75,769.00,731.75,769.00,531.25,775.50,590.25,781.00,649.25,785.50,719.75,778.50
ND_5ST7PNK212E_frame013441_r.jpg,0,290.43,671.64,276.72,660.21,251.00,630.78,271.44,627.00,292.33,669.44,201.88,713.34,265.67,715.44,315.57,705.92,354.99,687.07,233.30,724.77,344.11,731.67,361.22,695.22,361.44,651.22,285.86,723.63,331.22,717.44,370.11,684.56,400.11,651.00,317.28,713.34,337.38,704.90,344.24,681.19,345.38,654.33
ND_5ST7PNK212E_frame021121_l.jpg,0,831.33,539.00,836.67,480.33,832.67,415.67,836.25,331.46,815.36,258.80,994.28,405.93,1028.79,403.20,1066.93,392.30,1083.28,357.79,1007.42,475.50,1080.42,484.00,1097.92,463.00,1070.42,455.00,990.42,537.00,1025.16,545.79,1005.18,532.17,966.12,514.00,963.42,583.50,991.92,587.00,1013.92,579.00,997.92,579.00
ND_5d0i8NS9KvQ_frame003290_l.jpg,0,249.96,593.70,333.47,627.53,419.10,670.87,494.16,634.93,568.16,615.90,426.50,590.53,515.30,565.16,597.76,563.04,666.47,560.93,420.16,528.16,518.47,516.53,615.73,512.30,682.50,501.00,420.16,480.59,511.07,472.13,589.30,460.50,649.50,441.00,419.10,453.10,482.53,437.24,533.27,426.67,587.18,422.44
ND_5ey_BkEQ01s_frame008971_l.jpg,0,1908.50,1167.00,1897.50,1106.00,1815.39,962.42,1691.96,846.47,1624.64,709.95,1581.62,1054.05,1458.20,945.58,1390.87,857.69,1332.90,779.14,1465.50,1112.00,1333.50,1070.00,1245.00,1003.56,1170.20,926.88,1471.50,1145.00,1363.50,1106.00,1321.68,1018.52,1289.88,939.97,1520.50,1102.00,1457.50,1096.00,1438.50,1048.00,1443.50,981.00
ND_5ey_BkEQ01s_frame034685_r.jpg,0,1306.50,-16.00,1283.54,88.93,1231.50,204.00,1144.50,279.00,1127.50,375.00,1086.31,144.36,965.14,216.55,901.98,271.98,852.99,320.96,1038.62,81.20,907.13,139.20,858.50,213.00,839.50,260.00,1017.50,36.00,900.69,76.04,870.50,120.00,824.50,177.00,1000.50,20.00,935.50,36.00,890.50,41.00,839.50,39.00
ND_5hDWXOXdxVg_frame001496_r.jpg,0,-20.00,18.00,125.36,68.98,262.20,75.60,412.28,188.16,487.32,280.85,319.58,128.57,573.50,230.00,691.50,382.00,743.50,503.00,209.23,280.85,394.62,492.73,524.84,605.29,619.50,681.00,94.46,389.00,248.96,567.77,376.96,673.70,481.50,744.00,-9.50,463.00,9.50,615.00,18.50,741.00,94.50,880.00
ND_5hDWXOXdxVg_frame003589_l.jpg,0,1184.33,408.00,1103.60,367.03,1038.38,334.92,981.18,317.87,906.93,305.82,1061.00,168.00,1036.33,116.67,991.67,45.33,958.33,3.33,1120.33,156.00,1094.57,98.12,1035.00,31.33,991.67,-4.00,1161.80,163.34,1143.00,111.33,1109.00,49.33,1063.67,-4.67,1199.67,178.00,1183.67,128.00,1161.00,80.00,1127.00,12.67
ND_5j5kR-CE_bk_frame000300_l.jpg,0,742.83,564.44,722.01,594.33,701.58,623.85,690.98,662.45,680.01,695.37,746.23,664.72,739.80,706.34,719.36,713.91,703.09,710.13,756.45,664.34,745.10,707.86,721.44,707.79,709.73,697.50,759.48,664.34,741.31,696.51,725.78,692.75,716.03,687.25,756.83,661.31,741.31,685.15,729.78,687.25,719.03,682.25
ND_5j5kR-CE_bk_frame010466_l.jpg,0,760.80,650.23,751.77,670.16,744.44,691.59,747.26,708.89,751.83,718.37,780.78,713.06,778.67,723.37,775.46,728.44,772.09,729.55,785.68,713.24,785.42,724.87,779.86,729.44,777.09,730.89,790.96,714.87,789.92,720.62,787.31,726.00,782.64,730.33,794.05,715.42,793.68,721.42,792.59,723.06,787.34,727.73
ND_5maf47_pK6c_frame007476_r.jpg,0,780.76,152.14,793.96,132.83,811.96,125.08,832.71,129.33,842.71,144.58,850.59,132.37,869.39,154.09,858.40,153.85,848.63,148.97,851.08,151.16,869.39,161.17,858.64,170.94,848.15,167.03,847.17,164.59,865.72,181.93,852.43,187.53,845.43,187.93,842.77,189.92,847.13,193.92,836.95,196.46,832.04,197.92
ND_5maf47_pK6c_frame008373_r.jpg,0,573.91,133.86,589.73,113.64,602.62,94.30,622.25,92.55,635.73,95.18,631.34,90.79,660.34,92.84,658.24,105.78,655.13,116.45,637.20,108.95,668.91,111.78,658.69,120.67,644.69,124.89,636.61,130.63,655.36,130.34,648.77,128.05,640.42,128.58,632.80,149.38,641.54,141.20,634.21,138.09,625.98,139.42
ND_5maf47_pK6c_frame009569_r.jpg,0,-109.50,211.00,-17.50,160.00,62.50,140.00,143.50,149.00,208.50,148.00,104.33,126.00,223.67,200.00,234.33,243.33,240.33,280.00,102.33,167.33,217.16,208.85,259.67,268.67,277.00,303.33,72.33,196.67,193.67,245.33,216.33,273.33,220.33,307.33,65.83,237.00,164.83,313.00,121.83,309.00,93.83,281.00
ND_5maf47_pK6c_frame036479_r.jpg,0,855.67,130.51,862.79,215.91,867.96,288.37,809.09,316.19,772.21,351.78,768.98,282.55,739.48,323.20,730.48,343.20,721.48,360.20,731.45,250.20,709.45,303.90,737.98,308.70,764.48,294.70,717.22,207.50,715.98,261.70,740.48,278.20,769.48,262.20,711.40,168.04,703.98,215.20,724.98,229.20,748.48,216.20
ND_5maf47_pK6c_frame049934_r.jpg,0,988.91,525.99,988.91,566.25,990.50,614.99,950.76,632.47,925.86,656.31,933.81,553.00,884.25,579.17,876.75,624.67,884.75,666.67,898.25,547.17,843.25,603.17,853.75,629.17,868.75,651.17,875.17,548.83,827.17,572.83,817.17,603.83,817.83,631.83,872.40,558.17,840.00,578.97,826.00,608.17,831.20,631.37
ND_5maf47_pK6c_frame050233_r.jpg,0,961.18,475.51,920.51,451.10,885.58,433.88,849.25,450.50,809.25,461.50,832.75,420.00,804.25,420.00,790.25,435.00,782.25,459.00,825.76,447.75,797.75,457.50,782.70,483.16,791.75,502.00,826.72,473.11,809.75,484.00,801.25,499.00,797.53,519.05,835.81,501.35,816.19,509.00,807.58,518.57,800.40,530.06
ND_5maf47_pK6c_frame050532_r.jpg,0,1035.55,433.91,1013.09,448.74,987.04,472.10,955.59,487.37,934.90,493.87,969.07,407.41,932.23,437.06,924.15,470.75,913.82,500.40,946.16,397.53,905.28,429.42,893.60,464.91,883.27,498.15,934.93,397.98,887.76,420.44,874.29,449.64,869.79,478.84,926.90,406.87,892.57,418.20,876.57,430.53,862.23,450.87
ND_63h8xKFNUi0_frame004486_l.jpg,0,231.05,222.67,208.13,211.44,189.01,193.09,182.19,198.95,172.48,203.52,163.05,230.38,140.98,235.84,133.44,221.00,130.67,209.43,174.76,246.38,169.33,236.95,175.62,222.67,186.76,222.67,191.33,252.79,180.76,246.38,179.90,237.81,192.48,232.10,202.85,256.96,196.06,250.17,196.06,242.63,204.61,237.85
ND_641knlQf9sA_frame000501_l.jpg,0,89.35,317.77,83.25,311.87,79.55,308.77,77.05,307.07,74.95,305.90,81.08,300.87,81.17,297.51,81.62,295.05,81.90,290.42,85.17,303.51,85.08,299.87,84.90,297.69,85.08,294.33,89.35,306.24,90.08,302.05,90.17,299.69,90.53,296.69,92.55,309.77,94.50,306.51,95.95,304.87,97.15,303.17
ND_679TMrVY9A4_frame005383_l.jpg,0,583.00,1203.00,423.00,1179.00,484.29,1007.92,646.84,865.44,835.00,725.00,524.43,644.69,596.67,508.22,709.05,462.06,861.57,460.06,684.97,672.78,767.00,609.00,913.00,583.00,1031.00,561.00,785.31,730.98,877.50,649.00,972.50,568.00,1081.50,570.00,899.50,812.00,980.50,720.00,1043.50,656.00,1104.50,596.00
ND_67lwx0sDaPY_frame004064_l.jpg,0,1290.00,257.00,1202.50,269.00,1128.19,281.66,1060.38,347.28,1029.75,457.75,1028.66,407.44,946.62,482.91,912.72,517.91,881.00,555.09,1072.41,482.91,989.28,561.66,945.50,592.00,904.50,622.00,1153.50,526.00,1087.50,603.00,1049.44,618.53,1004.50,634.00,1235.50,554.00,1179.50,612.00,1156.50,630.00,1123.50,658.00
ND_68b5SL6ukCA_frame003601_r.jpg,0,903.00,-96.00,921.32,39.91,962.46,180.44,881.33,330.12,844.50,468.00,763.50,52.00,725.50,264.00,770.50,322.00,855.50,344.00,674.53,11.34,648.50,214.00,720.50,288.00,823.50,321.00,652.50,-15.00,605.50,172.00,728.50,245.00,835.50,297.00,633.50,-46.00,643.50,124.00,751.50,198.00,835.50,263.00
ND_6DCHnM_l14c_frame000301_r.jpg,0,473.25,-302.88,535.00,-80.00,618.36,18.04,819.28,244.07,1064.84,425.45,177.00,306.00,431.39,662.65,724.40,696.13,943.00,676.00,90.95,450.57,539.00,724.00,711.00,602.00,843.00,402.00,152.34,422.66,465.00,616.00,647.00,504.00,705.00,332.00,233.00,358.00,353.00,518.00,549.00,524.00,625.00,372.00
ND_6DCHnM_l14c_frame000601_r.jpg,0,586.50,-168.00,714.50,-117.00,738.50,-90.00,763.50,-76.00,808.50,31.00,657.50,-96.00,692.50,-88.00,721.50,-59.00,747.50,60.00,588.50,-85.00,603.50,-50.00,651.16,64.52,693.50,162.00,502.50,-50.00,521.16,-12.44,579.40,93.64,639.50,180.00,424.50,-49.00,424.50,-10.00,448.35,54.12,506.50,96.00
ND_6EtPj2ADssk_frame000957_l.jpg,0,739.00,212.00,949.00,260.00,1117.00,290.00,1161.00,414.00,1027.00,480.00,1039.00,458.00,1125.00,678.00,1003.00,580.00,906.50,478.00,913.50,634.00,963.00,730.00,875.00,624.00,801.00,522.00,821.50,683.00,865.00,794.00,811.00,728.00,735.00,606.00,718.50,708.00,733.50,779.00,702.50,725.00,668.50,637.00
ND_6EtPj2ADssk_frame001196_l.jpg,0,643.25,634.50,621.14,604.56,607.04,568.07,542.74,547.51,511.31,556.66,599.10,534.47,543.43,539.47,543.43,565.47,560.10,570.47,593.68,560.48,534.06,572.04,545.98,581.80,562.43,584.47,574.16,587.22,530.44,597.34,545.77,606.13,563.43,604.13,572.72,613.96,537.67,616.85,550.10,626.13,570.43,626.13
ND_6FREzBqadqM_frame000301_r.jpg,0,776.67,28.49,691.00,-36.00,619.00,-44.00,533.00,-34.00,393.00,-74.00,476.03,49.96,374.02,207.44,316.76,366.71,263.07,554.61,601.30,194.91,517.19,339.87,476.03,513.45,468.87,685.25,733.00,274.00,656.77,413.24,624.56,558.19,613.82,733.57,783.83,287.97,764.14,429.34,742.67,529.56,715.83,640.51
ND_6IdsAKDNB4s_frame000599_l.jpg,0,1304.11,682.54,1287.83,696.26,1280.00,716.65,1291.21,732.03,1304.83,750.05,1318.67,703.91,1327.68,725.88,1332.97,748.26,1336.11,767.11,1340.21,701.93,1351.19,725.66,1354.69,746.26,1355.83,767.97,1355.54,700.83,1362.11,722.83,1365.83,740.26,1366.69,760.26,1358.40,705.40,1369.54,717.97,1372.69,736.26,1373.54,753.40
ND_6IdsAKDNB4s_frame000898_r.jpg,0,831.20,731.14,860.34,698.29,868.86,716.32,869.70,734.85,860.63,751.43,844.06,688.86,833.77,710.70,828.43,733.44,822.82,755.34,818.91,688.00,807.94,706.49,806.53,730.63,807.94,754.50,800.91,696.29,788.84,707.33,784.35,729.23,783.23,751.13,797.49,703.71,779.49,716.57,773.20,726.29,770.63,737.43
ND_6IdsAKDNB4s_frame006280_r.jpg,0,1681.83,1251.33,1665.83,1208.33,1654.83,1163.33,1618.33,1031.67,1574.33,905.00,1726.59,1007.33,1659.75,920.91,1527.67,898.33,1436.20,903.62,1637.00,1017.67,1559.00,971.00,1469.67,975.67,1406.33,1005.67,1581.00,1036.33,1511.67,1013.00,1459.67,1023.67,1413.00,1073.67,1513.67,1060.33,1464.33,1052.33,1414.33,1056.33,1372.33,1071.00
ND_6dSrSRVIKVM_frame004187_r.jpg,0,954.50,867.00,813.50,847.00,769.50,840.00,733.50,845.00,639.50,828.00,788.50,817.00,649.50,776.00,609.50,734.00,563.50,664.00,816.50,756.00,756.32,674.64,699.31,601.34,654.51,523.97,876.50,718.00,836.75,605.42,796.02,526.01,761.41,455.76,938.50,680.00,881.54,591.16,845.91,540.26,799.50,488.00
ND_6dSrSRVIKVM_frame004486_r.jpg,0,809.80,607.22,755.36,594.15,710.17,590.34,711.26,542.98,724.87,517.39,679.14,494.52,694.25,519.00,700.25,547.00,725.75,539.00,715.61,464.03,690.75,483.00,711.75,511.50,751.75,507.50,761.89,451.51,731.25,442.00,741.75,486.50,769.75,500.50,810.34,447.70,785.75,454.00,785.25,481.50,815.25,496.50
ND_6gTfFMO12Ig_frame000001_l.jpg,0,473.25,449.10,459.75,446.60,437.25,442.10,423.25,443.10,404.75,452.60,430.46,476.14,412.74,479.00,400.17,485.00,389.60,490.43,427.85,486.00,394.35,499.00,364.85,494.00,346.35,494.00,432.35,493.00,411.35,501.00,387.85,499.50,374.35,495.00,447.35,505.50,429.85,505.50,408.85,505.00,394.46,502.14
ND_6peF5hXz8PQ_frame002094_l.jpg,0,1177.00,944.00,1282.00,886.00,1250.00,846.00,1192.50,678.00,1019.50,545.00,1039.50,889.00,1010.50,872.00,960.50,850.00,1008.50,701.00,972.50,834.00,834.50,806.00,753.50,713.00,697.50,641.00,978.50,791.00,904.50,711.00,860.50,627.00,798.50,521.00,1052.50,783.00,998.50,704.00,977.04,637.74,944.98,548.83
ND_6r2XbLF9A-c_frame004194_l.jpg,0,1045.40,204.40,959.90,203.90,936.40,225.90,933.40,242.40,936.40,255.40,1015.30,197.31,988.40,219.90,972.40,239.40,947.34,273.34,1038.90,223.90,1023.03,247.77,1001.67,266.86,970.30,288.22,1051.90,244.40,1024.90,286.90,996.40,302.90,974.90,315.90,1049.90,276.90,1020.90,303.90,994.06,319.91,971.90,328.57
ND_6r2XbLF9A-c_frame005991_l.jpg,0,1088.11,688.56,1063.30,695.40,1051.44,711.22,1049.00,721.22,1046.78,734.11,1113.44,712.56,1108.11,728.33,1098.73,740.75,1074.69,752.57,1101.12,719.07,1099.11,753.06,1082.14,761.41,1056.27,771.26,1092.59,724.47,1075.80,749.13,1064.20,754.33,1051.00,753.13,1080.71,727.29,1065.91,739.37,1058.20,743.93,1048.20,743.93
ND_6r2XbLF9A-c_frame008986_l.jpg,0,1078.61,680.25,1046.07,641.89,1024.54,615.09,1010.47,591.80,1007.40,566.31,992.47,672.33,948.51,680.57,923.02,670.02,910.61,646.83,983.67,692.43,939.13,703.66,905.88,686.72,884.79,665.62,978.83,696.39,944.12,698.58,917.75,684.08,906.32,664.75,977.08,693.31,950.27,692.43,935.33,679.69,930.93,663.87
ND_6r2XbLF9A-c_frame011981_r.jpg,0,766.00,404.00,815.00,393.50,850.50,391.50,873.71,409.96,903.50,437.31,817.07,421.68,846.37,449.03,869.80,476.37,900.08,508.11,753.20,428.80,773.61,477.84,791.19,501.76,817.56,529.11,738.40,458.00,757.01,508.11,779.47,533.99,803.00,559.00,738.00,476.80,736.00,507.60,759.45,544.73,786.31,571.10
ND_6r2XbLF9A-c_frame013179_r.jpg,0,795.11,725.53,787.20,693.89,772.17,659.08,761.10,638.91,753.58,608.46,713.53,648.93,705.33,623.25,731.33,624.25,754.08,628.75,707.04,676.91,701.77,653.15,734.49,657.82,765.04,666.00,706.33,705.93,699.79,685.98,734.99,690.72,765.84,697.45,713.93,735.93,707.77,720.55,742.11,717.22,759.91,716.04
ND_6r2XbLF9A-c_frame014377_r.jpg,0,832.85,856.35,871.29,857.15,909.72,873.17,924.94,900.79,948.56,928.02,871.17,897.67,903.32,934.03,929.74,950.04,952.96,958.05,844.57,915.92,886.49,965.67,918.77,978.52,943.63,982.81,835.42,927.67,876.89,961.65,903.32,965.66,924.20,968.24,839.71,944.33,862.48,954.85,883.70,953.24,904.67,951.92
ND_6r2XbLF9A-c_frame014976_r.jpg,0,868.33,742.11,852.58,761.42,843.74,781.63,857.28,803.52,865.06,818.79,800.81,802.49,818.10,829.16,837.11,829.16,853.25,821.38,829.15,810.87,827.74,851.72,857.75,845.87,869.50,821.72,845.47,827.43,859.30,850.24,873.17,839.97,880.50,822.24,861.60,828.59,879.84,846.01,884.73,840.45,890.12,829.45
ND_6u16qudA9GI_frame001795_l.jpg,0,397.72,514.92,419.65,488.53,427.94,476.82,429.36,461.10,418.79,457.10,373.73,433.75,391.36,435.39,404.79,440.82,417.36,449.68,357.13,453.61,369.53,454.72,382.53,457.54,393.12,471.84,356.12,486.05,367.08,481.10,379.36,482.82,389.08,490.82,364.76,511.19,368.76,503.19,376.36,502.19,382.96,505.59
ND_6xXnuZaeBxg_frame001251_r.jpg,0,137.17,-216.83,288.17,-154.17,335.50,-109.50,362.17,-41.50,332.83,-6.17,267.59,-10.11,281.79,86.88,282.90,192.13,323.70,164.53,177.69,11.97,196.00,139.00,207.00,189.50,251.00,153.00,85.43,8.81,113.82,121.58,133.67,160.67,146.94,131.04,10.00,7.50,23.92,73.48,45.21,116.85,78.50,139.00
ND_6xXnuZaeBxg_frame002751_r.jpg,0,510.51,15.64,581.19,46.51,629.43,87.61,642.49,142.47,657.19,179.52,565.76,133.52,605.08,198.55,644.58,206.21,668.61,208.30,520.99,139.14,570.13,216.28,615.32,217.18,630.99,207.77,499.27,141.54,546.41,204.78,583.45,203.59,613.75,190.53,508.78,140.89,540.08,181.65,566.21,184.26,583.97,168.07
ND_6xXnuZaeBxg_frame003501_r.jpg,0,314.43,517.15,312.02,496.87,318.83,480.79,327.33,471.45,342.62,461.46,281.72,471.59,289.73,463.59,299.93,457.21,315.01,453.82,277.87,487.43,292.49,477.39,310.55,473.78,328.82,473.15,276.49,502.97,295.04,495.23,313.52,489.92,328.82,485.68,290.39,525.68,280.10,516.65,286.77,512.48,293.93,508.32
ND_73kCoVnL4ac_frame004801_r.jpg,0,459.99,689.07,428.88,659.16,407.95,628.06,392.99,593.36,372.66,567.64,470.15,572.43,475.54,537.14,478.53,512.02,482.12,484.50,502.45,580.21,514.42,538.93,523.99,503.64,530.57,468.35,527.58,597.55,546.72,564.06,564.66,529.96,576.62,500.05,544.32,628.06,565.86,607.72,586.79,587.98,607.73,565.85
ND_73kCoVnL4ac_frame011701_r.jpg,0,67.07,581.60,97.67,578.33,146.67,590.33,220.67,561.33,289.46,527.83,103.67,503.33,116.93,475.20,124.23,446.17,130.23,408.76,19.73,465.26,12.46,421.19,10.46,386.19,20.46,351.19,-12.77,466.26,-37.27,387.43,-81.27,384.43,-79.77,424.93,-46.60,480.93,-75.27,437.43,-102.77,445.93,-105.27,480.93
ND_73kCoVnL4ac_frame026701_l.jpg,0,939.51,493.62,937.00,314.20,855.00,214.20,767.00,134.20,688.00,104.20,789.26,170.00,542.00,57.20,579.00,44.20,622.36,48.07,701.00,275.20,564.53,186.70,563.36,137.57,612.86,117.57,657.00,378.20,572.24,263.75,594.07,244.49,626.17,236.78,625.00,453.20,590.21,340.80,606.91,304.84,658.00,299.60
ND_73kCoVnL4ac_frame031801_r.jpg,0,183.50,787.17,224.00,708.00,232.27,663.47,193.50,621.17,164.83,574.67,145.94,582.52,118.27,533.85,116.21,507.72,131.61,495.19,109.88,605.86,66.83,557.17,72.83,531.83,97.61,530.41,88.83,651.17,126.99,635.78,157.52,629.24,224.27,647.47,83.54,704.52,110.76,680.40,141.77,668.97,186.77,669.47
ND_74extqgChkA_frame000721_r.jpg,0,-128.50,-95.50,-30.00,-70.00,21.50,-52.50,54.60,-29.90,51.50,26.00,75.38,102.22,104.06,139.82,131.50,183.50,142.50,224.50,45.34,9.81,69.50,127.50,9.00,176.00,-35.40,183.60,10.02,6.63,-4.20,82.00,-31.00,96.80,-80.60,112.00,-36.50,23.50,-54.50,55.50,-72.50,72.50,-96.60,82.90
ND_74extqgChkA_frame000961_r.jpg,0,50.00,466.50,74.21,402.88,126.89,385.37,167.41,390.48,212.06,421.28,173.01,360.48,261.00,371.00,314.76,372.85,353.50,372.00,219.00,398.00,311.00,401.50,308.08,448.83,256.83,460.20,222.00,436.00,257.98,498.09,233.50,512.65,199.50,509.98,212.40,498.00,198.63,543.60,174.63,551.60,157.64,528.02
ND_775ELLuCEdw_frame000901_l.jpg,0,415.14,442.17,420.80,447.77,422.25,456.12,422.22,461.88,422.16,466.18,417.12,454.70,416.77,457.99,416.60,461.99,419.24,467.43,414.39,454.84,413.88,458.03,414.13,461.01,416.39,466.37,412.39,454.62,411.58,457.52,411.83,460.84,414.41,465.71,409.99,454.35,409.75,457.26,409.92,460.88,412.13,463.30
ND_775ELLuCEdw_frame016501_l.jpg,0,729.94,349.81,727.70,335.73,728.30,331.63,730.30,327.23,733.50,325.03,750.74,325.86,745.89,322.72,740.46,321.48,734.43,320.47,750.17,333.86,740.49,329.85,733.36,326.53,727.69,324.22,747.26,340.67,738.42,335.25,733.44,332.51,728.87,330.43,743.12,345.96,735.18,340.57,731.79,337.96,729.79,336.49
ND_784sK2vadfw_frame000901_l.jpg,0,361.94,69.51,321.50,66.69,283.79,82.11,272.36,103.54,272.93,128.97,322.81,132.52,318.29,173.83,304.59,190.93,291.21,197.64,345.03,139.74,327.89,180.67,316.13,190.11,307.46,198.44,355.65,141.12,332.72,156.66,322.66,154.27,322.91,140.52,358.57,142.20,338.16,155.64,331.54,153.27,328.93,146.10
ND_784sK2vadfw_frame003001_l.jpg,0,493.53,163.60,425.93,182.00,377.36,199.61,326.50,227.50,283.30,245.00,429.31,275.62,407.44,343.98,368.82,357.60,339.62,356.56,470.78,285.20,443.69,362.31,394.86,384.45,371.89,342.34,476.33,290.98,444.08,346.17,418.56,348.76,385.89,328.98,473.67,287.64,452.83,323.75,435.33,324.30,423.30,318.28
ND_7DY_agzeyn4_frame007775_r.jpg,0,307.33,794.00,379.33,747.67,417.33,670.67,436.33,603.67,467.33,517.67,128.67,693.33,190.96,628.10,274.09,603.90,375.10,608.11,109.33,786.00,248.00,722.67,381.42,724.91,485.59,722.81,147.33,859.67,295.13,814.35,407.72,792.25,500.53,759.07,193.33,936.67,316.18,881.69,394.05,851.18,472.93,817.47
ND_7DY_agzeyn4_frame011363_r.jpg,0,517.12,395.49,635.00,302.33,690.76,237.96,811.50,218.41,890.84,220.71,733.67,177.67,885.09,172.41,951.79,206.91,993.18,244.86,723.67,247.67,908.09,258.65,980.54,300.05,1038.03,328.80,731.67,311.00,893.14,340.30,948.34,366.75,959.00,381.00,741.67,387.00,859.80,400.09,911.54,404.69,932.33,403.67
ND_7PNs9dNO3tU_frame004187_r.jpg,0,655.13,421.47,671.77,395.27,687.70,371.56,711.07,366.60,731.95,356.33,719.36,385.02,753.27,369.80,745.52,367.63,737.02,369.80,733.37,398.11,763.81,386.78,767.26,380.72,759.18,380.47,733.01,416.51,760.98,408.02,780.45,400.23,797.09,394.21,727.35,434.57,747.17,435.98,766.64,435.28,783.64,433.15
ND_7Rn1xsOPowg_frame000001_r.jpg,0,280.53,83.38,280.20,122.95,283.75,163.59,278.59,197.79,271.16,229.16,342.88,181.34,322.25,215.09,303.50,233.38,286.62,254.94,352.25,167.75,310.53,208.53,274.72,187.46,266.01,158.43,349.44,156.50,302.14,184.56,286.33,171.98,285.04,148.43,334.44,140.56,302.79,164.88,290.53,147.79,293.11,133.91
ND_7buWIULbjis_frame003825_r.jpg,0,1272.75,876.00,1334.75,783.00,1342.75,743.00,1298.75,714.00,1249.75,719.00,1264.98,648.08,1255.75,570.38,1185.47,588.62,1138.99,607.55,1208.06,646.54,1175.71,559.36,1126.52,615.77,1094.24,686.73,1158.83,674.23,1120.37,595.00,1089.60,655.00,1068.06,728.08,1120.37,689.62,1074.98,629.62,1058.06,679.62,1048.83,725.77
ND_7jOlCH5nc3g_frame001251_l.jpg,0,616.86,29.80,654.64,121.40,695.86,202.70,741.66,309.19,786.32,411.09,901.97,177.51,922.58,308.04,869.91,395.06,802.35,450.02,871.12,229.00,890.50,319.00,826.75,397.75,728.62,466.50,825.50,265.25,798.00,349.62,754.88,403.38,690.50,465.25,774.88,273.38,761.75,342.75,723.00,393.38,695.86,415.67
ND_7jOlCH5nc3g_frame008251_l.jpg,0,947.27,386.76,961.19,361.38,975.57,341.38,975.12,322.74,981.63,307.02,946.82,320.95,937.16,305.45,945.25,316.68,950.64,326.79,930.87,324.99,927.73,318.03,934.69,328.58,938.28,337.34,917.17,336.22,915.60,329.71,921.44,337.12,926.60,346.10,905.49,349.47,905.27,342.28,911.11,350.37,916.50,358.90
ND_7la9mZttnOs_frame000898_l.jpg,0,620.46,212.92,707.82,221.38,795.32,218.26,909.69,250.13,987.19,272.01,924.25,193.25,1025.32,222.63,1113.10,239.57,1185.83,252.29,907.82,217.01,1022.19,230.76,1105.04,243.64,1179.14,261.42,899.07,232.01,992.42,234.75,1065.03,242.16,1133.20,255.49,887.65,245.19,955.15,252.07,1012.65,256.44,1064.52,260.19
ND_7oSKGcApCoM_frame004785_l.jpg,0,254.04,363.82,259.27,350.68,264.32,336.02,272.06,326.96,274.31,317.46,283.19,342.76,294.88,337.71,303.72,334.92,312.32,332.36,285.35,352.60,297.67,349.34,308.14,346.08,318.60,343.29,286.74,362.13,301.86,360.04,311.16,358.64,320.70,357.25,287.67,374.22,301.63,373.76,309.76,371.90,317.67,369.81
ND_7oSKGcApCoM_frame006878_r.jpg,0,412.18,324.93,401.70,329.48,393.86,327.32,390.89,321.11,396.29,316.78,430.83,309.33,444.67,309.81,453.36,313.25,458.14,316.34,441.77,311.56,453.86,312.46,462.63,316.75,469.37,320.42,448.96,318.38,461.22,318.24,468.55,321.65,476.71,326.75,452.65,325.38,467.65,325.24,473.51,326.81,479.37,331.24
ND_7oSKGcApCoM_frame009270_r.jpg,0,1007.29,125.19,987.34,129.61,971.87,136.54,957.05,143.30,940.78,148.46,959.53,104.73,938.84,117.36,935.30,131.06,934.01,144.59,963.00,99.83,948.10,117.18,948.92,131.06,952.39,141.06,968.81,98.83,953.82,117.59,954.23,129.02,959.53,139.22,972.80,97.79,957.90,117.18,958.71,127.59,963.61,133.30
ND_7wwZuka0f_c_frame000251_l.jpg,0,1179.56,558.78,1156.23,602.01,1146.23,613.09,1130.87,620.94,1118.89,620.16,1132.00,542.97,1117.04,568.49,1121.17,590.07,1127.81,609.42,1164.58,537.81,1172.32,570.39,1174.17,609.11,1176.71,639.58,1189.10,536.84,1198.77,573.29,1200.20,610.70,1198.93,638.63,1211.94,543.10,1220.83,572.61,1224.64,595.15,1223.05,618.63
ND_7wwZuka0f_c_frame011501_r.jpg,0,912.33,672.25,928.12,653.80,949.87,627.83,973.24,626.93,993.54,629.39,970.37,638.58,984.12,643.58,972.12,645.83,961.96,643.75,946.78,665.08,983.29,661.79,969.49,658.41,961.75,660.36,943.09,682.71,981.58,674.69,970.18,673.30,960.42,675.16,943.44,698.41,974.14,688.18,966.70,686.32,960.73,690.10
ND_82062f4x_IE_frame005383_r.jpg,0,734.10,223.39,773.68,248.83,812.79,276.16,819.55,331.82,828.64,361.36,779.81,324.69,790.17,372.28,809.96,394.90,827.40,404.80,746.35,331.76,758.60,386.42,781.82,402.73,795.91,396.82,722.32,330.82,731.75,380.29,753.18,390.00,770.91,381.82,704.89,327.52,713.84,360.03,726.09,365.69,740.23,364.74
ND_86gHTpFZBvM_frame002996_r.jpg,0,1729.14,805.64,1526.11,687.75,1329.90,476.27,1119.14,425.64,950.57,452.79,1224.86,289.93,1110.57,292.79,987.71,327.07,863.43,372.79,1193.43,429.93,1064.86,428.50,917.71,461.36,806.29,498.50,1192.00,589.93,1063.43,604.21,917.71,634.21,809.14,664.21,1244.86,759.93,1144.86,798.50,1039.14,849.93,949.14,887.07
ND_86gHTpFZBvM_frame005392_l.jpg,0,-338.50,1407.00,-71.00,1247.00,201.50,1104.50,424.79,1063.84,642.90,1034.48,-153.50,582.00,24.23,384.35,135.38,315.15,292.67,277.40,-98.50,697.00,28.42,566.81,183.62,508.09,361.87,545.84,-61.00,822.00,79.00,719.50,208.78,719.90,361.87,751.36,-31.00,964.50,79.00,929.50,171.50,927.00,254.00,962.00
ND_86gHTpFZBvM_frame035941_r.jpg,0,1270.39,582.46,1162.62,601.83,1100.86,631.50,1050.36,617.23,1008.48,610.36,1028.05,561.41,981.13,594.49,1014.97,607.57,1051.90,596.03,1026.51,531.41,979.59,569.88,1011.13,583.72,1042.66,571.41,1033.43,511.41,984.97,545.26,1021.13,559.88,1044.97,545.26,1031.90,492.95,991.90,522.18,1017.28,529.11,1039.20,519.18
ND_86gHTpFZBvM_frame041931_r.jpg,0,1578.24,898.90,1526.70,901.21,1429.78,901.98,1297.47,898.13,1207.47,898.13,1360.55,763.52,1238.24,848.90,1291.32,911.21,1375.16,911.98,1355.16,836.59,1268.24,900.44,1306.70,940.44,1379.78,935.82,1359.01,885.05,1283.63,941.98,1319.01,979.67,1392.09,976.59,1369.78,939.67,1299.01,981.21,1335.16,1015.05,1413.63,1005.82
ND_86gHTpFZBvM_frame043728_r.jpg,0,1013.31,913.95,1013.31,871.68,1036.95,827.13,1068.76,786.68,1090.13,752.13,1102.85,842.13,1140.58,829.86,1151.95,814.86,1156.49,795.77,1101.49,877.59,1126.04,849.86,1127.40,830.31,1122.85,812.13,1098.31,892.13,1117.40,864.86,1117.40,847.13,1109.22,832.59,1094.22,912.59,1109.67,883.95,1109.22,868.50,1105.58,853.04
ND_86gHTpFZBvM_frame045525_l.jpg,0,776.52,761.41,752.89,766.87,736.98,758.68,725.16,746.41,715.16,725.50,782.43,777.32,747.89,819.14,722.89,844.14,705.61,859.59,796.98,809.14,765.61,846.41,746.52,869.59,722.43,889.59,806.98,821.87,781.98,860.05,762.89,881.41,742.89,899.59,811.52,828.68,791.98,871.87,776.52,886.87,761.07,901.87
ND_87zqp3R54YQ_frame000300_r.jpg,0,336.82,383.82,312.86,387.14,296.53,392.19,290.64,404.45,287.86,414.10,295.92,403.26,289.80,412.45,294.08,413.88,301.27,405.60,307.87,413.01,298.91,423.36,302.25,419.34,308.63,410.83,317.01,419.39,308.22,431.81,311.49,426.46,315.12,419.74,326.32,425.43,324.43,432.32,320.46,436.98,317.70,433.36
ND_87zqp3R54YQ_frame018240_l.jpg,0,431.54,636.46,453.85,600.31,474.62,544.92,486.92,483.38,477.69,428.77,490.00,554.92,519.23,494.15,543.85,468.00,580.77,458.00,511.54,578.77,546.92,544.15,577.69,533.38,601.54,541.85,518.46,616.46,556.15,605.69,583.85,611.08,602.31,630.31,519.23,658.00,566.15,664.15,585.38,673.38,587.69,692.62
ND_87zqp3R54YQ_frame026612_l.jpg,0,820.56,439.71,811.72,443.07,803.25,448.55,797.03,454.28,790.18,460.88,810.48,464.49,803.13,471.21,796.41,475.45,789.43,478.31,812.35,467.14,805.25,476.44,797.65,480.80,789.54,484.33,814.02,468.61,808.02,477.75,800.45,483.46,794.16,487.32,815.73,469.75,810.59,478.04,806.02,481.18,799.88,484.61
ND_87zqp3R54YQ_frame031097_l.jpg,0,467.64,374.91,454.88,387.48,439.46,398.53,436.58,410.21,447.01,414.77,460.60,421.00,463.83,435.66,463.26,444.23,461.74,453.75,475.45,418.71,480.40,432.04,481.35,441.18,480.40,448.61,485.35,412.62,490.30,422.71,492.40,432.80,492.78,440.42,490.49,401.95,497.66,408.90,504.40,414.55,508.10,421.29
ND_87zqp3R54YQ_frame033788_l.jpg,0,456.02,303.92,474.47,310.75,490.88,317.08,501.48,326.65,511.39,335.02,506.94,306.14,517.20,317.76,516.69,328.87,516.17,341.34,500.45,310.58,509.51,320.67,510.70,333.65,509.33,344.48,495.49,316.22,500.71,324.82,501.92,335.69,501.40,348.45,490.37,319.48,497.03,326.30,498.23,333.65,496.86,341.86
ND_89M9PT6Kmd8_frame000501_l.jpg,0,463.62,443.12,423.00,414.38,368.54,390.61,304.01,387.15,260.80,409.62,320.86,508.03,259.07,539.84,211.83,564.04,172.65,573.83,342.04,547.90,288.23,500.13,281.39,470.66,296.65,444.87,358.23,547.50,317.70,501.18,305.60,477.50,318.76,453.29,382.44,542.76,335.70,505.27,329.28,482.76,338.23,466.45
ND_8NkoRkhCAnU_frame000599_l.jpg,0,925.58,511.20,848.70,511.20,807.37,509.24,765.58,548.70,755.59,582.20,902.10,509.83,869.74,552.19,845.61,593.38,815.61,639.27,936.22,573.96,900.92,656.93,843.08,712.45,775.58,713.70,942.70,632.21,881.20,684.95,834.33,684.33,789.33,672.45,932.45,674.95,876.83,674.33,839.33,670.58,811.20,660.58
ND_8NkoRkhCAnU_frame002393_l.jpg,0,691.04,470.00,676.23,484.07,662.77,500.75,657.49,516.34,657.34,527.41,680.49,520.58,671.31,532.26,663.20,529.36,661.04,519.69,688.25,521.34,677.92,531.56,668.23,527.50,666.09,516.32,691.04,522.50,681.67,530.00,671.89,525.74,670.01,515.89,694.17,523.13,685.42,528.44,678.85,525.89,674.21,522.70
ND_8NkoRkhCAnU_frame003589_l.jpg,0,683.86,382.72,675.21,349.25,648.54,331.33,616.04,324.67,587.29,324.25,665.62,323.00,623.54,309.25,593.54,309.25,576.46,315.50,660.21,350.92,606.46,329.67,576.04,333.00,566.46,338.42,650.62,373.42,596.76,359.54,588.69,351.85,599.07,348.38,631.76,389.92,599.84,376.85,592.53,368.77,593.30,361.08
ND_8NkoRkhCAnU_frame006878_r.jpg,0,583.09,499.42,604.52,495.62,631.43,495.40,642.68,504.75,655.72,520.40,623.53,480.42,648.73,499.62,663.13,516.02,670.73,525.62,612.73,498.42,643.53,516.82,658.73,532.02,671.93,545.22,601.53,513.62,631.13,530.42,648.33,543.62,660.73,552.82,594.73,529.62,617.13,541.62,631.93,550.02,646.33,558.82
ND_8Udzbz2PuTE_frame000895_l.jpg,0,631.47,521.42,600.95,495.11,569.31,474.00,542.94,468.10,533.85,477.64,609.76,480.82,569.60,487.57,541.13,492.19,516.58,495.82,614.76,512.64,567.49,518.10,535.22,517.64,520.67,514.46,612.49,539.46,562.70,548.23,531.94,541.90,508.34,534.30,603.94,559.90,562.70,568.05,535.67,562.34,510.74,554.24
ND_8Udzbz2PuTE_frame001193_r.jpg,0,762.60,372.90,802.92,347.33,834.83,348.29,859.83,359.05,888.54,367.93,845.30,388.76,880.06,416.38,897.41,412.78,907.68,396.86,833.61,413.46,859.02,419.30,876.94,406.80,881.94,390.13,818.31,419.04,837.36,410.13,835.69,395.55,823.61,389.30,803.16,421.69,820.99,411.69,820.55,400.82,809.68,394.73
ND_8Udzbz2PuTE_frame001789_l.jpg,0,433.14,511.51,413.58,494.99,392.71,490.64,376.62,489.33,363.14,498.90,409.54,503.87,396.50,517.52,382.98,525.84,371.14,534.27,414.74,520.67,395.29,533.99,377.78,543.00,363.54,551.07,419.75,530.98,406.03,544.73,390.95,554.27,378.34,557.87,421.14,542.67,412.17,555.34,398.83,563.49,385.87,563.12
ND_8Udzbz2PuTE_frame002087_r.jpg,0,720.85,449.16,730.95,428.48,743.17,420.98,756.51,418.21,768.17,420.71,759.73,427.16,779.29,420.43,775.67,430.15,769.01,429.32,763.58,437.74,783.91,436.68,781.01,446.60,772.73,444.88,762.46,451.17,782.71,453.94,778.46,460.83,770.80,460.50,760.46,465.50,775.13,466.83,776.46,471.83,768.13,471.83
ND_8Udzbz2PuTE_frame003875_l.jpg,0,770.44,360.89,779.49,359.06,789.49,360.39,785.16,357.06,783.24,353.06,816.47,385.04,827.12,371.82,813.89,364.40,801.31,360.85,806.15,397.62,809.62,384.92,795.50,373.16,782.98,361.49,794.91,406.69,790.40,395.16,779.62,381.69,770.79,372.27,776.38,406.69,769.91,397.86,764.32,391.39,761.38,385.51
ND_8fRxamj-yEY_frame000898_r.jpg,0,497.84,187.64,520.65,191.08,544.24,192.84,558.24,202.04,570.64,198.44,548.38,201.70,565.88,219.55,574.09,228.48,585.88,236.34,539.09,210.27,552.67,227.77,560.88,243.84,569.09,258.13,526.95,214.55,542.31,234.20,551.24,249.55,556.95,259.20,517.67,218.84,522.66,238.61,525.17,249.67,526.75,258.94
ND_8fRxamj-yEY_frame004187_r.jpg,0,454.22,668.60,479.33,655.64,504.36,643.00,529.36,636.57,550.79,634.43,494.36,634.43,526.50,657.84,548.64,665.86,564.36,667.29,479.36,662.29,509.36,685.14,530.07,698.00,560.03,706.18,465.07,680.86,500.79,712.29,517.93,728.00,540.79,738.71,455.07,705.86,472.02,732.56,481.25,744.10,493.56,753.33
ND_8fRxamj-yEY_frame012858_r.jpg,0,658.30,438.70,661.02,420.37,662.25,404.57,664.61,386.04,661.65,371.22,633.91,383.15,638.32,370.56,647.56,367.41,659.10,367.83,625.93,385.46,610.27,367.31,621.66,363.15,634.99,364.81,615.82,393.43,600.82,385.93,616.66,375.09,626.66,381.20,612.07,413.18,601.37,409.19,601.37,399.95,604.72,391.55
ND_8inYaJUPVE0_frame001801_l.jpg,0,697.33,561.50,448.25,565.50,328.25,665.50,338.25,800.50,420.75,900.50,200.75,938.00,313.25,1015.50,413.25,948.00,443.25,823.00,353.00,1170.00,457.00,1190.00,507.00,1110.00,546.76,1008.56,499.00,1274.00,601.00,1262.00,647.00,1184.00,647.84,1091.27,663.93,1307.22,737.00,1304.00,771.00,1234.00,732.85,1180.86
ND_8xzutlyuouc_frame000001_r.jpg,0,233.18,7.00,163.32,46.44,109.13,108.03,87.63,193.61,55.92,257.02,150.24,125.67,132.98,243.41,130.67,333.41,133.75,421.87,214.86,121.83,202.98,249.56,201.44,349.56,202.98,444.18,272.55,121.83,289.90,234.18,305.29,313.41,317.59,388.03,317.94,114.13,356.84,204.31,384.73,271.11,398.51,322.64
ND_8xzutlyuouc_frame000601_r.jpg,0,675.90,646.60,610.07,627.44,556.74,594.10,470.90,489.10,451.74,399.94,646.74,373.27,556.74,304.10,517.57,329.94,500.07,345.77,706.74,371.60,624.93,287.71,567.57,329.94,532.57,359.94,740.90,366.60,668.40,288.27,607.57,339.10,575.90,375.77,766.74,367.44,706.74,293.27,664.24,326.60,630.90,367.44
ND_8zpyU5PmIiI_frame000251_r.jpg,0,543.83,712.61,664.32,686.12,782.10,650.56,849.55,617.52,892.88,598.26,850.73,766.41,953.23,712.24,979.90,653.08,1003.61,600.67,815.82,732.91,935.73,703.08,964.07,653.91,989.90,604.74,792.18,714.73,836.73,701.09,867.40,685.58,895.73,664.74,737.64,687.45,770.36,673.82,798.55,660.18,819.45,642.91
ND_8zpyU5PmIiI_frame000501_r.jpg,0,294.65,428.85,391.57,340.39,503.11,315.00,578.50,302.70,638.50,262.70,584.79,472.77,681.15,400.95,721.15,365.49,761.15,354.58,546.11,510.04,639.11,388.04,671.11,352.04,696.11,339.04,522.11,447.04,586.11,383.04,616.11,360.04,649.11,329.04,502.11,408.04,545.11,382.04,577.11,353.04,602.11,332.04
ND_8zpyU5PmIiI_frame002001_l.jpg,0,409.41,-86.18,448.74,-36.85,490.74,-24.18,549.41,24.49,599.52,106.52,596.08,-64.85,694.08,-1.51,718.08,53.15,691.39,112.59,564.08,-36.85,626.74,29.82,638.08,77.15,621.41,126.49,536.08,-13.51,579.41,40.49,593.41,79.82,581.41,121.82,502.08,7.82,524.08,37.15,542.74,63.15,556.74,89.82
ND_9DBUFeYPDWc_frame000898_r.jpg,0,656.92,807.83,626.92,772.83,645.25,724.50,671.92,698.67,708.58,685.33,628.58,737.83,661.53,695.21,697.53,665.37,736.84,636.95,670.25,750.33,697.53,716.05,736.84,679.58,766.68,645.00,704.42,770.33,736.92,739.50,766.20,713.21,791.08,689.50,732.41,784.27,758.77,763.36,777.86,747.00,789.68,729.73
ND_9DBUFeYPDWc_frame001197_r.jpg,0,507.07,685.57,465.64,694.14,436.36,664.14,419.16,633.52,412.07,599.86,419.93,704.86,394.53,639.68,386.36,587.71,385.53,545.90,455.64,697.71,423.50,618.43,414.43,562.48,407.79,526.29,488.50,678.43,455.15,606.11,441.40,558.61,434.53,536.73,517.03,660.48,488.31,604.63,472.65,572.36,463.28,566.73
ND_9DBUFeYPDWc_frame001496_r.jpg,0,371.60,280.67,329.25,272.34,297.71,262.38,280.53,247.05,268.49,230.50,280.48,276.05,257.32,276.05,247.60,290.21,259.19,295.58,291.69,300.67,253.51,312.94,265.33,316.58,285.09,304.88,309.87,325.67,287.75,341.40,291.86,331.99,304.02,316.83,337.07,349.38,316.64,353.73,318.38,343.30,319.68,332.43
ND_9DBUFeYPDWc_frame001795_l.jpg,0,848.55,728.88,814.64,678.00,758.21,659.43,693.93,651.57,654.70,656.28,783.93,714.43,697.50,693.71,647.50,681.57,621.79,670.86,763.93,750.86,683.53,714.51,644.09,693.40,607.50,673.71,742.55,775.55,676.92,749.29,647.59,715.29,633.59,697.95,731.27,784.93,685.39,775.52,658.92,760.23,636.57,730.81
ND_9DBUFeYPDWc_frame009569_r.jpg,0,894.29,301.22,872.34,322.83,845.73,338.66,819.79,350.45,795.19,361.91,815.74,308.34,795.78,306.65,783.40,312.72,775.59,322.31,822.78,312.52,801.09,320.08,791.14,324.65,784.97,329.66,831.35,317.66,817.64,321.95,809.30,325.74,801.25,330.74,835.03,320.39,822.60,323.90,814.49,327.43,808.00,331.20
ND_9I7xvdL2504_frame005084_r.jpg,0,262.27,421.52,275.35,424.60,285.35,430.75,294.96,441.90,301.12,454.60,259.95,434.48,268.47,461.15,282.55,471.52,295.88,476.33,249.58,445.96,268.65,482.23,287.26,481.09,299.10,469.04,247.29,455.41,267.26,488.09,282.26,487.59,292.76,484.09,244.56,461.77,258.20,491.77,270.01,494.95,282.74,494.04
ND_9I7xvdL2504_frame007177_l.jpg,0,449.33,371.19,467.61,375.46,481.65,375.49,494.49,373.49,502.16,372.49,489.29,358.51,508.98,356.95,518.67,356.63,528.36,356.63,486.22,351.68,503.97,348.14,513.32,354.26,519.13,360.39,482.03,349.43,497.78,346.66,505.35,355.14,511.42,361.51,483.54,351.81,495.39,349.18,499.58,353.14,503.06,358.02
ND_9I7xvdL2504_frame011064_l.jpg,0,543.31,439.53,555.71,427.67,569.55,415.80,585.90,414.62,598.16,411.98,577.01,414.64,591.72,418.07,585.15,424.78,575.01,427.21,582.15,426.35,589.86,432.21,580.86,434.92,572.15,436.21,578.15,435.35,585.29,436.21,584.29,439.35,578.15,441.49,573.86,441.35,578.15,445.35,575.29,446.35,569.68,444.94
ND_9J5JTOq2qGM_frame017343_r.jpg,0,731.50,548.00,664.50,513.00,602.50,437.00,550.50,383.00,529.50,367.00,700.33,354.67,619.67,352.00,581.67,361.33,537.67,376.00,699.67,408.67,638.33,403.33,589.00,415.33,557.67,438.00,692.33,440.00,637.67,444.67,599.00,471.33,581.00,480.67,691.67,484.00,651.67,490.00,635.67,497.33,618.33,515.33
ND_9J5JTOq2qGM_frame025715_r.jpg,0,541.52,243.57,524.67,250.71,521.52,266.14,520.95,279.00,521.52,286.43,494.10,253.00,475.24,263.86,464.95,271.29,452.67,280.43,492.38,260.43,472.67,273.00,468.10,283.00,474.10,295.00,500.38,264.71,489.24,276.71,486.67,285.29,488.95,289.86,509.24,266.71,502.95,275.86,502.10,284.14,509.52,288.71
ND_9L9DwTyzWGw_frame008401_l.jpg,0,-264.00,950.00,-116.00,908.00,110.00,686.00,254.00,478.00,322.00,352.00,-102.00,278.00,98.00,82.00,212.00,80.00,278.00,102.00,-202.00,100.00,-24.00,8.00,86.00,44.00,156.00,102.00,-276.00,178.00,-194.00,46.00,-86.00,22.00,36.00,60.00,-302.00,218.00,-268.00,82.00,-210.00,34.00,-116.00,2.00
ND_9M7mRgF3zqw_frame001001_l.jpg,0,72.02,645.73,244.62,572.25,415.52,500.47,572.50,459.00,694.09,409.89,347.16,278.30,540.28,278.30,634.50,294.00,694.50,336.00,243.50,288.00,497.50,340.00,580.50,360.00,647.50,390.00,214.50,335.00,457.50,380.00,546.50,420.00,617.50,465.00,201.50,398.00,394.50,422.00,493.50,463.00,571.50,490.00
ND_9SreR6JHpi4_frame001751_l.jpg,0,351.39,160.44,333.37,181.26,317.75,200.48,304.94,222.90,291.33,245.33,384.22,199.28,395.83,212.09,401.44,226.91,406.24,242.52,399.83,200.88,418.65,218.10,428.26,242.52,430.50,260.56,409.24,204.05,425.24,217.19,435.52,235.48,440.67,259.19,415.24,204.90,429.81,215.76,438.95,223.19,446.38,226.90
ND_9SreR6JHpi4_frame005251_r.jpg,0,156.50,100.53,185.90,88.33,203.70,79.33,215.10,73.93,231.50,55.73,197.76,70.71,216.90,70.87,227.90,74.53,239.10,77.93,194.65,83.47,215.26,88.21,231.95,93.77,245.50,99.13,187.29,97.21,208.23,105.55,227.37,112.42,239.30,118.93,184.67,111.93,201.70,119.93,214.30,125.73,229.90,131.93
ND_9m2QA71f9zg_frame002991_l.jpg,0,236.42,-1.51,269.72,30.72,304.09,64.02,337.93,101.08,354.58,142.44,358.88,27.49,402.92,74.22,389.50,107.87,368.50,129.53,369.62,12.99,413.66,57.04,399.17,114.20,379.50,128.87,363.71,14.60,388.50,68.20,375.50,96.87,360.50,114.87,337.83,25.53,352.50,75.87,350.83,99.87,334.83,128.20
ND_9m2QA71f9zg_frame003290_l.jpg,0,266.17,-34.33,268.70,8.78,271.30,43.10,287.42,94.58,281.18,142.42,335.26,36.86,365.94,80.02,376.86,143.98,385.18,182.98,361.78,33.74,399.50,66.67,416.17,112.67,428.17,152.33,375.83,32.33,405.50,57.33,425.17,88.00,435.17,112.00,374.83,40.67,392.83,57.67,409.83,78.00,420.83,93.67
ND_9mIwp8TZtfU_frame000751_r.jpg,0,105.67,296.29,136.40,260.79,167.13,224.24,198.39,209.40,207.92,179.20,215.34,239.07,253.48,244.90,278.91,251.79,296.93,257.61,212.14,271.43,223.00,281.71,210.57,284.63,187.79,287.28,203.29,302.86,221.70,300.53,205.27,298.41,185.67,294.17,201.57,324.90,211.57,320.00,202.10,315.89,187.26,315.36
ND_9mIwp8TZtfU_frame008501_l.jpg,0,379.40,296.68,366.21,291.94,352.86,288.60,339.85,295.63,331.70,301.67,347.23,311.10,332.46,314.96,321.57,313.56,313.55,309.81,350.39,319.89,334.05,325.86,322.27,322.17,314.01,316.90,353.21,321.82,336.86,324.63,327.72,321.64,321.39,316.20,353.56,320.24,341.78,320.41,334.93,317.07,330.00,314.26
ND_9mIwp8TZtfU_frame008751_r.jpg,0,179.17,286.00,198.17,297.67,199.83,313.00,203.17,335.67,217.83,348.33,184.69,320.73,184.37,342.48,180.85,363.59,180.71,379.48,164.54,316.57,158.14,340.24,153.34,364.87,149.57,383.19,145.03,314.33,138.63,333.20,133.83,353.35,131.00,368.05,130.00,313.05,120.72,330.96,112.08,344.08,103.00,358.90
ND_9mIwp8TZtfU_frame020251_r.jpg,0,217.28,263.09,223.94,249.17,231.75,228.00,234.15,217.80,235.55,210.40,220.92,216.32,214.26,197.25,219.35,194.60,225.55,201.80,213.20,219.05,213.05,211.18,224.70,227.22,232.42,238.27,200.55,226.20,208.35,225.56,219.71,239.63,229.24,249.47,196.35,232.00,203.96,239.48,214.86,248.41,220.92,254.92
ND_9mIwp8TZtfU_frame020751_l.jpg,0,490.52,301.17,473.91,308.38,457.09,316.98,453.15,332.47,443.15,347.27,468.10,330.00,458.29,347.21,452.08,360.03,447.08,371.04,479.31,338.21,471.90,356.82,464.10,366.83,457.69,372.04,486.33,340.64,477.33,358.64,467.83,360.81,456.50,360.14,488.67,337.14,478.17,350.31,470.83,351.64,462.00,353.47
ND_9rVoW69w7AM_frame000001_l.jpg,0,544.57,429.94,547.94,442.74,550.86,455.54,558.27,465.88,565.23,474.86,587.79,440.13,601.54,441.01,615.66,444.13,625.43,447.91,591.59,435.39,610.79,437.63,622.54,440.38,629.16,445.01,590.62,438.47,605.66,439.60,617.79,442.96,625.66,445.70,592.29,436.63,600.27,438.25,609.71,440.94,618.02,444.54
ND_9rVoW69w7AM_frame000898_r.jpg,0,268.12,290.20,281.69,284.69,294.31,274.49,302.55,274.00,315.52,277.44,296.59,267.78,313.51,271.54,321.97,278.25,326.00,283.22,295.25,275.97,310.96,279.73,322.78,287.78,327.58,291.83,292.43,287.25,306.66,288.86,315.79,296.11,318.92,299.00,291.22,297.58,303.04,299.60,309.89,302.15,313.25,303.50
ND_9rvZPdd6w84_frame000251_l.jpg,0,83.00,954.50,131.67,911.83,180.33,865.17,211.00,814.50,225.67,775.17,132.33,751.17,185.00,683.17,237.67,638.50,272.33,618.50,69.67,753.17,120.33,665.17,177.67,652.50,214.33,657.83,46.33,774.50,65.67,698.50,105.67,689.83,153.67,691.17,31.00,795.17,43.67,737.17,75.00,720.50,109.67,718.50
ND_9rvZPdd6w84_frame002501_l.jpg,0,-84.50,600.00,-44.50,571.00,44.50,483.00,136.71,436.24,213.36,416.03,7.85,342.75,97.97,283.79,169.56,272.84,224.31,296.42,-23.32,309.90,36.48,262.73,113.97,288.00,160.75,321.50,-22.48,336.85,47.43,291.37,76.75,311.50,100.75,337.00,-14.05,374.75,8.25,353.00,38.75,342.50,58.75,343.50
ND_9t77e_omaho_frame002094_l.jpg,0,823.63,386.32,817.76,391.70,814.81,398.24,816.94,404.30,820.70,411.31,812.50,404.73,817.17,412.10,823.17,416.37,827.57,419.17,818.22,406.70,821.47,416.69,827.79,422.85,834.20,422.85,823.35,406.95,827.88,415.33,834.37,419.09,838.73,420.88,829.42,405.59,833.60,410.88,838.13,412.08,841.98,411.40
ND_9t77e_omaho_frame002393_l.jpg,0,756.88,256.71,743.55,255.91,732.30,255.20,725.25,257.95,720.82,260.22,734.94,267.40,727.64,275.41,723.45,280.08,717.35,285.46,741.75,275.53,734.46,284.75,727.76,290.97,723.36,298.00,746.78,280.92,739.60,290.01,733.36,296.00,729.36,301.82,750.25,285.58,744.51,290.73,738.76,295.39,735.91,298.73
ND_9t77e_omaho_frame002692_r.jpg,0,584.80,266.88,588.27,260.51,593.27,253.59,596.57,250.41,596.69,253.24,581.85,238.20,580.32,232.15,583.12,237.75,585.56,243.98,574.36,241.09,577.97,246.33,581.95,253.02,584.56,256.72,568.85,247.05,573.63,252.93,577.79,257.53,580.14,259.79,564.87,252.93,568.12,257.53,572.82,261.06,576.34,263.50
ND_9t77e_omaho_frame002991_l.jpg,0,828.00,334.17,818.50,339.50,811.50,345.69,807.21,355.16,806.13,362.88,806.62,355.36,804.47,369.12,807.90,365.70,809.16,359.95,814.53,359.07,812.58,372.45,816.13,369.93,815.41,365.32,823.81,360.53,823.32,371.27,825.78,368.17,825.96,363.85,832.70,360.43,832.01,369.52,833.78,366.75,833.87,360.14
ND_9vCidylDTVE_frame007751_l.jpg,0,-62.33,1280.67,84.33,1160.67,177.67,1110.67,451.00,750.67,901.00,437.33,-45.67,417.33,284.33,24.00,534.33,-116.00,791.00,-186.00,151.00,444.00,527.67,87.33,751.00,-52.67,911.00,-132.67,297.67,600.67,807.67,330.67,1134.33,217.33,1284.33,174.00,684.33,870.67,914.33,717.33,1073.92,649.83,1267.67,550.67
ND_A1ShIZUWF4M_frame003001_r.jpg,0,865.76,600.52,869.80,580.78,881.97,565.55,895.84,563.21,904.62,571.02,901.70,557.94,919.08,557.16,912.77,566.47,906.67,568.91,911.07,571.02,922.79,575.52,914.39,579.81,903.06,580.98,915.37,582.94,923.01,591.84,912.77,595.50,902.67,593.29,918.10,599.54,917.40,610.37,909.60,609.64,903.01,608.18
ND_A1ShIZUWF4M_frame012301_l.jpg,0,1156.45,543.25,1127.18,545.36,1098.18,550.37,1081.57,567.24,1065.75,585.96,1096.86,585.17,1069.32,606.53,1062.14,603.03,1061.57,589.88,1108.73,599.41,1086.09,617.42,1070.71,614.17,1069.00,603.60,1117.86,604.45,1089.00,623.31,1081.57,615.31,1082.71,608.45,1127.35,609.06,1107.63,625.17,1101.24,619.34,1099.85,612.67
ND_A1ShIZUWF4M_frame025501_r.jpg,0,1656.39,516.33,1535.19,511.03,1445.91,503.67,1363.99,444.76,1280.04,447.10,1437.62,358.24,1342.82,311.30,1314.86,358.21,1273.61,409.46,1478.12,340.75,1336.38,343.52,1279.23,420.71,1240.48,471.96,1459.71,353.64,1352.95,368.37,1301.40,414.39,1261.83,456.73,1436.70,384.93,1380.56,410.71,1344.66,430.96,1326.25,452.12
ND_APDLIziWowE_frame000501_r.jpg,0,195.42,40.00,298.93,63.96,387.73,68.19,457.92,112.50,506.25,234.17,352.08,102.50,404.64,129.50,469.13,165.44,532.55,215.13,311.61,193.99,395.13,265.87,481.81,324.01,551.58,352.56,276.73,255.30,367.64,327.18,442.70,367.35,513.53,383.21,247.13,290.18,325.42,326.67,384.58,347.50,442.08,340.00
ND_ASaCOlrn7F8_frame014102_l.jpg,0,788.57,672.14,774.29,682.43,764.57,698.14,762.29,715.57,760.00,731.29,793.43,719.29,790.29,729.86,783.43,741.00,776.86,747.86,797.90,718.55,796.29,727.87,792.66,743.66,788.33,750.42,801.13,718.78,801.23,728.93,798.40,738.71,796.23,744.15,804.05,718.93,804.84,727.29,803.54,736.42,799.49,743.49
ND_ASaCOlrn7F8_frame015058_r.jpg,0,460.45,456.43,475.16,431.80,491.79,411.33,504.26,388.63,515.14,367.20,472.09,381.39,470.23,364.26,471.75,351.84,478.04,338.41,450.84,387.60,454.05,371.68,467.16,384.79,478.11,397.90,440.80,402.71,447.53,395.57,458.96,408.83,465.49,421.49,431.41,413.94,426.92,401.49,444.68,413.32,454.27,423.94
ND_ASaCOlrn7F8_frame016014_r.jpg,0,619.81,349.97,628.89,332.37,644.13,323.56,656.27,316.89,666.27,316.66,662.33,343.91,680.74,347.77,683.24,341.41,684.54,333.04,660.52,352.54,679.61,344.82,679.61,337.32,678.47,329.13,657.79,359.36,675.29,350.73,677.11,340.04,674.15,332.77,655.52,360.95,668.93,352.32,671.43,345.27,671.43,339.13
ND_AWwHUWqD6po_frame029761_r.jpg,0,449.47,599.41,472.12,560.60,489.34,523.25,521.20,517.75,572.93,513.78,525.73,515.38,577.96,509.70,588.58,527.64,591.73,537.78,536.21,543.02,577.23,545.58,572.83,559.64,559.50,566.64,540.24,574.15,573.50,571.31,561.17,579.98,545.83,582.31,540.68,599.46,560.05,588.83,551.93,583.83,538.49,588.52
ND_AWwHUWqD6po_frame039601_r.jpg,0,22.33,363.33,94.16,328.74,174.68,300.84,210.87,271.72,247.69,238.87,142.90,271.16,205.77,296.08,241.00,317.68,246.79,295.58,128.89,309.26,204.07,341.96,234.68,357.68,221.00,337.68,113.45,347.05,180.29,374.24,194.16,389.79,162.58,385.58,100.42,385.00,153.66,399.73,171.16,399.65,168.43,390.10
ND_AWwHUWqD6po_frame045361_r.jpg,0,459.25,601.19,519.15,553.18,556.53,511.55,605.38,517.93,652.54,509.43,600.29,549.36,652.11,545.96,656.97,530.08,658.79,515.08,599.86,587.17,644.69,555.53,636.97,536.44,615.60,527.81,600.71,616.48,646.59,598.21,631.83,577.20,611.83,562.20,597.74,639.84,637.67,633.05,639.75,609.70,613.50,603.03
ND_AWwHUWqD6po_frame047041_r.jpg,0,416.50,533.33,452.49,488.02,472.42,451.92,503.62,445.15,523.17,448.54,499.23,419.88,546.11,418.08,563.63,438.68,572.83,466.28,508.51,439.14,562.65,447.03,563.78,466.21,552.88,482.00,518.66,459.07,563.78,469.59,557.22,493.88,540.85,504.18,520.44,485.31,555.51,500.80,545.36,521.85,530.32,536.14
ND_AXsrlpKORoo_frame010466_l.jpg,0,750.79,660.00,765.97,646.67,785.60,626.30,806.30,609.78,832.67,599.45,772.44,564.51,780.99,546.33,800.59,558.45,805.58,582.34,788.67,568.05,789.33,542.63,822.15,559.29,826.25,582.12,800.35,571.09,807.79,552.12,820.87,566.73,818.81,583.14,809.48,577.48,817.82,564.62,824.48,575.10,822.34,586.29
ND_AXsrlpKORoo_frame013755_l.jpg,0,1414.81,479.74,1396.68,463.32,1385.64,445.76,1365.53,440.10,1346.27,443.78,1365.25,433.87,1342.31,425.94,1329.56,436.41,1315.69,450.29,1357.21,444.64,1328.71,442.64,1312.29,453.12,1304.64,462.75,1362.01,462.44,1337.21,456.80,1318.52,464.73,1318.18,474.14,1361.58,483.93,1347.12,475.78,1327.02,477.20,1314.14,478.19
ND_AZkVezn7n4Q_frame054151_r.jpg,0,220.26,324.00,209.93,306.67,206.26,289.33,205.26,275.00,206.93,257.00,237.70,281.94,245.58,265.88,238.91,258.91,229.22,255.88,244.67,293.76,244.97,275.27,240.13,268.00,226.19,263.76,248.61,300.12,246.19,284.97,241.03,276.48,234.37,273.45,249.52,314.06,249.52,296.79,245.28,287.39,239.82,283.45
ND_AdKdya_Suvs_frame000001_l.jpg,0,207.69,779.99,323.84,794.61,410.00,794.61,484.61,782.30,539.23,772.30,373.84,726.15,466.92,680.76,586.92,609.99,683.07,559.22,345.38,672.30,421.54,609.22,488.46,564.61,470.77,626.15,316.15,644.61,353.07,599.99,381.54,573.84,416.15,549.99,292.30,629.99,323.84,573.84,354.61,555.38,390.77,547.69
ND_AfHwjFihkrk_frame001501_r.jpg,0,895.59,698.96,934.19,675.09,965.67,650.72,1003.58,656.85,1021.02,679.16,1012.39,656.81,1058.43,664.99,1070.03,676.59,1085.23,684.59,1011.88,688.80,1041.34,707.09,1028.03,714.99,1011.88,703.53,1004.77,719.27,1026.83,736.19,1010.03,741.39,998.17,728.41,991.06,748.73,1012.90,757.87,994.43,759.79,980.40,753.30
ND_AfHwjFihkrk_frame008701_l.jpg,0,995.56,823.33,955.42,813.72,920.16,803.60,891.18,812.67,881.40,828.73,909.33,865.74,880.36,876.56,879.66,853.52,884.20,839.56,924.69,881.80,899.78,885.16,893.97,864.34,896.77,848.63,950.53,885.64,918.06,887.73,911.43,875.17,911.43,860.50,966.59,887.39,935.52,887.04,926.44,877.61,926.09,866.09
ND_AfHwjFihkrk_frame021601_l.jpg,0,879.12,454.40,843.34,476.62,807.03,502.64,790.77,544.37,770.03,581.55,834.67,558.47,812.45,599.12,790.77,624.05,770.72,643.56,853.64,568.76,837.92,610.50,809.74,635.43,790.08,649.86,858.52,568.22,846.60,604.54,822.21,624.05,798.90,642.47,858.52,566.60,849.85,594.78,834.67,609.41,815.70,622.42
ND_Aj06W0azS68_frame004751_r.jpg,0,482.00,553.94,507.14,536.42,535.32,514.84,567.52,527.32,580.94,539.25,525.16,539.97,571.44,540.50,587.44,538.00,601.19,534.50,522.37,566.38,563.50,588.72,585.19,593.50,599.19,587.50,519.32,587.96,557.44,597.50,578.48,594.56,591.19,588.00,519.83,598.88,546.69,599.75,559.44,595.25,569.34,591.26
ND_Aj06W0azS68_frame006001_l.jpg,0,452.56,287.74,488.47,293.19,520.29,288.65,538.35,309.40,560.29,321.38,558.47,307.28,584.38,327.74,598.02,340.47,616.20,360.47,557.03,346.34,574.84,357.28,585.29,374.56,595.75,394.56,537.91,359.38,548.34,373.72,553.02,389.10,557.03,403.70,513.93,369.56,520.53,383.28,522.56,390.01,523.57,398.49
ND_Aj06W0azS68_frame007001_r.jpg,0,473.38,516.61,501.89,503.42,528.27,486.85,549.72,501.85,561.19,510.68,523.81,510.19,549.83,535.14,562.07,528.03,564.72,515.38,517.07,525.68,544.13,551.01,559.42,550.97,563.84,536.56,510.98,542.81,538.43,551.36,541.19,542.74,534.42,533.03,507.95,551.36,523.84,550.97,531.48,545.09,533.84,537.44
ND_Aj06W0azS68_frame007501_r.jpg,0,324.45,501.74,339.61,499.16,349.29,502.06,361.29,509.27,373.14,520.78,334.43,519.93,345.86,537.48,352.19,546.05,360.55,552.38,328.92,526.25,337.49,545.44,344.43,555.64,353.41,564.01,326.88,534.82,332.59,550.13,338.51,558.09,345.86,566.66,323.41,541.97,326.88,554.62,330.14,561.15,334.63,566.86
ND_ArUTm2iiy2Q_frame005501_r.jpg,0,89.01,234.83,77.76,241.29,70.70,244.52,62.69,251.46,55.84,260.04,50.37,238.66,41.15,242.97,36.13,250.86,34.45,259.36,49.89,246.56,42.07,249.55,38.16,257.20,37.80,264.62,51.92,250.74,46.66,254.81,43.54,259.71,43.67,264.86,55.35,254.30,52.28,257.68,50.37,260.91,49.53,265.82
ND_ArUTm2iiy2Q_frame005751_r.jpg,0,236.94,213.64,241.37,204.65,244.02,199.21,243.77,195.03,243.01,190.35,229.00,186.22,235.21,185.92,239.68,188.42,244.90,192.43,226.20,192.73,236.30,194.66,241.25,197.30,246.79,198.33,224.09,200.83,229.76,200.83,238.06,202.79,243.34,204.33,224.92,207.04,232.18,207.87,236.80,208.10,239.90,209.08
ND_ArUTm2iiy2Q_frame022751_l.jpg,0,435.41,225.10,406.94,232.61,382.78,239.33,366.76,261.85,348.38,274.83,401.96,261.99,385.03,282.16,365.60,286.89,352.97,287.80,414.91,277.43,396.05,306.90,374.82,304.82,364.61,292.37,418.64,282.91,397.23,301.84,381.54,300.84,372.82,294.37,416.40,283.41,400.96,292.87,390.50,294.12,382.04,291.13
ND_ArUTm2iiy2Q_frame025001_l.jpg,0,405.87,-5.14,386.87,-7.39,365.59,2.18,350.37,20.00,335.16,37.07,381.92,36.70,364.66,57.85,346.66,58.59,334.97,55.62,385.26,44.67,358.91,50.05,344.62,48.38,333.12,44.49,380.80,39.85,361.13,43.93,349.07,40.96,337.76,34.84,376.72,29.64,365.59,34.47,358.56,32.31,353.53,26.68
ND_ArUTm2iiy2Q_frame025501_l.jpg,0,284.06,164.96,285.37,145.98,286.13,130.18,281.15,122.26,281.34,112.65,267.14,120.78,258.68,111.01,248.34,102.74,239.13,95.41,257.18,127.36,243.07,117.07,235.96,114.57,228.65,112.26,251.91,139.58,242.70,131.12,233.87,123.23,228.60,115.90,249.28,150.30,241.57,146.16,233.49,139.02,230.76,132.26
ND_AzZdSRwmSoY_frame000301_r.jpg,0,114.51,522.20,119.28,493.46,134.44,477.34,141.21,456.37,147.34,438.30,186.26,463.41,163.79,462.17,151.86,473.46,159.06,483.60,206.43,479.10,186.43,471.15,175.55,482.95,182.02,496.74,214.96,510.57,204.37,496.15,188.78,500.57,188.40,510.81,213.05,525.45,204.37,511.15,194.66,514.68,186.14,523.51
ND_B28IROPi9bo_frame000241_r.jpg,0,406.09,44.28,442.42,54.87,477.61,72.28,494.64,100.66,507.13,136.99,457.93,108.99,473.07,152.88,481.09,162.51,486.90,153.15,436.74,121.47,466.57,151.54,482.06,165.41,494.96,184.12,425.39,129.80,455.66,147.96,468.91,144.56,481.02,133.21,418.96,131.69,444.69,138.50,457.55,133.58,467.02,124.88
ND_B28IROPi9bo_frame007681_l.jpg,0,530.61,85.23,514.07,92.42,496.22,103.46,492.61,126.19,485.60,145.73,539.77,114.72,526.39,142.76,504.93,157.41,486.24,161.24,556.25,127.34,536.58,159.11,514.92,166.97,501.80,159.71,560.16,139.78,544.44,163.57,527.66,166.97,515.80,158.21,559.94,146.16,551.24,164.21,538.92,164.85,531.06,162.94
ND_B28IROPi9bo_frame007921_r.jpg,0,288.75,197.81,317.51,201.29,345.41,208.26,366.03,225.99,387.69,235.70,342.21,245.16,374.45,256.78,389.58,260.03,405.80,259.49,333.20,259.98,369.22,264.84,389.99,267.73,410.37,264.65,331.46,260.56,368.07,257.15,385.95,250.61,399.03,242.92,333.20,257.36,355.57,254.17,367.30,248.50,374.17,238.77
ND_B28IROPi9bo_frame008401_l.jpg,0,536.55,224.19,556.27,240.55,584.17,253.05,594.75,280.95,617.83,298.26,573.10,324.23,567.81,354.53,557.71,372.81,539.92,386.76,549.54,333.85,540.88,362.23,525.97,381.95,512.64,397.32,530.78,336.26,520.20,361.27,510.58,380.02,497.11,397.34,510.58,329.04,504.33,349.24,496.15,363.19,486.53,378.58
ND_B28IROPi9bo_frame010801_r.jpg,0,292.77,159.02,332.25,165.54,363.30,168.60,388.33,201.74,412.26,213.17,346.05,190.45,356.18,204.24,368.28,221.88,383.61,241.81,327.27,211.92,335.32,232.62,344.52,253.31,354.10,275.93,312.32,227.25,319.22,249.86,330.33,272.86,341.90,293.88,303.89,237.98,308.49,257.91,316.92,276.70,328.42,294.71
ND_B4iisRqpNPU_frame001795_l.jpg,0,1000.29,2243.18,844.36,1697.68,715.29,1370.68,679.21,937.82,414.21,557.82,417.79,1258.18,330.29,853.18,287.79,530.68,288.72,201.55,652.79,1208.18,620.29,808.18,550.29,518.18,440.29,203.18,950.04,1143.36,880.29,950.68,820.29,638.18,837.79,343.18,1072.79,1058.18,1000.29,810.68,930.29,660.68,862.79,495.68
ND_B4iisRqpNPU_frame002393_l.jpg,0,1313.64,1196.32,1181.14,1018.82,1136.14,888.82,1098.64,738.82,1026.14,493.82,1041.64,727.07,1031.64,477.07,1028.64,406.07,1035.64,321.07,1197.01,764.26,1185.50,508.00,1171.21,390.86,1192.64,299.43,1362.72,772.84,1360.64,553.07,1364.07,470.86,1435.64,413.07,1527.64,857.07,1524.64,722.07,1504.64,623.07,1464.64,476.07
ND_B6zLeqVxGcE_frame000300_r.jpg,0,712.96,822.67,764.57,814.35,813.69,807.69,855.32,810.19,882.79,828.50,864.48,812.68,907.77,816.85,947.77,821.21,980.27,819.96,861.98,827.67,909.43,832.67,951.06,834.33,986.02,830.17,852.82,849.32,897.78,854.31,935.24,854.31,968.54,847.65,836.17,874.29,870.30,879.29,901.94,881.78,925.27,884.33
ND_B6zLeqVxGcE_frame001496_r.jpg,0,438.15,568.95,499.45,547.86,555.48,523.47,606.90,538.63,658.31,546.54,604.33,594.66,633.56,585.43,612.79,555.43,571.96,558.40,597.41,619.27,591.25,642.35,558.18,628.51,542.02,603.12,571.30,669.14,558.18,684.66,525.10,666.20,519.88,636.19,525.10,699.27,517.41,720.04,492.79,706.20,484.29,677.71
ND_B6zLeqVxGcE_frame001795_r.jpg,0,438.89,40.45,460.92,27.37,477.79,14.29,504.24,28.63,508.64,52.23,511.04,17.43,530.64,53.03,534.93,79.70,519.10,88.30,522.88,47.68,543.54,84.86,530.24,97.43,515.44,102.63,517.72,73.16,527.84,104.23,515.04,111.43,502.64,116.63,506.70,97.25,506.64,119.03,500.64,126.63,495.04,137.03
ND_B6zLeqVxGcE_frame003290_l.jpg,0,446.69,184.28,470.79,198.13,495.91,209.92,522.06,217.10,548.20,220.17,558.38,207.90,588.19,213.51,612.29,219.66,636.90,224.79,555.38,204.79,585.12,210.94,611.26,219.66,632.29,224.79,555.38,204.28,578.45,208.89,602.30,216.38,622.03,222.22,551.79,203.25,569.22,206.84,587.68,212.48,602.04,220.17
ND_BEkAgPRzHM8_frame000898_l.jpg,0,808.56,277.52,828.24,274.08,845.06,279.99,865.51,290.45,877.33,303.63,858.54,272.19,877.95,280.88,885.95,287.28,897.15,296.88,850.54,285.19,868.79,296.44,881.79,305.69,891.79,312.94,843.04,295.94,862.13,309.30,873.22,319.57,884.03,329.03,830.00,310.17,839.54,318.44,850.29,325.69,860.35,331.68
ND_BEkAgPRzHM8_frame002094_r.jpg,0,1578.74,358.00,1627.84,350.27,1681.91,329.86,1735.99,334.82,1778.47,358.55,1662.60,420.90,1684.67,465.04,1713.36,485.45,1746.47,500.35,1651.02,447.93,1674.75,494.34,1716.12,511.38,1759.71,522.42,1649.91,461.73,1670.88,501.45,1707.29,517.45,1748.12,524.63,1646.36,471.12,1664.10,498.21,1692.40,508.63,1721.09,515.80
ND_BEkAgPRzHM8_frame003888_l.jpg,0,2022.00,404.00,1848.00,382.00,1687.00,382.00,1481.30,532.11,1364.47,595.34,1753.46,342.43,1573.40,486.75,1481.30,580.22,1442.00,667.00,1827.68,459.26,1595.39,611.83,1550.03,653.07,1536.00,611.00,1885.41,566.47,1695.73,655.82,1648.99,625.58,1672.36,580.22,1913.00,646.00,1791.94,683.31,1748.00,631.00,1735.00,587.00
ND_BEkAgPRzHM8_frame005084_l.jpg,0,214.79,794.45,252.26,762.10,300.83,730.67,360.11,748.53,371.19,783.17,292.54,760.38,358.33,825.67,352.61,805.67,331.19,783.17,281.34,803.58,319.04,855.31,328.69,838.53,309.40,810.67,262.34,845.71,278.71,874.51,296.43,864.96,292.80,840.42,238.25,876.78,252.80,901.78,265.98,890.42,262.34,866.78
ND_BEkAgPRzHM8_frame008373_r.jpg,0,678.36,58.11,697.56,62.11,712.76,71.31,730.76,84.11,744.36,103.71,720.76,26.51,734.76,57.31,747.16,80.11,738.76,104.11,720.36,33.31,766.66,74.46,761.16,96.51,757.96,111.31,716.66,47.04,763.96,80.51,758.17,101.39,752.76,116.11,711.56,57.31,734.93,85.51,737.29,99.63,738.17,116.10
ND_BEkAgPRzHM8_frame011363_r.jpg,0,362.09,219.78,415.06,212.75,466.62,204.78,502.25,217.44,536.94,220.72,459.59,262.91,483.03,293.38,500.38,316.34,516.76,299.51,431.94,280.72,461.00,317.28,483.07,302.14,491.50,283.72,409.44,299.00,436.23,318.98,462.02,304.25,466.23,285.83,391.62,311.19,416.76,314.25,436.76,309.51,442.02,290.04
ND_BEkAgPRzHM8_frame021529_r.jpg,0,1450.08,294.46,1411.62,297.54,1358.76,307.33,1270.51,354.22,1230.74,385.53,1231.50,218.41,1161.74,226.84,1155.75,271.14,1187.29,310.38,1206.97,285.10,1163.17,296.01,1167.38,351.80,1193.73,381.00,1204.67,338.76,1175.80,363.90,1179.93,395.62,1201.81,428.12,1215.15,377.42,1191.51,393.78,1210.61,421.62,1231.86,414.75
ND_BKZQxLosM8M_frame005383_r.jpg,0,825.15,735.23,713.85,664.64,629.79,622.00,574.96,546.47,516.49,500.17,756.48,440.48,754.05,338.15,745.52,277.23,739.43,233.38,832.02,453.88,832.02,357.64,814.96,296.73,789.38,260.18,881.97,513.58,872.77,400.00,842.00,359.23,808.15,323.85,906.62,559.23,884.40,480.68,863.69,461.19,834.45,455.10
ND_BLmXrGzbzYY_frame001201_l.jpg,0,592.22,686.13,557.67,666.13,532.67,647.49,491.76,620.22,469.72,610.22,611.76,623.86,621.31,576.58,630.85,538.40,639.95,507.49,657.22,676.13,643.13,658.40,608.13,653.86,567.22,652.95,644.04,711.13,630.40,701.13,581.76,692.49,540.85,682.49,626.76,752.49,599.04,742.95,578.13,737.95,547.59,732.66
ND_BMJrPSB14GY_frame001251_l.jpg,0,1297.00,-332.93,1017.00,-188.64,851.29,-24.36,792.52,194.50,717.99,341.49,941.59,62.00,877.41,275.24,827.72,434.66,775.96,567.16,1115.49,86.84,1034.75,298.02,960.22,484.34,904.86,649.21,1283.19,95.12,1214.87,295.95,1140.34,473.99,1063.73,631.34,1436.39,103.41,1368.07,258.68,1315.36,379.71,1239.71,548.52
ND_BMJrPSB14GY_frame001501_r.jpg,0,1558.22,550.16,1236.81,536.88,968.53,478.44,785.25,457.19,604.62,481.09,1000.41,-2.34,899.47,-63.44,814.47,-5.00,753.38,93.28,1156.36,23.50,1011.03,186.25,953.86,401.71,966.71,670.29,1270.64,66.36,1096.36,405.64,1094.93,646.36,1122.07,826.36,1373.50,160.64,1237.79,449.21,1219.21,647.79,1229.21,800.64
ND_BOvKanQdBF0_frame000001_l.jpg,0,685.86,-44.00,532.22,3.72,383.76,26.03,239.15,46.80,145.35,64.23,363.55,-33.74,293.41,39.73,216.60,139.93,108.61,259.05,458.86,-6.38,373.30,75.72,274.07,201.11,178.68,325.72,573.86,-5.12,486.38,107.26,393.30,229.57,298.68,355.72,615.30,72.18,576.07,136.80,526.07,194.49,461.52,273.52
ND_Bh7GDNJvB3w_frame000898_l.jpg,0,320.59,581.78,377.00,574.62,398.88,531.50,393.25,472.75,395.12,448.38,257.11,465.79,221.06,388.21,261.03,342.75,318.24,320.81,245.75,389.62,224.20,327.86,315.11,309.84,381.72,326.30,270.75,384.00,266.52,327.08,329.21,314.54,374.50,344.00,303.25,385.25,309.50,332.75,338.25,335.25,358.88,351.50
ND_Bi7aqFsPG8w_frame000241_l.jpg,0,405.52,313.10,397.61,306.80,388.90,299.09,380.69,296.29,373.19,293.58,377.39,310.10,370.88,312.90,373.79,312.30,376.79,311.30,379.19,318.31,371.08,321.41,374.79,320.21,381.09,318.71,382.90,324.61,375.19,327.62,379.29,327.02,384.50,325.11,387.70,330.42,382.91,332.33,386.19,329.65,391.12,326.96
ND_Bi7aqFsPG8w_frame000961_l.jpg,0,694.18,476.76,675.71,457.00,659.81,436.37,641.98,430.79,629.09,424.55,640.47,477.62,614.48,465.59,615.07,452.87,622.32,447.87,639.18,489.65,618.82,471.62,611.82,462.87,605.32,450.62,641.43,494.72,625.22,476.76,623.07,464.52,625.00,456.35,641.21,491.89,634.03,480.84,632.31,472.04,635.53,463.87
ND_Bi7aqFsPG8w_frame003841_r.jpg,0,718.18,422.07,709.68,440.06,700.52,458.71,689.72,469.99,681.21,478.99,675.19,456.68,669.11,473.59,668.02,482.55,666.98,493.71,678.85,457.18,677.31,473.38,678.82,485.02,682.90,495.58,683.32,457.31,681.61,471.58,684.90,481.82,692.43,489.58,688.19,457.18,686.79,468.76,688.71,476.13,692.20,482.76
ND_Bi7aqFsPG8w_frame005761_l.jpg,0,682.33,473.59,666.66,456.33,654.08,442.03,630.29,436.62,613.54,429.86,625.79,443.62,613.30,449.97,620.34,453.38,628.06,452.02,623.75,460.42,608.40,461.22,610.83,467.97,625.43,469.05,624.20,475.18,605.43,474.19,609.21,477.97,621.91,479.32,625.56,489.71,602.63,487.89,608.40,486.35,618.67,486.35
ND_Bi7aqFsPG8w_frame006001_r.jpg,0,1249.90,306.52,1193.47,298.46,1138.90,291.01,1086.81,315.82,1073.17,364.19,1080.61,286.05,1031.84,319.42,1031.62,349.92,1045.26,351.79,1094.25,332.56,1067.59,378.45,1100.45,369.77,1130.84,338.76,1127.74,356.13,1117.82,388.37,1148.20,367.91,1173.01,334.42,1160.24,373.70,1151.92,395.19,1179.83,377.21,1200.91,351.17
ND_Bi7aqFsPG8w_frame007201_r.jpg,0,826.72,217.42,804.38,211.29,780.76,208.82,772.38,222.34,780.00,236.81,761.53,242.90,749.15,259.28,762.67,253.19,772.57,243.28,770.66,253.15,761.72,268.42,778.10,254.71,788.57,244.43,790.01,260.10,783.27,261.84,802.62,237.93,807.84,222.06,794.50,266.38,805.11,251.89,813.48,238.62,819.42,228.24
ND_Bi7aqFsPG8w_frame007441_r.jpg,0,559.44,364.93,553.79,347.33,545.75,322.77,528.15,313.87,513.59,321.47,510.55,330.60,499.37,317.16,496.97,324.99,500.99,333.86,505.40,346.80,492.63,341.51,484.58,337.38,491.32,346.73,503.71,365.86,490.89,366.29,481.10,365.86,484.15,361.29,505.17,380.99,497.26,383.78,490.98,386.10,485.34,387.31
ND_BilT-PQMLDw_frame006280_r.jpg,0,1538.31,277.11,1455.21,311.96,1374.79,344.12,1329.22,370.93,1299.73,397.74,1319.39,223.49,1274.71,261.92,1267.56,303.02,1267.56,338.76,1380.15,177.03,1341.38,236.75,1323.88,286.12,1315.12,329.25,1425.72,176.13,1385.12,228.00,1375.12,273.62,1403.38,291.40,1464.15,177.03,1437.34,204.73,1432.87,236.90,1442.70,273.53
ND_BmuSnlHINp8_frame003901_l.jpg,0,696.87,330.60,702.46,337.62,705.78,343.21,710.43,353.70,711.26,361.29,686.05,353.48,694.55,362.11,702.90,361.29,703.31,357.45,686.46,358.55,694.96,364.99,700.44,364.71,704.41,362.11,688.38,361.56,695.37,366.91,701.53,366.08,704.41,363.48,690.57,364.58,695.50,368.14,699.07,368.28,703.04,366.77
ND_BmuSnlHINp8_frame019801_r.jpg,0,993.01,441.54,991.68,454.01,990.71,467.93,989.10,481.46,995.10,487.21,1028.62,456.04,1031.28,484.39,1022.30,488.47,1013.52,490.71,1023.31,462.49,1026.04,486.07,1017.78,491.94,1007.78,497.59,1016.06,469.74,1015.52,488.82,1002.83,494.40,992.37,493.91,1005.10,473.93,1000.43,488.43,992.05,488.59,987.54,483.92
ND_BmuSnlHINp8_frame020701_r.jpg,0,559.23,406.41,587.01,351.64,619.28,321.18,659.28,316.18,700.65,321.18,591.10,308.91,659.28,295.73,699.74,312.55,702.92,331.64,591.56,339.82,680.07,333.05,710.19,348.91,700.19,359.82,597.47,373.00,681.66,363.30,696.78,370.86,682.01,382.09,610.19,398.45,670.19,389.82,687.47,389.82,676.10,395.73
ND_CFHe1zU9VKM_frame001201_r.jpg,0,439.68,13.21,412.04,26.50,379.54,33.50,357.79,61.75,338.96,87.14,353.96,-7.50,315.22,37.79,310.02,64.14,308.29,87.71,365.04,8.57,334.68,43.93,325.04,63.93,329.32,84.29,376.46,23.57,343.96,49.29,342.89,69.64,351.82,87.50,382.54,43.93,361.11,58.93,366.82,79.64,376.46,92.86
ND_CJYUQ7-DlBM_frame002401_r.jpg,0,444.62,474.00,482.12,410.88,523.09,354.91,577.12,338.38,616.50,335.25,515.36,353.55,595.36,352.64,629.91,352.64,657.75,352.12,527.18,373.09,601.27,383.09,634.45,386.27,664.45,383.09,531.27,415.82,600.82,407.64,643.09,404.45,668.55,400.82,535.82,446.27,594.91,431.27,624.00,429.91,638.09,427.18
ND_CJYUQ7-DlBM_frame005101_l.jpg,0,997.95,138.49,969.36,90.27,988.91,59.82,1006.66,34.88,1024.82,12.55,1061.66,43.00,1025.19,16.77,997.13,17.19,969.79,31.75,1050.41,28.62,1021.06,18.84,997.13,21.31,975.41,28.62,1038.80,32.45,1023.02,25.22,997.95,25.44,978.97,27.92,1066.04,63.00,1066.66,38.00,1041.04,28.00,1015.41,26.75
ND_CK5r_QkD_eg_frame001197_l.jpg,0,956.62,998.00,946.80,1012.38,929.66,1022.02,917.88,1015.95,904.66,1013.45,797.52,1029.75,761.61,1028.84,725.25,1021.11,686.61,1009.29,780.70,1013.84,693.43,1027.47,656.15,1021.56,629.34,987.02,770.70,1002.02,692.22,1031.49,655.71,1018.45,612.97,987.47,765.70,998.38,714.79,999.75,673.43,996.11,641.15,984.29
ND_CK5r_QkD_eg_frame003589_l.jpg,0,939.55,585.27,910.82,574.39,880.32,565.89,849.82,570.89,836.57,575.14,878.86,555.10,850.05,549.87,835.05,557.52,824.47,563.40,875.12,578.51,847.30,583.60,832.03,589.37,817.73,593.45,883.61,600.57,860.87,615.50,841.53,629.76,824.56,642.31,893.45,621.27,871.05,636.20,853.75,648.76,836.44,657.58
ND_CK5r_QkD_eg_frame018838_l.jpg,0,1147.42,350.35,1123.17,329.97,1094.92,307.14,1069.21,291.78,1043.49,267.85,1125.99,257.85,1137.42,214.64,1127.06,205.71,1110.64,205.35,1142.78,264.28,1144.77,230.45,1124.33,218.11,1107.42,219.28,1165.28,272.85,1152.10,246.27,1130.12,233.92,1114.92,232.14,1179.56,276.42,1161.71,261.78,1147.09,260.54,1132.42,254.28
ND_CK5r_QkD_eg_frame023323_r.jpg,0,830.82,642.64,892.84,613.83,933.43,598.24,963.13,586.77,977.88,573.80,915.78,609.42,960.85,607.44,989.08,609.67,1014.79,613.24,912.65,640.74,952.29,645.03,984.44,654.32,1009.44,662.53,908.01,660.39,947.29,676.46,977.88,692.14,1003.81,703.09,894.79,676.82,930.36,694.91,948.09,703.09,964.00,714.45
ND_CK5r_QkD_eg_frame024818_l.jpg,0,993.07,667.96,971.28,631.89,937.35,623.68,905.92,621.53,879.85,612.96,959.85,637.96,901.64,642.61,882.00,649.03,874.85,660.46,949.50,674.03,904.85,676.18,878.42,675.46,865.92,674.39,958.07,697.25,918.78,706.18,882.35,703.68,866.64,698.32,955.92,720.11,923.42,727.96,899.14,728.68,885.57,727.25
ND_CK5r_QkD_eg_frame031097_l.jpg,0,1181.53,754.60,1141.25,718.12,1092.50,728.75,1066.25,742.50,1056.25,755.62,1100.17,806.42,1058.81,801.88,1051.08,799.15,1056.08,790.51,1090.17,792.33,1045.62,782.33,1057.44,774.60,1067.44,776.88,1083.35,778.69,1046.53,768.24,1058.81,762.33,1071.08,764.15,1079.72,752.78,1057.44,749.60,1046.99,747.33,1035.15,739.19
ND_CLFU3cLFw6E_frame000601_r.jpg,0,427.14,546.79,421.11,574.07,395.11,593.82,374.61,610.57,354.76,627.27,383.36,555.32,359.59,592.35,343.66,612.04,335.57,627.99,366.25,545.89,340.85,591.11,343.97,607.83,346.34,622.80,354.25,546.39,339.75,588.92,341.63,611.42,341.47,625.17,347.11,548.19,341.15,571.46,344.41,588.19,351.72,603.76
ND_CSc1C3CWkmI_frame007501_r.jpg,0,683.84,412.77,695.12,401.88,706.95,405.13,715.62,420.62,728.38,427.88,728.12,436.12,745.18,440.06,759.47,428.42,771.11,415.46,722.99,437.21,749.80,442.04,765.13,432.66,774.92,424.40,725.70,437.15,749.80,439.62,764.48,434.83,775.35,429.62,725.53,435.77,743.43,438.31,756.17,435.23,767.74,429.83
ND_CSc1C3CWkmI_frame009001_l.jpg,0,804.93,475.57,787.79,465.57,777.52,465.54,767.12,471.83,758.50,480.57,803.50,489.86,786.70,513.88,770.75,523.55,754.79,525.22,809.21,510.57,791.78,534.91,761.29,542.97,746.79,538.47,810.04,521.97,792.29,544.72,761.04,554.22,743.79,544.22,809.57,527.36,789.79,550.22,764.54,555.47,753.29,552.72
ND_CSc1C3CWkmI_frame013001_r.jpg,0,248.38,81.75,309.12,100.98,341.85,125.53,361.39,152.34,377.30,180.07,320.94,120.53,358.21,196.89,366.39,181.89,358.21,169.62,284.12,138.25,330.03,215.98,326.39,197.34,319.12,184.62,258.21,158.25,300.48,226.44,301.57,212.41,288.28,197.51,227.30,174.16,270.03,223.25,275.94,210.53,266.85,202.80
ND_CSc1C3CWkmI_frame018001_r.jpg,0,362.25,-54.00,409.00,-43.00,457.00,-40.00,489.00,-11.00,499.00,34.00,407.34,66.22,484.49,136.43,540.80,181.18,586.00,211.00,393.45,141.83,525.38,231.62,601.62,229.12,638.50,214.12,389.75,184.75,485.38,215.38,550.38,215.38,612.25,197.25,426.00,211.00,474.75,204.12,513.03,198.15,535.40,181.18
ND_CSc1C3CWkmI_frame020251_r.jpg,0,522.62,472.25,545.17,491.02,556.60,512.09,554.74,536.97,552.70,556.34,545.88,514.23,544.42,550.28,546.02,567.26,548.95,577.34,527.67,512.09,523.76,555.79,529.04,568.87,537.45,562.34,508.74,514.95,509.99,556.01,513.45,564.59,527.20,561.09,501.60,518.52,501.04,553.49,507.45,559.09,516.95,559.59
ND_CZrJEz5pRwk_frame000501_r.jpg,0,301.50,826.00,264.32,849.91,223.41,858.09,175.81,879.43,130.23,896.27,150.97,793.03,51.14,831.27,24.68,879.43,10.68,928.09,129.09,856.16,44.09,891.78,36.59,960.53,100.34,973.03,117.84,878.03,53.47,908.03,64.09,957.41,137.84,970.53,100.97,911.16,71.59,936.16,101.59,959.91,124.72,967.41
ND_CZrJEz5pRwk_frame001751_r.jpg,0,643.25,702.12,705.75,686.50,734.06,708.41,753.25,757.75,783.88,775.88,645.12,727.12,667.00,795.25,695.75,835.88,729.50,860.88,617.00,783.38,657.24,849.80,722.36,877.48,766.64,867.57,622.62,804.62,668.38,882.08,719.59,881.53,749.14,877.48,634.50,817.75,657.62,865.25,699.50,873.38,725.12,865.88
ND_CZrJEz5pRwk_frame005001_r.jpg,0,647.50,769.21,672.50,747.43,691.07,712.43,667.14,686.36,635.71,683.14,612.14,631.71,638.15,659.34,651.79,687.07,664.29,719.21,566.43,658.86,594.85,691.45,619.64,723.86,639.29,734.93,546.68,696.31,566.12,730.78,607.14,744.57,610.36,727.07,535.19,725.92,553.31,759.50,593.15,767.98,614.97,756.62
ND_CZrJEz5pRwk_frame006251_l.jpg,0,1165.27,738.40,1120.88,700.25,1054.62,685.25,1014.62,698.38,980.25,709.62,1059.62,696.50,984.62,715.25,952.75,725.88,968.38,737.12,1080.88,748.38,989.62,760.88,998.38,742.75,1018.38,726.50,1097.12,785.88,1011.50,794.00,1029.62,770.88,1053.38,762.12,1102.75,820.88,1041.50,816.50,1032.12,802.75,1050.70,800.27
ND_CZrJEz5pRwk_frame009001_l.jpg,0,1078.55,529.55,1027.30,487.17,990.25,436.88,941.50,431.25,895.25,431.25,983.38,401.88,892.57,396.28,856.75,424.08,849.62,445.00,957.80,435.31,882.94,439.05,881.34,468.46,910.25,478.75,987.12,480.00,890.96,491.45,920.88,496.25,947.12,498.12,989.00,523.12,919.62,528.12,946.50,533.12,962.75,531.25
ND_CZrJEz5pRwk_frame009251_r.jpg,0,397.12,416.75,441.50,361.12,476.50,343.00,456.12,376.26,422.48,401.62,362.12,282.38,371.75,364.36,409.62,414.88,440.59,458.56,302.75,314.88,335.52,393.86,381.50,436.12,414.62,458.00,283.25,354.01,318.38,418.00,342.12,438.00,392.97,449.76,292.12,393.62,316.89,419.22,342.77,435.79,371.50,454.25
ND_CdQv5NsWGdo_frame016801_r.jpg,0,791.62,606.62,755.62,526.62,745.67,418.16,740.82,355.16,742.44,280.90,892.42,387.35,878.45,265.02,826.12,233.04,769.42,235.35,874.42,362.35,802.85,293.13,734.55,298.85,657.42,321.35,836.42,393.35,761.42,330.73,715.17,353.23,672.05,374.48,819.42,417.35,781.42,391.35,749.55,381.98,718.92,385.10
ND_CdQv5NsWGdo_frame019201_r.jpg,0,788.75,564.75,718.25,476.50,692.98,392.03,642.93,327.97,588.00,270.38,814.88,292.88,746.03,192.84,675.96,189.84,615.50,209.75,726.75,272.88,694.98,229.88,651.94,237.88,606.75,272.25,696.75,292.88,661.75,271.62,623.62,297.25,603.00,332.88,685.50,334.12,661.12,321.00,638.00,333.50,625.50,356.62
ND_ChbZcn4DSBg_frame003589_r.jpg,0,441.27,1053.50,485.25,1002.46,536.73,968.05,583.55,950.32,617.64,924.86,518.55,902.14,611.13,899.52,651.44,914.41,684.00,924.86,514.00,922.59,620.43,931.15,629.00,970.32,612.64,992.59,519.45,952.14,616.71,972.70,610.51,997.50,591.91,1016.73,530.82,986.68,603.07,1014.87,593.09,1036.23,571.27,1037.14
ND_CnXQqzKHy-U_frame005001_l.jpg,0,505.42,358.50,548.68,411.89,580.89,453.31,630.59,487.36,689.33,520.67,676.61,427.53,720.79,466.19,766.81,500.25,807.33,527.33,704.23,403.60,766.81,423.85,822.96,456.07,871.74,478.16,712.51,386.12,776.02,396.24,824.80,414.65,870.82,439.50,718.92,382.50,767.92,387.50,809.42,410.00,855.92,439.50
ND_CnXQqzKHy-U_frame007001_l.jpg,0,588.60,124.81,645.79,68.51,706.42,-1.17,750.42,-16.67,821.42,-10.17,806.63,12.22,852.92,19.33,821.82,26.52,766.92,23.83,818.25,56.00,870.97,64.94,816.42,84.33,753.42,63.33,846.84,101.57,880.79,114.98,791.92,126.83,746.92,99.33,845.05,150.72,873.42,156.83,824.92,168.83,770.42,152.83
ND_D-IuDUp2ISY_frame007501_l.jpg,0,937.34,209.74,854.40,214.57,757.00,220.35,689.50,252.18,666.35,287.86,711.68,217.46,628.74,275.32,585.50,314.00,567.50,354.00,744.46,250.25,659.50,297.00,602.50,339.00,572.50,378.00,792.68,284.00,721.32,327.40,658.50,369.00,615.50,397.00,846.69,324.50,807.15,361.15,758.93,392.97,725.50,404.00
ND_D-IuDUp2ISY_frame022751_l.jpg,0,623.15,452.37,606.93,440.31,583.77,433.21,570.73,440.51,563.13,449.11,562.48,455.56,545.33,458.91,539.06,460.35,531.93,461.51,573.13,469.91,567.93,464.51,573.39,460.09,580.57,456.36,583.13,472.91,579.53,468.51,583.33,462.71,591.22,460.89,595.53,474.51,588.33,473.91,591.22,470.20,597.87,467.54
ND_D-IuDUp2ISY_frame028501_r.jpg,0,592.16,238.69,638.64,244.08,688.86,257.78,706.29,288.91,726.63,312.56,678.07,290.98,705.05,321.69,721.65,337.46,732.86,340.79,650.26,305.51,681.81,339.96,707.54,349.50,722.90,348.67,629.10,313.81,658.57,343.28,676.41,342.03,702.56,335.39,610.01,320.45,630.34,340.37,645.28,342.03,658.15,333.31
ND_D7vE_OSdNnQ_frame012301_r.jpg,0,1388.00,839.00,1299.33,803.00,1168.00,758.33,1088.67,741.67,1004.67,736.33,1159.22,684.33,1067.58,639.50,1010.80,600.66,934.11,529.93,1232.93,599.66,1118.38,474.15,1041.68,396.46,979.93,327.73,1268.79,514.00,1174.00,431.00,1110.00,410.33,1082.00,396.33,1288.67,477.67,1224.00,448.33,1165.33,445.00,1122.00,446.33
ND_DAtsXfxKG0A_frame006215_r.jpg,0,678.30,64.43,720.30,81.77,726.30,136.43,708.30,181.10,690.97,215.77,672.30,146.43,644.30,215.77,637.90,239.90,629.63,262.43,635.63,145.10,644.97,187.77,651.63,227.10,650.97,252.43,630.30,128.43,655.10,182.70,665.10,215.90,667.90,246.70,627.50,117.50,637.50,159.10,660.30,190.70,675.90,207.50
ND_DAtsXfxKG0A_frame008844_l.jpg,0,685.86,361.98,662.61,365.64,634.65,366.94,616.63,369.82,599.91,368.51,635.18,380.27,623.16,394.11,614.54,403.52,605.22,412.44,644.58,389.67,636.22,403.26,628.65,415.79,621.67,427.33,658.43,395.16,650.85,407.70,643.54,420.24,636.56,429.11,673.32,400.64,671.49,409.52,669.40,419.45,666.78,427.33
ND_DGcQHLEDTnM_frame003001_r.jpg,0,1381.00,873.00,1169.00,833.00,1025.00,751.00,976.40,691.13,933.79,646.82,1115.28,664.71,1009.63,548.84,945.25,564.00,905.75,612.00,1161.29,596.55,1071.83,535.20,1025.25,602.00,1040.25,687.50,1237.12,587.18,1132.32,567.58,1109.32,592.29,1095.75,657.00,1265.24,588.03,1203.89,584.62,1179.18,600.81,1171.75,639.50
ND_DJnh5wqcr04_frame016745_r.jpg,0,462.87,517.02,504.26,487.97,542.06,458.92,581.06,466.08,612.90,463.69,573.50,511.45,607.72,490.76,603.00,474.43,591.86,462.43,568.33,535.72,596.43,515.57,587.43,495.13,573.10,484.79,552.41,548.06,581.06,526.97,577.48,510.65,566.73,499.51,538.88,552.84,561.96,536.92,562.36,523.39,556.39,513.44
ND_DJnh5wqcr04_frame018240_l.jpg,0,383.90,369.10,391.10,345.10,385.50,327.10,371.90,337.90,361.50,372.70,426.70,367.10,419.10,411.90,390.30,405.50,364.30,391.90,430.70,386.70,407.90,430.70,373.10,417.50,347.90,393.90,410.70,397.90,388.30,441.50,361.90,429.10,347.10,409.90,395.50,407.50,383.50,429.50,365.50,444.30,352.30,429.50
ND_DJnh5wqcr04_frame041263_r.jpg,0,1106.12,321.93,1071.15,321.18,1036.56,324.94,1015.88,337.34,1006.11,342.98,1011.93,368.00,1000.09,380.58,997.08,393.37,1002.35,391.49,1034.31,379.83,1026.79,405.02,1036.94,386.97,1046.34,367.42,1058.74,388.10,1054.23,406.52,1062.88,385.09,1067.39,364.04,1080.12,388.25,1079.42,404.27,1087.12,387.75,1091.75,370.42
ND_DJnh5wqcr04_frame042459_l.jpg,0,1214.25,556.50,1231.75,503.50,1239.75,458.50,1255.75,449.50,1274.25,495.50,1299.25,469.00,1319.25,450.50,1332.25,448.50,1348.25,443.00,1292.25,506.00,1308.75,494.50,1328.75,488.50,1348.75,481.50,1296.25,519.00,1313.25,514.50,1332.25,509.50,1354.25,507.50,1284.25,544.00,1300.75,538.50,1317.75,537.00,1336.75,535.50
ND_DP44Rtu7X-4_frame014054_r.jpg,0,505.43,538.00,498.29,514.29,499.81,492.25,506.57,472.29,513.71,457.43,548.98,488.77,561.27,483.44,557.56,488.07,548.29,492.95,558.49,505.24,575.19,501.53,566.15,504.31,556.17,507.56,560.35,521.71,567.54,520.31,559.42,520.31,550.14,522.86,555.48,537.48,554.55,532.14,547.82,534.00,543.42,538.17
ND_DP44Rtu7X-4_frame014652_l.jpg,0,505.65,351.61,523.25,356.26,538.78,359.89,554.31,362.73,571.90,368.17,562.59,338.15,578.88,334.81,593.09,335.88,607.43,341.54,560.43,329.71,581.59,327.21,602.09,327.21,611.76,338.15,556.76,329.54,580.59,329.04,599.26,329.71,607.62,335.04,551.26,330.38,576.82,331.16,588.73,333.23,598.04,334.78
ND_DP44Rtu7X-4_frame016446_r.jpg,0,531.76,258.62,556.95,251.06,582.78,239.31,599.15,245.82,609.02,263.24,584.88,267.02,604.61,280.88,600.10,288.95,590.38,291.24,579.84,282.98,597.89,295.58,599.33,301.56,593.11,302.67,569.55,293.27,587.82,304.60,594.22,310.00,588.67,312.89,555.48,302.92,566.40,309.85,579.00,314.26,588.24,316.15
ND_DQgGxgcIgcE_frame002630_l.jpg,0,434.76,736.98,463.81,691.61,485.69,658.18,505.59,617.19,524.29,586.15,452.66,604.46,472.96,563.87,498.83,553.52,520.43,549.07,455.57,615.93,491.00,604.21,513.29,599.64,529.29,601.07,465.40,634.31,489.27,631.12,513.86,637.93,527.57,649.07,472.96,655.40,490.07,655.40,509.00,662.21,525.57,670.50
ND_DQgGxgcIgcE_frame004303_l.jpg,0,414.31,716.00,445.19,700.11,471.08,681.03,493.33,648.34,511.49,622.00,440.65,627.00,456.55,590.67,476.07,570.69,492.42,551.16,427.48,617.46,442.92,581.13,458.36,557.52,467.90,533.45,423.37,617.97,432.23,587.40,443.09,560.54,454.28,542.99,424.30,625.18,432.02,599.29,441.11,582.04,448.37,566.60
ND_DQgGxgcIgcE_frame006215_l.jpg,0,1146.03,568.42,1093.93,526.74,1007.67,478.00,949.67,442.00,907.67,399.33,991.63,427.27,890.33,410.67,821.00,425.33,773.00,443.33,991.63,476.53,889.32,481.27,813.67,499.33,769.67,518.67,1002.99,541.89,902.33,538.67,840.06,561.79,804.33,574.67,1014.36,606.31,940.47,617.67,890.27,621.46,852.33,617.33
ND_DS_fGMcnGiU_frame015001_r.jpg,0,445.00,17.60,441.00,49.20,432.60,68.00,441.80,93.60,455.40,108.80,443.05,32.44,423.77,54.93,397.84,72.60,381.54,87.74,422.62,16.60,393.02,51.71,377.18,67.78,370.07,81.55,401.28,9.26,381.54,32.21,371.90,49.19,377.42,57.00,384.60,8.00,371.67,17.75,367.31,31.75,369.61,42.30
ND_DS_fGMcnGiU_frame017101_r.jpg,0,187.30,444.60,204.30,422.60,193.63,402.93,183.63,414.93,174.97,433.60,140.29,404.88,141.03,426.12,149.57,441.25,162.27,455.41,126.13,417.57,130.04,443.70,144.45,463.23,164.28,473.36,118.85,436.50,125.42,455.65,137.70,466.79,152.28,476.50,118.28,446.22,125.70,459.36,136.56,468.50,144.85,469.93
ND_DVjsGkvRgmI_frame003589_r.jpg,0,899.50,903.43,919.50,868.43,935.21,852.00,958.79,849.86,958.07,863.43,969.11,854.73,976.84,837.91,963.20,840.64,952.29,852.91,979.11,880.18,991.84,867.00,978.66,862.45,965.02,872.00,982.75,913.82,997.29,893.82,985.93,888.36,975.47,896.09,980.02,941.09,991.84,924.27,986.84,917.91,977.29,922.45
ND_DVjsGkvRgmI_frame005383_l.jpg,0,1154.49,738.73,1177.61,759.67,1195.74,770.60,1211.68,779.35,1219.80,786.23,1218.24,731.85,1251.36,729.35,1252.61,739.04,1249.49,750.29,1207.30,721.85,1236.05,717.79,1240.43,729.04,1238.24,746.85,1196.36,717.17,1220.74,711.54,1226.36,723.10,1229.18,740.92,1186.68,714.67,1206.68,710.29,1216.36,715.60,1216.99,726.23
ND_DWOqqniDbJM_frame012001_l.jpg,0,359.94,329.87,374.33,320.35,393.84,327.18,412.62,338.40,421.16,346.94,411.40,314.26,425.79,328.40,420.91,340.84,417.01,349.13,406.37,329.53,417.74,341.82,421.16,351.33,419.21,359.62,404.81,338.75,411.16,349.62,412.38,356.21,410.91,365.48,399.45,346.69,403.11,353.77,404.33,359.38,403.11,366.69
ND_DbjTHooWDfs_frame013801_l.jpg,0,465.31,793.15,540.69,780.85,576.08,742.38,587.62,673.15,586.08,611.62,483.92,728.28,501.26,642.28,555.92,606.28,609.92,581.62,437.26,704.95,406.59,599.62,464.59,534.95,510.59,500.28,416.59,670.95,385.26,572.95,428.59,520.28,475.92,472.95,441.26,598.95,443.26,545.62,445.26,505.62,451.92,468.28
ND_DcTJmttqB48_frame000300_r.jpg,0,1220.11,637.38,1223.55,598.20,1235.16,568.55,1257.50,540.19,1272.97,523.86,1217.43,541.43,1221.72,510.36,1251.05,505.81,1279.41,507.96,1221.72,558.21,1243.75,538.04,1278.98,529.88,1311.64,524.72,1230.29,588.57,1243.75,566.40,1279.41,561.24,1307.34,560.81,1243.32,609.80,1257.50,600.34,1280.27,594.33,1300.02,590.06
ND_DcTJmttqB48_frame002393_l.jpg,0,1564.24,750.09,1604.22,661.44,1645.07,568.44,1647.68,480.66,1661.58,415.47,1523.39,507.60,1539.03,433.72,1596.40,431.98,1648.42,440.33,1471.24,546.71,1547.58,492.83,1599.00,491.09,1641.75,511.17,1461.68,579.74,1532.08,529.33,1580.75,529.33,1625.92,552.83,1461.68,610.16,1506.01,572.79,1549.46,573.65,1580.75,598.86
ND_DcTJmttqB48_frame009569_r.jpg,0,1061.47,642.47,1036.67,668.07,1021.47,684.87,1009.87,698.87,1003.87,710.47,999.99,644.74,969.96,664.08,975.38,689.50,984.67,710.87,1000.79,670.33,988.71,680.75,987.04,699.08,996.21,714.92,1010.79,676.58,1004.12,687.00,1001.21,698.67,1004.96,714.08,1018.71,681.17,1009.54,690.33,1007.04,697.83,1011.21,710.75
ND_DcTJmttqB48_frame011064_r.jpg,0,610.77,936.55,583.05,930.18,546.23,930.18,510.32,935.64,468.50,943.82,509.86,900.18,467.59,921.55,452.59,946.55,450.77,962.91,515.04,924.69,491.96,937.38,474.27,956.23,470.81,979.31,525.04,935.08,506.58,945.08,493.50,962.00,481.96,987.77,532.35,944.69,517.35,950.46,506.96,962.00,501.96,973.92
ND_DfS61ZILc9w_frame000961_r.jpg,0,774.47,207.12,771.29,243.48,747.65,286.67,720.38,309.39,705.38,330.30,694.02,257.58,667.65,304.39,672.20,329.85,679.47,351.67,681.29,244.39,656.74,293.48,670.38,317.12,677.65,332.58,702.13,249.47,691.73,269.47,693.33,295.87,702.53,320.67,725.73,250.67,715.73,274.27,721.73,304.67,735.33,334.67
ND_DfaffRfMdcM_frame005682_r.jpg,0,28.20,448.80,28.45,425.77,43.39,412.29,51.01,403.79,60.09,385.92,16.44,421.08,36.07,433.09,54.82,441.88,73.57,451.25,12.34,438.95,34.02,452.43,54.53,460.92,72.98,470.00,7.95,455.36,30.80,465.32,49.84,473.52,68.59,479.96,6.77,467.37,22.59,474.69,33.73,484.07,45.15,497.25
ND_DfaffRfMdcM_frame007177_l.jpg,0,248.83,514.38,237.99,494.16,231.44,465.81,202.75,461.20,179.66,453.59,216.97,489.92,201.16,466.78,210.97,466.49,220.08,476.71,205.59,503.81,190.55,475.65,205.19,476.05,212.52,487.60,197.19,512.93,186.69,485.10,198.75,481.60,204.52,491.60,191.64,516.71,184.96,495.90,195.19,492.27,200.97,505.16
ND_DfaffRfMdcM_frame017642_l.jpg,0,440.27,57.94,414.88,75.25,402.58,94.48,378.90,144.18,354.05,166.09,418.73,179.48,400.60,214.70,387.78,236.40,372.00,258.10,402.96,177.94,389.12,189.48,362.96,183.71,348.35,181.79,391.50,175.23,367.17,175.89,344.48,181.23,328.50,178.89,400.23,145.73,380.50,150.33,358.88,153.30,335.10,157.08
ND_DfaffRfMdcM_frame033788_r.jpg,0,34.13,104.70,103.48,53.76,136.36,76.33,164.33,108.72,206.36,134.14,112.81,25.79,133.42,83.20,155.50,136.69,172.67,181.84,63.58,25.81,77.47,70.25,102.50,119.03,127.04,165.15,23.58,36.37,16.13,70.94,20.55,103.32,19.57,144.54,-4.75,60.25,-8.09,88.03,-6.42,123.03,-5.31,148.03
ND_DqmaTbRqp6A_frame000898_r.jpg,0,570.43,758.63,587.47,727.72,601.99,703.64,612.37,683.72,635.63,645.03,567.63,707.03,560.43,699.83,552.43,691.83,536.43,685.43,549.23,727.83,536.83,726.23,523.97,725.64,509.23,724.23,531.63,750.63,520.43,749.83,507.37,748.88,492.01,748.05,522.83,773.03,510.21,778.15,496.13,783.34,481.63,791.22
ND_DqmaTbRqp6A_frame003589_r.jpg,0,577.61,728.15,619.54,712.62,659.91,703.69,690.19,727.76,720.85,738.24,647.49,740.18,682.81,784.05,681.51,769.40,671.17,756.10,631.91,772.20,675.11,796.20,669.51,778.60,648.65,768.13,616.43,788.71,661.46,811.61,655.25,797.63,632.74,787.15,607.12,804.62,645.38,812.93,645.74,801.86,630.02,797.57
ND_DqmaTbRqp6A_frame008373_l.jpg,0,1414.08,-78.33,1414.08,-36.67,1420.75,-16.67,1412.90,58.01,1410.84,148.20,1550.60,66.96,1486.57,153.02,1415.50,229.33,1348.88,252.85,1567.81,132.37,1461.50,246.67,1361.50,200.67,1349.56,24.97,1496.83,175.33,1355.50,188.67,1322.71,94.50,1360.17,32.00,1436.83,176.67,1317.50,140.00,1308.17,72.00,1340.83,16.00
ND_DqmaTbRqp6A_frame009270_l.jpg,0,870.76,873.30,841.36,848.06,807.47,833.62,770.80,821.40,732.55,801.50,823.86,858.36,785.26,887.83,763.68,909.83,748.73,925.60,839.21,883.68,799.37,913.98,771.36,935.29,773.58,944.73,854.57,909.00,821.78,930.16,798.12,946.35,787.47,940.29,868.27,935.56,849.59,953.82,825.93,960.88,808.58,964.17
ND_DqmaTbRqp6A_frame009569_r.jpg,0,605.35,891.71,646.97,893.97,691.54,889.59,720.99,908.69,731.73,935.36,657.32,921.03,690.74,948.09,713.83,977.94,736.11,1002.61,630.65,948.09,650.55,991.47,670.06,1018.18,681.82,1035.24,606.38,968.39,628.66,1016.94,661.40,1027.03,678.07,1033.69,594.26,989.89,611.95,1028.08,642.36,1030.36,665.69,1031.79
ND_DqmaTbRqp6A_frame009868_l.jpg,0,940.55,839.58,915.44,823.95,880.40,816.38,866.19,808.32,851.03,787.96,896.50,869.90,875.19,897.84,853.87,919.15,832.08,940.47,911.66,893.10,885.13,921.05,858.13,943.78,831.14,959.89,916.39,907.31,893.18,935.26,866.19,956.10,838.24,970.78,921.88,915.85,900.73,938.16,884.58,950.85,870.73,960.85
ND_DqmaTbRqp6A_frame018539_l.jpg,0,607.43,596.57,566.04,573.37,544.19,554.24,513.42,552.24,490.85,556.85,557.91,537.85,525.13,539.53,493.07,554.35,471.18,566.15,561.18,566.47,525.13,574.65,489.67,586.69,465.59,593.04,560.58,594.71,528.14,605.08,492.02,612.44,467.60,612.77,565.26,620.13,535.50,628.16,506.73,630.50,483.32,629.50
ND_DqmaTbRqp6A_frame022426_r.jpg,0,646.41,754.44,682.18,765.98,714.87,771.37,738.33,773.68,772.80,776.05,715.64,722.14,730.60,764.04,729.51,800.06,714.49,807.91,691.31,743.31,705.87,792.06,705.77,810.97,698.03,808.39,664.03,761.86,680.77,813.88,686.09,820.65,693.51,806.45,638.93,789.15,658.35,824.84,668.35,819.04,664.80,810.00
ND_DqmaTbRqp6A_frame023323_l.jpg,0,926.58,839.25,883.44,843.80,862.71,856.28,871.23,877.57,885.33,904.98,914.07,862.40,921.26,884.49,922.70,915.39,925.75,943.42,939.24,884.02,939.62,913.50,916.10,911.39,901.50,895.99,945.35,886.71,930.57,913.23,910.88,913.23,899.44,900.19,946.51,895.96,927.64,907.11,914.34,911.10,903.96,900.19
ND_Du188vty6SM_frame001201_r.jpg,0,345.72,717.44,293.30,709.41,256.48,675.78,222.98,613.63,204.27,563.91,282.87,578.35,214.21,562.60,175.93,609.89,180.75,646.25,255.60,615.24,205.34,617.91,166.48,644.41,196.79,689.02,248.11,643.57,214.43,647.32,198.39,672.98,206.93,706.23,244.37,669.24,224.05,668.70,220.85,684.21,228.87,698.65
ND_Dx54vYpswzM_frame001201_l.jpg,0,273.45,104.32,260.42,125.12,256.58,149.43,260.10,176.61,263.94,201.56,317.99,151.35,332.06,163.82,336.86,183.33,340.69,203.48,318.29,166.78,329.50,182.05,331.05,202.80,326.94,229.38,315.75,175.97,323.10,190.69,325.34,207.96,319.91,223.63,311.67,181.58,319.42,196.13,318.82,206.33,311.31,214.88
ND_DxzL6CSktjk_frame000898_r.jpg,0,634.75,339.79,640.77,324.12,641.16,313.31,638.66,307.51,631.80,304.21,614.73,301.13,614.66,293.93,621.65,301.05,628.50,306.45,611.63,306.98,616.77,308.17,628.11,314.63,636.42,318.45,608.86,318.19,617.69,320.16,628.90,323.59,637.47,326.23,609.12,328.67,617.08,328.05,625.75,330.92,634.04,333.22
ND_DxzL6CSktjk_frame001496_r.jpg,0,738.93,224.44,750.73,207.58,759.61,196.15,762.79,188.37,759.09,181.78,735.97,174.57,738.03,162.98,746.44,169.65,752.16,175.32,731.09,179.62,741.84,179.17,752.31,190.12,756.48,195.50,726.93,188.69,742.32,194.56,752.95,202.81,755.04,207.61,724.39,201.05,739.46,204.24,747.87,209.48,751.79,212.74
ND_DxzL6CSktjk_frame004785_l.jpg,0,1394.50,621.83,1264.50,503.83,1144.72,474.19,1041.62,466.64,937.26,457.84,1046.65,632.61,923.43,641.41,837.93,623.81,773.81,599.92,1086.81,709.03,944.63,691.17,870.62,618.78,831.64,569.74,1087.61,693.83,989.83,649.57,957.03,613.57,944.23,567.97,1094.81,680.28,1025.43,615.17,1005.41,585.30,998.23,543.57
ND_DxzL6CSktjk_frame006878_r.jpg,0,718.50,673.17,805.17,644.50,869.17,658.50,903.83,667.83,935.17,715.83,859.83,633.83,973.17,701.17,1004.50,743.17,1036.50,789.17,819.17,679.17,896.50,744.50,922.17,764.83,959.17,813.17,791.17,715.83,837.17,745.83,863.17,775.83,878.50,811.83,782.50,753.83,801.50,773.17,814.17,792.17,819.83,814.83
ND_DxzL6CSktjk_frame008373_l.jpg,0,680.41,365.16,671.03,363.52,661.05,361.29,655.54,363.52,649.73,367.10,649.73,364.86,642.90,366.10,637.20,367.80,632.00,369.50,648.84,370.37,639.01,373.80,633.20,375.88,626.35,378.56,651.97,376.48,642.88,380.05,636.18,381.84,629.48,383.92,658.52,382.88,652.56,385.56,647.05,388.24,641.39,390.63
ND_DyZZJPbmEMU_frame004785_r.jpg,0,585.54,196.17,629.65,184.35,659.30,177.77,681.58,192.64,685.62,224.77,702.15,208.06,705.01,232.64,691.26,236.80,683.36,231.16,665.29,224.35,685.24,262.75,669.43,256.07,661.79,244.07,649.86,244.06,659.77,263.37,646.88,260.48,637.49,244.32,625.99,260.14,628.99,272.14,620.21,266.48,614.24,260.39
ND_DyZZJPbmEMU_frame007775_r.jpg,0,344.33,593.83,409.67,597.50,445.67,611.50,471.00,627.17,501.93,662.77,414.52,682.57,447.53,705.00,471.25,692.42,469.80,669.45,408.33,710.38,435.48,713.11,443.93,696.14,437.62,684.46,386.64,701.88,403.64,707.82,410.43,697.63,401.09,681.06,362.43,700.60,378.05,706.82,381.76,694.54,374.75,680.63
ND_DydCrNHfT9A_frame000001_r.jpg,0,395.53,308.88,408.67,324.51,410.16,340.71,407.39,361.68,404.23,380.66,367.50,340.51,382.47,368.00,392.36,382.64,401.06,393.32,360.77,349.03,377.33,378.29,390.58,388.37,399.09,393.12,363.60,358.81,374.30,382.78,386.52,389.89,393.96,393.67,370.00,366.21,375.55,378.29,382.87,385.60,392.36,388.37
ND_DydCrNHfT9A_frame001501_r.jpg,0,500.66,276.60,502.84,294.08,507.37,310.43,512.37,321.43,526.70,336.20,485.92,317.76,499.14,334.04,514.12,347.09,524.58,348.90,495.75,317.60,503.17,328.88,515.41,343.52,528.62,347.09,502.59,316.98,510.92,327.76,519.70,338.43,528.81,343.87,511.06,313.41,516.38,317.92,522.02,320.50,526.53,321.63
ND_DydCrNHfT9A_frame008101_r.jpg,0,326.11,338.66,338.05,340.94,354.42,344.75,357.98,358.59,358.49,367.73,338.30,357.57,345.41,368.87,349.27,377.93,355.95,393.37,329.67,365.32,336.44,377.10,341.27,387.93,346.94,396.93,321.42,369.00,324.62,385.26,328.77,393.56,327.26,393.37,311.01,368.87,311.53,381.86,314.39,389.43,317.68,394.86
ND_DydCrNHfT9A_frame009001_r.jpg,0,513.56,331.11,525.52,330.84,533.31,330.42,541.94,333.07,546.25,340.30,539.15,339.05,546.25,343.50,552.37,346.43,558.39,348.25,533.87,343.92,537.76,351.16,537.21,358.26,533.86,359.83,527.46,346.29,529.55,354.50,529.00,357.84,525.97,359.30,520.09,348.24,521.76,354.50,520.92,357.56,519.02,359.20
ND_DydCrNHfT9A_frame009601_l.jpg,0,662.43,541.70,642.61,547.16,626.43,551.70,620.20,564.87,612.79,576.07,635.23,587.21,631.67,594.53,626.33,607.38,622.37,619.84,649.27,587.21,650.06,598.09,650.85,611.34,653.17,631.59,661.92,580.69,663.90,591.17,668.06,599.28,676.56,607.78,673.00,576.34,675.57,588.20,680.91,594.73,696.93,603.43
ND_DydCrNHfT9A_frame010801_r.jpg,0,683.65,473.43,709.05,466.83,728.82,470.17,736.05,478.63,740.85,489.23,739.43,498.80,748.23,514.63,750.63,505.29,745.43,494.76,729.82,511.21,741.83,526.63,741.83,521.83,737.43,512.09,716.40,518.42,721.55,526.88,725.55,524.70,724.28,519.97,702.19,521.82,708.60,532.23,709.09,527.43,705.95,522.00
ND_DydCrNHfT9A_frame012001_l.jpg,0,716.25,482.62,691.55,505.93,669.37,526.14,651.40,546.36,628.94,562.36,719.54,560.55,685.15,580.25,654.77,589.03,630.48,589.58,730.02,566.92,690.02,601.72,662.63,608.13,639.04,609.53,725.76,566.78,694.35,588.19,663.47,595.21,640.22,596.32,695.15,550.90,682.65,561.40,670.15,569.90,656.65,573.40
ND_DydCrNHfT9A_frame014101_l.jpg,0,597.35,273.35,580.56,261.26,564.56,254.70,554.31,262.49,551.03,278.69,543.65,255.93,527.00,275.68,533.47,282.14,546.85,287.07,540.08,282.30,540.39,294.30,547.31,302.45,555.75,304.74,544.54,294.91,546.72,309.46,553.08,314.38,560.67,316.43,547.96,299.02,558.82,321.35,567.64,328.32,580.35,328.60
ND_E5-c4fFJ9To_frame008074_l.jpg,0,1144.23,328.16,1114.20,292.67,1090.77,280.62,1076.05,281.52,1058.91,288.24,1104.43,322.80,1120.46,308.90,1079.12,303.76,1043.05,301.91,1121.68,347.30,1094.23,368.65,1042.41,354.11,1019.14,336.83,1100.99,378.02,1068.80,390.93,1037.90,370.93,1020.93,359.15,1096.10,373.55,1065.75,380.39,1049.35,370.93,1033.17,360.93
ND_E5qjhoe6D7c_frame003251_r.jpg,0,1468.43,338.67,1365.10,516.67,1242.10,577.67,1131.10,602.67,1076.10,677.67,1127.67,219.00,1147.67,292.33,1214.86,303.81,1248.00,311.27,1091.00,329.00,1103.21,391.25,1177.19,400.67,1222.93,400.67,1056.00,403.27,1095.13,454.48,1150.29,458.51,1216.67,455.00,1102.00,497.00,1042.00,529.67,1100.52,580.93,1178.54,564.78
ND_EWcCTo3bFbc_frame011064_r.jpg,0,154.67,45.50,239.00,-49.00,326.00,-72.00,380.00,-73.00,428.00,-48.00,339.00,-28.00,471.00,-29.00,551.00,-6.00,626.49,53.94,349.00,17.00,454.00,47.00,526.00,76.00,587.00,112.00,317.83,102.13,419.33,131.00,495.33,157.00,544.67,173.00,282.25,170.98,354.54,223.76,432.57,237.53,504.86,222.62
ND_EpzI6ROo_xw_frame011961_r.jpg,0,-294.00,829.00,-62.00,555.00,188.00,467.17,358.00,501.17,556.67,498.50,164.00,597.00,561.27,597.99,647.00,554.00,608.00,519.00,212.00,795.00,595.75,740.62,561.33,687.67,472.00,677.67,176.00,905.00,553.43,892.66,541.33,839.00,476.67,804.33,152.00,1055.00,420.00,1129.00,520.00,1065.00,519.33,968.33
ND_ErNgMVcyjZw_frame003589_l.jpg,0,1792.00,60.00,1260.00,-280.00,1004.00,-356.00,874.00,-328.00,662.00,-270.00,1102.00,-90.00,769.72,-69.99,609.01,-35.05,406.00,30.00,1179.64,37.15,806.99,69.76,555.44,132.65,371.45,179.23,1237.87,190.87,988.66,253.76,737.11,316.65,529.82,351.58,1356.00,348.00,1266.00,428.00,1077.16,489.00,908.00,586.00
ND_F-EFpKAfHbM_frame000301_l.jpg,0,-60.00,1061.25,29.23,757.23,34.16,525.91,159.66,415.16,329.47,304.42,292.55,518.52,376.07,462.86,454.64,391.43,368.93,427.14,394.64,611.43,488.93,538.57,554.64,461.43,634.62,341.34,460.36,715.71,558.34,646.49,656.77,560.36,741.79,441.43,518.96,855.67,600.17,772.00,700.36,684.29,792.12,597.27
ND_F-Qx9ZMN_30_frame018539_r.jpg,0,1561.08,227.60,1542.86,236.88,1529.65,242.24,1514.65,253.31,1488.22,268.31,1487.66,202.59,1450.86,199.39,1430.06,200.19,1407.66,207.39,1481.08,214.74,1450.06,211.79,1427.37,215.53,1401.66,226.99,1476.86,227.79,1450.46,228.19,1430.08,233.37,1412.86,239.39,1477.86,243.67,1457.10,247.70,1444.40,252.29,1433.59,258.24
ND_F-Qx9ZMN_30_frame025117_l.jpg,0,557.20,116.60,572.33,149.65,585.86,183.22,578.86,219.13,582.13,255.03,534.88,138.91,533.28,177.31,534.88,198.11,539.23,219.59,506.08,114.11,504.48,154.51,504.88,178.91,511.25,206.07,477.20,98.48,468.08,147.71,468.08,170.51,476.27,194.88,450.33,102.85,442.48,140.91,446.48,162.91,452.08,183.71
ND_F09JBIq0Hkk_frame000751_r.jpg,0,321.59,656.78,371.79,624.04,413.99,600.03,456.19,604.39,500.77,603.30,474.38,608.03,528.94,623.31,561.68,639.31,581.51,648.67,472.92,653.14,530.40,668.42,539.69,657.31,500.14,652.76,458.37,694.61,512.94,705.52,517.42,688.21,510.60,668.67,438.73,728.07,476.05,735.03,480.60,715.94,464.24,704.12
ND_F09JBIq0Hkk_frame006001_l.jpg,0,533.25,348.16,520.24,342.82,509.19,338.54,497.43,329.81,487.98,317.15,486.20,359.04,473.37,349.59,474.26,336.40,475.69,324.82,484.58,346.92,477.48,338.62,472.38,331.02,466.76,323.10,487.31,340.19,479.86,335.28,475.86,328.19,471.67,321.64,492.08,332.84,487.45,326.60,485.67,321.96,485.85,317.15
ND_F5HFkLGHnIA_frame002152_l.jpg,0,1125.36,331.07,1053.93,313.93,1056.79,219.64,863.93,81.07,736.79,79.64,868.21,569.29,785.70,685.62,682.10,642.46,589.30,534.55,732.50,552.14,613.93,682.14,472.50,645.00,401.07,540.71,666.79,525.00,498.21,590.71,408.21,562.14,289.64,475.00,596.79,459.29,481.07,466.43,426.79,440.71,378.21,399.29
ND_F5HFkLGHnIA_frame002869_r.jpg,0,-497.32,-225.54,-144.82,-218.04,142.68,-115.54,332.68,29.46,485.18,226.96,-79.82,-45.54,162.68,56.96,355.18,219.46,481.01,302.51,-164.82,121.96,37.68,271.96,197.68,361.96,372.68,394.46,-242.32,254.46,-59.82,446.96,155.18,426.96,292.68,376.96,-304.82,339.46,-212.32,456.96,-154.82,499.46,-69.82,541.96
ND_F8H09j5o3vw_frame000901_l.jpg,0,200.45,463.70,215.06,419.88,225.38,373.47,222.37,351.12,228.38,335.66,141.59,341.24,117.09,330.93,132.05,358.71,148.45,361.51,119.25,367.91,112.05,386.31,122.85,397.51,140.45,394.71,100.34,399.68,82.72,390.66,98.85,412.31,117.65,419.11,93.89,438.35,102.45,425.51,118.85,432.71,128.05,446.31
ND_FKrSv4vNXt0_frame002393_r.jpg,0,225.64,154.77,255.18,166.14,270.59,190.69,292.00,225.68,302.54,266.48,238.63,263.28,272.41,309.85,305.28,325.83,334.50,335.42,243.69,261.96,278.69,299.11,309.39,314.42,337.70,322.18,257.62,258.75,282.91,287.02,309.40,298.75,329.02,303.00,269.22,248.67,291.90,272.32,306.20,282.46,321.72,286.57
ND_FKrSv4vNXt0_frame004785_l.jpg,0,499.46,202.01,455.33,214.36,410.61,231.42,385.38,263.28,363.80,316.96,408.85,253.19,388.84,280.85,378.01,315.38,361.70,368.01,444.74,277.32,409.07,332.22,384.86,365.38,346.44,404.86,476.51,298.50,438.01,354.33,407.67,387.35,379.43,418.53,504.16,310.27,491.81,340.27,463.57,372.05,432.97,395.58
ND_FMa5Dy8jnmc_frame018570_l.jpg,0,1819.88,838.20,1668.55,652.77,1530.02,475.87,1363.77,490.79,1263.60,550.47,1287.04,716.71,1086.70,767.86,1041.00,758.29,999.57,746.86,1343.86,888.29,1288.14,794.00,1329.67,710.32,1429.84,689.00,1416.71,975.43,1365.90,861.64,1418.14,802.57,1515.10,791.31,1521.00,1016.86,1436.71,938.29,1479.57,882.57,1557.72,878.69
ND_FPHX2K45Z38_frame000600_l.jpg,0,233.96,779.58,216.98,829.69,205.78,860.95,188.05,879.58,170.32,902.77,161.91,830.44,133.70,872.23,150.48,905.80,177.98,917.94,146.91,828.30,120.13,880.80,145.48,915.44,181.56,926.52,137.27,824.37,125.13,902.59,140.13,933.30,179.06,945.09,125.13,814.37,107.98,857.94,134.77,891.87,184.41,916.52
ND_FajOwucOJa0_frame002393_r.jpg,0,885.01,130.78,949.85,80.70,1023.50,45.82,1072.77,80.66,1140.74,88.30,988.66,94.25,1033.69,154.57,1060.88,196.20,1084.67,255.68,960.62,171.56,1016.70,233.59,1054.08,284.56,1080.42,341.49,955.53,231.04,999.71,284.56,1031.99,332.14,1066.10,372.57,956.10,260.70,988.60,295.70,1011.10,322.57,1034.22,345.07
ND_FajOwucOJa0_frame005682_r.jpg,0,776.06,-2.96,846.68,25.17,892.31,67.04,897.31,109.54,865.43,142.67,841.07,32.48,831.84,57.70,831.06,82.67,818.30,107.54,781.68,38.92,772.93,75.17,771.54,114.30,770.43,150.17,732.17,72.47,720.48,104.46,710.64,135.84,700.18,174.60,722.31,89.54,699.18,124.54,686.06,150.17,684.81,184.54
ND_FajOwucOJa0_frame015549_l.jpg,0,1444.38,843.44,1354.93,738.52,1338.12,662.81,1338.47,595.11,1332.98,532.41,1419.19,601.38,1342.39,612.35,1318.88,663.29,1315.62,715.94,1451.32,621.75,1358.06,645.26,1338.75,695.31,1327.50,745.31,1467.78,657.80,1377.65,671.12,1358.12,711.56,1350.62,770.31,1485.80,703.26,1403.51,701.69,1373.12,720.31,1347.50,736.56
ND_FajOwucOJa0_frame016147_r.jpg,0,675.75,820.19,691.87,705.60,698.88,672.69,693.25,644.56,675.23,603.48,595.48,680.35,609.83,661.42,684.98,651.09,737.62,646.44,614.42,729.12,703.34,688.96,771.38,682.06,800.30,699.29,665.48,767.56,740.64,731.42,784.81,720.52,780.12,705.81,714.24,806.58,772.19,769.28,798.01,749.20,797.44,738.88
ND_FajOwucOJa0_frame016745_r.jpg,0,631.19,812.88,587.55,772.80,551.19,747.50,545.44,709.64,568.75,742.73,486.04,826.19,477.35,856.73,513.50,862.88,571.76,860.03,512.73,869.81,507.09,932.97,548.12,929.81,615.37,914.17,549.65,935.19,554.92,972.56,596.57,985.61,649.96,977.34,582.29,947.82,601.23,972.56,631.76,971.51,663.34,958.35
ND_FajOwucOJa0_frame017044_r.jpg,0,540.77,811.73,529.23,742.50,513.08,697.12,470.77,641.73,433.30,651.10,390.77,735.58,326.99,711.16,349.21,700.95,387.05,705.16,384.05,766.42,331.54,785.58,361.54,781.73,417.08,772.42,403.08,822.50,358.46,844.04,378.04,857.11,430.00,847.12,440.77,835.58,448.46,865.58,466.15,874.04,484.62,874.81
ND_Fbm6S56WlQw_frame040561_r.jpg,0,230.00,439.44,284.72,399.81,333.12,343.19,395.62,356.31,438.75,376.31,288.58,292.01,327.25,278.96,352.39,295.88,384.30,318.11,251.88,308.81,280.37,320.05,305.62,369.44,332.50,413.81,223.75,351.31,238.12,331.31,273.75,389.44,296.25,415.06,210.76,380.47,253.75,413.81,271.88,431.31,283.75,415.69
ND_Fbm6S56WlQw_frame089281_r.jpg,0,349.83,701.11,341.18,642.43,328.12,604.69,328.12,566.56,342.50,539.69,313.28,619.83,345.99,556.34,384.94,519.79,422.94,492.38,360.62,665.94,340.00,651.56,386.25,587.19,407.50,552.19,393.75,663.44,401.25,683.44,434.38,625.94,451.31,573.66,429.38,676.56,466.22,677.06,479.69,629.45,479.69,586.64
ND_Fbm6S56WlQw_frame097441_r.jpg,0,529.51,376.86,600.89,360.91,666.40,334.03,721.83,350.83,752.07,385.26,704.20,315.55,768.02,322.27,809.18,344.95,846.13,368.46,690.76,330.67,757.95,355.87,792.38,407.10,800.26,451.71,673.96,360.91,727.71,386.94,755.43,435.65,772.89,471.18,647.09,395.34,694.96,417.18,718.47,452.45,731.32,481.71
ND_Fbm6S56WlQw_frame126241_r.jpg,0,340.24,679.40,307.24,698.03,284.00,715.26,253.47,736.32,225.58,749.47,224.74,674.08,185.89,675.15,155.55,683.13,127.88,691.11,223.15,663.97,183.23,665.57,150.23,672.48,113.54,684.57,225.81,662.37,191.21,667.16,160.25,671.12,129.99,676.18,230.06,662.90,201.32,666.63,189.20,671.57,179.80,678.58
ND_FdiohLUjSls_frame001197_r.jpg,0,464.04,329.73,389.89,442.21,278.35,522.70,224.31,634.24,172.56,725.09,165.04,522.73,132.04,649.73,123.04,719.73,135.77,774.53,241.04,540.73,203.04,647.73,253.04,711.73,347.35,771.08,327.04,544.73,351.04,628.73,410.59,623.89,438.04,555.73,405.04,552.73,427.04,597.73,468.09,582.50,474.04,532.73
ND_FiWIcDMkzhU_frame005701_r.jpg,0,505.75,513.16,548.10,514.11,584.23,516.99,602.65,522.73,620.12,525.79,568.85,524.05,578.85,534.55,583.35,539.30,588.35,546.80,556.95,541.63,570.35,557.18,577.10,565.80,584.85,575.55,544.99,554.31,556.47,572.73,565.10,583.05,575.10,590.55,532.55,561.01,536.38,576.80,544.75,586.37,552.17,592.35
ND_FiWIcDMkzhU_frame027001_r.jpg,0,579.31,490.17,594.81,496.17,599.31,511.17,594.27,529.04,594.42,544.57,583.12,511.19,578.26,532.62,579.12,552.90,581.59,560.07,578.84,511.76,574.26,532.05,575.12,553.47,577.88,561.18,575.98,512.05,571.12,531.19,572.26,552.05,574.55,559.19,573.41,512.05,569.69,528.33,569.12,540.33,570.55,550.33
ND_FiWIcDMkzhU_frame029701_r.jpg,0,448.18,629.20,455.68,615.27,463.92,607.04,474.73,601.51,491.08,602.51,462.59,646.84,479.51,658.34,497.11,663.87,513.21,667.64,463.06,660.99,485.30,687.00,500.54,686.03,512.02,684.55,463.43,669.88,485.28,678.58,496.93,679.10,507.84,674.55,463.21,665.82,484.93,670.99,493.55,672.03,501.48,670.65
ND_FiuUCX28dL4_frame003301_l.jpg,0,1313.92,78.17,1263.08,70.67,1205.32,106.11,1161.88,171.28,1128.95,225.93,1239.75,185.67,1168.08,274.00,1127.31,307.33,1095.88,328.76,1276.60,233.05,1193.74,292.33,1161.60,260.90,1170.88,228.76,1295.88,260.90,1239.66,286.19,1213.02,263.76,1209.45,230.90,1318.74,278.76,1286.60,285.90,1265.88,269.48,1250.88,246.62
ND_FiuUCX28dL4_frame008401_r.jpg,0,591.44,345.80,591.44,352.20,591.04,357.40,591.44,363.00,597.84,360.60,555.65,387.66,547.65,395.33,542.65,403.66,540.99,412.33,552.32,378.00,534.94,383.46,527.57,387.67,519.65,395.00,552.65,369.66,539.07,371.39,525.65,373.33,514.99,376.66,553.34,360.43,541.34,363.28,533.20,364.17,523.49,365.19
ND_FiuUCX28dL4_frame009001_l.jpg,0,579.31,458.00,561.30,440.12,540.34,431.55,515.25,431.44,499.94,422.06,515.88,446.12,493.00,455.03,478.00,461.19,466.08,466.95,520.31,465.80,490.70,474.26,478.77,476.19,473.00,476.19,527.62,480.80,501.85,491.57,488.77,493.11,482.12,492.06,539.81,490.38,521.05,503.01,513.05,504.67,506.39,504.34
ND_Fru2XJ54YHQ_frame002393_l.jpg,0,938.78,341.23,950.26,326.41,953.97,334.56,957.30,339.75,966.66,348.46,956.27,382.37,923.92,390.75,901.52,397.15,885.52,402.75,950.32,395.95,915.52,403.15,891.92,399.15,875.12,395.15,911.19,388.20,889.75,389.17,876.15,388.77,865.35,383.97,905.35,378.77,886.15,378.37,874.15,377.57,865.35,376.37
ND_Fru2XJ54YHQ_frame005682_r.jpg,0,505.35,175.77,506.14,156.05,515.24,143.78,532.96,133.32,552.96,134.68,464.33,138.78,487.96,133.96,511.04,140.99,537.13,150.02,455.69,168.32,481.14,174.68,510.24,185.59,537.96,192.41,466.22,196.51,486.96,218.92,515.72,228.62,544.49,238.99,479.33,223.32,493.87,246.50,514.33,252.87,537.13,250.69
ND_GKyRrpznUpA_frame011701_r.jpg,0,1968.98,329.62,1879.61,367.20,1800.39,394.62,1689.69,406.81,1592.19,423.06,1702.58,217.83,1554.25,294.50,1535.31,377.36,1547.58,436.17,1701.75,225.33,1567.17,303.33,1562.17,384.33,1569.17,460.33,1698.90,236.90,1598.42,313.50,1593.42,386.83,1617.58,451.00,1695.05,255.36,1627.58,311.83,1627.58,364.33,1646.75,401.00
ND_GOhBgqPW7bo_frame001501_r.jpg,0,435.60,333.92,537.75,308.92,604.89,299.64,684.89,303.92,740.60,322.49,655.55,282.72,729.89,340.35,708.46,363.92,673.57,357.64,639.71,308.55,712.44,379.99,681.35,394.57,649.28,390.68,616.38,337.72,680.38,411.08,645.39,416.91,618.19,408.17,589.92,374.80,641.51,438.29,613.16,439.58,589.31,436.50
ND_GOhBgqPW7bo_frame001801_r.jpg,0,555.80,542.81,643.08,490.67,724.85,496.27,772.25,526.50,831.42,544.83,721.42,573.17,827.42,606.44,877.75,614.99,924.29,617.83,695.58,629.00,816.02,654.87,872.06,653.92,912.89,640.63,682.10,651.06,781.68,675.73,825.85,664.06,867.31,645.38,685.43,643.06,752.10,663.73,788.77,667.06,824.77,656.39
ND_GPp9-B31Mx4_frame000001_r.jpg,0,508.71,764.39,513.73,670.55,491.00,613.27,466.45,592.36,434.64,558.73,592.39,658.55,504.64,626.00,452.82,608.73,413.73,596.00,556.39,695.88,481.00,669.64,502.82,693.27,528.27,703.27,513.73,744.55,451.77,722.03,462.11,734.10,484.18,747.21,483.73,801.21,441.73,769.88,456.39,783.21,470.39,796.55
ND_GQah6LdN7A4_frame003841_r.jpg,0,1128.27,693.64,1181.75,633.17,1218.42,589.00,1268.42,586.50,1250.67,637.67,1131.75,457.33,1132.58,504.83,1160.29,598.17,1187.79,698.17,1045.92,474.00,1079.67,598.52,1119.67,697.10,1142.22,720.45,986.10,524.95,1019.06,611.76,1055.92,686.26,1095.23,720.12,959.25,593.76,989.25,665.43,1017.58,699.60,1041.75,720.43
ND_GSoNUnn-LfA_frame001197_r.jpg,0,948.42,446.50,912.58,384.83,878.29,323.29,815.12,277.81,756.16,224.74,964.25,225.67,929.25,154.00,880.08,116.50,834.49,111.88,909.67,260.00,874.67,204.00,834.67,175.00,796.67,167.00,885.87,285.39,846.67,248.00,810.67,225.00,773.67,215.00,849.89,336.36,820.17,307.29,793.53,289.09,764.44,270.91
ND_GXLn6smpyYw_frame000241_r.jpg,0,2099.83,1061.67,2072.01,1083.85,2066.50,1113.89,2065.05,1131.24,2070.27,1150.81,2084.62,1122.98,2081.76,1145.08,2080.65,1160.08,2079.54,1173.97,2097.66,1120.37,2113.31,1132.98,2125.05,1142.11,2137.23,1151.24,2119.40,1112.55,2136.79,1128.20,2145.92,1136.46,2158.10,1146.89,2139.84,1103.42,2153.75,1114.29,2164.62,1125.15,2175.05,1133.85
ND_GXLn6smpyYw_frame001681_l.jpg,0,3815.40,776.54,3593.46,788.54,3342.75,806.50,3280.25,904.00,3380.25,951.50,3424.83,1160.67,3191.50,1142.33,3099.58,1130.46,3031.50,1114.00,3579.83,1217.33,3406.50,1300.67,3354.83,1195.67,3393.17,1075.67,3724.67,1164.33,3526.83,1209.00,3474.67,1102.33,3518.67,1002.33,3818.67,1090.33,3663.50,1130.67,3579.46,1114.46,3583.46,1042.48
ND_GckDM8ncVRA_frame054001_l.jpg,0,507.38,639.50,576.12,557.00,622.38,478.25,746.12,388.25,873.90,298.78,550.75,263.25,726.75,183.25,857.75,198.25,964.75,233.25,666.75,309.25,794.75,286.25,896.75,293.25,997.75,349.25,692.75,347.25,788.75,313.25,874.75,319.25,966.75,356.25,734.75,392.25,810.75,351.25,881.75,321.25,957.75,293.25
ND_Gf9r35bf7xA_frame000001_r.jpg,0,0.03,540.40,35.33,525.36,61.91,529.48,72.13,541.68,76.99,556.01,64.35,568.35,81.39,583.90,84.35,572.05,78.80,560.57,48.67,582.10,64.92,588.35,68.98,578.97,60.94,571.28,38.48,588.08,53.35,588.97,55.23,577.72,46.09,571.67,25.20,589.84,36.03,588.55,39.56,579.73,31.32,574.43
ND_GfQnfvZo0Sw_frame000601_l.jpg,0,1004.21,1335.36,909.11,1204.22,759.72,1177.56,579.72,1173.56,482.72,1222.56,900.72,1235.56,877.72,1335.56,791.72,1408.56,669.71,1464.10,961.80,1337.15,980.72,1454.56,853.72,1548.56,672.72,1584.56,917.51,1441.43,904.08,1596.86,754.08,1687.86,585.08,1702.86,878.94,1478.58,872.08,1573.86,811.08,1611.86,741.08,1650.86
ND_Gg2tG4jeRjM_frame016201_l.jpg,0,2458.36,1085.64,2362.91,982.00,2329.27,902.91,2268.36,845.64,2210.18,784.73,2466.55,801.09,2372.00,802.00,2290.18,810.18,2227.45,812.91,2492.00,848.36,2365.61,853.17,2273.82,862.00,2203.33,868.49,2508.33,907.06,2395.61,893.17,2301.90,894.21,2224.76,892.06,2487.31,975.02,2429.97,944.35,2372.64,937.02,2311.97,923.02
ND_Gg2tG4jeRjM_frame016801_r.jpg,0,1355.62,1834.31,1472.54,1775.85,1557.15,1723.54,1633.31,1694.31,1610.23,1762.77,1480.23,1710.46,1578.69,1786.62,1647.15,1823.54,1636.38,1786.62,1427.15,1795.08,1590.23,1882.00,1624.08,1877.38,1591.77,1836.62,1412.54,1874.31,1576.38,1954.31,1604.08,1929.69,1576.38,1895.08,1395.62,1945.08,1509.63,1974.82,1539.08,1979.97,1547.26,1967.24
ND_Gg2tG4jeRjM_frame021001_r.jpg,0,1168.19,2006.96,1261.09,1934.71,1353.99,1878.67,1411.50,1818.21,1494.07,1762.18,1235.50,1677.00,1229.50,1596.00,1230.50,1562.00,1264.04,1533.61,1137.22,1701.72,1104.50,1618.00,1123.50,1646.00,1154.91,1685.50,1062.50,1735.00,1015.50,1633.00,1036.50,1665.00,1057.50,1702.00,992.71,1806.42,937.50,1723.00,955.84,1763.65,977.50,1798.00
ND_Gi-BLklLu3w_frame001201_r.jpg,0,524.32,574.74,526.17,478.10,539.05,374.09,567.58,328.99,614.25,313.00,641.22,363.05,699.20,306.90,685.25,300.00,659.25,316.50,711.17,408.15,793.08,350.16,781.75,305.00,739.25,298.00,738.78,470.74,824.38,422.88,822.25,385.00,809.25,356.00,737.86,534.25,809.65,508.47,791.75,490.00,765.25,487.50
ND_Gi-BLklLu3w_frame008701_l.jpg,0,504.60,589.51,599.73,566.20,689.26,535.42,772.26,595.11,868.32,608.16,748.25,650.50,791.75,669.00,830.25,686.00,845.25,644.00,727.25,693.00,798.25,731.50,804.25,699.00,769.75,635.50,703.25,739.00,742.25,712.50,716.75,637.50,686.25,589.50,651.25,738.50,671.75,698.50,663.15,647.33,634.25,592.50
ND_GnW7Tz_Rie4_frame008101_l.jpg,0,459.50,881.00,428.50,816.00,460.50,708.00,539.77,641.14,614.11,576.10,419.00,586.00,451.92,505.99,473.88,440.94,491.62,384.35,491.67,610.00,529.67,534.00,584.54,462.06,634.38,436.72,549.00,642.00,598.33,568.67,637.67,518.67,678.31,495.85,570.50,703.00,600.50,668.00,635.50,632.00,679.50,590.00
ND_Gr3TxWpVELA_frame000001_l.jpg,0,582.00,944.00,535.50,885.00,499.50,793.00,518.50,627.00,540.50,523.00,654.50,528.00,725.50,412.00,801.50,349.00,865.50,318.00,716.50,630.00,797.50,502.00,918.48,391.47,991.50,316.00,786.50,743.00,854.00,648.00,952.35,531.92,1038.50,398.00,840.00,838.00,910.00,786.00,960.00,704.00,1040.00,608.62
ND_Gr3TxWpVELA_frame008672_r.jpg,0,368.43,371.81,386.27,383.77,402.07,401.60,401.26,417.20,393.76,433.01,406.94,429.76,399.23,447.19,393.36,441.92,391.53,428.55,387.48,434.02,376.34,451.24,376.74,438.88,375.93,429.16,365.19,430.78,357.69,440.50,360.73,431.38,361.54,421.25,343.92,423.48,342.90,429.16,345.13,418.42,346.75,410.31
ND_Gr3TxWpVELA_frame009270_l.jpg,0,683.18,261.15,700.58,272.75,722.22,279.22,728.67,285.67,716.89,292.56,707.53,315.66,701.04,308.24,696.86,291.30,693.62,280.40,687.12,319.37,680.63,310.55,675.76,292.70,670.89,276.92,671.35,320.99,662.54,307.31,657.67,290.84,652.57,275.76,657.11,311.22,651.33,307.44,647.56,299.89,647.78,289.44
ND_Gr3TxWpVELA_frame012858_r.jpg,0,589.22,403.84,578.70,420.12,566.31,434.95,564.59,442.44,569.67,443.48,550.33,421.99,548.31,432.36,552.17,439.32,558.51,442.48,554.94,410.75,554.36,422.85,559.26,428.47,567.03,429.91,560.98,403.98,559.83,414.07,563.87,419.97,570.20,423.00,566.17,398.94,566.60,407.44,569.34,412.65,572.94,415.08
ND_Gr3TxWpVELA_frame013755_l.jpg,0,848.21,392.05,833.70,393.17,824.76,399.33,816.58,404.85,807.18,413.25,845.04,420.50,841.48,432.05,832.58,434.45,820.38,432.85,850.94,421.87,846.18,438.05,834.38,441.05,816.78,436.45,853.85,423.87,841.12,429.33,832.18,430.05,821.48,428.28,852.78,426.25,839.18,426.65,830.18,426.05,823.18,424.45
ND_Gw5F0yIlka0_frame004187_r.jpg,0,137.46,660.85,199.50,530.01,276.20,392.41,343.87,328.11,379.97,268.33,457.79,470.23,489.38,372.10,451.03,310.07,409.50,273.00,444.26,554.83,416.06,405.94,365.50,354.00,302.50,315.00,411.55,578.51,376.58,451.06,311.50,406.00,242.50,363.00,376.58,593.18,296.50,494.00,236.50,449.00,198.50,396.00
ND_H0XTcFOUWDw_frame007201_l.jpg,0,107.66,348.84,182.79,265.77,253.00,191.00,343.00,190.33,395.00,189.67,295.03,138.50,336.57,140.27,374.33,141.00,395.00,163.00,289.00,211.00,334.33,205.67,365.67,207.00,398.33,215.67,274.33,259.00,318.33,251.00,365.67,251.00,407.67,285.00,293.67,315.00,320.33,314.33,353.00,316.33,377.67,321.67
ND_H0XTcFOUWDw_frame009901_l.jpg,0,284.62,263.60,386.22,242.29,470.76,223.11,526.89,230.21,585.86,225.95,520.49,137.14,581.59,144.96,595.80,184.03,589.33,227.67,522.67,192.33,559.33,221.00,536.00,265.67,514.67,301.00,471.33,275.00,476.67,300.33,486.67,344.33,487.33,395.67,428.14,302.68,441.63,334.65,454.42,365.20,466.67,393.67
ND_H0XTcFOUWDw_frame012001_l.jpg,0,-42.50,46.00,7.50,31.00,87.50,15.00,219.50,43.00,285.50,85.00,245.50,70.00,360.50,124.00,429.50,155.00,490.50,189.00,216.50,144.00,320.50,178.00,399.50,206.00,488.50,253.00,178.50,191.00,303.50,241.00,386.50,275.00,434.50,299.00,153.50,248.00,242.50,290.00,293.50,306.00,332.50,322.00
ND_H0XTcFOUWDw_frame012601_r.jpg,0,533.00,758.33,518.23,626.42,560.97,526.70,561.92,438.38,562.33,373.00,749.01,560.89,796.50,471.62,798.40,417.48,793.65,356.70,724.32,615.97,750.33,500.33,727.00,434.33,709.67,379.00,689.18,651.11,663.00,531.67,633.00,487.00,611.00,425.67,654.99,672.01,626.50,604.58,580.91,561.84,505.67,503.00
ND_HBEEakv1i8E_frame000901_r.jpg,0,1776.00,654.00,1648.00,712.00,1516.00,744.00,1300.00,764.00,1180.00,742.00,1420.00,510.00,1058.00,474.00,948.00,464.00,840.00,452.00,1418.00,402.00,1120.00,376.00,1054.00,402.00,968.00,452.00,1440.00,326.00,1224.00,270.00,1170.00,324.00,1142.00,388.00,1454.00,268.00,1362.00,232.00,1272.50,228.00,1227.50,314.00
ND_HBEEakv1i8E_frame001801_r.jpg,0,1419.20,618.17,1357.20,644.17,1193.40,625.66,1043.24,608.85,889.72,603.25,1150.82,408.26,1001.60,344.57,947.20,318.97,901.60,287.37,1242.71,354.47,1084.71,308.53,1030.92,290.60,975.20,252.17,1270.80,349.37,1161.20,296.97,1091.60,273.77,1040.40,255.37,1274.40,346.17,1223.66,333.18,1137.37,309.65,1093.00,300.67
ND_HGmakg5bHgQ_frame001795_r.jpg,0,460.17,297.11,455.50,302.44,433.06,306.00,411.28,315.33,394.17,322.67,416.17,295.33,399.06,297.11,383.94,296.67,370.39,296.67,416.61,297.78,393.50,298.44,383.50,299.11,360.39,298.67,415.50,300.00,396.17,300.89,381.06,301.56,369.94,300.44,416.39,303.33,402.83,302.89,387.06,302.22,377.28,300.89
ND_HGmakg5bHgQ_frame008373_r.jpg,0,460.90,236.20,447.30,226.20,421.30,218.20,405.30,214.60,390.90,207.80,400.10,231.80,386.90,232.20,376.90,234.20,370.10,232.20,402.50,244.60,388.10,247.80,376.90,248.60,368.90,248.20,406.10,255.40,399.30,262.60,387.70,267.40,373.30,261.80,418.50,266.60,414.90,277.40,403.70,278.60,389.70,273.00
ND_HGmakg5bHgQ_frame012260_l.jpg,0,668.00,298.67,664.75,255.33,631.16,201.37,591.75,193.83,561.25,173.33,621.13,230.81,578.32,206.06,547.55,185.65,541.53,176.29,598.39,262.92,554.57,235.82,537.85,207.06,537.18,194.02,590.36,283.99,549.89,255.89,539.52,228.13,543.53,213.75,586.40,285.53,555.91,267.93,550.56,251.54,548.88,231.81
ND_HHmzFTw-9vk_frame000599_r.jpg,0,685.00,582.00,641.00,460.00,569.00,316.00,511.00,148.00,435.00,46.00,382.33,297.33,277.67,267.33,180.05,258.73,99.17,250.75,355.00,392.67,241.96,365.58,142.11,346.61,43.25,328.63,359.67,480.67,240.96,462.44,141.11,442.46,55.24,439.47,384.33,576.67,305.87,559.29,266.93,546.31,201.02,526.34
ND_HOBa40Isc-s_frame000001_l.jpg,0,736.48,577.74,749.75,546.00,745.75,516.50,739.75,494.50,708.75,482.50,724.24,499.75,689.11,484.28,688.46,498.14,704.58,510.06,708.12,518.44,668.48,502.65,677.83,515.22,693.62,525.85,694.27,537.13,658.17,523.92,669.13,537.13,681.70,543.58,681.38,556.47,654.30,545.51,664.29,557.44,673.32,566.46
ND_HOBa40Isc-s_frame001751_r.jpg,0,856.20,82.67,867.80,75.07,905.80,48.67,918.20,17.07,929.40,-8.13,913.80,-9.73,924.20,-33.33,930.60,-47.73,939.00,-67.33,891.80,-14.13,897.80,-33.73,907.00,-58.93,913.80,-75.73,869.80,-16.53,875.80,-36.93,883.00,-58.93,887.80,-73.73,852.60,-22.13,859.80,-43.73,864.20,-59.33,867.40,-67.73
ND_HOBa40Isc-s_frame003251_l.jpg,0,1137.28,82.12,1094.50,13.00,1015.66,-14.78,942.49,-25.65,885.50,-20.00,974.13,9.94,866.35,4.01,792.20,-12.80,765.50,-30.00,954.35,81.13,836.69,85.09,761.54,42.57,762.50,8.00,953.37,131.56,839.66,121.67,784.29,84.10,768.33,56.00,955.34,166.17,871.30,137.49,839.66,108.82,847.00,87.33
ND_HOBa40Isc-s_frame003501_l.jpg,0,1035.71,717.14,1029.46,691.84,1020.65,667.26,1002.56,650.33,990.96,640.35,989.80,680.71,973.80,659.84,996.00,656.57,1004.29,669.14,975.65,699.96,969.62,676.30,982.38,678.62,990.26,692.31,969.16,709.01,970.09,695.55,976.35,695.55,982.61,705.30,969.93,723.00,964.93,715.00,965.60,702.33,975.93,710.00
ND_HfUItHiQhOo_frame007775_r.jpg,0,371.80,369.60,396.60,374.00,418.20,391.20,434.20,410.06,438.77,427.49,432.97,429.10,439.88,454.74,429.34,446.34,427.34,431.77,415.11,440.62,422.31,466.55,411.91,457.20,409.63,446.91,396.67,448.40,401.06,469.20,394.20,464.34,389.34,454.34,377.08,451.86,383.13,471.45,377.06,467.20,375.64,455.60
ND_HfUItHiQhOo_frame012858_r.jpg,0,234.87,518.65,265.51,521.06,298.89,517.22,320.00,532.78,345.93,548.70,311.29,548.26,334.36,565.81,340.37,580.19,342.23,595.00,294.82,562.04,317.83,583.37,332.23,596.85,344.82,610.56,275.84,581.30,298.21,600.92,312.67,615.38,327.13,623.30,254.84,593.35,268.26,609.53,282.38,623.30,291.67,633.63
ND_HfUItHiQhOo_frame013157_l.jpg,0,233.20,288.59,234.97,308.23,224.02,332.40,223.69,354.64,221.44,382.03,273.64,331.76,291.05,344.65,301.56,358.92,310.75,371.90,288.79,318.87,307.16,335.62,320.70,351.74,329.72,369.14,299.10,309.84,315.22,324.02,328.32,340.81,337.23,357.84,304.90,304.04,321.02,315.14,328.05,324.33,335.07,337.30
ND_HfUItHiQhOo_frame015250_r.jpg,0,508.29,435.54,508.61,419.09,520.87,400.05,534.09,389.09,550.22,385.86,556.35,431.34,567.00,417.80,566.03,405.86,564.09,396.51,546.35,418.12,554.42,407.47,556.35,396.83,554.74,390.05,538.61,413.93,545.06,402.64,547.32,394.89,547.97,387.80,531.84,408.44,536.35,400.05,538.61,395.22,539.26,391.67
ND_HfUItHiQhOo_frame016745_r.jpg,0,214.75,645.34,200.00,586.50,227.67,540.83,250.80,508.93,288.00,495.33,298.54,553.94,343.29,532.99,367.29,525.09,385.39,517.47,320.92,584.41,367.79,570.27,373.01,555.49,366.05,542.45,326.95,620.68,358.53,604.88,363.99,591.42,361.40,578.08,325.20,648.20,342.88,640.31,349.55,624.75,354.36,608.83
ND_HfUItHiQhOo_frame029602_l.jpg,0,464.09,194.52,451.30,176.38,442.70,152.43,439.67,130.57,432.70,108.01,448.28,142.43,455.49,128.71,463.40,120.57,473.40,114.99,461.77,156.62,475.02,137.31,476.42,148.24,468.51,157.31,474.56,162.43,485.49,147.08,484.56,158.24,475.26,168.48,482.93,169.64,489.91,156.62,490.37,164.52,482.93,174.99
ND_HfUItHiQhOo_frame030499_l.jpg,0,720.25,236.38,752.52,220.47,777.52,206.84,772.07,188.20,762.98,179.56,763.15,172.89,784.69,167.89,780.46,188.66,770.85,202.50,726.61,168.27,759.31,154.04,755.46,180.58,747.77,192.89,707.66,166.16,730.16,141.57,739.32,161.99,737.66,182.41,680.15,168.14,691.82,146.57,700.16,128.24,709.32,117.41
ND_HfUItHiQhOo_frame032293_r.jpg,0,175.79,422.08,206.93,438.48,229.78,462.93,235.26,477.14,236.26,495.48,220.92,481.50,222.35,507.49,224.60,521.14,225.93,533.48,200.07,485.21,204.35,514.35,208.64,529.20,210.77,537.50,181.50,487.78,186.64,513.78,190.64,524.63,202.39,523.63,161.51,487.21,167.79,506.64,172.39,515.56,184.32,518.47
ND_HnjrO7kobsk_frame001201_r.jpg,0,660.50,967.78,712.72,950.56,783.28,975.56,808.28,1032.22,849.94,1069.44,729.94,1025.56,802.72,1073.89,846.06,1097.78,866.61,1112.22,701.06,1065.00,768.28,1098.89,819.94,1112.22,853.28,1115.00,689.94,1093.89,732.72,1109.44,767.72,1116.11,795.50,1117.22,681.06,1105.00,703.83,1114.44,721.61,1117.22,739.94,1118.89
ND_HnjrO7kobsk_frame007201_l.jpg,0,1428.66,438.05,1347.54,470.94,1266.42,509.30,1190.78,578.36,1093.77,614.23,1379.33,520.27,1355.21,602.48,1347.54,649.62,1333.29,725.25,1444.00,555.34,1415.50,662.77,1392.48,742.79,1367.27,823.91,1473.97,595.00,1446.20,684.69,1424.27,759.24,1390.29,842.55,1494.43,630.98,1464.64,693.00,1445.31,741.67,1418.64,796.33
ND_HtAEixEp7R0_frame012301_r.jpg,0,458.26,271.57,503.64,281.30,541.29,282.29,579.72,286.04,625.77,285.90,553.99,245.59,582.58,289.44,581.52,325.90,580.46,353.16,532.56,257.37,554.97,303.24,537.20,324.16,529.35,315.23,507.20,266.30,524.88,311.74,510.97,315.10,501.91,301.66,481.85,278.80,500.10,315.99,490.97,312.91,486.29,297.29
ND_HuUB5bePKIo_frame000001_l.jpg,0,765.46,569.30,803.41,517.62,838.09,456.77,833.51,405.73,838.74,367.78,739.29,401.15,726.86,352.73,757.61,346.19,779.12,363.45,698.07,427.98,688.91,378.25,724.12,375.33,763.50,387.83,679.78,469.63,680.89,430.19,710.34,419.63,736.45,434.63,657.50,505.84,664.05,469.20,679.75,472.47,700.03,481.63
ND_HuUB5bePKIo_frame001201_r.jpg,0,684.64,2.96,667.51,30.68,654.87,56.37,634.89,85.72,625.49,112.53,600.00,14.22,550.90,9.48,532.15,28.64,523.18,49.03,586.78,-7.23,540.30,-4.38,524.40,18.04,517.33,37.33,576.59,-11.72,543.16,-5.60,532.15,12.74,529.30,24.16,574.55,-4.79,553.35,-4.38,540.71,9.48,535.82,20.90
ND_HyAZJjSp5_M_frame027555_l.jpg,0,1700.55,489.80,1751.20,429.20,1758.23,355.38,1634.55,431.80,1546.55,491.80,1925.81,549.91,1829.72,606.16,1706.67,587.41,1602.38,542.88,1891.55,644.80,1764.09,709.28,1628.16,640.14,1553.16,572.17,1823.86,694.05,1680.89,733.89,1579.79,671.64,1526.76,592.68,1775.98,703.23,1658.62,724.52,1585.35,659.42,1550.35,608.87
ND_HydZ-3jhmCk_frame008074_r.jpg,0,1136.85,778.23,1018.75,761.91,934.85,702.12,889.53,620.15,858.67,536.25,1004.28,587.36,927.14,502.50,879.88,448.50,847.09,397.38,1076.61,554.57,1026.46,449.46,969.57,382.92,926.08,321.31,1150.87,570.00,1141.22,460.07,1083.36,435.96,1034.54,441.31,1187.51,588.33,1163.40,495.75,1118.38,490.54,1067.62,488.23
ND_I4GUDCAji1M_frame000748_l.jpg,0,459.38,-88.75,428.12,-5.00,428.12,72.50,443.12,118.75,460.62,147.50,395.62,21.25,454.38,171.25,499.38,191.25,537.59,162.05,483.12,8.75,604.94,165.89,556.88,162.50,528.12,136.25,555.62,-36.25,665.62,83.75,623.12,92.50,563.12,78.75,585.62,-68.75,674.38,-10.00,633.12,-10.00,588.12,-16.25
ND_I4TF9C37taE_frame008001_l.jpg,0,1062.24,449.87,1002.06,481.27,934.92,511.26,923.84,576.44,896.46,627.29,1001.41,536.68,965.56,603.82,929.06,641.63,899.07,655.32,1043.13,557.54,998.15,636.41,953.83,662.49,926.92,657.18,1071.81,577.74,1032.05,654.01,1002.48,667.74,971.92,673.85,1090.72,594.04,1061.38,654.66,1045.26,666.62,1023.59,673.85
ND_I8T3letZWYs_frame000001_r.jpg,0,212.23,326.50,200.41,330.14,186.77,331.05,176.55,333.77,168.14,341.27,201.32,353.77,186.32,351.27,186.55,345.59,189.95,344.91,208.07,345.93,187.86,342.18,188.90,338.85,192.86,338.85,210.72,338.73,191.67,336.61,192.44,334.30,196.86,334.30,210.27,333.59,199.36,331.99,201.86,331.03,206.09,331.99
ND_IGxikJGKpVw_frame000601_l.jpg,0,-16.23,652.14,2.19,602.72,36.29,570.76,76.98,505.67,109.53,447.97,28.20,460.80,79.25,409.75,107.67,389.75,133.46,363.43,3.16,442.10,51.26,374.01,87.92,344.49,126.02,316.87,-4.61,418.38,16.18,378.86,37.21,362.31,60.32,343.34,-13.54,408.02,13.96,387.31,32.89,375.17,52.89,363.38
ND_IHcJg9Zokw0_frame000001_l.jpg,0,137.49,850.80,264.99,837.05,368.74,808.30,391.24,754.55,409.64,690.95,75.06,614.13,41.72,496.35,79.50,415.24,129.50,353.02,141.72,590.80,173.95,474.13,205.06,411.91,250.61,364.13,200.61,606.35,250.61,541.91,315.06,468.57,348.39,420.80,262.84,630.80,306.17,663.02,339.50,707.46,353.95,756.35
ND_IIBYq7e2gm4_frame005501_l.jpg,0,1188.70,346.54,1159.04,329.59,1132.09,310.52,1116.65,299.01,1095.16,292.35,1136.33,342.00,1109.39,360.47,1090.01,372.88,1074.99,381.30,1143.76,360.85,1110.29,381.05,1096.98,378.28,1091.73,375.78,1150.95,376.16,1116.35,389.53,1109.23,383.93,1106.06,375.91,1156.61,390.13,1129.68,388.15,1119.07,384.99,1119.43,377.27
ND_IJzl8Equf0s_frame001201_r.jpg,0,416.53,352.45,398.29,368.92,372.41,387.75,317.12,389.51,276.53,387.16,324.18,294.80,283.59,277.16,252.41,265.39,206.53,269.51,343.75,261.39,305.75,233.89,267.75,239.89,235.25,253.89,366.75,255.39,335.25,241.89,301.75,241.89,269.75,255.89,380.25,252.39,338.25,243.39,316.75,249.39,298.25,254.89
ND_IXSQPHGXCuc_frame000599_l.jpg,0,1190.00,2012.50,739.06,1700.92,384.73,1615.02,177.14,1307.22,-34.03,1063.84,298.83,1171.21,195.04,970.78,94.17,800.21,-10.83,593.55,463.47,1063.84,366.00,881.88,286.00,717.88,214.17,538.55,604.00,998.88,496.00,842.88,440.00,683.88,356.00,442.88,846.43,931.41,762.00,800.88,678.00,628.88,560.00,432.88
ND_IZqwA6zss2g_frame001501_l.jpg,0,757.12,473.91,690.88,399.53,614.18,334.46,522.37,305.40,392.83,335.11,631.42,163.11,569.75,133.11,481.70,142.71,399.19,146.19,704.75,133.94,670.58,42.28,585.58,36.44,497.25,100.61,793.08,143.11,813.08,53.11,769.75,3.11,685.58,10.61,860.58,183.94,878.92,118.11,884.75,83.11,837.25,44.78
ND_IZqwA6zss2g_frame005751_l.jpg,0,390.67,95.65,367.13,89.59,356.02,80.33,349.35,65.89,346.02,53.67,338.98,128.11,329.35,114.04,328.24,99.96,326.76,85.89,347.81,139.15,340.81,123.81,332.81,108.48,329.81,95.15,359.81,141.48,352.15,129.81,340.81,114.48,335.81,106.48,368.48,140.48,361.15,131.48,357.81,122.81,352.81,113.15
ND_IarMagOBXAM_frame000601_r.jpg,0,-69.00,757.23,29.46,691.85,134.98,678.87,199.04,718.11,273.52,715.70,62.11,708.50,133.38,761.35,215.86,790.18,285.53,808.59,39.69,780.57,121.37,852.64,217.46,881.46,301.54,888.67,25.62,844.92,111.76,923.11,208.65,931.11,285.62,913.38,30.23,899.54,88.54,956.74,157.15,958.77,201.00,944.92
ND_ImLvYIcFysQ_frame010466_l.jpg,0,918.57,869.50,894.84,710.82,853.52,671.29,778.95,592.23,725.20,508.06,682.07,704.94,658.32,650.56,680.82,603.06,707.97,541.02,737.70,693.69,728.32,648.69,758.95,589.94,812.70,534.31,771.76,711.72,780.20,676.81,802.30,621.88,857.70,583.06,815.78,712.62,841.45,672.44,863.95,654.94,892.07,643.06
ND_ImLvYIcFysQ_frame013755_r.jpg,0,1257.00,94.50,1191.91,177.92,1109.78,196.32,1026.23,254.38,962.51,330.85,934.19,44.81,830.82,85.88,769.93,148.18,730.29,226.06,918.92,94.08,809.69,76.38,763.54,144.08,739.69,243.31,924.31,127.15,866.62,157.15,841.23,216.38,846.62,284.85,953.54,159.46,920.46,172.54,901.23,204.85,898.15,261.77
ND_ImfftJApq1E_frame018001_r.jpg,0,335.36,213.77,448.15,237.72,478.77,238.35,529.40,256.47,566.90,266.47,520.39,128.96,576.64,181.70,576.05,237.36,569.02,283.65,489.34,120.76,544.41,172.32,538.55,241.05,518.09,276.05,448.91,128.38,488.75,171.73,472.34,231.50,455.36,255.14,411.41,143.02,436.02,177.01,436.60,220.37,432.50,228.57
ND_ImfftJApq1E_frame031441_r.jpg,0,554.00,530.50,628.00,487.50,662.00,380.50,724.00,403.50,759.00,409.50,437.25,304.50,377.00,295.50,345.00,301.50,323.00,338.50,396.00,388.25,308.00,355.50,283.00,404.50,360.00,433.50,347.25,477.00,279.75,475.75,306.00,513.50,358.50,522.00,349.00,543.50,308.50,552.00,331.00,585.50,357.25,590.75
ND_ImfftJApq1E_frame083761_r.jpg,0,394.82,593.22,424.16,599.61,450.31,606.58,467.45,626.92,477.03,643.99,452.34,591.77,481.69,616.46,488.95,647.26,493.89,675.15,421.26,604.26,431.72,630.11,438.40,661.20,440.96,639.70,400.34,619.95,404.53,650.06,422.42,664.40,424.17,644.70,391.91,665.27,402.08,668.17,412.03,672.92,410.96,661.84
ND_ImfftJApq1E_frame114241_l.jpg,0,732.20,623.89,716.65,640.88,698.94,658.82,694.16,684.18,683.87,708.11,753.01,672.94,737.94,702.85,717.13,696.15,712.10,682.51,764.26,690.40,732.46,717.55,718.96,712.55,714.96,701.30,761.67,705.53,736.24,725.10,723.41,722.27,717.96,709.05,753.63,714.01,739.93,728.79,729.28,726.19,725.37,723.58
ND_ImfftJApq1E_frame133441_l.jpg,0,622.97,633.95,594.97,617.95,566.67,616.29,548.97,629.55,537.38,650.35,590.97,632.75,562.58,657.95,536.61,668.49,521.67,670.78,607.85,656.07,549.90,682.84,551.08,671.37,551.56,659.31,607.43,682.01,555.86,697.76,556.62,684.71,566.08,676.87,610.68,696.87,565.35,709.10,567.16,696.87,574.73,688.49
ND_IoSu4wvLU5Q_frame000001_l.jpg,0,831.32,515.15,817.66,506.94,807.82,503.87,798.06,502.94,789.36,504.63,787.59,521.78,787.84,512.02,796.10,510.06,802.19,516.15,789.79,532.02,788.88,523.48,795.88,518.10,802.40,520.71,800.01,543.54,794.14,534.41,798.92,528.54,806.53,529.41,809.92,548.99,805.66,541.36,812.19,535.49,817.62,534.63
ND_IoSu4wvLU5Q_frame000251_l.jpg,0,979.52,523.46,980.68,548.30,990.13,568.98,980.38,584.34,974.47,601.77,943.75,592.91,934.89,607.09,924.25,620.67,909.78,635.45,930.16,585.82,917.16,599.70,903.28,612.70,888.21,625.11,921.59,572.23,907.41,586.11,896.48,595.56,882.21,603.17,915.98,557.46,905.35,565.14,894.71,571.05,881.42,581.39
ND_IoSu4wvLU5Q_frame000751_l.jpg,0,846.88,584.84,826.88,586.84,805.56,587.95,788.67,605.28,773.34,624.83,814.00,629.05,795.34,639.71,781.75,646.99,767.05,651.69,818.89,639.05,801.46,649.34,787.34,656.69,771.75,662.58,820.00,644.16,803.81,654.93,790.87,661.40,779.11,666.40,820.00,648.38,807.64,658.16,798.52,662.87,789.40,665.81
ND_IpiC3DXsq1U_frame002991_l.jpg,0,616.46,440.31,708.00,374.92,760.65,336.79,813.27,314.34,872.09,271.78,838.77,361.08,890.67,357.68,904.15,386.46,900.31,421.85,858.00,423.38,914.92,408.77,921.62,449.78,902.28,481.51,858.00,458.77,912.62,458.77,921.08,494.15,913.38,523.38,848.87,499.31,875.96,519.43,896.08,538.01,910.79,568.96
ND_IpiC3DXsq1U_frame009868_r.jpg,0,292.41,530.14,312.07,559.19,329.50,590.01,337.09,617.71,360.77,640.95,296.44,604.31,293.31,635.14,289.29,660.60,283.48,685.62,268.74,609.67,262.03,648.99,258.46,681.60,253.99,709.75,251.31,612.80,243.27,648.99,238.80,678.92,234.33,705.28,238.80,610.12,228.53,638.26,221.38,658.82,215.57,682.05
ND_IpiC3DXsq1U_frame015549_r.jpg,0,445.57,415.74,447.99,378.81,447.08,342.18,455.55,309.32,466.45,294.32,463.12,355.80,490.98,334.61,507.02,323.41,488.27,326.14,484.32,377.90,518.53,347.93,505.09,340.68,488.73,346.59,497.94,390.92,526.70,366.09,512.82,361.59,500.09,368.41,506.42,403.93,525.09,390.23,529.64,381.59,520.09,373.86
ND_IpiC3DXsq1U_frame019436_l.jpg,0,772.93,534.18,749.00,547.39,759.65,552.96,767.97,567.87,779.76,581.04,795.01,596.99,806.80,608.77,812.69,623.33,816.51,639.28,791.55,615.36,807.76,631.10,817.76,645.22,826.56,664.24,782.19,623.33,791.20,640.67,795.71,653.84,797.79,669.10,770.05,626.80,772.83,642.75,773.52,655.92,773.17,672.56
ND_IpiC3DXsq1U_frame023921_r.jpg,0,358.14,363.70,360.46,347.77,363.79,328.84,356.81,310.25,355.48,290.66,320.95,313.57,310.99,306.26,298.38,295.97,284.43,288.00,303.02,330.50,284.76,325.52,269.82,320.87,255.11,315.45,298.04,346.44,278.12,344.11,263.18,339.80,246.25,335.81,298.04,364.37,285.76,368.35,270.82,372.67,256.72,377.06
ND_J1lDx3lC9_c_frame000501_r.jpg,0,864.11,678.59,787.16,637.10,713.98,585.04,693.46,504.00,725.77,472.46,717.00,463.59,690.38,416.31,678.85,396.31,665.00,381.69,787.16,448.50,769.81,382.87,738.85,429.38,733.46,467.08,849.02,464.34,820.35,443.22,792.69,464.00,791.92,497.08,891.26,485.46,869.39,475.66,858.08,497.08,851.92,525.54
ND_J3mY6itiPZ4_frame002401_l.jpg,0,331.12,315.76,324.88,311.91,316.34,307.81,312.71,308.05,309.41,309.96,308.97,313.88,305.34,314.51,305.58,312.14,308.71,311.35,309.50,318.05,304.54,319.09,304.80,316.05,307.32,315.01,310.63,321.27,304.80,322.49,305.06,320.05,307.32,319.09,312.19,324.57,307.76,325.96,304.71,326.22,305.67,323.44
ND_J3mY6itiPZ4_frame003601_l.jpg,0,599.66,195.23,571.44,196.63,547.85,210.06,528.56,239.70,521.78,265.77,575.35,236.13,556.06,269.70,538.92,280.77,519.99,288.27,594.99,237.20,564.63,275.77,546.42,287.20,521.42,296.84,598.56,243.27,572.49,280.06,552.49,292.20,531.78,300.77,601.06,250.77,582.49,277.91,570.71,288.99,556.06,298.27
ND_J3mY6itiPZ4_frame009001_l.jpg,0,382.47,209.58,412.47,217.28,434.77,167.28,503.35,203.79,568.71,238.60,561.12,89.94,635.49,93.07,632.65,144.11,621.74,204.94,593.62,139.94,680.96,133.45,660.49,196.19,627.99,236.82,587.37,188.07,675.28,193.13,680.49,214.94,634.87,256.82,595.49,219.94,636.74,229.94,629.87,256.19,610.49,270.57
ND_J3mY6itiPZ4_frame015601_r.jpg,0,232.00,539.50,217.17,638.13,177.83,708.95,126.85,732.00,94.54,706.62,109.16,640.27,3.77,686.62,36.08,711.23,94.13,687.49,85.55,578.04,-20.85,631.23,22.23,662.77,70.53,648.14,39.77,526.54,-34.62,571.60,5.31,612.00,55.51,591.63,28.32,502.93,-34.62,526.54,-17.00,569.69,38.34,565.16
ND_J4_5HX8yLO8_frame006280_r.jpg,0,1218.66,716.23,1189.85,798.41,1164.44,893.29,1089.89,955.98,1059.39,1034.77,1035.67,790.78,982.30,912.78,1001.69,986.46,1025.54,1081.08,995.85,767.91,945.54,906.46,1025.54,931.08,1094.00,901.85,988.23,776.38,936.31,885.69,984.00,948.00,1042.46,974.92,991.62,798.41,929.38,850.31,963.23,887.23,1003.23,911.85
ND_J4_5HX8yLO8_frame026313_l.jpg,0,2252.57,1262.39,2172.57,1007.39,1972.57,887.39,1807.57,837.39,1640.07,809.89,1888.15,861.42,1763.89,737.17,1619.64,688.61,1443.97,650.05,1893.86,985.68,1743.90,928.55,1559.66,878.56,1368.28,842.86,1888.50,1096.79,1732.47,1088.51,1548.23,1068.52,1379.70,1041.38,1874.21,1195.36,1718.50,1205.36,1602.79,1205.36,1475.64,1192.50
ND_J5ZgPgI1ljI_frame000001_r.jpg,0,74.09,390.09,93.43,351.41,118.06,311.38,143.06,276.83,170.33,249.56,92.14,261.61,110.19,235.83,129.09,229.81,158.06,224.11,64.21,262.47,94.72,237.98,117.49,268.48,129.42,300.92,44.67,266.84,74.09,262.47,92.57,302.00,105.46,333.80,16.52,284.38,41.44,276.22,63.88,300.84,70.23,324.34
ND_J7vhhc86lUo_frame000300_l.jpg,0,-81.00,301.33,-42.33,295.33,15.00,288.00,84.47,256.36,134.68,243.58,9.13,147.20,72.16,139.85,115.26,163.53,144.15,197.63,17.22,159.27,69.32,138.43,108.15,174.43,131.53,202.00,17.53,175.60,62.33,167.20,89.53,185.20,101.53,203.60,12.73,201.20,44.73,200.40,65.13,215.60,85.13,231.20
ND_J9xtxkTsYZc_frame004187_l.jpg,0,381.75,282.00,414.75,259.00,472.75,220.00,521.75,214.50,537.75,216.00,451.30,187.40,488.50,186.60,509.70,197.80,532.10,209.40,461.70,215.00,504.90,220.20,504.50,231.40,489.70,235.80,463.70,245.80,493.30,239.80,492.50,253.80,476.10,257.80,460.10,269.80,486.50,263.80,494.50,273.80,476.50,277.80
ND_J9xtxkTsYZc_frame007775_r.jpg,0,1191.43,625.02,1149.69,647.71,1109.57,665.95,1056.88,668.38,1028.17,659.67,1070.66,622.99,1037.43,635.55,1049.59,657.44,1074.71,668.38,1083.63,599.48,1056.88,635.15,1067.83,653.38,1086.87,662.71,1092.55,597.86,1074.71,629.47,1080.79,644.06,1094.57,650.14,1101.87,595.43,1089.71,617.72,1094.98,629.88,1103.89,640.01
ND_JEg1-QMU0gg_frame000001_l.jpg,0,474.44,427.14,460.17,431.80,448.63,439.45,443.68,451.41,444.53,462.69,437.60,450.66,432.74,465.51,435.03,469.51,437.60,471.51,449.49,465.77,450.34,478.75,455.30,473.46,457.35,466.62,462.65,471.58,462.99,482.34,466.41,478.41,468.11,472.77,475.80,473.29,474.24,480.80,474.67,486.09,476.39,489.23
ND_JEg1-QMU0gg_frame001501_l.jpg,0,371.50,535.00,434.48,499.10,478.23,477.23,525.50,482.87,575.60,486.40,517.03,415.14,565.72,403.14,607.35,413.02,647.56,427.13,529.73,443.36,578.42,437.01,618.63,445.48,663.79,458.88,530.44,477.23,569.95,477.23,606.64,480.76,639.80,489.93,525.50,508.98,550.90,514.62,574.89,520.97,601.00,528.73
ND_JEg1-QMU0gg_frame002401_l.jpg,0,885.80,117.80,879.96,111.55,873.52,105.50,866.20,105.30,861.31,107.94,858.87,102.47,850.81,107.75,850.31,113.75,852.56,116.50,856.23,111.75,851.06,118.39,854.69,121.75,860.19,121.00,858.31,119.12,855.81,126.50,858.44,129.75,862.69,132.00,858.48,126.50,857.21,131.77,858.44,134.88,862.19,138.12
ND_JF19xb358vg_frame006665_r.jpg,0,332.75,626.16,368.82,581.40,383.59,539.25,407.06,501.01,438.79,476.24,411.41,592.70,430.96,582.71,451.82,572.28,479.20,560.60,431.60,633.00,468.80,628.60,505.60,610.20,525.20,592.60,439.22,633.98,480.07,624.42,503.10,600.96,522.00,572.60,448.40,626.20,479.60,612.60,492.80,586.60,493.20,562.20
ND_JF19xb358vg_frame054027_l.jpg,0,642.41,615.04,612.18,603.79,587.22,594.65,558.74,598.52,541.87,613.63,549.25,606.25,515.85,615.39,522.62,606.30,537.88,601.55,550.30,628.75,521.12,640.35,527.12,627.80,544.12,621.80,559.80,647.03,543.88,657.80,539.88,643.80,554.88,639.30,575.27,657.93,557.62,654.55,566.12,644.55,574.91,641.41
ND_JF19xb358vg_frame074019_r.jpg,0,484.50,308.00,612.50,170.00,731.50,107.00,808.95,58.82,881.58,23.28,549.50,-31.00,617.32,-30.81,669.86,-4.54,722.41,15.55,447.32,-33.90,523.05,-27.72,638.50,87.00,654.50,169.00,370.05,7.82,472.05,60.37,549.32,163.91,577.50,205.00,317.51,95.91,402.50,121.00,477.50,185.00,525.50,221.00
ND_JF19xb358vg_frame135185_r.jpg,0,651.25,611.98,703.90,584.21,766.39,565.12,809.40,600.00,831.80,620.80,721.84,622.40,794.75,657.69,841.03,657.69,875.17,649.02,701.01,672.74,776.81,706.88,834.67,701.67,849.80,666.40,698.12,702.25,768.60,730.00,813.00,712.80,827.15,688.36,702.75,709.77,757.05,724.90,793.05,709.40,806.55,695.40
ND_JMxSFLmOc1w_frame000251_l.jpg,0,-157.00,521.33,-84.50,481.33,11.21,358.92,88.62,277.08,175.99,180.86,-91.17,176.00,-20.33,112.67,80.33,113.33,189.67,132.00,-59.83,198.67,-5.00,79.33,83.67,152.67,165.00,170.00,-17.83,225.33,25.00,176.67,87.00,183.33,141.00,195.33,15.67,262.67,45.00,232.00,81.67,211.33,125.67,211.33
ND_JMxSFLmOc1w_frame002001_l.jpg,0,-61.50,895.00,79.50,902.00,218.50,904.00,402.50,891.00,493.50,886.00,322.50,822.00,452.06,752.91,528.23,696.55,607.67,628.67,234.50,772.00,391.12,682.84,497.77,615.80,585.67,560.67,154.99,699.59,292.10,621.90,389.60,562.48,459.67,518.67,89.48,641.70,202.22,570.10,272.30,533.54,341.00,502.00
ND_JMxSFLmOc1w_frame002751_r.jpg,0,1322.00,986.50,1224.00,896.50,1076.00,752.00,1009.06,639.65,989.40,570.85,1229.77,556.55,1171.69,407.33,1085.91,475.24,1019.78,520.81,1265.00,523.33,1119.00,370.67,1039.67,447.33,995.67,506.67,1274.45,507.41,1154.71,381.42,1093.00,494.67,1107.67,588.67,1247.00,520.67,1146.33,466.67,1125.00,518.00,1145.00,562.67
ND_JULCQreNukE_frame000901_l.jpg,0,465.10,384.90,437.10,355.70,407.50,349.30,388.70,337.70,372.93,318.79,427.90,332.90,402.30,330.90,377.10,336.90,350.97,341.71,425.90,364.50,395.90,358.90,362.21,359.89,333.74,361.09,421.10,385.70,391.64,384.05,361.02,379.51,331.21,371.07,415.90,405.70,385.90,398.17,361.98,390.99,348.82,382.62
ND_JaMiOoXjjhc_frame008701_r.jpg,0,185.21,102.23,215.30,87.18,243.77,73.55,275.02,92.30,291.02,106.30,277.46,89.47,294.52,99.05,305.52,105.80,314.02,113.55,271.25,111.06,289.24,122.51,279.27,119.30,267.27,111.80,258.49,129.05,268.30,136.91,262.02,128.80,251.94,123.49,245.40,142.79,253.58,144.43,244.42,139.52,236.24,134.94
ND_JaMiOoXjjhc_frame011401_r.jpg,0,277.46,329.61,290.78,334.82,300.78,345.76,304.38,357.49,300.66,367.18,302.51,359.01,305.58,373.62,301.04,375.09,297.58,374.02,293.67,362.44,296.05,378.52,294.51,381.49,289.44,380.96,284.45,363.89,285.24,378.65,283.04,380.56,279.31,379.36,274.69,362.96,275.88,374.04,274.41,376.00,273.33,374.72
ND_JaMiOoXjjhc_frame012301_r.jpg,0,770.30,37.50,775.10,50.30,769.06,81.54,756.83,123.54,752.39,147.77,717.72,100.88,711.50,148.66,723.50,162.88,741.72,170.88,706.17,97.10,695.44,137.21,702.04,158.21,722.83,169.54,707.94,93.99,692.83,145.32,701.06,163.10,713.50,167.77,711.50,96.21,702.17,129.77,699.28,147.32,709.06,161.77
ND_JfMkGoETX-M_frame005981_r.jpg,0,593.83,313.00,607.61,303.27,621.24,298.91,636.52,297.45,649.06,295.64,619.03,269.55,633.11,275.61,644.34,285.23,652.72,296.82,606.02,274.92,625.09,287.19,629.73,303.77,624.52,305.09,596.59,285.21,616.18,303.23,618.14,313.57,611.97,313.82,590.02,297.35,604.96,314.46,608.02,319.64,603.79,320.18
ND_JfMkGoETX-M_frame013157_r.jpg,0,1189.47,409.15,1204.22,388.45,1221.56,366.71,1241.49,373.44,1252.36,385.34,1264.00,374.99,1273.84,377.32,1264.29,389.71,1251.71,391.14,1270.21,400.35,1285.48,408.38,1274.87,413.55,1267.37,409.93,1267.88,427.01,1281.86,434.26,1265.14,442.29,1254.86,432.57,1259.60,451.59,1252.57,460.86,1238.57,462.00,1224.29,455.43
ND_JfMkGoETX-M_frame017941_l.jpg,0,498.80,534.53,509.60,500.53,517.48,477.45,544.30,465.08,579.79,467.96,575.60,482.53,609.91,477.04,627.24,477.04,650.75,479.10,584.40,508.53,616.00,509.73,635.20,509.73,647.87,524.49,591.60,536.93,618.98,539.34,637.55,547.18,656.53,556.26,589.20,566.93,608.40,577.33,619.20,584.93,637.96,595.04
ND_JfMkGoETX-M_frame021529_r.jpg,0,952.62,291.57,983.97,267.91,1000.28,242.64,1026.82,246.80,1043.77,262.15,1032.26,226.65,1059.58,242.97,1060.25,262.31,1039.84,268.53,1052.73,245.20,1087.81,268.31,1074.47,285.86,1046.98,290.53,1063.60,272.06,1093.99,293.81,1070.03,306.31,1042.25,305.64,1065.20,304.69,1086.95,316.20,1065.58,328.31,1045.14,330.31
ND_JfMkGoETX-M_frame031396_l.jpg,0,532.83,509.83,567.17,445.67,566.83,397.67,558.50,355.67,522.17,305.67,663.88,382.76,625.12,336.82,582.06,313.13,538.83,293.67,657.42,418.64,604.31,366.25,565.57,393.23,579.57,428.43,636.61,445.92,592.77,397.63,561.97,425.63,579.57,454.03,612.20,488.27,563.17,447.63,548.77,469.63,570.77,490.03
ND_JlNmeVK_zLg_frame001501_r.jpg,0,537.50,552.75,595.50,594.25,613.27,592.00,632.00,589.25,667.32,590.31,581.00,537.25,601.00,538.25,616.50,550.75,627.00,569.75,552.57,565.45,557.50,576.75,558.07,587.95,557.50,601.75,523.00,580.75,524.17,604.00,519.83,624.00,512.83,641.00,506.50,611.00,503.83,624.67,502.83,636.00,501.50,652.67
ND_JlNmeVK_zLg_frame004001_r.jpg,0,299.06,689.25,247.62,669.30,201.95,651.45,163.11,653.03,117.97,654.08,143.87,715.67,120.67,726.07,100.67,735.27,77.47,748.07,157.67,731.02,121.67,747.02,93.47,760.07,69.07,770.87,173.17,745.52,144.67,757.02,118.17,767.52,91.87,778.07,196.67,754.52,163.17,770.52,143.17,777.52,119.47,789.67
ND_Jlh9O5FQ384_frame000599_r.jpg,0,-9.00,374.33,21.40,314.73,43.80,293.13,72.20,281.13,105.40,280.33,-0.49,276.17,54.11,246.57,95.80,235.53,135.40,229.13,2.60,314.73,38.60,281.93,101.80,269.93,152.60,261.13,25.54,358.83,67.89,336.89,124.02,314.95,167.40,297.13,50.03,393.02,94.93,370.57,125.04,352.20,153.80,335.93
ND_JnazEHwFg9k_frame005383_r.jpg,0,1023.12,68.40,1047.50,76.62,1063.50,78.38,1068.00,90.38,1067.50,101.88,1063.79,71.79,1081.50,77.88,1077.75,90.62,1073.50,100.88,1053.79,76.36,1063.00,89.12,1058.50,101.88,1054.00,112.67,1040.75,79.12,1042.75,92.88,1040.50,100.38,1036.00,104.38,1030.74,81.68,1034.26,94.18,1033.48,98.48,1029.75,102.88
ND_JnazEHwFg9k_frame009868_r.jpg,0,501.88,646.07,527.11,635.44,544.40,624.65,560.59,628.77,572.67,636.28,540.28,636.55,554.85,639.73,563.22,641.55,569.95,642.46,539.01,651.31,554.49,654.28,562.02,655.75,571.76,656.46,535.20,662.89,549.48,666.70,559.00,665.75,563.76,659.73,529.96,671.78,545.20,672.41,553.22,670.28,560.13,666.82
ND_JnazEHwFg9k_frame014353_l.jpg,0,1131.69,255.03,1148.30,247.90,1160.23,259.94,1158.46,284.16,1153.43,307.50,1211.93,300.11,1182.55,335.58,1167.29,343.93,1155.62,354.59,1213.70,330.54,1146.39,334.50,1118.83,299.61,1122.83,279.61,1193.94,343.16,1143.17,348.71,1117.94,332.94,1109.72,309.39,1174.70,353.88,1140.92,359.96,1118.17,350.71,1107.17,324.96
ND_JpFQWGgwWOc_frame000601_r.jpg,0,1128.00,1006.00,1030.00,816.00,896.00,696.00,728.00,616.00,596.00,558.00,948.67,519.67,802.00,480.00,702.00,494.00,598.00,564.00,942.00,586.00,808.00,586.00,680.00,656.00,692.00,766.00,940.00,670.00,796.00,690.00,736.67,743.67,714.00,832.00,936.00,766.00,838.00,756.00,770.67,809.67,732.67,880.33
ND_JqF_hmqSUyk_frame000300_r.jpg,0,52.67,846.42,-9.83,856.92,-31.33,868.92,-47.83,888.42,-57.83,908.92,-12.83,915.92,-32.83,939.92,-46.83,957.92,-64.33,977.92,-2.33,955.92,-16.16,974.35,-31.83,988.92,-54.83,1010.42,12.98,964.82,1.00,995.50,-9.67,1017.17,-20.33,1035.83,41.06,965.35,33.11,988.66,25.70,1008.26,16.16,1035.81
ND_JqF_hmqSUyk_frame014652_r.jpg,0,310.00,722.67,386.76,752.78,466.81,779.25,505.19,826.22,545.55,859.96,482.03,807.04,517.10,864.60,525.70,910.91,530.99,950.61,448.29,828.87,476.74,893.05,482.69,933.40,458.00,904.67,406.61,842.76,436.38,906.94,446.67,934.67,450.27,957.88,368.89,855.33,386.10,900.99,401.31,936.05,418.00,970.00
ND_JqF_hmqSUyk_frame028406_l.jpg,0,588.00,879.25,620.76,892.34,650.78,910.14,679.06,929.69,707.34,945.75,686.50,930.75,700.50,960.75,696.50,983.90,678.50,996.70,660.91,940.17,678.50,959.90,676.10,985.95,658.90,1005.50,643.45,947.50,655.60,967.45,654.62,996.03,636.10,1012.45,625.65,952.73,634.03,971.24,631.60,995.45,611.10,1012.45
ND_JqF_hmqSUyk_frame047243_l.jpg,0,361.12,308.49,288.67,353.33,255.33,384.67,224.67,430.67,180.00,501.33,150.71,336.18,161.79,409.74,191.05,472.23,230.67,512.67,183.14,301.38,225.86,396.30,283.60,432.68,324.67,443.33,226.65,267.36,264.62,356.75,315.24,409.74,354.00,442.00,286.77,239.68,311.29,311.66,338.18,355.96,357.96,396.30
ND_JtDuUraOHI0_frame003301_l.jpg,0,-13.28,575.39,94.73,467.38,228.96,357.83,380.18,396.41,511.33,414.92,308.00,355.50,428.00,355.50,523.00,379.50,601.00,432.50,365.00,473.50,447.00,469.50,533.00,483.50,591.00,498.50,341.60,566.13,425.00,568.50,504.00,574.50,617.00,586.50,292.00,643.50,395.00,655.50,477.00,655.50,543.00,643.50
ND_KC8ReSzKEAE_frame004486_r.jpg,0,439.00,746.50,479.00,580.50,553.00,465.50,620.00,376.50,680.00,269.50,434.67,388.14,527.87,282.52,629.77,293.70,684.00,333.50,513.00,444.50,643.44,388.14,721.00,366.50,777.00,364.50,575.09,508.68,681.96,450.28,756.52,421.70,808.00,400.50,631.01,558.39,699.36,507.44,749.06,477.62,783.86,457.73
ND_KDsr4zR9eZE_frame008074_l.jpg,0,669.39,336.93,571.33,245.83,498.00,229.17,442.00,248.50,388.00,274.50,424.12,229.06,318.50,259.50,262.50,282.50,202.50,306.50,422.00,258.50,302.00,338.50,246.00,368.50,198.00,400.50,423.00,298.50,310.00,276.50,222.00,290.50,139.00,303.50,417.69,390.87,348.35,408.85,293.13,439.67,246.90,467.92
ND_KDsr4zR9eZE_frame018240_l.jpg,0,813.35,342.52,661.67,289.00,591.00,307.00,548.33,347.00,517.67,413.67,519.36,339.26,445.31,375.19,446.67,450.33,448.67,511.00,512.82,400.23,424.63,455.77,394.14,520.01,378.89,573.36,546.58,468.83,477.98,524.37,454.03,587.52,449.67,635.43,609.73,523.28,581.42,586.43,562.91,634.34,547.67,670.27
ND_KJFAhuRhg_s_frame000001_r.jpg,0,360.75,310.65,372.20,295.30,383.45,288.15,398.04,289.78,407.56,293.42,396.62,290.18,416.48,292.21,427.17,298.83,418.77,302.23,395.20,304.16,418.10,311.46,409.37,312.23,399.37,309.83,393.38,316.12,411.61,320.78,402.97,322.23,393.97,319.53,391.55,326.66,403.10,327.87,399.47,324.12,392.33,322.81
ND_KJFAhuRhg_s_frame000297_l.jpg,0,330.50,105.96,343.12,115.42,356.66,120.98,367.42,128.59,379.11,139.35,382.27,110.78,396.00,124.51,407.13,134.71,416.04,145.48,381.53,113.19,393.40,123.95,403.42,135.27,413.44,146.59,379.11,115.60,391.14,125.71,399.45,135.09,406.84,144.63,376.07,120.33,385.05,126.37,391.30,132.17,396.07,140.02
ND_KJFAhuRhg_s_frame000889_r.jpg,0,200.04,214.21,221.04,191.99,240.33,168.55,263.20,169.30,279.20,159.97,258.39,194.43,288.91,205.17,282.44,190.51,271.01,188.23,258.39,218.60,278.44,217.66,273.01,206.51,261.32,206.15,254.00,233.74,271.22,224.21,263.92,216.59,250.32,217.99,245.94,245.70,258.72,234.46,254.76,228.65,244.58,229.19
ND_KJFAhuRhg_s_frame004145_l.jpg,0,318.68,144.95,336.89,149.03,356.32,149.77,367.77,160.73,375.02,176.39,387.69,158.49,405.37,168.70,416.33,178.66,423.25,191.12,381.75,169.12,396.75,177.88,408.75,187.38,417.75,199.88,377.73,176.17,389.00,185.62,398.75,192.12,406.50,199.12,371.20,181.66,379.20,190.20,386.11,196.02,392.66,202.02
ND_KJFAhuRhg_s_frame006513_r.jpg,0,184.05,182.53,190.82,153.61,194.20,127.16,218.50,111.73,239.15,109.15,208.04,123.78,235.92,94.95,261.08,97.86,257.86,112.05,226.81,146.54,267.41,127.47,256.57,117.86,242.05,123.02,240.34,166.23,270.49,147.77,260.76,136.57,246.89,140.44,247.21,180.44,266.80,164.07,258.83,152.05,246.89,157.21
ND_KJFAhuRhg_s_frame006809_r.jpg,0,5.25,106.04,36.91,105.20,67.75,104.97,99.38,119.16,117.99,124.97,84.44,84.12,110.55,108.46,115.89,125.90,112.17,138.46,77.47,99.31,103.12,119.73,99.13,134.92,85.19,135.17,66.26,116.74,88.17,140.40,75.43,141.25,63.34,130.55,51.82,127.20,70.00,144.88,59.15,142.65,48.92,136.83
ND_KRTJ2bPJTWQ_frame010201_l.jpg,0,835.68,579.51,811.18,597.97,796.86,612.95,793.25,637.31,798.00,648.81,788.37,617.31,779.59,638.28,779.84,655.03,791.09,660.03,791.88,626.76,785.39,660.82,796.47,665.95,806.74,665.95,796.20,632.98,792.69,667.04,803.50,672.98,813.77,672.71,807.01,636.76,803.50,669.47,806.74,677.58,818.10,683.79
ND_KRTJ2bPJTWQ_frame012001_l.jpg,0,494.45,142.63,495.54,120.24,505.11,103.72,530.11,108.28,544.89,116.33,510.32,112.20,525.54,101.54,542.06,98.07,553.37,97.85,518.05,122.08,529.45,114.37,540.76,109.37,554.02,105.89,514.89,133.28,524.45,129.15,534.67,126.11,546.41,123.28,516.63,145.24,526.41,144.37,535.54,140.24,545.01,135.75
ND_KTLuuIbNdDc_frame001201_l.jpg,0,1129.15,803.85,1093.00,746.15,1068.21,691.35,1060.35,632.95,1049.12,571.19,1126.05,612.74,1124.01,567.00,1123.24,612.74,1122.96,657.53,1168.72,610.49,1172.65,572.31,1173.49,553.32,1174.54,518.58,1218.70,620.04,1231.61,580.73,1241.72,536.93,1250.71,501.00,1258.57,660.47,1297.62,625.38,1331.46,597.69,1364.54,571.54
ND_KUE7slZsXoI_frame017701_r.jpg,0,2834.21,955.14,2631.71,1057.64,2389.21,1157.64,2031.71,1305.14,1869.21,1330.14,2239.21,987.64,1956.71,1125.14,1769.21,1257.64,1659.21,1370.14,2259.21,777.64,1999.21,750.14,1734.21,920.14,1651.71,1107.64,2286.71,650.14,1939.21,540.14,1671.71,667.64,1651.71,910.14,2259.21,557.64,1906.71,490.14,1674.21,572.64,1652.74,740.95
ND_Kgrmpkw5i0s_frame000601_r.jpg,0,941.14,1425.71,746.74,1286.95,663.91,1256.60,579.18,1221.19,483.06,1161.75,732.14,1125.71,548.14,1145.71,500.14,1213.71,479.66,1286.31,712.75,1206.10,603.81,1222.95,556.96,1274.00,551.70,1322.95,709.07,1252.95,629.07,1259.79,608.02,1297.68,627.49,1332.95,704.86,1299.79,664.33,1298.21,653.28,1336.63,683.81,1364.00
ND_Kgrmpkw5i0s_frame000901_l.jpg,0,-64.69,807.31,41.26,726.14,136.57,674.53,233.89,677.20,303.89,682.98,142.79,660.93,226.03,658.31,276.65,662.69,311.65,675.19,144.78,715.81,262.28,707.69,216.65,729.56,132.28,733.94,136.65,792.69,239.15,782.06,194.15,792.69,135.82,786.57,115.40,855.19,195.40,853.31,168.53,848.94,112.28,843.94
ND_KkpX-5y7iio_frame000001_l.jpg,0,833.52,524.83,803.23,519.32,783.95,507.62,765.82,514.04,748.61,508.54,776.84,550.07,754.80,565.91,738.74,574.40,724.97,581.05,783.49,562.01,758.73,577.22,740.34,576.90,728.87,574.76,791.29,572.33,770.04,573.14,755.62,571.28,743.06,566.86,799.11,578.49,782.13,575.46,772.36,570.11,761.66,561.97
ND_KkpX-5y7iio_frame017044_r.jpg,0,615.45,76.64,647.16,102.76,677.93,136.80,707.78,167.11,736.69,196.02,652.75,209.54,680.26,241.72,714.30,255.24,751.14,264.10,679.37,209.40,699.67,228.22,728.78,236.46,762.02,225.87,685.07,198.03,707.29,211.24,737.48,202.09,758.55,181.01,690.66,170.97,712.42,177.45,731.54,173.62,747.41,164.31
ND_KkpX-5y7iio_frame036479_r.jpg,0,545.98,6.75,663.01,19.29,761.23,30.78,801.99,97.66,844.83,118.56,750.79,203.20,841.62,239.50,872.00,215.73,881.40,178.12,686.00,248.13,773.77,275.29,787.36,235.59,777.95,195.88,613.90,243.95,688.47,254.76,706.90,229.32,706.90,192.75,550.16,227.23,610.77,236.63,626.44,215.73,620.17,189.61
ND_KkpX-5y7iio_frame059502_r.jpg,0,513.96,397.82,536.22,392.81,553.08,396.76,561.76,410.26,575.45,419.52,532.64,408.14,546.29,420.05,557.31,425.76,555.47,421.07,523.76,420.10,532.64,433.60,546.14,445.37,560.41,457.32,515.66,430.51,523.38,442.28,535.72,453.47,548.64,463.88,511.42,438.81,512.96,446.91,522.61,456.17,531.67,462.92
ND_KlyHw8b3Y8Y_frame000301_r.jpg,0,85.83,385.16,94.28,379.43,99.68,369.97,104.55,359.43,106.17,348.08,71.17,356.98,76.78,347.17,96.60,354.78,115.21,361.98,68.17,372.59,86.19,375.00,112.01,379.80,137.24,382.80,63.56,391.21,84.38,397.22,111.61,399.22,134.63,398.22,63.56,409.63,86.99,413.63,109.01,412.23,122.22,409.43
ND_KlyHw8b3Y8Y_frame000901_r.jpg,0,116.55,408.49,133.61,390.26,150.37,375.84,174.49,357.61,192.43,345.55,124.46,374.39,153.12,361.69,184.49,352.02,200.96,346.43,136.87,399.50,177.04,389.45,205.40,372.32,229.63,358.14,147.80,420.47,186.50,409.84,215.15,388.86,231.40,372.02,167.89,431.11,195.06,420.18,206.84,404.67,214.78,395.84
ND_KlyHw8b3Y8Y_frame001201_l.jpg,0,340.20,427.73,354.52,422.82,372.58,417.66,366.45,442.82,361.61,458.31,412.80,441.32,426.04,446.19,403.61,441.05,377.66,428.89,401.45,464.84,415.50,472.40,387.66,466.19,366.31,450.51,400.64,497.54,394.69,500.24,372.53,490.51,352.53,470.24,372.77,504.82,354.52,496.68,343.55,486.36,332.81,475.53
ND_Kuh8StycMX0_frame000599_l.jpg,0,367.63,54.51,380.35,83.12,399.42,105.82,437.11,113.54,470.71,123.99,445.74,54.06,476.16,59.50,507.50,63.59,537.47,65.41,454.37,33.62,483.43,23.63,518.40,15.46,548.82,6.38,456.64,24.54,483.67,15.53,510.77,2.30,536.90,-8.02,457.22,18.11,475.93,7.78,493.35,-0.28,509.80,-6.73
ND_Kuh8StycMX0_frame001197_l.jpg,0,422.76,121.12,440.33,170.08,456.83,211.59,497.81,235.54,523.89,261.62,510.58,184.98,542.00,205.85,574.80,226.65,604.25,247.25,527.61,154.11,564.00,164.65,606.00,179.85,640.45,193.50,530.81,122.71,566.40,124.65,606.00,129.05,639.60,131.45,528.68,98.76,555.29,88.12,581.37,80.13,609.58,70.55
ND_Kuh8StycMX0_frame002094_l.jpg,0,535.22,329.84,550.69,321.37,567.16,315.50,585.57,317.18,602.62,324.56,591.05,289.10,610.71,294.25,622.23,304.19,628.62,314.72,594.20,308.44,608.85,312.86,617.96,318.02,630.28,329.08,591.48,322.99,602.29,327.48,603.31,337.48,600.66,348.50,590.25,334.62,597.60,338.91,599.84,344.01,595.35,350.13
ND_Kuh8StycMX0_frame003589_r.jpg,0,281.84,514.73,299.70,523.00,321.50,530.15,324.70,542.18,329.40,550.26,308.91,560.60,312.76,581.74,316.44,576.64,316.85,567.66,293.12,563.23,293.99,578.07,302.72,577.54,304.89,564.93,280.52,561.16,282.21,575.07,289.89,574.28,290.48,567.37,268.87,556.28,268.68,568.12,275.98,566.45,276.57,559.28
ND_KyW0GiMUdiQ_frame000251_r.jpg,0,1117.98,243.15,1098.30,262.43,1079.21,282.43,1061.93,335.61,1064.66,361.52,971.93,352.81,948.68,383.13,936.48,419.70,928.47,452.37,998.75,370.61,979.01,408.40,972.39,431.52,969.21,457.89,1016.93,372.89,1005.57,411.98,1002.84,432.43,1001.93,456.98,1040.57,370.61,1035.11,411.98,1034.66,437.43,1034.66,458.79
ND_KyW0GiMUdiQ_frame001001_r.jpg,0,65.18,189.62,85.97,181.54,103.01,180.64,116.03,186.63,127.83,192.01,103.90,234.25,122.12,240.28,141.35,244.13,153.14,231.57,108.42,221.06,121.86,228.74,133.91,231.31,145.45,221.31,109.60,213.71,122.89,220.80,131.60,220.28,136.99,210.80,110.48,204.59,120.19,209.00,128.78,208.23,131.95,200.77
ND_LIGRNRG8QC8_frame009001_l.jpg,0,1032.33,-79.33,861.18,85.27,781.50,99.13,760.33,149.83,729.53,216.92,712.67,52.17,674.10,138.39,682.19,212.30,700.66,278.12,770.33,16.83,761.87,179.96,768.80,272.35,771.10,348.56,839.24,48.32,825.00,172.50,838.08,266.57,838.33,328.50,918.92,66.80,908.52,156.87,909.00,194.50,917.67,224.50
ND_LIGRNRG8QC8_frame017401_r.jpg,0,157.68,201.18,125.37,153.43,85.17,166.03,61.83,165.03,47.83,145.37,19.00,172.03,-14.64,167.46,-4.64,154.89,20.21,156.32,8.16,211.75,-14.24,195.35,15.76,194.15,49.03,194.63,20.56,258.15,-4.17,244.63,21.76,236.95,63.42,225.81,37.43,261.43,22.69,274.12,58.21,264.65,80.63,248.63
ND_LKJ-w4Aw09M_frame001913_r.jpg,0,316.81,452.46,332.95,460.75,349.52,468.18,356.74,483.47,368.63,494.94,339.40,483.50,349.09,507.69,355.68,515.55,362.48,520.43,325.07,486.67,337.80,515.17,348.48,519.04,354.73,518.29,316.57,488.00,324.40,511.50,331.40,512.33,338.40,513.17,310.57,488.17,315.57,507.83,321.07,510.00,327.23,509.50
ND_LKJ-w4Aw09M_frame002391_l.jpg,0,808.58,278.08,820.65,263.63,837.51,262.20,846.94,269.63,857.80,276.77,842.37,262.49,852.34,269.45,860.81,276.40,848.81,280.28,837.80,271.63,847.87,275.57,855.51,281.81,842.65,283.06,836.94,277.92,849.16,285.10,842.37,287.92,836.65,286.20,833.51,281.92,841.63,284.63,842.58,290.65,835.75,289.65
ND_LSeSlkBTOSs_frame010167_l.jpg,0,147.32,1261.37,460.63,993.91,724.26,703.53,1056.67,661.50,1385.00,513.00,1117.00,873.00,1323.33,797.33,1454.33,736.33,1583.94,653.86,1145.00,1044.67,1293.56,974.81,1492.24,844.90,1621.00,715.00,1073.00,1293.00,1372.67,1212.33,1503.00,1083.00,1591.00,907.00,1026.11,1440.95,1133.00,1339.00,1265.00,1197.00,1419.00,1003.00
ND_Lf8qAqGjJHo_frame000898_r.jpg,0,217.23,260.60,182.53,251.65,160.79,238.27,153.10,213.52,154.44,194.12,194.09,200.03,173.84,174.05,161.13,154.99,153.44,142.28,206.09,193.17,188.55,165.36,173.17,156.33,162.80,150.31,219.23,196.60,196.58,164.35,184.54,160.00,172.50,158.00,231.23,210.32,227.23,187.75,213.23,177.17,200.09,176.32
ND_LgCHsS5dank_frame022725_l.jpg,0,1354.00,1723.00,908.00,1479.00,820.00,1305.00,806.00,1109.00,842.54,979.19,1140.91,1067.18,1098.00,903.00,1116.00,591.00,1173.01,356.81,1360.91,1046.27,1414.55,759.91,1454.55,559.00,1514.50,323.76,1558.56,1064.56,1597.11,885.56,1635.45,654.45,1660.45,480.73,1785.34,1195.59,1825.34,1118.09,1861.59,954.34,1889.03,736.85
ND_LgjkVNGGY08_frame010517_r.jpg,0,287.52,709.02,278.70,663.78,280.06,616.55,290.96,586.13,296.41,552.98,320.02,626.09,333.19,594.75,349.54,568.42,366.80,545.71,345.91,640.16,367.25,617.00,388.59,590.67,409.94,568.87,366.80,661.51,387.23,646.52,409.94,625.18,427.65,606.56,374.52,685.57,397.22,671.50,416.75,658.78,435.37,644.71
ND_LgjkVNGGY08_frame027247_r.jpg,0,513.60,456.38,543.36,469.73,550.47,477.42,561.13,479.74,573.49,467.12,532.59,479.53,527.40,485.30,522.59,490.49,515.47,493.38,513.36,484.92,509.51,491.65,504.51,496.65,497.20,499.34,504.12,485.42,498.09,489.94,492.48,492.00,487.13,492.41,495.08,485.42,489.74,487.89,482.89,488.71,474.53,490.49
ND_LgjkVNGGY08_frame029637_r.jpg,0,590.01,393.12,617.17,361.20,629.83,356.05,640.45,349.33,653.11,340.58,602.16,337.67,624.78,334.70,641.17,340.76,655.79,347.18,595.63,350.28,627.81,349.14,644.03,356.62,653.65,363.75,595.85,364.19,625.13,366.25,637.64,373.86,635.29,378.39,597.16,377.45,626.72,380.62,629.77,381.93,625.41,384.97
ND_LgjkVNGGY08_frame030115_l.jpg,0,784.11,453.83,782.14,440.03,790.12,430.41,792.02,435.48,788.47,440.92,823.92,442.31,814.62,450.31,800.07,450.99,786.85,450.27,827.68,459.21,815.30,464.58,796.39,461.96,784.08,458.27,821.82,473.69,812.07,477.80,792.23,471.65,781.62,464.58,812.34,481.45,803.00,487.49,789.31,481.96,780.41,476.22
ND_LgjkVNGGY08_frame031549_r.jpg,0,522.31,374.62,528.22,350.85,539.32,337.16,557.64,327.47,562.25,326.12,523.40,325.67,542.92,319.66,562.55,318.51,578.42,318.51,522.34,341.09,547.83,332.41,565.33,330.78,579.07,331.92,532.58,356.73,550.12,347.14,563.64,345.56,572.04,345.17,536.21,367.42,553.20,360.95,562.43,359.85,560.35,364.14
ND_LjAu6AwqWVo_frame000599_r.jpg,0,4.23,417.11,53.21,411.65,85.31,428.90,109.75,449.96,99.23,468.54,56.89,416.55,79.84,467.66,104.26,492.37,122.26,514.96,23.83,445.12,80.76,498.48,89.34,497.57,96.68,492.88,21.38,475.32,70.99,505.80,80.36,502.88,85.66,495.53,18.11,500.63,58.48,513.43,64.64,507.98,65.66,500.22
ND_LjAu6AwqWVo_frame000898_r.jpg,0,80.70,506.52,110.08,515.05,137.45,523.18,142.70,542.02,127.70,553.02,131.45,539.27,154.71,573.49,165.07,586.06,171.70,586.52,110.95,552.02,139.18,589.51,146.45,589.02,152.20,583.02,96.70,560.52,121.18,599.38,133.26,601.60,134.20,593.52,81.20,563.27,86.70,592.27,98.25,604.06,99.45,591.77
ND_LmdOR4vtPXA_frame003589_r.jpg,0,131.61,618.16,162.94,591.56,205.41,577.07,226.81,578.98,252.25,586.79,258.89,593.74,298.08,601.31,289.43,606.44,275.38,605.36,249.48,625.43,275.53,622.17,267.39,614.97,248.32,613.80,232.97,655.66,267.71,657.93,252.04,644.97,239.48,645.20,231.04,679.14,261.97,681.35,252.04,672.87,242.04,669.62
ND_LppLibUiK-Q_frame008701_l.jpg,0,1765.44,946.30,2072.79,804.57,2108.50,676.00,2102.79,580.29,2092.79,446.00,1969.93,513.14,1934.40,375.74,1911.36,294.57,1885.42,216.58,1799.72,485.94,1789.92,329.22,1767.89,194.54,1743.40,69.65,1660.14,530.01,1623.41,380.64,1581.78,250.86,1567.09,133.32,1540.15,601.03,1471.59,493.28,1425.06,390.44,1395.68,297.38
ND_LwEFvPceJKA_frame010801_l.jpg,0,33.38,291.97,210.86,220.29,383.22,163.98,538.51,186.16,683.57,199.81,407.57,50.71,563.29,100.71,639.20,155.44,717.70,230.53,444.65,172.51,543.63,216.88,630.67,280.02,702.34,341.46,376.14,277.86,494.14,307.33,572.64,356.82,630.67,392.65,311.54,379.00,386.63,401.19,473.29,429.29,540.22,442.14
ND_LzIBd-xSWYI_frame002001_l.jpg,0,783.10,589.84,751.71,596.23,729.31,615.75,727.87,626.99,729.11,650.45,741.45,626.48,723.59,652.89,716.80,668.48,709.01,679.79,760.81,636.29,745.72,663.70,733.15,675.02,726.61,678.03,774.39,642.07,757.54,667.97,747.99,671.24,740.94,669.99,783.94,648.61,771.62,663.70,762.82,666.21,755.03,665.71
ND_LzIBd-xSWYI_frame003001_r.jpg,0,518.69,539.43,547.15,548.84,575.61,553.20,586.62,572.93,607.30,586.76,544.39,555.49,573.08,579.36,588.81,591.10,599.95,599.95,527.87,572.71,558.85,598.41,582.26,607.59,598.54,602.40,524.20,589.46,555.64,608.05,570.10,610.11,579.85,605.30,527.18,602.77,549.67,609.42,560.23,608.05,568.49,606.44
ND_LzIBd-xSWYI_frame007251_r.jpg,0,523.21,220.79,584.68,242.55,645.54,252.01,657.20,300.26,659.90,341.20,649.67,325.27,682.17,367.22,688.67,397.35,691.79,422.44,611.36,345.48,644.36,372.54,648.49,344.77,636.09,326.45,582.91,358.95,615.41,355.40,615.41,338.27,603.00,324.68,546.54,346.82,570.14,350.82,567.55,335.31,553.96,321.72
ND_LzIBd-xSWYI_frame010501_r.jpg,0,424.78,396.15,444.81,416.26,470.34,433.37,461.33,460.10,459.53,484.42,428.48,435.04,440.61,476.02,449.62,499.74,455.93,521.66,405.81,443.64,418.09,486.83,441.16,486.47,446.91,463.07,393.16,455.60,409.08,494.93,423.79,495.54,435.51,479.62,390.23,462.52,404.58,490.73,418.18,492.29,426.59,481.61
ND_M-V75yqU-mU_frame002087_l.jpg,0,344.82,437.25,369.52,400.19,388.62,367.06,413.32,322.70,430.37,286.18,346.50,287.89,362.22,245.21,402.65,252.51,433.55,273.83,359.80,282.27,383.00,230.61,430.11,247.89,438.86,271.95,372.89,279.46,391.42,244.65,422.31,253.07,432.98,269.36,383.65,283.31,398.72,258.69,414.45,262.62,422.31,278.34
ND_M-ahbRuiU70_frame001201_r.jpg,0,346.24,655.41,292.25,612.40,259.49,567.72,220.77,534.96,183.24,498.86,281.53,492.66,254.13,452.75,216.00,441.43,178.48,431.71,258.89,509.34,216.60,480.75,182.05,473.00,137.96,475.39,236.85,541.51,199.92,530.79,169.54,533.17,130.82,539.13,230.30,576.06,204.19,573.14,182.64,570.10,161.81,568.86
ND_M-ahbRuiU70_frame001501_r.jpg,0,413.71,45.00,433.24,186.60,435.20,306.72,389.30,381.91,364.88,467.85,318.01,285.23,267.23,406.33,265.42,465.00,270.42,505.83,250.62,244.22,207.66,331.13,223.75,416.67,247.92,462.50,225.51,188.44,185.20,282.30,208.75,346.67,241.19,377.38,205.70,144.61,192.03,231.52,207.66,268.63,238.91,287.19
ND_M0mhu_KSncI_frame000301_r.jpg,0,554.74,82.71,528.07,77.47,500.93,86.28,475.93,95.81,457.12,107.23,495.22,69.38,484.26,82.23,475.22,91.76,469.74,103.66,494.33,91.78,479.42,108.14,477.42,117.42,487.83,116.68,509.65,97.96,496.33,121.42,506.51,114.69,515.78,105.77,522.15,106.14,511.06,123.70,519.49,118.63,532.20,105.92
ND_M1Mst7MFe2Y_frame001761_r.jpg,0,-109.17,385.00,-112.29,206.25,-64.79,75.00,-16.04,31.25,100.99,-8.79,189.67,191.43,258.42,188.93,179.67,162.68,109.67,200.18,164.67,336.43,263.42,316.43,230.92,272.68,178.42,272.68,112.17,421.43,204.67,393.93,174.67,352.68,108.42,370.18,79.99,476.21,158.42,445.18,143.42,416.43,110.92,433.93
ND_M1Mst7MFe2Y_frame006513_l.jpg,0,-35.51,62.01,-33.21,-10.30,-0.90,-53.38,52.18,-57.22,85.26,-60.30,74.49,-14.15,124.49,-21.84,148.33,-33.38,139.10,-49.53,136.94,38.81,172.73,21.97,168.53,-13.41,146.86,-26.75,119.57,65.13,149.10,69.70,145.26,21.24,136.79,-11.07,90.69,81.60,101.41,58.16,108.33,27.39,113.72,-6.45
ND_MM_xwPvd0Mg_frame000301_l.jpg,0,-2.00,382.94,41.64,332.23,64.77,310.61,119.59,274.90,178.94,248.75,40.13,252.77,92.78,246.52,138.87,246.96,188.87,249.13,64.27,294.51,115.00,294.49,154.59,300.74,205.00,309.49,81.04,322.61,115.84,317.41,158.82,320.66,197.04,328.71,84.09,350.00,106.51,350.34,134.18,350.34,167.37,350.84
ND_MO03eYN_wx4_frame000300_r.jpg,0,10.91,389.52,23.69,375.36,20.62,359.26,12.44,345.52,2.41,331.31,18.00,315.10,13.42,298.74,6.55,285.66,-1.63,275.19,2.95,313.46,-1.81,297.36,-7.19,287.29,-13.77,276.06,-7.84,318.04,-12.75,306.59,-16.35,298.09,-21.26,288.60,-14.06,326.22,-17.33,320.99,-22.68,317.14,-28.77,314.53
ND_MO03eYN_wx4_frame011662_r.jpg,0,138.46,335.84,158.31,324.18,175.01,307.95,184.29,293.80,206.26,281.18,172.69,284.06,185.45,276.17,200.06,274.55,215.39,281.42,163.64,278.03,178.36,267.38,195.17,270.79,214.32,275.47,152.51,276.17,162.25,262.26,184.05,259.94,201.77,266.53,139.29,278.72,141.61,262.95,146.95,250.66,159.43,236.32
ND_MO03eYN_wx4_frame014054_r.jpg,0,122.62,462.56,144.00,453.33,161.68,451.70,178.10,446.15,199.13,453.59,164.48,399.92,178.74,414.50,187.73,434.34,193.00,454.18,146.18,401.47,157.65,412.33,169.13,432.48,178.43,452.01,126.96,409.23,129.75,415.43,139.36,429.69,148.97,446.12,108.62,428.46,100.60,421.32,93.16,417.91,75.80,412.02
ND_MO03eYN_wx4_frame027210_r.jpg,0,113.01,402.11,145.56,424.94,177.47,448.14,188.10,474.57,196.82,501.80,199.71,440.09,208.41,476.18,210.66,503.25,215.19,526.21,187.14,440.09,195.19,473.92,185.53,497.45,171.95,501.21,171.67,436.22,176.50,469.41,168.13,495.03,156.66,503.27,152.01,438.15,156.84,461.68,153.13,473.27,147.54,463.56
ND_MPKJZzYkaNI_frame000300_l.jpg,0,1559.83,712.55,1635.96,735.05,1684.65,768.92,1710.42,806.67,1731.60,837.25,1650.42,787.25,1666.89,820.78,1683.95,849.61,1711.60,861.37,1616.30,803.14,1628.91,833.13,1645.13,876.87,1658.54,929.09,1575.72,803.73,1593.63,837.36,1611.01,877.25,1625.38,919.91,1533.65,804.20,1552.70,832.42,1573.17,863.47,1594.33,895.22
ND_MPKJZzYkaNI_frame001197_r.jpg,0,1114.71,-33.77,1160.42,17.66,1201.85,74.81,1225.42,141.23,1225.82,203.11,1011.89,96.98,1008.28,174.81,1071.14,198.38,1140.42,160.52,981.14,74.81,982.56,159.09,1053.99,184.09,1082.56,157.66,959.71,71.95,973.28,148.38,1037.56,155.52,1058.99,134.09,976.45,70.61,980.82,130.61,1014.57,139.98,1043.32,122.48
ND_MV4hH4lla50_frame000301_l.jpg,0,62.93,783.86,95.93,748.86,121.93,693.86,212.96,568.10,295.84,467.20,-107.07,490.86,-29.68,311.05,6.35,267.81,77.22,236.58,-71.07,484.86,-25.07,335.86,65.93,297.86,155.93,285.86,-43.07,501.86,-15.07,417.86,65.93,362.86,155.93,339.86,-21.07,528.86,20.93,485.86,74.93,460.86,135.93,437.86
ND_MV4hH4lla50_frame000901_r.jpg,0,660.86,630.54,570.86,596.25,472.29,554.82,393.67,483.67,330.33,417.00,657.68,353.39,301.02,354.50,163.24,407.84,98.79,453.39,581.02,191.17,354.35,152.28,203.24,266.73,188.79,336.73,645.46,146.73,460.52,54.84,384.16,113.03,394.16,185.75,670.81,187.00,668.31,144.50,617.06,87.00,502.06,59.50
ND_N0jrqtgV65Y_frame015601_r.jpg,0,1477.05,301.96,1379.55,224.46,1232.05,169.46,998.30,140.71,837.05,131.96,1252.05,-41.79,1179.55,-96.79,1029.55,-115.54,910.80,-105.54,1189.55,-31.79,1064.55,-68.04,992.05,-76.79,902.05,-65.54,1115.80,43.21,980.80,-5.54,908.30,-21.79,847.05,-26.79,1120.80,228.21,1067.05,214.46,1017.05,219.46,947.05,241.96
ND_N26nLnQiB4U_frame000601_l.jpg,0,624.16,870.66,495.25,795.89,375.37,700.50,305.76,602.53,240.02,527.77,294.16,945.42,191.03,846.16,166.54,794.60,135.60,754.64,375.37,1003.43,226.62,925.53,195.62,896.53,175.62,851.53,448.62,1028.53,341.62,965.53,298.62,921.53,260.62,865.53,492.67,1015.03,441.11,978.94,415.62,933.53,397.28,879.68
ND_N2uZuPFDjdU_frame003601_r.jpg,0,1130.57,-261.93,1277.00,-121.21,1344.14,-11.21,1383.76,111.80,1450.79,233.68,1288.43,-19.79,1319.77,104.19,1333.48,221.49,1351.77,338.80,1181.29,-12.64,1205.52,101.14,1226.84,216.92,1232.94,350.98,1062.31,-23.78,1079.07,84.38,1092.78,186.45,1115.63,309.85,960.24,-48.16,943.48,32.59,929.77,113.33,902.35,216.92
ND_N2uZuPFDjdU_frame007801_l.jpg,0,844.81,769.80,798.71,745.61,758.83,728.54,731.91,734.41,700.57,743.66,774.89,740.82,748.44,755.94,731.43,763.81,715.51,771.61,777.51,767.21,731.51,788.41,714.31,786.01,703.40,781.76,794.42,783.65,767.33,807.59,737.51,815.21,715.37,813.89,797.88,809.48,771.11,811.21,751.91,809.21,734.31,802.81
ND_N2uZuPFDjdU_frame008101_r.jpg,0,547.88,733.49,621.59,735.49,648.02,723.08,675.06,724.19,705.68,736.69,607.58,687.04,645.22,685.04,674.04,697.05,706.08,717.07,583.16,711.87,601.97,723.48,632.40,740.70,665.64,758.71,565.54,743.10,594.77,759.12,634.81,776.73,672.44,791.55,552.33,771.53,573.55,785.94,603.58,796.35,631.20,801.16
ND_N5apy3yoiN4_frame000501_l.jpg,0,1187.57,187.79,1157.93,214.52,1130.62,246.48,1104.48,284.83,1062.06,315.04,1238.70,287.15,1268.33,318.53,1270.66,359.20,1262.52,399.87,1241.62,319.85,1242.87,393.60,1225.99,419.85,1190.99,422.98,1234.74,330.48,1230.99,381.10,1207.24,402.98,1167.24,406.10,1216.62,338.86,1216.62,366.10,1200.37,377.98,1173.62,380.12
ND_NADprjzPY8g_frame008101_r.jpg,0,405.00,78.50,493.46,131.04,574.24,198.68,631.62,207.56,666.62,232.56,544.03,272.89,610.36,277.49,652.25,259.44,677.88,224.44,549.94,215.76,599.75,210.69,635.38,181.31,669.47,145.48,536.62,145.69,569.75,136.31,584.75,117.56,588.69,79.81,505.28,102.80,532.25,86.94,544.75,75.69,554.12,58.19
ND_NMnIiPVIiMs_frame001197_r.jpg,0,913.92,405.38,885.46,386.15,842.20,363.79,828.82,408.61,832.83,469.49,729.82,436.71,697.71,466.14,680.08,501.54,658.91,535.04,753.23,484.87,720.75,521.18,713.25,568.05,704.88,603.99,779.99,516.98,766.38,569.93,761.38,609.30,757.62,646.80,810.76,544.41,798.25,580.55,795.75,613.05,794.03,644.08
ND_NMnIiPVIiMs_frame012260_r.jpg,0,1012.11,562.29,958.77,552.18,902.62,542.64,852.11,529.74,805.79,522.37,907.11,439.88,871.73,402.26,830.00,393.95,794.24,390.46,921.15,441.00,872.29,417.42,829.06,408.43,796.84,406.58,929.01,448.86,880.15,436.51,843.16,436.58,815.58,435.95,934.62,465.71,892.63,469.21,865.55,471.32,843.66,480.31
ND_NMnIiPVIiMs_frame016446_r.jpg,0,600.04,334.61,614.15,329.07,617.00,320.00,617.20,311.00,615.40,303.62,613.84,303.45,611.22,297.14,605.37,302.34,600.36,306.97,605.46,300.76,601.47,294.91,596.65,301.69,593.92,306.08,599.80,300.29,595.07,296.31,592.01,300.39,589.32,306.33,591.29,301.20,589.94,297.73,587.31,299.17,586.26,302.73
ND_NMnIiPVIiMs_frame025117_l.jpg,0,1229.66,291.11,1203.82,308.78,1179.82,325.39,1169.54,344.11,1158.20,360.19,1207.77,355.71,1197.49,380.50,1189.61,387.50,1180.49,394.86,1223.86,359.14,1210.41,376.01,1199.90,379.56,1188.26,377.07,1236.51,353.07,1221.48,369.69,1210.15,369.95,1198.81,363.62,1244.69,345.69,1230.19,362.04,1220.69,360.46,1213.05,352.02
ND_NMnIiPVIiMs_frame049934_l.jpg,0,1219.58,570.59,1191.32,566.57,1163.13,560.06,1133.87,547.42,1103.14,535.02,1153.38,618.24,1127.72,637.39,1108.68,640.60,1100.28,628.20,1160.61,628.72,1136.40,640.64,1118.69,638.83,1105.48,624.20,1164.58,627.99,1143.62,635.94,1130.25,632.69,1116.52,620.04,1167.83,623.66,1151.57,629.80,1139.29,626.19,1130.25,615.71
ND_NPDrnmHX01M_frame004751_r.jpg,0,827.03,512.29,828.93,538.48,823.60,559.30,814.20,585.46,809.85,615.86,778.96,564.87,777.13,599.93,798.24,613.77,822.83,600.52,763.80,564.87,793.89,601.71,824.19,605.39,834.40,589.24,790.90,573.90,804.05,598.66,825.63,596.38,835.43,582.86,799.98,576.06,810.65,587.74,826.90,587.49,837.05,577.33
ND_NPDrnmHX01M_frame005501_r.jpg,0,770.20,449.17,820.15,427.50,872.92,402.99,919.57,416.66,954.34,424.14,881.88,466.13,916.74,510.43,936.32,544.02,953.52,570.02,866.33,496.76,923.12,478.02,921.92,454.42,902.72,433.62,860.76,505.01,901.84,469.65,897.19,450.73,883.62,432.51,849.84,505.71,869.15,488.75,874.81,473.67,867.55,457.87
ND_NPDrnmHX01M_frame008001_l.jpg,0,1574.19,76.19,1410.22,93.45,1251.42,129.70,1102.98,233.26,1017.74,347.11,1280.76,336.83,1090.89,340.28,1001.14,357.54,916.56,373.07,1329.09,392.06,1143.90,377.88,1053.90,317.88,961.48,299.37,1341.17,385.16,1172.02,373.07,1048.95,376.42,965.82,401.42,1342.90,373.07,1230.70,343.73,1177.64,322.45,1110.71,294.76
ND_NPDrnmHX01M_frame008251_l.jpg,0,1161.14,-303.29,926.21,-256.92,765.21,-206.92,686.86,-166.14,632.57,-113.29,994.21,-8.92,812.21,74.08,698.21,95.08,653.21,157.08,885.21,-56.92,721.21,12.08,646.21,40.08,572.21,69.08,1052.21,46.08,873.21,47.08,777.21,48.08,687.21,42.08,1076.21,36.08,916.21,46.08,834.21,57.08,760.21,66.08
ND_NPDrnmHX01M_frame010001_l.jpg,0,1160.00,589.69,1076.45,489.48,1071.88,455.31,1030.62,422.19,996.88,395.94,1165.49,426.18,1089.18,385.66,1047.60,367.24,1006.02,350.92,1169.70,447.24,1087.60,399.87,1036.02,376.71,987.60,367.24,1157.07,474.08,1139.18,412.50,1089.70,377.76,1046.55,386.18,1135.49,515.66,1165.49,508.29,1143.91,475.13,1109.18,447.76
ND_NPDrnmHX01M_frame010501_r.jpg,0,694.62,469.00,769.64,398.88,806.25,348.45,815.62,302.82,835.14,256.44,751.36,257.96,762.50,210.95,790.00,185.95,825.24,171.89,708.70,264.06,733.07,213.79,781.25,205.32,821.25,223.45,689.38,286.57,727.74,267.11,779.54,288.43,822.50,321.57,669.09,329.57,693.46,308.24,736.88,316.62,773.12,326.57
ND_NSj6BeuaBcg_frame000001_r.jpg,0,628.98,882.07,487.55,864.93,396.12,736.36,285.26,616.00,183.26,555.00,405.82,555.82,335.91,498.91,246.48,498.09,196.26,529.00,477.26,508.00,374.93,413.54,294.26,479.00,262.26,586.00,490.26,493.00,397.26,454.00,352.26,539.00,334.26,617.00,504.26,489.00,404.26,569.00,390.26,610.00,373.26,656.00
ND_NTlInyoTbmc_frame000001_l.jpg,0,525.68,499.75,527.82,479.04,524.96,459.39,521.75,445.11,525.68,428.68,506.39,451.54,501.03,441.89,493.89,433.32,485.32,420.46,498.53,466.89,485.32,455.46,478.53,446.18,468.18,432.61,484.25,481.89,473.53,472.96,465.32,466.54,454.96,454.75,475.68,491.18,463.53,487.25,453.18,481.54,443.89,475.11
ND_NXIQv8qSAMg_frame001801_l.jpg,0,2124.71,482.00,1993.05,468.51,1837.15,496.85,1615.12,551.97,1462.37,581.89,1759.99,762.98,1520.64,734.63,1400.96,671.64,1312.78,614.95,1761.29,845.64,1508.04,799.19,1371.04,718.88,1290.73,651.17,1728.50,832.26,1542.68,789.75,1386.79,736.21,1308.05,671.64,1684.41,800.77,1524.29,757.64,1456.29,728.64,1389.94,685.82
ND_NXIQv8qSAMg_frame002701_r.jpg,0,2033.57,259.39,1993.57,418.14,1883.75,519.18,1733.18,657.92,1632.14,786.71,1585.98,382.14,1492.93,512.41,1462.47,647.77,1459.09,779.73,1630.71,485.29,1585.00,578.14,1566.43,691.00,1545.00,813.86,1712.14,531.00,1705.00,636.71,1717.86,709.57,1770.71,765.29,1779.29,541.00,1746.43,635.29,1749.29,699.57,1775.00,736.71
ND_NhdEyhAuY3I_frame001197_r.jpg,0,811.12,547.30,727.44,506.48,641.71,463.62,566.20,396.27,478.43,361.57,729.48,312.58,659.06,228.90,578.75,208.44,499.38,218.44,740.70,298.30,669.27,208.49,580.00,205.31,512.50,250.94,710.62,307.81,644.38,233.44,590.00,230.94,545.62,260.31,691.72,318.71,648.75,255.31,605.00,259.69,575.38,280.95
ND_NiMBLkY2aWk_frame000901_l.jpg,0,419.50,-178.00,379.50,-70.00,358.50,24.00,356.94,113.80,366.50,168.00,447.33,-18.31,456.89,33.84,465.58,111.19,466.45,182.46,507.30,-18.31,539.46,58.17,529.90,142.48,500.35,200.71,557.71,-13.96,601.17,11.24,614.20,76.43,594.21,131.18,581.00,-29.60,610.60,-14.40,637.80,1.60,663.74,19.06
ND_Nx35Lwdzn68_frame003001_r.jpg,0,-103.00,192.00,93.51,108.51,197.08,63.93,283.61,99.33,351.78,163.57,334.74,25.91,434.67,156.67,508.67,270.67,545.67,317.67,392.43,75.73,485.51,299.92,422.50,404.33,356.50,375.00,401.60,174.06,417.17,399.00,314.50,387.67,247.17,341.00,379.32,264.52,340.75,405.00,249.75,415.00,201.25,395.00
ND_Nx35Lwdzn68_frame004001_l.jpg,0,1856.83,226.67,1569.91,258.44,1324.27,250.45,1192.47,280.41,1130.56,296.38,1294.32,38.76,1236.50,120.00,1190.50,209.00,1151.50,336.00,1376.20,114.65,1309.50,185.00,1271.50,287.00,1254.38,394.24,1494.02,128.63,1329.67,308.67,1356.33,371.33,1392.33,332.00,1585.67,156.67,1421.00,310.67,1433.67,388.67,1483.67,388.67
ND_NxmRTEHIN6o_frame002031_r.jpg,0,165.75,253.50,188.00,263.50,170.67,282.83,136.67,291.50,93.33,298.17,187.79,187.86,119.89,192.82,85.20,243.86,53.97,292.43,135.25,164.07,49.02,171.01,20.77,248.82,15.25,298.67,77.75,164.17,5.75,211.67,-6.75,245.67,-8.75,290.67,33.75,182.67,-3.25,218.17,-4.75,256.67,-1.25,282.67
ND_NxmRTEHIN6o_frame002321_l.jpg,0,647.20,853.67,612.63,756.31,564.13,665.92,488.50,636.00,443.50,580.00,532.53,725.45,473.74,671.80,418.63,642.41,367.20,619.80,486.23,778.36,412.75,727.65,364.98,671.80,346.40,642.60,456.84,824.65,383.35,766.60,351.75,725.45,371.20,686.60,439.60,851.80,385.20,825.40,363.20,781.00,355.60,739.00
ND_O03KTYYqZKI_frame003001_l.jpg,0,1643.50,743.00,1396.50,759.00,1304.50,746.00,1219.55,694.61,1132.34,669.37,1397.41,640.68,1274.63,667.07,1179.39,743.95,1115.50,801.00,1411.17,737.07,1284.95,785.26,1218.50,864.00,1208.50,843.00,1462.81,834.60,1338.88,874.76,1294.50,912.00,1278.50,859.00,1520.18,920.66,1405.44,948.20,1359.50,955.00,1345.50,928.00
ND_O03KTYYqZKI_frame003601_l.jpg,0,1128.60,717.40,1106.05,692.39,1079.00,671.00,1033.07,659.06,1006.05,650.05,1106.63,667.47,1094.33,655.75,1063.70,654.25,1037.58,656.66,1094.03,695.99,1073.31,682.78,1032.77,678.28,1005.45,675.27,1085.97,719.47,1065.51,714.91,1024.67,703.50,999.44,692.69,1079.02,747.34,1055.00,752.45,1029.17,745.24,1008.45,725.42
ND_O03KTYYqZKI_frame006001_l.jpg,0,1564.41,669.43,1396.24,660.66,1221.50,687.00,1078.50,715.00,905.50,745.00,1241.22,619.71,1113.99,681.13,995.54,739.63,901.94,802.51,1279.24,711.84,1150.55,776.19,1008.70,834.68,901.94,881.48,1343.59,793.74,1213.44,856.62,1080.36,912.19,975.50,957.00,1426.95,863.93,1333.35,920.97,1242.68,964.84,1149.50,994.00
ND_O03KTYYqZKI_frame007201_r.jpg,0,864.13,476.87,830.53,475.27,804.53,485.67,772.67,485.00,712.30,489.20,852.53,507.67,863.73,518.07,877.73,533.27,897.73,554.47,887.91,505.82,911.75,522.45,931.27,542.68,941.38,569.42,921.15,499.32,939.94,513.05,959.45,539.07,972.46,565.80,947.16,495.71,965.95,508.71,981.85,523.17,999.92,547.74
ND_O03KTYYqZKI_frame020401_r.jpg,0,1176.80,822.00,1221.39,808.42,1257.64,809.92,1278.89,831.42,1283.66,851.42,1265.93,830.07,1301.78,843.76,1324.34,863.10,1340.05,879.21,1258.28,855.85,1294.13,872.77,1315.89,886.92,1320.39,887.17,1243.78,876.39,1279.63,896.13,1294.10,899.00,1301.14,890.17,1229.27,892.91,1257.47,905.80,1266.33,907.01,1270.89,904.92
ND_O03KTYYqZKI_frame022201_r.jpg,0,852.12,57.31,983.50,49.00,1165.27,112.57,1287.50,107.00,1391.23,62.22,1118.50,58.00,1261.06,146.96,1342.11,239.06,1402.50,312.00,1044.50,142.00,1194.74,272.22,1275.79,355.72,1299.13,372.92,985.50,224.00,1121.06,345.90,1186.50,379.00,1240.50,360.00,945.50,314.00,1032.65,383.97,1101.41,408.53,1129.50,394.00
ND_O03KTYYqZKI_frame032401_l.jpg,0,934.33,1057.33,941.00,1034.67,935.67,1001.33,911.00,1018.67,899.93,1026.27,999.67,1050.00,1015.00,1062.67,1002.33,1081.47,978.33,1093.47,984.33,1082.67,999.13,1103.07,976.73,1118.67,946.73,1110.67,961.53,1098.27,945.13,1121.07,920.33,1110.27,903.53,1088.27,925.93,1095.47,909.93,1119.87,885.13,1106.27,871.53,1074.67
ND_O4J0W9WdP70_frame010466_l.jpg,0,38.25,294.50,53.07,258.90,64.11,233.34,90.55,213.58,123.09,192.66,62.70,198.30,92.87,181.91,111.50,175.50,130.30,170.70,81.10,214.70,105.94,203.99,138.30,203.10,155.50,205.50,94.03,233.05,111.75,227.24,140.70,224.30,152.70,227.90,100.13,249.61,117.86,244.67,132.30,244.70,145.90,247.50
ND_O4Rcw3HKf40_frame000501_l.jpg,0,1020.79,737.12,983.84,740.90,950.66,748.04,927.99,767.36,920.01,785.42,938.10,755.60,918.90,768.80,896.90,783.20,875.70,794.40,940.50,772.40,912.10,789.20,887.30,797.20,856.50,804.00,954.50,783.20,917.70,794.80,896.50,804.00,875.30,812.00,968.10,806.80,954.50,818.40,940.90,827.60,930.90,832.80
ND_O4Rcw3HKf40_frame002751_l.jpg,0,1082.20,731.01,1058.78,733.86,1036.50,735.58,1018.22,744.72,1006.79,762.14,1011.65,739.29,987.62,761.50,985.38,776.25,988.38,789.25,1013.93,751.00,989.94,769.28,984.51,788.99,987.88,802.50,1022.22,762.71,1001.37,778.71,995.94,795.85,997.38,807.50,1035.64,773.57,1021.93,788.71,1016.22,801.28,1012.51,811.56
ND_O4Rcw3HKf40_frame004251_r.jpg,0,1215.50,622.00,1206.83,606.33,1201.50,591.33,1201.50,577.00,1201.83,557.00,1170.88,599.00,1162.38,601.75,1163.12,592.75,1174.38,588.50,1170.88,618.50,1156.12,618.50,1160.12,614.25,1175.12,608.00,1179.88,630.25,1167.62,639.75,1172.12,633.25,1179.88,626.50,1184.88,642.25,1176.62,645.50,1177.62,639.25,1181.62,635.25
ND_O8wN8_9h1TU_frame000301_l.jpg,0,317.00,996.00,516.81,884.76,692.90,748.79,932.83,691.00,1147.83,627.00,743.00,386.00,889.00,336.00,1015.00,336.00,1107.49,369.86,792.33,494.00,934.33,464.00,1056.33,474.00,1146.33,498.00,796.83,584.00,927.83,560.00,1017.83,561.00,1086.83,583.00,808.83,660.00,935.83,638.00,999.83,642.00,1052.83,650.00
ND_OKQ3zA2hHqo_frame011401_r.jpg,0,145.78,332.96,139.39,307.98,134.74,281.25,155.24,243.33,174.10,223.05,180.64,299.55,194.54,269.65,189.65,229.87,184.10,212.76,198.36,303.04,203.65,251.65,187.65,219.87,163.65,210.10,203.87,298.98,197.65,252.32,178.76,226.76,158.76,217.21,200.40,290.55,195.43,261.43,182.32,242.10,163.43,229.21
ND_OKYfZVU71Ik_frame001201_r.jpg,0,814.00,439.50,782.00,402.50,769.00,363.50,748.00,326.50,729.00,292.50,825.25,336.00,827.75,308.00,811.25,318.00,805.25,344.00,863.25,333.00,881.25,295.50,898.75,267.00,910.25,247.00,884.25,358.00,923.75,332.00,944.75,314.00,957.75,294.50,894.75,392.00,921.75,391.50,940.25,390.00,972.75,392.50
ND_OKYfZVU71Ik_frame003001_r.jpg,0,526.33,123.00,473.00,133.00,429.67,145.00,433.00,163.00,449.00,178.33,423.67,96.33,409.00,115.67,409.00,141.67,419.67,172.33,457.13,95.00,440.58,120.50,443.08,152.00,447.58,173.50,485.08,90.50,466.58,119.00,466.58,155.00,471.00,175.67,513.67,86.33,501.00,119.00,500.33,148.33,497.00,178.33
ND_OVsL0aMT7xc_frame001795_r.jpg,0,1214.47,119.88,1204.00,181.67,1155.32,251.86,1105.52,300.42,1056.34,347.11,1119.22,182.76,1068.79,247.51,1030.81,297.31,993.46,340.89,1076.26,141.05,1024.59,241.28,1007.16,291.08,997.25,328.67,1053.22,126.11,1029.57,228.21,1027.75,283.67,1032.25,312.67,1049.49,125.48,1050.73,205.17,1055.71,240.66,1056.34,274.90
ND_OVsL0aMT7xc_frame011662_l.jpg,0,1257.62,556.88,1296.94,594.16,1357.25,649.25,1376.25,693.25,1365.25,723.25,1369.25,668.25,1404.25,701.25,1436.25,740.25,1451.25,788.25,1354.25,670.25,1376.25,712.25,1382.25,747.25,1390.25,772.25,1321.25,685.25,1336.25,720.25,1345.25,747.25,1348.25,771.25,1287.25,690.25,1297.25,713.25,1316.25,742.25,1326.25,768.25
ND_OVsL0aMT7xc_frame014054_l.jpg,0,1026.67,825.68,1097.50,720.50,1099.50,614.50,1101.50,515.50,1135.61,402.97,969.00,658.00,847.88,562.82,783.94,468.09,742.49,375.73,915.50,705.00,762.50,505.00,779.50,423.00,794.50,355.00,862.50,700.00,816.50,578.00,800.00,463.50,820.50,381.00,846.00,687.50,811.00,560.50,821.00,493.50,836.00,430.50
ND_OXFfcgfDR_c_frame006878_r.jpg,0,345.68,112.86,413.50,54.50,476.50,34.50,533.50,22.50,610.50,47.50,497.50,-9.50,588.77,11.14,628.32,29.32,664.23,45.68,485.59,32.56,583.39,64.27,613.09,115.68,604.97,136.31,473.72,83.18,567.29,126.36,568.06,160.09,547.23,163.95,475.86,123.95,530.86,166.68,515.86,186.23,490.41,178.50
ND_OXFfcgfDR_c_frame010167_l.jpg,0,838.36,582.59,809.64,570.79,779.83,571.42,751.60,583.18,728.57,596.50,781.60,554.65,754.95,567.66,741.60,585.24,740.13,597.30,799.24,571.71,767.48,583.77,749.54,601.42,754.24,609.06,807.48,587.59,777.44,599.79,760.42,612.00,765.42,616.71,814.24,605.24,785.42,616.71,773.36,623.18,766.30,623.18
ND_OXFfcgfDR_c_frame010466_r.jpg,0,627.62,586.50,655.38,584.25,677.83,592.28,702.38,612.25,711.88,624.75,672.08,577.01,689.17,601.65,698.54,622.61,704.88,640.50,649.62,589.25,668.71,610.53,679.56,627.79,686.38,642.00,636.38,599.00,650.21,616.94,661.55,636.67,671.38,648.25,622.62,614.00,633.20,626.80,641.83,638.88,648.88,649.75
ND_OXFfcgfDR_c_frame017343_l.jpg,0,899.00,548.75,863.73,558.04,843.53,583.33,839.09,613.39,838.38,637.32,871.95,575.54,868.91,601.81,866.15,624.71,864.09,642.32,896.23,580.89,894.80,603.04,895.67,620.57,894.45,634.82,904.45,583.75,914.45,609.46,915.26,623.05,916.95,636.25,910.16,588.75,919.80,605.54,921.23,623.04,920.16,636.61
ND_OXFfcgfDR_c_frame018240_l.jpg,0,811.64,561.55,781.44,571.35,751.23,587.31,735.25,606.68,731.42,624.62,763.91,571.55,747.60,610.03,740.60,631.05,737.30,646.09,789.36,584.73,766.46,612.20,757.51,633.71,750.83,648.44,803.91,592.45,787.97,614.86,782.17,632.50,777.01,644.03,815.27,589.73,812.60,607.56,814.07,612.56,815.25,619.62
ND_O_RVh41jRbY_frame000001_l.jpg,0,706.00,446.00,593.00,463.00,502.00,502.00,423.87,543.74,397.40,595.66,517.00,507.00,459.50,633.33,454.00,669.00,492.00,689.00,578.00,546.00,511.42,681.18,468.66,744.30,448.00,780.00,643.00,580.00,574.54,707.65,536.87,765.68,511.00,787.00,690.00,606.00,642.75,712.74,612.21,762.63,585.00,775.00
ND_OdYBQcaXkO8_frame001251_l.jpg,0,1138.88,618.75,1110.12,566.25,1076.38,543.12,1044.50,529.38,1010.12,528.12,1103.88,538.75,1058.99,526.68,1022.92,527.98,992.62,528.12,1106.38,571.88,1036.39,571.44,991.20,571.00,958.88,568.12,1100.12,611.25,1031.61,610.12,989.02,604.47,959.50,600.62,1086.38,641.88,1031.38,628.75,1008.88,620.00,992.62,612.50
ND_OdYBQcaXkO8_frame003501_l.jpg,0,1004.25,482.88,955.50,475.38,929.25,454.75,890.33,423.83,834.00,413.50,951.21,347.79,886.21,333.50,845.14,370.64,838.36,396.36,967.29,355.64,904.07,324.57,866.57,348.86,847.29,376.36,978.00,382.88,925.50,359.12,883.62,376.00,858.62,394.12,969.25,421.00,925.67,408.02,890.52,412.59,857.65,420.35
ND_OdYBQcaXkO8_frame006251_l.jpg,0,997.00,464.00,996.00,386.50,988.93,311.59,976.00,269.50,961.66,205.68,985.79,286.78,977.11,235.23,973.93,192.50,965.75,149.32,978.93,305.68,969.39,234.32,966.20,185.68,953.48,135.68,971.20,307.95,956.20,232.95,952.57,193.86,948.48,159.32,945.91,324.88,930.58,285.00,922.97,253.41,911.09,219.03
ND_OdYBQcaXkO8_frame016501_r.jpg,0,183.00,216.00,287.42,302.62,402.00,355.55,453.36,386.91,489.27,414.18,522.74,233.33,561.11,302.07,585.86,350.83,625.45,396.99,510.86,212.70,576.49,298.33,545.86,377.70,470.64,401.91,497.11,197.08,543.30,297.38,459.27,367.36,385.64,360.09,467.17,169.75,487.28,294.69,437.71,325.27,387.09,325.27
ND_OdYBQcaXkO8_frame030001_l.jpg,0,659.55,496.82,662.27,460.45,650.00,461.36,647.27,478.64,639.55,492.27,693.18,461.36,685.45,495.45,673.95,513.36,660.45,530.00,714.55,484.55,702.73,517.27,682.72,536.97,664.55,548.64,722.27,503.18,713.00,530.61,695.44,549.69,678.64,562.27,725.45,515.00,717.27,533.64,705.43,543.03,689.55,553.64
ND_OeBP_99M8ng_frame009868_l.jpg,0,2306.00,1470.00,2154.00,736.00,2092.00,446.00,1922.00,272.00,1768.00,92.00,1736.58,572.24,1221.72,312.26,1460.00,348.00,1606.00,452.00,1463.86,911.24,977.03,595.18,1220.00,624.00,1387.39,712.43,1392.00,1222.00,936.25,964.76,1144.00,952.00,1318.00,1024.00,1384.00,1382.00,940.00,1324.00,1058.00,1138.00,1284.00,1160.00
ND_OhwEBLfm-Vg_frame003589_l.jpg,0,731.00,638.50,706.00,587.00,675.00,570.50,651.00,582.50,644.50,603.50,633.00,630.50,603.03,631.26,608.00,609.50,620.75,596.78,652.50,657.00,631.00,624.00,631.50,603.50,649.50,598.00,668.00,659.00,645.50,631.00,650.00,615.00,669.50,603.50,677.50,655.50,670.70,643.83,674.25,632.55,683.91,622.88
ND_OhwEBLfm-Vg_frame011363_r.jpg,0,237.33,603.33,230.00,535.33,220.67,496.00,211.33,460.67,211.33,425.33,121.33,499.33,94.00,459.33,139.33,432.67,183.33,419.33,119.33,540.67,141.01,494.60,183.33,458.67,236.00,430.00,154.00,572.67,198.00,519.33,244.67,478.00,292.00,434.67,203.33,602.00,234.67,542.67,270.67,502.63,297.33,466.67
ND_OhwEBLfm-Vg_frame012260_r.jpg,0,499.33,298.42,505.35,294.53,510.58,291.46,514.99,288.28,520.11,286.02,506.88,277.04,508.83,266.75,513.96,263.46,520.73,261.41,504.56,276.83,509.19,265.12,514.87,261.51,520.40,257.28,502.35,277.47,510.88,264.59,516.11,262.44,524.84,260.60,500.99,280.20,507.13,266.04,512.77,263.41,518.12,263.52
ND_Op-5NVg0p38_frame000301_l.jpg,0,190.17,475.67,220.17,477.17,239.67,477.67,255.17,477.92,264.42,475.92,233.17,484.67,242.67,486.67,253.42,489.67,266.92,489.67,220.42,495.17,226.17,505.92,238.67,505.67,240.92,489.67,205.83,505.86,212.42,511.42,219.67,516.17,221.42,501.17,191.92,507.42,195.28,517.06,197.17,518.67,200.92,512.42
ND_OtnkHUtPVoE_frame004501_r.jpg,0,1086.00,71.00,985.00,122.00,875.05,197.84,884.00,292.00,856.00,370.00,937.00,307.00,913.33,394.17,907.10,434.96,901.33,483.50,1005.00,311.00,974.67,382.83,957.33,446.83,952.67,498.83,1062.00,319.00,1019.33,392.83,1000.00,453.50,992.00,505.00,1098.67,342.17,1066.00,404.17,1054.00,438.00,1049.50,480.00
ND_PI9dvhA6E1k_frame002401_r.jpg,0,965.00,383.00,877.00,288.00,747.76,227.51,640.00,259.00,586.00,321.00,701.00,388.00,632.00,425.00,607.00,407.00,596.00,361.00,726.00,427.00,658.00,482.00,616.00,497.00,605.00,452.00,756.00,468.00,688.00,521.00,655.00,507.00,654.00,473.00,791.00,520.00,741.00,547.00,696.00,562.00,681.00,529.00
ND_PNvLXuV14MA_frame007775_r.jpg,0,539.83,123.50,538.83,155.17,525.67,180.95,511.17,197.17,498.30,208.55,489.83,160.17,467.69,190.23,462.12,206.00,459.11,219.69,487.17,149.50,460.50,172.50,460.83,193.50,465.83,208.83,484.17,147.50,467.23,168.66,469.83,188.17,478.17,202.83,486.94,142.68,481.50,161.17,482.50,175.50,490.50,189.17
ND_POn9ny_T9j8_frame000751_l.jpg,0,845.67,627.67,832.20,584.60,815.44,547.54,809.40,515.40,816.88,491.75,806.30,581.70,765.90,561.01,746.18,549.95,726.60,543.00,797.17,602.83,761.57,599.49,746.60,600.20,727.40,598.60,790.17,623.17,756.28,630.27,738.00,633.15,720.20,639.40,784.17,643.83,761.09,654.31,745.22,665.38,729.80,674.20
ND_POn9ny_T9j8_frame001251_l.jpg,0,720.33,648.68,690.10,632.46,663.93,616.24,635.17,616.24,614.00,608.50,633.70,657.16,608.26,667.85,590.20,678.54,573.98,688.12,639.60,681.49,616.00,695.87,597.20,708.03,581.00,717.50,656.19,699.55,635.91,713.93,621.50,727.50,602.00,741.00,677.20,710.61,663.00,733.00,651.00,742.50,639.00,748.50
ND_POn9ny_T9j8_frame001751_l.jpg,0,704.67,624.58,673.60,615.85,649.51,611.66,614.11,637.53,598.75,646.82,610.41,633.66,585.62,648.32,572.71,665.08,561.61,677.53,617.39,655.65,591.21,677.30,583.04,688.96,574.83,700.03,630.66,674.50,609.01,696.15,600.64,705.92,598.19,710.81,651.96,686.02,633.45,703.83,626.77,711.27,621.97,716.87
ND_POn9ny_T9j8_frame024001_r.jpg,0,624.35,607.12,658.12,596.90,687.45,585.34,713.66,587.12,736.77,595.56,715.88,611.56,742.54,620.45,763.43,629.78,781.20,641.33,708.78,630.67,739.43,639.55,762.98,652.00,783.87,662.66,698.56,647.11,725.22,657.33,749.21,668.44,771.43,676.43,684.78,663.10,705.67,671.10,725.66,680.43,745.66,686.21
ND_POzboaS29Xs_frame000001_r.jpg,0,59.32,-170.11,87.74,-140.63,114.58,-91.68,161.95,7.79,226.79,54.80,100.89,-96.42,136.68,-50.11,143.00,-14.84,137.01,49.81,73.84,-82.47,77.02,-12.47,63.84,57.98,57.47,9.80,37.47,-85.66,18.84,-15.66,18.84,42.07,6.56,-6.11,10.20,-85.20,-23.89,-33.38,-35.71,5.25,-38.89,31.16
ND_PWN-s7nrqCw_frame000301_r.jpg,0,-329.00,370.00,-101.00,302.00,27.96,279.70,45.40,375.17,60.09,435.75,-130.47,396.06,-68.00,429.00,11.00,476.00,93.14,504.60,-133.62,481.32,-18.62,569.38,46.90,552.38,84.88,529.39,-130.99,520.80,-13.62,602.90,43.22,574.48,52.69,535.53,-125.30,561.49,-19.05,628.99,7.20,605.86,18.45,576.49
ND_PbAClKyiDtE_frame002101_r.jpg,0,321.64,158.55,349.36,181.27,369.38,214.12,379.38,254.75,383.12,288.81,302.74,236.76,326.28,282.24,353.38,292.56,379.67,298.14,282.10,239.32,318.32,293.01,349.06,296.00,370.04,296.08,277.98,239.02,317.78,285.71,343.99,289.76,376.69,290.57,288.75,245.06,317.24,277.87,338.86,282.20,359.13,281.93
ND_PfDnDkgIIMg_frame001798_l.jpg,0,1335.09,817.18,1289.69,830.44,1250.49,854.04,1243.30,896.14,1252.89,927.64,1327.29,829.64,1303.69,878.84,1277.22,910.51,1252.15,940.74,1364.09,854.44,1306.09,915.64,1287.69,926.44,1259.29,920.44,1374.09,886.44,1311.14,935.58,1289.02,934.48,1285.29,915.64,1369.29,920.84,1319.98,955.49,1304.09,947.64,1302.49,927.64
ND_PfDnDkgIIMg_frame039535_r.jpg,0,861.30,729.96,890.40,713.60,924.00,702.00,983.99,720.46,1008.80,736.80,956.79,702.40,994.83,725.69,1011.52,747.04,1013.47,764.12,947.47,729.18,987.46,751.70,991.73,762.57,985.52,757.13,935.05,753.25,972.71,773.44,972.89,759.46,957.31,750.34,920.69,776.93,952.91,789.35,956.13,779.16,942.31,771.22
ND_PfDnDkgIIMg_frame040134_r.jpg,0,867.32,712.95,867.84,691.89,869.42,664.53,867.75,645.06,866.80,613.00,819.42,689.56,808.42,698.17,813.68,710.13,826.60,724.97,803.63,728.80,811.77,737.89,840.48,745.54,870.15,754.64,806.50,754.64,818.47,767.08,850.53,774.73,882.59,774.26,818.47,776.65,830.91,791.96,857.23,793.40,883.07,788.13
ND_PgpdvvM7BbY_frame002692_r.jpg,0,711.64,292.64,743.28,345.19,769.81,399.79,796.35,425.81,830.02,465.61,839.35,373.53,897.47,378.76,878.72,411.26,837.68,414.08,837.77,336.69,885.60,350.64,866.85,381.26,808.72,387.51,873.95,309.25,860.27,338.73,822.37,350.83,776.96,357.44,843.72,273.76,846.88,300.80,820.00,313.30,781.04,325.29
ND_PgpdvvM7BbY_frame004486_r.jpg,0,526.62,456.86,559.30,435.10,597.30,411.90,642.13,413.94,653.70,434.70,599.64,446.46,639.19,458.73,623.28,438.28,599.64,425.10,593.28,468.73,633.73,483.28,626.46,465.55,599.19,452.37,596.34,491.33,623.73,497.82,621.46,482.82,596.01,474.19,598.11,501.97,615.10,505.10,613.28,494.19,592.43,486.86
ND_PgpdvvM7BbY_frame010466_r.jpg,0,954.64,92.45,947.27,138.24,952.53,181.39,967.27,234.03,983.06,261.92,1042.01,127.18,1067.27,158.76,1072.53,195.08,1071.48,227.18,1039.90,142.97,1048.15,189.28,1036.92,213.05,1021.36,230.77,1031.73,161.62,1030.43,193.17,1020.06,215.21,1006.24,231.20,1013.58,170.27,1010.99,190.58,1001.91,206.57,991.54,217.37
ND_PgpdvvM7BbY_frame016745_r.jpg,0,857.69,520.77,874.62,563.08,899.23,590.00,960.00,606.92,991.54,592.31,993.17,492.69,1036.30,525.82,1039.47,563.36,1026.30,595.82,995.17,525.39,1016.92,582.07,1011.92,614.57,991.92,638.32,989.90,561.25,997.55,609.57,984.42,636.44,969.42,657.07,971.44,597.64,971.97,635.08,957.73,659.87,940.33,675.69
ND_Pj2tBxXRhnk_frame005001_r.jpg,0,953.25,143.12,897.62,111.88,813.94,70.89,755.75,131.25,700.75,160.62,684.62,159.73,618.87,189.59,652.62,200.62,718.25,196.25,710.93,217.63,664.50,245.00,753.35,240.23,822.62,208.12,756.72,257.10,712.67,289.20,783.04,249.73,850.41,198.68,802.03,272.96,827.37,242.11,853.74,220.74,878.91,199.84
ND_Pj2tBxXRhnk_frame006751_r.jpg,0,852.94,776.54,784.01,766.35,725.72,783.00,685.72,788.45,639.26,788.99,709.23,850.05,667.38,883.66,631.05,878.79,593.98,876.12,741.63,861.64,688.65,857.59,667.99,814.82,657.99,777.09,766.17,856.91,723.90,827.09,716.78,778.70,714.35,736.64,792.93,837.70,763.43,808.88,753.14,776.64,746.96,743.02
ND_Pj2tBxXRhnk_frame016001_l.jpg,0,1349.37,591.48,1278.99,602.01,1209.16,609.77,1189.62,670.50,1189.62,713.00,1185.88,718.94,1176.16,788.97,1197.52,771.69,1209.34,741.24,1227.45,746.10,1247.98,768.51,1261.16,735.78,1258.43,703.97,1279.34,750.78,1304.80,736.69,1316.16,709.42,1302.98,691.24,1319.80,750.78,1334.34,739.42,1337.52,718.97,1330.25,705.78
ND_Pj2tBxXRhnk_frame021501_l.jpg,0,1308.00,446.00,1198.75,406.23,1135.89,413.37,1072.68,460.56,1045.76,491.33,1198.84,295.94,1214.22,184.40,1131.91,163.63,1053.56,185.58,1276.53,359.79,1220.38,292.87,1125.76,319.02,1031.11,369.91,1298.07,422.87,1234.99,452.10,1121.91,504.40,1024.22,560.56,1280.44,527.07,1194.18,553.07,1123.28,580.25,1051.20,615.70
ND_Pj2tBxXRhnk_frame036751_r.jpg,0,1264.13,292.59,1274.75,365.80,1282.02,411.25,1279.75,445.34,1271.12,463.52,1374.75,439.30,1353.95,500.10,1313.29,519.80,1283.29,524.80,1374.75,419.23,1350.37,506.50,1306.18,524.89,1265.21,532.63,1358.27,401.53,1340.26,475.30,1293.92,514.89,1255.86,537.15,1330.19,385.05,1314.93,435.71,1291.99,468.04,1263.75,500.98
ND_PjLdynwZ1jU_frame000001_r.jpg,0,224.67,398.14,256.16,363.16,287.74,321.05,314.58,289.47,334.05,253.68,197.21,238.95,180.89,187.37,168.79,155.26,158.26,122.11,170.89,254.74,143.53,218.95,128.79,187.37,114.69,152.20,147.74,274.21,122.47,253.68,114.58,238.42,121.95,211.58,133.00,305.79,114.58,303.68,103.53,285.79,114.58,280.53
ND_PjLdynwZ1jU_frame001251_r.jpg,0,116.23,606.42,108.38,616.78,100.52,621.06,92.66,623.56,83.02,626.78,130.21,666.09,137.31,686.09,143.76,699.31,150.85,714.15,142.92,660.30,165.05,680.28,184.40,688.99,201.18,687.70,152.33,650.89,173.11,660.93,190.53,666.09,207.63,664.80,160.27,637.95,174.69,647.36,187.92,652.95,202.47,649.96
ND_PjLdynwZ1jU_frame001501_r.jpg,0,99.79,571.36,119.07,563.50,142.64,560.64,175.86,559.21,193.71,561.36,141.42,567.52,172.21,567.78,192.80,566.65,207.67,566.74,142.21,586.06,177.80,585.77,201.97,583.57,221.38,581.24,144.00,604.79,176.03,605.77,196.62,604.30,214.27,600.77,137.99,618.67,172.50,619.32,185.73,616.74,200.57,611.58
ND_PjLdynwZ1jU_frame002251_r.jpg,0,179.99,613.00,197.99,607.00,216.74,606.00,246.99,619.75,258.74,626.25,220.99,601.25,248.74,616.75,265.99,625.50,279.74,632.50,211.49,616.25,238.99,631.00,253.99,638.50,276.74,648.00,205.99,630.00,232.74,647.75,250.74,654.75,267.49,659.50,200.74,646.00,229.49,662.25,245.74,667.75,256.99,670.75
ND_PjLdynwZ1jU_frame003251_r.jpg,0,163.10,696.97,174.53,685.54,191.67,674.11,215.60,659.82,233.10,649.47,215.07,713.55,246.89,693.42,262.03,670.18,268.45,655.90,238.24,725.10,258.64,701.80,277.76,674.74,286.29,655.62,253.40,733.17,272.75,717.68,286.95,697.68,299.53,678.97,261.14,736.71,276.62,711.23,280.49,699.29,283.72,684.78
ND_PmEotuOKOOw_frame005084_r.jpg,0,1154.00,796.23,1074.82,670.83,1005.60,584.70,874.87,466.27,788.73,341.68,994.84,357.06,901.01,267.85,785.66,226.33,676.45,243.24,911.78,413.97,802.00,349.23,734.90,384.75,677.99,438.58,864.10,501.64,776.43,452.42,723.00,507.23,727.00,573.23,822.00,597.23,746.00,549.23,700.00,571.23,690.30,636.99
ND_PmEotuOKOOw_frame007775_r.jpg,0,1086.00,814.00,969.20,623.16,907.71,516.49,836.18,429.90,783.47,380.96,964.31,395.46,929.69,362.38,871.23,367.00,817.38,373.92,925.08,456.23,842.45,428.65,764.65,429.90,678.06,432.41,910.46,533.15,824.31,530.85,749.69,533.92,678.06,537.82,912.00,616.23,827.38,596.23,763.54,586.23,702.00,578.54
ND_PnptPHHaJ_I_frame010765_l.jpg,0,-63.43,983.43,67.43,768.86,225.10,629.88,375.81,595.34,485.69,499.58,316.15,479.18,452.73,436.79,559.43,440.86,656.81,455.63,367.96,574.94,473.14,538.83,574.43,537.86,656.81,554.53,361.43,668.86,491.43,640.86,583.43,630.86,656.81,637.73,380.52,760.18,450.66,748.16,507.58,745.86,577.58,742.78
ND_PnptPHHaJ_I_frame011064_r.jpg,0,786.00,1548.00,672.00,1142.00,649.00,1047.75,623.00,991.75,576.85,924.12,712.64,993.27,682.47,805.93,656.06,685.22,642.23,582.12,863.52,1047.33,898.73,843.65,890.67,749.17,835.33,712.50,1003.00,1148.50,985.00,962.50,953.00,852.50,889.00,792.50,981.00,1090.50,998.05,963.09,970.39,916.57,950.28,902.74
ND_PssP_Xz1cCs_frame001201_l.jpg,0,923.40,801.59,949.60,758.84,966.60,713.59,971.00,680.79,958.20,622.39,1045.80,714.79,1067.80,684.79,1094.60,687.59,1074.20,701.19,1056.20,747.19,1089.80,737.59,1115.80,727.59,1102.60,749.19,1059.00,775.19,1089.40,767.59,1122.60,755.19,1109.80,779.59,1063.10,798.84,1095.60,794.34,1126.20,788.79,1116.20,805.59
ND_PssP_Xz1cCs_frame005401_l.jpg,0,1008.33,671.00,947.67,615.00,922.33,589.00,893.67,567.67,857.00,553.00,950.76,508.00,893.33,481.08,861.83,491.58,831.83,521.08,978.52,519.89,930.37,519.89,886.19,558.41,860.70,595.79,996.64,555.01,951.89,569.73,917.91,613.35,896.39,639.40,1022.17,591.50,977.95,613.91,960.83,628.83,948.83,643.08
ND_Pv1TWxPAVCk_frame000751_l.jpg,0,1196.93,-96.90,1187.93,-18.07,1183.27,25.93,1177.27,73.27,1170.60,117.27,1241.50,102.85,1239.27,165.27,1203.93,189.27,1163.27,201.43,1195.93,97.60,1187.93,142.27,1155.27,164.93,1122.60,180.93,1164.87,59.73,1128.47,81.33,1091.27,96.13,1055.27,106.53,1152.87,33.33,1127.27,46.13,1096.87,55.33,1067.27,64.53
ND_Q4sDBRVFcsA_frame000479_r.jpg,0,202.20,672.00,137.25,663.24,85.36,646.10,52.04,645.15,19.66,641.34,43.94,693.71,5.00,703.60,-19.40,710.40,-46.20,717.60,52.51,713.23,6.20,723.20,-24.20,731.20,-57.40,738.80,66.20,724.00,31.00,732.00,2.60,740.00,-25.80,747.60,87.40,732.00,64.60,740.00,38.60,746.80,9.80,752.40
ND_Q4sDBRVFcsA_frame000957_l.jpg,0,719.60,710.77,670.46,682.77,642.74,663.91,607.89,678.20,576.46,696.20,616.93,709.80,584.53,716.34,569.24,717.55,553.74,717.30,623.08,725.09,595.08,730.64,571.30,731.31,545.75,725.98,630.86,737.31,601.30,741.53,576.19,742.64,557.75,739.53,635.75,749.76,609.75,755.31,591.97,756.87,569.08,753.76
ND_Q4sDBRVFcsA_frame001435_l.jpg,0,780.50,626.50,746.83,561.83,727.50,519.83,710.33,487.92,689.00,452.92,784.16,468.78,755.17,448.55,739.31,431.59,716.89,414.09,792.91,484.64,744.78,487.38,715.25,522.92,699.94,554.09,801.66,505.97,757.36,511.98,737.67,548.62,739.86,565.03,815.88,537.14,775.95,539.88,758.45,560.66,756.81,574.88
ND_Q4sDBRVFcsA_frame003108_l.jpg,0,802.93,602.17,791.05,559.00,789.60,547.50,785.27,540.83,777.93,533.50,792.93,581.50,783.00,594.25,770.00,599.25,753.50,602.75,787.27,610.83,779.60,622.83,763.00,627.25,737.50,631.25,762.00,637.25,746.00,647.75,726.27,660.17,697.60,669.83,743.27,639.83,724.27,648.50,708.60,657.50,688.27,663.17
ND_QAvAQ1elBOU_frame026014_r.jpg,0,2193.00,1352.00,1833.00,1282.00,1721.00,1192.00,1663.00,1094.00,1586.67,958.68,1892.33,1008.50,1682.42,866.71,1555.18,739.48,1425.50,626.17,1921.33,949.33,1724.33,876.50,1650.33,991.50,1627.33,1072.50,1930.00,889.33,1769.00,975.00,1781.00,1090.83,1793.33,1197.50,1931.33,926.83,1842.33,971.83,1851.33,1086.83,1870.33,1175.83
ND_QAvAQ1elBOU_frame044851_r.jpg,0,660.00,799.53,742.67,711.53,794.67,650.20,813.33,590.20,813.00,516.28,724.58,566.44,775.85,497.23,831.40,467.32,892.92,450.23,754.49,604.89,863.87,590.37,886.00,656.83,845.00,676.17,770.73,645.91,867.29,650.18,878.00,685.50,830.67,705.83,780.13,697.18,860.47,685.93,867.00,719.17,811.27,741.53
ND_QFh2m9yNL4Y_frame000001_l.jpg,0,758.78,536.56,727.83,519.66,718.40,515.09,708.22,511.04,696.11,507.66,733.63,527.20,708.43,545.05,693.23,547.02,677.45,546.58,741.40,546.31,706.78,560.36,690.56,560.58,675.45,557.47,742.45,562.90,712.00,574.23,695.00,573.24,680.78,569.24,739.72,575.07,712.78,584.58,699.45,583.47,687.67,579.47
ND_QFh2m9yNL4Y_frame013157_r.jpg,0,922.54,614.56,849.06,553.61,768.07,492.66,709.62,456.75,657.85,418.34,871.60,399.97,826.00,368.50,803.20,392.50,786.40,418.90,920.03,435.04,874.11,427.53,833.19,441.72,811.49,465.10,942.57,468.44,896.65,465.94,859.08,475.96,842.38,495.16,955.10,496.00,919.20,495.16,890.10,502.85,874.11,522.71
ND_QFh2m9yNL4Y_frame014054_l.jpg,0,723.17,547.12,701.85,536.00,687.56,538.00,676.13,542.57,663.56,551.43,700.41,542.87,690.25,559.98,677.42,571.33,661.20,581.54,712.53,555.34,698.09,574.23,679.02,588.31,660.13,597.94,720.73,567.46,706.65,584.39,691.14,594.02,679.33,595.20,723.69,577.93,714.42,587.57,706.23,591.38,697.51,593.93
ND_QFqWbsTi_as_frame006001_l.jpg,0,1786.00,939.75,1748.60,948.07,1728.21,965.13,1667.76,950.91,1654.21,930.69,1685.90,1010.90,1635.51,992.98,1654.10,966.32,1680.60,969.32,1672.91,994.07,1622.80,966.74,1645.98,947.90,1672.60,954.82,1667.14,974.35,1612.20,958.34,1641.17,937.31,1665.60,940.82,1662.33,957.03,1621.20,938.34,1638.20,927.94,1666.20,927.14
ND_QKNf-bjdkUk_frame003901_l.jpg,0,885.20,835.40,835.90,840.35,808.14,846.54,803.49,869.12,803.40,893.85,858.40,847.00,847.60,864.60,840.00,877.40,827.20,898.20,868.00,872.60,833.20,908.20,812.40,911.40,798.40,901.00,868.90,901.66,833.38,923.57,812.00,920.60,798.40,912.60,878.53,919.92,845.66,942.17,823.41,952.79,802.40,965.80
ND_QKNf-bjdkUk_frame005401_r.jpg,0,427.67,56.17,534.67,148.17,617.37,236.69,600.67,321.67,576.54,398.90,596.67,386.17,593.67,491.17,564.67,454.17,558.67,410.17,493.67,402.17,518.67,358.17,521.67,315.17,514.67,268.17,406.60,364.70,434.67,336.17,442.67,300.17,441.67,265.17,341.49,338.21,366.67,315.17,377.67,286.17,382.67,254.17
ND_QKNf-bjdkUk_frame021001_l.jpg,0,984.89,912.79,1018.14,888.08,1046.44,862.48,1073.39,861.13,1100.34,860.68,1087.32,905.60,1119.66,911.89,1137.18,914.59,1157.84,920.88,1079.23,932.11,1109.50,942.93,1135.10,947.33,1162.30,951.33,1068.00,950.07,1085.90,961.73,1109.50,967.33,1137.10,973.33,1053.10,969.33,1075.50,978.13,1099.10,986.93,1123.10,988.93
ND_QNZl1VpyB_Y_frame006579_l.jpg,0,335.18,493.70,370.62,421.97,392.22,344.19,444.08,270.72,486.33,221.83,335.18,259.49,418.15,214.55,465.68,190.35,515.81,171.33,376.33,298.33,446.33,275.67,505.67,257.67,556.43,245.66,407.00,344.33,449.67,330.33,503.67,311.67,560.33,284.33,433.71,388.26,469.00,377.67,507.00,357.67,547.00,328.33
ND_QUejikgacfo_frame005701_r.jpg,0,259.95,650.92,190.32,637.28,125.72,619.33,60.00,609.00,40.31,570.53,186.02,503.77,146.54,448.50,122.14,413.33,106.34,382.47,222.62,487.26,214.73,420.51,179.56,391.08,160.90,378.88,244.16,489.42,235.54,428.41,208.53,414.60,180.93,407.80,248.46,496.60,232.53,454.20,217.60,442.04,197.73,441.40
ND_Qbw7Gpqv2FQ_frame000898_r.jpg,0,142.00,738.75,141.04,695.22,128.51,655.03,162.21,642.50,185.98,647.69,182.09,629.97,208.02,582.44,224.01,554.78,240.43,527.99,215.37,652.01,245.18,628.67,224.01,638.18,206.72,648.98,233.52,676.21,235.68,657.63,221.85,665.41,208.45,678.37,241.29,697.38,235.68,683.55,224.44,687.44,211.48,692.63
ND_Qbw7Gpqv2FQ_frame002094_l.jpg,0,136.50,467.63,176.11,490.48,210.39,508.00,232.86,531.99,257.99,559.80,247.71,480.58,274.75,498.10,294.56,513.33,309.03,528.19,234.00,499.00,246.00,539.67,248.67,571.00,245.33,611.67,201.33,513.67,214.67,550.33,210.67,581.00,204.00,618.33,172.00,515.67,182.00,545.00,180.67,579.00,180.00,606.33
ND_QdHQ235zmzw_frame036001_l.jpg,0,1140.22,98.39,1133.78,92.43,1127.20,87.32,1118.63,85.61,1111.77,83.04,1134.89,70.05,1131.49,65.88,1123.49,61.38,1117.24,61.88,1136.29,67.85,1131.49,58.85,1123.09,56.25,1114.69,56.65,1139.89,67.45,1137.49,57.25,1133.89,48.45,1129.29,42.25,1137.81,69.07,1135.23,60.69,1131.68,56.01,1125.72,51.34
ND_QdHQ235zmzw_frame050501_r.jpg,0,604.41,508.83,528.14,475.58,461.66,431.91,415.37,361.51,390.60,284.59,545.09,340.00,496.20,263.08,438.84,263.73,396.47,260.47,601.00,327.33,506.63,271.55,453.18,289.15,427.76,317.83,598.33,329.33,516.41,288.50,471.43,307.40,454.48,337.39,594.63,336.74,534.66,304.14,498.81,319.14,476.00,345.21
ND_QftCAzHtBGI_frame011401_l.jpg,0,252.38,359.21,303.46,301.17,353.77,243.12,418.78,227.64,466.76,186.62,438.67,265.67,483.79,250.86,513.20,234.61,548.02,203.65,453.33,301.00,506.00,271.00,453.33,249.67,397.33,267.00,428.67,333.67,476.67,295.67,421.87,288.01,366.67,302.33,420.33,382.43,415.68,334.44,373.89,329.80,336.00,348.33
ND_QftCAzHtBGI_frame027901_l.jpg,0,-144.00,594.00,8.00,597.50,128.43,566.09,184.06,513.54,245.88,475.42,121.21,482.63,233.51,463.06,283.00,451.50,323.00,440.50,83.09,412.58,172.73,341.49,277.82,303.37,357.15,288.94,18.19,362.09,59.40,299.25,146.97,247.73,219.09,226.10,-27.15,338.40,-5.00,269.50,24.37,249.79,75.88,238.46
ND_Qhl-y-C6S74_frame000898_l.jpg,0,611.73,637.31,545.46,617.51,444.91,589.32,389.30,582.47,341.00,583.50,447.00,606.50,369.00,594.50,318.00,642.50,292.00,693.50,474.62,673.88,401.49,692.92,357.31,708.15,333.00,718.50,497.47,707.39,431.20,723.39,395.00,735.50,356.00,745.50,521.84,727.96,481.00,748.50,452.00,753.50,416.00,757.50
ND_Qhl-y-C6S74_frame005981_r.jpg,0,80.55,230.96,102.64,239.72,127.78,248.29,135.21,265.43,144.35,282.00,113.12,271.90,124.33,286.50,129.67,290.50,135.33,295.17,101.31,285.80,116.00,297.17,122.33,303.50,128.67,306.83,94.65,290.76,108.93,299.71,119.08,302.29,128.83,301.04,89.12,291.71,99.41,297.42,107.60,297.23,118.83,295.79
ND_Qhl-y-C6S74_frame006280_r.jpg,0,503.55,260.64,523.35,244.68,540.18,233.16,558.20,232.57,573.27,228.14,557.02,243.50,577.11,245.57,593.36,247.05,608.72,249.41,559.68,258.27,581.54,259.75,601.63,261.23,619.06,260.93,558.80,272.75,578.29,276.29,596.61,278.06,613.15,277.77,554.07,282.50,575.17,283.67,590.83,284.00,606.50,283.33
ND_Qn0V3NGo9I0_frame003001_r.jpg,0,741.67,736.58,699.67,707.08,652.67,676.58,590.17,669.58,551.17,665.58,635.17,700.58,569.67,695.08,549.67,695.08,528.17,694.58,632.67,718.08,573.67,715.58,548.67,715.08,523.17,712.08,632.17,739.58,578.67,739.08,550.67,736.58,524.17,735.58,634.67,754.58,594.67,756.58,571.17,757.08,549.67,757.08
ND_Qn0V3NGo9I0_frame013501_r.jpg,0,980.00,1099.00,712.00,1021.00,492.00,839.00,534.00,711.00,597.83,603.61,854.48,751.72,844.26,624.04,722.96,544.87,615.71,525.72,966.00,731.50,911.94,566.58,746.00,505.50,636.00,543.50,990.00,728.50,858.00,578.50,755.00,572.50,666.00,598.50,1002.00,728.50,910.00,621.50,805.00,617.50,691.00,636.50
ND_Qq7OJbtMst0_frame001496_l.jpg,0,839.00,-133.50,821.00,-45.50,804.22,87.09,816.25,169.44,802.37,262.90,936.53,110.22,943.01,228.66,944.86,311.01,952.00,374.50,995.00,105.50,996.68,221.26,988.35,301.76,973.00,369.50,1018.00,101.50,1027.21,201.83,1024.44,279.55,1023.51,347.10,1024.00,80.50,1034.00,158.50,1035.00,209.50,1038.00,257.50
ND_QqYYe8PKi-s_frame000001_r.jpg,0,1502.00,1613.00,1282.00,1361.00,1130.00,1237.00,992.00,1029.00,832.00,913.00,1266.00,1099.00,1168.00,767.00,1100.00,607.00,1038.00,445.00,1466.00,1063.00,1410.00,663.00,1222.00,555.00,1154.00,611.00,1586.00,1063.00,1550.00,805.00,1492.00,659.00,1290.00,535.00,1670.00,1077.00,1644.00,927.00,1610.00,827.00,1570.00,733.00
ND_QqYYe8PKi-s_frame001501_r.jpg,0,1362.00,1551.00,1070.00,1425.00,880.00,1243.00,751.93,1074.99,644.00,939.00,1020.79,1046.61,913.91,829.52,843.78,684.23,781.99,562.33,1326.00,949.00,1296.00,709.00,1204.48,493.86,1072.55,413.71,1402.00,927.00,1274.00,695.00,1180.00,675.00,1076.00,703.00,1496.00,917.00,1396.00,793.00,1262.00,801.00,1168.00,835.00
ND_R2skBTafglM_frame000300_r.jpg,0,330.02,209.49,320.52,215.00,310.61,219.20,302.50,224.61,295.89,229.01,295.59,209.79,289.29,215.70,289.39,225.91,292.09,233.01,296.59,212.99,290.39,220.55,293.84,233.10,302.39,236.92,298.39,217.28,292.89,222.70,297.66,231.46,307.30,231.64,300.75,219.28,296.75,223.28,300.21,227.64,305.84,228.37
ND_R2skBTafglM_frame002094_r.jpg,0,276.12,274.19,290.36,263.17,298.28,252.30,307.98,249.86,319.12,250.14,300.83,267.61,307.41,269.08,311.84,270.02,317.21,271.63,303.25,277.68,313.72,279.56,322.32,279.96,329.84,277.95,305.13,285.33,315.33,286.54,323.93,284.93,331.45,282.78,306.61,290.03,315.60,291.78,323.93,292.31,331.98,292.58
ND_R2skBTafglM_frame007775_r.jpg,0,311.09,249.60,318.51,251.03,324.51,253.31,327.66,256.74,333.09,259.31,309.87,269.40,321.87,279.65,329.62,278.65,335.87,276.65,308.03,272.63,312.55,283.44,328.30,287.94,336.30,282.94,307.66,279.23,314.55,287.29,325.28,288.52,332.73,285.06,306.55,283.06,308.27,290.46,312.79,292.41,318.16,292.65
ND_R2skBTafglM_frame008672_l.jpg,0,395.85,228.13,379.89,218.46,371.54,207.33,356.16,206.45,346.63,211.28,366.56,199.42,346.63,200.29,339.75,204.98,336.09,210.70,363.77,204.10,345.02,206.74,337.55,210.55,335.06,215.09,361.28,211.87,345.32,212.89,339.75,218.17,335.79,223.00,362.89,219.04,348.54,219.78,345.02,223.29,339.75,230.62
ND_R2skBTafglM_frame008971_r.jpg,0,546.89,208.83,538.60,219.11,534.89,228.54,532.03,236.54,529.46,242.26,523.46,217.97,511.17,222.83,513.17,235.40,518.89,242.54,525.17,221.40,520.31,229.11,524.89,235.97,533.74,239.40,532.03,221.11,531.46,227.97,535.46,233.11,540.03,236.26,536.03,220.54,537.74,226.26,540.31,228.83,543.46,228.54
ND_R2skBTafglM_frame012858_r.jpg,0,84.00,240.83,158.00,220.83,200.00,242.83,226.00,266.83,252.00,296.83,204.00,165.83,267.00,242.83,306.00,284.83,354.00,308.83,206.00,189.83,310.00,273.83,293.00,348.83,247.00,400.83,224.00,215.83,274.00,341.83,224.00,368.83,160.00,382.83,230.00,256.83,251.00,312.83,223.00,350.83,181.00,361.83
ND_R2skBTafglM_frame013157_r.jpg,0,519.00,-32.50,456.00,34.50,427.00,101.50,431.00,148.50,439.00,216.50,461.00,108.50,451.00,161.50,444.00,199.50,437.00,240.50,510.00,109.50,503.00,179.50,499.00,228.50,489.53,280.25,569.00,110.50,581.00,160.50,567.00,205.50,508.57,217.03,645.68,142.38,631.21,172.85,599.22,180.47,548.95,157.62
ND_R48Nmi7S76Q_frame000898_l.jpg,0,701.71,495.71,673.43,494.29,646.65,492.15,631.44,490.57,615.54,498.29,651.19,482.62,633.94,496.70,625.53,512.14,620.31,525.76,659.14,493.74,641.65,509.64,633.43,522.57,627.14,535.71,670.04,503.28,652.78,517.13,642.11,531.43,633.25,543.70,678.89,513.04,666.40,522.81,654.60,532.80,643.70,541.42
ND_R48Nmi7S76Q_frame014054_r.jpg,0,1202.00,1236.00,930.00,1078.00,778.00,876.00,660.00,704.00,540.77,578.11,919.14,683.31,743.79,463.67,601.68,435.99,487.24,452.60,1029.88,594.72,813.93,395.38,688.00,482.00,620.00,626.00,1105.55,591.03,918.00,514.00,826.00,586.00,790.00,706.00,1146.16,592.87,998.00,586.00,920.00,632.00,886.00,714.00
ND_R48Nmi7S76Q_frame019436_r.jpg,0,462.20,495.23,489.68,500.46,515.85,503.41,543.33,514.17,561.33,529.83,527.63,510.93,547.26,523.04,561.33,540.70,571.00,553.83,509.67,523.83,531.55,545.94,545.67,561.17,557.67,574.17,493.33,537.50,512.25,559.68,523.05,571.46,535.15,582.58,477.00,543.50,492.95,564.91,504.07,576.36,514.87,582.58
ND_R48Nmi7S76Q_frame020034_l.jpg,0,582.20,502.80,558.60,513.60,540.18,525.58,529.69,544.17,524.26,561.31,525.78,540.41,516.33,557.16,509.69,584.74,507.97,600.17,537.60,549.64,528.54,576.17,526.54,591.03,525.40,607.31,551.99,553.94,547.27,576.29,545.97,591.03,544.26,604.46,567.89,559.74,563.69,577.03,562.54,587.89,561.97,599.03
ND_R64buC-8tcg_frame002101_r.jpg,0,809.38,-216.61,917.01,-152.38,997.98,7.15,1022.15,107.45,1076.53,212.59,854.38,-11.61,885.62,145.89,918.22,230.72,919.43,306.85,748.75,-6.05,755.07,165.46,826.37,236.76,893.89,206.73,682.92,-10.22,672.89,154.58,772.08,165.62,855.42,131.45,633.75,-7.72,637.85,102.62,674.10,126.79,725.42,111.45
ND_R9zPPOQLq0w_frame000599_l.jpg,0,1576.90,1837.62,1536.90,1714.29,1453.57,1430.95,1263.57,1144.29,890.24,994.29,990.24,1814.29,651.07,1879.29,516.07,1624.29,494.40,1455.95,1218.57,2070.95,618.57,2030.95,375.24,1857.62,301.90,1694.29,1071.90,2174.29,808.57,2147.62,588.57,2097.62,455.24,2007.62,951.90,2270.95,755.24,2244.29,568.57,2187.62,481.90,2124.29
ND_Rg-6AG0J05k_frame001795_r.jpg,0,907.00,612.25,835.00,601.25,757.00,592.25,712.00,593.25,643.00,599.25,745.00,455.25,709.00,421.25,644.00,382.25,565.00,343.25,738.68,383.72,651.25,460.58,636.25,527.25,629.58,582.25,738.09,415.49,655.00,445.82,650.71,509.39,651.43,564.39,746.32,446.07,684.56,421.96,682.21,466.66,701.03,523.13
ND_Rg-6AG0J05k_frame002991_r.jpg,0,515.30,236.88,509.14,309.96,502.22,369.96,482.99,401.49,434.53,405.34,358.37,373.03,359.91,416.88,364.53,434.57,366.84,451.49,349.50,306.00,359.14,362.26,398.37,368.42,427.60,346.11,360.93,260.29,359.14,318.42,389.91,328.42,415.30,313.80,380.21,223.14,371.45,276.88,402.99,290.73,427.60,276.11
ND_Rg-6AG0J05k_frame006280_l.jpg,0,632.26,907.05,606.07,938.00,597.28,974.58,597.02,1014.19,584.64,1067.05,671.78,1005.62,643.69,1061.33,612.26,1075.14,576.55,1078.48,665.12,1030.86,635.59,1058.48,610.83,1079.90,580.35,1087.52,649.40,1039.43,625.42,1061.22,603.96,1069.27,582.49,1070.00,638.78,1039.01,619.61,1051.10,605.44,1055.26,582.94,1050.26
ND_RisDBj7Gkt8_frame001496_l.jpg,0,1224.24,608.74,1195.63,562.06,1172.90,546.60,1155.17,507.51,1138.79,476.35,1222.12,485.22,1186.63,488.70,1160.01,502.97,1132.24,520.33,1240.25,503.74,1200.51,517.24,1164.64,543.09,1135.17,557.51,1257.60,526.88,1225.97,544.63,1189.71,568.16,1161.94,588.99,1275.35,553.12,1249.12,572.02,1220.96,586.29,1192.41,601.33
ND_RisDBj7Gkt8_frame004785_l.jpg,0,1076.48,786.81,1095.68,752.20,1086.45,718.35,1085.68,688.35,1075.68,656.81,1022.60,732.20,955.68,722.20,916.45,692.20,874.14,659.12,961.07,758.35,914.14,709.89,888.76,686.04,864.91,658.35,928.76,746.04,889.53,705.27,865.68,679.12,856.45,662.20,979.53,673.74,980.30,612.20,983.37,563.74,993.37,521.43
ND_RisDBj7Gkt8_frame024519_r.jpg,0,504.75,547.68,538.71,521.65,560.61,496.26,587.90,495.63,617.10,499.12,600.28,481.34,641.22,486.74,658.36,500.39,663.09,512.97,609.80,506.74,649.16,515.30,634.52,538.33,620.24,542.97,607.26,534.67,638.69,549.90,627.26,554.66,613.93,551.49,598.70,559.74,622.82,571.48,615.20,572.43,600.60,570.53
ND_RnIQ7k1Enx0_frame000501_r.jpg,0,1013.45,158.28,846.06,72.44,678.27,37.60,547.50,26.00,380.83,4.33,468.37,194.77,358.54,232.25,256.36,244.43,126.04,267.25,491.97,282.75,378.24,314.94,264.50,312.80,133.59,312.80,559.03,362.11,442.62,381.47,324.59,383.61,205.69,391.00,674.38,439.41,582.36,445.44,499.03,459.89,361.25,451.00
ND_RnIQ7k1Enx0_frame001501_r.jpg,0,1070.27,182.50,1061.39,194.18,1053.01,201.67,1048.06,213.60,1043.59,224.33,1036.09,210.05,1034.60,225.41,1039.80,233.15,1046.41,238.87,1045.73,214.15,1046.66,228.71,1050.72,235.44,1055.74,242.48,1053.05,217.01,1054.53,228.08,1057.45,234.42,1061.77,241.03,1060.88,217.54,1061.51,222.62,1063.54,227.44,1066.08,232.65
ND_Roul3tgvDzs_frame000901_l.jpg,0,422.60,754.28,486.61,682.69,546.41,627.94,566.87,563.41,594.42,495.70,455.45,585.83,475.66,509.18,517.78,435.06,548.94,375.25,409.68,558.65,449.49,473.27,489.98,407.26,512.99,372.77,388.49,553.27,429.49,472.27,453.49,429.27,464.49,403.77,394.99,550.77,431.02,491.49,458.82,446.01,486.61,406.42
ND_Ry4Tao_uuVc_frame001251_r.jpg,0,394.73,757.59,335.24,736.59,316.70,714.36,266.59,712.20,220.70,693.36,203.36,689.61,122.96,682.39,49.79,676.06,-8.02,667.03,163.50,714.50,102.17,710.50,21.50,706.17,-17.83,695.17,154.17,722.50,105.18,717.59,38.36,718.05,4.73,712.14,151.50,737.83,103.36,734.86,46.83,734.50,13.17,732.17
ND_Ry4Tao_uuVc_frame041251_l.jpg,0,707.92,420.46,711.00,447.38,710.23,468.15,705.62,482.77,699.46,499.69,758.69,438.92,777.92,468.15,784.85,498.15,771.00,531.23,746.33,465.51,767.92,508.92,772.54,539.69,754.08,579.69,734.59,487.68,745.67,524.00,742.33,557.33,750.33,589.33,725.67,502.67,758.33,524.00,793.00,542.67,824.33,556.67
ND_Ry4Tao_uuVc_frame044001_l.jpg,0,798.45,-83.88,823.58,37.50,783.58,116.67,754.42,198.33,737.50,251.00,646.67,22.50,591.33,85.83,578.00,193.17,576.92,270.00,654.67,-14.83,590.00,44.50,612.00,152.50,642.67,272.50,688.67,-15.50,658.00,15.83,678.67,112.50,725.33,225.17,737.33,-30.83,734.00,-17.50,728.67,17.17,745.33,113.17
ND_Ry4Tao_uuVc_frame048001_l.jpg,0,416.00,533.25,387.46,505.75,375.79,485.09,307.29,487.66,270.15,494.32,424.33,467.60,439.36,470.80,399.31,479.76,339.88,483.16,428.89,514.92,442.10,513.16,374.81,522.16,310.26,523.58,442.47,535.38,440.62,562.42,375.28,565.98,318.27,563.16,433.47,574.09,433.96,600.57,391.77,607.92,350.99,611.31
ND_Ry4Tao_uuVc_frame048251_r.jpg,0,1170.49,490.55,1216.94,477.92,1213.06,454.58,1190.28,441.25,1177.50,407.92,1119.72,385.69,1126.20,438.25,1154.47,475.94,1194.05,500.92,1083.79,412.33,1093.22,462.28,1131.86,496.21,1181.59,511.70,1055.52,435.89,1071.07,484.43,1097.46,503.74,1130.91,504.22,1037.62,455.21,1051.28,497.15,1077.05,498.07,1096.59,496.70
ND_Rzdxdsnl2v4_frame004793_l.jpg,0,160.19,390.06,226.51,383.75,268.62,413.22,290.19,434.27,309.14,426.38,253.35,437.96,265.04,444.54,272.30,454.80,266.25,473.93,241.10,469.08,244.82,487.37,248.09,465.32,252.15,436.65,213.88,460.59,217.56,483.75,225.98,463.75,224.41,429.54,189.14,461.11,199.05,476.22,209.14,447.43,201.57,425.28
ND_Rzdxdsnl2v4_frame007788_l.jpg,0,1001.85,621.10,966.44,600.65,932.42,603.15,901.66,600.22,881.52,577.15,919.85,626.30,895.44,632.08,872.00,636.84,850.39,642.34,939.05,647.90,908.25,674.93,887.38,695.44,869.80,715.58,955.05,667.10,928.76,693.61,911.92,714.12,899.83,725.47,969.41,683.72,955.49,705.69,948.25,721.90,940.65,735.50
ND_S3FwHrbevMw_frame002701_r.jpg,0,172.17,1050.56,266.20,992.79,350.02,922.55,432.72,931.62,492.76,983.73,472.37,907.83,609.44,939.55,610.08,1001.92,532.58,1001.92,475.92,1041.92,616.23,1031.30,585.92,1061.92,522.58,1066.08,475.26,1091.44,600.26,1093.58,568.12,1116.44,520.98,1118.58,457.58,1121.08,589.25,1126.08,551.75,1146.92,503.42,1146.08
ND_S3FwHrbevMw_frame005101_l.jpg,0,650.30,266.20,676.13,332.54,705.46,398.17,748.05,463.81,775.28,526.65,798.33,328.35,822.76,419.82,812.29,477.77,819.07,525.43,832.54,319.08,882.81,384.21,863.26,460.32,830.77,506.14,846.07,317.91,890.49,375.83,857.68,433.08,833.13,454.97,843.01,330.44,848.42,380.85,846.07,417.91,824.30,438.72
ND_S4BcbHXwTZU_frame003001_r.jpg,0,1353.86,371.14,1259.50,248.00,1153.94,195.92,1015.37,195.92,946.08,187.52,1141.34,127.68,1040.56,167.58,973.43,242.57,940.83,299.85,1176.38,240.25,1070.12,260.25,997.71,302.57,937.71,376.86,1247.62,365.25,1146.38,334.00,1039.14,369.71,969.14,438.29,1222.00,445.43,1137.71,434.00,1069.14,434.00,1080.57,495.43
ND_S4BcbHXwTZU_frame003601_r.jpg,0,1375.00,656.00,1199.00,568.00,1015.00,432.00,685.00,356.00,577.00,402.00,813.00,98.00,591.00,126.00,513.00,198.00,527.00,318.00,769.67,308.25,583.00,290.00,551.00,394.00,643.00,508.00,769.00,456.00,619.00,438.00,545.00,516.00,667.00,582.00,761.00,558.00,633.00,546.00,595.00,604.00,709.00,632.00
ND_SEX237gKhNU_frame001496_r.jpg,0,443.75,49.17,620.99,116.04,807.65,150.43,876.42,290.42,856.77,405.86,979.57,273.23,1090.09,442.70,1183.42,548.31,1263.75,665.83,908.35,359.19,815.42,574.17,729.11,521.55,699.58,445.15,829.75,442.70,746.25,570.41,639.11,551.55,573.39,437.26,709.41,494.28,580.54,538.69,460.54,484.40,409.11,411.55
ND_SM90pgswOek_frame006251_r.jpg,0,666.17,754.50,687.50,734.17,702.20,723.43,713.00,717.83,721.80,720.63,700.17,683.83,713.50,707.50,715.40,731.69,718.60,751.03,677.50,686.17,690.17,709.83,694.50,735.50,696.68,748.83,656.83,684.50,659.83,696.17,665.83,717.83,672.17,737.83,635.17,694.17,633.00,707.03,639.40,718.63,647.80,728.23
ND_SPhCzUZmwZw_frame000501_l.jpg,0,-82.17,65.00,-54.17,18.00,35.83,-24.00,160.83,26.00,261.83,88.00,174.83,-17.00,254.83,-3.00,301.83,71.00,301.83,160.00,170.83,33.00,225.83,83.00,255.83,133.00,276.83,210.00,106.83,71.00,159.83,132.00,190.83,183.00,207.83,247.00,48.83,96.00,102.83,154.00,130.83,195.00,134.83,240.00
ND_SPhCzUZmwZw_frame001001_l.jpg,0,513.27,660.91,502.55,647.27,493.24,639.87,478.74,639.06,471.49,642.42,483.57,631.95,468.00,635.84,459.67,643.76,454.82,647.74,483.04,640.00,468.64,646.69,466.97,654.60,471.68,656.88,484.25,649.00,470.34,653.92,471.57,660.38,476.32,660.01,486.26,657.86,475.52,661.49,478.95,664.22,484.34,663.45
ND_SbAZdCDqxXs_frame006579_r.jpg,0,330.75,566.50,320.50,505.00,352.50,436.00,372.50,375.00,382.50,333.00,440.50,471.00,450.50,381.00,411.50,326.00,381.50,311.00,449.50,496.00,469.50,404.00,426.50,355.00,369.50,325.00,449.50,515.00,452.50,430.00,434.50,395.00,400.50,373.00,448.50,525.00,431.50,448.00,412.50,420.00,397.50,409.00
ND_SbAZdCDqxXs_frame008373_r.jpg,0,858.30,1008.30,892.75,1010.00,907.75,1037.50,905.75,1084.00,913.25,1110.50,900.75,1059.00,913.25,1090.50,939.75,1085.50,956.25,1059.00,901.25,1098.00,936.75,1102.50,958.25,1088.00,981.10,1063.90,901.75,1105.50,936.25,1111.50,964.25,1094.50,973.50,1068.70,891.25,1094.00,924.25,1105.00,946.70,1092.30,955.25,1074.00
ND_SbAZdCDqxXs_frame011662_r.jpg,0,420.20,420.10,445.85,398.44,485.09,379.65,504.30,387.58,518.07,411.38,521.00,371.72,548.55,404.70,553.80,422.50,555.80,444.90,522.67,405.95,541.87,440.60,531.85,457.72,517.24,464.40,512.65,430.17,520.58,466.07,506.80,474.84,492.61,475.25,497.62,454.38,500.54,480.26,485.09,490.28,468.39,493.62
ND_SdFCd8W6Ogc_frame002251_r.jpg,0,841.75,710.00,870.75,683.00,913.25,664.00,986.75,648.00,1025.50,671.31,898.77,645.66,952.08,661.75,996.33,685.39,1031.54,701.99,887.20,687.91,940.01,708.53,990.80,719.09,1016.75,716.00,883.68,730.66,941.01,747.25,982.25,743.23,1002.75,735.00,884.68,774.41,931.96,780.95,964.15,769.88,985.77,760.33
ND_SdFCd8W6Ogc_frame008251_r.jpg,0,1159.00,-212.83,1202.00,-102.83,1198.00,-68.83,1186.00,-24.83,1158.00,16.17,1100.00,-121.83,1094.00,-67.83,1111.00,-9.83,1132.00,41.17,1037.00,-120.83,1034.00,-14.83,1071.00,47.17,1102.00,107.17,972.00,-111.83,957.00,-64.83,989.00,18.17,1034.00,77.17,913.00,-100.83,894.00,-44.83,919.00,5.17,942.00,29.17
ND_SdFCd8W6Ogc_frame009251_r.jpg,0,272.00,684.00,496.00,528.00,735.60,381.57,993.50,405.00,1198.50,430.00,812.28,593.09,1060.82,579.87,1222.11,564.01,1316.00,526.00,804.35,812.55,1052.89,791.40,1235.33,722.65,1356.95,643.33,780.55,971.19,1044.96,971.19,1214.17,889.23,1319.94,799.33,731.50,1066.00,907.47,1119.26,1055.53,1113.97,1161.29,1058.45
ND_SdFCd8W6Ogc_frame010001_l.jpg,0,1381.50,477.00,1454.50,315.00,1387.50,335.00,1268.50,411.00,1202.50,466.00,1562.62,636.26,1385.39,578.32,1209.87,508.45,1065.02,469.25,1509.79,782.81,1320.63,765.77,1151.93,648.18,1037.50,554.00,1370.50,846.00,1217.50,805.00,1070.50,642.00,991.50,515.00,1274.62,793.03,1157.04,764.06,1065.02,709.53,976.50,615.00
ND_SdFCd8W6Ogc_frame013001_l.jpg,0,1242.75,806.00,1191.91,746.44,1165.39,706.32,1140.16,675.92,1105.87,636.45,1214.56,653.92,1213.91,625.45,1208.09,604.10,1197.09,575.63,1251.75,682.00,1259.20,642.92,1246.26,623.51,1231.38,599.57,1268.25,722.00,1285.72,685.62,1268.90,674.62,1239.79,655.86,1284.75,759.00,1295.25,744.00,1301.25,732.50,1296.72,716.67
ND_SfGr5hnnP4U_frame001801_r.jpg,0,522.54,122.73,629.50,159.00,715.29,168.08,714.50,274.00,702.50,329.00,620.75,403.00,650.25,397.50,676.50,369.00,699.50,349.00,522.25,379.50,545.50,392.00,578.75,352.50,577.75,306.50,462.07,325.87,486.25,338.50,511.75,305.00,511.75,263.00,413.75,267.00,444.75,276.50,463.75,243.50,471.75,208.00
ND_SgoC6W-mTyE_frame002094_l.jpg,0,768.15,67.98,823.75,146.94,874.50,225.09,910.76,295.18,967.96,341.91,872.50,248.00,890.62,316.93,909.50,349.00,922.50,370.00,842.50,245.00,865.50,308.00,884.50,353.00,901.50,392.00,808.50,241.00,828.58,308.88,843.50,353.00,868.50,390.00,773.50,231.00,790.50,288.00,812.50,352.00,832.50,393.00
ND_SmyU_xMpz_s_frame000599_r.jpg,0,571.50,123.00,526.50,263.00,454.50,359.00,372.12,362.38,307.75,363.62,378.38,254.25,296.50,305.50,253.38,341.12,217.00,364.33,390.88,192.38,282.75,234.88,325.67,297.00,387.00,315.00,371.00,175.00,345.67,231.67,371.00,280.33,403.67,299.67,383.00,151.67,367.67,203.00,381.67,245.00,405.67,260.33
ND_SnaRjjN0G9o_frame000001_l.jpg,0,-436.00,1014.00,-228.00,998.00,-48.00,870.00,68.00,640.00,176.00,412.00,-296.00,354.00,-78.00,318.00,96.00,384.00,250.00,530.00,-254.00,462.00,60.00,502.00,180.00,598.00,168.00,764.00,-180.00,584.00,38.00,570.00,146.00,672.00,102.00,782.00,-120.00,676.00,24.00,642.00,74.00,692.00,62.00,772.00
ND_SnaRjjN0G9o_frame000301_l.jpg,0,-385.00,1019.00,-205.00,995.00,-55.00,853.00,77.00,589.00,157.00,361.00,-305.00,343.00,-101.00,301.00,115.00,339.00,265.00,427.00,-187.00,483.00,83.00,417.00,181.00,593.00,135.00,741.00,-135.00,619.00,31.00,571.00,97.00,687.00,87.00,821.00,-123.00,711.00,-47.00,691.00,3.00,737.00,19.00,847.00
ND_SnaRjjN0G9o_frame000601_l.jpg,0,-504.00,1130.00,-300.00,1094.00,-38.00,898.00,74.00,662.00,198.00,414.00,-396.00,446.00,-96.00,338.00,118.00,414.00,262.00,542.00,-304.00,564.00,-44.00,480.00,180.00,608.00,174.00,752.00,-254.00,642.00,-26.00,616.00,62.00,694.00,90.00,796.00,-200.00,740.00,-58.00,722.00,4.00,764.00,14.00,860.00
ND_SpeLYYz8RXs_frame003001_l.jpg,0,1294.06,808.29,1198.60,612.68,1143.83,446.79,988.90,388.89,887.50,307.00,891.87,485.92,776.06,402.97,853.50,359.00,938.50,390.00,830.84,612.68,752.59,521.91,846.50,501.00,950.50,529.00,848.05,758.21,809.50,642.00,880.50,602.00,931.50,629.00,876.22,877.15,874.66,770.73,931.50,737.00,977.50,764.00
ND_SpeLYYz8RXs_frame009001_r.jpg,0,1147.60,682.48,1211.75,691.50,1251.21,713.16,1301.75,791.50,1321.75,837.50,1271.83,738.31,1282.89,796.15,1290.94,843.42,1296.97,878.12,1229.08,756.92,1243.16,827.83,1240.75,842.00,1225.75,818.50,1189.34,767.98,1204.75,837.00,1198.75,845.50,1189.75,820.00,1154.64,775.53,1168.72,820.29,1178.28,829.84,1186.75,823.50
ND_SpeLYYz8RXs_frame009751_l.jpg,0,1537.38,647.62,1477.38,638.88,1417.38,628.88,1352.38,643.88,1290.50,636.38,1394.88,618.88,1341.75,641.38,1300.67,668.67,1286.00,687.33,1409.25,664.50,1354.88,708.88,1324.00,728.00,1317.33,708.00,1433.62,701.38,1382.38,744.50,1366.67,718.67,1392.00,704.67,1460.50,732.00,1426.67,757.33,1413.33,738.67,1436.67,722.00
ND_SpeLYYz8RXs_frame016001_l.jpg,0,1617.40,677.55,1553.67,677.67,1491.67,706.33,1469.67,747.67,1481.67,785.00,1517.32,701.69,1492.68,756.51,1477.09,803.28,1466.33,829.67,1568.62,720.80,1559.06,776.63,1524.36,820.38,1494.33,839.00,1603.32,748.96,1582.20,799.76,1557.05,826.42,1538.44,843.52,1620.42,765.56,1602.32,805.29,1581.70,821.89,1567.00,827.00
ND_SuC3ukH42uw_frame036001_l.jpg,0,1040.82,625.60,1011.33,548.67,960.00,508.00,886.67,491.33,810.67,485.33,853.00,506.01,777.11,498.34,788.00,522.00,810.00,532.00,831.54,558.90,762.00,540.67,786.67,530.00,799.33,541.33,833.84,620.23,760.67,591.33,776.00,572.67,793.33,567.33,852.24,673.13,817.87,652.80,797.07,640.40,786.27,626.80
ND_SuC3ukH42uw_frame087901_r.jpg,0,1213.55,531.24,1134.04,531.24,1062.31,530.38,1007.86,559.76,953.41,589.15,1029.50,546.50,984.17,561.17,940.83,591.83,910.20,609.89,1042.17,595.17,1002.83,609.83,968.17,615.83,922.17,642.50,1067.50,623.83,1040.17,628.50,1008.83,630.50,962.83,634.50,1101.50,661.83,1075.50,668.50,1046.17,669.17,1007.50,651.17
ND_SuC3ukH42uw_frame115201_l.jpg,0,1088.93,169.71,1038.62,146.12,963.94,117.82,923.85,144.50,907.85,205.00,891.85,105.00,825.00,147.00,824.33,189.67,845.00,205.67,888.47,130.40,815.36,183.86,803.40,238.20,815.80,265.80,896.33,177.57,831.87,213.73,828.60,251.80,842.20,270.60,911.27,224.73,860.95,242.82,827.94,269.54,812.60,283.80
ND_SuHDMr4ssio_frame003501_l.jpg,0,-298.00,1002.57,-125.50,919.07,36.50,844.07,197.50,663.07,357.18,493.79,-234.79,455.79,-5.21,218.07,94.33,109.10,186.59,39.47,-226.76,482.16,-100.50,182.93,-17.64,74.36,103.79,21.50,-219.84,511.39,-49.07,324.36,82.36,317.21,208.07,328.64,-202.15,540.62,-123.36,477.21,-41.93,445.79,43.79,448.64
ND_Sv2CIKIx-WM_frame000300_l.jpg,0,1412.14,1582.00,1222.14,1689.14,856.43,1709.14,446.43,1493.43,162.14,1369.14,535.71,1241.64,343.21,1009.14,253.57,889.14,173.21,774.14,702.50,1107.36,517.31,923.32,420.71,806.29,327.86,683.43,850.00,1007.36,702.14,849.14,606.43,743.43,510.71,643.43,982.14,906.29,863.57,780.57,782.14,717.71,712.14,664.86
ND_Sv2CIKIx-WM_frame000599_r.jpg,0,1112.50,-24.50,1053.50,170.50,976.22,312.12,772.84,475.52,654.64,600.68,699.83,136.55,541.65,383.39,553.82,532.88,583.37,633.70,567.72,16.61,409.54,261.71,463.43,421.63,545.12,492.90,524.27,-7.72,416.50,214.50,492.50,341.50,624.50,426.50,607.50,37.50,554.50,239.50,604.50,336.50,700.50,387.50
ND_T0pwg0f7hEk_frame000600_r.jpg,0,824.99,597.09,818.49,610.82,811.26,624.18,809.59,639.39,807.73,654.23,794.61,639.56,795.70,650.97,801.64,659.87,810.55,668.78,806.05,642.00,809.14,655.19,815.55,663.00,823.83,669.25,813.52,640.66,816.45,651.08,822.58,659.06,830.00,666.48,821.65,638.09,824.06,644.40,828.33,649.41,833.15,654.98
ND_T0pwg0f7hEk_frame001199_l.jpg,0,747.60,557.16,719.57,545.57,696.55,542.32,672.00,539.81,647.06,532.77,682.56,585.88,656.01,600.79,637.58,609.19,623.49,612.71,690.15,598.62,663.60,617.59,655.03,608.80,651.78,598.55,700.72,605.94,677.42,620.84,667.93,611.63,665.15,600.69,702.36,603.25,685.55,613.52,679.31,610.00,676.60,605.66
ND_T0pwg0f7hEk_frame007189_l.jpg,0,697.69,796.83,684.57,731.20,672.69,688.70,617.69,649.33,581.44,638.08,629.88,645.28,581.57,589.69,566.84,591.79,567.36,616.53,569.90,686.16,531.57,630.74,554.73,631.27,573.68,650.74,543.24,702.60,524.73,666.53,542.63,666.00,558.42,683.37,534.73,727.58,520.73,713.42,536.33,708.22,551.93,717.02
ND_T0pwg0f7hEk_frame008387_r.jpg,0,940.70,353.53,863.79,308.41,789.96,266.37,717.16,288.93,668.97,345.32,687.88,291.25,632.88,295.62,592.06,298.15,544.13,306.25,688.45,355.58,639.76,363.75,592.88,381.25,562.33,397.62,708.96,406.85,671.01,420.62,633.08,432.48,597.88,438.12,741.77,448.89,703.83,458.12,666.68,457.12,642.07,455.58
ND_T0pwg0f7hEk_frame014377_r.jpg,0,626.55,581.95,604.78,594.62,584.12,605.95,578.12,624.07,569.01,640.38,572.97,632.61,567.66,643.02,569.66,647.51,574.93,650.97,587.12,641.15,582.93,654.06,586.75,648.97,588.75,634.97,602.39,646.06,599.30,656.60,600.93,647.33,602.75,633.33,619.44,648.38,614.75,655.51,613.48,647.69,615.66,636.79
ND_T0qck5kvJ8I_frame009901_r.jpg,0,699.14,386.49,710.66,372.08,725.77,364.05,759.66,362.58,776.66,366.08,741.66,355.33,774.66,359.08,788.66,371.08,797.16,378.58,743.41,372.58,776.66,376.33,785.66,386.58,780.66,392.83,744.02,392.46,772.66,399.83,774.16,405.08,765.41,406.08,741.55,409.17,762.02,412.87,762.37,409.52,752.80,407.35
ND_T0qck5kvJ8I_frame018901_l.jpg,0,630.57,393.65,609.41,381.40,594.30,367.12,580.83,357.94,569.20,351.81,605.99,331.03,599.52,314.98,589.94,302.04,583.28,290.18,600.55,338.53,580.37,329.47,573.90,342.42,580.02,350.79,597.96,348.11,578.81,350.95,579.58,360.55,583.39,367.82,597.45,360.79,581.94,363.46,582.30,371.28,587.94,376.37
ND_T0qck5kvJ8I_frame021301_l.jpg,0,838.97,543.72,833.91,558.60,833.34,574.93,837.84,593.98,838.12,610.26,867.60,576.01,878.27,595.10,876.03,613.35,870.22,624.16,886.79,574.79,902.61,584.79,915.33,598.19,926.61,610.97,887.52,572.97,904.66,583.59,917.02,596.78,925.70,608.06,890.61,580.06,905.16,593.16,911.52,598.97,916.43,606.97
ND_T4VAtzlLtXk_frame001496_l.jpg,0,2308.08,-310.24,2136.65,-230.24,1912.36,-87.38,1792.36,118.33,1819.51,305.47,2219.51,-131.67,2153.21,80.69,2039.45,303.58,1960.51,440.57,2413.25,-63.26,2318.06,175.89,2171.79,366.27,2067.31,380.20,2545.59,-9.86,2455.04,257.15,2287.88,396.46,2176.43,380.20,2631.50,48.19,2587.39,303.58,2452.72,396.46,2336.63,391.81
ND_T4VAtzlLtXk_frame002692_l.jpg,0,2453.36,92.86,2351.93,221.43,2205.31,373.64,2125.40,650.47,2151.09,890.21,2757.64,-5.71,2656.24,399.32,2542.08,855.96,2438.71,1076.14,3004.43,221.43,2656.64,716.57,2338.07,760.86,2140.93,733.71,3081.49,422.15,2710.93,835.14,2485.21,735.14,2325.21,622.29,3081.49,576.27,2742.36,763.71,2548.07,700.86,2489.50,562.29
ND_T9uRmq0VjBM_frame000601_l.jpg,0,505.00,1225.00,447.86,1104.29,387.50,912.50,340.00,702.50,400.00,487.50,865.00,407.50,1122.14,207.14,1275.00,118.57,1480.00,35.00,935.00,707.50,1147.86,541.43,1305.00,467.14,1473.57,410.00,1010.00,972.50,1217.86,875.71,1356.43,808.57,1490.00,760.00,1023.57,1097.14,1210.00,1065.00,1292.50,1065.00,1362.50,1097.50
ND_TB6GY0koRGo_frame001496_r.jpg,0,328.00,102.41,402.53,95.38,453.62,91.16,485.50,112.25,507.53,125.84,461.59,126.31,494.88,152.56,521.12,176.00,541.41,196.23,443.01,150.23,461.81,173.03,475.41,165.03,461.41,139.03,419.41,163.34,440.61,175.03,448.21,163.43,436.61,145.03,397.84,174.59,417.01,172.63,411.81,156.63,397.01,143.03
ND_TCr_NYyRz0c_frame011281_r.jpg,0,391.27,134.21,376.99,132.00,366.39,129.27,355.32,127.04,345.07,127.17,360.83,113.74,348.96,114.37,344.97,120.25,342.03,126.91,359.99,117.83,350.38,118.43,345.70,124.00,345.83,129.57,360.26,120.96,351.80,121.93,347.73,125.77,348.49,130.84,360.62,123.92,353.90,124.23,350.33,127.28,351.02,129.82
ND_TCr_NYyRz0c_frame019921_l.jpg,0,335.57,80.55,329.29,100.41,326.05,116.42,323.21,131.01,318.55,146.00,300.80,110.75,298.63,123.19,298.36,130.75,298.09,140.21,288.90,101.29,286.74,113.19,287.28,126.16,288.36,136.16,279.99,93.73,275.12,104.27,275.93,113.19,279.64,125.53,274.85,84.00,265.39,89.94,264.85,97.78,270.93,105.88
ND_TCr_NYyRz0c_frame023521_r.jpg,0,220.11,246.51,226.84,248.43,230.78,261.14,235.78,276.31,240.83,285.17,205.13,282.91,222.98,296.09,237.71,292.62,247.39,289.71,205.65,296.26,225.75,305.62,239.97,296.78,244.82,286.90,209.63,301.63,228.35,309.26,237.89,300.42,241.35,291.06,216.22,305.45,228.53,309.95,234.77,303.54,237.71,294.87
ND_TF7LgMQiPuo_frame003589_r.jpg,0,866.27,511.98,892.69,508.41,916.98,499.48,937.08,492.37,956.13,485.03,892.17,471.88,919.87,480.44,935.47,489.62,952.23,501.09,879.23,484.52,910.99,498.35,930.65,510.04,948.78,521.06,872.30,505.02,905.18,520.60,924.92,532.53,941.21,541.94,871.30,524.52,897.84,536.43,911.61,544.24,926.52,551.35
ND_TF7LgMQiPuo_frame005084_r.jpg,0,580.29,788.86,601.71,660.29,651.71,566.00,766.00,463.14,824.57,411.71,597.77,565.12,734.55,510.74,848.86,473.14,936.00,451.71,656.00,701.71,851.71,603.14,1011.41,540.40,1128.41,492.61,734.57,780.29,923.14,706.00,1057.55,649.17,1171.26,579.95,803.77,861.75,938.90,833.74,1059.20,777.71,1144.89,693.66
ND_TF7LgMQiPuo_frame006280_r.jpg,0,905.94,553.05,924.87,543.77,949.02,537.44,969.14,536.24,993.46,535.34,927.37,490.91,932.80,466.27,942.11,453.36,948.42,440.74,904.08,495.07,900.21,472.82,903.11,462.17,906.34,449.59,893.11,513.78,887.95,497.98,894.55,485.07,900.85,474.75,883.82,537.95,878.67,532.43,876.91,526.84,873.38,518.31
ND_TF7LgMQiPuo_frame008373_l.jpg,0,1198.57,536.07,1182.16,516.34,1163.34,499.87,1118.95,486.22,1097.98,493.67,1199.81,496.64,1190.12,479.33,1173.85,475.74,1155.64,474.64,1195.64,506.91,1181.57,498.36,1158.40,494.50,1134.67,492.29,1192.33,525.95,1176.33,521.81,1153.71,516.85,1134.95,512.43,1188.47,542.78,1173.02,545.26,1156.74,543.05,1142.40,537.54
ND_TF7LgMQiPuo_frame016745_l.jpg,0,1002.32,551.73,969.74,520.76,960.70,491.41,953.61,462.70,953.93,432.37,961.67,465.92,969.74,426.89,976.51,401.08,982.32,382.05,978.12,472.37,991.35,425.92,997.15,402.70,1005.22,379.47,992.32,481.08,1003.93,435.28,1009.74,413.02,1014.25,394.63,1004.25,485.60,1009.41,468.50,1012.96,456.89,1017.80,440.76
ND_TF7LgMQiPuo_frame017343_r.jpg,0,742.53,965.23,775.40,979.17,806.28,996.60,823.71,1018.02,845.62,1032.46,763.45,998.60,767.93,1017.02,773.41,1039.93,778.89,1065.83,733.07,1005.07,726.09,1025.99,718.12,1053.38,706.67,1075.79,711.65,1010.55,699.70,1029.47,689.24,1049.89,676.03,1068.24,695.21,1010.05,680.77,1024.49,666.83,1037.94,653.12,1049.97
ND_THtF87rQn9k_frame000901_l.jpg,0,570.50,1056.50,724.35,1003.07,860.50,1023.64,960.50,1063.64,1047.64,1130.79,827.59,788.28,865.88,661.74,896.54,576.94,923.47,490.02,746.00,744.99,800.95,618.45,845.90,511.88,877.31,406.17,661.08,730.00,711.03,615.12,755.99,515.21,797.62,421.97,569.51,743.33,581.16,646.75,589.49,568.50,593.55,483.21
ND_THtF87rQn9k_frame004201_l.jpg,0,270.75,698.49,416.84,607.34,554.90,513.52,639.34,419.70,730.48,345.98,443.65,336.60,603.26,292.68,665.57,267.30,711.73,254.99,353.85,331.24,538.81,319.17,601.81,375.47,668.65,436.53,339.11,351.34,497.88,356.53,546.86,411.66,588.41,458.57,324.36,387.53,442.31,407.63,483.26,441.91,537.47,474.65
ND_TQUuMlnNTCY_frame004187_r.jpg,0,740.00,893.62,726.15,801.31,765.38,723.62,826.86,674.87,875.92,624.44,904.62,755.15,958.46,695.92,940.00,629.00,892.31,596.69,890.00,752.85,935.34,692.15,906.92,654.38,861.41,616.84,871.54,749.00,901.42,701.40,880.77,669.77,850.77,651.31,855.38,750.54,873.08,708.23,860.00,689.77,842.31,674.38
ND_TRqP64NyIGw_frame008074_l.jpg,0,1697.54,1554.46,1761.38,1591.38,1820.62,1651.38,1856.77,1732.92,1910.63,1770.71,1858.31,1750.62,1871.79,1810.32,1880.16,1851.45,1883.69,1909.08,1819.85,1761.38,1832.92,1799.85,1813.69,1825.23,1769.85,1830.62,1769.85,1769.08,1766.77,1809.85,1746.00,1823.69,1722.92,1796.77,1715.23,1765.23,1717.54,1809.85,1696.59,1795.08,1695.07,1765.38
ND_TSPO-4Llk7g_frame006001_r.jpg,0,1560.00,2442.32,1782.50,2387.14,1971.07,2351.43,2066.79,2331.43,2145.36,2305.71,1900.55,2105.84,2144.44,2067.90,2273.07,2147.79,2346.34,2188.49,1907.07,2150.79,2123.07,2147.79,2229.81,2207.46,2301.07,2272.79,1903.07,2197.79,2087.07,2192.79,2173.07,2221.79,2238.07,2274.79,1916.07,2252.79,2048.07,2235.79,2112.07,2240.79,2172.07,2262.79
ND_TSPO-4Llk7g_frame018751_r.jpg,0,697.50,2774.64,903.19,1977.72,1018.97,1612.56,1246.08,1550.22,1517.72,1367.64,1214.91,1625.92,1776.00,1354.28,1947.50,1270.48,2014.17,1247.14,1544.44,1951.00,2094.17,1547.14,2137.50,1443.81,1964.17,1513.81,1829.44,2227.09,2243.58,1844.12,2247.50,1660.48,2114.17,1617.14,2118.89,2316.16,2337.09,2084.59,2290.83,1953.81,2207.50,2023.81
ND_TSjzoozUXWU_frame000001_l.jpg,0,-475.00,1500.00,-441.67,1103.33,-338.33,720.00,-141.67,500.00,-51.67,340.00,151.67,720.00,408.33,613.33,608.33,516.67,848.33,440.00,321.67,883.33,618.33,776.67,845.00,710.00,1095.00,623.33,475.00,1076.67,768.33,986.67,958.33,910.00,1118.33,836.67,508.33,1283.33,728.33,1230.00,878.33,1193.33,1006.67,1144.58
ND_TW3uVV4V_kw_frame003601_l.jpg,0,1483.21,1255.36,1446.25,1125.80,1340.00,1040.80,1236.25,930.80,1158.75,837.05,1495.53,936.41,1397.09,830.31,1299.75,797.50,1205.69,788.75,1490.06,1027.19,1341.31,915.62,1206.78,881.72,1109.44,868.59,1411.31,1073.12,1303.03,999.84,1196.94,974.69,1124.75,961.56,1353.75,1123.30,1280.00,1072.05,1210.06,1043.59,1178.34,1031.56
ND_TW3uVV4V_kw_frame006001_r.jpg,0,2045.00,1198.33,1767.38,906.88,1540.27,703.14,1199.60,666.41,905.70,646.37,1291.67,794.58,1079.17,772.08,899.17,799.58,616.67,809.58,1281.67,1002.08,1061.67,1009.58,866.67,1022.08,616.67,1064.58,1269.17,1189.58,1041.67,1179.58,886.67,1204.58,699.17,1264.58,1356.67,1314.58,1201.67,1334.58,1094.17,1334.58,991.67,1317.08
ND_TXtd1Bbi-zY_frame002401_l.jpg,0,1206.00,-247.00,928.00,-207.00,728.00,-97.00,600.00,13.00,463.97,66.95,902.19,119.70,782.49,282.01,668.88,298.24,563.38,284.04,1046.24,182.60,879.87,355.05,808.87,326.64,784.00,239.00,1161.88,188.68,1129.42,371.28,984.00,363.00,922.00,283.00,1238.97,162.31,1322.00,217.00,1260.00,247.00,1190.00,211.00
ND_TXtd1Bbi-zY_frame005101_r.jpg,0,530.18,270.96,538.37,257.27,542.72,249.61,543.23,240.01,540.07,234.17,518.02,220.95,507.76,222.53,499.89,235.83,497.57,250.77,507.90,219.84,490.21,222.66,487.50,238.24,492.38,254.06,499.59,222.66,485.29,223.54,482.85,238.71,487.27,248.71,494.71,229.17,486.80,231.96,484.62,237.49,487.27,244.29
ND_TavSB9Bme4Q_frame000001_r.jpg,0,565.51,1240.67,584.25,1154.48,584.25,1067.54,532.53,1008.33,469.58,982.09,484.80,1091.94,445.91,1035.28,405.91,1007.50,352.58,991.94,455.91,1133.06,392.58,1075.28,348.13,1049.72,294.80,1037.50,420.36,1168.61,371.47,1146.39,327.02,1133.06,283.69,1118.61,439.25,1246.39,382.58,1229.72,340.36,1214.17,307.02,1197.50
ND_TavSB9Bme4Q_frame000901_r.jpg,0,335.96,603.99,269.60,535.81,211.66,492.10,179.10,537.51,175.96,557.63,279.60,590.35,253.23,564.90,223.23,563.08,165.96,550.35,283.23,619.44,242.32,617.63,245.96,573.08,293.23,584.90,275.05,662.17,223.23,652.17,231.41,597.63,282.32,604.90,295.32,730.01,255.96,719.44,233.23,665.81,287.78,658.54
ND_TgJslRHeRDI_frame004201_l.jpg,0,79.46,1040.57,266.96,969.32,529.46,916.82,681.96,830.57,793.21,749.32,149.46,679.32,360.42,486.13,556.50,409.32,740.71,369.32,85.50,629.66,322.01,419.43,524.16,455.81,784.46,565.57,95.61,633.70,280.71,444.32,495.86,492.20,601.96,608.07,136.04,666.05,303.21,496.82,404.46,500.57,465.54,603.38
ND_TgoHIF2boPE_frame008074_l.jpg,0,883.62,188.44,890.06,174.90,898.12,153.31,875.24,147.83,852.68,151.05,874.91,128.17,846.55,119.79,828.51,122.37,817.87,128.17,854.29,141.71,818.52,147.19,815.62,161.37,824.32,166.20,830.76,155.24,809.49,163.30,808.85,176.51,814.98,190.34,815.94,176.51,804.93,180.57,799.93,190.57,791.32,199.62
ND_TjKB6z4TU_Y_frame006280_l.jpg,0,581.59,471.97,554.93,466.74,520.64,463.88,502.55,456.26,488.74,441.97,520.64,500.55,505.88,512.93,496.83,521.02,485.44,526.64,535.88,515.78,523.98,528.16,508.26,538.16,494.45,543.40,551.59,523.40,541.59,540.55,529.21,547.21,516.36,550.55,564.45,526.26,558.74,537.69,552.84,544.04,543.50,549.12
ND_TjKB6z4TU_Y_frame007177_r.jpg,0,171.03,244.27,223.75,228.75,269.72,209.45,297.00,197.25,308.52,181.15,299.51,244.98,313.13,211.15,313.13,196.54,309.20,177.15,280.85,281.95,290.06,225.00,277.37,195.77,268.13,171.15,256.80,283.74,266.60,238.46,256.98,199.23,246.60,172.31,239.22,287.69,244.67,234.62,241.60,208.46,238.52,188.08
ND_U1MuY-IcElE_frame001201_l.jpg,0,766.03,780.41,729.81,666.42,648.25,594.86,670.15,516.73,650.48,449.30,490.48,629.30,438.30,553.87,411.59,492.63,391.59,449.30,557.14,604.86,540.48,563.75,597.14,525.97,661.59,502.63,662.28,591.01,668.25,541.52,683.81,483.75,729.37,464.86,743.31,606.76,751.19,564.00,763.57,513.35,772.70,449.30
ND_U2ZVUROwy04_frame053701_l.jpg,0,776.50,485.07,602.30,397.56,431.42,335.12,349.26,379.49,314.50,417.07,281.90,560.22,207.96,644.02,260.50,665.93,339.07,623.07,319.69,685.10,221.10,734.39,299.07,770.21,377.64,703.07,404.79,735.93,321.93,801.64,406.21,813.07,460.50,757.36,511.93,761.64,466.21,828.79,523.36,853.07,553.36,813.07
ND_UAPUd_TJVhk_frame001201_l.jpg,0,-277.00,609.44,-189.22,656.11,-14.78,588.33,85.22,555.00,186.33,533.89,-114.78,395.00,7.44,343.89,55.22,349.44,91.89,361.67,-104.78,432.78,-11.44,402.78,47.44,411.67,101.89,425.00,-90.33,483.89,-11.44,460.56,36.33,456.11,80.78,459.44,-69.22,523.89,-25.89,508.33,7.44,501.67,38.56,490.56
ND_UIO1fOmcpP0_frame003001_r.jpg,0,438.38,592.24,444.71,527.37,457.36,455.39,477.93,410.30,508.67,381.00,596.58,435.62,663.82,419.79,634.00,407.00,607.33,409.67,625.06,485.45,692.29,465.67,664.67,453.00,632.67,447.00,630.59,539.24,691.50,524.21,661.33,520.33,629.33,524.33,616.36,592.24,662.23,587.49,640.67,581.67,621.33,577.67
ND_UKbic4TVoWI_frame000001_l.jpg,0,-10.00,771.00,-41.00,602.50,-9.69,388.45,97.67,270.87,165.84,178.84,129.00,265.50,189.69,161.80,254.45,102.16,336.25,35.70,191.40,293.02,266.38,202.70,349.88,131.13,424.86,69.78,245.93,349.25,315.80,265.75,377.14,204.41,450.42,143.06,283.42,410.60,341.36,361.18,381.00,316.50,431.68,224.86
ND_UKbic4TVoWI_frame001201_l.jpg,0,-32.00,685.00,-58.00,459.00,-9.92,334.57,65.81,200.31,143.27,88.44,110.00,230.50,169.09,143.51,225.88,48.85,268.91,-13.11,174.25,265.72,243.10,164.17,320.55,59.18,367.02,-11.39,241.38,308.75,303.00,199.50,363.00,97.50,421.00,10.50,282.00,355.50,329.16,288.09,370.46,227.85,408.33,136.63
ND_UNXCyHO9crk_frame000001_l.jpg,0,387.49,294.96,365.08,268.16,341.79,246.84,329.48,268.60,316.30,284.86,364.64,277.39,329.26,292.99,317.40,293.57,333.40,283.23,369.91,298.26,327.94,305.07,331.07,296.90,345.40,289.57,370.79,314.74,332.73,323.23,338.07,309.23,348.73,305.23,370.73,323.90,355.40,327.90,352.40,321.23,357.73,313.23
ND_UOc0tHugCSM_frame029401_l.jpg,0,1294.86,935.71,1240.40,890.32,1187.59,835.03,1124.05,825.13,1070.41,837.51,1133.13,802.85,1039.05,804.50,993.67,829.26,965.00,844.50,1129.83,844.94,1038.00,828.50,991.00,855.50,972.00,880.50,1138.90,898.57,1048.13,881.24,998.62,901.05,977.16,921.68,1149.63,953.04,1092.69,948.08,1039.05,948.91,1004.00,952.50
ND_UOc0tHugCSM_frame042901_l.jpg,0,983.59,644.48,1025.98,537.73,1058.00,419.00,1114.00,331.00,1152.00,199.00,1232.00,453.50,1208.07,434.13,1126.00,453.50,1026.00,466.50,1222.20,551.86,1197.09,562.85,1055.80,587.97,945.91,598.96,1213.00,645.50,1140.57,675.88,1011.85,677.45,906.67,675.88,1178.25,737.10,1090.34,760.65,1005.57,763.79,925.51,748.09
ND_UOc0tHugCSM_frame045601_r.jpg,0,1107.88,338.64,1119.36,325.83,1130.22,314.96,1140.84,313.99,1147.55,314.60,1140.72,334.86,1153.17,333.88,1155.00,327.28,1153.67,319.50,1137.54,342.43,1147.31,335.35,1146.58,329.00,1144.01,324.61,1135.10,344.62,1141.45,338.40,1141.21,332.54,1140.60,327.90,1132.41,344.89,1135.59,340.72,1135.71,336.57,1134.62,332.78
ND_UOc0tHugCSM_frame045901_l.jpg,0,366.77,541.75,358.55,558.60,350.48,570.78,351.33,584.37,352.04,596.27,367.47,583.95,365.35,596.83,359.83,603.06,354.45,604.62,376.11,584.51,372.57,600.80,366.42,604.54,359.02,605.34,379.23,583.38,375.54,597.54,368.89,600.23,362.23,599.52,381.62,581.14,377.24,593.01,371.58,594.85,366.20,594.57
ND_UTvP4qpW2Lw_frame000601_l.jpg,0,470.00,-43.00,352.26,68.24,218.80,122.30,173.18,201.71,205.28,291.25,285.00,134.50,222.18,309.83,183.32,433.16,139.39,549.73,394.00,144.50,357.33,292.94,323.54,444.99,306.65,581.83,497.00,154.50,492.49,277.73,485.73,417.96,462.08,570.01,581.00,160.50,619.20,272.66,644.00,341.00,664.00,453.00
ND_UdTACw69Uzo_frame000601_r.jpg,0,553.00,501.67,492.00,484.58,438.00,473.58,407.50,451.08,376.00,414.58,486.50,414.08,438.00,395.58,404.50,392.08,370.91,395.21,461.50,453.58,416.00,435.58,377.50,424.08,336.50,423.08,454.00,474.08,405.00,465.58,374.50,461.58,339.00,458.58,449.50,511.08,399.73,503.49,373.37,491.54,354.50,477.58
ND_UdyLAIdZuI4_frame000301_r.jpg,0,168.33,-242.00,290.33,-192.00,350.33,-98.00,370.33,10.00,362.33,102.00,442.33,-4.00,444.33,140.00,438.33,242.00,424.33,334.00,416.33,6.00,330.33,210.00,278.33,294.00,230.33,356.00,348.33,18.00,238.33,238.00,170.33,226.00,118.33,224.00,262.33,30.00,142.33,246.00,72.33,254.00,28.33,228.00
ND_Uh5yhms9Zi4_frame001197_l.jpg,0,687.13,480.81,676.01,471.30,660.87,461.79,648.46,461.63,640.62,467.00,640.08,464.85,624.61,465.98,631.12,463.25,637.87,461.75,637.02,478.71,622.84,479.52,628.62,475.50,637.87,473.75,639.11,491.12,629.12,492.75,634.37,487.50,641.87,486.25,644.11,501.59,632.67,503.69,637.12,497.75,643.37,497.00
ND_Uh5yhms9Zi4_frame001496_r.jpg,0,780.97,626.50,794.56,595.91,800.51,569.29,823.40,571.80,844.60,563.40,863.10,582.32,848.65,584.87,836.19,587.41,824.86,591.66,867.91,611.49,852.90,611.20,840.16,610.92,825.71,612.05,863.38,635.84,848.37,634.43,835.91,633.86,822.88,633.58,853.47,659.63,842.27,660.50,829.93,659.83,817.60,657.83
ND_Uh5yhms9Zi4_frame001795_r.jpg,0,551.08,622.68,581.67,617.25,604.65,616.95,628.57,629.08,639.17,646.86,638.01,627.73,661.93,651.32,664.50,670.50,660.50,688.17,631.83,646.50,661.17,669.83,665.63,691.07,658.50,700.50,621.17,663.17,645.08,686.02,645.76,702.53,640.83,710.17,600.17,673.83,619.83,692.17,624.50,701.50,628.17,709.50
ND_Uh5yhms9Zi4_frame002991_l.jpg,0,1163.70,676.33,1151.94,582.27,1076.67,474.00,1018.67,445.33,962.00,416.00,1064.60,412.62,974.73,378.19,922.67,371.33,882.67,368.00,1022.61,457.97,951.22,447.05,976.00,480.67,1004.97,489.89,994.89,501.64,942.82,492.41,963.82,516.76,991.53,533.56,978.09,547.84,935.26,529.36,954.67,560.00,982.29,574.71
ND_UhAv7-4o3U0_frame000001_l.jpg,0,21.42,458.66,66.79,427.09,110.19,390.11,138.80,384.68,174.30,398.00,155.07,440.41,209.33,443.25,216.83,427.75,208.33,413.25,158.03,469.01,200.83,472.25,217.83,465.75,220.83,445.75,155.56,498.60,196.83,506.25,215.33,498.75,220.83,482.25,148.00,546.00,194.00,546.00,217.33,540.75,219.83,519.75
ND_Uhp_C25btmM_frame000901_r.jpg,0,325.80,611.01,275.68,547.05,230.73,492.89,187.52,472.73,164.47,464.66,246.29,454.29,185.67,453.33,156.33,454.67,178.33,464.00,230.16,509.03,204.81,515.36,166.78,531.50,187.00,522.58,237.65,556.27,192.50,569.58,209.50,564.58,243.00,560.58,244.56,606.97,210.00,613.08,231.50,598.58,253.50,588.08
ND_UpsFk183_Pc_frame001197_r.jpg,0,-170.00,-463.00,-134.00,-163.00,-106.00,47.00,-70.00,279.00,-32.00,467.00,61.17,40.49,224.36,264.36,364.55,473.59,513.10,630.51,234.00,-75.00,441.96,176.49,609.34,366.88,789.28,538.45,360.00,-143.00,567.50,67.69,707.68,201.59,812.30,356.42,492.00,-213.00,636.00,-131.00,732.79,-55.76,795.56,34.21
ND_UqHO2pvsvHo_frame000001_l.jpg,0,572.03,852.74,522.42,877.55,473.43,906.69,455.45,942.04,431.88,969.32,474.05,950.10,457.31,992.27,451.73,1018.31,447.50,1001.42,503.82,967.46,485.21,1021.41,471.57,1053.04,464.00,1074.42,536.68,973.04,525.52,1022.65,510.02,1057.38,497.00,1075.42,568.31,975.53,559.01,1010.87,547.85,1031.96,540.00,1014.42
ND_UqHO2pvsvHo_frame001496_r.jpg,0,55.13,336.47,109.67,341.67,182.55,350.69,210.42,386.52,240.33,433.67,184.25,378.56,229.76,444.55,253.65,490.62,272.43,520.77,147.28,408.71,191.08,483.80,219.52,525.89,237.00,507.67,109.17,436.58,151.83,503.71,181.41,535.56,195.00,515.00,73.90,458.77,113.72,509.96,145.67,521.67,175.00,515.00
ND_UzZXo5w3GxE_frame000481_r.jpg,0,1578.00,1315.50,1591.00,1216.50,1597.00,1158.50,1615.00,1088.50,1631.00,1027.50,1445.00,1108.50,1384.00,1072.50,1360.57,1016.04,1344.83,958.32,1412.29,1144.95,1349.33,1126.96,1374.81,1047.51,1405.54,1004.04,1416.79,1213.91,1455.01,1147.20,1536.71,1135.21,1600.42,1135.96,1449.01,1261.13,1483.49,1226.65,1544.95,1201.16,1590.67,1194.42
ND_UzZXo5w3GxE_frame016321_r.jpg,0,2984.61,849.64,2671.84,757.65,2319.20,736.18,2067.76,739.25,1785.65,742.32,2406.00,335.00,2150.55,432.61,2070.82,585.93,2009.50,708.59,2686.00,303.00,2304.00,601.00,2246.00,713.00,2322.27,822.04,2819.03,316.09,2509.32,552.20,2478.66,702.45,2530.79,852.71,2861.96,472.47,2690.24,579.80,2644.24,693.25,2650.38,791.38
ND_V1PXEaRz11c_frame001801_l.jpg,0,-201.00,672.00,-40.67,550.00,67.33,384.50,118.67,220.00,258.75,48.09,-105.00,24.00,59.00,32.00,148.00,87.50,216.00,163.50,-87.00,153.50,48.00,152.50,165.00,199.50,276.00,292.50,-63.67,254.50,37.33,236.50,135.33,258.00,242.33,316.50,-36.67,315.50,31.33,301.50,105.33,297.50,173.33,321.50
ND_V1PXEaRz11c_frame004801_l.jpg,0,-499.38,633.54,-165.63,601.04,45.62,539.79,156.87,342.29,365.62,279.79,-216.88,84.79,149.37,98.54,278.12,127.29,391.87,171.04,-193.13,187.29,63.12,222.29,11.87,327.29,-83.13,351.04,-131.88,298.54,3.12,286.04,44.37,354.79,-34.38,382.29,-84.38,409.79,10.62,406.04,11.87,457.29,-43.13,479.79
ND_V1zSNYio9Qs_frame000300_l.jpg,0,775.65,451.95,748.15,458.70,731.40,477.45,724.90,493.70,711.90,499.20,737.61,489.94,729.30,504.31,724.36,518.91,719.42,531.94,749.29,496.67,742.55,512.62,737.16,528.34,731.10,543.39,761.87,499.59,756.70,514.64,751.54,529.47,746.14,544.07,772.42,500.49,770.18,513.97,766.81,526.32,762.32,538.45
ND_V1zSNYio9Qs_frame000898_r.jpg,0,769.59,471.34,787.60,470.00,804.77,476.98,822.22,492.82,841.29,508.40,787.35,512.55,826.52,521.02,846.39,521.02,863.04,520.22,785.85,525.30,826.79,534.72,851.23,531.50,867.10,532.30,779.85,528.55,819.10,543.55,839.10,546.30,858.10,546.05,788.85,524.05,808.10,527.30,824.35,527.80,837.60,528.05
ND_V1zSNYio9Qs_frame003589_r.jpg,0,551.53,185.20,565.40,185.73,575.01,189.32,578.26,194.60,577.80,202.67,565.55,190.71,573.27,207.07,577.00,210.27,578.20,206.53,557.47,194.51,564.87,208.93,568.07,210.80,567.40,205.47,550.41,197.43,558.96,212.60,561.40,210.27,561.15,207.01,544.62,200.91,552.09,213.34,554.41,210.75,553.25,207.43
ND_V1zSNYio9Qs_frame005084_l.jpg,0,840.85,388.25,817.10,382.81,794.85,377.00,793.10,385.50,798.43,390.43,801.10,412.71,794.43,404.90,794.82,399.38,799.39,394.24,814.43,416.33,807.19,408.33,808.34,400.71,812.14,395.57,826.62,414.80,817.67,408.33,818.81,401.67,822.43,398.05,833.47,411.38,828.90,407.57,828.14,402.81,830.62,399.95
ND_V1zSNYio9Qs_frame005383_l.jpg,0,873.50,353.82,863.50,359.73,862.68,368.16,864.73,377.44,866.98,386.42,887.33,368.23,882.67,386.40,873.67,387.57,869.33,385.90,888.66,376.36,882.53,389.43,874.01,391.40,868.84,389.45,889.05,379.78,883.97,392.38,875.87,393.55,870.69,391.40,887.42,381.98,883.97,392.09,878.60,394.14,874.21,394.14
ND_V9uk-3AFJ2Q_frame000898_l.jpg,0,890.77,514.87,835.90,507.79,799.79,493.28,781.74,503.54,760.50,509.56,796.25,520.89,766.87,540.00,746.34,558.77,729.70,570.80,806.87,540.36,773.95,559.83,748.82,578.24,727.22,592.04,822.09,558.41,791.30,574.70,767.58,590.27,749.17,603.37,838.02,572.57,816.08,583.90,798.73,593.81,781.38,600.54
ND_V9uk-3AFJ2Q_frame001197_r.jpg,0,742.17,542.66,804.67,545.85,817.24,546.42,828.39,544.70,839.24,538.13,816.30,511.24,829.40,511.34,838.60,519.94,846.58,526.98,802.49,511.40,817.15,509.07,829.56,516.12,833.25,522.14,788.02,508.99,797.65,503.57,809.43,504.16,827.06,516.69,771.12,508.75,784.29,502.92,792.12,503.92,800.85,508.73
ND_VDXKIEXkWPo_frame000901_l.jpg,0,534.40,522.20,494.55,531.04,452.99,542.08,442.80,568.20,451.33,586.33,472.15,599.55,462.73,625.52,455.35,612.00,452.35,594.75,499.42,607.02,481.24,618.38,477.67,605.07,483.84,589.81,523.60,603.50,506.89,610.26,503.32,597.92,511.11,584.61,546.85,597.00,530.85,603.50,523.13,592.08,529.30,581.69
ND_VFBG3fxsWXs_frame000300_l.jpg,0,595.67,558.00,598.00,505.67,574.33,475.33,513.00,463.33,488.67,432.33,480.01,505.64,446.67,502.00,453.33,488.67,470.00,483.00,487.29,519.17,455.00,522.88,461.52,509.31,473.34,501.13,498.14,546.02,482.47,540.09,488.07,527.13,497.70,520.40,509.86,562.02,502.16,554.04,507.98,542.15,517.32,540.37
ND_VJEP7yBbrxI_frame005682_r.jpg,0,361.90,358.40,327.48,354.20,300.09,344.85,289.77,320.04,272.05,304.89,320.07,308.11,310.40,278.79,304.92,257.84,303.63,239.79,337.15,300.70,325.22,272.34,318.13,249.14,314.59,228.84,350.36,298.77,342.30,270.41,333.92,250.75,326.83,233.35,361.64,298.45,353.26,277.18,348.43,261.06,344.56,247.21
ND_VJKbCXhePho_frame003001_l.jpg,0,1732.67,257.00,1664.67,291.00,1623.33,319.17,1667.33,370.17,1710.76,423.22,1777.33,232.00,1880.00,207.33,1825.33,338.00,1722.67,490.00,1936.67,269.00,1895.00,402.00,1791.11,484.40,1697.00,503.33,2004.67,354.00,1910.72,477.09,1811.20,522.75,1766.46,504.48,2019.67,434.00,1922.59,530.96,1850.46,546.49,1815.67,546.00
ND_VJKbCXhePho_frame003601_r.jpg,0,441.17,-82.83,628.67,-77.83,707.67,-33.33,762.33,9.33,782.33,66.00,653.67,-116.00,693.00,-72.00,715.00,-43.33,750.33,12.00,583.67,-59.83,614.17,-28.83,644.74,32.07,693.78,118.12,531.17,-26.33,558.68,47.80,611.43,140.33,674.35,227.31,452.27,5.23,523.52,81.11,574.00,139.67,605.33,165.67
ND_VbRfDWT4DFk_frame000001_l.jpg,0,118.00,749.00,360.00,564.00,498.00,432.00,770.73,387.45,932.96,446.44,513.00,301.00,760.00,301.00,886.00,350.00,984.00,397.00,646.42,459.08,790.00,492.00,873.00,515.00,968.00,539.00,621.14,596.03,769.00,632.00,869.00,660.00,959.00,685.00,553.71,724.56,650.63,741.41,739.12,764.59,846.58,813.05
ND_Vh5-hgdh4zs_frame000601_l.jpg,0,347.00,140.50,273.67,198.14,246.67,271.31,263.72,328.86,298.53,362.96,384.00,209.67,427.83,274.16,444.89,342.36,444.00,412.33,434.13,238.94,458.99,301.80,465.59,358.80,474.59,430.73,450.13,201.51,475.50,280.00,485.50,328.00,483.96,402.04,443.84,223.23,466.91,284.81,461.50,339.00,454.00,376.00
ND_VjIlu7f2RwQ_frame000901_r.jpg,0,66.98,364.43,58.98,337.00,74.40,315.86,94.40,280.71,115.55,279.29,85.01,337.62,93.26,319.86,112.12,306.14,125.26,299.29,102.74,351.89,125.83,350.43,136.40,331.00,148.12,320.43,103.03,355.89,112.86,344.54,120.69,333.86,126.12,317.00,100.60,348.18,108.52,345.69,112.52,338.81,111.90,332.56
ND_Vk2_48n9BlA_frame004801_r.jpg,0,138.50,229.10,153.16,227.08,162.22,226.96,170.50,228.68,179.28,233.07,165.94,204.23,176.62,209.88,185.67,215.67,189.90,223.01,159.77,204.46,174.33,207.44,183.39,214.23,189.34,222.73,153.65,209.28,163.85,210.98,172.63,215.37,180.84,220.32,143.74,215.37,147.42,214.80,152.15,217.37,156.77,220.46
ND_Vk2_48n9BlA_frame008401_l.jpg,0,222.72,235.52,214.78,228.43,205.46,220.08,198.22,217.01,186.28,218.83,203.93,207.33,197.80,204.53,191.10,207.18,186.51,211.65,207.96,203.10,202.40,198.92,194.74,200.59,189.57,205.42,217.29,200.45,209.63,194.05,201.01,194.19,194.19,198.65,225.64,201.57,228.00,193.91,226.89,187.51,220.77,182.92
ND_Vk2_48n9BlA_frame008701_r.jpg,0,131.42,230.32,152.64,218.75,160.38,216.40,169.69,219.62,174.38,227.10,148.99,209.27,161.75,214.80,168.95,225.87,170.82,231.53,144.64,212.14,160.47,220.06,165.16,227.10,167.16,233.53,140.12,215.10,152.73,221.27,156.64,225.36,158.95,232.34,135.25,219.62,140.64,221.88,144.47,224.49,145.77,228.84
ND_Vk2_48n9BlA_frame013801_r.jpg,0,153.81,231.21,159.15,228.52,164.26,226.15,169.84,226.24,178.11,226.77,153.38,209.00,164.38,212.90,170.78,218.10,177.08,223.50,144.12,218.10,150.38,216.40,161.79,220.90,172.32,228.69,144.95,227.75,142.07,226.39,139.91,224.87,136.23,222.55,147.50,233.04,144.16,235.71,141.40,237.52,137.78,240.09
ND_Vk2_48n9BlA_frame018901_r.jpg,0,118.04,208.63,127.17,211.43,133.11,215.87,140.26,222.18,143.26,230.30,134.80,211.86,143.00,219.76,146.16,226.18,149.63,232.81,128.25,215.94,132.97,224.00,137.06,232.05,141.68,240.11,118.90,218.73,123.09,227.33,125.99,236.99,131.26,244.62,109.99,220.67,111.17,227.76,112.67,234.42,115.04,240.75
ND_Vk2_48n9BlA_frame020101_r.jpg,0,105.70,187.60,125.33,188.29,134.87,191.37,141.25,193.30,146.70,190.14,134.72,181.06,137.38,192.69,136.68,197.17,133.02,193.98,129.18,179.83,132.29,194.79,129.48,196.45,128.72,192.60,124.56,180.14,126.13,196.20,123.48,195.22,123.18,192.14,119.64,181.83,120.07,196.55,118.56,196.60,118.25,194.45
ND_VqhlBPWlZtg_frame014054_l.jpg,0,828.70,364.14,834.16,332.12,836.40,308.53,843.42,288.32,852.97,267.54,878.70,324.14,899.86,295.34,911.93,284.11,925.46,269.29,882.03,317.29,893.17,303.29,907.17,287.00,925.13,272.60,861.03,342.48,874.89,332.43,885.93,297.67,893.71,283.44,844.20,343.40,850.20,331.00,857.00,317.00,855.36,303.81
ND_VqhlBPWlZtg_frame017044_l.jpg,0,840.00,-6.00,846.00,30.50,880.00,61.00,926.06,98.18,974.50,135.50,997.50,39.00,1045.44,105.65,1074.50,162.50,1096.00,215.50,1033.00,46.00,1101.40,123.37,1141.50,165.50,1170.00,211.50,1049.00,60.50,1094.00,141.50,1142.43,185.85,1188.50,228.00,1047.50,71.50,1081.00,126.00,1110.50,166.00,1139.50,206.00
ND_VqhlBPWlZtg_frame024818_l.jpg,0,929.83,511.00,943.75,523.24,961.33,534.33,971.67,549.33,978.33,565.33,996.00,544.00,1018.82,578.26,1018.28,599.12,1009.33,613.67,983.33,553.67,994.67,593.33,982.23,609.96,967.00,621.00,975.67,569.67,968.33,597.67,956.67,605.00,941.33,611.33,960.67,579.67,954.67,591.00,946.67,595.33,936.33,597.00
ND_VqhlBPWlZtg_frame032293_r.jpg,0,527.52,464.90,566.67,453.19,588.95,471.76,585.10,499.42,574.38,513.76,560.95,460.05,561.38,486.26,558.10,503.19,554.67,516.33,537.88,473.51,545.63,515.26,570.63,529.51,581.13,523.01,530.38,487.76,546.44,523.00,561.63,527.26,576.38,524.76,528.38,499.48,542.63,521.01,554.98,525.56,564.07,520.02
ND_VrigNOIMLqc_frame000901_r.jpg,0,711.00,529.00,621.33,533.90,503.80,565.51,465.70,589.83,444.00,613.00,458.41,408.27,393.56,457.71,386.00,504.00,389.00,560.00,529.00,375.00,477.00,484.00,450.00,540.00,449.00,600.00,586.00,407.00,549.00,537.00,576.00,607.00,615.00,653.00,625.33,433.67,611.60,537.14,622.00,617.00,651.32,648.19
ND_WLF5HAlupsw_frame008672_r.jpg,0,265.60,598.20,304.00,581.00,343.75,585.58,377.59,577.84,407.60,569.00,351.09,657.34,389.83,675.69,415.10,683.03,437.53,687.92,328.40,662.20,380.86,669.16,406.80,670.60,427.20,671.40,324.40,657.40,356.40,663.40,382.40,662.20,406.40,659.40,322.00,644.60,354.40,652.20,373.60,655.80,390.40,655.80
ND_WLF5HAlupsw_frame017343_r.jpg,0,1140.75,-16.16,1089.00,30.00,987.46,150.62,849.32,263.48,739.83,393.20,768.00,-9.00,512.41,138.83,524.20,255.06,573.05,317.39,761.00,32.00,591.58,133.77,614.00,233.00,684.23,295.49,755.00,75.00,701.08,148.93,674.00,213.00,747.00,261.00,811.00,97.00,743.00,152.00,772.00,209.00,833.00,231.00
ND_WLIvgVhjWfM_frame000001_r.jpg,0,150.25,290.94,186.35,305.25,214.85,318.00,228.60,336.50,241.35,356.25,231.19,316.25,253.69,338.75,251.19,366.56,243.60,380.25,212.75,326.25,221.81,348.44,216.19,379.38,207.10,367.50,189.62,334.38,193.06,367.81,188.06,380.94,180.85,366.50,166.81,340.31,171.19,368.12,172.12,375.94,166.60,367.50
ND_WOifwQdvapQ_frame000601_l.jpg,0,764.10,608.30,759.40,568.60,755.00,547.80,734.20,526.20,713.40,520.60,790.60,532.60,769.14,520.97,735.00,511.43,707.80,504.60,790.60,567.40,738.20,543.40,695.01,531.74,668.60,526.60,773.40,589.00,760.20,579.80,716.20,560.60,711.40,553.40,747.80,606.60,732.20,591.40,711.00,579.40,703.80,567.40
ND_WOifwQdvapQ_frame004501_l.jpg,0,280.00,266.00,368.00,309.00,517.00,300.00,609.94,331.80,684.72,379.88,559.00,121.00,712.77,155.52,766.18,192.92,794.00,235.00,575.00,209.00,664.69,265.03,684.00,328.00,686.00,387.00,567.20,261.03,616.00,316.00,633.98,350.50,653.00,383.00,499.00,302.00,561.00,319.00,583.00,346.00,595.00,385.00
ND_WOifwQdvapQ_frame005701_r.jpg,0,287.00,731.00,389.00,624.00,474.00,531.00,592.48,533.95,653.58,537.94,636.00,684.00,795.00,646.00,846.16,596.38,862.09,549.89,677.00,747.00,820.00,713.00,874.05,658.80,892.64,609.66,673.00,770.00,801.00,745.00,850.00,692.00,880.67,645.93,652.00,746.00,735.00,740.00,781.20,724.60,857.33,693.93
ND_WSrotXayuso_frame000784_l.jpg,0,119.00,885.67,183.00,825.00,203.00,747.00,209.67,700.33,227.00,647.00,188.53,677.75,195.08,586.01,192.10,539.55,180.78,494.87,114.66,692.05,87.26,546.70,103.67,539.00,96.79,606.27,41.98,698.60,16.96,593.76,37.00,583.67,37.00,628.33,-5.00,721.00,-23.00,631.00,-5.00,619.00,-5.67,643.00
ND_WXYHZfsLmio_frame009001_l.jpg,0,1503.75,881.49,1403.67,806.67,1328.61,854.09,1216.62,918.43,1097.48,961.32,1309.67,1087.67,1156.67,1090.67,1065.67,1040.67,1105.67,971.67,1271.67,1076.67,1126.07,1053.05,1046.67,991.67,1078.67,906.67,1249.67,1044.67,1129.67,1035.67,1092.67,948.67,1150.67,878.67,1334.67,1009.67,1231.67,1015.67,1142.67,1012.67,1154.67,942.67
ND_WXYHZfsLmio_frame016501_l.jpg,0,1142.50,350.50,1175.00,269.00,1219.00,229.50,1255.22,206.45,1308.35,197.88,1342.90,265.50,1334.10,239.50,1310.90,231.90,1284.90,227.50,1339.30,293.50,1340.90,240.30,1315.30,243.90,1290.10,247.50,1347.30,323.50,1368.90,283.90,1338.50,263.90,1288.92,264.15,1358.10,347.90,1369.70,309.50,1352.90,296.30,1327.77,284.14
ND_WhbGWuGwRqc_frame000751_r.jpg,0,1504.00,166.00,1284.00,68.00,1002.00,190.00,858.00,238.00,628.00,272.00,1245.62,606.93,776.00,678.00,540.50,667.50,310.50,631.50,1118.50,545.50,760.50,509.50,626.50,431.50,540.50,315.50,1166.50,545.50,774.50,575.50,576.50,511.50,470.50,355.50,1170.50,585.50,946.50,579.50,816.50,561.50,678.50,457.50
ND_Wk0gVd-lGx8_frame000599_r.jpg,0,491.00,508.33,500.67,521.67,495.50,528.75,488.29,537.02,480.67,546.67,466.92,511.67,456.48,529.81,455.77,543.52,456.12,556.35,458.42,516.92,445.93,537.54,445.58,552.84,450.04,563.71,453.19,522.98,446.28,540.71,446.10,551.17,447.01,561.17,448.28,531.17,447.37,543.89,447.92,552.44,449.80,558.29
ND_Wk0gVd-lGx8_frame005383_l.jpg,0,766.67,474.67,757.33,475.24,751.33,475.52,741.33,478.38,733.62,480.95,737.96,511.10,725.78,516.55,714.02,510.68,706.48,495.52,713.90,505.81,703.33,515.52,694.19,502.67,688.19,487.81,708.48,498.95,690.48,496.95,686.19,480.67,686.48,466.38,706.04,484.64,700.79,474.14,701.00,465.53,702.68,456.09
ND_WmOKGKCwxzQ_frame000300_l.jpg,0,711.33,597.00,604.89,565.06,560.00,553.00,523.33,548.33,484.67,553.67,591.33,493.67,519.58,491.23,488.95,543.73,486.67,585.67,637.33,505.67,548.56,528.42,520.67,607.17,526.69,620.84,670.00,555.00,584.66,580.92,555.67,627.95,574.00,615.00,684.67,593.00,618.56,609.91,586.30,643.81,597.33,627.00
ND_WmfWqrD0msM_frame001199_r.jpg,0,541.00,2061.00,662.66,1850.70,787.95,1680.78,836.00,1510.87,892.64,1359.83,1040.24,1733.99,1086.58,1570.94,1040.24,1431.92,983.61,1337.52,967.00,1697.00,987.04,1558.93,949.28,1457.66,893.33,1348.00,886.00,1700.00,911.52,1598.40,874.00,1504.00,824.67,1402.67,768.00,1669.00,764.00,1581.00,753.00,1512.00,753.00,1444.00
ND_WoLWCknMjEg_frame002991_r.jpg,0,775.57,587.64,764.43,574.79,765.25,563.98,776.43,559.64,786.14,563.07,805.86,551.93,799.86,549.07,791.86,549.64,787.57,554.50,808.43,565.93,802.14,560.50,795.29,562.50,790.71,565.93,808.14,578.50,804.14,574.50,799.29,572.79,792.43,574.79,806.71,595.64,806.14,589.36,802.14,585.93,797.00,584.79
ND_WusOD-qjwjs_frame006280_r.jpg,0,1088.50,70.00,1030.50,73.50,958.64,87.48,901.50,115.00,853.20,125.60,924.00,31.00,859.50,97.50,875.33,128.67,926.33,124.17,906.00,102.00,878.00,137.00,912.00,156.50,931.50,144.00,965.50,105.00,922.50,131.00,936.50,163.67,963.83,137.67,966.00,118.00,941.17,167.00,959.83,178.00,978.83,156.67
ND_WvNp1iscEH8_frame004785_r.jpg,0,191.32,163.52,296.00,89.00,441.00,27.00,531.00,24.00,611.00,48.00,505.00,288.00,615.00,218.00,611.00,168.00,577.00,126.00,434.00,336.00,492.00,278.00,545.00,218.00,499.00,145.00,379.00,341.00,454.00,293.00,485.00,212.00,428.00,173.00,352.95,315.94,422.00,313.00,459.00,254.00,418.00,219.00
ND_Wx9bAWSiaRU_frame000751_l.jpg,0,186.79,258.18,197.96,259.02,205.96,258.52,216.46,258.52,219.79,259.68,205.62,248.52,218.62,249.85,224.79,254.85,228.46,260.68,206.17,246.05,220.15,243.25,229.02,246.96,231.28,252.76,205.87,244.57,217.77,245.82,224.82,246.21,228.41,249.29,207.49,245.63,213.02,244.75,220.32,244.65,224.65,244.83
ND_Wx9bAWSiaRU_frame001001_l.jpg,0,348.26,251.84,344.64,238.78,335.20,225.73,327.14,244.34,319.48,257.38,364.98,206.60,355.80,221.45,350.53,236.88,340.77,251.72,380.61,221.05,365.57,241.95,350.53,258.36,333.93,273.59,386.86,240.39,369.48,254.84,356.78,264.22,337.36,272.32,386.17,256.37,376.88,263.99,366.64,268.51,355.61,272.42
ND_X9I1BYEMFNA_frame003301_r.jpg,0,619.88,651.06,605.38,636.56,595.71,625.82,582.82,636.56,576.13,640.83,547.10,643.09,526.69,654.82,530.45,672.55,540.38,689.74,555.48,669.86,548.06,686.64,558.92,699.94,571.27,713.10,561.86,680.21,550.32,701.55,562.30,711.76,576.61,724.17,569.86,691.98,557.25,711.17,564.40,717.87,572.36,725.35
ND_X9I1BYEMFNA_frame010201_r.jpg,0,536.23,653.93,564.12,617.09,603.07,576.04,627.81,545.51,640.96,513.40,639.39,617.09,652.54,588.14,647.81,568.14,645.18,551.30,637.18,636.82,635.23,606.60,641.90,577.34,637.09,553.64,628.57,645.12,629.68,610.30,627.83,581.79,623.75,558.45,623.18,655.82,620.42,618.08,617.09,597.71,610.05,580.67
ND_X9I1BYEMFNA_frame016201_l.jpg,0,662.37,615.52,696.41,606.87,721.08,608.87,740.41,614.54,760.08,624.20,725.08,633.54,742.41,637.20,753.41,638.20,768.75,639.54,718.08,645.20,736.75,653.87,754.43,656.69,772.96,654.63,712.41,663.20,731.08,668.54,746.08,670.54,761.08,669.87,701.75,676.87,721.75,678.87,739.75,677.87,750.41,677.87
ND_XMGMgK6Oa2s_frame005501_r.jpg,0,228.50,629.00,252.50,517.00,311.50,411.00,353.50,323.00,387.50,255.00,479.58,441.50,522.08,349.83,547.92,296.50,579.58,249.83,466.00,414.00,467.08,327.33,469.33,273.33,477.92,219.83,442.67,402.67,459.33,338.00,496.67,280.00,533.33,250.00,421.33,391.33,428.67,321.33,428.00,290.00,429.33,246.67
ND_XMGMgK6Oa2s_frame008501_r.jpg,0,222.79,419.75,241.13,431.42,255.85,442.25,260.85,455.03,265.78,468.75,231.96,459.20,241.68,476.42,253.35,476.70,260.95,475.11,225.34,457.68,230.57,473.36,243.52,473.82,253.07,474.27,218.98,453.36,224.21,464.50,232.39,470.86,241.48,473.14,214.66,450.64,219.66,459.73,226.25,462.23,232.39,464.27
ND_XNZsoeaq_34_frame006280_l.jpg,0,1626.71,132.00,1464.11,108.80,1299.57,120.57,1161.00,150.57,1045.09,147.96,1489.56,326.14,1475.85,488.66,1366.21,604.18,1244.81,694.25,1553.86,410.57,1518.93,594.39,1364.25,692.29,1229.15,751.03,1569.93,461.14,1530.93,626.14,1394.93,731.14,1293.76,799.98,1559.93,525.14,1489.56,662.92,1432.78,743.20,1390.93,812.14
ND_XPtwccJe5U8_frame012721_l.jpg,0,-2.68,801.37,163.04,798.51,311.61,774.23,437.32,752.80,515.89,742.80,193.88,615.72,351.38,455.41,521.53,390.72,655.58,355.97,105.28,499.00,331.69,328.84,480.75,328.84,582.38,348.75,95.44,454.00,288.09,304.94,404.81,331.66,466.69,361.19,122.38,428.75,244.50,314.78,324.66,334.47,385.12,362.59
ND_XPtwccJe5U8_frame016561_r.jpg,0,1284.50,728.00,1133.52,693.86,991.16,682.24,874.95,611.06,767.46,563.12,1078.32,478.87,980.99,378.64,902.55,336.51,842.99,321.98,1140.64,423.18,1113.18,276.95,1027.48,185.44,937.42,137.50,1185.18,409.55,1151.55,259.55,1084.13,217.39,1024.57,197.06,1211.55,432.27,1154.27,405.00,1082.45,350.45,1057.91,290.45
ND_XTDhKl38doo_frame001201_r.jpg,0,446.68,459.00,492.58,420.70,518.92,402.06,541.62,377.74,562.29,357.07,513.65,374.90,551.34,378.96,579.71,385.44,605.24,392.33,510.82,392.74,546.07,400.44,579.31,411.38,605.65,420.29,504.33,413.41,537.56,421.92,568.36,431.64,592.68,440.96,496.63,434.88,525.41,440.96,547.29,445.42,569.17,449.07
ND_XTDhKl38doo_frame002101_r.jpg,0,962.78,558.05,944.92,504.46,933.01,450.87,952.20,402.57,975.35,355.41,1009.76,458.15,1047.47,416.46,1077.24,375.44,1106.35,338.39,1042.84,481.30,1088.49,440.94,1125.54,390.00,1155.31,350.96,1071.95,506.44,1118.26,472.70,1150.68,433.00,1173.18,394.63,1090.48,523.65,1126.86,499.17,1159.28,474.69,1187.73,452.19
ND_XTDhKl38doo_frame011101_r.jpg,0,901.54,475.15,846.15,512.85,790.00,569.00,736.92,611.31,676.92,650.54,693.85,479.77,625.38,549.00,637.69,605.15,667.69,629.00,724.35,518.09,647.33,571.67,635.33,620.33,690.00,655.67,737.68,552.09,696.67,591.67,720.00,633.67,785.33,655.00,770.00,576.33,743.33,599.00,773.33,618.33,814.67,629.67
ND_XTDhKl38doo_frame015301_l.jpg,0,694.82,589.86,691.70,557.10,670.38,524.86,646.98,511.86,622.54,482.22,633.46,496.26,606.94,469.74,580.42,452.06,556.50,436.98,612.14,510.30,575.74,479.10,545.58,454.14,520.10,430.74,605.81,530.42,565.86,502.50,538.82,474.42,518.02,452.58,589.78,560.22,564.82,535.26,544.02,514.98,530.50,492.62
ND_XVkT_WGNbP4_frame002101_r.jpg,0,822.20,424.63,800.20,450.13,765.20,463.13,737.20,481.13,717.20,500.63,738.70,410.13,718.20,435.13,719.70,455.13,734.20,460.13,760.74,415.04,742.41,431.71,737.41,448.79,749.91,457.96,773.24,418.38,759.08,431.29,749.91,443.38,762.41,454.21,781.58,419.63,770.74,433.79,764.91,442.13,773.24,449.21
ND_XVkT_WGNbP4_frame002401_r.jpg,0,808.16,529.40,780.29,524.14,750.66,521.55,730.16,525.18,715.49,536.07,743.79,560.52,733.14,566.65,720.88,572.45,707.99,578.19,754.21,577.20,744.42,590.67,734.01,598.43,716.37,593.10,770.12,579.78,759.90,596.31,737.66,600.52,732.50,591.49,784.80,583.35,773.13,595.49,759.08,598.11,747.42,598.58
ND_XYdl9FQdXH0_frame002401_r.jpg,0,1238.47,697.88,1155.23,683.42,1075.79,673.68,1054.80,629.46,1050.24,590.24,1080.28,567.25,1039.06,506.54,1015.83,458.57,993.29,415.08,1125.25,543.26,1087.78,481.80,1068.53,512.70,1070.91,546.03,1158.98,541.01,1130.50,493.80,1104.24,520.32,1097.57,546.03,1184.47,558.25,1154.49,523.03,1134.72,536.99,1128.05,558.89
ND_XYdl9FQdXH0_frame003601_l.jpg,0,444.62,668.16,516.40,622.08,578.44,574.22,568.69,530.79,610.36,534.29,542.99,446.60,571.35,385.45,589.96,367.65,609.37,356.47,480.07,435.08,512.90,347.65,547.61,363.53,572.90,378.82,426.01,451.92,437.61,364.71,477.61,351.18,507.02,358.82,379.92,471.42,376.38,428.88,386.43,407.65,403.49,389.41
ND_Xbb-rEUa6sY_frame001197_r.jpg,0,539.38,805.00,630.46,679.75,689.54,625.39,733.27,591.12,821.92,533.67,551.95,451.13,651.73,379.61,745.08,331.16,820.31,317.80,523.95,457.80,671.77,358.65,781.06,330.07,845.34,315.79,594.92,503.18,688.00,392.41,791.41,361.96,893.38,348.57,586.74,565.13,704.91,550.95,754.54,571.04,804.44,587.92
ND_XdMAoRSeASg_frame004501_l.jpg,0,1079.21,513.33,1014.71,511.71,962.68,492.74,920.40,469.43,888.97,451.00,944.87,470.53,890.59,473.22,859.70,479.73,832.11,485.02,951.30,486.23,900.35,496.53,861.87,513.33,831.42,525.36,973.15,504.33,924.74,523.63,893.30,545.31,872.11,566.05,993.57,529.59,958.34,546.94,931.24,562.11,909.02,577.83
ND_XdMAoRSeASg_frame007501_l.jpg,0,961.68,566.43,924.92,539.01,905.10,521.62,893.30,504.40,889.03,485.60,855.70,498.85,819.81,492.44,798.45,506.11,789.05,516.79,848.44,514.66,812.12,518.07,799.30,533.88,809.54,541.84,846.73,535.16,814.26,542.85,820.70,554.53,832.23,553.76,857.23,555.30,821.95,563.79,828.77,576.46,841.47,579.53
ND_XdMAoRSeASg_frame024001_r.jpg,0,854.19,431.56,819.86,449.18,787.79,469.05,757.08,492.08,730.20,522.40,739.40,442.80,699.72,468.15,694.75,494.34,693.39,519.63,734.04,464.53,716.88,489.82,719.14,514.21,727.72,538.15,745.34,473.56,733.00,493.60,737.40,513.20,745.40,534.80,757.98,480.34,755.72,494.34,761.14,507.44,773.34,521.89
ND_XiGgsMltimI_frame000895_l.jpg,0,765.07,609.19,666.50,669.00,585.55,751.07,565.28,872.68,556.60,987.05,542.12,795.95,498.69,1008.77,510.27,1144.86,543.57,1172.36,639.12,849.52,608.72,1085.50,636.50,1168.00,679.50,1145.00,737.57,885.71,708.67,1089.00,712.67,1142.33,747.33,1111.00,800.83,921.33,780.83,1126.33,813.83,1108.33,824.83,1070.33
ND_Xp3Pn0FkckM_frame000001_l.jpg,0,-273.00,734.00,-267.00,524.00,-197.00,348.00,-63.00,200.00,48.37,85.14,76.14,271.34,224.77,212.54,322.50,160.00,448.50,122.00,146.37,388.93,291.50,334.00,439.50,285.00,560.50,243.00,185.57,498.36,321.13,444.47,442.00,397.10,548.16,357.90,173.50,610.00,271.50,576.00,357.50,537.00,476.30,467.33
ND_YFnWfx0j93M_frame004081_r.jpg,0,802.00,901.00,713.50,755.00,739.39,604.38,749.13,554.28,721.30,513.93,1031.63,506.97,1053.89,416.51,1008.50,420.00,970.40,442.96,1120.69,594.64,1191.66,533.41,1098.50,528.00,1032.50,542.00,1133.22,696.23,1152.50,649.00,1101.50,620.00,1059.46,625.25,1125.50,760.00,1106.50,695.00,1078.94,673.96,1051.11,673.96
ND_YFnWfx0j93M_frame005281_r.jpg,0,-249.00,883.00,-247.00,703.00,-73.00,495.00,113.00,371.00,293.00,221.00,291.00,707.00,465.00,523.00,461.00,355.00,429.00,259.00,327.00,769.00,349.00,537.00,317.00,421.00,237.00,321.00,267.00,811.00,261.00,621.00,205.00,487.00,115.00,417.00,217.00,833.00,212.25,647.50,162.25,579.00,129.25,521.00
ND_YPIaH76EueY_frame000001_r.jpg,0,811.00,450.00,813.00,608.00,751.00,722.00,686.77,798.77,669.00,892.00,577.05,702.11,468.64,760.89,382.44,797.46,316.50,824.00,523.50,622.44,403.34,678.60,300.15,725.62,223.09,763.50,505.22,544.07,394.19,575.42,293.62,601.54,212.64,635.50,505.22,477.46,421.62,502.27,360.23,524.48,311.90,549.29
ND_YW2LfJ0ev_s_frame006481_l.jpg,0,1367.49,143.88,1381.47,265.70,1375.48,342.58,1348.52,409.49,1326.50,482.00,1440.50,439.00,1422.41,494.36,1389.46,541.29,1356.51,594.21,1398.45,429.46,1364.50,468.00,1310.50,508.00,1266.64,550.28,1358.50,407.49,1321.56,448.43,1274.63,472.39,1224.70,505.34,1335.54,369.54,1304.58,389.51,1275.63,401.50,1250.50,418.00
ND_YYAAMfnU60I_frame000300_r.jpg,0,207.30,974.13,277.33,963.33,340.03,977.73,369.46,1026.98,391.68,1057.61,341.23,1051.01,388.68,1107.46,415.11,1110.46,424.00,1088.67,312.41,1082.84,361.05,1155.51,396.49,1154.31,410.30,1133.29,290.78,1100.85,325.08,1135.17,365.26,1126.08,380.87,1109.26,279.58,1096.17,314.21,1122.48,339.58,1114.67,349.04,1087.04
ND_YbyILq0omrw_frame008101_l.jpg,0,791.25,444.50,768.75,460.50,742.25,482.50,726.25,503.00,702.25,520.00,750.12,510.06,745.90,540.58,741.03,554.54,733.67,557.17,770.25,516.55,764.73,546.10,754.00,558.83,742.67,561.17,788.44,519.80,781.62,547.40,772.00,557.83,761.67,556.83,800.78,520.78,797.85,543.18,792.33,555.52,785.84,560.71
ND_YbyILq0omrw_frame011101_r.jpg,0,692.08,433.49,717.49,431.63,742.91,439.91,756.06,461.34,762.63,474.49,745.60,446.66,754.52,473.42,759.62,490.63,764.33,505.24,733.07,457.28,740.29,483.40,734.83,480.99,730.33,473.24,720.33,464.29,726.49,483.62,720.54,477.67,717.14,470.87,708.01,473.00,712.47,482.55,707.16,477.03,703.76,471.08
ND_YfriUPPtRQ0_frame000501_l.jpg,0,269.75,626.78,270.86,611.05,272.67,598.53,263.10,586.79,253.83,582.36,278.79,596.58,266.68,586.98,255.41,580.16,246.79,575.09,270.16,603.67,255.97,592.96,244.70,585.72,237.72,580.32,261.95,610.22,248.87,599.22,243.72,594.32,240.49,588.94,254.02,613.97,246.92,603.40,240.95,595.25,233.87,586.32
ND_YgDgP6btLdo_frame000001_r.jpg,0,878.50,1936.00,1008.50,1839.00,1088.50,1748.00,1140.50,1600.00,1190.30,1507.68,957.72,1523.72,1050.75,1441.92,1155.01,1409.84,1260.88,1395.40,949.70,1587.88,1066.79,1542.97,1198.32,1555.80,1312.20,1592.70,941.68,1680.92,1068.40,1648.84,1190.50,1700.00,1242.50,1758.00,940.08,1773.95,1026.50,1750.00,1117.50,1761.00,1157.50,1770.00
ND_YgDgP6btLdo_frame000601_r.jpg,0,809.40,1981.00,846.60,1938.60,852.20,1895.00,827.40,1893.40,806.60,1892.60,815.00,1931.40,819.80,1913.40,823.00,1896.20,820.20,1884.60,795.80,1935.40,800.60,1917.40,798.20,1902.20,794.60,1885.80,768.20,1952.60,753.40,1935.80,752.60,1911.40,770.20,1917.80,738.60,1977.00,724.20,1947.80,730.20,1932.60,750.20,1923.40
ND_YgnSpdJBNtc_frame060601_l.jpg,0,208.50,212.00,165.50,243.00,185.50,358.00,229.50,449.00,249.50,523.00,313.50,404.00,333.50,520.00,355.50,595.00,377.33,655.67,329.50,402.00,351.50,520.00,333.50,574.00,314.50,609.00,299.50,410.00,303.50,488.00,288.50,553.00,281.50,597.00,269.50,421.00,264.50,488.00,264.50,543.00,252.50,576.00
ND_YiZfdF968pc_frame000001_r.jpg,0,619.50,404.00,613.50,338.00,597.50,258.00,557.50,196.00,513.50,168.00,520.50,249.00,475.50,219.00,436.50,194.00,394.50,170.00,476.50,281.00,438.50,254.00,396.50,234.00,360.50,220.00,469.50,326.00,423.50,298.00,380.50,283.00,345.50,265.00,435.50,377.00,400.50,362.00,380.50,353.00,353.50,337.00
ND_YiZfdF968pc_frame001196_l.jpg,0,251.82,348.30,246.83,328.78,248.19,311.52,233.21,308.11,220.49,308.34,233.89,332.64,212.88,330.75,208.46,311.52,218.88,306.75,226.17,347.85,194.61,329.23,195.74,309.70,201.12,308.50,214.59,354.89,185.52,333.09,180.98,315.15,178.38,306.50,200.06,361.92,181.88,347.50,170.99,340.81,163.38,336.50
ND_Yin8R4tS3pg_frame005401_r.jpg,0,824.21,484.75,729.66,468.23,638.78,472.82,601.14,404.89,581.86,365.42,629.60,299.32,582.78,213.95,555.80,220.80,563.80,237.60,702.12,267.20,719.56,188.25,731.00,245.20,719.56,275.46,777.40,260.40,802.20,260.00,812.60,302.00,807.00,335.60,826.96,268.11,857.40,298.00,866.60,318.80,860.60,343.60
ND_Ynz6g9gw-ng_frame001001_l.jpg,0,1895.38,354.23,1775.10,193.86,1620.46,23.94,1395.18,16.30,1268.50,93.00,1570.82,333.23,1301.63,275.95,1290.50,172.00,1252.50,117.00,1515.45,489.78,1234.80,403.87,1187.08,249.22,1199.50,112.00,1520.50,581.00,1262.50,486.00,1256.50,322.00,1353.17,251.13,1491.50,585.00,1337.00,531.00,1309.67,417.67,1374.17,337.05
ND_YqV7fj_SVWc_frame001197_r.jpg,0,333.80,443.50,350.36,422.30,367.80,398.18,371.28,379.88,366.86,363.80,343.86,358.05,347.17,336.30,357.34,343.56,368.09,356.93,328.86,362.05,331.77,339.79,349.78,357.22,359.37,373.49,315.86,369.05,320.44,354.02,341.07,369.13,354.72,384.53,306.86,389.30,312.60,371.74,328.87,377.85,342.81,388.30
ND_YqV7fj_SVWc_frame010466_r.jpg,0,223.83,443.33,212.17,433.00,198.83,435.00,186.17,463.67,190.83,486.33,165.17,457.33,151.50,484.00,153.17,508.00,156.83,527.33,179.83,467.00,181.50,507.00,207.17,488.33,221.17,463.67,198.83,481.33,207.17,511.00,226.50,495.67,230.50,464.33,219.17,486.33,227.17,510.33,238.83,503.67,238.83,482.00
ND_YqV7fj_SVWc_frame014054_l.jpg,0,669.08,566.67,660.03,563.11,658.08,549.00,664.25,540.44,669.58,557.78,697.14,536.67,671.38,550.33,656.15,562.29,652.25,562.00,701.36,558.22,676.01,570.59,659.23,577.72,658.69,571.56,708.25,577.56,681.22,589.68,665.60,590.45,665.36,581.11,710.47,593.56,686.62,602.02,679.81,600.44,674.25,594.00
ND_YqV7fj_SVWc_frame018838_r.jpg,0,279.00,472.60,316.24,469.65,343.00,469.94,376.82,493.76,389.19,509.50,361.38,469.19,384.19,492.62,394.50,514.50,403.56,532.94,349.19,487.00,371.38,511.69,377.00,535.75,376.69,544.50,332.00,502.31,352.31,522.62,359.81,539.19,357.71,529.35,315.12,517.00,331.69,535.75,335.57,535.81,333.41,525.81
ND_YqV7fj_SVWc_frame019137_r.jpg,0,205.35,568.16,187.75,557.76,173.54,546.42,157.75,542.96,138.34,527.16,129.05,540.77,111.12,542.77,94.52,549.07,74.93,558.37,125.39,559.70,107.13,562.69,92.86,573.64,81.23,588.59,126.72,574.31,112.45,580.62,100.49,589.25,89.20,601.54,133.03,589.58,118.22,593.26,106.45,597.96,96.45,602.67
ND_YryzEt-EiUo_frame004471_l.jpg,0,-169.00,360.00,97.05,360.93,245.68,341.43,343.14,380.42,435.73,421.84,245.68,55.14,374.00,264.00,409.00,338.00,441.82,396.25,99.00,37.00,278.00,216.00,287.00,309.00,250.56,371.89,51.00,51.00,149.00,212.00,184.00,292.00,150.66,371.89,7.00,77.00,85.00,213.00,119.00,291.00,100.00,365.00
ND_YvgWbZdzD7g_frame000898_l.jpg,0,696.84,447.09,664.28,441.71,630.57,433.21,605.37,430.67,586.68,422.45,631.14,496.09,606.96,509.55,593.44,506.04,586.39,497.79,645.02,504.02,620.09,500.92,610.09,488.83,603.81,473.24,659.46,506.56,640.49,502.60,630.86,492.40,623.49,481.36,672.77,507.70,652.38,503.17,648.13,494.10,646.72,484.76
ND_Z6JbzH1oYW4_frame000001_r.jpg,0,449.85,751.54,386.00,715.38,330.95,692.88,274.90,716.91,215.84,713.90,365.99,789.98,324.46,800.77,281.38,796.15,231.85,771.96,382.92,836.92,332.92,846.15,277.54,842.31,235.23,819.23,416.77,893.85,396.00,924.62,363.69,913.85,319.85,872.31,515.23,969.23,529.08,983.85,475.23,993.08,439.08,956.92
ND_Z6JbzH1oYW4_frame000601_l.jpg,0,-64.93,1266.35,-5.76,1102.20,35.98,986.76,118.37,899.53,218.20,847.19,183.07,1027.35,263.14,970.12,314.07,929.35,374.25,871.42,220.07,1097.04,307.76,1048.58,373.91,999.35,425.45,961.65,256.99,1168.58,328.53,1157.04,347.76,1100.12,273.14,1119.35,269.30,1261.65,357.76,1251.65,368.53,1223.96,303.49,1224.22
ND_Z7_n9vfRdg8_frame007201_l.jpg,0,925.60,489.55,832.62,476.50,774.50,481.50,688.88,499.62,629.50,521.50,786.63,403.18,729.48,396.69,679.47,422.66,640.12,449.62,803.51,441.50,739.22,461.63,679.47,509.03,635.96,544.10,824.29,494.10,761.95,524.62,695.06,560.34,647.00,583.72,840.75,533.38,791.38,558.38,748.88,575.25,698.31,599.95
ND_Z7_n9vfRdg8_frame012481_l.jpg,0,1206.29,507.71,1064.86,472.00,899.14,443.43,676.29,357.71,516.29,350.57,891.78,190.06,697.04,190.06,556.60,300.54,452.71,400.29,951.71,236.87,713.89,206.91,548.71,313.29,497.71,383.29,1013.50,360.46,852.46,317.39,624.71,393.29,476.71,447.29,1082.79,491.54,988.71,532.29,825.71,601.29,665.21,667.56
ND_Z7_n9vfRdg8_frame022081_l.jpg,0,803.33,697.20,803.25,640.38,809.76,595.17,815.83,555.45,826.86,500.82,842.35,637.65,864.16,650.38,878.71,660.38,909.62,680.69,849.48,686.76,866.89,698.11,880.98,707.20,908.25,723.11,849.00,725.55,870.60,738.75,887.80,746.35,901.80,754.35,834.60,745.15,854.60,761.95,869.40,768.35,893.00,777.15
ND_Z7_n9vfRdg8_frame029761_r.jpg,0,370.05,761.95,445.32,706.16,552.16,689.32,599.00,709.84,601.11,739.84,469.71,659.21,521.60,705.45,560.58,745.63,591.63,777.21,425.32,695.11,490.05,760.37,516.89,789.84,541.11,810.37,400.91,726.88,426.89,758.26,459.00,786.16,493.74,814.58,391.63,741.42,414.79,767.21,436.37,793.00,453.21,810.89
ND_Z7_n9vfRdg8_frame032401_r.jpg,0,176.29,633.66,169.44,583.85,164.74,534.57,168.95,494.05,187.37,455.10,96.84,525.10,108.42,490.89,137.89,466.68,176.84,452.99,51.58,570.36,60.53,499.31,104.74,457.20,151.05,424.57,63.68,591.41,69.21,530.31,109.47,497.73,153.16,466.68,95.26,606.68,100.96,567.04,120.53,537.20,152.63,501.05
ND_Z7bfW85pk7U_frame006535_r.jpg,0,234.75,315.00,255.75,295.88,274.00,284.38,300.50,292.62,310.75,307.88,304.42,285.57,319.83,303.59,323.04,316.20,323.24,324.81,302.82,301.19,315.44,317.71,308.50,322.40,300.13,316.48,300.01,319.21,309.22,332.02,299.72,333.83,290.74,326.48,294.61,332.02,302.22,342.03,294.01,343.42,288.60,338.43
ND_Z7bfW85pk7U_frame007426_l.jpg,0,285.19,286.76,290.70,281.05,296.41,273.70,304.44,283.75,306.41,292.89,306.57,271.64,321.38,272.41,313.03,280.93,304.65,282.21,306.00,280.87,323.50,282.98,318.88,287.79,308.35,288.43,305.69,290.31,324.91,292.18,317.92,295.48,308.88,295.10,304.10,297.19,321.78,300.62,313.41,303.74,306.34,304.26
ND_Z7bfW85pk7U_frame008614_l.jpg,0,320.78,286.82,327.33,272.09,336.01,264.19,345.56,259.36,350.35,254.23,340.18,254.23,351.82,249.32,360.35,249.64,369.69,251.28,341.56,264.14,352.49,258.83,360.62,258.83,369.21,259.92,341.71,271.80,352.03,268.52,362.81,268.36,369.84,269.45,342.65,282.27,354.21,281.80,362.18,282.42,369.06,283.99
ND_Z7bfW85pk7U_frame009505_l.jpg,0,282.78,283.95,296.44,280.29,306.09,278.79,322.59,276.83,332.31,277.97,320.67,256.25,335.28,267.02,337.56,277.15,337.40,284.91,325.48,254.33,342.02,264.72,342.21,274.14,340.60,283.29,327.21,252.99,342.59,263.56,343.94,271.83,342.79,280.63,329.71,252.02,344.13,264.33,345.67,272.60,344.90,281.06
ND_Z7khC_SQq9s_frame053521_r.jpg,0,582.89,701.90,621.99,678.90,668.75,662.04,704.40,683.12,723.94,705.73,647.67,706.11,694.41,717.22,718.62,720.90,740.20,723.53,629.24,728.14,671.03,733.14,701.74,740.99,732.81,742.78,625.67,740.64,665.31,751.35,700.31,755.99,731.38,759.92,618.17,754.92,661.74,774.92,699.24,777.42,732.45,774.21
ND_ZBj4eV6V7SU_frame001795_l.jpg,0,1374.45,987.12,1319.26,1003.08,1293.09,1029.88,1301.79,1073.77,1315.04,1088.91,1307.99,1038.14,1316.63,1088.35,1336.10,1080.45,1328.21,1045.72,1350.57,1044.27,1359.26,1087.30,1378.73,1077.30,1374.52,1046.24,1384.12,1052.34,1392.27,1088.22,1411.47,1085.82,1410.25,1055.24,1414.44,1056.53,1420.89,1086.21,1433.87,1082.22,1432.27,1053.02
ND_ZBj4eV6V7SU_frame004187_l.jpg,0,779.07,478.26,772.71,483.79,767.14,490.88,763.98,504.17,766.21,511.07,765.87,500.86,765.64,512.33,765.98,515.43,766.90,517.96,773.90,502.12,774.93,512.91,776.54,515.43,778.15,518.76,781.48,502.01,782.71,510.84,783.81,505.48,783.69,501.69,786.13,499.74,786.74,506.57,787.96,505.23,788.45,501.21
ND_ZBj4eV6V7SU_frame005084_l.jpg,0,1127.80,513.03,1139.54,516.79,1152.99,522.68,1166.60,535.30,1168.80,553.31,1191.02,529.49,1207.64,546.91,1199.80,553.89,1185.31,553.08,1180.42,543.49,1181.61,564.33,1163.40,560.72,1155.19,548.51,1164.91,551.24,1159.19,565.93,1146.38,557.52,1135.97,545.91,1152.18,557.52,1148.99,563.49,1137.97,560.92,1129.36,551.91
ND_ZDUpHgebEu0_frame021230_r.jpg,0,617.99,901.73,732.16,868.96,852.67,836.19,951.13,897.15,1003.01,971.53,842.10,978.90,959.44,1031.76,1004.88,1018.40,1015.51,999.03,801.93,1050.78,938.63,1087.15,969.26,1048.40,964.26,1012.15,760.70,1084.61,883.33,1097.30,908.63,1058.40,903.01,1023.40,719.26,1092.15,816.76,1100.90,833.63,1062.78,831.76,1029.03
ND_ZDUpHgebEu0_frame022725_l.jpg,0,1201.79,630.00,1159.29,631.79,1120.71,652.50,1098.57,709.64,1101.43,735.36,1120.58,678.12,1096.23,717.00,1079.57,748.61,1071.02,775.53,1154.34,699.91,1130.84,739.64,1100.93,771.69,1090.36,777.86,1182.11,716.14,1154.76,757.59,1133.21,768.21,1115.88,761.43,1206.46,730.67,1183.39,766.13,1167.15,777.67,1152.50,769.64
ND_ZIVB5l2FNyQ_frame000001_l.jpg,0,1469.06,187.19,1315.54,200.08,1180.15,225.46,974.77,296.23,884.00,291.62,1067.50,268.44,962.81,398.12,994.00,459.31,1056.56,407.50,1131.56,346.56,1055.00,493.44,1137.85,483.15,1174.00,423.15,1217.50,399.69,1164.38,513.75,1240.15,495.46,1267.08,434.69,1314.38,441.88,1255.00,527.81,1301.69,507.77,1335.54,452.38
ND_ZVWR8bhjhK8_frame000601_l.jpg,0,696.98,531.67,707.95,537.80,721.50,541.99,735.37,546.51,752.46,555.22,683.76,559.11,677.28,567.21,672.14,573.70,664.72,582.96,665.65,555.86,651.33,567.48,640.79,573.70,625.37,579.09,646.33,551.67,628.59,557.80,615.04,562.31,598.92,568.77,637.55,544.51,622.68,545.59,610.25,546.40,600.52,545.86
ND_ZVWR8bhjhK8_frame002401_l.jpg,0,1091.72,-134.05,1104.84,-108.43,1114.22,-70.30,1115.47,-14.05,1096.09,82.82,1158.59,70.95,1181.09,156.57,1191.09,219.70,1197.97,284.70,1110.47,92.82,1115.47,180.95,1119.84,233.45,1122.34,302.82,1071.72,96.57,1068.59,178.45,1064.22,236.57,1061.72,289.70,1026.09,102.20,1020.47,179.70,1016.09,222.82,1012.34,267.82
ND_ZVWR8bhjhK8_frame003901_r.jpg,0,72.00,-263.00,236.00,-191.50,369.00,-85.50,440.00,31.50,418.00,120.50,331.00,-47.50,393.26,113.17,439.14,193.18,458.00,216.50,235.00,-31.50,316.45,148.37,362.32,195.32,420.00,183.50,153.00,-16.50,212.96,120.63,277.00,136.50,348.00,130.50,54.00,-14.50,155.00,106.50,223.00,102.50,271.00,87.50
ND_ZVWR8bhjhK8_frame004801_l.jpg,0,795.73,499.30,810.13,509.30,831.61,510.74,848.86,516.48,873.78,524.53,809.38,527.60,810.13,539.70,806.32,549.83,799.42,563.63,786.77,530.67,778.93,543.70,768.53,551.30,760.70,562.86,758.13,528.50,741.73,538.10,737.33,546.90,730.53,558.90,748.53,528.90,733.33,535.70,726.93,540.90,717.73,546.10
ND_ZVWR8bhjhK8_frame008701_r.jpg,0,415.10,341.69,434.65,352.61,456.49,376.73,463.09,387.65,470.45,403.90,467.41,361.50,485.18,382.06,480.86,405.17,470.71,420.91,449.38,367.59,452.93,399.33,448.62,413.55,442.80,399.03,428.05,367.08,430.34,400.60,423.47,391.03,422.47,378.70,406.21,369.11,411.04,395.01,415.47,385.37,415.80,376.03
ND_ZXLY1utNy74_frame004303_r.jpg,0,1748.89,683.77,1553.03,632.68,1380.59,583.71,1210.27,528.36,1059.12,590.10,1540.25,304.83,1410.39,117.48,1278.00,185.00,1198.00,253.00,1638.18,228.19,1328.00,101.00,1188.00,193.00,1120.86,309.09,1599.86,238.83,1374.20,168.58,1246.00,237.50,1182.00,307.50,1559.41,266.51,1375.00,249.50,1304.00,294.50,1324.00,401.50
ND_ZXOhbzS7jCQ_frame000599_r.jpg,0,1834.16,736.35,1604.79,709.08,1429.95,657.76,1372.21,526.23,1253.51,446.03,1548.65,606.43,1404.29,394.70,1351.36,312.90,1309.65,259.96,1686.59,495.75,1510.15,298.46,1427.00,295.50,1396.00,361.50,1787.64,429.99,1640.08,253.55,1555.00,292.50,1493.00,338.50,1866.24,369.04,1734.71,237.51,1650.00,298.50,1617.00,353.50
ND_Zap7jglcJT8_frame003601_r.jpg,0,1305.08,525.35,1288.13,471.47,1269.01,431.92,1290.74,409.76,1292.04,389.33,1336.37,391.51,1345.50,361.09,1335.67,371.60,1326.47,386.40,1366.35,406.72,1379.83,372.82,1365.27,377.60,1358.10,392.81,1385.04,429.31,1403.29,394.11,1393.30,398.89,1383.30,409.76,1392.87,460.80,1415.90,431.05,1400.87,436.40,1388.87,445.60
ND_Zap7jglcJT8_frame009001_l.jpg,0,798.00,4.50,844.13,158.18,889.49,285.42,899.56,402.57,905.86,505.88,1102.39,260.22,1070.89,388.72,1006.64,445.41,947.44,478.16,1049.48,242.58,1004.00,357.50,949.00,408.50,896.00,452.50,999.00,234.50,957.00,307.50,923.00,329.50,882.00,343.50,959.00,231.50,934.00,275.50,913.00,295.50,886.97,310.61
ND_Zap7jglcJT8_frame009301_l.jpg,0,1023.00,-121.00,1119.00,-22.50,1160.00,84.50,1136.00,195.50,1081.00,248.50,1180.11,241.56,1095.69,323.57,1057.00,370.50,987.00,388.50,1111.37,294.62,1041.42,456.24,987.14,435.73,963.02,424.88,1040.21,299.45,960.00,481.50,899.00,454.50,880.00,398.50,940.11,306.68,897.89,406.79,873.77,422.47,852.06,446.59
ND_Zg3fhujDazI_frame000751_l.jpg,0,1426.00,662.00,1314.00,488.00,1126.46,405.28,1000.00,366.50,894.00,377.50,1034.42,427.91,753.79,408.30,689.00,412.50,746.00,448.50,995.19,596.90,682.87,550.12,745.00,513.50,828.00,522.50,945.40,713.07,710.03,679.88,782.00,658.50,846.00,663.50,944.00,785.50,794.00,791.50,824.00,741.50,885.00,736.50
ND_ZhydUsYdifE_frame007801_r.jpg,0,1832.12,1062.34,1914.46,1036.96,1972.55,1012.14,1996.80,1031.88,2026.69,1056.70,1959.02,1036.39,2010.34,1062.90,2057.71,1081.51,2099.44,1087.72,1953.94,1083.77,2030.08,1109.71,2071.25,1115.35,2120.31,1110.27,1951.12,1118.73,2020.49,1134.52,2052.83,1129.08,2077.33,1117.08,1952.81,1144.11,2001.83,1143.08,2016.33,1130.08,2037.97,1121.55
ND_ZhydUsYdifE_frame018601_r.jpg,0,3200.00,1232.00,2929.72,1324.43,2655.05,1355.26,2428.03,1369.28,2223.43,1391.70,2573.78,909.63,2352.36,755.48,2217.83,657.38,2069.28,573.30,2584.00,974.00,2352.36,971.29,2215.03,1013.33,2091.71,1074.99,2606.00,1028.00,2442.00,1026.00,2320.00,1098.00,2228.00,1162.00,2640.00,1108.00,2520.00,1168.00,2454.00,1222.00,2416.00,1276.00
ND_ZhydUsYdifE_frame021301_r.jpg,0,1667.44,1519.36,1624.02,1389.10,1571.46,1271.42,1589.00,1131.50,1580.61,1034.90,1617.17,1224.57,1643.45,1119.46,1697.15,1028.05,1730.00,951.50,1714.29,1236.00,1775.99,1101.17,1772.00,1162.50,1753.00,1201.50,1791.98,1262.28,1831.97,1152.59,1794.00,1170.50,1778.00,1215.50,1849.11,1296.55,1876.53,1202.86,1838.00,1202.50,1820.55,1237.14
ND_Zyik-vSfvwo_frame005084_l.jpg,0,250.00,-441.00,312.00,-289.00,268.00,-103.00,227.28,87.56,153.67,296.12,586.00,-267.00,792.00,-159.00,908.00,-35.00,938.83,188.16,874.00,-189.00,1046.79,48.30,1029.61,244.59,916.75,431.07,750.00,-49.00,1060.00,95.00,1056.00,295.00,908.00,471.00,756.00,81.00,916.00,169.00,954.00,263.00,911.84,382.00
ND_Zyik-vSfvwo_frame006878_r.jpg,0,659.07,608.20,695.12,600.32,727.12,605.75,748.27,612.61,766.27,617.75,721.60,604.63,753.98,613.18,783.70,624.32,806.84,631.75,727.64,610.44,763.89,621.32,791.69,630.58,816.26,637.03,713.98,625.75,748.84,632.61,779.12,639.18,803.70,642.32,700.55,640.32,736.27,644.61,753.41,646.90,770.74,646.30
ND__0HlhDk-6eo_frame006251_r.jpg,0,653.81,314.90,678.33,358.17,689.67,385.50,733.00,406.83,778.33,423.50,797.32,334.63,813.00,391.50,824.33,430.83,833.67,463.50,791.89,333.15,819.02,404.17,796.33,441.65,759.34,443.62,775.12,339.56,775.62,414.52,734.33,425.50,727.00,408.83,746.52,348.93,741.59,406.14,721.86,413.54,706.33,404.17
ND__2bwVC8xyAA_frame002094_l.jpg,0,1080.00,2801.67,815.67,1654.53,1355.00,1032.50,1555.00,832.50,1550.00,687.50,1431.32,1350.60,1524.83,1015.50,1688.48,742.75,1922.27,438.82,1844.34,1818.18,2070.34,1514.25,2413.23,1218.12,2639.23,992.12,2148.27,2067.55,2366.47,1857.14,2735.00,1377.50,2710.00,1507.50,2445.00,2387.50,2756.12,2137.69,2943.15,1989.62,3192.53,1677.91
ND__2bwVC8xyAA_frame003888_l.jpg,0,1516.83,473.24,1731.59,375.14,1930.44,282.34,2116.00,305.00,2270.00,351.00,1988.77,332.72,2161.11,406.96,2306.93,465.29,2460.00,483.00,1949.00,478.55,2121.34,520.97,2252.00,535.00,2390.00,529.00,1911.88,589.90,2073.61,632.33,2195.58,672.10,2275.12,693.31,1877.41,701.26,2041.00,732.25,2121.34,741.03,2179.67,751.64
ND__5tayePZm0Q_frame007775_r.jpg,0,784.80,270.97,775.80,277.97,766.80,294.63,769.80,305.30,777.80,315.97,783.80,305.30,785.13,339.30,789.13,323.97,789.13,311.97,796.47,301.30,802.13,328.63,803.80,315.63,803.80,302.97,802.47,295.30,808.13,315.97,808.80,303.30,808.13,296.30,806.47,287.97,811.47,301.97,811.47,293.97,811.47,288.63
ND__5tayePZm0Q_frame011662_r.jpg,0,674.12,199.23,643.89,205.80,618.17,214.75,599.83,221.97,585.67,229.83,616.00,237.83,586.00,242.59,586.00,242.59,586.00,234.62,624.00,253.50,596.67,256.17,586.00,251.97,586.00,242.59,627.67,263.83,608.67,271.83,595.33,269.83,584.00,262.17,637.33,281.50,612.67,287.50,596.67,286.83,584.33,281.50
ND__AnEOS_HROk_frame001501_l.jpg,0,103.00,1190.00,278.83,971.58,360.94,850.58,468.97,745.43,559.72,630.20,275.95,644.60,348.00,561.50,422.88,522.16,500.66,512.08,349.42,670.53,421.44,610.03,490.58,585.54,566.00,547.50,404.00,709.50,476.00,650.50,537.00,627.50,594.00,616.50,453.00,773.50,492.00,733.50,540.00,703.50,589.00,672.50
ND__ILO_F0WeC4_frame000898_r.jpg,0,-358.00,-49.00,-220.00,-55.00,-82.00,-57.00,50.00,-51.00,143.33,-39.83,-74.00,-41.00,24.67,-45.00,128.00,-34.33,186.00,-9.00,-98.00,25.00,116.00,35.00,174.00,87.00,204.00,137.00,-94.00,111.00,110.00,163.00,154.00,205.00,112.00,203.00,-106.00,207.00,42.00,257.00,88.00,243.00,54.00,219.00
ND__ILO_F0WeC4_frame011662_r.jpg,0,588.00,465.17,624.09,464.23,646.83,461.42,666.75,466.34,681.75,471.03,656.20,452.28,671.67,442.67,686.67,442.44,696.00,445.75,646.59,458.61,662.53,464.00,676.36,479.70,683.86,489.78,633.00,473.84,648.70,482.28,661.60,494.00,668.00,506.00,621.28,491.89,633.00,500.56,643.31,511.58,652.69,519.55
ND__IenkBmGaAQ_frame003001_l.jpg,0,525.00,676.75,484.00,684.25,444.00,696.25,425.00,719.25,413.00,742.75,462.00,711.75,435.00,750.25,419.50,769.75,410.00,787.25,482.00,720.75,467.00,751.75,454.00,771.75,439.50,790.75,502.00,731.25,488.50,762.75,478.50,779.25,467.50,792.75,519.00,734.75,512.00,754.25,505.00,769.75,494.50,782.75
ND__IenkBmGaAQ_frame009901_r.jpg,0,189.11,367.47,178.52,312.75,168.52,276.86,174.99,243.91,187.94,206.25,142.04,253.91,139.10,212.14,154.40,172.72,170.29,139.18,167.93,264.50,174.40,217.43,217.36,183.31,235.60,175.66,199.12,283.33,212.65,238.61,246.19,218.02,257.37,213.90,234.42,304.51,254.42,275.09,271.67,256.42,274.43,242.73
ND__IenkBmGaAQ_frame018601_l.jpg,0,210.20,286.00,211.86,238.90,208.37,205.73,248.17,217.60,285.87,223.54,272.12,152.37,300.45,182.03,301.12,215.70,276.79,209.70,277.15,194.21,322.49,215.55,304.44,236.22,282.54,227.99,282.38,217.95,318.81,232.58,304.73,253.56,283.29,244.99,282.03,239.95,316.47,245.58,301.64,260.82,280.84,256.82
ND__L6moEr9r_o_frame000501_l.jpg,0,486.52,667.79,478.73,657.75,472.56,651.31,464.44,655.93,459.82,663.40,448.50,663.29,442.73,671.28,441.81,678.51,442.43,683.74,451.47,674.71,453.03,669.51,458.80,667.04,466.09,665.51,457.07,683.28,458.33,678.10,463.38,674.57,468.91,671.63,462.57,687.46,462.91,683.63,466.44,680.68,469.97,678.45
ND__Lctzx44rJA_frame002692_l.jpg,0,239.67,1046.00,263.02,899.57,248.58,742.60,277.45,592.86,317.14,481.00,66.36,580.23,109.66,464.76,200.83,390.67,291.88,354.70,182.83,580.67,214.30,484.60,289.83,440.67,416.37,410.63,248.58,610.90,285.83,535.67,364.83,496.67,459.83,532.67,309.93,659.61,330.83,582.67,385.83,559.67,465.83,604.67
ND__Lctzx44rJA_frame007476_r.jpg,0,1287.50,457.75,1209.50,460.25,1186.50,450.25,1195.00,409.75,1223.00,392.25,1277.50,364.25,1265.00,339.25,1261.50,364.25,1269.00,383.25,1260.00,373.25,1236.50,340.75,1238.50,367.75,1248.59,386.68,1234.00,388.75,1213.00,349.75,1211.50,377.25,1222.50,396.25,1303.50,366.75,1305.00,341.25,1288.00,363.25,1289.50,381.75
ND__M-9xA89l-8_frame008093_r.jpg,0,477.67,898.17,484.67,812.17,476.67,746.17,468.67,674.17,469.67,598.17,393.00,673.17,403.02,583.30,460.92,494.57,538.37,428.40,433.00,782.67,412.00,692.17,472.00,585.17,566.19,499.84,509.67,826.17,523.67,784.17,531.67,742.17,569.67,626.17,625.67,833.17,665.67,808.17,705.67,774.17,738.67,736.17
ND__M-9xA89l-8_frame077113_r.jpg,0,703.00,511.00,667.53,467.15,628.97,433.83,631.35,389.55,625.64,352.90,676.58,403.36,671.34,362.89,672.77,335.28,673.33,318.58,706.33,408.23,702.76,343.85,696.47,329.87,692.13,318.53,738.33,410.63,739.42,354.80,729.90,339.56,713.53,337.83,765.53,423.83,772.27,384.79,764.65,365.27,747.53,357.03
ND__M-9xA89l-8_frame177073_r.jpg,0,480.50,624.75,524.23,605.78,548.26,590.23,567.58,579.86,598.68,564.79,523.83,569.00,506.50,555.67,504.83,570.33,503.83,586.33,486.17,578.00,469.17,567.00,470.52,581.75,470.05,596.83,457.32,594.94,450.50,578.25,442.72,589.76,441.77,601.07,442.25,613.32,428.00,603.75,421.04,611.43,413.50,622.74
ND__M-9xA89l-8_frame224435_r.jpg,0,585.33,532.00,632.67,493.08,653.05,450.51,677.40,431.19,699.24,401.79,666.48,456.80,697.14,442.53,728.63,439.59,759.29,441.27,676.98,481.16,708.48,470.24,747.95,466.88,780.70,469.40,682.86,510.13,714.78,501.74,744.59,498.38,776.92,497.12,681.60,541.63,711.00,542.89,738.29,542.05,765.17,542.47
ND__M-9xA89l-8_frame233479_l.jpg,0,677.10,620.37,740.73,645.24,761.93,656.84,778.73,663.64,796.73,674.04,728.73,638.84,735.13,655.24,740.83,672.25,745.33,703.25,683.53,679.24,672.33,690.84,655.53,689.64,631.50,682.77,612.77,678.13,589.24,690.04,556.30,691.97,511.26,685.77,596.33,670.84,569.13,672.84,547.53,668.44,521.13,663.24
ND__M-9xA89l-8_frame237287_l.jpg,0,839.27,681.80,805.20,632.22,773.70,598.22,741.20,575.72,707.20,547.72,647.93,701.72,578.93,704.22,518.10,667.93,478.90,634.77,649.43,713.22,582.43,714.72,525.93,697.22,482.10,654.37,645.43,707.72,579.46,699.68,537.03,673.64,509.43,641.72,643.43,689.22,596.93,685.72,561.43,671.72,539.43,649.72
ND__Qon5gd7Op0_frame003001_r.jpg,0,1361.00,860.00,1281.00,800.00,1244.61,673.27,1171.25,545.62,1118.43,409.16,1320.00,353.50,1290.10,215.48,1203.53,168.53,1092.01,150.92,1256.00,371.50,1201.00,276.50,1117.00,212.50,1024.52,186.14,1196.19,393.02,1150.00,332.50,1082.00,275.50,1000.00,238.50,1147.00,420.50,1093.00,368.50,1053.00,332.50,993.00,308.50
ND__YPsn_Q05UQ_frame000301_r.jpg,0,583.00,879.00,507.67,740.42,430.86,595.67,348.15,483.41,283.16,388.88,528.35,449.44,441.20,374.11,355.53,375.58,286.11,382.97,502.00,502.50,423.48,459.78,357.01,458.30,281.68,464.21,532.00,549.50,447.11,521.81,397.00,534.50,336.00,552.50,563.80,616.34,512.00,596.50,458.00,618.50,408.71,659.18
ND__YiWAWaenAk_frame000301_l.jpg,0,619.33,499.67,583.06,452.49,548.53,424.97,519.33,415.00,485.97,416.96,590.07,440.48,535.52,444.48,485.97,444.48,444.43,443.48,589.57,485.52,499.98,481.02,453.94,467.51,420.40,452.49,576.83,513.42,492.83,509.42,448.93,487.53,425.33,467.42,571.83,536.92,503.33,532.92,471.83,516.42,449.33,495.42
ND__hjMzO4Y9u8_frame000240_r.jpg,0,1170.00,-54.00,1386.00,-106.00,1544.00,-94.00,1648.00,-90.00,1738.00,-108.00,1512.00,-48.00,1650.00,-20.00,1756.00,-20.00,1836.00,-36.00,1512.00,2.00,1672.00,130.00,1780.00,168.00,1864.00,186.00,1414.00,68.00,1580.00,240.00,1600.00,166.00,1590.00,116.00,1350.31,179.62,1423.26,227.04,1502.00,216.00,1566.00,178.00
ND__mvusLXdacQ_frame001801_l.jpg,0,1339.00,865.00,1053.00,793.00,821.00,687.00,677.00,615.00,551.00,527.00,1001.00,513.00,815.00,303.00,733.00,293.00,683.00,297.00,1143.00,395.00,967.00,179.00,849.00,103.00,743.00,67.00,1249.00,339.00,1169.00,167.00,1047.00,63.00,932.20,-3.60,1399.00,365.00,1403.00,239.00,1347.00,145.00,1265.00,69.00
ND__spqblC2MI0_frame009270_l.jpg,0,206.00,642.67,213.61,586.88,196.04,534.92,241.89,477.60,299.96,418.76,136.43,418.00,207.33,359.33,250.00,330.67,288.00,324.00,191.45,427.93,227.37,388.20,277.33,363.33,320.00,347.33,222.67,447.33,257.17,415.71,299.33,392.00,344.67,382.00,248.76,474.55,278.00,452.67,310.00,437.33,339.33,423.33
ND__xGfgKCYT7A_frame012001_r.jpg,0,607.00,467.50,506.33,407.67,435.67,369.00,354.00,325.50,278.00,292.50,413.00,278.50,356.00,274.50,292.00,276.50,251.00,328.50,443.00,322.50,357.00,346.50,337.00,393.50,369.00,435.50,434.00,356.50,371.67,375.00,363.67,410.33,391.67,451.00,439.00,385.50,406.33,409.00,412.00,449.50,451.00,471.67
ND_a0LqMVeHM_g_frame000001_l.jpg,0,314.77,139.49,359.68,107.94,409.94,83.88,460.19,75.33,501.36,66.77,388.43,-2.50,440.41,-0.06,468.21,11.17,484.79,33.09,389.62,21.86,431.63,28.30,452.71,35.23,473.56,50.20,378.93,41.64,412.61,45.39,439.88,53.41,466.61,60.89,375.72,57.68,403.63,60.70,428.03,68.70,446.43,78.30
ND_a0LqMVeHM_g_frame001251_l.jpg,0,920.61,236.91,896.54,224.66,869.51,217.06,851.34,225.50,832.34,238.17,820.67,217.10,812.91,239.44,810.67,261.77,811.33,279.10,813.62,228.89,804.88,248.31,799.90,268.31,797.62,288.03,808.19,243.17,789.26,261.83,782.76,280.89,781.65,296.04,800.24,258.87,775.32,275.34,772.79,293.08,776.48,306.89
ND_aFTT6hkWwmQ_frame004801_r.jpg,0,474.71,488.83,518.50,420.75,544.00,386.75,556.00,357.75,570.00,336.25,495.88,328.21,563.50,304.83,604.50,310.17,634.50,310.50,508.33,336.10,572.83,317.50,613.83,345.50,615.17,371.47,528.25,349.80,582.50,341.25,610.37,357.87,621.57,396.67,541.94,378.02,585.94,362.25,616.77,369.07,635.33,384.25
ND_aFTT6hkWwmQ_frame007201_r.jpg,0,529.83,499.44,512.19,458.57,559.83,418.89,578.98,374.33,586.80,362.59,499.97,373.82,545.82,335.43,573.29,314.59,594.13,291.38,502.72,376.63,556.24,333.53,596.97,335.43,628.70,345.37,538.71,379.48,579.44,350.58,614.49,357.21,638.40,375.15,560.03,390.84,596.02,371.42,624.91,378.05,645.32,386.30
ND_aFTT6hkWwmQ_frame016501_r.jpg,0,414.99,625.92,446.76,598.28,487.93,576.51,517.93,562.39,536.17,552.39,487.01,530.63,495.29,514.42,520.29,511.99,545.02,507.26,440.81,526.83,461.34,510.41,485.02,517.26,510.29,523.57,400.81,531.47,411.86,507.78,433.44,517.26,466.08,524.62,371.86,555.68,369.76,537.78,392.39,539.36,412.39,541.99
ND_aFTT6hkWwmQ_frame019501_r.jpg,0,256.10,489.16,359.63,461.31,412.35,468.54,453.60,482.29,480.48,499.16,435.80,357.84,487.85,436.55,499.28,512.72,501.81,569.22,386.29,379.42,440.88,461.31,452.30,536.85,455.11,584.65,331.70,403.54,378.67,465.12,397.08,529.23,404.06,549.54,280.92,433.38,303.35,460.53,332.97,513.36,353.93,544.06
ND_aFUQaP7w9iE_frame000301_l.jpg,0,417.82,728.67,469.15,674.67,471.82,705.33,439.82,744.00,388.49,776.67,585.82,777.33,601.15,850.67,496.49,848.67,437.15,835.33,560.73,821.75,533.82,894.67,455.82,898.00,343.82,884.67,537.82,848.00,562.49,893.33,465.15,936.00,433.82,909.33,511.44,865.56,507.82,903.33,469.82,906.00,437.15,893.33
ND_aFUQaP7w9iE_frame001201_r.jpg,0,19.21,728.43,69.29,700.17,113.84,678.35,168.39,665.17,194.29,647.44,74.01,634.56,145.38,626.63,201.88,642.00,234.29,656.98,71.72,681.50,112.67,670.25,180.20,675.17,212.02,682.89,88.88,728.73,154.30,725.26,202.93,721.98,218.84,717.44,100.77,767.38,154.30,758.96,184.53,750.04,207.93,746.08
ND_aIRlmTz5Nes_frame001795_r.jpg,0,1218.14,472.96,1240.94,480.96,1254.14,490.16,1260.54,502.16,1262.14,511.76,1248.27,508.43,1257.74,535.28,1256.69,520.01,1249.32,500.01,1229.85,521.07,1245.72,531.22,1243.86,513.43,1232.48,501.07,1218.79,523.17,1235.64,526.33,1236.16,513.70,1227.74,507.38,1203.53,523.17,1217.74,522.12,1220.37,513.17,1211.95,504.75
ND_aIRlmTz5Nes_frame003290_l.jpg,0,1083.10,710.61,1058.95,713.53,1044.80,715.97,1031.63,719.39,1023.34,725.73,1031.67,715.57,1021.22,723.13,1015.08,736.95,1011.22,750.24,1042.92,718.70,1030.88,728.30,1028.10,740.18,1024.14,757.07,1056.39,720.75,1047.41,732.58,1040.88,745.44,1034.55,759.93,1073.53,724.42,1063.94,735.03,1058.63,745.85,1051.49,758.50
ND_aIRlmTz5Nes_frame011961_l.jpg,0,593.30,681.48,632.34,639.44,666.57,595.00,688.19,564.37,714.62,536.14,684.59,540.34,729.63,521.12,770.47,524.73,807.11,542.15,702.37,576.04,746.87,597.54,763.37,613.54,779.37,647.54,703.87,608.54,734.37,611.54,742.87,636.04,724.87,673.04,707.07,628.82,729.63,631.63,720.20,653.19,701.45,677.57
ND_aIRlmTz5Nes_frame015250_r.jpg,0,898.38,534.89,887.33,512.78,878.38,487.52,883.12,465.94,891.54,448.57,927.86,484.89,936.80,468.05,913.65,475.41,903.12,492.26,939.44,506.99,944.70,488.57,925.75,497.52,919.96,509.10,947.33,527.52,948.38,511.73,929.44,518.05,928.38,529.62,952.07,544.89,954.17,529.62,937.33,532.78,934.70,543.31
ND_aIRlmTz5Nes_frame015848_r.jpg,0,556.32,315.62,585.52,316.02,604.50,326.83,620.09,350.95,616.01,378.41,635.68,348.72,640.50,386.95,629.37,401.05,614.52,409.95,625.29,362.82,621.20,399.56,607.10,408.84,591.89,418.86,608.21,371.36,602.28,405.13,589.29,415.52,576.67,424.05,587.06,383.98,582.98,407.36,569.73,424.75,560.06,432.42
ND_aOMXuuC_sHU_frame001795_l.jpg,0,520.75,574.83,518.25,484.83,513.25,404.00,574.08,310.67,639.08,296.50,479.92,314.83,501.58,241.50,544.92,217.33,604.92,198.17,554.92,339.83,582.42,292.33,615.75,266.50,658.25,232.33,583.25,387.33,624.92,344.83,661.58,302.33,687.42,278.17,617.42,415.67,655.75,377.33,680.75,349.83,703.25,334.00
ND_aOMXuuC_sHU_frame002094_l.jpg,0,496.08,631.54,500.69,551.54,513.77,453.85,608.38,379.23,672.23,385.38,503.77,389.23,529.15,316.15,580.69,297.69,609.92,289.23,566.85,423.08,595.31,377.69,633.77,334.62,675.31,308.46,603.00,453.85,641.46,408.46,683.00,364.62,720.69,336.92,633.77,476.15,677.62,432.31,716.08,399.23,734.54,384.62
ND_aT-7zHC__qk_frame000001_l.jpg,0,191.91,198.52,178.65,195.84,163.25,186.19,153.04,179.32,141.72,172.64,172.90,179.88,164.55,191.01,154.90,201.40,147.29,206.04,183.10,190.83,174.20,200.85,160.28,211.98,150.45,222.37,189.78,203.26,180.13,209.94,166.40,220.51,155.64,231.09,197.00,214.68,189.66,223.87,181.29,231.42,169.25,237.34
ND_aTu8teDhHiw_frame007476_r.jpg,0,302.42,872.50,350.63,800.59,402.39,745.88,430.46,691.15,450.32,648.12,334.75,618.82,318.73,559.56,365.07,598.46,410.04,648.24,275.33,654.71,283.96,624.12,344.38,677.91,398.18,733.36,228.86,710.00,245.92,671.18,320.38,739.98,370.87,789.64,222.39,774.71,229.45,742.94,281.48,778.06,330.31,807.85
ND_aTu8teDhHiw_frame008971_r.jpg,0,322.63,881.72,329.44,795.44,337.64,714.86,349.79,672.71,360.50,641.29,233.76,668.60,186.40,618.34,236.35,647.10,299.93,678.13,200.82,736.24,170.51,705.37,265.11,750.78,336.25,788.63,200.23,781.54,131.15,766.68,247.71,809.82,315.82,834.04,174.93,843.30,117.53,844.63,187.92,853.71,256.79,853.71
ND_aTu8teDhHiw_frame018838_r.jpg,0,356.64,876.36,418.78,780.14,439.66,724.48,449.94,681.11,493.93,632.63,322.41,647.06,338.07,615.93,393.04,645.15,443.83,681.11,265.35,699.41,308.15,698.73,387.47,735.61,454.27,783.62,230.06,752.35,267.10,769.01,358.94,808.67,437.12,832.94,212.41,813.53,189.86,819.80,241.35,836.50,299.80,840.67
ND_aTu8teDhHiw_frame019735_r.jpg,0,260.27,691.55,312.09,740.64,365.92,783.67,391.75,843.67,410.92,906.17,375.92,737.00,420.10,842.47,420.10,927.27,419.25,991.17,293.71,749.51,303.49,804.96,313.28,913.41,314.91,980.28,229.25,757.00,229.29,814.75,245.08,937.00,287.58,940.33,170.08,768.67,151.01,836.76,177.10,897.92,213.42,908.67
ND_aTu8teDhHiw_frame020931_r.jpg,0,235.96,1014.14,275.62,946.77,321.00,889.08,357.92,854.46,419.46,831.38,314.08,732.15,363.58,694.21,399.02,757.13,409.46,819.08,225.32,728.77,275.84,766.88,320.15,868.79,347.62,956.53,167.72,770.42,222.66,826.25,263.43,921.97,294.85,984.46,114.54,832.46,170.38,896.27,204.85,939.08,226.38,969.85
ND_aTu8teDhHiw_frame023622_r.jpg,0,484.08,717.67,544.92,711.00,607.56,713.92,663.22,672.17,670.65,617.44,726.17,520.83,764.83,498.83,778.17,464.17,752.83,470.83,652.17,474.83,691.06,390.14,666.01,430.96,628.17,462.17,584.17,458.17,615.91,382.72,588.08,437.46,566.17,496.83,512.83,452.17,518.83,366.83,530.17,378.83,537.05,417.04
ND_aTu8teDhHiw_frame024519_r.jpg,0,444.49,685.51,493.79,634.35,550.53,550.63,624.01,522.73,690.05,509.70,579.36,486.45,680.75,462.26,747.72,482.73,795.16,510.63,593.32,532.03,699.36,514.35,774.70,548.77,829.58,572.02,595.18,576.68,695.63,568.30,740.28,612.02,749.58,639.93,602.62,631.56,679.82,622.25,712.38,644.58,708.91,663.90
ND_aXI8mq6y2tM_frame000001_r.jpg,0,1272.75,1008.52,1040.00,1155.07,907.81,1347.60,695.17,1451.05,545.75,1628.00,514.14,1111.97,275.63,1103.35,80.23,1091.86,-60.14,1086.57,508.39,922.32,258.39,913.70,40.00,902.20,-81.57,890.86,560.11,767.15,330.23,747.03,134.83,721.17,-25.86,709.43,626.21,634.96,514.14,588.00,368.43,542.29,204.14,498.00
ND_aZkOQlCC-Hk_frame010167_l.jpg,0,1011.48,216.40,955.10,193.12,885.03,156.77,837.39,127.94,797.39,98.53,887.70,52.18,827.64,57.69,790.33,99.71,774.45,150.89,909.76,62.59,846.03,73.62,816.61,128.16,820.29,175.35,941.62,87.72,877.89,103.04,852.15,158.80,848.48,194.96,969.81,128.77,917.72,149.00,890.33,193.24,922.68,200.30
ND_aZkOQlCC-Hk_frame017642_r.jpg,0,500.42,200.14,512.77,157.84,538.76,113.72,554.07,100.60,578.14,87.47,499.63,64.72,523.91,37.26,556.54,54.77,576.44,80.63,481.33,74.27,510.38,61.53,553.17,93.87,575.24,123.87,466.30,97.52,500.43,94.96,539.43,123.61,570.87,152.26,441.30,134.83,455.14,124.44,486.10,126.40,515.91,121.75
ND_aZkOQlCC-Hk_frame018240_l.jpg,0,890.95,344.76,823.80,341.11,799.81,344.54,770.48,353.30,739.25,360.92,778.10,271.42,727.36,301.09,717.70,333.42,730.36,366.42,777.72,267.61,728.59,298.08,729.03,340.09,749.03,363.42,785.71,273.70,745.34,302.27,752.20,343.78,774.36,372.42,805.28,280.97,770.10,311.41,772.00,342.26,787.24,360.92
ND_afzUpCoDf2U_frame003290_r.jpg,0,1925.95,1296.19,1599.29,1294.52,1360.95,1176.19,1268.86,1054.44,1204.29,917.86,1566.26,973.50,1398.74,783.38,1235.95,836.19,1175.95,872.86,1667.62,837.86,1322.62,677.86,1230.95,792.86,1212.62,882.86,1667.91,777.74,1385.95,657.86,1297.62,794.52,1352.62,967.86,1643.44,768.32,1447.68,706.21,1369.29,762.86,1384.29,871.19
ND_aktFussLQ6k_frame000001_r.jpg,0,726.09,136.73,693.01,149.81,675.42,185.37,667.73,225.65,668.46,268.50,620.65,196.37,617.99,251.04,629.99,279.71,653.99,322.37,650.65,205.71,652.72,261.18,683.32,279.71,724.86,284.61,675.99,210.37,687.87,252.39,715.34,263.01,739.14,253.85,687.99,215.04,697.32,243.04,715.32,246.37,732.65,245.71
ND_aqDqvuffwKU_frame008971_l.jpg,0,30.71,643.75,70.71,591.25,107.43,513.76,147.71,479.52,171.88,462.74,44.99,456.69,87.29,456.02,122.38,465.42,158.21,478.75,53.05,497.65,94.88,495.42,121.55,504.58,151.55,526.25,32.90,535.92,57.75,537.26,86.61,539.94,116.83,556.73,37.60,579.56,56.55,575.42,74.88,584.58,81.55,608.75
ND_arMflWot69I_frame001197_r.jpg,0,1064.83,292.69,1064.83,322.56,1058.98,366.72,1019.37,372.57,998.91,376.79,1029.11,319.97,1000.86,357.31,979.76,377.76,954.43,391.40,1000.21,301.78,976.47,349.56,987.67,371.16,1009.27,360.36,980.47,301.16,971.67,339.96,984.07,356.36,1000.87,345.56,970.34,301.13,967.27,331.96,978.46,339.77,989.82,326.46
ND_arMflWot69I_frame005084_l.jpg,0,669.42,549.05,644.38,510.77,621.20,490.32,587.11,484.86,573.02,472.13,571.66,489.86,554.84,488.50,543.74,485.45,542.07,472.95,566.66,523.95,543.47,516.68,525.29,505.32,534.84,491.22,578.47,550.32,543.02,538.95,541.20,520.77,549.38,507.13,598.02,570.77,588.02,557.13,580.41,543.71,593.93,530.77
ND_atQpg1T_G5s_frame001751_l.jpg,0,508.66,427.00,499.16,440.25,491.89,449.57,486.89,461.16,484.39,472.75,503.63,450.43,500.04,464.02,496.97,472.73,493.44,482.87,513.12,455.55,506.78,470.59,501.78,484.19,498.91,490.00,520.56,458.12,517.99,476.58,514.15,487.86,508.25,497.86,522.10,462.48,520.30,476.32,517.99,485.04,513.89,493.50
ND_atQpg1T_G5s_frame002751_l.jpg,0,614.06,411.91,612.52,395.83,599.55,385.72,587.36,384.73,579.89,388.46,593.29,399.12,580.78,395.64,573.18,388.24,571.98,381.87,588.63,413.00,575.98,408.10,566.18,402.59,564.14,395.45,584.28,420.97,573.68,415.57,569.48,410.57,566.59,405.86,585.28,424.97,575.48,422.57,570.08,418.37,565.98,412.59
ND_atQpg1T_G5s_frame003501_r.jpg,0,392.86,-122.92,464.68,-101.10,513.77,-22.92,522.86,37.99,515.09,82.30,508.39,-11.52,540.41,79.32,526.49,143.44,510.13,172.53,436.90,12.30,454.03,147.83,429.22,131.62,422.86,78.90,366.91,22.73,384.78,141.87,416.49,136.17,410.13,88.90,304.36,34.64,337.40,112.53,361.95,115.26,382.86,111.62
ND_atQpg1T_G5s_frame006251_l.jpg,0,233.89,34.11,169.65,48.94,102.56,72.81,68.39,136.97,34.22,218.64,30.67,74.26,-23.28,118.64,-44.94,149.47,-51.61,190.31,115.91,89.09,31.91,128.62,-5.78,180.31,-24.94,234.47,143.71,102.06,85.03,135.41,71.44,211.39,71.72,249.47,195.89,128.64,169.03,155.18,158.53,205.21,146.72,237.81
ND_atQpg1T_G5s_frame009501_r.jpg,0,472.91,302.71,499.25,306.39,524.17,315.73,537.48,340.09,553.06,362.46,467.82,350.57,463.85,379.17,478.14,393.52,503.97,405.19,470.64,385.60,480.28,397.01,490.82,407.06,515.27,415.95,479.71,381.88,497.12,397.43,515.27,400.02,534.53,398.54,491.57,382.99,511.43,394.18,520.82,394.84,532.68,391.13
ND_atQpg1T_G5s_frame014001_l.jpg,0,1240.74,598.60,1222.26,572.95,1203.23,549.22,1185.57,530.19,1159.91,524.12,1176.46,603.85,1147.22,590.60,1130.89,582.67,1121.33,571.37,1170.95,617.64,1147.77,607.43,1125.24,591.80,1109.59,578.32,1173.15,620.40,1138.72,608.76,1126.11,603.54,1113.07,592.67,1176.74,618.74,1153.50,618.32,1139.59,614.85,1127.42,610.06
ND_b99P3egKLsc_frame001501_l.jpg,0,459.47,780.92,433.64,720.45,420.91,654.09,400.00,606.82,375.14,559.38,514.66,582.37,478.18,504.09,421.82,520.45,353.64,550.45,565.26,621.47,512.73,544.09,420.91,550.45,355.45,577.73,550.69,670.53,472.73,628.64,386.36,621.36,304.55,625.91,523.09,722.66,464.07,685.87,398.18,678.64,344.55,667.73
ND_b9iitXnUYSA_frame000901_l.jpg,0,403.07,364.67,355.75,352.96,305.18,354.46,283.86,367.37,263.67,383.38,337.31,351.76,314.49,377.28,285.36,394.70,263.67,402.12,349.92,375.78,322.30,408.21,291.67,427.43,270.33,430.04,361.33,405.81,337.01,428.33,309.98,441.55,303.67,429.21,373.65,420.83,357.43,443.35,339.71,452.36,334.31,442.45
ND_b9iitXnUYSA_frame001201_r.jpg,0,129.88,375.31,177.21,324.11,182.35,290.54,226.87,275.85,251.95,263.59,128.19,286.40,161.69,271.72,201.16,267.59,236.05,268.50,149.76,322.21,208.05,303.39,249.82,290.08,288.26,278.32,167.20,353.42,214.47,332.76,259.91,316.70,297.55,305.22,180.05,380.04,218.00,360.31,245.69,350.20,264.50,335.06
ND_bKn8JK-CQhw_frame022725_l.jpg,0,726.20,202.52,740.86,246.51,752.86,285.83,786.85,313.16,820.84,342.48,851.50,246.51,899.44,232.25,929.94,243.75,962.44,261.75,870.16,235.18,911.94,256.25,942.94,278.25,986.94,312.75,881.94,225.25,915.49,223.84,952.94,239.25,986.94,250.25,870.33,209.72,911.49,205.85,935.48,204.52,959.47,203.85
ND_bQ9gEUxY-hE_frame001251_r.jpg,0,389.46,-118.21,463.75,-73.21,503.04,-10.36,521.33,63.78,511.00,124.59,436.42,46.57,473.71,125.17,493.79,82.14,484.61,50.58,403.04,64.51,439.86,120.58,459.37,85.58,454.20,54.60,365.54,68.26,403.66,106.38,420.35,81.56,415.76,52.30,334.91,53.88,373.66,81.38,396.79,72.01,390.52,51.16
ND_bRLSdQCylWo_frame001001_r.jpg,0,498.19,530.16,520.08,550.83,543.58,577.58,548.85,607.97,550.07,637.96,547.23,612.03,546.83,646.88,540.34,669.17,534.78,684.37,525.35,619.32,521.29,656.61,513.19,676.87,508.24,691.68,501.84,620.54,500.63,652.55,494.95,673.22,491.71,689.03,479.15,618.11,478.74,640.40,475.50,655.39,473.88,667.95
ND_bRLSdQCylWo_frame001751_l.jpg,0,681.25,134.51,690.65,145.25,700.46,158.01,702.20,170.23,705.99,182.25,690.39,170.36,689.18,177.61,687.30,185.40,685.95,195.74,682.19,170.23,681.31,177.14,680.67,186.08,679.11,195.74,675.21,170.23,673.44,177.35,671.31,185.01,669.98,195.74,668.23,169.02,665.41,176.40,661.92,182.31,658.97,188.63
ND_bRLSdQCylWo_frame005751_r.jpg,0,732.26,365.06,744.81,364.07,757.64,364.70,762.48,371.20,763.90,381.12,769.45,370.04,777.92,383.16,783.89,389.63,789.54,396.44,766.30,383.32,770.28,398.60,764.64,404.74,758.99,402.25,759.49,390.46,757.50,406.07,751.50,403.81,746.87,400.59,748.20,395.28,742.08,403.81,734.96,400.35,731.11,395.16
ND_bRLSdQCylWo_frame006751_l.jpg,0,763.55,614.91,744.95,625.66,721.71,634.66,706.02,648.61,685.98,650.06,739.14,641.05,735.37,656.74,731.30,670.40,729.05,684.73,756.28,644.54,754.83,660.52,754.54,676.79,756.83,690.01,772.55,646.57,772.26,660.81,772.66,674.18,772.11,685.01,787.66,646.57,793.18,660.52,797.25,670.11,798.58,681.03
ND_bSsaepDSoW4_frame009270_r.jpg,0,1191.00,985.09,1010.80,898.71,815.70,833.18,772.51,658.94,701.79,533.12,964.63,638.09,836.55,469.80,742.73,468.32,690.61,511.50,1059.94,562.14,890.17,437.04,803.79,466.83,775.49,557.67,1112.07,560.65,908.04,477.25,853.04,538.12,805.54,619.38,1126.96,560.65,959.29,555.62,889.29,605.62,833.04,665.62
ND_bTZuRGPrHrY_frame001197_l.jpg,0,736.27,496.51,703.25,434.00,677.29,389.67,629.92,390.16,602.85,401.76,586.41,392.58,535.17,379.52,551.12,385.32,576.75,394.50,561.76,443.82,507.62,445.27,532.27,450.10,553.06,448.17,565.63,497.96,573.75,472.00,609.75,465.00,632.75,490.50,593.18,548.23,592.75,507.00,629.75,508.00,640.25,526.50
ND_bXhU-hZdbxg_frame044001_l.jpg,0,560.56,325.14,586.56,333.81,606.20,344.11,615.57,359.15,622.72,375.92,619.76,302.19,632.58,299.48,643.19,302.68,652.80,306.88,616.56,317.81,626.78,322.03,634.11,333.58,637.89,340.92,607.92,328.33,616.78,334.25,622.56,342.03,627.67,350.25,599.67,338.03,607.67,340.69,613.00,345.14,618.33,352.03
ND_bXuBoeJSvbM_frame001251_l.jpg,0,-222.00,955.00,-79.00,880.00,79.00,838.00,227.00,742.00,368.29,649.12,-69.50,447.00,-11.50,321.00,58.48,207.47,130.50,106.00,-127.50,434.00,-83.50,250.00,16.50,134.00,85.50,69.00,-188.50,430.00,-154.50,276.00,-102.50,168.00,-29.50,89.00,-273.50,439.00,-257.50,308.00,-211.50,208.00,-147.50,129.00
ND_bbHXpmoM0sQ_frame005293_r.jpg,0,1158.29,665.78,1065.14,580.69,967.40,512.84,863.91,450.75,766.33,371.67,1022.60,318.51,943.25,238.02,863.91,225.37,809.00,218.33,1053.00,324.33,973.00,251.67,885.67,273.00,803.00,295.00,1004.33,334.33,913.00,329.00,867.67,351.00,839.67,381.67,967.67,427.00,915.67,423.00,872.33,433.67,839.67,441.67
ND_bblJ0nkrOQQ_frame002094_l.jpg,0,155.56,79.70,216.86,83.69,254.90,75.15,293.33,87.96,335.64,96.11,278.25,26.00,308.75,61.50,306.25,96.00,286.73,107.36,278.97,61.56,294.11,87.57,279.36,112.41,259.17,116.29,269.26,75.53,278.58,96.50,266.55,109.31,249.85,112.02,259.17,86.40,263.44,101.54,254.56,107.50,241.76,108.90
ND_bfSRDaGb2Fc_frame047041_l.jpg,0,511.66,471.66,514.96,488.29,519.53,500.73,528.92,509.23,538.70,518.38,540.73,488.41,542.76,500.47,536.79,508.85,528.92,506.31,545.17,483.21,547.01,498.25,539.84,504.16,532.22,500.47,544.54,479.40,548.98,493.75,542.38,498.32,536.67,497.43,544.28,477.37,547.71,489.05,543.27,493.49,538.70,491.46
ND_bfSRDaGb2Fc_frame057121_l.jpg,0,386.67,492.21,402.88,503.40,413.36,510.35,424.69,515.88,434.75,516.33,424.13,491.30,430.50,509.88,422.78,514.26,416.25,516.17,423.93,484.93,428.50,508.93,421.74,511.97,415.33,511.83,418.21,483.98,425.73,505.57,420.53,508.23,415.07,507.83,414.12,483.22,422.67,496.63,420.21,503.02,415.26,501.59
ND_bgwyWpNKRrg_frame000599_r.jpg,0,534.08,605.00,596.58,616.50,639.58,644.00,679.08,667.50,705.08,685.50,658.58,674.00,685.08,728.50,690.08,756.50,693.08,785.50,639.08,689.50,657.08,739.50,667.58,767.50,672.08,796.50,607.08,706.50,622.58,746.50,631.58,775.00,636.58,797.50,557.58,717.00,567.58,749.00,577.58,777.50,586.08,793.00
ND_bgwyWpNKRrg_frame009270_l.jpg,0,-224.67,917.00,-108.67,781.00,98.18,633.01,283.34,548.14,474.67,466.37,76.00,479.00,213.33,420.33,358.67,357.67,498.00,327.67,166.83,595.00,354.83,497.00,491.64,432.42,581.83,381.00,182.83,707.00,343.83,609.00,489.83,514.00,610.83,446.00,287.83,774.00,367.83,727.00,444.83,668.00,518.83,574.00
ND_bozltk8thxU_frame011064_l.jpg,0,388.97,87.80,378.19,81.96,364.26,78.14,352.81,88.02,358.65,96.33,333.04,110.71,332.59,110.48,332.77,102.15,339.27,95.65,346.74,129.35,347.52,116.40,351.77,108.90,360.02,103.90,363.77,134.90,364.77,127.15,367.27,116.65,373.27,108.65,379.02,137.15,383.52,133.90,389.77,128.15,393.69,122.16
ND_bvKJkvztxEk_frame000301_l.jpg,0,-39.40,247.00,-3.80,236.20,50.80,216.06,112.76,206.31,164.40,189.10,69.16,154.68,145.00,174.20,196.60,198.20,232.67,216.64,67.80,190.60,135.00,208.20,184.20,225.40,223.80,242.60,68.01,221.80,114.48,232.70,145.47,251.64,180.46,268.27,45.00,259.80,63.00,266.20,83.00,276.60,108.17,290.65
ND_bw_oSYvGBKc_frame000001_l.jpg,0,603.00,84.70,662.67,62.53,702.67,59.20,749.33,69.20,806.00,78.53,742.25,102.03,806.25,110.53,853.75,121.53,882.25,128.53,736.75,134.53,793.75,147.03,844.25,161.03,867.25,172.03,732.75,162.03,783.25,180.03,828.25,192.53,861.25,208.53,725.75,197.53,773.25,210.03,800.25,216.03,821.25,221.03
ND_bw_oSYvGBKc_frame000600_r.jpg,0,1168.40,553.42,1198.30,483.37,1239.78,433.89,1291.10,448.57,1307.85,477.88,1344.37,473.73,1406.63,464.60,1446.47,463.77,1478.30,468.57,1347.69,535.16,1333.75,511.00,1301.75,511.00,1282.95,522.71,1322.79,579.98,1324.25,556.50,1296.25,553.50,1266.75,558.50,1291.25,623.50,1296.23,605.72,1276.31,597.42,1253.06,589.95
ND_bw_oSYvGBKc_frame013778_l.jpg,0,1384.50,-101.00,1301.50,-53.00,1242.50,-9.00,1184.65,55.89,1132.50,82.00,1325.10,93.10,1324.17,176.81,1305.57,234.48,1286.75,260.00,1391.15,105.19,1389.29,202.86,1367.89,265.18,1351.75,314.50,1436.72,95.89,1456.26,182.39,1440.45,251.23,1421.84,300.53,1458.12,83.80,1473.25,143.00,1479.75,196.00,1484.16,237.27
ND_c4C00l8sb7c_frame021301_r.jpg,0,1366.50,622.00,1353.50,566.00,1314.50,427.00,1222.50,381.00,1071.50,383.00,1225.33,349.33,1150.83,325.00,1055.83,321.00,1008.00,340.67,1237.33,469.33,1166.67,425.33,1063.83,403.00,1007.83,401.00,1243.33,531.33,1184.83,500.00,1110.83,471.00,1044.83,457.00,1236.67,600.00,1193.83,579.00,1130.83,547.00,1085.83,531.00
ND_c4C00l8sb7c_frame027001_l.jpg,0,239.50,756.00,316.04,596.52,368.57,471.16,484.37,422.22,579.88,345.81,414.50,385.00,485.50,345.00,588.50,320.00,647.93,312.38,452.14,508.17,520.19,478.33,630.50,447.00,682.50,442.00,474.82,572.64,539.29,558.32,636.50,532.00,680.50,525.00,490.34,660.99,547.65,641.88,601.50,622.00,659.50,606.00
ND_c7WbZz0mdeU_frame000001_r.jpg,0,541.50,170.00,478.50,199.00,393.45,254.78,308.85,298.36,243.06,349.63,313.12,124.89,218.28,206.93,169.57,257.34,155.04,306.05,299.45,47.99,171.28,115.50,138.81,189.84,150.67,246.83,329.33,31.50,213.33,159.50,236.67,220.17,274.00,250.17,357.33,38.83,270.00,144.17,271.33,205.50,306.67,235.50
ND_c8QxE_ZF1Fw_frame009868_r.jpg,0,505.93,449.58,526.46,443.21,545.96,431.75,560.46,424.75,572.46,427.25,540.54,415.58,562.94,422.17,561.43,432.77,557.31,437.28,531.47,420.05,559.77,436.66,552.35,445.03,545.99,444.72,528.54,433.89,555.38,448.81,547.97,453.68,541.45,451.99,525.16,446.20,547.05,457.89,543.79,462.59,537.36,461.68
ND_c8QxE_ZF1Fw_frame010765_r.jpg,0,485.95,327.27,517.72,307.49,531.27,295.94,542.01,286.40,554.38,279.50,495.73,263.06,521.30,244.87,542.13,251.03,552.46,262.20,493.51,266.84,521.28,248.84,543.94,256.62,557.05,266.84,498.62,277.28,521.72,261.73,545.72,266.39,559.46,273.53,507.95,290.17,526.39,279.50,544.63,277.70,558.80,278.20
ND_cAaz6_B6Zak_frame001201_r.jpg,0,339.88,756.17,448.59,674.64,488.00,769.00,462.00,947.00,388.00,1083.00,550.00,515.00,498.01,832.76,438.71,1069.95,391.77,1294.79,348.00,449.00,273.17,753.70,246.00,1089.72,250.94,1346.67,139.76,496.75,85.40,805.59,87.87,1121.84,119.99,1363.96,28.00,619.00,24.00,901.00,24.00,1049.00,56.00,1197.00
ND_cDXIkb31eu4_frame000718_r.jpg,0,884.00,309.00,611.85,139.98,425.92,-45.95,247.05,-62.43,64.00,9.00,491.82,149.39,355.31,149.39,225.87,154.10,84.66,203.52,517.71,307.08,376.50,311.78,190.57,349.44,70.54,375.33,536.54,485.94,369.44,511.83,230.58,533.01,110.55,523.60,626.00,651.00,458.00,673.00,331.78,662.46,218.81,653.04
ND_cFDd4eK12d4_frame009569_r.jpg,0,833.01,369.74,909.20,316.50,948.68,273.35,995.49,273.35,1057.91,322.92,1027.17,249.33,1137.17,373.33,1117.17,422.33,1051.17,418.33,1080.17,287.33,1156.14,390.85,1134.17,442.33,1061.17,432.33,1079.03,335.77,1172.17,433.33,1110.17,477.33,1057.00,466.12,1057.91,410.13,1141.45,478.98,1089.12,501.01,1024.17,493.33
ND_cFDd4eK12d4_frame040366_l.jpg,0,208.84,429.28,285.09,425.53,386.34,446.78,436.34,532.41,453.84,596.78,451.34,496.78,495.09,546.78,517.71,584.45,540.83,634.45,410.83,519.45,453.33,575.08,486.46,616.33,514.58,664.45,373.33,547.58,422.71,595.70,454.58,635.70,475.83,670.70,327.08,567.58,352.71,588.83,368.96,600.08,395.72,616.16
ND_cOqYwd-suh8_frame002701_l.jpg,0,277.25,0.71,272.28,34.04,271.97,65.67,278.80,97.92,286.55,122.10,318.79,79.31,330.76,95.06,341.40,110.86,345.59,121.51,325.30,62.26,329.03,88.61,320.96,101.02,302.98,106.60,324.06,39.01,324.99,74.66,316.00,85.82,303.29,88.92,320.96,27.53,321.27,45.52,315.59,60.54,303.29,68.15
ND_cQsXuWFfQgs_frame000901_l.jpg,0,717.16,361.50,703.61,351.06,693.13,345.25,669.25,334.44,655.17,335.66,690.07,340.97,675.17,330.35,663.74,323.01,651.90,316.48,695.58,357.70,678.64,350.56,666.19,348.31,656.19,345.87,689.88,370.12,676.79,372.67,662.42,375.58,650.68,378.31,690.27,386.27,679.46,390.97,669.46,395.05,660.27,397.70
ND_cQsXuWFfQgs_frame002701_l.jpg,0,737.05,328.24,735.05,313.94,735.57,300.15,738.02,287.96,743.11,281.81,775.22,293.90,771.24,283.04,762.60,277.84,750.96,274.23,779.32,309.76,781.12,295.70,766.14,293.76,752.61,291.30,772.47,317.67,766.32,309.05,751.38,302.38,738.72,297.80,761.22,327.86,753.48,319.07,744.52,312.22,733.97,304.13
ND_cQsXuWFfQgs_frame005401_r.jpg,0,440.64,481.43,450.14,450.32,463.97,417.91,486.01,398.46,503.73,386.77,485.58,398.46,504.09,372.13,519.81,353.20,535.27,337.96,498.38,418.56,517.66,401.77,540.89,387.66,561.63,375.56,511.94,439.51,533.38,428.56,555.58,418.34,575.89,407.10,519.29,465.01,542.19,460.69,560.77,455.50,578.92,451.18
ND_cQsXuWFfQgs_frame006901_l.jpg,0,720.89,45.05,753.57,64.34,781.68,94.50,762.62,122.83,723.98,134.68,753.57,163.28,715.74,185.68,695.14,163.01,672.47,135.71,704.62,176.44,680.71,216.59,652.38,190.32,634.35,159.41,673.57,172.23,654.09,203.28,623.57,185.91,608.83,160.65,657.78,165.91,627.78,178.55,608.83,165.91,589.08,152.40
ND_cQsXuWFfQgs_frame012601_l.jpg,0,-49.62,27.48,36.64,55.58,76.54,92.50,118.05,172.86,161.67,263.00,274.10,22.63,340.01,64.31,368.12,126.34,381.69,202.91,264.38,56.08,318.69,108.89,330.32,181.58,310.93,255.25,261.15,80.96,305.77,123.27,307.31,180.96,296.54,240.96,225.77,91.73,258.08,125.58,257.31,167.12,217.88,192.25
ND_cR9zlAQUYIA_frame003888_r.jpg,0,2409.29,1077.75,2368.29,921.71,2294.00,717.43,2144.00,606.00,1986.07,571.68,1911.57,695.93,1764.57,653.93,1622.57,697.93,1469.57,825.93,1882.57,878.93,1652.57,875.93,1441.57,937.93,1237.57,996.93,1865.57,994.93,1669.57,1003.93,1501.57,1044.93,1359.57,1114.93,1875.57,1108.29,1722.71,1152.57,1627.00,1194.00,1551.29,1259.71
ND_cTi9iTWAx8Y_frame008986_r.jpg,0,839.95,246.79,815.74,212.05,757.32,189.42,685.74,201.53,659.95,211.53,703.11,162.05,671.19,160.58,640.28,172.40,636.30,196.79,705.24,197.32,669.98,189.95,646.30,198.89,644.19,219.42,706.30,224.68,671.56,219.42,648.93,224.68,646.82,245.21,706.82,248.89,676.82,246.79,654.72,255.74,657.88,278.37
ND_cTi9iTWAx8Y_frame018570_l.jpg,0,728.12,357.44,688.90,319.22,656.66,263.87,637.04,233.04,625.83,198.70,563.47,329.73,494.81,352.85,463.98,339.54,451.36,315.02,565.00,363.69,516.25,351.19,485.62,334.31,459.38,308.06,580.62,385.56,523.12,375.56,497.50,358.06,474.38,320.56,596.15,394.06,567.72,388.80,546.15,373.54,528.78,350.90
ND_cenOA0SGYb4_frame000251_r.jpg,0,1662.50,958.75,1550.00,898.75,1402.50,808.75,1200.00,678.75,827.50,633.75,1554.29,595.18,1369.29,417.68,1214.29,355.18,1091.79,322.68,1671.79,515.18,1444.29,355.18,1284.29,295.18,1164.29,262.68,1809.29,485.18,1614.29,367.68,1514.29,320.18,1396.79,285.18,1916.79,472.68,1781.79,375.18,1674.29,332.68,1581.79,305.18
ND_chAFbaS5wFk_frame000481_l.jpg,0,1032.12,159.62,1037.69,69.92,1038.29,-8.56,979.23,-43.92,917.69,-57.77,1025.95,37.72,931.06,19.21,885.38,-22.38,850.00,-57.77,981.21,104.07,882.46,48.53,826.92,-5.46,796.92,-46.23,928.74,140.33,820.74,67.04,792.19,21.52,770.77,-11.62,868.57,154.99,809.16,86.33,780.00,46.85,762.31,10.69
ND_cmyHsRS_21s_frame001795_r.jpg,0,459.38,382.30,533.58,406.35,615.58,444.35,651.58,527.35,621.58,583.35,640.29,537.42,720.58,619.35,759.58,663.35,812.58,726.35,608.86,574.56,623.15,703.13,588.86,683.13,577.43,605.99,530.29,591.70,538.86,688.85,503.15,645.99,491.72,591.70,450.29,591.70,448.86,630.27,428.86,597.42,427.43,548.85
ND_cmyHsRS_21s_frame002393_l.jpg,0,1091.00,148.08,1085.26,241.05,1079.43,331.79,1110.23,400.38,1144.08,426.54,1183.31,296.54,1247.60,368.42,1272.54,414.23,1295.05,451.67,1223.31,268.85,1287.56,331.79,1267.92,368.85,1215.62,347.31,1258.42,238.55,1304.21,286.83,1280.23,320.38,1247.15,305.00,1278.40,203.58,1307.54,236.05,1291.77,275.77,1256.38,255.00
ND_d5Z32tI1Uqg_frame007801_l.jpg,0,960.10,594.15,972.10,574.15,992.19,569.03,1014.06,570.98,1035.94,576.06,1043.75,510.44,1064.45,485.44,1081.25,469.42,1099.61,449.11,1057.42,527.23,1083.27,526.04,1075.39,558.88,1050.39,576.06,1055.85,552.82,1073.14,567.44,1052.95,586.04,1032.31,587.98,1052.63,576.04,1058.11,588.30,1041.02,592.49,1029.08,590.88
ND_d5Z32tI1Uqg_frame009901_r.jpg,0,993.92,953.95,1014.09,958.05,1031.05,961.37,1055.10,977.19,1081.42,989.15,1023.31,1032.90,1052.83,1067.66,1085.63,1080.46,1112.63,1080.23,1041.23,1034.86,1060.43,1064.86,1088.03,1075.66,1114.92,1075.62,1059.54,1034.95,1073.23,1056.06,1093.63,1068.06,1132.03,1075.26,1072.83,1033.26,1092.43,1050.06,1110.43,1059.66,1136.03,1065.26
ND_d5Z32tI1Uqg_frame012301_r.jpg,0,1007.92,876.82,933.39,787.15,860.02,696.32,769.18,649.73,735.20,628.08,1105.74,583.35,1166.30,505.33,1102.00,483.50,1028.00,493.50,1126.70,650.90,1102.00,551.50,1027.00,550.50,978.00,563.50,1165.00,699.50,1089.00,614.50,1033.00,609.50,977.00,627.50,1169.00,747.50,1093.00,686.50,1035.00,677.50,987.00,699.50
ND_d5Z32tI1Uqg_frame013201_l.jpg,0,850.70,875.35,847.04,910.14,839.72,937.60,841.24,972.39,862.91,994.37,875.73,889.39,894.65,932.11,890.76,956.18,881.96,977.38,895.16,872.18,910.76,933.78,904.76,962.58,898.36,978.18,919.98,881.45,923.96,926.58,915.96,953.38,911.96,973.78,931.56,888.58,932.36,913.38,927.96,935.38,922.72,952.56
ND_d5wvg4Uuht8_frame001496_l.jpg,0,880.36,816.32,886.27,829.50,882.18,839.05,870.36,878.59,862.64,895.86,945.82,891.77,956.73,932.23,961.27,950.86,967.18,980.86,924.45,902.68,935.82,937.23,943.09,966.77,950.36,994.05,910.82,911.77,919.91,941.77,924.00,967.23,925.36,991.32,903.09,917.23,910.36,948.59,911.27,964.50,911.27,979.05
ND_d5wvg4Uuht8_frame001795_r.jpg,0,204.81,1151.40,337.12,1044.48,457.89,931.40,510.98,829.56,553.43,683.00,334.00,937.00,581.00,961.00,584.00,1053.00,450.97,1039.86,292.66,1039.79,590.20,1062.17,574.81,1127.55,450.97,1119.86,291.74,1105.25,576.35,1116.79,570.97,1175.25,460.97,1169.09,296.35,1162.17,561.74,1183.71,563.27,1232.94,463.27,1232.17
ND_d5wvg4Uuht8_frame014054_l.jpg,0,1000.36,645.39,1013.57,666.11,1045.71,673.96,1085.71,678.25,1100.71,679.68,1078.93,641.11,1122.86,653.96,1111.07,665.39,1090.36,662.89,1078.30,650.44,1113.71,664.36,1101.54,675.17,1081.43,670.04,1076.24,660.15,1107.22,673.00,1096.07,684.32,1080.46,680.30,1073.71,672.46,1100.46,684.36,1088.03,691.92,1072.36,688.14
ND_d5wvg4Uuht8_frame019735_r.jpg,0,986.71,821.11,1011.71,817.48,1026.71,830.66,1040.34,861.11,1049.44,883.84,1054.44,797.93,1080.69,838.20,1071.28,852.90,1055.34,853.84,1063.07,812.48,1091.28,859.08,1077.46,869.08,1060.80,873.84,1061.25,826.11,1080.34,878.84,1063.53,887.02,1049.44,886.11,1064.81,853.20,1073.98,880.66,1065.34,891.57,1051.71,896.11
ND_d6IpyTt-iVU_frame004201_r.jpg,0,123.36,179.04,128.96,169.81,134.57,160.15,149.95,162.34,155.30,163.20,148.34,168.07,161.02,167.62,154.26,166.30,149.68,166.43,149.51,174.76,159.53,175.83,155.33,173.44,149.08,173.15,150.88,183.59,160.13,185.09,155.65,181.80,149.38,180.91,151.68,192.34,158.92,192.51,153.40,191.30,149.26,191.99
ND_d6IpyTt-iVU_frame013801_r.jpg,0,350.84,577.74,386.74,561.32,432.00,535.53,488.05,483.99,507.09,450.79,419.89,515.00,445.68,502.89,467.26,483.95,482.68,460.55,407.26,537.63,430.42,522.89,450.42,509.21,472.53,493.42,407.26,570.79,428.32,563.42,451.91,550.39,472.91,528.42,391.86,612.89,412.36,612.89,432.38,610.94,450.94,605.57
ND_dFvMilz8HCY_frame001674_l.jpg,0,146.06,894.58,243.00,848.00,341.36,779.18,439.00,720.00,543.00,661.00,247.83,548.17,305.83,408.83,369.47,317.58,419.17,248.17,337.17,525.17,388.70,413.75,442.17,313.17,498.17,237.17,392.17,533.17,439.17,464.17,475.17,383.17,526.17,305.17,430.13,580.93,472.17,521.17,505.17,466.17,542.17,434.17
ND_dIM9SjRb-LE_frame010801_r.jpg,0,1929.00,349.33,1863.48,359.24,1805.67,324.67,1767.67,348.00,1746.33,353.33,1805.67,270.00,1760.41,292.39,1736.43,339.34,1725.72,374.03,1840.33,256.67,1800.33,306.00,1779.67,342.67,1769.00,379.33,1875.00,254.00,1835.67,330.00,1814.33,390.00,1798.33,427.33,1901.00,260.67,1865.67,341.33,1848.33,389.33,1840.33,435.33
ND_dIM9SjRb-LE_frame011101_r.jpg,0,959.50,271.00,905.50,315.00,863.00,331.50,837.50,346.00,814.50,348.50,874.50,236.50,867.00,301.50,870.00,322.50,884.50,338.50,913.00,215.00,893.00,292.00,902.69,325.44,911.50,342.00,940.00,213.00,926.00,295.00,924.50,324.50,934.00,341.50,953.00,216.00,942.50,296.50,944.50,318.67,951.17,335.33
ND_da7yzp8xqu0_frame002101_l.jpg,0,436.50,809.00,501.50,772.00,548.23,711.60,591.16,689.04,610.07,654.12,487.12,565.36,509.50,480.67,525.50,452.67,544.60,430.04,430.83,568.00,486.17,543.33,523.50,585.33,542.83,612.00,410.83,585.33,456.83,563.33,495.50,592.00,512.17,630.67,385.50,594.00,402.17,562.67,462.83,601.33,477.66,627.20
ND_doe7iw-czWs_frame002393_l.jpg,0,423.50,143.50,396.46,149.49,371.34,159.53,361.77,184.18,347.65,203.32,393.77,177.77,374.02,211.02,360.52,220.27,346.77,205.52,409.43,190.77,377.27,223.02,361.52,214.02,348.52,197.77,415.77,199.10,387.02,215.27,365.84,207.39,350.52,188.52,418.77,193.10,393.10,208.10,376.02,200.02,362.02,189.52
ND_doe7iw-czWs_frame003290_r.jpg,0,298.00,-60.00,314.50,-6.50,305.41,20.16,298.14,52.55,295.60,84.40,280.00,2.80,240.62,67.99,267.20,69.20,276.40,54.00,242.40,-3.60,216.00,54.80,244.00,60.80,266.80,48.00,222.00,-7.60,210.40,18.40,225.60,46.80,254.00,42.00,224.40,-16.40,212.00,27.20,225.60,40.40,236.00,32.00
ND_doe7iw-czWs_frame006878_l.jpg,0,370.76,284.80,365.98,265.69,357.98,252.69,348.07,242.31,341.31,235.52,360.14,259.19,345.79,251.17,336.26,246.21,332.31,243.02,354.14,270.52,335.18,262.59,330.75,255.20,332.98,248.02,345.64,276.36,333.17,269.44,327.13,261.38,328.98,252.86,340.69,280.58,333.71,273.73,330.48,269.02,330.81,262.52
ND_dqxltOcYX9U_frame000001_r.jpg,0,1375.00,534.00,1266.33,452.83,1159.24,392.72,1085.67,323.50,1055.67,250.17,1131.00,456.83,1089.50,524.12,1124.20,553.50,1194.61,542.31,1173.00,512.17,1141.13,599.50,1208.76,583.75,1249.53,549.50,1225.00,535.50,1212.20,625.50,1250.20,594.87,1297.53,563.50,1278.33,553.50,1272.20,621.50,1290.87,600.43,1307.27,579.63
ND_drEx1I00258_frame000301_l.jpg,0,154.11,335.22,142.96,335.20,137.55,339.80,137.09,347.50,138.65,353.99,132.67,349.67,132.00,358.00,133.90,357.32,135.44,353.78,138.82,355.38,138.00,365.78,139.78,362.11,140.58,358.72,145.85,358.02,145.00,364.11,146.67,361.44,147.17,358.99,153.32,358.46,152.62,364.26,154.67,362.11,155.56,359.00
ND_drrTsbfZhnA_frame002401_r.jpg,0,867.67,644.00,849.67,619.67,821.51,596.95,788.77,595.49,758.94,594.04,782.00,571.67,749.12,581.30,732.02,596.95,716.02,617.68,776.33,599.00,745.33,613.67,741.12,632.60,745.67,647.00,774.00,619.00,758.94,632.23,751.00,647.67,757.85,659.15,778.95,639.14,759.33,646.00,767.00,656.00,779.31,661.33
ND_drrTsbfZhnA_frame005401_l.jpg,0,1162.00,678.83,1156.99,716.30,1144.67,744.17,1130.30,767.44,1112.00,768.83,1124.00,727.17,1105.00,745.83,1096.00,759.83,1096.00,778.17,1113.67,717.50,1094.00,740.50,1089.00,761.83,1087.33,779.17,1109.67,707.50,1089.33,726.83,1083.00,746.17,1084.00,768.83,1103.67,692.83,1089.67,710.83,1082.00,726.50,1078.00,747.50
ND_drrTsbfZhnA_frame024601_l.jpg,0,1546.00,299.67,1520.86,343.86,1499.95,367.77,1488.74,433.51,1473.05,500.75,1622.00,427.00,1629.94,510.46,1619.48,574.71,1599.17,639.67,1562.67,465.67,1590.34,552.29,1565.67,628.17,1535.67,678.17,1541.17,490.17,1547.76,557.52,1530.67,599.67,1501.67,643.17,1513.17,495.67,1512.17,537.17,1501.17,572.67,1481.67,598.17
ND_drrTsbfZhnA_frame025801_l.jpg,0,918.50,803.50,872.50,812.00,831.50,857.00,816.50,893.00,822.00,928.50,812.00,871.50,796.00,914.50,813.50,934.42,838.00,936.42,831.00,887.50,825.00,946.42,841.00,956.42,867.00,952.42,858.50,899.00,851.50,957.50,864.00,974.92,889.00,967.42,891.50,905.50,880.03,957.84,896.00,963.00,911.50,954.50
ND_drrTsbfZhnA_frame026401_r.jpg,0,799.41,545.04,862.50,555.00,909.76,585.46,921.56,631.32,925.20,677.64,851.00,584.00,880.24,669.01,905.67,698.53,922.00,712.50,806.50,601.50,843.46,692.17,877.50,711.00,907.49,719.87,782.00,620.50,821.50,698.00,859.00,704.00,890.00,702.00,763.00,636.50,794.50,682.00,815.50,705.00,828.50,723.50
ND_e5-0c2jvDBc_frame000601_r.jpg,0,132.50,642.50,169.38,597.98,210.10,552.66,244.90,502.75,277.08,467.29,174.50,579.50,222.57,597.98,270.52,604.55,309.00,606.50,182.50,633.50,254.50,655.00,312.00,652.00,357.50,648.50,193.00,678.50,265.26,692.55,305.66,679.71,301.37,647.43,197.50,705.50,252.00,721.50,281.00,701.50,292.50,676.50
ND_e5Bllz6Xu3g_frame001001_l.jpg,0,388.27,293.27,378.28,282.59,366.85,280.04,356.67,286.66,350.83,293.50,370.74,292.01,358.14,298.41,347.75,301.77,340.08,304.50,375.15,301.46,357.41,309.02,351.32,309.75,346.38,310.17,378.10,310.22,366.65,316.22,356.10,314.95,349.74,314.22,378.46,311.31,374.83,314.95,364.83,316.22,361.37,314.40
ND_e5Bllz6Xu3g_frame005501_r.jpg,0,264.44,186.89,252.22,176.44,231.78,182.00,227.78,194.00,226.89,209.33,219.56,185.33,214.44,193.11,210.89,202.00,210.44,211.56,223.82,195.85,217.11,204.89,214.44,213.33,214.00,222.89,229.56,203.18,221.50,206.84,218.00,212.44,220.44,223.11,235.30,210.14,228.89,212.22,225.33,216.89,226.67,221.56
ND_e5Bllz6Xu3g_frame007251_r.jpg,0,324.40,120.00,357.60,111.20,376.71,133.73,401.46,161.49,415.17,190.25,316.17,183.09,346.17,218.80,391.31,223.09,410.17,217.09,327.03,150.80,337.89,201.37,362.46,208.51,385.89,208.23,332.74,192.23,355.31,219.94,384.74,218.51,406.81,212.66,348.74,199.94,361.60,215.66,383.03,215.09,395.89,211.66
ND_e5Bllz6Xu3g_frame008501_r.jpg,0,260.00,79.60,236.80,65.20,212.07,70.32,201.87,96.91,199.45,122.15,175.20,74.00,158.80,84.80,152.80,94.80,152.00,104.40,181.60,99.20,167.20,105.60,150.40,114.00,165.60,116.80,194.40,107.20,183.20,114.40,172.60,121.08,156.00,140.40,201.20,124.80,188.00,130.40,176.40,135.60,168.00,146.80
ND_e92nq-NSMxk_frame001201_l.jpg,0,152.50,275.00,131.00,299.67,121.00,322.00,125.33,347.33,131.33,361.00,108.67,328.67,118.00,358.00,134.33,375.67,149.33,380.00,118.00,329.33,140.97,371.36,157.33,376.33,170.33,376.33,136.00,334.67,154.67,364.11,166.33,366.67,179.11,366.25,155.00,331.67,166.33,353.00,175.00,355.67,182.00,355.67
ND_eA7VEzPHfJM_frame001496_r.jpg,0,755.30,344.58,759.23,333.53,764.63,325.53,772.63,326.13,780.23,326.88,776.23,346.13,791.07,352.17,800.83,348.33,807.03,342.13,777.43,356.73,803.03,357.73,812.83,350.73,821.60,340.25,788.72,360.84,805.16,361.21,813.11,355.06,818.60,347.80,794.77,362.53,807.93,364.36,813.60,357.86,815.93,353.53
ND_eA7VEzPHfJM_frame003290_r.jpg,0,992.83,-5.17,1000.23,10.56,1006.54,28.86,1018.90,33.20,1031.50,34.00,1056.31,-0.29,1059.57,18.23,1058.00,26.33,1054.46,30.79,1058.91,2.55,1059.38,20.48,1056.46,26.48,1052.61,32.33,1058.91,4.75,1058.92,19.40,1056.77,26.94,1053.54,31.25,1046.47,9.45,1048.44,20.65,1047.50,26.17,1043.17,29.50
ND_eAHEOZTBTFQ_frame004187_r.jpg,0,1399.50,767.33,1349.50,577.33,1241.17,469.00,1062.77,404.98,870.62,349.61,1275.17,122.67,1185.17,41.67,1051.17,32.67,910.17,62.67,1210.17,230.67,1099.17,171.67,991.17,140.67,887.17,170.67,1182.17,319.67,1088.17,281.67,993.17,251.67,912.96,255.17,1142.17,385.67,1063.17,346.67,1000.17,323.67,936.17,318.67
ND_eCvAJJmKz24_frame000481_r.jpg,0,124.84,-21.88,89.37,33.51,61.19,81.12,69.45,128.25,75.77,167.60,4.05,68.30,5.71,109.41,15.16,152.19,33.49,196.08,37.94,67.19,60.71,126.08,86.27,156.08,114.05,179.41,87.38,69.97,101.82,105.52,136.82,140.52,164.05,166.08,124.35,66.55,145.71,93.30,162.94,112.19,184.60,136.63
ND_eCvAJJmKz24_frame002641_r.jpg,0,1052.08,345.92,1192.75,426.08,1328.52,460.43,1364.05,586.43,1339.97,779.40,1408.67,568.38,1500.27,628.91,1558.42,711.85,1520.92,778.10,1318.70,650.17,1349.78,769.58,1359.29,858.57,1326.43,822.86,1178.03,687.79,1206.43,798.57,1225.00,885.71,1227.86,938.57,1070.07,699.24,1084.79,794.12,1099.51,841.55,1107.69,890.63
ND_eCvAJJmKz24_frame003361_r.jpg,0,839.03,74.88,907.95,89.09,987.52,97.61,1003.15,152.32,1003.15,204.18,1011.67,131.71,1035.12,197.79,1030.15,251.07,1021.31,275.25,973.31,184.29,997.56,260.25,971.94,255.25,951.29,226.20,930.68,219.81,925.06,277.12,901.31,247.12,896.31,220.88,869.75,237.71,890.42,271.04,857.08,250.38,843.75,219.04
ND_eLrEn-s1Ryc_frame001501_r.jpg,0,753.62,552.13,734.88,532.13,717.38,513.38,715.29,489.21,731.54,480.88,711.33,470.70,734.67,439.21,753.19,452.18,746.52,470.70,735.78,469.96,760.59,452.18,759.48,468.10,753.56,482.18,761.83,474.55,777.83,460.21,782.50,473.21,774.50,486.21,783.50,478.88,794.17,470.21,793.83,482.88,787.18,494.91
ND_eLrEn-s1Ryc_frame002701_l.jpg,0,507.02,432.88,475.86,394.36,449.24,357.54,408.46,342.25,372.78,332.05,409.03,337.72,367.11,312.80,334.83,299.20,308.21,286.18,398.27,355.28,351.82,328.09,316.14,312.80,284.98,300.34,394.30,381.90,342.19,361.51,307.07,343.38,278.75,330.92,395.43,420.41,360.32,407.39,328.03,400.02,299.14,393.79
ND_eLrEn-s1Ryc_frame005101_r.jpg,0,604.85,501.89,589.72,513.11,569.97,513.84,550.21,507.01,531.92,505.06,559.54,482.94,542.04,497.71,551.13,504.98,564.08,506.12,564.94,476.55,549.65,489.88,551.22,502.43,563.37,499.88,570.08,474.49,554.69,488.07,560.24,495.67,570.98,495.85,576.02,474.60,563.94,483.63,563.39,490.48,572.83,492.52
ND_eLrEn-s1Ryc_frame012601_l.jpg,0,580.15,493.19,556.43,480.28,535.11,470.37,512.89,474.88,499.07,488.39,504.18,476.08,477.15,476.98,470.24,478.29,464.24,482.86,503.28,497.40,475.05,502.50,462.74,506.11,473.38,513.43,514.86,515.33,495.95,522.51,502.90,516.42,513.77,511.85,522.68,532.51,507.03,536.42,512.68,531.64,523.55,527.51
ND_eLrEn-s1Ryc_frame014401_r.jpg,0,812.07,145.61,784.07,135.61,745.27,136.41,718.07,148.41,680.87,158.41,689.27,118.41,668.07,156.41,693.27,173.61,718.87,163.21,712.92,136.62,700.70,176.25,716.99,192.54,742.55,168.84,729.64,148.88,720.31,176.54,732.31,191.21,749.77,168.21,740.97,154.54,732.97,177.88,738.64,180.88,742.97,174.54
ND_eLrEn-s1Ryc_frame016201_l.jpg,0,673.89,574.05,654.25,603.33,646.39,632.62,634.25,657.26,619.05,674.62,684.96,650.48,677.46,707.62,652.46,709.05,644.61,696.90,695.05,650.95,690.38,707.62,671.05,705.29,663.38,698.29,700.05,649.95,695.05,694.95,682.71,694.29,671.05,684.62,705.71,649.95,697.38,686.62,685.71,681.29,679.05,673.62
ND_eNgJjdD5Pq4_frame008101_r.jpg,0,217.43,159.38,271.87,109.48,311.79,64.35,348.24,73.61,378.33,93.86,362.13,42.94,394.71,71.60,419.15,103.83,443.60,126.05,407.26,88.08,472.64,90.97,514.07,103.21,527.57,126.71,415.36,134.36,466.57,148.21,459.07,164.71,432.14,167.92,408.57,180.71,443.71,188.18,435.57,193.71,420.57,191.07
ND_eVlvxf0onro_frame008401_r.jpg,0,213.08,233.16,223.79,257.46,239.46,280.19,233.97,297.17,225.88,313.62,238.94,275.48,228.75,300.30,219.35,320.94,214.13,338.79,216.47,266.08,201.58,305.26,197.92,324.86,207.56,324.51,196.36,261.64,186.95,292.20,182.25,323.03,181.99,342.10,176.24,263.21,173.37,283.84,170.13,301.08,171.02,314.41
ND_eVlvxf0onro_frame009301_l.jpg,0,385.12,423.19,360.19,408.38,341.04,389.23,314.25,387.42,293.93,390.65,321.17,401.88,293.71,403.32,274.56,403.68,257.94,402.60,319.00,420.30,289.37,420.30,268.78,418.13,252.15,414.88,320.81,437.29,293.35,436.56,276.00,435.12,263.75,433.30,326.23,453.91,305.63,455.71,290.89,457.01,278.89,451.38
ND_eVlvxf0onro_frame014701_r.jpg,0,591.56,447.20,618.51,439.87,645.76,430.50,662.46,438.99,680.91,451.00,664.80,452.76,691.75,459.50,706.11,464.77,715.04,464.10,659.82,471.51,685.89,479.42,697.05,474.87,696.53,467.50,651.03,484.70,671.83,490.26,676.11,481.26,670.03,474.60,639.90,495.24,660.70,496.71,664.54,491.26,661.60,480.68
ND_eVlvxf0onro_frame015601_r.jpg,0,171.56,359.78,204.36,373.30,217.79,389.82,229.03,401.83,240.81,417.82,201.86,391.12,210.48,417.51,219.36,438.41,228.24,451.73,180.70,397.39,195.07,428.22,208.39,449.90,218.32,458.52,164.24,405.23,177.30,433.70,191.41,452.51,204.21,458.26,149.61,411.24,160.32,434.49,169.99,448.33,181.03,452.77
ND_eYte2JeR_y0_frame000898_l.jpg,0,1327.63,121.41,1237.94,138.66,1168.95,135.21,1096.50,181.20,1071.21,213.40,1097.65,139.81,1011.41,165.10,999.91,216.85,988.06,257.67,1120.65,169.70,1041.31,223.75,976.91,269.75,912.50,292.11,1167.80,191.55,1104.55,254.80,1049.36,301.94,996.46,329.54,1213.79,220.30,1172.40,273.20,1134.45,312.29,1094.72,333.78
ND_ehaz9wGNLpk_frame004785_l.jpg,0,1185.06,307.84,1102.05,314.68,996.59,342.02,956.00,407.67,933.33,489.00,966.31,379.13,906.74,455.30,869.63,518.78,838.38,582.26,1021.98,422.10,972.17,507.06,932.13,585.19,901.86,640.85,1081.55,454.33,1045.41,540.27,996.59,612.53,955.57,664.29,1124.52,481.67,1079.59,542.22,1037.60,593.98,1007.33,628.16
ND_ejR-m_Wil20_frame002401_l.jpg,0,950.40,507.66,979.34,497.79,1000.67,494.79,1020.67,494.79,1033.34,509.46,1007.39,468.09,1035.92,482.50,1042.39,498.67,1039.75,521.61,1003.86,489.56,1029.16,501.32,1031.81,512.20,1032.10,524.56,999.45,503.09,1026.22,510.14,1025.63,517.20,1022.98,531.61,1000.34,510.14,1016.22,514.56,1015.34,523.97,1012.10,528.67
ND_ejR-m_Wil20_frame003841_r.jpg,0,1091.67,1050.00,725.00,933.33,455.00,770.00,185.00,463.33,-48.33,363.33,301.67,236.67,48.33,33.33,-45.00,-63.33,-78.33,-126.67,551.67,103.33,421.67,23.33,321.67,-76.67,238.33,-136.67,711.67,-23.33,661.67,-86.67,568.33,-163.33,468.33,-206.67,915.00,-96.67,825.00,-183.33,781.67,-226.67,705.00,-236.67
ND_ejR-m_Wil20_frame006721_l.jpg,0,771.03,522.51,786.66,503.76,807.28,490.64,841.03,483.14,864.47,485.01,828.85,460.95,853.85,461.26,864.16,472.51,855.72,485.95,831.66,483.85,855.66,482.57,858.39,490.75,850.51,498.33,834.37,500.60,853.84,499.84,852.33,505.60,847.17,509.24,833.55,513.85,849.90,512.57,845.96,520.45,837.78,521.66
ND_ekTHLmruKB8_frame003001_r.jpg,0,475.43,708.90,507.77,677.57,541.12,652.81,577.01,643.20,607.33,632.59,584.08,691.21,619.46,686.16,644.73,680.60,667.97,673.53,588.63,715.98,629.56,713.45,662.05,706.85,702.80,714.35,586.64,732.03,627.80,734.85,657.05,734.10,676.30,732.60,583.55,742.85,620.55,742.60,646.05,741.35,661.55,740.10
ND_ekTHLmruKB8_frame003901_l.jpg,0,839.60,434.73,874.31,439.23,900.04,436.44,918.40,453.50,943.73,457.83,925.16,436.75,940.07,449.17,948.07,456.50,956.40,465.50,913.40,453.38,929.73,458.83,940.40,469.83,942.73,488.17,911.69,459.95,922.83,467.38,926.26,475.10,928.07,485.83,887.11,470.81,896.26,471.95,905.11,469.67,915.69,463.10
ND_enZ9pVm5bmA_frame000901_l.jpg,0,521.65,535.76,563.03,524.73,597.00,514.33,635.00,525.00,667.67,535.00,602.76,459.07,628.69,426.52,650.76,396.72,666.21,368.03,580.69,444.72,600.55,406.65,619.31,373.00,639.18,345.96,560.27,439.76,574.07,405.00,585.66,374.10,597.79,346.51,546.48,440.86,553.65,415.48,560.83,396.17,564.69,381.82
ND_enZ9pVm5bmA_frame003001_l.jpg,0,1085.25,685.16,1112.81,651.80,1141.33,622.31,1173.23,609.26,1193.54,586.06,1201.27,660.02,1232.21,658.57,1260.73,655.18,1282.48,652.77,1204.17,690.96,1238.97,689.99,1267.50,692.41,1289.25,693.86,1196.92,716.09,1227.37,718.03,1255.41,718.03,1284.67,717.00,1180.48,733.01,1189.67,732.04,1217.33,734.33,1264.67,735.67
ND_enZ9pVm5bmA_frame003601_r.jpg,0,286.07,457.71,270.53,467.83,257.52,477.41,241.26,487.34,226.45,497.82,227.90,464.58,214.89,473.79,213.44,489.33,216.88,501.80,229.88,472.71,218.50,484.27,221.62,495.48,231.87,508.84,232.59,477.95,225.37,487.52,227.90,496.56,235.48,506.49,236.03,483.01,232.23,489.87,234.22,495.29,237.47,501.80
ND_enZ9pVm5bmA_frame011701_r.jpg,0,770.61,-44.50,795.13,58.13,811.47,162.57,779.69,268.83,803.30,361.47,667.98,138.96,582.61,233.41,559.90,302.43,558.99,357.83,626.00,103.50,584.00,218.50,623.00,277.50,670.00,306.50,582.61,59.04,558.09,178.01,600.00,220.50,674.00,225.50,574.43,43.60,569.89,129.88,605.00,168.50,650.00,176.50
ND_enZ9pVm5bmA_frame013201_l.jpg,0,653.83,-52.25,655.33,-31.75,651.83,-13.75,649.17,4.42,639.17,22.92,674.67,-23.58,677.67,4.92,665.17,35.42,648.17,39.42,694.17,-20.58,693.67,4.92,671.67,48.42,653.17,50.42,713.17,-11.58,711.67,27.92,690.17,54.42,666.17,60.92,725.67,-17.58,731.67,3.42,721.17,17.92,706.17,24.42
ND_es2TWfy5-Nc_frame000001_l.jpg,0,1332.00,1519.00,1172.00,1319.00,904.56,1191.63,724.80,1162.78,589.43,1071.79,653.79,1366.95,471.81,1364.73,329.78,1373.61,201.06,1382.48,656.01,1508.98,458.50,1528.95,287.61,1546.71,152.24,1546.71,684.86,1633.26,505.10,1657.67,345.31,1682.08,209.94,1693.18,749.22,1739.78,622.72,1768.63,518.42,1801.92,407.45,1832.99
ND_et5-PjEJ77I_frame000300_r.jpg,0,118.00,404.75,133.50,368.75,134.00,330.75,146.38,306.03,170.63,284.94,115.00,299.75,91.00,259.75,133.00,288.25,156.50,324.75,82.50,301.25,54.00,261.25,80.50,276.25,100.00,298.25,60.50,326.75,43.02,301.11,80.50,323.25,101.00,340.75,57.50,360.75,40.00,340.25,72.55,349.27,91.88,359.12
ND_f5QgEKeZeDs_frame003888_r.jpg,0,602.00,521.75,582.50,537.75,560.00,546.75,540.50,550.75,523.00,554.75,562.00,553.25,546.00,568.25,535.00,586.75,522.00,584.75,574.50,560.75,553.00,578.25,538.50,600.75,531.00,590.75,578.00,566.75,567.00,585.75,560.00,606.25,552.00,593.75,597.00,571.75,591.00,592.75,580.50,604.75,574.00,589.75
ND_f5QgEKeZeDs_frame004486_l.jpg,0,645.12,547.26,627.73,547.13,616.48,552.99,607.89,561.25,608.88,571.70,602.50,559.90,595.93,574.72,595.76,583.82,595.76,591.57,601.32,570.68,594.07,585.84,597.16,596.43,603.53,602.07,608.06,579.78,598.62,594.43,603.71,605.52,612.43,606.80,617.15,589.04,606.36,602.39,597.76,610.39,590.76,617.79
ND_f5QgEKeZeDs_frame005981_r.jpg,0,398.43,283.02,445.93,240.71,505.00,214.50,547.61,237.00,600.00,270.50,574.33,254.81,634.45,280.05,598.08,306.02,566.67,301.33,566.91,324.58,598.82,359.46,562.67,352.67,533.33,336.00,532.77,380.98,563.20,407.70,526.67,400.00,499.33,388.00,486.75,424.77,503.33,448.75,502.34,467.08,505.33,480.75
ND_f6ifPCkAsXs_frame000300_r.jpg,0,380.00,76.50,411.00,12.50,461.00,-28.50,528.00,-73.50,592.00,-93.50,529.00,-3.50,602.00,-33.50,648.00,-64.50,674.00,-83.50,516.00,56.50,671.00,61.50,709.00,24.50,712.00,-7.50,508.00,114.50,662.00,108.50,698.00,63.50,688.00,24.50,511.00,152.50,610.00,171.50,680.00,138.50,692.00,90.50
ND_fBEPGnusUso_frame002401_r.jpg,0,20.00,862.33,35.33,801.00,61.33,736.33,104.58,691.83,133.29,666.70,76.00,760.33,122.52,706.54,151.95,686.80,168.46,673.88,108.00,777.00,168.10,721.25,142.67,713.67,119.33,725.67,127.33,783.67,174.67,741.00,153.33,741.67,134.00,749.00,138.31,804.52,166.00,772.67,152.50,764.17,138.00,768.17
ND_fBWy-peSUWA_frame018539_r.jpg,0,1007.64,81.82,1058.50,74.17,1105.83,76.17,1143.83,68.83,1178.70,66.53,1123.75,17.82,1184.93,44.44,1203.17,73.67,1226.50,95.50,1125.67,21.67,1190.02,50.67,1204.67,97.17,1198.17,122.17,1117.52,24.62,1189.33,78.67,1190.02,101.65,1190.67,132.00,1110.73,43.88,1153.21,77.29,1176.67,102.67,1196.67,126.67
ND_fBWy-peSUWA_frame018838_l.jpg,0,1686.00,192.00,1624.00,239.00,1541.00,263.00,1470.00,266.00,1423.00,269.00,1543.00,214.00,1458.00,222.00,1406.00,228.00,1352.00,236.00,1519.00,188.00,1438.00,188.00,1377.00,192.00,1334.00,197.00,1504.00,165.00,1429.00,158.00,1398.00,157.00,1360.00,158.00,1507.00,143.00,1465.00,133.00,1437.00,132.00,1417.00,132.00
ND_fBWy-peSUWA_frame019436_r.jpg,0,705.30,474.73,704.25,388.25,702.14,304.93,702.14,265.91,675.77,223.72,729.56,254.30,803.39,204.73,854.02,159.38,890.93,119.30,761.20,258.52,832.92,199.46,879.33,148.84,919.41,101.38,790.73,275.40,858.23,217.39,903.59,169.93,939.45,120.36,826.59,305.98,867.73,258.52,902.53,210.01,925.73,149.89
ND_fCerkjdDNDo_frame001001_r.jpg,0,65.00,102.00,34.33,135.00,14.13,195.96,8.02,267.90,3.00,351.00,7.00,277.00,3.67,323.00,19.67,349.67,69.00,357.67,18.33,279.00,14.33,320.33,45.00,332.33,107.00,319.67,30.33,280.33,47.67,324.33,78.33,338.33,126.33,298.33,45.67,281.67,71.00,319.00,98.33,330.33,146.33,333.00
ND_fCerkjdDNDo_frame001501_l.jpg,0,510.67,-113.33,462.67,-74.67,431.25,-17.25,420.00,48.67,426.67,94.00,444.79,7.94,408.67,90.67,397.41,121.11,395.16,143.29,478.00,22.67,451.55,100.81,430.00,131.33,413.96,149.68,504.00,33.33,500.67,101.33,477.33,125.33,445.33,127.33,530.00,38.67,528.67,92.00,526.00,118.00,506.67,139.33
ND_fPHu9GcXCj4_frame002101_r.jpg,0,261.00,-249.00,291.00,-142.00,327.00,-62.00,341.00,-4.00,319.00,112.00,228.00,-57.00,246.49,49.01,307.33,127.23,349.92,187.20,164.00,-52.00,165.66,93.33,169.14,132.44,207.00,55.00,125.00,-43.00,69.00,82.00,144.00,110.00,178.00,65.00,93.00,-41.00,40.00,51.00,44.00,115.00,101.00,129.00
ND_fQ7C0h4maNM_frame009301_r.jpg,0,127.53,304.41,146.95,276.02,166.75,248.75,187.67,237.17,187.29,208.41,197.75,271.16,234.36,274.52,256.02,273.78,275.45,271.54,205.22,296.19,246.33,300.00,233.33,286.00,215.83,284.50,205.97,316.36,239.83,319.00,230.33,307.50,213.33,302.50,202.98,335.04,224.65,339.52,239.59,347.36,251.92,350.72
ND_fQ7C0h4maNM_frame010801_r.jpg,0,183.68,279.44,157.91,262.51,130.22,249.05,123.29,234.82,120.22,218.28,111.37,279.44,86.37,280.97,68.68,278.67,55.22,269.44,122.49,303.15,97.53,314.44,77.53,319.82,70.60,303.67,144.06,305.20,127.91,314.05,111.37,316.36,106.76,292.90,163.69,303.55,153.69,310.35,149.45,294.05,148.68,277.51
ND_fQ7C0h4maNM_frame011101_r.jpg,0,153.77,311.35,134.68,298.16,103.77,289.53,88.32,272.26,76.05,250.89,65.79,329.20,37.96,331.81,12.41,328.62,-2.04,322.25,77.96,349.64,53.77,366.35,34.49,364.42,17.87,351.35,95.36,357.03,90.57,379.64,73.77,371.35,64.05,349.20,125.14,354.98,117.96,378.77,115.79,352.25,115.14,324.98
ND_fUr17iKzUyE_frame001751_r.jpg,0,269.30,557.03,320.98,473.95,383.79,391.88,380.75,322.98,324.02,253.08,233.83,315.49,220.50,270.49,248.03,248.01,299.70,250.04,178.00,317.99,161.33,251.32,209.67,245.49,221.33,308.82,107.19,336.16,95.50,274.65,144.68,259.15,197.37,311.84,64.64,367.56,12.97,334.13,16.01,295.63,72.75,289.55
ND_fUr17iKzUyE_frame004501_l.jpg,0,780.67,649.75,809.46,613.01,766.02,599.10,746.21,576.15,736.25,534.32,833.87,531.83,785.06,552.25,737.24,601.05,714.83,629.44,860.76,572.17,788.54,610.02,741.74,641.24,706.74,660.52,874.71,633.43,798.01,654.84,756.02,674.10,766.02,649.81,863.75,682.24,794.02,700.17,764.14,702.16,775.31,677.67
ND_fXWt7qokmNE_frame000901_l.jpg,0,1663.98,719.36,1516.72,645.22,1410.08,578.19,1325.50,559.08,1270.50,534.92,1318.67,713.27,1235.65,638.14,1214.74,600.86,1208.38,577.23,1330.20,756.32,1247.47,689.05,1238.38,629.05,1228.38,579.05,1358.28,789.44,1315.65,699.95,1319.29,651.77,1326.56,587.23,1385.70,796.55,1366.56,701.77,1369.29,662.68,1375.65,614.50
ND_f_MbFbvbZ3E_frame003301_r.jpg,0,282.09,556.51,294.55,527.57,322.07,499.05,312.06,477.02,310.56,449.50,295.55,436.99,295.05,411.96,294.05,384.43,290.54,357.91,266.02,439.99,259.51,412.96,253.51,382.93,241.00,354.91,241.00,451.00,232.49,425.47,223.48,399.45,213.97,371.92,214.97,472.52,200.96,454.00,184.94,438.49,166.92,419.97
ND_fdo7JM9oipI_frame008701_l.jpg,0,391.09,458.83,336.31,412.10,279.11,361.34,250.43,284.64,196.43,239.64,299.25,243.71,260.00,199.64,232.14,166.07,206.43,135.36,330.00,241.79,326.43,168.21,304.08,163.15,275.00,186.07,376.43,246.79,372.56,184.09,340.34,202.62,320.00,247.50,427.35,284.00,408.01,249.35,379.01,262.24,350.81,298.50
ND_ffbEHkY0JdE_frame000501_r.jpg,0,1117.79,299.80,998.13,267.51,878.47,242.82,767.30,240.24,666.19,226.90,751.21,311.20,675.08,268.02,602.86,213.57,520.63,149.13,739.52,335.79,622.86,312.46,506.19,270.24,413.97,248.02,755.01,366.28,619.52,332.46,510.63,302.46,399.52,282.46,772.10,390.97,665.73,364.38,571.75,342.46,462.86,338.02
ND_ffeRmD3XZVs_frame005701_l.jpg,0,658.57,167.68,645.95,160.73,633.66,153.30,630.13,144.53,627.26,135.91,691.09,133.59,697.38,130.45,703.09,130.45,699.95,138.73,680.23,127.02,688.80,119.30,686.52,129.30,681.38,145.02,662.91,122.75,671.95,113.30,668.80,128.73,667.66,143.02,654.73,124.57,645.60,118.97,645.04,126.19,648.93,132.30
ND_ffeRmD3XZVs_frame018001_r.jpg,0,353.28,171.82,337.69,158.20,326.30,153.31,318.49,139.25,328.80,139.25,350.05,131.75,350.25,120.66,340.05,120.81,332.24,122.69,364.93,133.23,353.49,126.75,344.12,130.50,339.43,140.50,366.60,138.52,356.61,135.95,350.25,138.07,346.47,146.24,368.11,142.46,360.85,141.70,355.37,145.50,351.62,155.19
ND_fj52Py8hhlk_frame000901_l.jpg,0,581.58,130.72,581.58,248.95,574.30,368.99,579.76,527.23,614.32,669.10,918.07,234.40,1078.12,341.71,1141.78,476.30,1161.79,603.62,981.73,210.75,1181.80,314.43,1205.44,459.94,1144.46,586.52,998.09,232.58,1134.51,319.88,1176.34,447.20,1133.21,519.02,992.64,268.96,1098.21,350.27,1109.04,425.38,1081.76,481.76
ND_fj52Py8hhlk_frame001501_r.jpg,0,382.38,956.89,529.48,832.93,764.18,773.43,950.95,730.45,1055.08,641.20,917.89,1014.74,1076.56,884.17,1106.32,760.21,1106.32,665.99,967.86,1070.60,1079.87,994.91,1061.69,831.28,1050.12,722.19,944.52,1128.93,1020.37,989.95,1018.72,895.74,984.52,783.93,886.19,1148.93,952.86,1015.60,957.86,940.60,919.55,880.86
ND_fnCjtqX9HAs_frame001496_r.jpg,0,651.57,192.38,657.61,204.90,666.29,215.89,669.04,225.11,669.91,231.16,651.02,226.10,655.52,236.98,662.88,236.43,667.50,231.38,649.92,225.22,657.17,231.49,663.10,230.61,668.32,227.04,649.70,222.70,656.62,228.08,661.56,227.09,665.96,224.46,650.36,219.40,656.40,224.56,661.45,223.79,663.26,220.42
ND_fnCjtqX9HAs_frame002393_r.jpg,0,619.33,181.12,624.57,196.17,632.19,206.64,632.76,214.83,630.81,219.59,615.05,210.74,615.39,223.09,620.57,223.59,625.66,220.96,608.57,211.78,612.00,219.31,617.24,219.88,620.67,217.21,604.29,209.12,608.86,216.35,612.19,216.07,614.29,213.31,602.19,206.74,605.79,213.32,609.51,212.90,610.10,208.07
ND_fnCjtqX9HAs_frame002991_r.jpg,0,649.66,239.50,652.83,256.29,654.76,264.46,654.85,272.02,654.15,278.52,639.40,265.34,638.62,276.77,644.97,278.54,651.43,279.27,637.75,263.41,638.48,273.23,645.00,275.80,651.79,275.71,636.65,263.23,637.47,270.91,644.81,273.87,650.04,274.33,635.64,262.41,636.83,268.92,639.95,271.03,644.17,271.12
ND_fnCjtqX9HAs_frame004187_l.jpg,0,826.92,339.35,809.25,336.84,792.11,336.05,783.28,342.64,776.04,346.57,792.51,352.14,781.57,363.21,782.06,357.17,786.10,352.94,800.55,359.92,792.38,366.24,790.90,359.48,794.35,355.83,808.86,363.61,800.52,365.25,798.40,360.63,803.02,355.05,816.24,365.58,807.99,365.63,806.99,361.80,811.29,357.94
ND_fnCjtqX9HAs_frame004486_l.jpg,0,723.97,371.60,715.71,369.99,707.45,367.58,702.98,373.55,701.83,379.63,699.84,378.03,695.98,386.86,700.78,388.34,705.31,385.06,702.98,384.11,704.06,391.47,709.84,390.06,710.47,384.75,708.37,389.38,710.00,393.97,713.44,393.03,714.68,388.70,715.25,392.71,716.17,396.04,719.27,394.66,721.34,391.34
ND_fnCjtqX9HAs_frame007177_l.jpg,0,1007.73,87.24,940.76,72.48,868.52,62.98,856.39,106.75,863.12,142.81,884.34,187.96,871.88,177.19,862.50,156.56,875.62,135.94,940.23,200.62,914.92,188.49,911.76,163.18,929.69,139.98,982.42,195.35,959.22,184.80,950.78,163.18,965.02,137.87,1006.68,186.38,993.75,174.69,995.08,156.85,1001.41,143.14
ND_fxOG04cnnI4_frame008001_l.jpg,0,402.46,1080.52,550.79,1022.18,655.79,963.85,692.46,870.52,700.79,767.18,589.13,900.52,639.13,678.85,655.79,500.52,684.13,375.52,535.79,837.18,574.13,582.18,625.79,400.52,664.13,275.52,500.79,792.18,590.79,528.85,630.79,420.52,692.46,317.18,485.79,777.18,649.13,587.18,695.79,532.18,734.13,480.52
ND_g31d20GWGC4_frame011064_r.jpg,0,-48.00,231.14,-18.00,201.59,8.83,199.76,21.61,212.54,30.91,230.55,27.69,214.83,51.82,234.91,39.60,240.25,28.00,234.62,28.60,244.22,41.65,263.67,28.30,267.86,17.19,257.84,18.22,273.70,28.87,280.23,14.08,279.91,5.12,274.39,2.89,292.75,7.99,298.69,12.58,284.93,0.39,282.12
ND_g31d20GWGC4_frame015848_r.jpg,0,165.89,340.36,197.63,344.81,230.32,345.12,251.27,350.52,274.44,348.30,222.07,380.67,229.37,394.63,236.35,412.73,240.09,425.80,206.83,394.95,217.31,417.80,225.88,438.43,230.43,452.69,192.87,399.71,202.39,424.47,211.28,442.24,217.67,455.45,181.13,402.25,190.33,420.34,199.22,431.77,206.98,442.36
ND_g3lQbXpbQnw_frame355633_r.jpg,0,572.00,735.50,631.38,673.58,678.40,625.52,722.29,584.76,780.80,547.15,570.78,539.83,564.51,504.30,563.46,471.91,564.51,433.25,517.48,560.73,494.50,519.98,485.09,482.36,483.00,439.52,486.14,598.35,456.88,567.00,438.07,534.61,418.22,488.63,455.83,654.77,432.85,643.28,402.54,627.61,362.84,602.53
ND_g5Dn20kR5AI_frame002692_r.jpg,0,405.11,468.52,485.05,452.36,568.75,443.94,613.04,448.23,659.42,458.72,606.75,331.57,666.61,357.52,703.02,404.22,716.61,449.66,573.14,320.67,639.44,362.45,657.61,426.02,663.75,496.80,540.45,333.38,589.49,380.61,609.47,433.29,613.75,501.09,489.59,357.00,519.56,388.79,557.71,429.65,591.31,470.52
ND_g9e7wLoHxpk_frame021301_l.jpg,0,1268.93,665.67,1147.00,588.00,1062.00,518.50,957.00,416.50,858.00,346.00,1179.00,234.00,1111.47,130.57,1029.23,238.78,938.33,357.10,1295.67,260.00,1254.33,188.00,1097.04,357.10,1003.26,472.53,1354.33,313.33,1270.27,377.67,1154.76,501.39,1080.93,594.33,1426.27,454.33,1324.27,493.67,1247.73,573.27,1290.93,593.27
ND_g9e7wLoHxpk_frame024001_l.jpg,0,1232.82,665.49,1072.89,624.76,908.43,587.04,799.80,485.95,722.85,413.53,874.67,322.33,812.67,268.33,757.67,217.33,700.67,161.33,980.67,268.33,934.67,149.33,866.67,136.33,760.67,171.33,1070.67,270.33,995.94,187.21,902.39,241.52,814.88,327.53,1152.67,327.33,1035.17,303.38,958.22,345.63,852.60,402.96
ND_g9e7wLoHxpk_frame056101_r.jpg,0,423.88,612.15,525.98,588.12,610.06,577.11,663.11,544.08,739.18,518.05,617.16,351.01,660.83,300.01,721.33,324.01,755.16,386.35,570.90,338.80,610.40,295.30,646.40,327.30,676.90,370.30,512.90,310.30,562.90,287.80,570.33,356.01,559.01,400.94,423.90,359.30,465.90,284.30,488.90,320.30,480.90,397.30
ND_gBxt_BAYuUo_frame004187_r.jpg,0,213.41,177.44,302.79,271.23,386.66,346.27,407.63,442.28,424.18,510.70,335.90,461.04,372.32,563.67,406.53,584.63,435.13,569.93,254.24,479.80,259.76,597.88,317.14,601.19,349.00,581.67,193.55,451.11,207.89,555.94,245.41,547.11,254.24,529.46,141.68,422.42,131.75,499.66,164.86,516.21,197.96,510.70
ND_gIIUs2Ogkvc_frame001795_l.jpg,0,727.76,630.32,946.82,576.12,1165.87,524.18,1292.34,332.23,1414.29,140.27,1046.18,187.69,1088.00,-50.80,1134.00,-234.80,1184.00,-416.80,892.62,153.82,892.62,-40.39,900.00,-212.80,918.00,-408.80,759.38,165.11,710.00,-18.80,712.00,-132.80,750.00,-280.80,678.08,174.14,590.00,67.20,634.00,-20.80,684.00,47.20
ND_gJeqYwm-Lrc_frame005259_l.jpg,0,1605.00,279.00,1661.81,379.96,1709.59,462.48,1676.29,534.87,1648.78,602.91,1488.08,563.82,1417.14,584.09,1349.00,583.00,1298.43,555.13,1421.00,498.00,1353.44,521.84,1305.67,503.01,1258.00,459.00,1387.00,444.00,1314.35,442.21,1260.78,437.87,1210.11,439.31,1350.55,397.33,1291.19,400.22,1249.20,394.43,1196.00,389.00
ND_gMMl9UrwTu0_frame000001_l.jpg,0,206.90,237.40,228.19,241.86,253.31,244.58,268.92,255.44,284.87,262.56,255.34,297.18,265.52,314.15,272.65,330.77,279.10,349.78,236.00,306.00,239.73,327.04,242.79,348.76,246.86,369.46,217.67,307.70,215.98,325.68,215.98,343.67,217.00,362.00,199.01,301.59,191.54,313.13,186.45,327.04,184.08,341.97
ND_gMMl9UrwTu0_frame000301_r.jpg,0,139.07,217.47,209.47,257.07,227.87,274.67,236.67,288.67,228.67,306.27,176.27,276.27,190.67,295.87,206.27,317.07,223.87,336.27,152.27,285.87,157.87,304.67,172.27,325.07,203.07,354.27,129.87,298.27,138.27,316.27,152.27,333.47,170.67,354.27,108.67,309.47,120.27,325.07,130.67,337.47,150.27,355.47
ND_gPAOvI-nvfk_frame000001_l.jpg,0,321.40,510.60,322.50,473.82,323.89,442.97,305.33,431.84,296.52,428.36,277.04,446.92,274.72,422.56,284.81,418.65,297.67,416.93,261.47,467.47,253.65,447.84,244.02,442.02,237.00,432.60,261.47,479.84,264.75,458.51,276.56,458.38,285.11,461.29,264.09,485.15,266.14,474.05,278.02,470.38,285.47,474.38
ND_gPPgQ2DTDCA_frame004801_l.jpg,0,1042.67,2.67,953.50,15.83,886.00,31.83,822.62,82.67,761.00,105.83,916.92,48.30,863.16,100.30,830.55,142.60,787.37,195.48,960.99,103.82,913.40,150.53,866.69,204.30,812.04,268.63,1003.30,144.36,967.16,203.42,938.96,262.47,906.67,318.67,1037.67,176.09,1013.87,248.36,995.36,301.24,967.33,348.00
ND_gSbssyMIRls_frame004785_r.jpg,0,40.00,91.00,304.00,47.00,581.42,91.73,763.95,238.20,892.40,459.03,249.00,315.33,507.06,637.05,741.42,693.39,893.00,664.00,162.00,469.33,540.00,787.00,655.00,701.00,721.00,621.00,110.00,562.33,318.00,831.00,468.00,752.00,560.00,680.00,127.00,630.33,187.00,828.00,325.00,780.00,409.00,741.00
ND_gX6pLkLGjGY_frame010466_r.jpg,0,1955.50,491.10,1883.10,487.73,1817.00,489.67,1737.36,482.88,1697.56,455.16,1676.30,418.53,1624.55,474.67,1623.06,513.51,1641.67,555.00,1698.30,391.33,1667.13,458.23,1685.67,522.92,1746.70,528.93,1747.10,378.93,1703.74,437.31,1699.26,497.82,1740.35,517.25,1795.10,376.13,1738.70,426.13,1739.10,457.33,1757.50,470.53
ND_gX6pLkLGjGY_frame025715_r.jpg,0,1000.10,468.71,958.55,478.45,930.79,489.28,903.29,487.28,903.79,476.78,927.73,455.72,911.01,459.12,908.14,469.57,919.37,477.40,942.10,446.32,927.47,457.81,926.42,467.22,937.13,474.01,951.76,445.80,943.40,451.28,943.92,458.86,954.11,462.78,960.38,445.53,955.16,449.45,957.60,455.45,965.61,459.38
ND_gX6pLkLGjGY_frame028406_l.jpg,0,972.17,171.85,996.02,177.55,1006.12,175.46,1013.75,172.37,1024.48,165.10,1008.12,162.92,1018.12,158.55,1026.63,154.93,1035.87,147.09,1007.21,157.65,1014.30,148.74,1021.75,140.01,1024.66,133.28,998.66,149.46,1004.84,142.55,1010.71,134.62,1014.84,126.37,986.02,146.93,990.84,138.74,994.48,131.65,999.56,123.55
ND_gX6pLkLGjGY_frame031695_r.jpg,0,641.53,732.00,695.20,738.67,726.87,756.33,743.71,779.57,753.71,801.29,714.45,776.83,741.35,811.34,754.36,828.57,761.87,844.33,693.95,794.58,722.70,825.83,736.70,844.33,744.70,854.08,670.20,799.33,688.20,829.33,698.95,845.58,709.95,858.58,649.95,809.33,662.95,837.58,668.70,851.33,673.45,859.33
ND_gXq8c3d35cA_frame002501_r.jpg,0,180.40,-117.07,220.00,-50.67,231.90,9.11,219.03,76.52,234.35,132.29,156.53,41.59,116.08,120.03,101.38,175.18,119.07,207.87,92.80,24.43,51.74,106.55,59.09,165.99,88.27,169.47,46.22,10.34,4.55,90.62,24.16,132.29,48.68,135.35,27.84,5.44,5.73,55.60,22.94,89.39,43.77,106.55
ND_gYPbfm2u_bg_frame002501_l.jpg,0,-16.75,1018.12,223.25,919.38,324.50,840.62,395.75,789.38,464.50,725.62,184.50,730.68,271.68,583.89,338.62,492.29,380.90,413.61,78.14,711.59,194.18,543.96,290.47,433.58,343.32,344.33,28.14,704.32,123.72,532.22,216.49,428.88,269.33,368.99,-2.77,696.14,88.49,542.79,141.77,479.77,174.50,443.41
ND_g_HcK-r0eMc_frame003290_r.jpg,0,1237.00,393.50,1108.00,231.50,916.38,234.60,770.84,256.51,655.03,322.24,929.00,146.50,777.00,182.50,710.00,207.50,621.00,246.50,866.00,313.50,787.00,352.50,706.00,397.50,615.91,453.70,870.99,372.32,794.31,403.62,723.89,453.70,658.16,503.77,916.38,445.87,867.86,458.39,806.83,475.60,728.58,508.47
ND_gaCxosetjgI_frame000957_r.jpg,0,816.14,401.19,842.97,391.03,856.48,379.68,865.67,371.03,872.16,365.36,850.26,335.63,868.74,340.25,878.23,354.30,887.73,366.95,834.86,339.14,861.03,353.31,872.50,373.28,876.06,388.11,825.13,349.14,852.53,364.18,861.42,380.20,863.60,390.29,819.27,363.65,838.10,368.06,847.83,376.44,857.27,390.09
ND_gaCxosetjgI_frame002391_l.jpg,0,1127.98,644.33,1149.46,644.16,1163.36,661.78,1177.61,681.53,1193.29,694.01,1191.78,701.60,1205.26,726.84,1207.19,745.36,1207.57,765.80,1184.82,713.73,1189.06,738.42,1188.29,757.32,1185.97,778.15,1175.56,717.97,1174.01,740.35,1171.70,757.70,1159.14,769.14,1160.51,722.22,1160.51,738.03,1155.11,750.38,1145.82,760.74
ND_ggy9KeksT2c_frame000241_l.jpg,0,769.01,673.32,743.34,630.15,713.06,603.87,688.77,603.01,663.19,617.12,657.91,601.41,620.58,628.41,628.73,640.50,640.58,641.08,650.91,630.08,612.33,659.78,627.91,664.70,646.78,669.21,655.00,667.29,611.00,686.29,626.00,698.54,649.24,688.90,657.04,702.44,628.73,710.23,638.00,715.54,658.50,713.29
ND_ggy9KeksT2c_frame002881_l.jpg,0,740.93,705.27,700.49,665.77,666.50,617.25,625.50,576.75,588.50,540.75,732.80,545.20,772.00,477.60,788.00,448.80,801.60,427.60,754.80,539.60,795.20,494.80,809.20,465.20,825.20,436.80,783.55,545.83,818.55,491.33,817.55,445.83,815.30,403.08,772.01,538.40,789.04,500.94,804.71,468.92,821.55,428.08
ND_ggy9KeksT2c_frame003841_r.jpg,0,593.62,405.38,579.87,372.38,566.62,356.38,551.37,345.12,533.12,336.38,544.62,356.12,522.87,346.38,530.62,350.38,540.14,356.27,535.87,365.12,514.62,358.38,526.87,361.62,536.37,366.62,541.12,380.12,517.62,375.88,529.37,377.38,539.12,380.38,539.87,396.88,522.87,395.62,531.87,395.12,541.59,396.09
ND_ggy9KeksT2c_frame004321_l.jpg,0,691.11,15.53,666.18,3.19,639.90,-7.38,594.18,-8.81,579.04,-4.24,614.83,23.89,583.90,48.62,584.47,37.19,595.90,25.48,623.98,46.36,593.15,62.82,576.43,61.77,554.75,54.90,626.33,61.77,592.96,70.58,582.51,64.58,573.18,55.69,630.51,67.52,601.85,72.35,590.51,64.35,582.74,56.35
ND_ggy9KeksT2c_frame011281_r.jpg,0,196.01,271.97,223.08,305.81,251.12,334.81,273.40,396.00,291.00,424.40,247.25,367.20,245.40,401.20,251.00,426.80,262.60,392.80,217.28,368.17,216.80,405.39,217.40,445.20,220.18,481.76,182.96,357.53,180.06,382.18,180.06,418.44,182.96,450.34,148.64,344.96,140.91,359.95,136.07,383.15,136.56,409.74
ND_ggy9KeksT2c_frame014161_l.jpg,0,756.71,577.49,722.18,527.73,687.14,481.52,630.77,459.17,585.07,438.35,613.51,503.35,605.50,447.75,643.00,437.75,686.00,448.75,608.94,535.85,636.50,475.75,679.00,459.25,717.50,464.75,617.57,559.21,648.50,508.75,688.66,491.67,718.50,491.75,632.67,578.50,666.83,540.93,688.66,522.65,712.00,529.25
ND_ggy9KeksT2c_frame037921_l.jpg,0,375.75,363.34,405.55,395.27,435.36,431.47,464.93,469.53,489.73,482.33,485.92,353.23,538.08,350.04,550.85,372.39,538.36,391.99,484.36,336.56,542.36,341.13,568.08,371.42,582.25,392.61,480.93,330.56,538.65,337.13,560.93,361.42,574.93,378.28,476.36,326.85,520.36,330.85,537.50,344.28,550.36,358.56
ND_gp-DmOPYEVg_frame000301_r.jpg,0,764.16,537.37,749.51,525.26,735.70,515.91,715.38,513.74,700.23,506.99,715.73,542.68,699.44,546.01,686.84,551.41,676.24,556.81,718.07,559.24,701.64,565.82,688.55,572.00,676.92,576.00,722.11,572.41,709.79,580.70,699.59,584.52,690.25,587.71,727.46,579.27,718.92,590.00,712.74,597.82,708.37,604.55
ND_gp-DmOPYEVg_frame010201_l.jpg,0,843.89,470.40,798.98,463.27,770.82,457.21,734.33,474.03,724.13,488.58,747.30,469.33,714.15,485.01,705.14,493.01,698.29,500.44,753.36,495.71,718.78,512.82,700.57,516.44,687.43,518.15,765.12,517.45,731.61,535.63,709.16,539.55,692.29,538.44,781.16,532.42,748.57,537.58,731.61,542.05,712.00,548.44
ND_gxDLPVkemrQ_frame001435_l.jpg,0,1123.17,617.83,1095.68,640.20,1060.61,660.83,1055.50,698.50,1055.50,717.17,1101.46,657.94,1101.46,695.90,1090.32,718.59,1076.17,727.83,1133.23,661.24,1128.69,705.39,1121.67,724.78,1104.83,735.50,1155.92,675.27,1160.17,699.50,1157.50,723.83,1146.50,738.17,1174.50,685.17,1194.50,688.83,1197.83,702.50,1189.50,717.17
ND_h2no3YeukM8_frame000601_r.jpg,0,221.31,749.37,170.68,743.97,118.80,743.14,83.52,764.72,75.40,776.80,113.82,701.64,99.29,729.44,93.00,756.00,85.40,780.80,136.23,727.78,119.40,761.43,117.40,779.77,118.07,791.43,165.07,754.10,152.73,769.77,140.40,786.77,130.83,805.40,189.07,779.10,180.40,786.10,171.73,792.43,157.40,807.89
ND_h6C2UatW8tQ_frame009868_l.jpg,0,416.00,978.50,455.00,864.50,495.00,775.50,559.99,689.93,628.17,612.41,454.20,631.47,506.87,538.13,545.53,487.47,602.87,444.80,509.53,665.47,598.87,602.80,673.87,564.30,742.87,539.30,603.53,726.80,654.87,672.13,712.20,648.13,794.87,626.30,662.20,780.80,716.87,740.30,757.87,722.30,795.87,712.30
ND_h9qoJV49ICI_frame010501_l.jpg,0,-234.00,779.50,-160.00,806.50,-65.00,821.50,104.00,765.50,206.00,646.50,-148.00,577.33,-27.33,500.00,91.33,482.67,214.56,482.88,-118.67,616.67,14.67,553.33,131.33,545.33,230.00,568.00,-82.67,640.67,24.67,608.67,121.33,609.33,202.00,636.67,-58.00,686.67,14.00,656.67,74.67,653.33,154.00,673.33
ND_hASrzaXK5_4_frame004801_r.jpg,0,145.25,108.88,164.05,91.21,182.76,81.27,204.95,89.57,210.59,97.21,207.33,92.88,227.63,98.95,235.99,102.95,243.45,106.77,205.04,108.50,222.37,117.26,218.23,107.03,207.32,103.21,196.48,120.50,205.04,119.16,202.95,113.03,193.14,109.21,189.24,129.83,194.00,124.88,189.43,120.88,182.96,120.50
ND_hASrzaXK5_4_frame005101_r.jpg,0,198.81,184.69,190.50,159.98,189.00,146.98,190.50,127.47,191.50,117.22,244.36,147.10,261.21,141.96,270.36,140.24,278.36,138.81,250.36,157.39,267.71,156.26,258.96,163.01,247.46,164.26,248.46,167.51,260.21,165.01,252.96,173.26,243.96,174.01,249.79,180.53,259.50,176.24,264.36,173.96,268.93,171.39
ND_hASrzaXK5_4_frame008401_r.jpg,0,149.61,223.70,168.86,201.95,187.60,182.95,213.22,176.22,219.11,187.20,224.87,204.17,243.76,211.67,232.11,212.19,217.11,209.95,224.11,226.20,241.17,229.79,231.11,221.20,214.36,221.20,217.62,244.02,232.63,245.83,227.61,233.95,212.36,232.45,203.65,255.41,214.86,254.45,215.36,246.95,206.61,243.95
ND_hHuzf5hE-_o_frame009585_l.jpg,0,1142.49,723.87,1109.70,726.37,1071.56,731.71,1060.87,767.71,1061.58,800.86,1105.42,770.21,1085.10,808.35,1062.65,826.17,1044.17,835.47,1126.45,787.67,1099.36,830.80,1073.50,837.80,1054.17,835.80,1138.21,799.08,1105.06,828.31,1082.61,830.09,1066.92,824.03,1144.17,803.13,1114.83,813.80,1094.73,815.83,1079.40,809.77
ND_hHuzf5hE-_o_frame010783_l.jpg,0,1189.24,723.76,1164.30,712.37,1129.18,714.60,1114.58,741.41,1107.69,766.96,1156.33,761.43,1125.44,792.99,1098.63,798.76,1074.88,797.40,1171.26,782.81,1138.00,814.71,1109.62,815.98,1101.35,813.69,1179.40,799.44,1145.13,828.28,1122.05,821.49,1109.49,811.31,1179.40,805.20,1152.25,829.30,1136.48,825.40,1126.76,815.69
ND_hHuzf5hE-_o_frame027555_l.jpg,0,1227.71,744.59,1233.87,772.03,1234.34,790.03,1231.34,817.28,1227.09,833.53,1171.40,773.06,1182.34,800.21,1203.59,802.03,1217.84,791.03,1173.40,785.06,1181.29,816.18,1206.84,812.18,1223.51,802.40,1178.65,797.81,1189.73,824.62,1213.51,821.96,1232.18,806.40,1192.90,810.81,1200.80,830.72,1217.46,826.10,1227.07,808.40
ND_hNGyk5Whgnw_frame002393_r.jpg,0,585.33,111.83,553.33,107.83,530.00,108.50,500.33,113.50,483.67,119.17,502.00,126.83,468.67,134.17,454.33,139.17,444.00,143.83,505.33,137.83,479.33,146.50,462.67,150.83,445.00,156.17,508.33,146.83,479.33,156.50,465.33,162.50,450.33,167.17,511.00,155.50,480.67,167.50,467.33,170.83,455.67,173.83
ND_hNGyk5Whgnw_frame011064_r.jpg,0,1410.70,134.99,1314.03,103.88,1236.89,86.71,1188.48,81.66,1144.39,80.88,1247.73,116.71,1186.89,116.71,1137.73,122.55,1101.89,135.05,1256.89,145.05,1197.92,151.10,1145.70,161.10,1090.23,175.05,1248.56,169.21,1203.56,180.05,1159.39,186.71,1121.06,195.05,1275.23,186.71,1231.06,195.88,1198.56,204.21,1173.56,214.21
ND_hNgLGGhpOJk_frame000599_r.jpg,0,1345.69,-50.14,1362.36,54.58,1371.25,112.36,1363.47,181.25,1327.92,237.92,1306.11,132.36,1253.22,196.78,1193.42,256.58,1128.77,324.46,1258.88,56.17,1194.23,127.29,1122.31,197.59,1049.58,259.01,1212.82,11.73,1153.82,53.75,1078.67,121.63,1014.83,180.62,1153.61,-11.53,1109.38,14.15,1050.39,40.82,991.11,75.14
ND_h_idZpWb4dU_frame005682_r.jpg,0,528.87,659.76,505.74,653.69,510.76,640.96,529.86,637.09,549.19,634.91,519.26,677.41,535.17,676.73,549.43,673.34,564.18,668.03,539.46,689.96,558.62,686.64,576.33,679.55,587.11,668.98,551.11,691.99,568.70,686.40,583.24,680.19,594.91,669.89,563.70,690.95,574.27,678.87,582.99,669.03,590.67,658.37
ND_h_idZpWb4dU_frame006280_r.jpg,0,541.89,473.80,543.18,454.39,540.08,431.61,548.62,418.16,561.56,403.66,561.56,448.69,579.67,442.48,595.46,435.75,611.76,428.77,573.20,461.63,597.53,454.90,616.42,446.36,632.46,435.24,579.93,471.21,601.67,464.22,620.82,454.13,636.35,444.55,585.36,477.42,599.60,467.07,609.17,459.56,618.54,451.13
ND_hnEpyuuUZgw_frame010501_r.jpg,0,203.74,367.90,188.74,366.71,171.83,369.33,159.69,373.86,146.12,381.24,150.64,366.24,134.21,371.00,123.98,375.29,113.74,381.24,150.37,380.44,139.70,383.11,135.70,389.56,150.14,382.67,158.81,387.33,148.14,393.56,151.92,398.00,156.81,390.00,171.25,391.11,167.70,398.44,172.14,394.67,179.48,385.78
ND_hvCcpTU2dWw_frame000300_l.jpg,0,-146.00,420.00,-62.00,202.00,216.00,124.00,516.00,162.00,710.00,238.00,296.88,-26.25,486.88,40.00,529.38,143.75,511.88,248.75,216.88,-18.75,466.88,75.00,456.88,167.50,426.88,261.25,130.62,-21.25,368.12,107.50,370.62,190.00,343.12,288.75,86.88,-3.75,243.12,66.25,308.12,135.00,310.62,217.50
ND_hw-to0hKTmE_frame013456_r.jpg,0,770.62,279.08,712.82,271.29,660.43,248.64,639.90,274.83,602.37,296.78,612.28,344.93,560.60,360.50,574.05,348.47,615.82,325.81,638.65,397.92,605.91,449.00,637.46,446.34,678.01,424.67,695.79,412.21,680.96,473.08,699.37,495.03,736.18,492.90,743.57,420.23,748.22,453.25,780.79,447.59,809.82,417.85
ND_hw-to0hKTmE_frame038572_r.jpg,0,646.83,582.67,639.83,593.67,626.83,608.33,615.83,631.00,618.83,647.67,609.50,617.00,608.83,639.00,620.50,653.67,642.17,660.67,603.83,621.67,608.17,648.33,626.17,662.67,642.17,667.00,600.01,628.27,606.89,652.96,614.70,660.77,626.57,667.33,598.14,636.08,600.01,651.08,608.45,663.58,618.76,670.15
ND_hw-to0hKTmE_frame043057_l.jpg,0,687.06,587.67,708.29,584.70,729.13,580.61,716.41,586.67,703.38,592.74,709.96,632.29,691.31,646.21,672.94,649.55,652.34,648.44,689.84,643.94,675.53,668.71,653.94,666.89,630.75,658.94,680.31,651.38,664.87,673.76,644.33,671.60,625.51,659.34,672.18,654.56,658.64,666.44,642.81,660.60,623.64,648.52
ND_hw-to0hKTmE_frame049336_l.jpg,0,754.71,581.29,726.85,573.57,694.84,568.33,686.84,589.02,677.46,604.19,701.19,591.50,673.33,610.54,661.19,614.95,653.19,619.92,711.67,611.09,679.12,626.54,663.12,632.33,653.60,625.97,719.12,625.98,690.98,637.85,678.02,636.19,669.19,635.09,723.81,634.54,701.74,639.50,693.19,637.85,684.91,633.71
ND_hw-to0hKTmE_frame068472_r.jpg,0,665.27,545.15,649.91,541.59,636.99,549.68,630.60,562.29,620.60,583.69,613.40,548.10,607.12,575.08,617.35,588.10,625.02,589.50,625.11,560.30,615.72,576.48,618.05,586.24,626.19,588.34,630.89,570.93,625.49,583.22,628.05,591.13,635.02,594.62,636.99,579.68,634.33,591.24,640.60,596.48,649.67,592.29
ND_hw-to0hKTmE_frame087309_l.jpg,0,723.44,618.09,695.93,609.95,663.92,606.86,653.18,627.65,634.25,635.15,669.53,641.12,635.00,655.43,619.84,656.28,613.18,652.49,679.64,661.05,643.99,673.40,628.72,668.12,621.52,656.56,685.82,670.88,654.65,678.74,639.49,672.84,634.72,663.86,692.00,675.09,665.32,677.33,656.34,673.40,649.60,666.10
ND_hwG0fwDPiJE_frame003001_l.jpg,0,1309.44,771.00,1246.11,661.00,1086.11,549.89,822.78,437.67,748.33,464.33,793.89,654.33,627.22,547.67,552.78,519.89,492.78,498.78,803.89,696.56,776.11,569.89,903.89,489.89,979.44,452.11,863.89,715.44,869.44,622.11,928.33,532.11,1018.33,452.11,936.11,708.78,940.56,637.67,968.33,555.44,1015.00,521.00
ND_hwG0fwDPiJE_frame004801_r.jpg,0,1131.57,940.71,997.29,903.57,895.86,836.43,855.86,785.00,813.00,763.57,953.00,817.86,864.43,659.29,842.93,604.86,828.71,539.29,1080.93,703.86,997.93,559.86,1107.29,602.14,1157.29,625.00,1275.86,667.86,1210.14,567.86,1270.14,589.29,1321.57,613.57,1374.43,669.29,1355.86,600.71,1371.57,613.57,1387.29,645.00
ND_i24Vrv-ZNo4_frame003589_r.jpg,0,1141.67,836.11,1143.89,742.78,1129.34,678.12,1104.34,643.12,1063.09,601.88,1100.28,589.50,1085.00,523.89,1049.44,479.44,1006.11,458.33,1115.28,600.00,1073.75,505.28,1027.92,468.61,957.92,436.94,1131.25,606.39,1117.08,515.28,1060.42,462.78,972.08,436.11,1097.08,701.11,1102.08,630.28,1047.08,556.94,971.25,507.78
ND_i24Vrv-ZNo4_frame007476_r.jpg,0,1065.91,572.87,989.49,517.10,923.39,460.30,851.10,391.11,783.31,330.15,953.34,302.29,869.69,239.30,790.17,243.43,719.95,257.89,912.03,308.49,839.71,218.56,791.14,270.70,754.71,357.13,868.28,337.13,816.14,295.70,793.99,377.13,813.28,417.85,865.56,370.45,823.22,362.19,803.28,396.42,825.42,437.85
ND_i41GWx4tMYg_frame001496_l.jpg,0,390.07,306.86,378.62,307.28,368.02,307.70,361.20,314.00,356.26,319.67,375.69,311.69,371.07,320.93,364.98,326.60,359.31,329.75,383.56,317.47,377.57,326.81,368.97,333.84,361.62,338.57,389.54,322.72,383.45,331.74,375.16,338.57,367.60,344.24,393.43,327.33,389.54,334.68,384.19,340.77,381.25,346.35
ND_i7o0eVKpbls_frame013179_l.jpg,0,275.62,867.50,398.33,740.05,479.96,586.21,647.94,532.84,784.51,474.75,403.04,383.70,519.21,333.47,614.97,308.35,732.50,288.50,461.50,470.50,529.50,431.50,668.50,438.50,809.50,446.50,514.50,535.50,564.50,517.50,613.50,571.50,663.50,660.50,542.76,589.35,608.69,594.06,669.91,623.89,740.50,665.50
ND_i9iv6Ui2Dqg_frame004486_l.jpg,0,899.01,639.28,882.49,564.53,864.24,488.92,834.69,418.52,818.83,334.67,726.92,530.63,732.13,421.99,767.77,368.97,797.32,334.21,710.40,533.24,709.54,429.81,762.17,380.00,808.83,351.33,736.83,530.67,748.65,448.94,804.17,403.33,856.17,365.33,764.29,524.55,798.83,460.00,833.50,428.67,868.17,409.33
ND_iGIJ1sDp7tg_frame000001_r.jpg,0,107.10,40.48,143.47,33.33,181.79,26.19,208.41,41.78,233.42,43.08,182.11,73.60,211.66,95.68,229.84,114.84,244.51,120.97,173.02,95.35,201.92,111.26,215.88,116.78,235.51,121.93,161.33,112.89,202.75,129.17,199.99,116.07,189.99,103.31,148.99,126.20,173.44,142.62,181.03,133.31,173.44,119.17
ND_iIjqpibyaTo_frame000898_l.jpg,0,1916.21,814.48,1938.59,843.05,1949.06,864.01,1958.11,890.67,1967.16,916.39,1927.16,923.53,1928.11,956.86,1928.59,991.15,1929.54,1015.91,1906.95,930.85,1901.12,962.91,1889.46,988.66,1874.40,1010.04,1883.15,923.08,1870.03,943.48,1856.42,960.48,1841.36,979.43,1865.66,904.61,1852.05,916.27,1839.42,925.50,1827.76,936.68
ND_iIjqpibyaTo_frame003888_r.jpg,0,1380.62,745.59,1401.00,759.05,1396.00,774.05,1371.00,774.44,1340.23,765.97,1310.23,768.67,1284.85,770.59,1261.00,773.12,1237.54,777.90,1297.54,758.67,1268.70,762.51,1236.77,766.36,1209.85,769.82,1293.90,755.75,1269.16,759.96,1253.50,762.19,1229.37,764.95,1289.69,754.96,1268.64,757.59,1257.32,759.70,1250.48,759.70
ND_iIjqpibyaTo_frame007476_r.jpg,0,614.56,422.44,619.00,312.44,682.33,183.56,724.56,131.33,750.11,173.56,816.78,208.00,860.11,136.89,886.78,106.89,912.33,72.44,795.67,232.44,751.22,171.33,702.33,202.44,699.00,250.22,800.33,265.88,757.89,223.56,724.56,236.89,714.56,279.11,797.00,306.55,762.33,269.11,729.00,281.33,725.67,321.33
ND_iIjqpibyaTo_frame026911_l.jpg,0,938.73,875.48,920.95,834.86,901.74,785.26,896.74,736.93,897.30,700.26,970.08,738.12,948.88,697.24,901.66,693.69,862.05,702.32,998.65,734.31,950.41,691.66,901.66,728.22,867.12,759.70,1023.58,736.62,953.08,707.62,912.08,745.62,886.58,783.12,1011.85,752.59,958.02,730.76,931.58,751.12,923.58,784.12
ND_iNi7g6T1HVo_frame008401_r.jpg,0,1370.30,524.04,1431.09,605.71,1489.97,684.54,1490.68,736.06,1494.52,781.45,1400.70,769.06,1423.49,824.15,1450.08,816.55,1463.38,794.70,1326.62,754.82,1334.22,823.20,1377.60,813.75,1396.90,789.96,1280.08,708.28,1295.29,760.68,1337.06,785.21,1354.16,770.96,1264.89,686.44,1288.63,732.97,1315.22,743.42,1336.12,734.87
ND_iPF0aCFr6_I_frame000251_l.jpg,0,-18.06,201.25,10.83,169.58,30.28,141.81,29.17,115.14,15.28,125.14,124.00,155.90,89.59,149.96,42.92,149.96,11.67,148.78,123.21,197.82,75.83,189.58,45.83,188.47,23.61,182.36,109.36,232.23,69.72,227.92,36.39,217.92,20.28,210.14,97.89,257.94,52.81,255.96,27.50,244.58,9.72,236.81
ND_iPF0aCFr6_I_frame001501_l.jpg,0,742.76,639.83,793.50,571.11,846.35,514.03,787.16,480.20,727.96,458.00,707.87,364.97,685.00,415.50,701.00,453.50,715.00,491.50,608.50,400.92,615.00,453.50,636.00,489.50,662.00,523.50,535.56,470.69,552.00,525.50,580.00,548.50,615.90,567.94,495.39,560.54,513.00,608.50,540.00,632.50,569.39,639.83
ND_iV6cS5I-ZKs_frame000599_l.jpg,0,788.42,460.01,762.42,450.68,748.82,450.22,735.13,463.71,719.17,473.49,775.59,458.11,763.35,469.31,745.50,476.99,730.21,483.90,784.93,475.12,772.27,489.65,751.31,497.74,732.30,500.36,789.08,489.03,777.87,504.18,756.71,510.82,740.42,512.45,791.42,498.68,778.08,518.91,760.24,524.10,742.60,523.68
ND_iV6cS5I-ZKs_frame003589_l.jpg,0,634.33,498.50,607.70,483.24,599.79,459.75,587.93,458.82,571.66,461.38,602.12,429.29,602.06,408.84,588.27,396.68,570.98,395.33,610.96,434.64,609.72,416.28,593.52,408.59,575.84,407.19,616.31,457.19,612.02,437.02,595.38,430.91,575.15,429.53,622.12,473.94,612.82,473.47,601.19,473.47,585.38,474.17
ND_iV6cS5I-ZKs_frame014054_r.jpg,0,540.95,452.78,552.71,455.31,568.60,459.90,579.00,470.30,585.48,478.54,564.63,467.97,572.45,480.27,577.17,488.05,582.17,499.44,554.95,471.99,560.51,483.05,564.67,491.94,567.45,503.60,542.29,474.07,545.78,484.71,548.24,492.69,549.95,501.10,530.08,473.18,529.18,482.12,529.63,489.12,530.67,498.20
ND_iV6cS5I-ZKs_frame014951_l.jpg,0,715.65,465.66,663.19,465.14,636.90,470.23,615.78,482.92,597.88,501.16,618.97,467.06,591.20,490.27,573.97,507.49,560.59,522.55,631.27,481.12,604.55,505.38,582.05,527.18,563.19,539.95,648.15,496.24,634.30,514.03,633.56,535.14,638.74,543.29,667.84,506.44,657.26,524.40,653.93,530.70,653.93,539.58
ND_iV6cS5I-ZKs_frame017642_l.jpg,0,942.51,361.95,908.21,285.80,867.73,205.54,803.93,173.98,769.63,122.53,809.42,279.90,726.92,228.24,696.09,199.90,671.92,156.57,781.09,308.24,712.76,249.07,676.09,214.07,647.76,161.57,773.59,315.74,701.09,265.74,670.26,227.40,646.09,190.74,765.26,324.07,706.09,294.90,684.42,276.57,667.76,244.90
ND_iV6cS5I-ZKs_frame025416_r.jpg,0,172.15,208.54,179.26,93.12,226.77,59.31,282.15,77.77,346.27,111.86,230.39,44.55,307.07,90.56,356.77,123.15,402.15,170.08,191.19,83.74,247.43,123.79,294.29,187.69,334.46,239.31,138.37,120.38,182.67,162.13,232.94,216.66,262.15,247.00,89.80,157.87,97.47,208.14,141.77,246.49,189.08,270.08
ND_if3ydxaLtbk_frame000001_l.jpg,0,226.00,152.50,322.10,128.17,370.00,81.67,432.22,92.78,390.57,185.07,486.67,268.33,567.78,320.56,535.56,276.11,471.11,219.44,465.56,307.22,532.22,397.22,449.40,333.58,396.67,278.33,396.67,337.22,451.11,430.56,380.00,357.22,324.03,285.36,328.89,358.33,352.96,445.44,306.67,366.37,288.35,312.36
ND_ilczT4xoU_Q_frame000001_r.jpg,0,829.00,1102.00,789.89,912.50,674.18,793.93,567.55,710.41,468.46,602.50,606.22,590.64,524.18,576.79,442.75,581.07,359.89,578.21,592.75,682.50,507.04,639.64,419.89,605.36,333.01,586.90,571.32,736.79,505.61,691.07,428.46,656.79,335.61,621.07,539.89,808.21,495.61,768.21,435.61,739.64,357.04,681.07
ND_j1l_7uISmpQ_frame000901_l.jpg,0,24.78,646.16,43.95,557.83,58.03,479.75,97.25,426.94,130.45,377.90,53.12,460.33,82.17,420.90,111.45,401.02,146.45,381.58,80.89,484.35,108.67,451.02,134.78,424.35,163.67,393.80,105.34,508.24,130.89,485.47,157.00,458.24,179.23,437.13,118.67,541.58,140.89,510.47,162.89,483.52,182.56,455.47
ND_j1l_7uISmpQ_frame001201_r.jpg,0,91.33,699.86,116.98,622.04,145.51,563.49,191.55,527.95,224.09,487.91,215.58,581.00,221.77,529.49,174.04,516.94,139.00,528.45,221.58,622.54,195.30,555.38,168.25,541.85,134.72,549.49,210.01,649.49,184.13,582.43,158.83,567.14,131.00,558.98,198.25,673.02,179.42,614.20,155.02,592.52,137.00,596.52
ND_j95yJqMIMsw_frame000501_r.jpg,0,268.05,3.48,274.29,70.04,274.29,135.91,293.71,191.38,329.07,222.58,334.67,134.33,386.00,165.00,423.33,175.67,449.02,171.28,361.33,91.00,408.00,97.00,441.33,95.67,465.66,88.77,382.00,54.33,412.00,61.67,434.67,61.00,451.79,61.72,382.35,8.73,412.97,8.60,430.00,9.00,442.78,19.43
ND_jTj9Z3NL_kY_frame000001_r.jpg,0,578.33,780.53,558.40,700.80,542.30,608.04,485.62,599.69,456.25,620.31,536.93,621.84,519.38,607.19,476.25,581.56,430.62,567.19,515.62,667.19,471.88,647.81,451.84,660.17,491.71,677.04,505.00,718.44,463.12,697.19,448.75,704.69,495.54,720.73,486.88,778.44,460.00,775.94,451.88,749.69,501.67,761.36
ND_jcLP-2eh5_M_frame000301_r.jpg,0,465.96,673.38,426.96,486.72,399.86,396.11,323.98,325.79,235.15,261.95,398.96,310.05,341.56,269.35,289.75,268.42,272.96,294.72,356.29,357.38,314.96,338.72,272.96,314.72,203.63,320.05,332.88,407.55,278.96,375.38,241.63,367.38,201.63,359.38,313.71,475.05,271.24,448.86,244.41,440.53,210.17,424.80
ND_jouWJlvVq84_frame017401_r.jpg,0,1269.38,745.00,1228.49,550.03,1222.63,381.57,1164.04,271.71,1049.78,262.92,1032.20,372.79,947.24,340.56,866.67,303.94,799.29,279.04,983.86,459.21,895.62,417.50,796.36,380.11,696.75,359.60,958.12,565.00,860.81,538.31,780.25,513.41,708.47,478.25,942.84,670.15,878.39,664.29,819.80,655.50,750.95,639.39
ND_jt7h9nyASgc_frame002692_l.jpg,0,1438.51,511.51,1411.31,499.11,1390.91,508.71,1379.31,510.31,1364.91,513.11,1394.11,548.31,1376.91,543.91,1376.91,531.51,1379.71,519.91,1407.16,559.39,1389.92,553.53,1390.61,536.63,1397.85,526.29,1420.96,558.70,1410.61,554.22,1413.37,541.80,1420.27,536.63,1439.47,555.36,1428.56,551.11,1430.08,543.24,1434.62,538.69
ND_jt7h9nyASgc_frame004486_r.jpg,0,1227.97,725.33,1274.47,708.33,1316.97,727.83,1330.47,748.33,1332.97,772.33,1343.97,712.33,1384.47,721.83,1387.47,743.83,1401.97,770.33,1336.97,739.83,1338.97,797.83,1311.47,800.33,1294.97,779.33,1330.28,766.27,1322.78,786.59,1309.03,783.77,1289.03,769.71,1302.91,796.53,1277.97,822.33,1265.97,812.83,1263.97,797.83
ND_jt7h9nyASgc_frame010765_r.jpg,0,565.86,503.38,553.55,515.95,548.80,534.99,553.96,550.46,557.61,563.57,539.14,563.14,541.76,582.10,545.60,593.64,554.83,602.36,558.17,565.69,559.55,583.55,562.34,592.79,572.52,602.87,570.93,566.79,579.19,577.23,587.14,585.18,599.72,592.79,582.54,558.62,588.55,567.65,597.79,573.88,607.46,578.18
ND_jtDyeSJA2mk_frame006579_l.jpg,0,1119.92,610.54,1110.52,539.45,1081.13,475.49,1072.49,422.77,1059.92,315.15,1200.00,431.31,1249.37,396.31,1226.33,427.09,1190.03,471.17,1258.75,478.18,1300.00,448.81,1287.50,490.68,1271.27,521.30,1285.10,563.65,1300.65,556.73,1299.79,576.61,1294.95,597.83,1289.42,626.74,1302.38,629.33,1292.95,640.39,1283.52,647.83
ND_jtDyeSJA2mk_frame014353_l.jpg,0,968.89,656.39,993.89,596.39,954.44,576.94,913.26,595.39,867.78,610.55,1053.33,556.39,1078.33,519.17,1055.00,511.39,1015.43,532.11,1107.78,585.28,1079.38,600.66,1038.51,618.46,989.07,639.55,1117.78,630.83,1088.60,656.69,1039.82,673.17,989.07,665.92,1117.78,664.17,1089.26,689.65,1053.89,695.83,1024.66,698.22
ND_jyGBX9_PsxY_frame000001_l.jpg,0,99.66,171.76,116.33,164.26,130.49,163.43,136.33,168.99,138.83,176.21,105.22,136.21,116.32,138.86,130.42,149.37,136.83,163.47,105.29,152.45,119.39,161.42,127.09,170.40,137.34,181.68,105.46,169.87,115.03,177.06,121.67,184.83,125.03,189.88,99.14,183.22,102.98,184.75,108.62,188.09,115.80,192.19
ND_jyGBX9_PsxY_frame000300_r.jpg,0,144.72,269.11,164.23,225.94,183.74,182.78,194.11,162.03,215.70,166.59,250.70,247.72,280.35,246.10,293.68,239.43,290.77,225.68,251.98,268.68,289.98,263.35,289.98,247.35,283.98,237.35,223.98,292.35,241.31,277.01,237.64,261.01,215.98,257.68,202.42,303.97,217.64,288.68,215.98,273.01,196.64,273.01
ND_jzbrbcR2Yak_frame001501_r.jpg,0,1481.67,392.50,1339.30,349.67,1234.96,307.41,1117.41,335.14,799.72,394.72,1124.01,72.30,965.52,82.87,869.10,188.54,758.96,297.08,1100.21,224.58,953.96,277.08,893.96,339.58,825.21,422.08,1116.06,271.29,987.97,311.37,908.79,374.92,837.88,451.29,1128.79,330.38,1035.15,356.74,952.31,390.62,888.79,435.83
ND_jzbrbcR2Yak_frame002701_r.jpg,0,1488.00,535.00,1374.00,485.00,1257.07,367.20,1049.56,311.33,837.00,258.89,1263.67,70.00,1057.00,30.00,892.22,125.49,808.11,202.22,1204.78,126.67,1047.00,98.89,905.90,111.80,774.78,167.78,1165.92,196.76,1099.66,252.82,1110.37,310.10,1150.57,370.10,1191.89,282.60,1141.48,278.28,1133.29,337.37,1178.75,400.10
ND_k0WgJLkheCY_frame003888_l.jpg,0,-122.50,1270.00,104.17,1241.67,294.17,1235.00,420.83,1190.00,607.50,1050.00,-37.50,1000.00,58.77,806.30,434.96,689.43,612.10,651.08,154.17,1015.00,329.04,855.61,573.75,844.65,727.15,968.83,262.50,1073.33,380.17,977.96,490.83,933.33,565.83,1073.33,310.78,1136.84,473.33,1050.56,547.78,1011.67,595.56,1102.78
ND_k0WgJLkheCY_frame022426_l.jpg,0,399.00,1332.00,799.08,1209.92,1018.22,1003.67,1211.58,784.53,1349.00,534.00,628.92,650.47,904.78,341.09,1062.05,201.88,1227.05,67.81,523.22,560.23,877.50,315.00,1157.50,398.33,1372.50,500.00,485.83,575.00,817.50,381.67,1129.17,436.67,1264.17,526.67,450.83,608.33,649.17,398.33,765.83,361.67,854.17,335.00
ND_kDPjZuAJGBE_frame003290_l.jpg,0,130.42,753.06,220.15,617.11,300.14,511.07,439.67,477.59,579.91,438.71,430.82,505.08,508.09,429.62,587.18,391.44,656.28,369.62,492.64,559.62,583.55,495.98,670.82,445.98,735.37,397.80,502.64,619.62,601.73,587.80,671.73,553.26,757.18,479.62,506.28,693.26,549.91,643.26,602.64,571.44,653.55,503.26
ND_kDPjZuAJGBE_frame009270_l.jpg,0,496.54,-16.50,578.86,59.82,620.76,160.09,713.55,275.33,778.50,318.25,876.68,130.16,994.91,263.36,1005.38,329.21,999.40,384.58,918.50,40.25,860.21,207.98,826.50,279.25,798.50,344.25,905.50,9.25,869.50,99.25,840.50,166.25,790.50,255.25,834.50,-11.75,820.50,21.25,802.50,100.25,772.50,140.25
ND_kFpDH8KCS2k_frame008161_l.jpg,0,251.36,532.69,205.60,486.51,176.07,427.39,156.91,388.50,116.07,358.57,216.98,342.97,162.60,322.11,123.40,313.25,81.67,310.73,260.73,346.66,233.23,310.66,155.65,323.37,112.02,344.24,292.23,378.38,272.00,342.34,205.60,356.88,149.33,370.80,305.51,423.91,276.07,387.39,218.42,407.39,171.46,432.13
ND_kFpDH8KCS2k_frame009841_r.jpg,0,202.62,790.00,357.86,644.65,484.96,509.19,565.23,402.16,678.88,226.25,277.59,283.42,372.91,154.65,483.29,136.25,630.46,149.63,178.92,315.19,364.55,214.85,426.43,390.45,337.62,487.50,68.88,352.50,292.64,295.12,336.12,454.00,272.62,535.00,25.12,428.75,197.31,437.27,255.85,559.36,228.88,643.75
ND_kFpDH8KCS2k_frame027841_r.jpg,0,437.67,794.67,397.00,760.00,387.67,716.00,420.33,648.00,441.67,584.67,505.67,729.33,560.33,682.00,588.33,644.00,613.67,614.67,567.67,754.67,513.67,696.00,464.33,692.00,432.33,693.33,578.33,759.33,535.67,704.00,483.00,708.00,439.67,725.33,595.67,744.67,559.00,687.33,537.00,659.33,510.33,630.00
ND_kFpDH8KCS2k_frame032881_l.jpg,0,620.72,459.73,632.22,436.72,644.94,409.48,662.19,399.49,675.51,383.44,674.30,425.83,689.14,420.38,707.30,418.86,724.86,419.17,678.84,444.29,698.52,440.36,716.38,438.84,735.15,435.21,678.24,463.06,696.40,463.97,712.45,458.52,729.10,454.89,673.70,480.32,687.02,481.83,702.15,480.92,716.69,480.32
ND_kIBn-DqQVHU_frame015601_r.jpg,0,1172.36,437.64,1178.93,449.07,1183.21,463.64,1183.50,480.21,1184.93,501.07,1161.79,481.64,1164.36,501.36,1172.93,514.50,1179.21,520.50,1157.25,479.62,1160.50,503.38,1171.00,515.38,1184.24,522.99,1154.25,479.62,1157.50,502.88,1168.74,511.49,1186.49,516.24,1152.00,480.62,1154.50,496.12,1158.75,505.12,1164.00,509.12
ND_kU6Lj5jAhnI_frame002692_l.jpg,0,1302.00,165.00,1125.33,184.64,969.05,216.23,842.69,224.54,719.66,199.60,1025.58,487.23,955.75,605.28,847.68,650.17,752.91,661.80,1112.03,537.11,995.65,661.80,862.64,718.33,760.00,709.50,1190.17,552.07,1155.26,678.43,1051.00,708.50,995.00,680.50,1236.73,520.48,1235.06,643.52,1247.00,713.50,1255.00,775.50
ND_kWUPfDdQp-w_frame002101_r.jpg,0,1191.86,390.75,1129.96,344.90,1079.53,302.10,1008.46,299.81,948.86,315.09,1024.51,216.52,961.08,228.74,921.35,267.72,898.60,306.54,1009.31,260.83,959.31,262.97,919.31,292.25,895.74,330.11,1010.03,288.68,967.89,295.11,950.03,336.54,948.60,364.40,1035.74,335.83,1013.05,334.96,1008.60,349.40,1031.46,375.11
ND_kX50-5rNVqo_frame007001_l.jpg,0,928.97,238.42,841.67,177.22,746.35,124.04,670.00,141.00,616.26,139.55,657.05,253.48,603.86,314.68,649.00,313.00,680.00,282.00,715.00,317.00,727.00,357.00,780.00,324.00,780.00,282.00,792.00,382.00,824.00,384.00,845.00,351.00,822.00,323.00,839.67,402.99,883.00,396.00,915.00,374.00,897.00,344.00
ND_kX50-5rNVqo_frame007501_l.jpg,0,697.88,213.08,776.00,305.17,764.67,333.83,744.67,362.50,724.00,391.17,565.92,172.32,585.95,220.68,622.00,244.50,658.50,238.65,548.64,245.55,588.67,286.50,634.00,287.83,687.33,281.17,571.44,327.77,607.33,363.83,643.33,351.83,688.00,329.17,633.33,359.17,664.67,384.50,691.33,399.17,710.67,397.83
ND_kX50-5rNVqo_frame017501_r.jpg,0,233.67,632.58,250.99,591.12,271.47,536.53,270.50,493.00,273.56,450.44,216.35,492.96,251.52,473.01,271.20,504.20,275.60,538.60,196.40,496.11,242.60,484.56,255.60,528.60,259.20,571.00,184.86,509.76,226.40,509.40,238.00,549.00,245.60,589.00,167.01,541.25,200.60,528.65,228.42,549.12,247.20,563.80
ND_kX50-5rNVqo_frame027501_l.jpg,0,1256.50,446.33,1230.50,430.33,1225.17,385.67,1240.50,379.67,1298.50,375.00,1307.83,316.33,1371.83,319.00,1403.17,333.00,1431.83,355.00,1307.17,342.33,1366.50,345.67,1395.83,362.33,1430.50,383.00,1314.50,369.67,1367.83,379.67,1395.17,391.67,1417.17,407.00,1321.17,398.33,1357.83,403.67,1375.83,410.33,1392.50,418.33
ND_kX50-5rNVqo_frame038001_r.jpg,0,512.34,551.15,533.18,502.84,555.44,466.37,554.02,428.00,536.02,394.38,506.66,425.64,511.39,403.85,531.76,428.95,539.00,452.40,476.34,433.69,500.50,419.48,522.29,458.79,530.20,482.80,459.00,448.80,484.87,441.74,507.60,477.74,519.80,506.40,443.19,467.32,467.82,460.21,483.92,482.95,495.76,509.00
ND_kgmjUTavOlg_frame001501_r.jpg,0,1872.28,615.51,1533.26,523.05,1243.04,448.56,1065.82,255.94,919.42,106.97,1327.79,91.56,1199.37,-70.24,1207.00,55.00,1273.00,211.00,1546.10,9.38,1374.02,4.24,1394.57,135.22,1489.60,191.73,1710.48,-8.60,1575.00,15.00,1522.99,96.70,1597.47,158.34,1826.05,27.35,1695.07,29.92,1661.68,94.13,1717.00,149.00
ND_khh2HhMhgdU_frame000001_r.jpg,0,90.55,139.02,79.67,162.22,68.79,186.39,49.22,201.62,31.57,217.57,22.87,166.57,3.05,186.63,-10.60,197.40,-21.80,206.60,16.60,156.60,5.47,172.37,-11.80,186.20,-35.00,201.00,13.40,148.60,3.00,160.20,-11.40,173.80,-31.40,185.40,8.60,145.00,-2.60,151.80,-10.60,157.40,-18.20,163.80
ND_khh2HhMhgdU_frame000301_r.jpg,0,385.49,291.37,364.45,308.33,345.11,324.62,343.41,350.41,341.71,375.87,308.46,343.29,307.78,365.35,315.58,382.99,325.42,399.28,327.80,355.50,327.46,372.81,331.53,389.44,343.41,403.01,342.05,359.92,345.67,375.67,351.21,387.40,356.98,399.62,356.64,359.92,358.68,372.47,364.00,379.67,370.56,385.71
ND_khh2HhMhgdU_frame000601_r.jpg,0,393.30,199.28,364.33,205.26,335.98,215.03,333.15,248.09,330.31,280.22,298.10,253.50,284.33,272.97,284.10,283.50,291.30,293.50,311.70,273.50,301.30,303.90,312.50,309.10,334.09,309.82,341.02,281.79,339.30,299.10,354.90,303.50,374.10,289.90,363.70,281.16,366.84,293.45,379.13,293.45,388.58,275.18
ND_khqqvnAt9vk_frame001795_l.jpg,0,393.38,144.81,470.18,130.70,554.82,126.00,627.71,158.92,687.27,198.88,605.00,68.67,668.46,98.57,657.67,129.33,641.67,164.67,603.00,130.00,657.00,117.33,665.00,166.67,660.33,220.00,581.47,170.67,611.00,197.33,633.67,227.33,637.00,268.67,537.67,200.67,561.09,224.75,565.67,242.00,579.67,262.67
ND_kklK9hp5VsU_frame002701_r.jpg,0,592.00,-412.00,712.00,-346.00,796.00,-252.00,812.00,-168.00,810.00,-94.00,664.00,-256.00,712.00,-140.00,738.00,-56.00,750.00,48.00,600.00,-226.00,632.00,-96.00,644.00,-16.00,646.00,80.00,540.00,-220.00,538.00,-90.00,528.00,-6.00,520.00,50.00,476.00,-220.00,420.00,-114.00,392.00,-36.00,374.00,54.00
ND_kklK9hp5VsU_frame004801_l.jpg,0,1479.96,47.33,1258.33,97.13,1059.12,229.11,984.00,326.00,918.00,446.00,957.02,408.41,887.29,620.08,869.86,764.51,859.90,903.97,1056.62,500.55,942.07,717.20,867.37,876.57,822.54,993.62,1191.10,555.33,1064.00,738.00,980.00,886.00,912.00,1016.00,1390.32,575.26,1318.10,717.20,1265.80,831.75,1220.00,924.00
ND_kklK9hp5VsU_frame006601_r.jpg,0,944.72,523.80,968.79,511.34,1025.44,499.72,1044.69,490.38,1066.22,477.92,979.27,475.09,1003.53,486.87,1020.53,496.20,1033.65,507.65,965.11,500.29,984.37,518.13,996.87,533.53,1011.28,549.85,956.33,523.80,979.53,541.53,994.87,556.87,1017.53,575.53,960.02,545.60,983.24,556.08,990.53,561.20,999.20,569.20
ND_kmcs6amqirQ_frame000901_l.jpg,0,57.00,-5.00,73.19,12.48,92.67,20.00,104.63,25.88,123.23,29.71,58.42,60.06,83.58,66.90,102.17,48.58,110.92,32.72,46.66,56.51,74.55,56.23,97.00,30.00,105.67,14.00,38.46,45.02,65.53,38.19,89.67,15.33,99.16,2.91,34.36,23.42,61.67,16.33,77.02,5.10,88.00,-0.33
ND_kt2wYAqmYxY_frame000901_r.jpg,0,205.84,45.60,231.08,60.06,256.10,83.01,251.74,100.91,244.85,109.63,249.33,125.67,251.33,120.00,248.67,112.67,243.01,105.04,223.97,131.43,227.67,122.33,226.33,109.67,223.97,99.30,202.39,121.33,206.33,116.67,207.33,105.00,206.30,91.04,188.00,110.33,184.00,106.00,186.33,97.33,189.77,88.98
ND_kvWAtSH1xIY_frame010501_r.jpg,0,579.89,554.19,592.27,536.10,611.31,513.63,629.02,520.29,660.06,525.05,624.33,537.17,659.00,542.50,676.33,542.17,693.33,542.50,624.67,551.83,654.67,558.50,675.00,557.50,698.33,555.83,623.67,566.17,648.67,573.17,672.67,572.17,690.33,571.83,621.00,573.50,643.00,579.17,660.67,581.17,675.33,581.17
ND_kwjUmXl3npE_frame001001_l.jpg,0,-366.00,1220.00,-102.00,1316.00,254.00,1258.00,462.32,1123.21,668.71,1032.08,0.00,1132.00,202.00,994.00,368.00,748.00,551.63,584.13,-118.00,980.00,70.00,824.00,314.00,662.00,506.00,722.00,-188.00,944.00,26.00,780.00,220.00,714.00,356.00,724.00,-248.00,924.00,-62.00,792.00,78.00,734.00,198.00,706.00
ND_kwjUmXl3npE_frame006751_l.jpg,0,458.52,1116.22,693.00,1147.00,914.21,1021.53,1245.61,974.19,1503.04,858.79,733.71,500.75,988.18,411.98,1210.10,468.20,1378.77,601.35,891.00,609.00,1091.00,573.00,1243.00,539.00,1421.00,615.00,943.00,723.00,1093.00,705.00,1235.00,795.00,1335.00,883.00,975.00,875.00,1149.00,899.00,1221.00,921.00,1309.00,963.00
ND_l5_T4kWXEd0_frame014951_r.jpg,0,367.93,488.57,372.26,387.17,398.26,290.96,456.33,238.10,519.60,179.16,471.93,323.03,542.14,279.70,600.20,235.50,643.54,199.96,518.73,371.57,603.67,321.30,628.81,281.43,584.33,261.83,556.00,420.97,626.21,370.70,627.94,335.17,609.00,309.17,576.80,457.37,635.74,433.97,650.47,397.57,653.94,366.37
ND_l5_T4kWXEd0_frame025117_l.jpg,0,1182.50,427.50,1194.61,372.37,1150.39,339.21,1102.50,319.50,1038.00,311.00,1198.76,290.84,1135.19,272.19,1067.48,279.79,1008.75,298.44,1201.52,328.84,1129.66,321.24,1056.43,335.75,997.01,349.57,1211.19,384.12,1143.48,377.21,1083.37,383.43,1075.00,368.50,1209.12,439.39,1148.32,443.54,1095.12,426.96,1077.00,408.00
ND_l9XSHRQ7oLs_frame000601_l.jpg,0,296.50,440.01,285.73,425.60,277.33,418.40,265.33,410.00,245.73,405.60,320.86,381.05,297.02,386.94,277.79,395.66,261.38,406.17,327.78,394.89,314.19,401.04,288.30,412.83,270.61,423.60,342.70,420.51,337.28,408.51,306.50,430.01,295.85,434.80,346.61,434.48,358.39,440.48,339.50,446.26,320.17,450.04
ND_l9XSHRQ7oLs_frame001501_l.jpg,0,294.98,399.89,284.80,368.59,273.60,365.19,259.60,367.39,266.40,376.34,320.09,354.33,309.08,356.13,295.15,367.81,287.52,381.28,329.20,365.67,346.76,363.67,318.51,382.41,300.77,387.35,339.64,383.44,353.20,383.67,321.87,399.89,305.87,401.00,344.31,399.22,341.87,414.97,320.76,419.47,305.94,417.00
ND_lEIiDZSvCC4_frame000601_l.jpg,0,22.00,756.50,128.79,675.50,216.51,584.75,318.35,594.84,411.11,581.73,312.30,713.82,377.00,705.50,434.00,699.50,486.00,701.50,297.00,789.50,356.00,804.50,419.00,819.50,488.00,846.50,282.00,874.50,357.00,892.50,427.00,901.50,488.00,909.50,264.00,967.50,337.00,985.50,408.00,995.50,472.62,993.12
ND_lEIiDZSvCC4_frame000901_r.jpg,0,806.63,1021.20,769.97,876.03,763.30,840.03,755.30,814.03,761.30,779.37,727.30,838.03,727.30,792.70,737.97,745.37,783.30,736.70,689.80,846.45,674.30,794.45,679.80,717.95,738.80,729.45,653.80,851.87,637.80,794.53,638.47,736.53,733.13,763.20,610.47,877.87,587.13,835.20,599.13,772.53,700.99,793.18
ND_lPatda032x0_frame004187_r.jpg,0,965.00,1104.50,1125.00,1136.50,1227.00,1136.50,1307.00,1138.50,1401.00,1112.50,1257.31,1047.67,1465.44,989.39,1536.00,1067.50,1561.00,1155.50,1180.71,929.45,1448.00,869.50,1524.00,945.50,1548.00,1037.50,1146.00,868.50,1347.00,760.50,1414.00,859.50,1448.00,948.50,1109.12,829.55,1191.00,714.50,1318.00,733.50,1353.00,826.50
ND_lQAlynsq2Yw_frame024220_l.jpg,0,1043.67,867.92,1007.04,853.50,969.11,839.41,946.67,864.92,935.50,894.33,1012.46,882.40,992.95,909.50,962.24,923.23,931.53,927.57,1027.64,910.59,994.04,942.38,951.04,952.50,920.67,949.42,1031.62,932.99,996.21,959.01,953.21,971.65,918.52,967.68,1032.34,950.33,998.01,964.43,966.17,970.42,935.17,967.42
ND_lQAlynsq2Yw_frame031097_r.jpg,0,546.07,1024.67,529.67,1041.70,510.59,1042.86,486.00,1058.36,461.07,1067.79,451.97,1028.37,436.56,1068.53,456.56,1080.53,475.99,1083.76,437.02,1026.88,423.77,1079.38,447.77,1086.13,471.27,1088.88,455.27,1037.13,452.27,1068.13,474.63,1076.84,494.42,1075.88,467.52,1047.28,467.74,1066.40,486.18,1072.84,507.52,1069.13
ND_lZ487d7Axfc_frame003290_l.jpg,0,1010.12,823.14,970.30,812.50,932.30,811.70,912.30,821.30,890.70,830.50,966.70,806.90,951.90,810.50,931.10,837.30,908.74,857.79,961.83,840.83,940.08,857.42,917.96,873.64,894.73,884.70,971.41,859.64,948.92,873.64,927.17,886.55,902.47,900.19,983.21,874.38,969.20,883.23,957.40,891.71,946.30,898.10
ND_lZ487d7Axfc_frame006280_l.jpg,0,1138.64,708.46,1130.00,674.80,1123.13,664.19,1107.20,662.00,1092.00,663.20,1096.11,719.09,1045.96,728.13,1014.40,717.47,993.07,707.69,1095.54,740.21,1044.04,740.96,1016.04,730.03,998.29,715.71,1075.83,745.17,1044.04,743.65,1019.06,733.06,1001.28,718.68,1071.79,738.96,1044.29,738.21,1029.04,732.21,1015.29,723.96
ND_lZ487d7Axfc_frame011064_r.jpg,0,644.40,671.87,713.60,677.47,733.60,687.07,742.80,709.47,741.60,734.67,717.64,694.67,719.90,728.08,717.07,762.63,711.60,787.47,686.40,698.27,692.00,738.67,693.60,757.47,695.60,775.07,662.40,702.27,661.60,735.07,670.00,757.47,681.20,770.67,639.60,707.87,642.40,728.27,646.40,747.87,652.40,765.07
ND_lZ487d7Axfc_frame011363_l.jpg,0,1284.00,745.75,1244.98,736.73,1219.64,735.68,1200.83,770.69,1185.50,806.25,1252.17,795.50,1233.50,821.70,1214.70,826.10,1197.70,824.50,1262.90,805.90,1235.58,827.11,1214.70,830.90,1193.90,830.30,1262.70,816.50,1236.90,833.30,1214.30,838.50,1198.90,837.10,1263.30,822.30,1245.50,834.10,1224.70,841.90,1209.50,842.50
ND_lZ487d7Axfc_frame020931_r.jpg,0,772.17,594.21,812.88,603.77,855.71,617.58,867.39,660.41,873.41,694.40,828.81,665.37,843.15,709.97,862.65,723.72,880.90,723.22,807.40,679.47,828.45,716.70,851.82,722.01,875.15,719.22,794.65,681.47,821.37,708.56,841.55,708.56,856.06,700.06,783.49,682.71,811.81,695.81,829.16,695.46,839.78,683.42
ND_lq7S5DuXfHU_frame001201_r.jpg,0,609.00,603.50,529.00,519.95,486.50,461.95,434.05,409.72,385.46,364.76,538.46,378.54,473.20,356.06,425.34,355.33,384.74,361.13,497.40,406.20,455.80,392.31,413.74,393.04,372.60,400.20,479.80,423.80,453.40,411.00,417.00,413.80,374.20,439.00,473.80,435.00,450.20,426.20,421.80,434.20,398.60,450.20
ND_lq7S5DuXfHU_frame001501_r.jpg,0,539.00,532.67,482.09,492.97,430.73,446.93,395.52,403.13,363.40,366.11,477.19,378.63,420.73,356.93,391.17,376.46,361.77,403.68,502.23,385.71,433.09,384.62,397.93,405.73,374.33,426.13,506.73,403.73,453.93,406.93,412.73,426.13,393.13,451.73,510.94,424.91,469.53,428.93,427.53,445.33,406.73,469.73
ND_mACpJ8BeQC4_frame000901_l.jpg,0,-74.00,636.67,-10.00,555.33,18.48,505.81,91.97,452.90,154.43,411.75,0.11,386.76,46.41,355.90,93.33,353.33,148.67,360.00,38.32,426.45,83.89,408.07,131.33,398.00,172.67,396.67,49.33,463.33,90.00,447.33,130.67,443.33,174.67,451.33,62.00,522.00,93.44,502.14,126.67,491.33,160.00,478.67
ND_mGV_-B_4W4I_frame002701_l.jpg,0,-79.00,730.50,185.00,711.50,359.00,655.50,430.44,575.09,512.00,462.50,209.93,515.72,403.59,423.83,496.88,408.28,571.80,418.18,62.91,446.45,267.33,318.00,395.10,334.78,461.00,386.50,14.00,419.50,130.67,322.00,218.00,335.33,278.67,365.33,36.00,435.50,148.00,384.50,242.00,391.50,298.00,425.50
ND_mHepbyNsDJ0_frame027001_l.jpg,0,681.00,531.50,588.07,437.91,482.65,348.62,485.13,224.59,542.18,99.33,585.00,146.50,589.00,59.50,603.00,7.50,622.00,-60.50,666.00,188.50,702.17,116.69,702.17,282.88,685.00,393.50,773.00,208.50,802.63,153.90,776.00,280.50,717.00,353.50,844.79,263.04,880.76,218.39,839.00,303.50,755.00,343.50
ND_mIMATMhoq7g_frame001435_r.jpg,0,688.50,-36.50,743.50,-25.75,749.50,-10.75,736.50,-2.75,701.43,9.19,579.00,48.25,554.50,63.25,530.00,73.75,503.21,88.20,619.00,48.75,593.50,66.75,567.50,86.25,540.50,105.25,649.50,45.25,639.50,58.25,625.50,71.25,599.50,77.25,690.53,61.64,680.31,79.35,661.24,85.48,638.08,75.26
ND_mIMATMhoq7g_frame001674_r.jpg,0,621.33,-6.17,596.33,85.53,575.16,149.03,569.52,220.29,566.33,280.00,461.57,154.67,466.50,214.65,493.32,253.45,515.67,283.33,492.61,158.20,499.67,206.00,519.42,246.40,542.33,280.67,513.67,156.00,522.95,197.01,539.67,230.00,560.34,261.92,537.06,149.73,543.41,180.78,561.67,206.00,579.67,227.33
ND_mVFfL8bYrjY_frame003501_r.jpg,0,388.50,339.00,402.04,338.83,412.41,338.39,416.45,344.36,416.45,349.72,420.14,341.46,426.38,348.32,427.61,353.77,428.75,357.46,417.94,347.53,419.70,357.55,415.57,358.07,412.58,355.53,414.08,352.80,411.32,360.44,407.32,359.64,405.18,356.57,409.15,358.69,407.31,362.91,402.12,361.91,398.12,359.77
ND_mVFfL8bYrjY_frame004001_l.jpg,0,412.53,379.91,399.44,377.20,391.72,375.66,385.42,378.58,379.02,378.28,388.60,384.96,382.18,389.39,377.85,393.00,375.26,395.81,391.22,390.11,385.72,394.12,382.34,396.43,377.42,399.50,392.84,392.82,387.67,396.80,383.67,398.80,380.21,400.66,394.56,394.27,390.49,397.25,386.70,399.33,383.45,401.22
ND_mVFfL8bYrjY_frame004251_l.jpg,0,795.47,162.97,789.37,172.31,783.39,181.77,779.66,192.35,776.92,201.57,794.35,193.60,789.49,203.43,783.52,207.42,778.16,210.41,797.71,191.11,790.11,200.94,782.33,202.17,775.83,203.00,799.20,189.11,790.99,197.83,784.14,199.45,778.78,199.32,798.58,187.12,792.36,193.60,787.62,195.22,782.77,195.34
ND_mVFfL8bYrjY_frame005251_r.jpg,0,632.63,123.67,635.95,141.45,638.49,158.24,630.09,172.50,625.60,186.76,618.77,157.85,612.71,177.97,608.61,189.49,605.29,200.23,608.61,155.51,601.97,175.23,605.52,179.97,614.08,179.14,602.75,147.50,602.36,166.05,607.92,170.64,614.86,170.94,600.41,142.03,601.38,156.68,608.45,163.04,615.65,163.30
ND_mVFfL8bYrjY_frame005501_r.jpg,0,624.97,241.95,632.67,242.52,641.49,244.28,644.72,252.08,644.56,255.98,644.77,246.52,650.53,258.06,652.03,263.04,653.11,267.44,642.17,250.92,644.97,262.32,643.73,265.03,641.57,261.32,638.58,256.98,638.58,264.70,636.42,262.46,635.59,259.97,633.68,259.05,633.52,264.28,631.11,262.29,629.47,258.62
ND_miAtbZ1sA_M_frame004486_r.jpg,0,632.38,561.68,641.11,571.91,662.71,587.33,673.56,595.47,688.60,613.22,654.00,563.02,662.95,585.60,665.91,603.85,668.13,622.84,635.09,573.52,643.72,588.07,648.40,607.79,655.56,627.52,618.07,581.41,622.51,591.77,631.88,610.75,642.49,627.52,602.54,588.81,604.76,594.97,610.43,610.51,619.55,623.33
ND_miAtbZ1sA_M_frame006878_l.jpg,0,764.04,518.45,785.04,483.45,779.29,470.20,772.04,457.62,761.44,439.16,799.79,478.70,803.48,491.46,803.48,502.39,801.43,514.36,810.54,504.45,811.34,519.82,807.24,529.74,800.41,541.36,811.79,527.95,809.98,538.96,806.90,550.93,801.09,562.89,803.04,545.45,802.29,553.45,798.29,565.20,794.79,577.45
ND_miAtbZ1sA_M_frame012260_r.jpg,0,557.75,532.88,572.75,502.38,591.75,493.88,612.84,506.80,624.50,515.38,579.50,503.88,624.78,535.53,630.62,536.53,628.78,528.87,569.25,529.38,610.29,552.47,627.50,552.47,627.15,544.25,568.25,548.62,612.20,567.97,621.98,564.57,621.98,557.56,572.00,570.12,603.92,578.80,613.00,573.12,617.75,563.12
ND_miXIk7cP4ug_frame014054_r.jpg,0,2774.00,1772.50,2658.60,1870.73,2543.79,1916.65,2450.42,1936.55,2373.88,1964.11,2483.00,1730.50,2329.00,1700.50,2245.00,1672.50,2179.00,1644.50,2491.00,1698.50,2407.55,1801.85,2435.11,1869.20,2474.91,1933.49,2531.00,1684.50,2476.44,1798.78,2485.62,1856.95,2544.00,1881.50,2585.00,1682.50,2529.00,1755.50,2540.73,1820.22,2581.00,1855.50
ND_minh9wqn8hc_frame001001_r.jpg,0,792.81,34.30,867.74,165.84,939.33,315.69,872.73,440.57,881.06,570.45,772.00,260.50,719.55,467.21,717.88,585.43,741.52,666.62,657.02,241.70,665.49,462.94,764.66,516.39,831.19,499.72,605.00,246.50,657.94,422.26,745.19,460.39,802.52,405.72,574.00,242.50,620.38,371.81,652.00,392.00,701.86,386.72
ND_minh9wqn8hc_frame006251_l.jpg,0,1225.33,682.00,1206.67,594.67,1167.33,526.00,1116.67,488.00,1058.00,489.33,1159.33,560.67,1012.67,559.33,996.00,545.33,1023.33,524.67,1129.17,628.92,1008.39,608.74,1000.17,585.42,1019.17,575.42,1110.17,683.92,1004.89,653.67,1005.67,624.42,1023.17,618.92,1099.17,734.42,1011.31,699.77,992.67,680.42,1008.17,671.92
ND_mu1OG_woz-A_frame006301_l.jpg,0,189.00,1046.00,153.00,844.67,169.00,730.00,185.67,648.67,154.33,583.33,237.00,726.00,273.00,674.67,319.67,638.67,365.00,592.67,316.33,760.00,362.33,708.67,409.67,665.33,461.00,618.67,373.67,808.83,421.67,750.67,447.00,714.00,479.00,672.00,415.67,866.83,453.67,832.83,480.67,804.83,504.67,778.83
ND_muPk3tXV4I0_frame002751_r.jpg,0,-122.00,-31.50,17.67,-53.70,99.67,-59.70,156.33,-19.70,163.67,38.97,-12.33,0.30,45.31,19.46,171.05,56.84,257.71,84.88,-23.67,53.63,46.16,108.67,199.94,142.65,262.81,136.70,-28.33,148.30,41.91,199.57,199.09,210.62,265.36,195.33,-23.00,237.63,93.67,260.30,245.82,261.60,321.43,244.60
ND_muPk3tXV4I0_frame003251_l.jpg,0,-215.33,276.17,-120.33,168.17,-30.33,131.17,40.67,151.17,144.67,195.17,-38.33,26.17,19.67,52.17,99.67,91.17,158.67,233.17,-35.33,98.17,18.67,97.17,83.67,130.17,101.67,216.17,-39.33,169.17,20.10,177.52,61.10,199.02,86.10,259.52,-41.33,229.17,19.27,240.77,53.93,260.43,70.67,311.17
ND_muPk3tXV4I0_frame004751_r.jpg,0,-238.67,60.00,-204.33,188.67,-133.33,261.67,-90.33,293.67,-39.33,304.67,-107.00,140.33,-19.33,207.67,51.00,260.33,130.00,303.33,-76.67,70.50,12.33,85.83,109.17,160.92,199.45,243.21,-36.00,41.33,32.67,45.42,128.67,117.17,237.68,198.99,-13.00,22.33,66.67,53.42,158.67,96.33,209.20,142.02
ND_n8hshpYzCYg_frame001201_l.jpg,0,153.21,172.93,142.19,165.41,132.03,158.38,124.61,149.98,112.50,142.95,143.95,149.59,145.70,145.30,146.29,139.44,146.29,131.62,156.64,151.74,159.50,141.79,161.21,136.64,163.21,130.64,166.02,158.77,170.51,151.55,172.46,145.49,177.54,137.88,172.66,169.91,177.54,166.20,181.84,161.31,186.33,157.41
ND_n8hshpYzCYg_frame001801_r.jpg,0,115.91,192.11,118.77,181.54,118.20,174.97,119.63,169.05,122.03,162.05,88.23,175.45,79.63,173.25,71.63,172.05,61.23,170.85,83.03,186.05,70.63,184.45,61.31,185.10,49.97,187.32,83.35,193.46,73.05,195.31,63.20,197.92,51.20,202.39,85.78,202.84,78.56,205.82,73.99,207.68,67.20,210.39
ND_n8hshpYzCYg_frame002101_r.jpg,0,95.64,85.67,97.89,79.11,104.06,75.14,109.95,75.14,113.17,77.87,104.74,87.96,112.84,90.83,113.22,87.95,110.42,84.68,104.22,93.09,112.30,94.39,113.46,91.55,110.48,90.48,102.94,95.74,111.34,96.11,112.18,93.10,110.46,93.03,101.33,99.00,107.89,100.38,110.53,99.10,109.02,97.21
ND_nFS0vYI2I7g_frame000300_l.jpg,0,395.00,612.50,464.91,470.08,530.95,319.35,612.77,259.06,675.94,182.97,641.07,339.90,749.07,270.90,826.07,229.90,902.75,200.20,662.07,471.90,814.07,417.90,913.00,385.50,881.00,406.50,648.73,568.40,783.07,520.90,876.20,492.00,817.80,483.60,637.40,648.40,766.73,627.07,817.40,597.73,787.91,587.80
ND_nFS0vYI2I7g_frame001795_l.jpg,0,358.88,628.06,424.68,518.00,477.32,393.59,552.68,349.32,636.42,346.93,553.17,466.50,675.85,438.85,767.38,414.23,827.67,391.83,580.67,545.83,708.92,538.08,812.67,537.83,769.67,524.83,590.67,629.83,687.38,636.54,735.71,632.84,692.65,598.15,563.67,708.00,603.67,716.25,629.17,699.25,605.32,677.11
ND_nFnl3yMFix4_frame002101_r.jpg,0,1042.78,745.75,1037.02,697.18,1050.02,668.18,1070.02,657.18,1094.77,649.93,979.60,657.60,1040.52,646.18,1079.86,655.42,1117.37,668.87,976.51,683.62,1036.65,679.48,1075.38,678.66,1100.35,676.59,965.71,702.82,1005.84,714.95,1038.64,714.95,1069.44,710.55,1005.44,788.15,974.87,769.88,1008.81,763.87,1029.84,756.95
ND_nFnl3yMFix4_frame002401_l.jpg,0,1288.30,748.79,1246.72,732.88,1203.50,718.21,1193.31,716.98,1166.81,721.47,1220.62,698.23,1173.33,712.50,1143.57,730.03,1122.36,745.12,1229.19,724.32,1179.04,739.00,1146.01,752.86,1121.96,763.46,1236.93,752.45,1200.65,762.24,1159.87,771.62,1135.00,774.47,1243.05,778.96,1212.47,782.63,1181.89,783.03,1155.80,781.81
ND_nFnl3yMFix4_frame003901_l.jpg,0,1398.00,705.75,1350.00,663.25,1314.00,653.75,1271.99,676.19,1248.50,690.30,1327.00,695.75,1260.91,720.52,1222.67,726.62,1188.86,728.84,1343.50,730.75,1271.44,762.64,1222.12,773.73,1182.21,780.93,1348.10,756.30,1289.17,789.25,1253.15,801.44,1221.01,810.30,1344.50,749.10,1303.70,769.05,1279.70,776.05,1257.20,771.05
ND_nFnl3yMFix4_frame006301_l.jpg,0,1611.90,550.77,1613.10,489.97,1591.80,422.10,1554.47,417.30,1528.60,428.50,1612.63,407.22,1555.41,359.57,1517.72,360.51,1490.70,364.77,1600.30,405.97,1547.10,355.57,1507.50,355.97,1485.21,360.98,1579.10,412.77,1549.13,400.72,1517.63,396.72,1477.13,397.72,1538.30,449.97,1516.30,439.67,1489.45,431.19,1475.50,428.77
ND_nFnl3yMFix4_frame007201_r.jpg,0,940.02,794.40,962.67,834.83,955.21,883.31,925.28,898.95,902.49,911.46,911.43,869.46,886.00,909.50,864.67,933.83,846.67,956.50,889.67,850.17,864.96,900.29,874.33,910.83,898.02,897.16,879.00,847.17,874.79,887.78,889.09,891.35,904.00,876.83,871.00,838.83,873.00,873.50,889.33,874.50,903.33,867.17
ND_nGLQ1aTKuvg_frame000001_r.jpg,0,100.20,548.62,129.40,557.20,148.20,578.00,156.52,605.30,152.95,631.67,161.40,591.20,183.25,621.69,173.98,643.08,159.37,653.77,148.20,611.20,163.64,659.48,149.80,676.80,139.00,668.00,128.60,618.40,134.42,669.81,123.72,678.01,112.32,671.24,103.40,625.60,116.95,667.67,106.26,678.72,96.28,675.52
ND_nGLQ1aTKuvg_frame000599_r.jpg,0,145.00,375.75,144.99,344.33,145.43,308.34,164.10,316.79,189.87,327.89,73.50,302.75,19.24,305.68,41.46,314.12,63.68,316.79,47.83,322.50,60.12,356.33,92.56,370.11,120.55,375.88,49.50,355.17,57.46,378.99,94.78,394.54,123.66,399.43,65.45,381.21,65.90,396.32,96.11,400.77,121.88,403.43
ND_nGLQ1aTKuvg_frame001496_l.jpg,0,238.80,459.80,229.90,423.48,221.96,386.01,205.68,356.50,199.25,336.82,258.66,355.74,231.79,327.74,211.66,331.46,195.94,338.03,280.99,354.98,277.21,334.55,243.53,340.98,219.60,349.00,288.56,387.90,288.56,366.71,254.12,366.71,221.20,379.20,285.53,420.45,275.69,409.85,249.58,409.10,228.46,410.14
ND_nHSfdYsLm08_frame001674_r.jpg,0,877.40,790.00,889.80,767.20,915.80,742.00,928.22,734.54,954.20,724.15,919.40,789.77,949.00,781.30,960.48,757.51,966.23,737.27,931.23,808.09,962.12,784.85,977.44,754.50,983.73,735.09,942.98,816.84,970.60,792.51,975.54,772.36,979.35,742.47,947.58,820.02,967.05,799.34,971.42,784.30,973.61,771.73
ND_nHSfdYsLm08_frame003347_l.jpg,0,1188.43,1062.84,1167.92,1017.61,1140.18,965.75,1091.33,935.33,1042.00,940.00,1081.09,938.61,1031.64,899.42,994.25,890.97,962.67,887.33,1053.95,976.60,990.03,942.83,962.67,942.00,964.00,961.33,1038.27,1019.42,982.79,994.09,1028.67,981.33,1057.33,1001.33,1028.62,1064.65,991.24,1048.97,1015.33,1037.83,1039.00,1047.50
ND_nHSfdYsLm08_frame003586_l.jpg,0,2070.00,993.00,1997.00,844.50,1861.00,715.50,1790.40,686.33,1697.40,676.54,1825.17,729.17,1732.50,691.83,1754.50,665.17,1791.83,672.50,1765.93,756.82,1658.33,732.67,1608.33,721.33,1545.00,722.00,1777.68,849.83,1643.00,820.00,1581.00,814.00,1527.05,804.79,1773.76,935.00,1632.78,912.48,1639.64,913.46,1660.20,912.48
ND_nHSfdYsLm08_frame008127_l.jpg,0,468.33,728.33,388.33,685.67,384.33,642.33,379.67,592.33,366.33,541.00,487.67,559.67,453.67,520.33,404.33,513.67,347.67,523.67,504.33,597.67,450.33,560.33,395.67,581.67,371.67,617.00,525.67,626.00,473.00,622.67,423.67,630.67,403.67,650.67,519.67,664.67,477.67,653.33,450.33,661.33,431.00,677.33
ND_nPhXt_wmLkU_frame003001_r.jpg,0,276.00,616.50,401.00,566.50,482.00,516.50,504.00,479.50,544.00,433.50,509.00,696.50,544.00,668.50,557.00,659.50,575.00,642.50,490.00,750.50,501.00,715.50,501.00,669.50,491.00,625.00,423.00,757.50,443.67,716.33,457.67,665.67,453.00,625.67,340.00,758.50,376.00,743.50,390.33,709.67,396.33,669.67
ND_nQOca2Cz85g_frame005701_l.jpg,0,636.33,798.67,682.33,756.67,723.00,710.67,742.33,683.33,763.67,664.00,674.33,655.33,708.33,638.67,741.00,630.67,769.67,629.33,657.67,672.00,713.00,654.00,749.67,642.67,791.00,641.33,653.00,686.00,707.67,666.00,741.00,657.33,787.00,655.33,655.00,706.00,690.33,687.33,729.00,677.33,762.33,674.00
ND_nQOca2Cz85g_frame006301_l.jpg,0,858.33,61.67,868.33,17.67,881.67,-19.67,889.00,-37.00,917.00,-62.33,955.67,-21.67,978.33,-34.33,1006.33,-48.33,1035.67,-60.33,987.67,-9.67,1007.67,-25.67,1033.67,-36.33,1065.00,-51.00,1026.33,-7.67,1045.67,-19.67,1067.67,-31.00,1087.67,-42.33,1021.00,31.00,1053.00,16.50,1076.00,7.83,1098.33,-2.17
ND_nRW3RTYr_r4_frame001501_r.jpg,0,441.50,478.25,510.31,454.61,545.50,400.26,565.69,376.45,597.00,324.75,490.12,374.38,526.87,385.25,569.31,416.82,608.65,449.43,462.50,407.25,521.69,426.14,559.48,459.78,600.37,491.35,444.50,449.25,518.50,482.75,548.00,499.75,586.00,518.75,449.50,497.75,495.50,508.75,524.00,518.75,553.00,525.25
ND_nRW3RTYr_r4_frame001801_l.jpg,0,609.90,429.60,578.65,401.30,554.15,362.44,519.94,355.69,496.29,363.29,525.85,322.32,462.92,329.08,460.81,351.46,471.37,371.74,515.72,338.37,448.98,361.18,460.39,386.10,476.02,393.28,501.78,361.60,456.16,398.77,474.75,413.13,489.11,413.55,500.51,389.90,474.33,424.53,487.84,433.82,506.00,435.51
ND_nRW3RTYr_r4_frame002101_l.jpg,0,637.47,396.22,631.42,319.68,625.78,281.01,585.00,249.10,533.00,221.50,613.30,239.52,546.02,220.59,534.20,244.30,537.80,271.10,598.79,250.80,530.31,242.74,511.78,267.72,505.00,295.10,576.64,273.36,518.63,287.05,524.60,307.50,530.60,325.50,567.78,299.54,524.27,318.48,539.17,342.24,554.08,366.41
ND_nbzHEOTSPHw_frame000901_r.jpg,0,910.00,501.05,936.15,506.38,960.40,518.88,965.90,535.12,967.65,547.62,948.24,521.68,960.05,547.46,965.86,558.63,970.80,568.09,935.35,528.77,948.45,554.55,956.62,567.87,963.28,576.89,924.39,535.64,939.86,555.84,946.09,567.23,952.32,575.82,917.09,540.80,928.90,551.54,937.93,558.85,945.23,564.86
ND_nbzHEOTSPHw_frame005101_l.jpg,0,576.00,548.70,563.80,547.10,552.80,549.90,543.00,552.10,530.00,561.70,566.00,583.90,553.00,589.70,537.00,586.30,529.40,588.70,565.00,587.50,552.20,592.30,536.00,593.50,522.60,594.70,565.49,590.91,548.04,590.36,534.58,589.09,525.67,589.64,563.85,593.09,550.22,591.45,542.04,591.64,531.67,591.64
ND_nbzHEOTSPHw_frame009001_l.jpg,0,859.16,487.80,839.31,498.94,821.89,507.78,813.89,528.67,802.78,537.33,825.39,520.46,812.96,535.67,804.61,546.62,797.75,557.01,837.64,529.74,828.18,548.66,822.33,553.11,818.11,555.33,849.51,533.08,838.94,549.96,831.89,546.44,829.07,540.29,859.72,535.12,855.09,540.04,850.09,541.24,845.49,544.44
ND_nbzHEOTSPHw_frame010201_r.jpg,0,526.50,458.92,536.72,449.36,554.38,452.58,555.00,459.96,552.48,470.06,524.48,444.26,534.38,458.27,541.77,465.96,549.00,471.35,515.16,458.27,529.92,473.19,542.69,480.57,556.84,485.34,511.68,468.46,526.54,483.04,540.69,490.11,559.30,493.34,510.24,479.04,524.85,489.03,535.00,492.73,541.77,494.26
ND_nj1upNfNMsE_frame000301_r.jpg,0,461.00,558.00,412.33,547.33,320.33,520.67,239.00,470.67,175.00,434.67,313.67,436.00,264.33,464.67,237.67,499.33,216.33,520.67,351.67,470.00,307.67,505.33,269.67,534.00,227.00,554.00,381.67,488.00,359.67,509.33,327.67,543.33,288.33,574.67,421.00,521.33,402.33,548.67,382.33,586.00,351.67,618.00
ND_nj1upNfNMsE_frame000601_r.jpg,0,358.33,359.00,360.33,318.42,351.83,280.92,316.06,298.47,287.95,315.68,308.33,358.42,277.83,349.42,252.33,345.42,210.33,342.42,293.12,396.58,262.71,393.14,238.61,376.50,201.43,348.27,270.17,429.28,250.66,424.69,229.43,399.45,216.24,369.62,263.83,459.87,253.43,468.67,237.43,459.07,228.28,421.82
ND_nkHnL2DMMDY_frame003888_r.jpg,0,1182.33,722.33,1156.33,697.00,1097.00,667.67,1015.70,699.65,950.50,692.85,1023.67,677.67,975.00,677.00,949.67,677.00,925.00,679.00,1038.33,705.67,979.67,706.33,943.00,705.00,931.00,706.33,1040.33,727.67,995.00,725.00,961.00,725.00,934.33,723.67,1041.67,745.00,1006.33,740.33,975.67,741.00,949.67,741.67
ND_nnW9X22CJLU_frame006280_r.jpg,0,-608.00,20.33,-338.00,-116.33,-11.33,-156.33,428.67,-86.33,515.33,100.33,-364.67,-26.33,185.33,207.00,402.00,213.67,512.00,253.67,-354.67,310.33,282.00,547.00,502.83,430.75,345.33,323.25,-411.33,590.33,18.67,773.67,215.33,688.25,335.33,555.75,-441.33,667.00,-184.67,807.00,-54.67,807.00,58.67,800.33
ND_nnwFyJTkA-E_frame000300_l.jpg,0,1306.75,1141.62,1269.25,1049.12,1223.00,990.38,1165.50,951.62,1125.50,946.62,1215.50,1016.62,1210.50,935.38,1180.50,900.38,1074.25,867.88,1219.25,1050.38,1188.00,984.12,1144.25,925.38,1020.75,946.25,1219.25,1087.88,1126.75,1008.25,1044.75,999.25,975.50,1019.12,1219.25,1129.12,1120.50,1079.12,1058.00,1057.88,985.50,1052.88
ND_nnwFyJTkA-E_frame000599_r.jpg,0,-244.50,1277.21,-40.75,1197.21,14.45,1129.89,125.50,1099.71,239.25,1085.96,-39.39,982.75,-16.66,907.38,146.04,894.22,252.51,904.99,-56.14,1047.34,-11.87,986.33,166.37,967.19,294.38,979.16,-64.51,1164.58,-25.03,1129.89,159.20,1078.45,265.67,1060.50,-52.55,1304.55,-23.84,1297.37,35.98,1259.09,99.25,1209.71
ND_nnwFyJTkA-E_frame000898_l.jpg,0,1299.48,1248.39,1187.98,1108.77,1148.98,1080.77,1110.98,1051.77,1062.98,1047.77,1202.77,1042.98,1185.07,1021.44,1118.92,966.06,1055.84,942.21,1167.87,1047.60,1142.42,1034.87,1096.96,1014.87,995.92,1019.62,1137.14,1105.64,1091.14,1088.64,1006.30,1088.28,942.43,1088.28,1171.59,1183.25,1112.70,1161.03,1030.48,1146.59,956.00,1123.41
ND_noX2kuxzAkE_frame000601_l.jpg,0,90.93,684.29,114.48,617.55,134.11,553.43,173.37,516.79,201.50,476.23,125.75,537.26,152.88,510.67,179.94,484.78,198.89,465.76,157.67,554.74,183.18,522.68,209.36,499.78,232.91,474.26,179.32,586.17,205.43,550.82,233.56,525.95,254.32,503.95,200.20,610.36,222.44,590.07,243.38,569.79,264.88,541.73
ND_noX2kuxzAkE_frame000901_r.jpg,0,588.00,345.00,510.00,300.00,434.67,270.00,364.92,227.50,342.57,200.29,453.00,247.50,399.50,226.00,371.50,215.50,337.00,210.50,454.67,264.00,395.00,246.50,355.50,240.50,310.00,237.50,441.00,297.00,389.00,281.00,344.03,275.59,305.65,276.08,442.00,335.00,388.73,321.75,359.58,319.32,322.17,319.81
ND_npw8h1sd2Qs_frame000898_r.jpg,0,469.17,532.13,490.77,517.33,502.37,505.33,523.70,518.28,542.38,528.24,482.41,504.79,503.16,520.35,519.14,539.86,534.08,550.03,473.48,523.67,495.27,545.67,512.08,555.21,528.27,559.78,465.81,539.03,488.43,563.72,507.52,567.25,523.29,565.38,466.67,559.83,485.11,572.44,500.67,574.51,509.80,573.48
ND_npw8h1sd2Qs_frame002393_l.jpg,0,86.00,78.00,174.54,24.12,248.10,15.16,318.00,17.00,378.00,35.00,260.00,78.00,307.00,106.00,317.00,134.00,274.00,84.00,236.00,108.00,248.00,144.00,226.35,91.28,208.44,39.47,208.00,121.00,214.00,154.00,175.18,91.28,157.27,39.47,170.00,140.00,175.00,160.00,136.00,123.00,113.00,80.00
ND_npw8h1sd2Qs_frame004486_r.jpg,0,526.58,350.01,541.04,377.47,551.52,407.10,547.54,434.20,522.25,455.52,558.38,433.48,547.54,458.41,536.70,478.64,525.86,494.18,539.23,431.31,520.80,454.07,500.21,453.71,494.83,438.83,521.53,423.00,499.12,437.45,488.83,433.17,486.50,418.17,505.99,408.91,488.28,420.47,481.83,413.50,484.83,402.50
ND_npw8h1sd2Qs_frame009270_l.jpg,0,576.25,272.76,567.33,250.83,556.83,227.33,543.83,213.83,534.83,191.83,503.40,244.41,477.92,245.49,457.10,248.00,441.67,253.74,500.89,265.23,470.74,266.66,450.64,270.97,434.13,277.43,504.12,284.61,478.64,290.35,459.26,295.01,443.11,300.40,512.01,303.27,492.27,306.86,479.71,311.88,466.79,315.47
ND_npw8h1sd2Qs_frame009868_l.jpg,0,906.70,392.20,921.17,401.33,933.83,410.33,923.83,414.67,907.83,416.33,936.50,433.33,919.90,454.74,903.17,442.34,898.69,431.71,921.17,440.00,917.17,462.33,892.83,452.33,889.17,435.00,906.50,440.00,902.50,464.67,887.17,451.33,882.50,435.00,895.26,441.43,894.69,466.57,883.26,458.00,877.55,442.00
ND_nqNTl4vtOE8_frame002393_r.jpg,0,264.00,1006.00,239.01,908.25,226.92,833.33,209.20,798.68,195.50,774.51,126.00,802.00,101.24,753.57,143.94,740.68,189.06,748.73,105.00,834.00,100.43,799.49,169.72,823.66,208.39,851.05,112.00,880.00,103.66,850.25,173.75,876.83,202.75,895.36,107.00,936.00,109.30,899.39,160.86,911.48,178.58,923.56
ND_o2Uni5sN7z4_frame008971_l.jpg,0,146.00,860.00,210.00,785.00,259.21,693.36,298.32,607.31,321.79,528.44,197.93,549.95,248.13,480.85,313.00,442.00,383.00,424.00,260.51,571.46,307.44,515.40,358.00,481.00,420.00,449.00,317.00,582.00,357.00,535.00,393.00,505.00,434.00,489.00,344.00,607.00,371.33,589.06,404.00,581.00,433.00,586.00
ND_o2Uni5sN7z4_frame033190_l.jpg,0,30.23,673.86,50.82,607.25,66.56,538.23,70.80,488.58,77.46,443.17,2.98,512.20,23.67,453.00,42.33,435.00,69.67,425.67,19.00,523.67,36.33,469.00,59.00,451.00,83.67,436.33,33.67,530.33,47.67,487.67,61.67,473.00,85.67,457.00,45.67,537.00,57.00,502.33,67.00,491.67,83.00,477.67
ND_o9r75HLkX4A_frame000601_l.jpg,0,166.00,1070.00,321.37,973.79,437.27,892.93,565.30,876.75,694.67,848.45,473.66,657.09,585.51,626.09,690.63,642.26,808.00,670.00,523.52,735.25,607.00,728.00,680.00,793.00,761.00,861.00,528.00,801.00,640.00,809.00,721.00,832.00,783.00,884.00,551.00,865.00,637.00,868.00,685.00,877.00,725.67,907.75
ND_o9sZNayXOD0_frame000601_r.jpg,0,765.23,1288.40,611.13,1249.62,531.53,1182.27,429.48,1127.16,350.90,1071.03,534.00,1221.00,422.00,1189.00,363.00,1156.00,317.00,1105.00,494.00,1275.00,398.00,1257.00,335.00,1219.00,332.00,1136.00,490.00,1296.00,407.00,1293.00,340.00,1293.00,317.00,1296.00,491.00,1329.00,422.00,1354.00,367.00,1346.00,323.00,1338.00
ND_o9sZNayXOD0_frame001201_r.jpg,0,701.53,1094.60,564.90,1010.02,446.48,947.56,435.67,881.33,492.67,850.33,490.73,766.68,439.98,777.09,428.67,821.33,425.67,862.33,616.67,776.33,532.37,838.25,514.67,877.33,531.06,909.82,705.43,817.43,628.66,848.66,599.67,901.33,606.54,956.67,734.06,838.25,698.93,831.75,681.67,874.33,675.67,914.33
ND_oA6jpUSK-7Y_frame004201_r.jpg,0,2032.00,1128.00,1620.00,930.00,1268.52,797.08,1014.78,682.23,857.20,604.77,1388.71,180.10,1078.88,206.81,945.34,324.33,894.59,428.49,1666.48,54.57,1300.00,18.00,1233.80,206.81,1153.67,444.52,1816.05,65.25,1490.20,67.92,1394.05,276.25,1460.82,425.82,1892.00,94.00,1669.15,206.81,1575.67,343.02,1543.62,431.16
ND_oHlUA3mMwqo_frame000601_l.jpg,0,316.59,425.70,288.37,397.06,265.96,364.69,236.91,355.97,215.32,355.97,270.52,393.74,224.04,389.17,193.74,381.70,165.10,371.33,252.68,433.17,213.66,421.13,179.63,405.36,154.73,386.27,244.79,456.41,205.78,449.77,177.67,427.45,156.09,402.71,243.96,468.86,208.20,449.55,178.72,433.76,152.93,418.50
ND_oL0BYy4958E_frame005751_r.jpg,0,646.96,962.06,624.70,976.25,591.80,981.09,551.80,982.70,506.31,987.54,571.15,956.57,515.02,968.19,491.80,973.67,466.31,973.35,566.96,953.99,529.22,962.06,501.15,967.22,473.41,969.80,562.76,952.38,533.73,958.83,509.86,963.35,477.93,968.51,558.25,950.12,539.54,954.31,514.38,961.41,492.44,966.57
ND_oL8wBHwKiPo_frame000501_l.jpg,0,889.08,476.42,872.91,491.42,861.14,501.12,854.38,511.42,844.97,516.42,863.79,512.30,854.08,527.59,844.08,528.77,835.55,526.71,874.97,515.24,866.44,529.65,857.32,533.77,845.85,535.24,883.20,520.24,876.73,533.48,868.50,539.36,858.50,542.59,892.02,522.01,885.26,534.65,880.26,538.18,874.08,539.95
ND_oL8wBHwKiPo_frame003501_r.jpg,0,420.37,179.73,429.17,189.33,428.35,210.04,434.15,234.46,436.90,257.95,422.86,264.06,453.68,273.82,476.27,266.50,497.63,258.87,437.18,265.52,468.94,294.88,496.71,281.15,511.30,271.11,454.24,261.99,476.57,293.05,502.18,285.82,522.35,271.08,469.54,258.17,488.36,275.23,501.01,273.46,515.12,268.17
ND_oL8wBHwKiPo_frame006251_r.jpg,0,476.15,531.07,502.56,532.85,525.66,533.86,538.87,553.67,549.28,567.12,523.89,552.91,546.48,572.96,556.64,587.18,567.56,597.59,511.95,567.89,528.96,589.98,525.66,580.84,521.09,571.44,500.02,576.27,516.02,584.39,513.73,577.03,507.13,571.70,490.37,579.57,497.66,576.71,494.13,568.48,489.72,562.30
ND_oL8wBHwKiPo_frame008501_l.jpg,0,760.93,520.61,737.16,531.06,712.86,539.94,701.89,560.84,705.69,584.28,730.63,553.53,719.39,581.74,712.86,601.07,708.68,618.05,746.82,562.67,729.47,590.16,716.57,590.81,701.41,591.78,756.23,572.86,735.85,585.66,720.12,585.97,708.18,581.78,760.93,577.04,743.02,581.13,728.18,580.49,716.89,576.62
ND_oL8wBHwKiPo_frame009501_l.jpg,0,728.57,528.10,704.46,522.87,682.97,524.45,662.58,537.25,642.58,546.85,668.43,539.14,639.96,551.34,625.73,560.35,614.39,567.03,676.57,556.86,656.23,572.26,661.21,561.51,667.27,555.12,688.48,567.32,672.79,573.13,677.73,564.71,683.54,557.74,700.97,574.59,692.82,568.93,697.01,563.44,703.14,555.38
ND_oL8wBHwKiPo_frame024001_r.jpg,0,564.48,467.65,583.96,473.59,606.60,480.83,614.57,496.78,619.96,511.44,584.70,494.74,588.97,515.34,599.54,526.84,607.71,532.41,572.46,502.54,582.66,522.20,591.75,526.84,604.65,524.62,562.25,510.88,577.28,524.43,589.55,528.71,600.55,529.46,558.17,515.52,568.56,523.13,579.55,522.21,588.55,519.96
ND_oPGCDFtZw28_frame049501_l.jpg,0,796.43,649.08,705.71,633.21,660.63,587.17,654.64,347.52,644.66,121.85,293.17,445.37,109.44,387.46,-0.40,313.57,-100.25,239.68,315.14,285.61,195.32,167.78,115.43,22.00,51.43,-95.36,515.71,257.50,498.57,171.79,521.43,87.50,604.29,-22.50,612.86,264.64,617.14,176.07,695.71,224.64,794.29,314.64
ND_oPGCDFtZw28_frame052501_l.jpg,0,-1.43,760.57,53.57,761.57,126.57,707.57,167.57,552.57,209.57,433.57,30.57,529.57,106.43,369.29,155.57,287.57,206.57,235.57,-55.00,505.00,6.43,343.57,63.57,269.29,119.29,222.14,-103.57,465.00,-32.14,322.14,25.00,246.43,73.57,200.71,-125.00,425.00,-96.43,340.71,-67.86,295.00,-9.29,252.14
ND_oQ7cQswEFUo_frame000718_l.jpg,0,348.37,683.63,361.10,631.91,375.17,575.67,416.11,528.29,465.36,532.77,340.63,528.33,385.43,443.13,415.83,409.13,447.30,379.53,391.03,540.33,434.02,514.86,463.44,514.22,493.03,516.33,413.03,583.13,455.43,581.53,482.23,579.53,515.83,578.33,415.43,629.53,449.43,623.53,479.43,619.76,514.61,614.00
ND_oQU2kR_MmqM_frame000001_l.jpg,0,710.01,476.84,693.40,486.00,686.58,498.57,678.03,506.63,671.44,513.95,714.40,504.80,723.93,511.51,731.20,518.60,738.20,524.80,729.54,501.26,740.04,508.09,749.08,515.17,759.60,519.60,738.33,497.59,749.08,502.96,758.11,509.31,769.34,516.64,744.44,495.88,753.23,500.04,761.28,505.41,770.00,509.80
ND_oQU2kR_MmqM_frame001201_r.jpg,0,561.92,367.92,579.40,358.90,602.40,356.10,621.00,357.90,633.46,352.45,615.33,359.94,633.00,363.90,645.79,367.67,658.60,372.51,611.71,370.09,627.42,375.65,642.16,384.11,656.40,390.10,602.28,380.00,613.16,384.59,627.42,392.57,639.20,397.70,588.99,391.36,595.76,397.16,604.70,402.96,616.30,409.25
ND_oQl5DmDNup4_frame001201_l.jpg,0,674.63,568.60,624.74,542.43,575.67,503.17,568.31,418.11,552.77,323.24,448.08,420.56,398.19,376.40,422.00,320.50,462.00,292.00,497.80,388.60,507.00,283.50,527.00,254.00,563.50,243.00,539.68,353.50,548.50,285.00,572.50,263.50,601.00,251.50,622.00,398.50,599.47,310.93,610.00,278.50,634.50,265.50
ND_oQl5DmDNup4_frame005401_l.jpg,0,483.67,519.00,488.46,458.46,516.40,410.74,585.64,375.62,657.88,339.49,525.00,243.67,577.61,182.96,640.82,165.90,713.07,174.93,595.67,257.67,649.67,206.80,700.33,192.33,761.67,194.33,629.67,287.67,679.67,255.67,725.67,241.00,792.33,239.00,669.67,333.80,695.67,318.30,727.67,309.80,763.17,305.30
ND_oQmReh9qhyw_frame002393_l.jpg,0,675.47,580.06,658.02,567.88,651.29,554.61,658.33,549.32,665.55,552.64,691.96,534.52,698.17,541.70,698.95,550.88,697.39,562.41,712.78,551.53,705.01,568.85,693.29,577.64,681.18,588.97,716.20,564.97,708.33,586.23,685.87,595.80,666.34,602.25,718.98,583.72,710.48,596.59,693.29,603.42,680.20,606.74
ND_oqEgPB8u9L0_frame000001_l.jpg,0,124.71,104.76,129.86,102.64,138.43,108.54,143.56,118.29,145.62,124.40,146.40,108.01,151.97,119.73,151.51,125.79,150.04,132.91,143.06,113.20,146.71,122.11,146.79,129.67,145.43,133.94,139.95,116.83,142.40,125.18,141.40,129.67,140.09,133.73,134.99,119.49,136.58,124.19,136.42,129.67,135.13,133.65
ND_osfESSHr3Jk_frame007788_l.jpg,0,-124.67,1296.50,-27.27,1104.87,75.00,986.50,239.89,926.78,291.20,963.90,32.07,833.53,216.24,820.34,311.69,846.53,417.00,887.50,121.67,919.17,258.47,920.02,372.33,930.50,449.67,947.83,203.17,1008.50,279.67,1068.50,342.33,1123.17,393.00,1189.17,131.50,1043.50,201.50,1123.50,234.83,1181.50,273.50,1257.50
ND_osfESSHr3Jk_frame013778_l.jpg,0,1418.25,737.55,1407.00,712.00,1419.07,688.45,1431.04,692.23,1447.42,703.56,1489.00,674.00,1500.01,704.82,1499.38,729.39,1492.35,754.67,1513.75,698.20,1511.43,727.58,1500.69,754.42,1472.69,776.42,1519.19,729.67,1512.44,758.67,1499.44,784.42,1484.52,796.92,1520.94,768.17,1517.94,785.42,1513.19,797.67,1501.44,810.67
ND_osfESSHr3Jk_frame020367_l.jpg,0,1177.63,655.02,1179.40,622.04,1184.82,590.61,1205.97,566.32,1239.63,568.59,1284.97,577.26,1249.67,590.03,1223.36,601.61,1199.54,609.55,1296.68,613.83,1239.14,626.35,1215.46,630.03,1193.88,633.72,1287.25,653.83,1229.25,652.40,1214.40,651.26,1196.74,651.13,1272.22,677.22,1224.13,675.87,1205.21,668.43,1189.71,660.37
ND_osfESSHr3Jk_frame021565_r.jpg,0,380.57,419.27,445.67,312.33,552.33,275.00,617.70,316.84,691.18,343.56,515.67,357.67,667.80,355.81,752.41,368.05,828.11,382.53,522.33,438.33,691.18,425.95,689.00,392.33,593.21,376.96,545.00,493.00,675.59,460.46,664.46,432.62,629.95,398.11,547.67,528.33,642.19,488.29,645.53,461.57,619.93,440.42
ND_osfESSHr3Jk_frame026357_l.jpg,0,1275.85,594.45,1158.65,586.85,1141.05,577.65,1118.65,564.45,1101.00,554.25,1239.45,518.85,1228.83,544.62,1199.90,559.67,1172.51,575.48,1261.05,555.25,1221.12,581.66,1185.63,594.00,1151.68,609.82,1260.65,590.45,1231.53,606.34,1199.90,621.77,1168.65,635.66,1263.05,617.25,1243.10,637.97,1227.67,654.56,1203.76,669.61
ND_osfESSHr3Jk_frame027555_r.jpg,0,825.89,900.93,879.00,911.20,914.89,933.60,935.40,953.60,956.60,972.00,898.31,943.89,924.37,1002.70,934.26,1031.45,943.69,1060.66,866.03,958.17,897.98,1012.13,907.88,1048.41,917.30,1077.62,844.60,969.20,863.40,1021.60,873.01,1049.35,879.40,1077.20,827.40,976.80,829.00,1004.00,834.20,1031.60,839.40,1058.00
ND_otcSv1Azxtw_frame000001_r.jpg,0,12.83,-3.83,29.50,-8.68,40.33,-8.08,51.50,-4.58,62.03,0.78,40.67,0.75,51.00,4.07,60.17,8.42,62.00,3.83,35.67,8.92,47.67,12.25,55.00,15.25,55.00,11.08,33.00,13.70,44.17,20.42,51.67,22.08,50.67,17.25,31.33,17.25,37.67,20.92,44.50,22.42,43.00,15.92
ND_otcSv1Azxtw_frame000901_l.jpg,0,817.04,264.56,792.51,251.71,767.49,257.00,753.00,275.48,740.82,288.92,765.81,286.61,747.96,305.71,733.69,311.80,725.00,312.60,777.89,294.97,754.47,313.48,744.18,308.44,737.46,303.83,783.34,298.79,759.30,308.02,753.00,302.99,748.38,297.32,789.71,301.33,767.70,303.62,760.77,299.84,758.46,292.91
ND_otcSv1Azxtw_frame001501_r.jpg,0,749.00,477.67,814.33,503.50,828.46,558.87,822.33,600.50,821.33,635.50,757.29,574.49,745.80,643.57,767.40,665.82,800.83,656.96,721.87,563.82,722.37,638.07,746.89,659.69,781.05,656.69,725.79,569.49,729.47,628.26,750.40,644.59,775.40,641.53,729.47,571.11,735.60,612.44,751.42,624.69,770.29,624.69
ND_otcSv1Azxtw_frame001801_r.jpg,0,540.80,121.60,548.00,153.60,523.88,173.12,490.14,183.04,451.10,191.64,474.51,143.39,401.48,172.45,373.03,194.95,351.20,222.74,460.11,140.99,379.65,167.16,344.58,194.95,317.45,232.00,442.94,138.96,375.90,164.06,340.34,186.50,313.68,210.50,425.91,139.59,376.91,160.63,352.91,176.63,325.45,196.50
ND_oumI9ZBOWfw_frame000898_r.jpg,0,242.59,335.05,233.92,324.93,235.92,321.66,239.81,320.29,242.21,322.36,250.66,321.45,246.15,321.03,243.68,322.62,244.50,325.03,253.39,325.77,249.02,322.57,246.97,324.31,247.81,326.08,254.87,330.93,251.48,327.49,249.07,328.36,249.53,329.95,254.76,337.87,254.59,334.12,252.42,333.23,251.81,335.06
ND_oumI9ZBOWfw_frame005383_r.jpg,0,473.34,649.47,461.62,662.50,458.06,681.16,457.34,720.92,457.40,734.94,422.51,700.50,440.73,737.16,472.95,723.83,470.73,710.05,432.28,699.32,453.14,735.61,479.43,718.18,472.57,701.89,441.14,699.04,464.00,733.89,475.43,715.89,468.86,703.32,446.86,697.04,463.71,721.32,466.86,708.18,464.28,699.32
ND_p0l5Gm5eS98_frame000001_r.jpg,0,136.00,879.50,140.00,850.50,150.00,826.50,172.00,784.50,188.00,766.50,35.53,816.27,112.47,786.36,156.33,773.47,198.73,763.07,43.53,869.07,129.22,822.25,167.02,807.89,211.13,791.87,66.73,907.87,145.97,860.05,187.60,839.95,215.83,824.64,102.33,935.47,156.50,893.07,184.73,868.66,207.53,838.67
ND_p0l5Gm5eS98_frame000301_l.jpg,0,458.07,881.40,479.80,846.40,503.80,826.00,566.39,817.29,617.83,821.49,569.80,855.20,626.60,861.20,665.80,875.20,690.20,900.40,577.40,898.40,583.00,966.40,534.60,960.40,497.40,914.40,541.80,913.60,518.20,976.80,466.20,940.00,438.40,901.07,493.84,926.40,477.00,974.40,445.40,948.80,426.20,913.60
ND_pANs9ARYsF4_frame000001_l.jpg,0,322.61,239.11,258.12,247.33,191.09,263.77,152.52,282.74,102.00,283.00,204.50,318.00,186.03,381.38,174.65,423.11,166.43,465.48,246.00,328.50,220.18,399.72,202.47,446.51,190.46,486.98,284.50,338.50,257.48,404.14,239.15,446.51,219.95,481.07,315.38,351.17,297.20,389.35,284.93,419.81,269.02,449.35
ND_pCkdeO2Rhzc_frame003301_l.jpg,0,1409.09,766.52,1426.13,662.27,1425.47,570.93,1363.48,521.55,1360.13,462.27,1376.13,644.93,1269.71,575.61,1282.80,558.93,1317.47,552.27,1326.80,686.27,1246.91,601.79,1273.47,586.93,1309.47,579.60,1288.80,714.93,1232.80,631.60,1259.47,623.60,1288.80,628.93,1253.47,734.27,1213.47,662.93,1234.80,651.60,1254.80,646.27
ND_pCkdeO2Rhzc_frame003901_r.jpg,0,905.20,937.80,904.80,922.20,901.87,905.90,878.53,907.82,859.26,904.76,862.54,858.24,842.71,876.15,841.75,911.97,848.78,937.24,836.95,864.00,816.30,880.69,823.84,917.73,840.47,938.20,823.70,871.80,801.77,893.74,812.32,923.81,827.36,932.76,809.13,887.03,799.85,900.46,806.57,920.29,817.44,926.37
ND_pD4e6J8bCwo_frame000301_l.jpg,0,140.64,706.53,199.56,695.62,238.31,670.62,249.56,637.50,262.06,591.25,220.01,566.81,236.12,532.92,258.90,562.92,276.68,581.81,192.24,562.92,242.24,582.92,253.90,610.14,266.68,635.69,168.57,579.53,210.57,595.69,235.01,608.47,243.35,639.58,159.46,605.14,197.79,607.92,218.35,618.47,218.35,635.69
ND_pD4e6J8bCwo_frame000601_l.jpg,0,111.59,627.86,157.18,592.00,198.52,555.52,246.55,562.21,279.37,542.76,198.96,571.74,234.96,571.74,270.46,561.74,300.96,548.74,212.50,608.41,248.37,605.98,278.46,598.74,293.96,556.74,216.15,649.14,261.96,633.74,232.46,599.74,190.46,622.24,210.68,688.05,260.96,657.74,241.96,637.74,197.46,645.24
ND_pFHyMulKLoM_frame003191_l.jpg,0,496.50,265.00,384.64,242.82,327.00,196.85,275.16,207.53,239.87,193.85,333.50,134.07,255.72,141.27,213.94,201.77,201.70,263.71,366.63,166.48,295.33,228.42,262.92,304.76,247.00,349.92,409.12,209.69,342.14,290.36,330.08,328.38,317.00,356.08,444.41,283.87,391.12,350.13,378.87,367.42,363.74,367.84
ND_pFHyMulKLoM_frame003771_l.jpg,0,323.16,303.76,315.70,299.52,302.65,300.54,292.82,303.08,287.23,307.83,297.06,298.67,281.46,305.62,280.62,311.72,278.41,318.50,294.28,309.75,281.12,314.78,280.79,319.86,280.79,323.59,299.21,318.81,285.53,322.74,284.68,326.81,285.19,328.84,302.49,326.18,290.28,329.35,291.29,330.20,294.17,330.54
ND_pFHyMulKLoM_frame005511_l.jpg,0,435.15,106.21,423.96,96.16,405.34,97.18,394.86,104.58,389.44,111.81,412.93,96.27,408.41,101.15,405.70,110.73,401.19,120.30,423.23,116.15,419.07,123.37,410.58,134.76,400.10,143.97,429.37,126.26,424.13,139.27,415.82,148.49,405.39,158.81,430.27,133.85,425.21,143.25,418.53,149.21,410.94,155.89
ND_pgXuwX8tk3c_frame001751_r.jpg,0,511.54,637.00,531.44,619.92,556.77,598.81,584.05,604.66,613.74,591.26,551.58,629.01,590.54,639.08,619.11,638.75,645.29,635.33,540.21,658.56,595.41,664.73,621.71,662.13,648.62,653.25,544.43,681.94,596.71,685.51,616.84,680.32,635.88,670.75,550.44,697.13,588.92,699.47,604.50,692.65,616.52,681.94
ND_pjhcSiPImCA_frame003001_l.jpg,0,768.18,514.78,742.15,517.00,714.45,524.90,693.81,537.81,678.97,563.29,688.83,514.46,662.17,532.55,658.68,553.50,652.33,570.64,702.80,534.77,683.12,561.43,673.28,582.70,676.39,591.35,719.93,546.52,699.94,572.54,694.45,587.16,690.26,602.00,735.17,559.53,720.25,577.62,707.87,593.17,697.08,608.72
ND_pjhcSiPImCA_frame003301_l.jpg,0,742.91,514.18,717.00,514.48,681.55,515.38,660.11,529.97,638.66,552.90,667.85,513.89,639.85,530.86,638.37,551.71,633.00,568.09,680.96,532.95,660.70,561.54,653.85,580.31,658.30,587.22,698.23,545.46,677.31,573.31,670.97,589.41,671.45,602.82,712.23,558.86,695.25,575.24,683.34,591.03,672.92,606.52
ND_pqjyTJ1ydVA_frame002094_l.jpg,0,1308.39,372.31,1244.21,340.83,1205.46,308.13,1158.84,320.24,1130.99,358.99,1132.20,323.88,1079.53,343.25,1051.68,360.20,1032.91,373.52,1129.78,372.92,1083.16,396.53,1122.07,418.33,1156.42,406.16,1145.52,420.14,1111.31,440.89,1154.11,445.29,1186.11,427.29,1160.51,465.29,1193.80,466.37,1214.32,459.00,1229.06,440.58
ND_q0ptuAVU1GQ_frame000300_l.jpg,0,801.42,586.73,774.61,573.49,746.45,564.33,711.41,571.36,689.63,579.22,745.70,608.86,721.00,618.29,702.33,623.72,684.35,624.40,753.91,625.41,728.80,638.31,705.05,643.06,687.06,642.72,756.68,637.89,727.65,648.22,708.94,652.09,695.71,651.76,761.20,647.57,737.00,663.05,718.62,670.15,703.78,668.86
ND_q0ptuAVU1GQ_frame000898_r.jpg,0,715.69,444.42,720.38,422.24,726.94,420.67,731.63,426.30,729.44,435.36,704.98,408.24,707.20,420.19,716.94,431.92,725.07,440.05,696.94,414.74,691.63,425.05,701.94,437.86,711.63,450.67,694.43,434.63,695.38,448.49,704.98,464.91,720.82,479.91,699.43,447.69,693.82,460.05,695.07,468.49,699.43,479.63
ND_q0ptuAVU1GQ_frame002692_l.jpg,0,924.08,303.50,891.58,292.67,850.75,301.83,790.75,335.17,701.58,366.83,844.08,408.50,819.92,463.50,790.75,495.17,753.25,518.50,810.75,408.50,791.46,448.92,743.25,475.17,703.96,490.17,795.45,391.90,758.25,424.33,730.42,442.67,704.92,449.33,761.58,384.33,735.75,396.00,717.42,403.50,701.58,408.50
ND_q0ptuAVU1GQ_frame002991_r.jpg,0,635.72,532.11,657.93,552.42,678.56,573.05,679.83,605.11,682.06,634.94,641.11,591.14,639.74,621.88,640.43,636.37,647.67,658.44,621.75,605.43,625.36,629.86,630.95,654.56,638.60,673.39,619.21,611.46,631.27,645.73,637.94,657.79,658.25,674.93,621.75,614.95,632.23,638.12,637.94,649.86,647.20,671.09
ND_q0ptuAVU1GQ_frame007177_l.jpg,0,822.47,460.82,829.85,485.61,839.87,506.70,855.69,508.55,870.46,505.91,874.15,507.42,888.12,511.45,901.87,512.46,912.66,514.62,881.14,490.27,891.29,494.31,881.27,500.11,869.14,496.95,880.35,475.83,889.78,481.38,879.42,484.82,870.46,483.76,881.00,461.62,887.37,468.61,881.00,473.74,870.98,471.90
ND_q0ptuAVU1GQ_frame007476_r.jpg,0,663.56,587.53,687.35,568.83,709.44,548.87,732.38,558.21,754.47,568.41,748.10,569.68,775.29,574.78,797.80,580.30,814.79,586.25,749.80,588.38,782.51,592.20,808.00,596.02,831.36,600.70,746.40,607.92,774.44,610.04,797.38,612.59,820.31,615.99,734.73,625.31,749.80,628.73,769.34,631.71,785.06,634.25
ND_qDUelfiAZbk_frame046645_l.jpg,0,-52.00,967.00,253.39,824.46,403.39,778.75,571.96,734.46,657.68,723.04,281.96,447.32,411.96,375.89,520.54,317.32,683.39,281.61,390.54,560.18,576.25,455.89,681.96,377.32,761.96,323.04,460.54,621.61,584.82,545.89,700.54,498.75,780.54,465.89,510.54,675.89,624.82,630.18,697.68,603.04,750.54,595.89
ND_qKO5IgZC-Cc_frame030501_r.jpg,0,828.55,1004.65,896.71,741.31,998.95,456.28,1045.42,282.78,1085.70,124.78,1516.34,784.68,1674.34,868.33,1596.50,789.50,1468.50,767.50,1472.50,983.50,1458.50,853.50,1368.50,781.50,1230.50,813.50,1372.50,1077.50,1344.50,959.50,1242.50,935.50,1162.50,961.50,1265.39,1116.18,1280.88,1051.12,1222.01,1007.75,1163.15,979.87
ND_qSaapzxph7M_frame000901_l.jpg,0,894.92,455.24,878.62,444.45,863.70,433.44,841.01,430.02,823.17,425.42,847.87,431.37,824.46,434.35,811.38,441.24,803.58,447.21,848.56,443.07,825.15,447.66,814.36,453.40,809.91,454.16,851.77,457.30,837.41,459.79,827.19,460.43,832.30,453.20,857.75,468.98,845.55,464.58,845.35,458.58,851.55,454.38
ND_qVUfJbi_dQI_frame006932_r.jpg,0,960.37,347.82,969.98,326.40,979.79,303.77,985.24,294.35,988.45,284.70,1012.62,313.38,1030.43,307.18,1025.27,302.16,1007.33,307.16,1017.02,338.41,1032.84,345.01,1026.11,349.29,1015.62,348.80,1011.42,358.03,1022.70,368.07,1011.72,367.34,1004.40,363.92,1003.14,372.52,1008.41,374.04,1005.46,369.55,999.19,367.40
ND_qVUfJbi_dQI_frame014819_r.jpg,0,457.51,597.52,466.00,565.66,467.42,534.51,488.09,521.88,504.66,509.38,516.27,519.64,547.78,505.48,572.56,501.59,582.11,504.78,530.43,540.53,569.66,521.88,584.97,522.81,576.53,532.81,538.22,565.31,564.06,550.80,583.72,546.25,579.97,554.06,539.63,594.69,567.16,585.94,579.34,576.56,570.91,570.00
ND_qXYXx84Iylo_frame010765_l.jpg,0,891.43,262.86,869.43,228.86,817.43,213.86,759.43,213.86,696.03,224.31,911.08,171.29,893.21,131.38,850.32,151.63,800.87,165.93,932.52,199.88,887.85,211.80,827.68,238.61,796.11,252.31,962.90,256.48,881.89,282.69,841.98,289.84,811.60,298.18,969.43,299.86,952.43,312.86,884.87,323.79,841.98,330.94
ND_q_xPuLW82xY_frame000301_r.jpg,0,94.92,385.53,101.92,337.62,132.46,298.94,163.46,290.69,210.38,278.38,120.95,330.47,170.50,304.95,207.53,286.93,240.57,264.91,146.97,373.51,198.52,362.50,238.06,324.47,253.08,301.44,153.46,404.54,195.52,409.05,235.06,386.53,260.59,354.50,171.15,401.46,193.02,453.09,220.05,447.59,244.07,426.07
ND_q_xPuLW82xY_frame001201_r.jpg,0,37.90,502.84,58.22,497.68,75.72,499.41,85.87,516.57,96.26,533.49,43.81,532.04,51.79,547.75,67.98,555.49,85.14,556.21,39.46,547.99,44.67,574.77,59.19,583.16,84.03,582.84,47.25,551.55,51.45,572.84,79.58,577.72,96.93,567.03,61.77,559.29,66.29,573.48,77.41,573.37,85.00,561.87
ND_qaG1jxIwZnk_frame002251_l.jpg,0,1406.46,669.96,1369.22,558.23,1319.56,457.53,1267.14,334.77,1210.59,224.42,1080.92,565.13,959.54,475.46,951.26,394.08,959.54,340.28,1096.10,639.61,1056.10,485.12,1067.13,425.81,1085.06,360.98,1145.76,668.58,1116.79,518.23,1133.34,467.19,1152.65,428.57,1199.55,676.86,1178.86,584.44,1184.38,522.36,1214.73,489.26
ND_qbkUXw-6BZo_frame027555_r.jpg,0,900.68,544.85,911.27,529.85,923.92,522.20,925.98,528.97,919.21,532.20,930.68,522.79,929.21,532.79,923.33,536.61,916.27,539.26,941.27,532.79,939.50,538.67,931.86,541.32,924.80,543.38,937.45,548.38,955.09,549.85,949.21,557.79,941.27,559.85,936.56,562.50,950.09,568.08,942.74,566.61,939.21,566.02
ND_qbkUXw-6BZo_frame040134_r.jpg,0,955.58,958.92,984.56,921.13,1014.16,885.86,1036.92,899.67,1067.70,911.68,1079.67,917.98,1111.16,917.35,1147.07,920.50,1177.30,926.17,1086.60,956.40,1130.06,962.70,1167.85,974.04,1200.61,981.60,1077.78,996.08,1116.20,1009.94,1145.81,1025.69,1169.74,1037.66,1058.88,1028.21,1091.01,1044.59,1113.68,1056.55,1130.69,1066.00
ND_qgl-ougO1jk_frame001501_r.jpg,0,135.42,579.53,109.77,524.77,105.92,474.57,128.56,403.22,161.49,381.27,110.72,403.91,131.99,342.85,173.84,315.41,205.40,311.29,146.40,421.06,184.81,349.71,214.31,329.82,233.52,322.96,188.93,452.62,213.63,380.58,231.31,346.31,231.31,361.69,225.98,478.69,254.10,445.07,265.77,405.28,264.39,376.47
ND_qi-9y8ml424_frame007201_l.jpg,0,1175.16,482.84,1221.00,434.75,1262.37,372.14,1331.70,367.67,1388.73,340.83,1351.79,340.93,1425.63,340.83,1484.89,357.60,1540.80,382.20,1395.79,414.93,1449.79,431.93,1490.79,465.93,1532.97,499.61,1410.79,459.93,1475.94,489.54,1510.61,507.44,1548.62,533.15,1409.97,524.21,1462.53,547.69,1503.90,576.76,1551.98,609.19
ND_qi-9y8ml424_frame016801_r.jpg,0,2567.64,967.14,2459.64,920.14,2362.16,863.52,2263.21,844.67,2190.64,846.56,2350.85,708.03,2239.64,665.14,2167.64,681.14,2132.64,749.14,2333.64,786.14,2273.64,774.14,2196.64,816.14,2160.64,877.14,2346.64,877.14,2266.64,876.14,2218.64,896.14,2152.95,918.18,2355.64,910.14,2310.64,916.14,2259.64,928.14,2195.35,946.45
ND_qiIi_GGUy9Y_frame002001_l.jpg,0,1023.85,486.08,998.46,458.38,984.62,472.23,957.69,513.00,956.15,568.38,893.08,587.62,824.62,585.31,753.85,565.31,722.31,547.62,883.08,548.38,816.15,544.54,775.38,536.85,723.08,523.00,875.38,532.23,815.38,523.77,777.69,518.38,736.15,504.54,869.23,506.85,824.62,502.23,799.23,499.92,776.15,496.08
ND_qiIi_GGUy9Y_frame002501_l.jpg,0,898.23,468.53,852.64,448.64,811.27,434.10,763.55,444.55,730.36,455.46,767.09,430.39,717.98,425.16,680.36,435.09,660.36,444.10,766.04,460.17,717.46,469.05,705.96,486.29,724.45,489.10,775.97,494.65,726.34,514.50,744.91,513.64,764.00,506.82,798.44,526.52,747.76,538.54,755.58,526.37,769.45,524.55
ND_ql-xA80pw1c_frame005251_r.jpg,0,1005.50,853.12,999.06,817.67,995.17,784.83,1005.97,756.31,1020.67,723.90,924.73,780.94,903.13,760.63,905.72,739.03,920.84,712.67,933.00,818.75,896.75,816.25,884.88,799.38,874.88,775.00,944.88,839.38,922.38,848.12,910.50,832.50,906.12,811.88,966.75,866.88,959.25,869.38,953.00,866.88,960.50,850.00
ND_ql-xA80pw1c_frame006001_l.jpg,0,797.68,495.19,771.19,446.77,745.80,419.08,728.11,390.62,732.93,347.77,731.93,386.62,708.53,358.72,685.12,336.31,661.71,319.88,712.51,406.54,695.58,379.14,666.19,355.74,638.30,339.30,699.06,431.44,675.16,416.00,646.77,398.07,621.37,377.65,695.58,464.31,671.67,462.82,645.77,459.33,618.88,457.34
ND_qnY7Cx-jA5g_frame000301_l.jpg,0,318.27,509.18,273.15,500.43,245.95,494.03,221.15,484.43,203.55,475.23,257.15,457.63,247.15,426.03,221.55,441.23,200.75,451.63,265.15,457.63,245.95,444.43,221.55,463.63,201.55,483.63,286.75,456.83,282.77,431.43,256.11,443.15,237.55,462.43,310.90,477.08,322.03,461.31,311.48,459.85,293.95,461.63
ND_qnY7Cx-jA5g_frame000601_r.jpg,0,34.23,390.15,57.15,365.38,87.67,347.48,121.54,345.26,159.62,347.80,50.45,345.77,123.57,348.81,176.38,347.29,221.58,354.40,42.94,402.22,131.70,413.81,187.05,407.72,214.47,384.36,52.48,446.82,142.87,454.44,184.00,430.57,193.14,402.64,70.83,459.06,97.67,465.90,129.25,458.01,148.20,439.06
ND_qnY7Cx-jA5g_frame000901_l.jpg,0,380.10,396.75,358.04,389.55,322.25,382.71,298.57,381.13,269.09,376.92,365.54,427.25,308.73,459.88,278.73,458.01,260.61,444.26,371.43,462.61,311.86,488.63,271.91,476.36,267.37,455.00,371.78,486.88,321.51,495.90,303.13,493.82,283.72,484.80,369.00,498.67,324.64,505.45,306.91,500.45,296.46,490.00
ND_qnY7Cx-jA5g_frame001201_r.jpg,0,169.08,610.23,149.39,574.42,173.76,548.79,205.64,540.04,238.14,538.79,115.76,519.77,154.19,506.57,191.84,518.60,230.66,524.81,105.67,553.15,138.27,550.43,199.22,558.58,246.97,574.50,104.50,595.07,126.63,590.42,184.86,598.18,212.42,598.96,114.60,636.61,146.81,635.06,178.27,633.27,210.62,626.38
ND_qoa6K2vNBSI_frame004187_l.jpg,0,295.43,886.86,346.43,829.86,382.43,759.86,374.27,693.78,354.43,638.86,330.51,661.10,352.68,582.91,370.19,532.73,383.02,488.39,271.81,704.93,318.84,645.35,325.84,693.19,312.42,746.29,239.51,715.70,268.74,676.47,292.58,696.69,292.58,746.29,201.81,724.93,214.89,697.24,231.81,706.47,227.97,732.63
ND_qwPhYkzvkFI_frame001197_l.jpg,0,190.45,236.15,203.08,209.65,221.31,198.81,236.80,193.32,255.51,187.52,261.65,203.07,276.87,203.07,263.70,197.39,247.35,193.08,257.79,221.23,270.96,220.09,249.39,212.15,231.68,208.06,247.58,239.17,234.64,227.36,217.83,221.46,205.83,215.90,235.77,253.47,216.24,240.30,204.21,230.31,195.51,222.03
ND_qwPhYkzvkFI_frame001795_l.jpg,0,172.59,173.27,176.81,168.35,185.40,161.99,188.22,159.17,194.55,155.18,189.54,163.17,192.12,159.53,192.11,156.82,191.11,154.34,188.14,165.78,185.86,159.24,182.22,157.99,178.11,158.46,185.54,169.01,181.60,162.29,176.93,161.29,171.87,162.23,182.56,171.93,180.34,167.05,177.40,165.05,173.87,165.52
ND_qxqZJH3SfN4_frame013456_l.jpg,0,1118.39,1017.54,1140.54,1041.27,1163.48,1060.65,1180.88,1081.21,1197.10,1087.94,1222.01,1038.50,1250.09,1055.11,1259.98,1074.49,1263.54,1090.71,1215.72,1054.28,1235.07,1075.28,1237.44,1090.31,1229.53,1093.87,1204.12,1061.08,1212.92,1075.48,1208.57,1087.54,1195.51,1086.75,1190.52,1062.28,1198.92,1074.28,1193.14,1084.38,1186.81,1084.38
ND_qxqZJH3SfN4_frame013755_r.jpg,0,789.80,963.16,845.66,952.96,895.07,948.66,931.06,977.13,972.96,971.76,879.50,1008.82,931.06,1029.76,969.20,1042.12,1007.33,1053.40,871.44,1042.65,927.30,1063.06,978.86,1072.73,1021.29,1075.42,849.42,1067.90,906.89,1082.40,955.37,1097.21,988.53,1106.68,832.21,1075.63,880.11,1093.53,901.68,1098.26,948.00,1109.32
ND_qxqZJH3SfN4_frame015549_l.jpg,0,1118.85,487.85,1105.11,465.11,1118.79,443.00,1131.42,428.26,1137.74,413.53,1213.47,436.61,1232.10,420.70,1243.47,403.89,1258.47,386.61,1231.88,435.97,1265.74,417.07,1285.28,402.07,1295.28,384.34,1238.68,440.91,1273.92,436.61,1302.56,423.89,1321.19,407.98,1246.19,451.16,1281.19,449.34,1309.38,445.25,1330.71,440.91
ND_qxqZJH3SfN4_frame016147_r.jpg,0,642.98,619.66,643.80,548.02,637.35,513.45,630.32,463.65,628.89,438.76,554.35,487.39,534.23,446.07,555.71,426.94,596.92,412.09,560.26,515.12,582.53,452.85,639.80,444.66,678.37,462.48,561.16,539.21,605.71,502.91,659.03,497.05,693.60,509.94,577.07,571.94,629.73,563.26,666.65,556.81,701.80,553.30
ND_r0gqRCQNol8_frame007251_l.jpg,0,472.19,349.88,556.45,358.41,638.56,378.59,673.35,388.33,708.14,390.42,626.73,235.25,661.52,193.50,690.04,170.54,719.96,153.15,574.69,218.62,607.94,152.45,624.64,159.41,639.95,185.15,532.19,216.75,551.58,165.67,581.56,165.50,607.19,174.25,488.26,231.77,493.83,194.20,515.31,183.62,531.56,183.62
ND_r0gqRCQNol8_frame009751_l.jpg,0,1393.81,326.75,1336.31,331.75,1301.94,318.62,1265.69,311.12,1201.94,319.88,1250.06,343.00,1180.06,368.00,1129.44,381.75,1078.19,393.00,1231.94,318.62,1164.71,330.37,1105.69,341.75,1060.06,350.50,1241.86,277.81,1193.81,255.50,1161.35,235.88,1122.22,211.28,1274.44,245.50,1249.44,229.88,1220.06,209.25,1198.19,194.25
ND_r11s_hjbcSU_frame002401_r.jpg,0,-342.50,442.00,-248.50,384.00,-123.50,298.00,35.50,255.00,173.96,207.54,-137.50,151.00,-44.50,103.00,33.50,143.00,117.50,215.00,-125.50,246.00,-16.50,232.00,61.50,284.00,155.50,344.00,-130.50,337.00,-66.50,351.00,4.50,381.00,91.50,431.00,-134.50,405.00,-62.50,427.00,-19.17,444.92,40.18,476.10
ND_r4Bfx5mGIgY_frame004751_r.jpg,0,985.50,948.00,849.50,904.00,798.50,834.00,757.50,747.00,762.50,644.00,869.50,768.00,785.29,658.59,731.94,573.66,693.83,524.66,1001.50,737.00,952.98,570.39,845.50,559.00,815.50,583.00,1069.50,739.00,1011.78,589.99,935.50,621.00,918.50,689.00,1106.50,737.00,1048.80,648.79,1021.58,619.39,978.50,646.00
ND_r96NJ_mGSx8_frame028501_r.jpg,0,66.81,196.49,61.81,197.84,55.59,203.57,58.40,215.64,63.15,220.52,49.37,213.69,48.27,222.35,50.83,226.62,54.86,228.45,56.32,211.62,54.25,221.13,55.83,225.88,58.27,230.64,61.32,212.35,59.86,218.81,60.96,225.40,63.03,227.71,66.08,211.74,66.32,216.98,66.44,221.37,67.42,225.40
ND_r96NJ_mGSx8_frame044401_r.jpg,0,24.12,88.49,42.66,87.67,56.83,89.61,73.13,100.69,80.80,110.46,49.10,102.99,60.86,117.01,73.43,126.03,82.45,131.67,43.62,112.98,58.45,122.97,69.40,129.41,76.92,132.03,40.56,118.78,53.93,128.61,63.44,132.48,71.23,132.54,38.46,122.97,49.10,129.58,56.19,133.93,63.30,134.27
ND_rEIY_zu38vg_frame001201_r.jpg,0,666.29,411.29,629.14,348.43,583.43,142.71,524.86,8.43,488.50,-30.00,653.50,114.00,499.50,36.00,415.50,13.00,358.50,9.00,590.50,187.00,479.50,114.00,399.50,94.00,331.50,86.00,558.50,217.00,474.50,190.00,402.50,173.00,355.50,171.00,530.50,277.00,461.50,251.00,404.50,240.00,369.50,235.00
ND_rM0IFmcstzU_frame006878_l.jpg,0,835.32,563.09,836.76,543.20,830.37,533.46,823.05,548.55,811.68,557.64,874.21,540.67,871.51,569.79,850.49,581.21,827.67,590.81,894.03,552.38,892.53,584.81,875.12,604.33,857.70,621.14,896.66,573.82,902.14,601.93,884.72,621.14,868.44,634.53,896.44,591.42,896.74,609.73,887.43,625.05,873.80,633.46
ND_rM0IFmcstzU_frame008971_l.jpg,0,1227.59,520.56,1237.41,565.31,1241.77,623.88,1271.60,657.71,1293.14,686.45,1283.87,594.30,1309.66,627.46,1327.02,655.35,1339.66,672.72,1293.34,578.51,1319.66,617.46,1341.76,643.25,1363.87,667.46,1303.34,563.78,1337.02,605.88,1357.55,625.88,1376.50,649.04,1311.23,544.83,1335.44,571.14,1355.44,590.62,1377.02,611.67
ND_rM0IFmcstzU_frame014353_l.jpg,0,616.95,569.21,630.63,545.53,655.37,513.95,659.05,528.68,675.37,549.74,679.60,571.80,700.40,608.60,672.21,609.74,649.60,623.00,673.60,599.80,672.40,647.40,638.53,639.74,620.11,625.00,658.00,612.60,654.84,635.00,631.16,641.32,614.32,629.74,643.60,619.40,640.80,631.40,633.20,628.60,627.60,622.60
ND_rVeaWrPFfCI_frame017101_l.jpg,0,1134.19,524.25,1121.69,500.50,1116.69,473.00,1119.19,436.75,1142.94,451.75,1189.81,431.12,1232.31,416.12,1263.56,414.88,1276.06,430.50,1204.81,462.38,1239.19,447.38,1266.69,444.25,1274.81,459.88,1212.31,489.25,1241.06,479.88,1269.81,483.62,1269.81,499.88,1215.44,518.62,1241.69,512.38,1259.19,509.88,1261.69,525.50
ND_rVeaWrPFfCI_frame025201_l.jpg,0,657.90,367.44,577.81,364.38,544.69,373.75,508.44,380.00,477.19,373.12,533.81,262.90,491.99,250.62,451.50,264.58,431.08,283.35,551.99,268.35,485.41,259.66,450.95,292.47,439.47,330.75,564.70,280.98,504.06,290.00,478.81,329.26,460.31,360.62,572.36,309.42,536.81,297.94,505.17,299.72,479.69,310.00
ND_rVeaWrPFfCI_frame025501_r.jpg,0,188.79,694.00,207.10,636.88,243.35,580.00,270.22,540.00,276.47,495.62,88.51,465.99,142.82,431.29,208.46,435.06,271.47,456.25,50.22,512.50,142.07,490.89,230.33,511.25,309.55,528.60,45.85,575.00,108.12,551.24,203.18,561.04,272.58,574.62,60.60,633.47,101.33,619.13,164.70,612.34,220.53,604.80
ND_rWUhzTrz2a8_frame011363_l.jpg,0,700.11,732.37,689.38,670.41,669.87,623.44,641.69,587.31,616.39,553.34,591.10,632.11,545.57,603.93,510.16,588.03,484.87,577.19,564.36,666.08,513.05,642.95,479.05,631.84,464.32,621.84,552.08,702.21,502.94,684.87,480.54,671.14,466.08,661.02,548.00,727.63,511.68,722.89,495.37,711.84,482.21,705.00
ND_rWUhzTrz2a8_frame019735_r.jpg,0,605.39,655.59,627.41,592.05,634.62,539.80,662.27,519.96,696.02,503.71,575.39,515.59,565.55,475.53,579.36,458.12,604.59,438.90,561.02,533.71,542.73,504.36,577.56,503.76,619.60,509.77,555.39,578.71,549.33,556.61,587.77,559.62,628.01,566.22,555.34,604.66,566.15,602.86,576.64,601.84,602.89,598.71
ND_rWUhzTrz2a8_frame026911_r.jpg,0,393.37,611.91,416.14,600.27,432.45,591.85,436.66,573.95,431.43,547.40,377.09,544.21,403.75,563.26,427.89,584.82,446.82,591.68,369.48,576.15,412.25,609.84,425.95,614.17,423.69,604.82,358.93,610.72,410.20,638.26,417.24,633.53,413.05,621.91,350.73,634.45,395.84,656.42,402.72,653.85,401.11,646.43
ND_rWrAK1bXa_Q_frame008401_r.jpg,0,1976.95,705.96,1864.22,654.29,1747.96,651.94,1627.00,597.92,1502.53,559.17,1684.55,484.01,1581.21,432.34,1518.97,384.20,1454.38,339.57,1731.00,424.00,1632.00,361.00,1549.00,316.00,1505.00,270.00,1814.90,401.81,1719.78,360.71,1648.14,314.91,1590.00,272.00,1880.66,391.24,1833.68,359.54,1769.10,331.35,1722.12,304.34
ND_r_x2lsHtTs4_frame002393_l.jpg,0,776.98,387.71,752.01,410.04,725.14,437.66,731.20,477.02,734.98,511.07,772.07,452.80,782.28,483.07,788.34,509.56,793.33,535.00,799.69,453.93,812.56,481.93,818.23,510.32,827.00,537.00,820.50,452.04,834.13,478.91,844.34,505.40,854.00,530.33,828.83,450.15,844.72,475.88,855.70,493.29,864.40,517.88
ND_r_xcdfVYZQc_frame009601_r.jpg,0,254.97,175.05,260.64,172.15,265.91,163.19,273.42,164.51,276.85,173.47,250.22,158.58,265.91,168.73,275.80,177.30,283.58,184.15,245.08,170.18,260.77,177.82,273.79,184.44,283.79,190.13,240.73,179.14,245.49,185.36,259.49,189.05,270.41,188.90,240.26,185.21,234.56,189.21,242.72,192.74,252.72,191.21
ND_r_xcdfVYZQc_frame028501_l.jpg,0,386.00,189.85,376.88,180.05,361.89,181.43,354.32,184.43,341.29,186.06,376.15,171.12,363.70,181.81,357.55,192.21,354.46,201.86,384.94,174.05,379.32,179.00,370.88,188.70,363.85,198.66,394.32,181.96,386.85,186.35,379.96,194.70,374.03,201.29,396.81,188.70,392.85,194.26,387.58,199.39,382.60,201.59
ND_r_xcdfVYZQc_frame028801_l.jpg,0,380.19,198.91,373.50,185.37,367.04,179.76,358.46,180.04,346.57,181.13,384.69,166.88,373.15,175.50,361.20,190.98,357.62,198.05,393.46,176.27,393.15,169.19,382.53,176.89,373.23,184.14,396.20,182.09,390.46,184.96,381.19,194.91,375.62,200.05,396.23,191.19,395.31,197.65,390.23,200.42,383.48,201.50
ND_raIqEPxZptQ_frame000901_l.jpg,0,115.44,495.34,137.34,432.45,159.24,371.81,203.04,347.10,244.59,360.58,208.00,413.50,237.50,395.50,255.00,388.00,251.33,378.55,225.50,443.50,262.00,419.50,298.00,397.00,334.00,373.50,233.00,488.00,254.50,485.00,275.00,482.00,270.50,467.00,236.17,531.28,245.50,540.50,260.88,530.72,251.33,518.93
ND_raTa2cqdVWY_frame005101_r.jpg,0,631.67,500.33,639.00,492.67,637.33,480.67,626.32,470.87,616.12,465.53,587.45,441.72,561.70,449.98,549.56,466.99,537.41,488.36,556.36,448.04,528.67,450.47,512.63,466.99,501.94,488.36,540.67,456.33,508.26,450.95,492.71,462.13,480.57,478.16,532.00,469.33,497.67,463.00,479.00,464.67,456.67,464.27
ND_raTa2cqdVWY_frame010501_l.jpg,0,493.74,237.61,507.00,238.79,518.37,244.71,529.50,252.53,542.29,257.74,516.71,268.87,526.67,278.22,536.67,282.22,546.00,281.78,513.63,278.10,525.11,284.22,536.44,289.56,549.33,291.56,509.13,286.39,522.16,292.79,530.44,295.11,542.44,294.44,502.26,296.81,513.16,301.31,524.89,303.33,534.00,300.67
ND_rnqmYXINUWo_frame001197_r.jpg,0,-260.00,-19.00,-122.00,-83.00,-22.00,13.00,10.00,178.00,8.00,341.00,-165.00,237.00,-112.00,381.00,8.00,409.00,111.00,368.00,-130.00,227.00,-34.00,359.00,118.00,333.00,206.00,230.00,-90.00,185.00,-34.00,285.00,38.00,307.00,118.00,289.00,-82.00,117.00,-26.00,217.00,6.00,259.00,46.00,287.00
ND_rnqmYXINUWo_frame001496_l.jpg,0,1189.49,-33.04,1004.04,-22.22,827.87,13.32,677.96,123.05,622.33,228.14,1033.41,191.05,844.87,370.31,771.25,346.25,697.50,321.25,1140.04,246.68,922.14,422.86,800.05,325.50,764.50,260.59,1164.77,238.95,945.32,362.59,853.75,301.25,791.25,245.00,1174.04,218.86,1002.50,297.68,934.50,260.59,868.75,192.50
ND_rnsm05HTPYs_frame000251_r.jpg,0,206.95,-26.88,304.32,55.22,377.82,148.77,393.10,233.73,382.60,297.69,221.27,240.41,283.32,331.10,328.19,364.51,370.19,392.19,160.18,220.36,203.13,324.41,281.00,326.50,362.00,315.00,136.31,191.73,197.00,264.00,275.00,231.00,347.00,193.00,131.54,174.54,183.00,215.00,227.00,207.00,262.00,182.00
ND_s1ydWiSlCEo_frame000301_l.jpg,0,808.22,851.67,772.77,790.50,763.22,755.88,731.39,738.37,694.78,731.21,773.97,709.72,729.80,701.76,700.35,729.22,676.47,754.68,787.10,730.41,736.96,730.01,708.31,761.45,678.86,784.13,799.84,770.20,749.69,784.13,704.73,805.62,667.32,821.94,801.83,805.62,761.63,816.37,728.20,831.09,701.00,842.22
ND_s2uiSleJVDI_frame020931_r.jpg,0,473.52,593.56,495.86,600.09,509.22,607.70,518.45,618.85,517.29,641.93,498.83,608.20,508.32,633.91,516.23,655.26,521.81,669.60,481.03,618.09,487.95,643.20,503.18,662.78,510.47,672.26,467.19,624.41,473.52,652.50,485.58,666.93,494.08,671.48,456.31,636.87,464.42,657.04,472.72,665.94,482.29,670.78
ND_s41o3SbsC3E_frame006301_l.jpg,0,1191.39,1056.86,1122.50,1202.50,906.03,1200.73,693.77,1059.22,512.17,868.19,587.64,1427.13,387.18,1361.10,258.75,1280.00,130.00,1163.75,549.91,1269.12,394.25,1210.16,271.62,1144.12,170.21,1056.86,575.85,1179.50,443.78,1106.39,349.44,1009.70,266.90,936.58,650.00,1123.75,538.12,1030.92,460.29,955.45,398.97,889.42
ND_s7wneDVjEbk_frame000301_r.jpg,0,-13.62,581.44,44.32,522.07,87.95,469.13,170.22,497.03,220.75,517.25,142.32,607.19,241.75,557.12,242.46,502.04,217.32,461.96,167.35,659.41,284.67,582.87,265.18,514.82,251.61,476.96,200.97,683.02,293.97,607.19,278.75,541.25,265.89,506.25,218.04,692.68,291.11,648.68,286.10,609.34,273.94,574.28
ND_s7wneDVjEbk_frame000901_l.jpg,0,449.97,356.54,406.76,418.07,361.35,475.93,356.96,534.52,346.70,593.12,424.34,527.20,424.67,599.14,398.83,622.00,377.52,659.14,466.82,516.21,447.04,593.12,412.52,615.57,371.33,626.17,487.33,505.23,460.23,573.34,424.34,592.38,390.65,601.91,505.64,494.24,472.68,552.10,442.65,558.69,413.35,550.64
ND_s9wcKl74AvI_frame004201_r.jpg,0,340.61,304.93,350.76,277.93,331.21,253.38,325.76,238.38,318.94,221.57,284.22,251.09,258.76,241.63,245.30,229.26,228.93,215.08,295.86,258.00,279.13,245.63,274.40,233.26,266.03,215.80,316.60,263.09,318.42,250.00,322.05,233.99,326.78,214.35,339.88,266.73,348.61,249.27,359.16,233.63,369.34,216.17
ND_s9wcKl74AvI_frame004801_l.jpg,0,444.55,270.71,419.05,251.83,403.37,225.12,391.67,203.67,385.77,183.85,420.39,209.40,393.19,207.61,374.50,216.29,365.03,224.19,428.16,224.06,391.95,227.84,379.24,239.98,381.61,249.19,435.49,241.61,400.82,245.77,390.29,254.19,400.29,256.82,432.60,258.05,408.19,257.87,400.29,262.35,403.98,260.24
ND_s9wcKl74AvI_frame012301_r.jpg,0,287.32,253.99,303.71,238.99,312.32,217.88,326.21,206.49,337.60,203.99,293.79,200.59,307.63,204.52,322.50,209.47,335.93,216.77,287.12,212.55,307.29,217.51,326.94,226.73,343.52,234.42,283.19,226.73,302.68,232.03,320.96,241.94,336.34,249.29,282.00,240.06,296.87,244.51,311.21,249.27,325.38,249.55
ND_s9wcKl74AvI_frame012601_r.jpg,0,319.57,331.71,329.24,326.71,334.24,314.71,337.57,303.71,337.24,291.71,318.28,288.97,334.70,282.57,351.11,288.77,367.53,296.18,312.67,304.99,335.30,311.39,358.72,323.00,378.74,331.81,308.47,322.00,334.90,332.01,354.71,342.02,372.73,351.43,308.27,337.82,329.89,344.63,345.31,350.63,358.90,357.71
ND_s9wcKl74AvI_frame013801_r.jpg,0,40.27,266.97,30.60,240.97,14.27,218.63,6.93,197.30,3.60,176.30,-3.73,227.30,-47.73,224.30,-67.73,224.63,-85.07,225.63,-3.73,247.63,-44.40,247.63,-69.07,250.30,-88.07,255.30,-0.07,263.63,-39.40,267.63,-59.73,270.30,-76.73,274.30,9.93,282.63,-10.40,289.97,-30.73,293.97,-50.07,297.97
ND_sAw7qMrSKq8_frame000001_l.jpg,0,928.06,619.73,920.06,599.33,916.86,588.53,904.86,586.93,897.66,598.13,903.26,619.73,869.26,625.73,849.26,628.13,831.26,628.53,898.86,630.13,873.26,634.93,852.46,638.13,831.66,640.93,898.06,643.33,874.06,648.93,850.46,652.53,831.66,652.53,900.06,654.53,869.26,660.13,848.86,660.53,838.06,659.73
ND_sBI6RAVC2wk_frame003290_l.jpg,0,393.49,451.97,401.26,453.95,406.14,455.58,423.66,462.44,441.91,468.04,432.16,417.28,450.94,430.47,451.12,444.34,451.67,465.33,431.92,428.54,453.12,428.94,459.72,439.14,461.72,453.34,432.32,437.54,448.32,436.14,456.32,452.34,455.12,467.94,431.92,443.14,439.72,449.34,441.52,458.54,439.72,468.14
ND_sBI6RAVC2wk_frame004486_l.jpg,0,376.03,418.70,388.03,417.61,400.39,416.60,416.41,429.41,430.42,443.02,432.22,403.38,442.83,419.80,441.43,434.21,439.63,448.43,427.65,417.76,435.96,428.23,435.03,439.82,430.88,448.53,420.81,426.01,425.82,433.81,423.81,440.42,415.21,444.02,416.21,431.61,416.41,438.02,414.26,442.38,409.96,446.07
ND_sBI6RAVC2wk_frame008971_l.jpg,0,455.29,400.29,465.36,386.01,475.43,367.88,489.10,375.22,501.30,381.42,497.68,369.72,506.57,372.17,515.90,378.61,514.34,389.06,494.90,383.42,508.50,385.22,514.30,394.22,501.50,395.62,494.90,399.02,509.50,399.22,506.90,409.02,492.30,408.62,490.70,415.02,497.50,423.02,487.30,426.42,469.70,425.42
ND_sMnLI9LE_Tg_frame015250_l.jpg,0,946.10,310.50,915.57,292.98,889.04,274.96,846.60,286.00,827.40,297.60,838.99,278.47,798.95,286.47,773.53,291.57,747.40,299.49,843.00,306.99,817.20,325.57,839.53,331.23,855.51,323.51,855.01,333.02,843.87,343.57,861.53,348.23,875.87,340.57,871.02,353.04,860.51,363.55,878.87,363.90,895.20,356.57
ND_sMnLI9LE_Tg_frame019436_r.jpg,0,704.67,137.17,680.67,136.50,657.67,146.17,626.33,164.17,624.00,189.17,631.67,146.50,588.00,157.50,578.33,169.83,573.00,186.83,632.33,164.50,598.33,191.50,586.67,205.17,576.33,226.17,644.00,180.17,614.67,202.83,603.33,219.50,594.67,240.50,654.00,196.50,635.67,215.50,626.00,229.50,615.33,248.83
ND_sMnLI9LE_Tg_frame021828_l.jpg,0,1239.00,340.00,1091.00,371.00,965.00,435.00,907.00,603.00,903.00,684.00,913.00,486.00,867.00,674.00,947.00,746.00,1047.00,712.00,997.00,529.00,955.00,726.00,1021.00,802.00,1087.00,764.00,1095.00,615.00,1075.00,825.00,1159.00,869.00,1201.00,787.00,1201.00,677.00,1189.00,847.00,1251.00,859.00,1275.00,803.00
ND_sN46Jl1PXl4_frame000898_l.jpg,0,608.67,-111.42,643.17,-69.42,679.17,-21.42,685.17,8.08,683.17,35.08,633.17,-39.42,637.67,3.58,643.84,38.26,649.23,68.25,600.17,-30.42,600.72,14.34,616.21,59.49,632.72,89.81,576.17,-28.42,570.73,16.36,588.59,57.13,604.76,82.73,550.17,-25.92,538.67,13.58,556.92,41.97,574.10,60.50
ND_sOodxRUR8A8_frame001201_r.jpg,0,609.79,704.80,617.22,705.89,624.78,708.33,632.33,709.22,637.44,706.78,639.06,724.35,633.61,731.26,626.88,727.44,627.10,721.99,634.20,733.07,628.88,736.90,622.88,732.72,622.00,725.97,626.48,736.68,620.33,740.35,616.15,734.90,616.27,729.46,618.76,739.17,614.40,739.04,610.79,736.43,609.42,732.94
ND_sPO4tj_YefQ_frame001197_r.jpg,0,1264.17,-131.67,1164.17,-5.00,1024.97,125.80,853.54,381.92,634.61,642.16,584.17,-81.67,444.59,98.95,384.69,396.37,413.61,664.88,502.50,-26.67,281.42,144.39,430.83,378.33,609.17,533.33,559.17,8.33,435.83,161.67,549.17,336.67,722.50,411.67,635.83,158.33,575.83,276.67,654.17,348.33,760.83,320.00
ND_sRK3zmeTxMQ_frame004751_l.jpg,0,-63.50,1672.75,168.17,1525.67,344.83,1299.00,454.25,1004.95,533.59,804.96,59.23,902.48,57.58,634.72,274.10,560.34,404.67,646.29,-6.10,860.21,26.17,490.92,257.65,472.71,416.40,505.21,-39.85,833.96,-21.10,500.21,138.90,496.46,240.15,561.46,-63.60,818.96,-6.10,657.71,100.15,597.71,210.15,611.46
ND_sTzu9qhgRRc_frame001751_l.jpg,0,421.67,-261.78,231.67,-104.00,197.22,-74.00,171.67,-47.33,145.00,-16.22,219.44,-65.11,181.83,-32.46,172.96,94.25,161.56,241.23,354.60,-56.22,349.09,-41.33,346.56,101.85,346.56,248.83,469.46,-66.67,477.07,-43.86,483.40,77.78,484.67,209.55,581.87,-76.22,598.23,-59.86,605.51,-29.86,606.31,94.25
ND_sZV7Q2bjDMU_frame000901_l.jpg,0,71.88,630.53,165.94,570.38,258.91,501.47,359.53,450.06,435.00,423.81,243.59,341.78,336.56,329.75,407.66,359.28,473.28,397.56,258.91,380.06,342.03,386.62,412.45,432.18,465.18,471.27,266.56,424.91,317.91,453.09,307.91,508.55,266.56,535.38,267.66,459.91,303.75,485.06,290.62,537.56,258.91,561.62
ND_s_DkNwBzIJY_frame003301_l.jpg,0,1586.89,196.00,1652.44,203.78,1713.56,224.89,1750.22,302.67,1786.89,373.78,1795.78,331.56,1870.22,437.11,1885.78,497.11,1894.67,563.78,1729.11,357.11,1779.11,459.33,1808.00,534.89,1824.67,614.89,1659.11,378.22,1705.78,491.56,1732.44,564.89,1746.89,630.44,1602.44,407.11,1615.78,507.11,1626.89,552.67,1642.44,608.22
ND_sb4n2c60zCM_frame000301_l.jpg,0,89.42,332.98,105.82,327.38,130.22,325.78,142.22,336.58,140.84,346.59,132.62,307.38,159.02,302.98,172.22,311.78,180.62,321.38,140.25,325.12,161.73,329.56,176.91,338.82,187.28,348.82,136.91,340.30,158.03,346.97,173.21,354.01,185.80,364.01,135.06,355.12,151.36,362.15,163.21,368.08,172.10,375.49
ND_sfldKq57pNo_frame005084_l.jpg,0,947.12,655.76,954.56,673.39,961.52,688.40,983.12,697.19,1001.07,707.45,1012.42,652.51,1035.86,636.77,1057.10,631.64,1077.61,636.40,1023.01,653.00,1057.10,631.27,1079.44,626.88,1101.04,629.44,1032.72,660.15,1060.43,643.58,1083.29,637.86,1101.86,636.43,1037.86,667.58,1057.29,663.58,1069.01,657.86,1085.58,654.43
ND_sg5AC-oKIuw_frame000301_l.jpg,0,536.00,640.50,495.00,509.50,468.17,461.25,412.29,404.70,382.28,373.94,382.28,434.68,343.15,405.12,318.61,392.40,296.33,380.58,337.59,473.79,283.13,436.08,304.82,428.06,328.98,446.81,320.14,517.78,285.23,501.72,307.32,490.56,335.65,503.47,317.08,568.00,294.00,548.00,313.27,538.14,342.79,550.04
ND_sg5AC-oKIuw_frame000601_l.jpg,0,582.86,458.05,545.00,383.05,523.57,341.62,463.57,288.76,419.29,264.48,453.49,328.61,398.60,285.85,340.82,269.27,301.98,264.54,437.02,349.20,375.84,302.73,333.49,293.32,294.87,292.48,431.72,387.44,392.44,362.58,351.24,346.95,307.66,333.21,434.66,432.73,400.55,422.73,374.66,408.61,396.43,412.73
ND_siSZfZUKP-g_frame005751_r.jpg,0,783.97,156.33,733.86,161.26,701.77,172.54,681.00,172.92,671.77,170.23,689.12,124.07,669.37,134.53,668.50,149.93,670.24,157.77,703.94,108.38,685.64,126.39,681.77,142.15,687.15,155.23,714.69,105.18,699.87,118.84,697.86,135.60,710.72,147.03,724.86,104.89,717.30,114.48,715.01,127.74,723.94,138.10
ND_siSZfZUKP-g_frame008501_r.jpg,0,721.96,307.92,727.27,300.29,731.80,291.75,741.27,290.55,747.80,290.55,737.75,285.28,750.17,284.07,758.26,284.41,765.43,285.24,743.57,288.38,751.08,281.91,757.97,276.95,764.01,277.38,746.68,295.37,754.83,291.49,761.81,291.36,767.12,292.52,747.58,303.52,753.79,302.23,758.25,302.06,761.43,303.00
ND_siSZfZUKP-g_frame009751_r.jpg,0,604.75,34.46,639.45,66.64,686.22,95.31,708.35,122.97,746.57,130.51,661.08,112.91,661.08,148.12,663.59,171.75,665.60,198.91,626.88,114.42,631.40,150.63,636.43,180.30,641.46,208.97,596.20,111.91,601.73,147.11,606.26,174.77,613.80,202.94,565.52,110.40,569.54,136.55,572.56,158.68,576.08,182.82
ND_srBCM3Nwi4Q_frame001197_r.jpg,0,755.71,232.43,627.07,275.98,486.79,274.90,390.75,310.51,313.05,327.78,495.71,135.71,461.43,202.86,444.70,269.51,444.70,336.41,532.11,157.28,496.50,241.45,500.81,300.80,505.71,338.43,591.46,181.02,559.08,244.69,549.71,293.43,541.71,354.43,645.41,220.95,615.20,241.45,614.12,286.77,628.15,316.99
ND_srBCM3Nwi4Q_frame003589_l.jpg,0,239.38,844.85,272.46,784.08,316.31,705.62,361.69,662.54,387.08,624.08,207.85,633.31,232.46,559.46,291.69,546.38,333.23,552.54,197.85,661.77,242.46,590.23,280.92,581.77,320.92,581.77,213.23,672.54,241.69,640.23,277.08,617.15,319.38,611.00,230.15,679.46,251.69,661.00,280.92,647.15,304.77,641.00
ND_st090C5cO_E_frame004486_r.jpg,0,1408.78,183.91,1400.34,201.02,1391.91,229.14,1377.90,251.34,1373.81,275.89,1351.36,221.17,1351.93,256.73,1370.14,258.52,1380.50,239.94,1344.09,225.62,1345.14,258.52,1367.64,251.02,1373.71,237.09,1335.89,225.86,1336.21,250.30,1351.93,248.87,1364.43,240.66,1331.44,223.75,1332.38,253.98,1347.64,246.73,1347.64,232.80
ND_st090C5cO_E_frame012260_r.jpg,0,973.07,635.52,1026.49,585.48,1073.83,536.11,1136.05,546.25,1186.09,561.13,1114.41,613.21,1174.59,642.28,1221.25,645.12,1233.75,626.38,1107.64,660.54,1163.77,653.78,1184.74,630.11,1186.77,607.12,1094.79,680.83,1143.49,658.52,1153.63,636.20,1152.28,607.79,1086.68,691.65,1115.76,664.60,1127.93,643.64,1131.31,622.67
ND_t0to0I4MgNg_frame008387_l.jpg,0,2246.48,772.84,2171.43,654.29,2043.45,592.37,1938.72,581.09,1842.04,595.59,1840.43,579.48,1700.24,569.81,1720.00,615.71,1771.43,617.14,1844.29,662.86,1658.35,656.82,1685.71,704.29,1728.57,715.71,1860.00,750.00,1677.68,740.61,1717.14,772.86,1777.14,782.86,1898.57,850.00,1738.91,826.01,1770.00,825.71,1798.57,824.29
ND_t7q5x1TrXN4_frame000601_l.jpg,0,-7.50,900.00,83.40,830.08,151.53,751.40,237.50,732.00,281.50,717.00,135.50,762.00,206.22,742.77,278.18,741.81,352.06,728.38,160.16,828.16,227.32,814.73,301.50,802.00,374.12,792.66,154.50,873.00,228.50,870.00,295.50,858.00,387.56,835.84,174.55,939.46,229.24,921.23,289.69,897.24,352.50,870.00
ND_tAYHKWSGD3k_frame000718_r.jpg,0,749.42,283.27,757.12,312.50,757.84,338.54,775.78,373.83,790.14,407.93,650.17,375.03,686.66,433.65,732.71,446.21,775.78,449.20,640.00,418.09,707.59,461.76,756.04,467.14,797.91,465.95,669.57,422.36,721.44,437.36,759.57,439.86,787.69,431.11,704.57,418.61,736.30,459.37,762.02,464.15,782.36,456.97
ND_tAYHKWSGD3k_frame006693_r.jpg,0,826.62,690.76,774.81,709.11,763.44,718.20,749.35,725.93,730.86,740.42,791.17,730.93,775.72,747.75,747.53,754.57,727.08,760.93,796.62,735.48,780.26,754.57,754.81,760.02,725.72,766.38,803.90,737.29,784.81,757.75,760.26,765.48,729.35,772.75,808.69,775.49,781.62,776.41,760.39,773.95,739.81,766.84
ND_tAYHKWSGD3k_frame008605_r.jpg,0,1368.51,627.67,1361.55,660.63,1357.16,689.93,1360.08,721.79,1370.71,751.82,1293.07,691.03,1279.88,733.88,1291.60,758.41,1308.68,761.39,1280.46,685.68,1260.10,732.46,1281.53,741.75,1314.39,736.39,1284.75,687.82,1273.32,722.46,1301.18,725.32,1319.03,719.60,1289.77,689.20,1282.25,714.25,1292.25,721.03,1301.89,717.10
ND_tAYHKWSGD3k_frame010995_r.jpg,0,-57.65,279.91,-18.57,274.00,50.00,289.71,118.57,331.14,201.43,358.29,156.58,362.31,254.36,522.71,160.98,564.46,121.43,524.00,106.05,430.42,105.71,641.14,27.14,612.57,10.00,542.57,22.86,444.00,-7.14,611.14,-28.57,569.71,-32.86,494.00,-26.89,545.78,-11.51,631.47,-22.49,607.30,-44.46,535.89
ND_tAYHKWSGD3k_frame013385_r.jpg,0,511.89,353.47,499.26,326.11,498.21,309.79,509.26,298.74,526.63,290.32,536.49,281.11,524.46,294.48,521.35,306.85,518.93,317.14,568.27,295.04,559.49,304.12,550.41,316.84,541.63,328.64,587.65,318.96,574.46,328.08,565.55,334.70,555.86,341.66,597.64,345.90,588.06,359.28,580.46,367.28,568.86,372.88
ND_tJqoIT44ykY_frame003290_l.jpg,0,290.50,119.00,355.78,150.67,401.50,165.00,453.81,198.52,503.99,252.20,560.01,45.64,666.20,44.47,725.72,65.48,760.73,91.15,572.84,91.15,656.87,103.99,714.05,130.83,753.73,171.67,561.50,138.00,640.53,149.50,679.04,172.84,712.88,204.35,557.67,168.17,604.35,185.68,642.86,203.18,662.70,225.36
ND_tQ_sCECKhPI_frame001001_r.jpg,0,1190.11,510.22,1039.64,422.45,906.41,384.83,777.89,397.37,679.14,434.99,828.04,193.61,716.76,253.17,679.14,336.24,663.47,417.75,842.15,303.33,752.81,361.32,737.13,442.82,755.00,524.00,891.00,366.00,840.00,394.00,850.00,483.00,921.00,535.00,934.00,422.00,920.00,463.00,923.00,493.00,947.00,520.00
ND_tRpJ9tsrDUY_frame000501_l.jpg,0,-323.21,652.50,-267.50,832.50,-210.36,911.07,6.79,905.36,191.07,888.21,-136.07,646.79,-16.07,628.21,105.36,672.50,222.50,746.79,-126.07,726.79,-21.79,735.36,66.79,752.50,171.07,793.93,-151.79,796.79,-54.64,811.07,35.36,846.79,133.93,891.07,-161.79,863.93,-83.21,898.21,-20.36,932.50,68.21,962.50
ND_tTWxMP8QFXM_frame001501_r.jpg,0,796.49,714.70,823.21,693.60,844.42,664.58,872.08,639.46,896.34,615.91,802.82,661.61,823.91,653.88,856.96,646.14,886.49,644.73,807.74,692.20,840.44,689.38,877.35,680.24,910.05,671.80,820.05,719.27,851.34,714.34,887.90,700.28,911.80,686.92,825.67,736.14,864.34,735.44,899.85,721.02,917.43,703.80
ND_tYW5qbhTzOA_frame013456_r.jpg,0,484.10,363.62,514.10,381.81,521.83,399.99,525.01,418.17,522.28,438.62,552.28,402.26,549.56,441.35,536.83,449.99,523.96,450.24,542.28,403.17,541.38,440.90,527.50,444.43,515.89,442.82,527.74,401.35,511.38,441.35,500.73,436.37,492.34,431.53,515.01,400.90,493.19,424.53,485.92,420.90,479.10,417.26
ND_tYW5qbhTzOA_frame025416_r.jpg,0,-19.53,219.33,45.71,170.00,121.43,172.86,207.14,174.29,315.71,148.57,357.82,238.20,485.17,323.10,546.49,431.59,573.22,518.06,342.10,367.13,471.02,453.60,477.14,575.71,408.57,604.29,270.00,461.43,406.56,555.80,370.00,645.71,301.43,635.71,180.00,558.57,285.49,665.86,265.71,714.29,212.86,691.43
ND_tYW5qbhTzOA_frame034685_l.jpg,0,822.59,535.72,813.20,549.64,802.61,555.39,793.83,557.51,778.39,556.91,822.84,552.96,829.94,551.99,835.10,549.09,844.13,546.19,833.81,559.73,846.07,558.77,856.71,557.15,864.78,554.25,848.00,566.19,863.49,562.31,874.46,562.96,888.33,561.35,852.84,573.61,867.68,573.61,878.59,572.95,890.40,573.86
ND_tZUElxm2gCo_frame009001_l.jpg,0,811.55,288.90,801.39,326.12,795.55,369.49,820.16,394.72,847.98,409.66,846.92,361.50,865.38,399.95,851.20,398.95,842.92,390.10,866.30,356.57,881.99,397.49,871.53,397.49,859.53,388.87,879.53,340.58,893.06,379.34,881.68,383.95,873.68,375.95,887.83,332.27,902.60,352.88,895.53,361.80,883.53,362.42
ND_tZUElxm2gCo_frame009251_r.jpg,0,924.47,396.40,946.01,405.97,967.35,414.45,977.59,422.00,990.95,425.25,947.20,454.78,952.71,444.73,951.99,433.48,949.36,425.83,928.06,452.39,930.45,444.01,932.63,434.66,931.65,425.83,907.96,445.69,911.07,439.47,915.14,430.61,916.82,421.28,897.68,434.68,899.59,431.09,902.22,425.11,904.38,416.74
ND_tb6iS8wZRH4_frame001501_r.jpg,0,208.62,71.16,238.50,53.50,263.50,38.00,283.50,44.00,299.87,51.22,260.85,26.24,301.84,38.87,319.53,52.63,336.93,63.58,257.00,53.00,285.55,55.44,313.35,68.91,336.37,74.25,248.88,87.38,255.75,73.00,293.42,84.07,315.31,86.04,233.89,105.41,242.60,113.27,255.51,119.73,268.99,122.82
ND_tb6iS8wZRH4_frame019751_l.jpg,0,397.25,164.92,383.31,160.06,375.85,158.70,367.69,161.86,354.27,164.76,367.87,187.45,349.81,189.45,348.12,183.04,348.12,178.60,369.41,193.78,349.60,193.23,344.97,183.97,343.49,177.67,369.04,196.19,356.47,189.97,356.47,184.77,355.67,177.97,368.12,198.60,363.67,192.67,360.34,187.67,360.47,181.97
ND_tdL1Ux_b-xw_frame001197_r.jpg,0,1412.33,836.00,1259.33,821.00,1175.33,696.00,1090.80,603.83,1001.37,533.91,1316.81,563.18,1220.88,482.69,1101.37,483.51,973.73,491.64,1272.91,624.97,1184.29,580.25,1059.09,561.55,960.72,558.30,1172.33,684.00,1099.33,658.00,1032.33,633.00,956.33,596.00,1138.33,728.00,1064.33,709.00,1016.33,684.00,957.47,655.86
ND_tqKhS7CmSgM_frame000601_l.jpg,0,41.12,709.43,50.92,653.38,90.16,598.72,176.30,536.94,241.86,501.39,89.46,467.70,150.42,454.38,189.66,477.51,221.89,502.03,124.43,508.57,167.24,506.23,200.87,532.86,228.20,579.81,129.43,540.71,175.86,552.14,186.57,575.00,178.00,602.86,123.80,581.91,162.33,589.62,166.57,611.43,134.31,630.96
ND_tqvx3nsNngk_frame005401_l.jpg,0,793.47,176.95,762.47,162.79,732.47,146.72,706.40,134.22,693.18,125.65,764.61,140.29,756.75,129.58,751.40,119.94,746.75,107.79,768.54,149.22,754.61,147.79,742.47,147.79,727.47,149.58,770.36,174.43,744.36,177.38,726.64,180.93,713.18,187.08,768.29,191.86,741.71,194.81,726.64,197.17,709.21,199.54
ND_tqvx3nsNngk_frame006001_r.jpg,0,809.00,-134.00,845.00,-65.00,866.28,32.04,873.84,129.04,863.00,222.00,665.00,-40.00,554.00,-11.00,471.00,43.00,397.00,92.00,597.95,-39.77,483.31,-24.65,429.00,48.00,421.00,161.00,557.63,-24.65,483.31,-1.98,445.00,58.00,435.00,119.00,547.56,13.14,500.95,49.67,465.00,84.00,448.00,128.00
ND_tqvx3nsNngk_frame007801_l.jpg,0,769.20,364.93,717.52,347.70,627.29,330.48,581.67,329.17,536.67,329.17,656.67,325.83,665.02,272.23,648.62,261.57,617.50,249.17,696.20,362.47,672.41,369.03,630.00,378.33,570.83,400.83,716.70,426.45,678.97,442.04,629.75,459.27,578.07,473.21,728.19,475.67,690.45,502.74,652.72,527.35,610.06,557.70
ND_tqvx3nsNngk_frame014101_l.jpg,0,868.19,508.93,860.51,516.47,852.66,522.46,850.35,533.85,848.35,543.38,882.80,521.54,873.27,537.69,857.43,545.54,842.81,550.15,894.65,533.08,881.57,550.46,861.42,555.23,842.97,555.07,899.99,544.89,881.30,563.83,865.78,564.10,856.30,559.36,899.20,550.41,883.67,560.68,871.83,563.04,863.93,559.89
ND_tqvx3nsNngk_frame018001_r.jpg,0,551.56,438.22,561.56,401.00,561.00,363.78,554.33,342.67,548.22,323.78,506.44,333.26,493.17,317.90,507.84,310.56,527.74,317.90,504.89,361.56,498.06,333.61,525.29,346.17,550.43,364.33,501.56,390.44,505.74,366.77,531.23,377.94,556.56,386.00,494.22,408.32,508.88,398.19,531.93,399.94,556.02,403.08
ND_tuBEc4Vocrc_frame000501_l.jpg,0,770.71,50.64,697.67,62.33,652.67,144.83,602.78,214.12,606.48,277.00,701.17,131.27,672.32,217.08,643.47,278.48,623.50,319.91,761.09,157.16,723.36,248.89,679.33,253.17,669.33,197.33,809.17,172.70,769.23,251.85,741.12,232.62,718.92,194.15,856.52,182.32,806.00,241.50,783.28,231.14,799.33,203.17
ND_tyqD_vf0dNA_frame011662_l.jpg,0,797.50,696.53,807.05,651.93,820.43,630.27,832.54,599.04,851.66,565.27,781.56,681.24,763.09,683.79,738.87,674.87,712.11,651.93,735.05,709.92,692.99,708.64,654.76,684.43,624.71,655.70,703.19,716.29,662.41,716.93,641.38,689.59,618.05,656.25,692.99,715.01,659.86,713.10,645.84,688.89,634.37,659.58
ND_tzAXBXvj0DM_frame000300_l.jpg,0,413.38,419.38,354.62,424.38,306.50,372.50,281.50,315.62,300.22,256.96,234.00,366.25,189.62,330.00,172.12,308.12,159.00,261.88,262.12,295.62,222.75,256.88,209.62,218.12,202.75,182.50,308.38,278.12,304.62,251.88,294.62,216.88,287.12,169.38,333.38,264.38,326.50,233.75,320.25,209.38,314.62,186.88
ND_tzAXBXvj0DM_frame000599_r.jpg,0,384.00,210.50,368.00,171.50,344.60,124.07,304.62,121.46,275.50,155.36,311.17,119.33,264.50,105.58,241.60,106.25,225.52,113.64,298.67,157.25,256.38,160.14,230.30,169.27,199.88,177.96,298.10,193.60,274.63,200.12,251.60,210.99,222.05,219.68,328.08,227.06,309.40,234.45,293.75,247.05,268.98,260.09
ND_u0YnpZTJzOY_frame004751_l.jpg,0,954.29,222.14,893.57,179.29,830.14,155.03,746.18,177.12,686.43,205.00,771.81,155.03,675.48,203.64,642.86,225.71,606.43,245.71,799.21,219.55,673.71,272.57,705.00,244.29,740.71,229.29,822.19,280.53,717.14,312.86,737.86,275.71,780.71,269.29,845.17,330.02,770.00,334.29,786.43,315.71,810.70,307.04
ND_u0YnpZTJzOY_frame006251_l.jpg,0,953.52,494.83,944.99,455.63,933.62,414.27,893.58,402.77,855.08,387.77,920.05,417.83,885.83,403.21,857.67,394.66,834.86,390.38,899.02,445.27,860.88,426.02,829.51,408.20,805.90,396.54,886.90,466.66,854.46,450.98,827.02,432.80,803.85,417.11,878.70,488.76,854.82,483.41,835.93,469.15,824.53,451.54
ND_u0YnpZTJzOY_frame008751_r.jpg,0,282.86,85.71,257.14,40.00,236.43,-5.71,268.20,-27.00,287.52,17.02,167.57,9.84,208.57,19.29,271.43,27.14,317.86,22.14,163.08,64.64,210.70,83.51,282.12,76.32,319.29,70.71,177.86,121.43,254.27,131.57,296.50,115.40,315.00,101.43,210.25,153.59,269.55,162.12,302.34,142.80,312.22,127.53
ND_u0YnpZTJzOY_frame009751_l.jpg,0,832.50,365.00,799.38,353.12,774.38,336.25,729.38,344.38,690.01,348.27,777.86,282.76,737.74,311.20,720.48,352.33,702.50,384.38,811.88,300.02,767.70,333.03,756.53,373.15,787.50,369.38,838.80,325.41,798.75,363.75,799.38,380.00,823.12,366.88,865.71,350.80,833.12,384.38,820.62,383.12,827.50,371.25
ND_u0YnpZTJzOY_frame013001_r.jpg,0,613.54,278.97,626.80,255.44,623.10,224.57,622.02,210.00,620.93,192.61,593.69,209.44,603.30,192.09,619.23,190.69,630.06,199.57,596.27,216.47,621.11,203.11,626.37,212.40,628.38,228.42,600.02,226.78,627.67,218.81,626.73,229.36,620.64,238.03,606.11,237.80,628.61,234.75,628.14,243.89,621.81,250.45
ND_u0YnpZTJzOY_frame014001_r.jpg,0,560.52,512.48,560.52,472.10,558.98,432.48,558.60,411.71,558.14,393.97,508.60,411.71,492.50,387.04,519.41,389.49,543.87,400.90,496.98,433.52,512.88,418.44,542.83,428.25,558.14,440.05,495.35,457.58,529.19,453.50,548.21,457.48,563.60,465.94,498.21,483.67,528.79,481.22,543.46,481.63,554.47,487.75
ND_uBFU0GrLk2E_frame004187_l.jpg,0,1223.00,868.00,1199.00,711.00,1130.43,627.73,1070.31,550.74,1032.34,484.30,969.06,645.66,962.00,510.00,1011.00,457.00,1062.00,447.00,916.00,669.00,913.16,530.70,974.00,502.00,1024.96,491.68,896.29,692.07,875.00,584.00,911.00,551.00,973.28,539.14,887.00,705.00,870.00,677.00,849.00,632.00,851.99,573.95
ND_uJ_tHcUMMf4_frame006878_l.jpg,0,1030.07,1023.11,948.00,984.00,798.00,993.00,719.90,1025.15,676.00,1052.00,812.21,1010.89,732.00,1084.00,693.00,1104.00,654.00,1119.00,852.25,1056.37,766.00,1111.00,710.00,1137.00,659.00,1158.00,907.00,1083.00,811.00,1131.00,758.00,1151.00,716.00,1166.00,935.00,1110.00,850.00,1153.00,820.00,1163.00,782.00,1172.00
ND_uJiHUn1WvD4_frame010466_l.jpg,0,909.50,552.83,876.10,526.29,839.72,486.82,797.93,474.44,739.11,474.44,884.61,348.29,860.33,304.50,823.67,284.50,770.84,263.16,931.04,361.45,928.72,291.02,899.31,266.25,842.04,256.19,968.19,398.60,938.78,376.15,893.90,387.76,845.33,407.83,996.83,437.29,939.56,466.70,894.67,496.88,855.33,524.50
ND_uJiHUn1WvD4_frame022725_r.jpg,0,466.14,412.65,470.46,408.05,475.22,402.23,476.92,404.15,478.62,406.28,482.67,417.94,481.42,413.66,478.86,411.44,476.26,409.07,480.58,421.93,478.56,418.12,476.60,414.91,472.65,413.15,476.12,424.40,475.53,420.80,473.20,418.84,471.06,416.87,472.44,426.31,470.67,424.54,468.69,422.99,467.06,421.08
ND_uJiHUn1WvD4_frame024519_l.jpg,0,968.04,503.15,955.53,498.61,945.49,496.09,935.49,497.17,930.09,502.30,940.70,498.45,928.03,508.06,929.01,516.09,929.28,521.76,943.33,501.08,931.35,507.77,931.79,518.21,931.90,526.23,946.29,503.81,937.50,509.53,936.84,518.54,936.73,526.23,952.27,507.21,947.39,509.86,943.33,514.58,941.90,519.19
ND_uVAqgqQY7UM_frame000898_r.jpg,0,-43.36,562.14,-28.50,486.00,10.50,441.00,51.50,494.00,114.50,511.00,-35.50,451.00,-15.50,486.00,29.50,514.00,106.52,540.51,-48.50,517.00,-20.50,550.00,33.92,578.54,89.81,578.54,-55.50,596.00,0.21,624.29,20.93,620.71,40.93,612.14,-46.21,615.71,2.36,650.00,25.21,642.86,40.21,627.14
ND_uVTdzTCsvTQ_frame006579_r.jpg,0,538.37,34.26,525.74,53.74,524.68,67.95,535.74,92.16,528.89,104.26,533.11,180.05,557.32,211.11,579.32,175.89,589.40,136.61,568.37,170.65,617.42,190.65,609.80,131.13,586.94,96.84,615.51,155.89,649.21,175.37,638.37,124.46,613.13,88.75,641.00,141.11,667.42,152.56,662.65,116.84,640.27,93.04
ND_uVTdzTCsvTQ_frame008074_r.jpg,0,446.67,-20.50,509.50,-14.83,554.95,24.19,576.87,87.78,599.21,129.89,484.60,64.21,529.60,149.66,571.28,158.25,597.06,152.66,454.01,85.32,518.46,162.54,551.52,156.96,583.82,140.72,440.48,94.05,493.34,131.67,538.10,126.43,574.29,115.95,445.81,91.22,491.91,105.00,527.15,93.57,552.39,84.05
ND_uVTdzTCsvTQ_frame020632_r.jpg,0,615.25,372.36,618.04,363.88,624.83,356.43,634.20,357.14,640.47,362.33,602.88,357.73,614.54,365.11,625.97,369.40,636.35,372.50,598.83,369.40,615.97,377.26,628.59,380.35,638.12,382.02,597.61,379.29,615.26,387.49,631.45,390.11,643.59,391.30,601.21,389.16,615.73,393.68,624.20,394.29,631.48,394.52
ND_uVTdzTCsvTQ_frame020931_r.jpg,0,617.51,369.71,617.67,363.00,619.67,356.33,628.54,354.81,636.93,357.71,611.80,350.07,620.81,346.69,630.97,349.10,641.00,353.42,607.90,358.68,622.84,363.57,637.25,368.03,648.22,371.58,603.38,371.26,617.90,375.77,633.06,379.65,643.38,381.58,603.06,380.61,618.27,387.19,629.82,389.60,638.87,390.61
ND_uVTdzTCsvTQ_frame022127_r.jpg,0,629.96,347.94,645.83,346.05,658.57,351.08,665.24,356.23,672.51,361.38,657.73,345.06,671.30,350.47,677.66,355.92,677.66,364.71,652.21,353.50,665.84,368.65,672.81,378.96,676.75,387.44,644.03,357.44,657.06,375.62,662.21,384.41,664.93,390.47,635.54,364.11,641.30,375.32,647.36,383.20,651.60,387.14
ND_uVTdzTCsvTQ_frame023024_l.jpg,0,713.30,361.12,703.17,350.42,695.71,342.73,686.91,343.53,679.71,346.33,701.13,361.48,683.99,363.98,673.63,362.56,665.52,359.34,699.40,373.77,675.78,373.81,667.10,370.41,663.91,366.79,694.70,381.38,679.84,379.76,671.26,376.04,666.06,372.29,693.08,383.00,679.28,381.33,675.24,380.12,671.24,378.32
ND_uZmDSPcAhdQ_frame002101_l.jpg,0,832.62,147.95,763.86,149.34,717.79,155.80,672.15,166.59,669.44,202.50,749.69,253.45,701.75,260.92,683.86,262.50,665.96,263.55,786.00,266.70,738.40,260.32,724.66,239.71,725.96,209.87,815.93,263.27,769.44,250.36,760.87,225.36,760.87,201.07,840.96,254.92,803.73,243.93,793.73,226.79,794.44,202.50
ND_uZmDSPcAhdQ_frame003301_r.jpg,0,514.78,-8.25,545.49,32.42,571.64,74.34,585.33,117.92,593.43,152.05,514.43,116.55,553.79,157.77,578.94,173.23,600.81,186.36,525.29,111.22,559.18,145.11,588.62,148.44,626.40,142.33,529.18,100.11,560.85,120.67,593.07,121.22,598.07,94.55,527.64,90.53,570.81,95.51,596.40,82.33,615.29,71.22
ND_uZmDSPcAhdQ_frame004201_r.jpg,0,546.73,-2.07,591.17,8.67,636.34,57.99,652.42,111.60,631.87,144.22,581.35,106.92,612.28,170.26,636.39,166.73,653.45,160.85,552.52,118.68,598.16,152.61,631.26,139.83,645.22,107.32,544.88,118.68,581.35,142.21,614.29,129.27,626.64,99.86,556.64,115.15,580.17,126.33,600.17,120.45,603.11,99.86
ND_uZmDSPcAhdQ_frame007501_l.jpg,0,1196.81,-19.75,1168.00,10.77,1143.72,69.41,1144.53,129.80,1148.99,166.68,1213.70,101.11,1164.35,125.89,1147.88,101.77,1162.36,78.73,1245.58,93.61,1188.08,121.11,1173.71,86.43,1180.60,66.57,1254.33,82.36,1200.58,104.86,1189.33,82.36,1203.08,61.73,1258.70,71.73,1212.45,90.48,1204.95,77.98,1218.70,59.86
ND_ualAchumHu4_frame000901_l.jpg,0,1360.25,873.33,1366.47,784.15,1356.53,725.53,1365.25,674.17,1382.75,632.50,1519.13,648.14,1606.05,574.29,1573.74,551.22,1512.97,563.53,1550.67,682.76,1587.59,632.76,1523.74,622.76,1451.44,628.91,1587.06,740.43,1668.36,699.68,1647.59,655.83,1590.04,652.00,1602.97,817.37,1666.82,794.29,1704.51,779.68,1701.33,734.47
ND_ualAchumHu4_frame012601_l.jpg,0,875.50,434.00,874.50,351.00,882.50,255.00,935.50,262.00,1016.50,282.00,1140.20,159.49,1258.07,168.16,1310.07,246.16,1311.50,340.00,1186.50,239.00,1322.50,231.00,1388.08,289.77,1382.69,385.15,1221.64,311.73,1348.08,322.85,1433.46,356.69,1526.75,410.84,1239.62,421.31,1322.69,432.08,1388.08,449.77,1476.54,479.00
ND_uc6rpZ4Mg3Y_frame001251_r.jpg,0,646.92,782.00,552.75,759.50,492.50,669.00,479.50,554.00,508.50,530.00,569.00,585.00,503.00,445.00,458.05,355.53,420.26,286.24,644.00,562.00,585.00,442.00,543.00,509.00,566.00,559.00,715.00,548.00,652.00,457.00,602.00,504.00,621.00,549.00,765.00,538.00,713.00,440.00,666.00,485.00,677.00,528.00
ND_uuVwMN8pH6E_frame000251_r.jpg,0,70.36,165.14,150.36,181.57,191.33,221.75,223.60,273.61,261.05,312.21,139.64,211.57,182.69,293.20,208.04,339.29,226.79,377.29,100.36,235.86,130.83,319.13,172.32,360.04,196.79,362.29,64.64,258.71,91.07,331.57,131.47,363.36,148.93,357.29,46.47,278.36,70.22,339.61,87.72,350.86,104.60,348.36
ND_v03sbLQy91o_frame011101_r.jpg,0,683.81,97.10,723.10,63.52,768.57,49.68,809.95,68.07,831.62,110.10,848.04,40.49,900.24,120.67,875.24,158.52,841.67,142.10,865.77,73.98,922.25,162.64,874.52,194.95,836.67,171.38,868.40,124.55,909.12,205.99,861.67,235.67,825.95,208.52,852.64,183.66,851.67,235.67,813.81,235.67,773.10,228.52
ND_v0NASovhA2A_frame002101_l.jpg,0,596.90,-96.94,560.24,-39.17,524.68,19.72,465.79,66.39,438.02,110.83,371.35,-30.28,264.12,-1.64,183.35,22.97,111.27,50.67,363.35,-18.56,254.12,8.36,167.20,35.28,104.12,62.21,361.35,-6.94,234.89,20.67,157.20,47.59,100.24,73.06,373.57,26.39,298.02,48.61,214.68,58.61,162.46,63.06
ND_v0NASovhA2A_frame005101_r.jpg,0,1358.12,293.50,1206.88,334.75,1033.12,374.75,928.12,421.00,883.12,416.00,996.88,79.75,823.75,37.00,753.75,44.00,692.32,75.71,1053.75,18.00,881.17,5.77,801.43,30.95,724.49,75.71,1091.75,4.00,969.30,-4.02,877.75,28.00,809.75,78.00,1123.18,-0.71,1030.77,-2.74,966.04,32.86,914.61,72.14
ND_v7F5bq-Rtog_frame015601_r.jpg,0,284.62,180.00,470.50,103.00,654.50,221.00,698.50,305.00,627.50,272.00,563.50,334.00,645.50,453.00,694.50,406.00,697.50,349.00,496.50,386.00,619.50,390.00,655.50,358.00,657.50,303.00,508.50,366.00,593.50,357.00,622.50,326.00,627.50,290.00,519.50,346.00,582.50,330.00,604.50,308.00,601.50,273.00
ND_vB2MAjpebno_frame000241_l.jpg,0,870.11,502.58,853.62,509.85,844.01,523.69,844.21,535.73,848.91,544.55,853.62,545.73,850.78,562.68,850.38,554.85,850.38,548.08,866.57,551.40,863.99,565.74,863.67,559.46,864.31,553.17,878.49,550.76,878.33,565.90,877.36,561.39,876.88,553.82,889.45,545.60,891.86,558.49,888.76,555.77,887.67,549.95
ND_vDKXqlWiH1Q_frame000240_r.jpg,0,228.98,500.90,319.81,484.23,395.86,496.81,435.37,549.94,435.37,613.97,354.31,505.67,412.21,584.00,449.67,637.13,471.47,687.54,295.05,542.45,368.62,630.32,398.56,656.73,422.31,683.61,258.27,579.91,326.06,658.61,363.56,657.36,394.81,644.86,229.66,620.78,296.69,676.11,326.06,665.48,335.44,642.98
ND_vDKXqlWiH1Q_frame000718_l.jpg,0,563.99,223.97,578.20,222.39,600.69,238.25,611.31,259.50,668.19,274.50,563.19,355.12,516.94,399.50,453.81,409.50,405.06,411.38,507.39,359.88,468.93,406.04,394.52,383.45,356.62,346.81,478.16,346.81,424.32,369.88,378.93,362.96,332.78,338.35,455.86,335.27,418.93,339.12,392.01,333.73,368.16,319.12
ND_vDKXqlWiH1Q_frame010517_r.jpg,0,843.63,523.50,814.21,542.64,783.36,559.49,760.22,564.92,737.66,570.63,762.51,511.50,737.86,504.11,739.29,528.76,743.94,547.69,771.65,502.36,762.51,520.19,765.72,537.69,770.72,553.40,784.29,493.76,775.72,515.54,784.29,531.97,787.51,541.26,792.51,490.19,789.65,509.11,791.44,521.26,797.15,529.47
ND_vF0CXcVNX-o_frame000898_r.jpg,0,1482.69,10.38,1440.38,12.69,1388.67,23.51,1343.23,71.01,1308.12,135.04,1235.83,80.31,1180.06,118.52,1131.53,172.22,1097.31,224.23,1251.92,113.46,1182.13,173.25,1153.21,231.08,1148.85,278.08,1299.62,126.54,1277.31,160.38,1275.00,226.54,1293.46,275.77,1341.92,174.23,1351.15,211.15,1357.31,249.62,1364.23,296.54
ND_vJND_qs0qGM_frame002001_r.jpg,0,1466.57,817.43,1352.29,733.14,1208.17,562.54,1033.37,482.60,845.14,444.57,1120.09,296.97,969.69,253.61,890.86,311.71,839.43,401.71,1025.14,384.57,885.14,241.71,765.14,340.29,765.14,458.86,992.29,440.29,888.00,454.57,800.86,500.29,800.86,601.71,950.86,577.43,870.86,558.86,802.29,576.00,793.54,669.59
ND_vKYC6B51nZQ_frame028154_r.jpg,0,651.15,-106.37,708.30,-40.66,764.33,85.15,802.00,189.23,841.65,301.24,605.65,248.05,661.25,392.43,753.43,386.48,804.97,353.77,576.65,242.05,680.08,337.91,752.44,320.07,791.09,266.54,608.65,217.05,679.09,297.27,743.52,265.55,766.31,203.11,640.43,198.15,680.08,235.82,720.72,219.96,742.53,189.23
ND_vQ6zj0275sY_frame014951_l.jpg,0,692.41,677.55,674.84,662.63,648.25,658.44,628.02,669.01,615.59,683.30,666.80,683.11,634.70,687.57,641.57,681.63,651.03,675.88,670.33,702.04,636.52,701.65,645.28,696.10,655.30,695.36,675.52,715.40,640.57,714.08,648.80,707.98,657.53,706.12,676.52,724.08,643.82,724.62,648.68,716.25,659.76,712.46
ND_vQ6zj0275sY_frame015549_r.jpg,0,512.40,353.13,530.58,354.80,550.25,356.28,555.07,373.91,558.60,392.65,525.57,371.68,532.07,397.66,546.54,407.12,554.12,401.58,511.10,381.33,527.80,413.24,540.97,412.87,546.01,404.55,501.45,392.46,521.30,416.21,532.77,415.63,537.36,407.52,498.67,399.14,511.29,415.66,520.33,414.01,527.06,410.65
ND_vQ6zj0275sY_frame016147_l.jpg,0,726.91,498.99,705.44,486.64,673.68,506.35,656.91,522.23,641.91,520.46,688.97,534.88,667.21,557.23,650.68,543.49,642.30,533.76,695.15,548.99,666.03,543.70,647.21,536.93,633.92,529.43,701.32,553.70,667.50,537.23,656.32,531.64,640.44,525.76,706.91,550.17,677.79,530.17,664.85,524.88,651.91,518.99
ND_vQ6zj0275sY_frame017044_l.jpg,0,22.00,711.00,165.58,645.88,300.45,598.02,441.12,531.31,575.99,474.76,120.07,337.86,343.96,306.53,474.47,325.39,589.04,357.29,148.07,276.86,313.50,180.37,464.32,209.37,546.98,292.03,222.07,323.86,368.07,278.86,477.07,303.86,572.07,336.86,305.07,391.86,366.07,386.86,451.07,389.86,546.07,413.86
ND_vQ6zj0275sY_frame017941_r.jpg,0,1236.92,6.15,1150.91,83.06,1070.33,114.63,978.87,182.14,900.47,249.65,917.89,28.61,866.71,113.54,856.92,187.59,862.36,258.36,911.54,91.54,896.11,148.39,896.15,201.54,897.69,266.15,936.15,114.62,927.50,148.00,935.50,209.00,974.50,242.00,970.77,124.62,971.54,170.00,991.54,195.38,1037.69,193.85
ND_vq47hQ2Zlok_frame003901_r.jpg,0,1055.37,445.42,1022.21,476.47,981.30,501.79,954.88,541.43,932.06,586.48,926.95,477.00,918.00,509.11,914.32,549.63,915.89,590.16,966.42,495.95,956.42,532.26,953.79,567.00,956.95,611.21,1005.37,495.42,1002.21,530.68,1002.21,568.58,1009.53,623.11,1041.68,503.84,1039.58,525.95,1037.47,562.79,1034.76,610.50
ND_vq47hQ2Zlok_frame006601_r.jpg,0,1674.43,37.43,1573.00,163.14,1448.71,318.86,1350.14,437.43,1263.31,489.24,1321.57,146.00,1172.31,245.71,1168.46,394.39,1228.71,491.80,1290.14,23.14,1121.04,131.64,1203.00,314.57,1293.00,343.14,1253.00,-24.00,1128.71,33.14,1174.87,134.20,1242.81,173.93,1221.57,-62.57,1144.43,-35.43,1181.57,44.57,1253.00,74.57
ND_vqM6Km5JK-Y_frame000479_r.jpg,0,102.50,-149.00,125.23,-100.62,153.69,-26.77,220.50,6.00,284.46,14.77,103.69,-39.85,112.92,32.46,120.62,109.38,128.31,167.85,44.46,-24.46,64.46,66.31,79.08,154.77,96.00,218.62,2.92,-17.54,8.31,79.38,42.15,152.46,66.00,204.77,-14.00,13.23,-11.69,86.31,16.00,118.62,38.31,137.08
ND_vtYcSfphOr4_frame000601_l.jpg,0,690.31,607.56,643.89,597.61,594.63,589.56,548.53,599.37,515.89,618.84,566.22,586.24,520.63,599.37,492.74,609.89,474.84,616.74,574.27,614.66,534.96,635.03,503.26,646.74,486.42,655.68,594.16,643.55,560.06,666.76,543.01,676.23,529.58,682.53,613.58,669.60,592.74,689.97,575.69,697.55,564.32,702.28
ND_vwdzzN8ppho_frame001251_l.jpg,0,526.46,524.89,527.54,548.95,541.69,570.66,558.62,579.76,578.41,585.49,563.59,588.85,587.85,594.92,607.05,597.95,621.54,600.31,572.35,585.15,598.29,595.59,617.49,598.96,637.04,603.68,581.11,573.36,603.01,581.44,619.52,588.18,635.69,593.91,585.82,557.18,603.68,564.26,617.16,571.00,628.95,578.41
ND_vyJDNTxvY_8_frame000251_r.jpg,0,438.94,569.84,470.84,572.21,502.53,575.54,522.29,594.15,541.74,597.02,497.73,567.19,512.79,590.52,521.95,610.02,529.27,620.89,476.46,579.30,496.84,606.18,508.57,618.10,510.43,621.36,459.62,589.64,482.07,615.34,497.88,623.45,506.01,621.59,444.85,604.70,466.71,621.25,477.05,622.72,484.27,622.48
ND_vyJDNTxvY_8_frame003751_r.jpg,0,415.65,274.41,430.78,279.81,442.41,295.22,436.46,319.81,427.00,340.89,408.08,309.81,395.11,333.32,407.81,342.51,421.59,341.43,387.81,312.24,406.19,338.73,427.00,346.57,443.22,342.51,383.22,320.62,409.43,330.35,425.11,332.24,446.19,332.24,387.54,325.22,389.43,346.84,403.49,346.30,415.11,337.38
ND_vyJDNTxvY_8_frame013751_l.jpg,0,712.25,524.51,689.13,513.10,647.75,494.33,615.69,490.21,597.75,490.51,643.34,514.04,616.28,515.21,597.16,516.39,579.22,515.51,644.22,523.15,630.69,513.15,620.69,504.92,610.56,496.89,647.75,531.68,636.28,517.86,632.46,507.57,628.04,496.68,655.80,540.43,646.87,539.33,638.93,537.86,631.28,536.68
ND_vzBIUh3J2Pc_frame000300_l.jpg,0,985.58,-117.33,918.08,-86.08,885.58,-41.71,865.58,-14.83,847.46,8.29,933.71,-39.83,898.71,5.17,873.08,31.42,843.08,60.17,958.80,-29.83,931.83,5.79,902.46,65.17,869.96,98.29,985.58,-9.83,989.96,21.42,961.21,79.54,931.21,122.67,1006.83,8.92,1031.83,61.42,1051.83,92.04,1063.08,132.04
ND_w84oHWToySQ_frame003001_r.jpg,0,1577.33,500.67,1447.33,567.67,1266.33,503.67,1142.33,449.67,1012.33,369.67,1354.33,214.67,1163.33,189.67,1074.33,215.67,986.33,251.67,1378.08,177.92,1271.33,126.67,1196.33,211.67,1119.33,331.67,1403.33,155.67,1298.33,197.67,1252.67,233.33,1182.33,300.67,1433.33,121.67,1327.33,155.67,1273.33,213.67,1259.33,290.67
ND_wDv2CmXLPHU_frame001795_r.jpg,0,71.12,415.86,87.14,464.52,87.86,531.67,70.00,575.24,37.86,600.95,119.29,525.24,92.14,599.52,53.57,640.95,2.86,660.24,85.00,481.67,67.86,538.81,20.32,575.63,-28.57,598.10,41.43,464.52,37.86,505.24,-5.79,533.97,-43.57,560.24,5.87,440.08,-43.57,453.81,-58.57,485.95,-67.14,523.81
ND_wDv2CmXLPHU_frame008074_r.jpg,0,242.72,576.12,241.14,568.09,240.46,558.26,245.93,554.00,251.80,552.74,248.28,549.12,257.31,545.78,257.84,549.69,254.27,552.55,253.70,554.18,260.20,551.20,259.27,556.00,255.34,557.91,257.94,559.87,262.73,558.34,259.50,562.79,256.05,564.33,261.74,565.56,263.54,564.93,261.77,567.55,259.12,568.55
ND_wK2t1mLZ5ts_frame002881_r.jpg,0,923.57,553.41,895.38,566.30,854.69,577.98,831.33,592.88,804.74,591.68,865.16,609.00,853.48,625.51,848.25,638.00,843.35,651.49,890.54,623.50,885.31,645.66,883.29,671.84,882.58,696.88,914.71,627.13,911.09,649.28,908.67,674.26,904.64,699.23,941.30,625.11,939.69,643.64,938.88,664.19,936.47,685.13
ND_wK2t1mLZ5ts_frame012481_r.jpg,0,496.69,526.62,521.57,485.99,538.84,444.35,576.41,446.38,612.98,453.49,614.50,442.32,664.27,451.97,676.96,467.20,680.01,480.41,629.23,479.39,670.36,485.99,662.64,502.50,638.37,503.26,631.77,525.09,671.38,525.09,655.36,544.32,631.73,550.68,626.69,567.75,661.22,565.21,648.02,570.29,630.75,571.81
ND_wK2t1mLZ5ts_frame021121_r.jpg,0,376.02,461.47,383.54,433.79,392.09,406.78,408.15,394.48,421.49,377.69,432.76,421.14,452.24,413.28,468.65,409.52,484.71,407.47,437.54,435.15,459.42,428.66,479.24,422.85,497.02,418.75,438.23,449.51,458.39,443.70,477.54,438.57,493.26,432.76,434.47,464.89,449.17,462.50,462.84,458.74,476.51,455.32
ND_wO5i6QjjMNc_frame012251_l.jpg,0,699.82,426.99,692.58,398.18,694.53,389.27,692.30,379.81,683.67,373.41,701.35,385.52,690.35,375.36,680.33,369.23,672.70,363.90,694.81,393.59,681.59,384.12,670.73,376.05,662.70,369.90,689.10,401.80,674.91,393.03,664.33,384.82,656.82,378.84,681.73,407.64,670.18,401.80,661.83,398.04,654.74,393.62
ND_wOopKZqe92c_frame000001_l.jpg,0,823.44,1263.62,799.69,1243.00,774.06,1223.94,751.88,1230.81,741.25,1235.39,752.19,1252.06,714.95,1250.21,727.92,1239.10,750.88,1237.24,755.31,1274.25,719.06,1275.81,725.32,1258.35,746.80,1259.47,759.38,1288.00,730.24,1288.54,726.05,1276.92,735.73,1270.15,764.11,1294.02,742.19,1292.06,736.25,1287.69,736.05,1277.89
ND_wOopKZqe92c_frame000901_r.jpg,0,2075.14,833.29,1956.57,931.86,1745.14,969.00,1595.68,981.35,1418.28,1010.06,1594.65,813.19,1374.19,833.70,1358.81,949.56,1401.88,1004.94,1603.71,699.00,1449.43,811.86,1433.66,931.11,1496.57,979.00,1680.86,660.43,1522.87,788.58,1555.14,864.71,1633.62,901.37,1718.00,653.29,1625.14,757.57,1616.57,823.29,1636.57,867.57
ND_wRlXrDq6Q2c_frame000601_r.jpg,0,506.70,93.68,550.88,124.20,606.10,148.01,607.05,192.76,603.85,230.38,616.58,234.18,625.15,280.36,596.92,261.15,588.46,241.15,569.92,253.22,576.92,235.77,574.62,213.46,558.46,189.62,521.36,247.98,533.08,235.77,526.92,213.46,521.54,191.92,479.47,228.46,490.42,222.75,490.77,199.62,489.23,184.23
ND_wWX4ON2h3AA_frame001001_l.jpg,0,993.91,557.94,1002.27,514.21,1001.04,466.84,1034.88,439.16,1068.10,415.78,992.43,423.16,996.12,386.86,1000.43,359.79,1005.96,327.18,1026.27,437.93,1058.26,421.31,1052.61,452.69,1042.61,486.19,1046.57,466.84,1069.95,458.23,1057.03,483.45,1033.65,503.76,1061.33,500.68,1076.71,492.68,1063.18,506.22,1048.11,523.19
ND_waf93G_2pQU_frame002393_l.jpg,0,1094.31,558.50,1078.87,571.66,1066.38,585.29,1060.93,597.78,1062.07,614.12,1057.52,601.41,1054.80,620.48,1055.25,634.10,1058.66,641.82,1070.47,606.40,1068.32,624.94,1069.75,639.80,1074.32,650.08,1083.86,609.13,1083.46,624.94,1085.18,639.51,1088.61,648.37,1099.76,608.22,1099.76,622.75,1100.89,631.80,1101.46,637.80
ND_waf93G_2pQU_frame004187_l.jpg,0,851.24,614.43,834.52,610.99,819.80,610.18,808.81,622.53,808.23,636.22,801.86,621.56,794.34,638.73,796.27,645.09,803.79,651.27,803.79,635.45,793.38,654.54,801.84,664.14,811.84,664.14,809.19,648.76,799.16,665.73,810.13,670.71,820.70,669.28,819.61,660.72,814.70,678.71,820.99,682.99,825.84,678.42
ND_waf93G_2pQU_frame005981_r.jpg,0,958.07,672.84,918.23,720.45,884.22,790.41,808.43,816.65,727.83,828.75,806.49,754.46,718.07,756.41,653.67,755.42,612.83,747.08,793.67,710.42,735.33,712.08,681.17,709.58,618.67,695.42,790.94,688.39,730.33,690.42,686.17,687.08,642.83,678.75,792.83,661.25,757.00,665.42,722.83,666.25,692.00,664.58
ND_waf93G_2pQU_frame013157_l.jpg,0,1017.84,446.95,996.16,445.13,975.09,446.14,965.36,457.08,954.82,464.17,970.02,473.42,963.54,480.79,966.17,468.81,973.26,464.98,980.35,483.22,975.66,474.70,981.56,468.29,987.45,465.59,993.32,485.05,992.84,478.29,996.36,473.09,999.81,468.43,1007.91,487.48,1004.87,483.63,1007.10,476.53,1010.35,472.68
ND_weJxZ1ZrKPk_frame008074_r.jpg,0,365.29,253.65,377.37,242.20,389.32,229.45,399.66,231.46,410.94,232.27,388.52,239.38,404.36,241.53,414.16,243.14,422.22,244.22,389.73,249.59,408.12,251.47,416.18,250.53,423.43,248.51,391.07,257.11,406.78,257.78,412.02,254.96,416.18,251.87,391.47,262.61,402.62,261.67,406.96,258.74,410.00,256.17
ND_weJxZ1ZrKPk_frame014951_l.jpg,0,338.68,308.62,345.43,297.92,353.98,291.02,358.50,285.96,362.19,277.48,377.13,299.43,383.11,303.32,378.67,310.58,372.58,313.30,373.09,308.08,371.35,320.69,357.40,322.05,351.63,320.20,367.67,313.82,367.38,323.42,355.90,323.56,349.47,320.96,362.84,316.93,362.87,325.61,354.80,324.52,349.61,322.19
ND_weJxZ1ZrKPk_frame024519_l.jpg,0,499.23,278.28,494.98,265.83,491.41,257.96,483.01,262.37,479.99,267.15,504.01,256.28,496.40,264.88,490.15,269.19,484.52,274.50,508.42,265.73,498.48,274.50,488.58,279.48,479.55,283.57,509.05,274.86,498.13,281.79,488.79,286.72,480.39,289.56,505.58,281.68,498.76,286.20,492.99,289.77,486.69,293.34
ND_weJxZ1ZrKPk_frame026612_r.jpg,0,282.10,-3.24,345.04,-20.88,436.80,-17.94,500.33,6.18,529.70,10.84,403.97,-4.37,478.45,16.45,540.11,36.47,582.55,47.68,378.35,28.46,463.23,70.90,524.89,74.91,572.14,66.90,359.13,70.90,435.20,106.94,493.66,102.93,513.68,86.92,348.72,94.93,405.57,123.75,447.98,112.65,477.64,102.13
ND_wmDgiSHsre4_frame027555_r.jpg,0,552.85,862.28,544.79,832.51,537.97,786.62,529.29,800.89,505.10,835.61,397.20,817.63,426.35,861.04,484.02,872.82,542.93,880.26,389.76,896.39,467.89,914.37,549.59,898.95,597.37,873.40,405.26,932.97,504.59,932.29,561.09,899.98,615.48,847.40,456.11,953.44,513.16,949.72,548.51,936.07,573.48,916.73
ND_wmDgiSHsre4_frame038936_r.jpg,0,286.00,887.50,386.00,778.50,425.00,718.50,445.00,647.50,457.00,597.50,342.08,674.48,375.43,619.90,423.95,574.42,454.00,535.50,377.45,731.09,489.64,699.75,562.42,744.23,562.42,780.61,386.55,796.78,494.70,793.75,534.12,820.03,502.15,829.54,398.68,859.45,496.72,855.41,512.89,867.54,478.31,874.92
ND_wrNx_4YLBxY_frame001501_r.jpg,0,-287.75,654.38,-165.25,466.88,-39.00,351.88,55.70,361.70,119.75,378.12,178.59,527.25,143.00,441.00,84.00,428.00,16.00,443.00,180.62,596.31,158.28,561.78,97.34,549.59,57.73,551.62,147.11,694.83,136.95,651.16,87.19,630.84,56.72,635.92,115.00,732.00,103.44,692.80,68.91,680.61,47.58,686.70
ND_wvXgshdp3x8_frame000721_l.jpg,0,667.96,828.74,631.35,818.59,603.51,825.81,580.39,837.01,560.92,856.48,567.38,843.88,535.15,858.04,509.76,872.68,483.88,886.36,571.97,851.75,528.80,867.80,498.04,883.43,471.18,898.07,574.70,869.75,537.10,883.43,508.74,894.84,476.74,904.34,587.88,887.82,556.63,895.63,536.12,905.40,514.64,914.68
ND_wvXgshdp3x8_frame008641_r.jpg,0,235.82,501.71,300.24,466.65,360.58,425.88,425.00,429.06,475.00,429.06,399.72,492.75,470.67,475.62,513.88,457.68,541.61,435.67,402.50,523.25,483.50,511.25,511.44,494.38,529.50,477.25,406.50,552.25,497.50,531.25,471.50,503.25,432.50,512.25,412.77,601.20,460.07,597.94,503.28,584.07,532.64,561.24
ND_wwUD3pTeru8_frame000801_r.jpg,0,38.00,566.95,78.00,540.59,109.89,516.63,142.09,482.86,180.90,469.05,140.85,465.28,174.36,437.86,171.01,415.34,142.73,419.10,87.13,469.05,107.87,388.48,81.47,430.84,62.52,469.79,35.68,466.63,47.26,401.37,32.95,433.71,16.73,476.63,3.05,451.37,4.10,398.21,-7.48,419.26,-13.79,444.00
ND_wwUD3pTeru8_frame001001_l.jpg,0,614.99,525.36,557.49,469.11,483.12,412.86,398.12,354.11,357.57,309.97,549.37,379.11,455.32,325.55,394.37,330.99,344.37,347.86,536.96,399.67,452.64,379.26,371.00,375.50,300.10,383.02,534.61,446.97,457.47,425.99,365.62,421.15,316.21,421.69,525.38,503.12,414.61,483.89,350.62,466.61,325.34,458.75
ND_wyVcHRbFGis_frame000601_r.jpg,0,244.03,498.95,248.03,513.56,249.74,527.27,251.31,541.60,250.40,546.69,220.87,527.14,213.36,538.48,213.54,545.38,214.23,550.21,219.03,520.95,218.24,533.85,218.62,541.15,221.31,548.08,219.82,517.39,220.74,530.57,226.24,531.24,232.79,531.24,221.66,514.75,222.19,525.69,228.24,527.06,233.33,526.51
ND_x--Ch6-evUY_frame010167_l.jpg,0,196.72,450.09,198.35,337.89,182.09,222.45,221.11,173.67,313.79,178.55,461.76,152.53,570.70,128.14,665.00,126.52,751.18,146.03,497.00,236.50,611.00,219.50,695.90,219.20,770.69,220.82,501.00,327.50,617.00,308.50,675.00,308.50,722.00,318.50,501.00,406.50,626.00,392.50,693.00,382.50,761.00,365.50
ND_xBT4FtcekUo_frame002251_r.jpg,0,1319.00,797.00,1105.50,760.75,899.49,673.74,753.00,544.00,680.00,401.00,1073.29,433.46,888.92,218.86,775.57,300.47,700.01,376.03,1165.00,391.00,883.00,380.00,831.00,469.00,832.00,542.00,1176.05,416.83,931.00,347.00,856.00,403.00,852.00,489.00,1189.65,509.02,1028.00,453.00,985.63,484.84,996.00,543.00
ND_xBT4FtcekUo_frame002751_r.jpg,0,757.97,704.60,763.32,603.02,766.53,495.01,729.10,396.64,704.51,311.09,626.45,442.62,587.95,396.64,540.08,352.00,477.00,307.38,586.23,495.85,534.48,449.03,484.69,409.69,430.08,365.08,560.15,560.24,508.54,528.15,470.85,504.31,427.55,465.07,547.77,640.46,493.85,614.78,467.00,592.77,435.03,542.07
ND_xCMe3LXN3uk_frame008101_l.jpg,0,259.32,750.85,295.35,543.17,305.95,293.11,358.92,168.08,418.26,62.12,462.71,345.71,591.29,331.43,691.29,331.43,820.90,337.61,469.12,475.36,637.43,440.93,694.43,473.93,668.32,490.19,488.19,602.51,585.43,562.93,639.43,585.93,606.86,604.62,490.43,725.93,559.43,703.93,620.43,675.93,568.43,678.93
ND_xCS2cjqqQNw_frame000301_l.jpg,0,765.06,518.45,756.11,512.22,749.61,502.47,743.92,491.63,737.96,474.82,751.24,527.94,741.75,534.71,734.98,536.88,724.68,537.97,748.53,545.28,738.02,556.12,728.66,560.95,719.95,565.79,750.86,552.46,741.56,564.50,732.21,571.60,723.18,577.08,752.48,557.95,747.64,567.95,742.48,575.04,734.73,580.21
ND_xCS2cjqqQNw_frame000901_l.jpg,0,756.45,500.35,753.23,481.32,741.39,461.32,726.55,449.73,710.31,438.13,739.53,485.21,723.87,480.99,708.06,476.80,692.68,470.14,732.58,500.98,712.86,497.50,692.68,488.23,676.91,478.72,726.08,515.13,707.76,512.58,688.97,501.45,676.22,492.63,722.83,525.57,703.12,523.25,691.52,516.75,680.85,509.33
ND_xCS2cjqqQNw_frame002101_r.jpg,0,689.48,153.55,663.68,172.58,643.25,183.41,616.91,199.35,589.17,216.69,593.85,189.29,571.69,202.80,567.80,236.00,578.20,249.20,616.16,211.26,599.40,238.80,621.40,240.00,635.80,228.00,643.58,219.56,633.31,241.99,656.43,240.61,669.60,220.85,662.34,215.97,652.23,237.13,668.22,234.50,680.28,222.74
ND_xCS2cjqqQNw_frame004801_r.jpg,0,404.85,458.19,403.14,471.59,400.33,478.39,400.56,494.80,399.62,511.91,373.89,519.80,372.27,538.51,379.69,551.74,390.01,561.74,388.72,531.09,393.89,552.38,401.63,562.71,414.53,569.16,397.76,531.42,400.66,546.58,410.01,556.90,422.60,562.71,404.21,531.09,409.69,542.71,417.11,548.51,425.18,551.42
ND_xHurRMXc2Z0_frame005101_l.jpg,0,857.92,407.68,849.71,385.89,837.21,372.68,810.42,369.82,797.71,372.07,800.44,363.53,778.23,359.77,764.55,360.79,751.49,364.46,791.56,375.83,765.24,370.02,745.27,368.48,730.03,369.00,788.82,389.85,763.53,384.72,743.71,382.33,728.32,380.28,788.14,406.94,767.29,402.15,749.52,400.10,735.50,398.05
ND_xHurRMXc2Z0_frame007801_r.jpg,0,1053.25,186.27,1067.33,195.24,1083.80,212.89,1087.04,223.18,1077.04,237.89,1072.17,201.62,1066.20,236.06,1063.23,255.52,1060.57,266.71,1047.97,201.62,1046.13,238.54,1046.20,252.55,1046.20,259.85,1028.80,205.24,1029.72,240.39,1031.34,250.39,1032.96,237.15,1010.86,206.42,1012.69,230.12,1014.31,240.93,1014.85,247.42
ND_xHurRMXc2Z0_frame012601_l.jpg,0,809.15,323.43,795.91,306.96,787.97,306.08,789.15,310.19,792.68,320.19,808.91,332.14,799.34,339.56,780.20,334.68,763.59,328.23,807.38,349.02,777.46,351.87,754.80,341.71,746.80,329.99,798.27,362.55,758.71,362.80,749.34,352.84,746.02,341.32,790.62,372.55,762.81,373.35,753.05,368.27,748.95,357.53
ND_xNm5D2FvBC0_frame001201_r.jpg,0,738.77,439.48,745.74,452.42,752.00,465.67,753.59,479.05,756.62,488.16,725.64,469.69,720.43,483.24,716.11,495.16,711.94,506.48,717.00,463.88,710.00,476.24,709.26,487.12,709.70,492.78,714.60,458.05,708.51,471.31,711.12,477.83,719.60,477.83,711.56,454.13,709.26,463.88,710.45,470.59,715.91,472.83
ND_xOq_fiao6pE_frame003361_l.jpg,0,-141.71,920.86,28.29,879.43,165.43,818.00,254.00,705.14,406.86,529.43,27.51,507.38,199.96,418.33,443.10,472.04,546.29,576.65,106.86,593.71,272.57,493.71,436.86,530.86,519.71,642.29,172.79,648.77,345.43,570.86,482.57,565.14,636.86,625.14,228.95,712.62,307.41,698.77,371.25,733.38,398.95,791.08
ND_xOq_fiao6pE_frame016561_r.jpg,0,-71.79,1053.93,208.21,995.36,381.07,879.64,518.92,665.88,620.44,486.54,148.40,630.35,293.90,442.55,468.17,368.11,627.20,307.20,218.21,638.21,321.07,473.93,503.93,405.36,665.36,353.93,256.79,638.21,338.21,501.07,483.93,465.36,646.79,488.21,299.64,679.64,338.21,613.93,409.64,595.36,516.79,603.93
ND_xPcegtqgxgw_frame006001_r.jpg,0,780.71,-10.00,783.61,84.94,816.08,234.54,776.65,347.03,686.19,405.01,658.36,129.01,578.34,272.81,565.59,371.38,582.36,435.14,579.36,68.14,519.20,257.74,502.97,384.14,479.36,467.14,542.36,64.14,491.36,243.14,476.36,336.14,470.36,425.14,526.36,97.14,507.36,202.14,495.36,302.14,488.36,373.14
ND_xPcegtqgxgw_frame015301_r.jpg,0,1240.94,-48.25,1178.62,20.59,1105.02,66.73,1034.70,131.55,955.60,172.20,980.31,-17.62,920.45,15.10,864.42,72.22,829.06,125.50,969.06,-44.50,880.90,-14.57,842.44,45.86,842.81,106.12,977.58,-27.75,907.26,-6.88,891.56,59.88,900.94,114.88,990.94,-12.00,950.11,12.90,939.50,67.00,937.50,117.00
ND_xU9W8VqWFYo_frame010466_l.jpg,0,1045.76,37.81,1054.41,24.84,1065.04,11.13,1072.24,5.92,1079.54,1.59,1086.99,23.00,1094.51,19.24,1102.81,16.47,1110.13,15.09,1090.75,31.70,1103.21,27.94,1110.43,25.99,1116.95,22.08,1091.94,39.21,1103.21,37.43,1110.00,35.77,1112.60,26.86,1091.54,44.95,1100.64,44.35,1105.87,43.82,1112.39,43.16
ND_xUvRYPaeOa0_frame000601_l.jpg,0,990.90,647.18,974.15,651.08,953.03,655.67,941.56,658.20,930.45,658.64,958.77,688.95,950.97,704.10,945.46,716.26,940.41,725.47,974.84,695.61,973.00,714.42,972.45,725.64,972.99,732.88,990.44,695.83,992.28,709.38,993.95,722.14,995.45,731.39,1004.44,687.80,1010.45,696.89,1015.00,702.49,1017.98,707.08
ND_xUvRYPaeOa0_frame000901_l.jpg,0,999.58,626.25,987.08,621.25,979.22,620.53,973.87,623.39,968.87,629.82,971.60,648.64,966.10,654.64,962.85,659.64,960.35,666.39,979.29,665.19,973.77,677.38,968.43,688.23,964.05,698.33,994.14,672.62,990.71,687.09,989.57,699.66,989.00,712.04,1010.71,673.00,1015.09,683.47,1021.75,692.04,1026.90,700.99
ND_xUvRYPaeOa0_frame007801_r.jpg,0,970.65,446.16,945.81,449.71,914.84,470.68,894.52,482.94,880.00,490.03,929.35,490.35,923.55,516.16,925.81,537.45,931.29,551.97,951.94,492.94,949.35,518.74,949.03,536.48,954.19,551.00,969.03,496.16,969.03,522.61,971.61,538.10,975.48,548.74,979.68,496.81,980.32,518.10,984.19,536.48,986.45,546.81
ND_xUvRYPaeOa0_frame012601_l.jpg,0,947.10,596.35,910.73,564.29,876.75,536.53,850.91,515.48,845.65,510.69,822.68,579.12,784.88,580.08,760.95,572.42,750.21,556.00,844.95,582.84,811.79,557.58,808.11,534.95,809.68,514.42,866.53,577.58,850.21,563.89,838.63,538.11,842.32,517.05,886.00,573.37,892.84,554.42,901.26,532.32,913.89,509.68
ND_xVbTABl6CBQ_frame000291_r.jpg,0,397.64,626.37,314.44,587.88,228.12,552.52,215.58,483.16,248.21,462.63,280.12,396.52,265.56,341.39,251.00,307.07,240.60,278.99,340.84,385.79,317.68,355.79,289.79,383.16,296.63,421.58,394.52,414.20,358.91,390.97,340.27,413.69,339.40,447.48,433.82,443.33,399.72,416.28,379.96,439.16,385.16,462.04
ND_xrt8hjXoJD0_frame008672_r.jpg,0,1170.50,669.00,1047.82,587.32,946.72,509.64,844.81,479.25,782.31,470.50,954.12,391.28,873.98,396.22,814.80,424.57,757.31,453.00,941.69,452.38,877.94,463.00,819.81,486.75,752.31,515.50,955.44,515.50,894.81,519.25,837.94,539.88,783.56,554.88,961.69,573.62,901.10,578.69,861.65,579.92,823.43,591.02
ND_xsKDlRGubgM_frame001795_r.jpg,0,175.03,182.18,169.63,193.26,153.41,194.07,134.76,196.51,112.87,198.67,220.46,210.68,235.05,214.75,246.30,222.17,254.91,229.34,224.52,225.28,240.55,236.76,252.04,250.88,261.13,263.08,221.17,236.04,234.57,249.92,244.86,264.04,255.15,274.32,214.00,242.74,225.24,256.86,233.68,270.83,241.51,283.18
ND_y4AcnuX1yKY_frame009841_l.jpg,0,504.19,356.12,447.97,297.30,390.55,250.05,356.45,202.79,340.90,179.47,314.58,326.61,302.31,284.25,297.31,254.25,302.94,224.88,351.06,329.88,339.70,282.35,354.81,248.00,379.18,229.71,373.80,324.81,373.80,288.93,391.06,268.62,409.81,251.12,405.50,324.81,410.88,308.66,424.19,288.62,438.56,282.38
ND_y6HE3k8dChI_frame007001_l.jpg,0,359.55,198.30,330.25,203.88,313.11,222.99,308.15,252.49,300.01,266.67,326.28,237.86,319.27,262.29,311.41,275.67,304.19,282.25,339.66,247.42,329.89,271.85,319.91,275.46,310.22,273.16,350.07,251.67,340.51,269.72,333.92,271.85,325.43,271.00,357.29,253.16,348.79,266.54,341.53,265.76,334.35,264.46
ND_y6HE3k8dChI_frame010501_r.jpg,0,129.81,83.25,155.44,107.62,162.68,127.45,152.23,172.00,164.05,199.27,130.41,126.47,118.39,179.63,110.41,198.82,100.86,221.55,107.28,120.17,98.27,182.33,111.49,181.43,119.29,166.11,90.47,125.87,88.96,175.42,98.87,171.82,105.18,160.41,78.45,127.98,77.85,162.21,84.46,165.51,92.87,158.91
ND_y6HE3k8dChI_frame012001_l.jpg,0,280.74,243.73,270.17,236.62,255.95,230.38,245.18,231.90,238.45,238.01,246.59,234.54,231.51,236.62,221.29,239.91,213.83,243.55,247.63,243.21,232.90,245.11,222.85,245.81,210.67,247.71,249.54,252.57,238.87,254.27,235.59,248.04,243.79,246.07,252.14,258.63,244.93,260.34,241.98,255.09,247.23,252.47
ND_y6HE3k8dChI_frame014001_l.jpg,0,311.32,197.94,301.07,189.27,295.55,183.09,292.65,175.72,289.23,169.93,308.57,171.25,308.44,163.61,299.10,167.30,296.73,174.67,312.78,174.01,312.91,159.53,305.02,163.48,303.97,173.35,319.49,173.75,320.41,161.90,313.70,164.67,311.07,172.03,325.94,175.32,326.47,167.69,321.47,167.43,317.26,170.72
ND_y6HE3k8dChI_frame014251_l.jpg,0,324.98,181.52,315.71,176.05,307.22,164.05,303.64,157.49,302.74,150.92,317.44,152.41,314.70,147.20,309.91,150.90,309.82,158.06,325.39,150.63,325.51,141.25,318.54,147.20,316.18,157.75,334.02,152.27,335.15,144.32,327.03,148.71,322.23,157.55,341.14,156.93,343.20,152.00,336.07,150.90,330.59,154.33
ND_yDAk9E_b8As_frame001197_r.jpg,0,443.43,1046.14,389.14,836.14,466.09,667.80,557.08,538.02,583.93,442.56,717.71,679.00,756.29,487.57,747.71,423.29,703.43,387.57,809.14,744.71,824.86,571.86,713.43,503.29,619.14,469.00,877.71,791.86,904.65,693.16,863.43,616.14,749.14,510.43,926.29,824.71,933.43,750.43,889.14,690.43,846.29,653.29
ND_yGwjhewXPl4_frame000001_l.jpg,0,291.81,411.10,266.58,403.13,244.65,410.55,222.06,420.87,208.52,424.74,233.45,424.11,213.06,425.52,194.78,427.62,174.62,427.25,255.95,434.66,246.11,437.82,232.05,437.82,218.88,433.75,281.38,436.50,277.12,442.50,272.38,448.25,265.62,454.75,293.62,458.75,297.12,465.50,303.88,477.00,310.80,490.91
ND_yGwjhewXPl4_frame000301_l.jpg,0,293.45,383.46,264.42,366.04,252.49,334.43,246.68,312.49,242.81,295.72,266.76,315.04,261.76,292.09,237.35,290.04,223.53,299.74,285.00,313.56,285.58,280.04,264.11,280.04,250.29,292.68,295.78,313.02,288.82,291.51,264.41,287.98,248.23,296.80,305.00,333.27,308.82,324.45,292.35,312.39,276.57,310.52
ND_yGwjhewXPl4_frame001201_r.jpg,0,106.51,364.58,128.12,360.25,150.62,361.50,180.62,371.25,208.38,377.00,140.08,350.35,167.74,364.04,188.15,373.98,203.38,380.00,129.34,368.88,140.62,385.26,168.01,392.78,172.88,381.25,114.62,385.25,115.88,392.50,145.45,404.06,158.61,405.13,112.88,403.00,107.05,411.58,126.12,415.88,138.20,413.46
ND_yJQ0RdsCMII_frame000301_l.jpg,0,464.32,896.82,470.68,883.64,497.05,874.55,513.41,885.45,526.59,897.73,518.86,940.45,519.32,976.82,518.86,996.36,518.41,1010.00,488.41,942.27,494.77,975.91,494.32,998.18,495.68,1016.36,467.50,947.27,471.14,975.00,472.95,993.64,472.50,1006.82,446.14,948.18,447.50,975.00,447.95,990.91,449.32,1002.73
ND_yJmV0dKOT7w_frame000898_r.jpg,0,64.08,361.38,81.62,378.75,85.07,407.78,72.69,427.52,76.05,445.15,55.68,410.51,42.45,437.38,56.12,442.25,68.12,438.50,38.04,406.31,38.04,433.39,49.59,431.71,53.37,421.01,27.33,404.63,33.63,422.48,40.98,419.96,42.45,413.45,21.67,402.32,27.12,415.25,33.84,415.76,35.10,410.09
ND_yJmV0dKOT7w_frame001496_l.jpg,0,276.55,403.32,292.35,389.13,295.50,371.29,282.17,370.62,264.17,378.17,307.27,421.72,275.26,408.48,264.29,391.71,258.16,382.68,285.50,440.38,257.29,414.83,250.74,404.29,250.74,391.71,268.39,448.16,247.07,425.72,240.74,418.81,234.94,410.10,251.39,442.68,242.35,434.61,235.26,429.13,231.39,422.03
ND_yOBPdAlmeCA_frame000001_r.jpg,0,496.46,326.92,453.38,267.69,367.00,195.40,304.28,220.98,252.30,263.06,281.08,283.85,218.77,296.15,177.20,313.40,134.29,332.38,285.69,338.46,234.14,354.66,194.53,374.46,159.88,395.92,300.98,387.67,246.46,403.85,211.08,423.08,231.85,438.46,329.54,431.54,292.62,446.15,258.00,459.23,211.04,470.19
ND_yUv0yxeltHY_frame017044_r.jpg,0,681.25,629.17,697.92,572.50,731.25,525.83,777.91,472.53,802.33,423.71,826.28,513.64,848.10,456.67,834.68,410.28,821.25,366.94,800.30,497.53,785.69,459.07,741.07,472.91,726.35,494.78,781.84,492.91,774.13,466.45,745.79,475.89,733.02,494.23,770.79,490.89,764.13,474.78,749.13,478.67,739.07,495.12
ND_yUv0yxeltHY_frame031097_l.jpg,0,637.12,373.94,613.14,356.95,587.75,348.87,566.21,352.72,551.50,368.62,544.62,349.88,524.60,370.25,510.36,383.59,500.06,393.28,543.69,362.37,520.96,379.65,512.18,386.92,500.96,395.71,558.49,380.77,528.16,381.77,512.16,392.10,495.49,402.77,550.83,392.10,518.49,390.10,505.83,397.43,498.83,403.43
ND_yUv0yxeltHY_frame031695_l.jpg,0,698.65,403.02,676.13,381.33,651.73,372.79,627.24,373.55,613.54,387.25,613.93,366.17,580.55,385.38,584.00,397.51,600.71,405.22,615.02,380.96,580.87,401.44,589.09,406.88,606.06,412.47,617.24,397.62,588.35,412.44,595.02,419.10,607.61,421.70,615.76,416.14,586.50,417.62,579.09,425.77,595.39,429.10
ND_yUv0yxeltHY_frame035283_l.jpg,0,803.60,398.85,773.17,369.72,741.43,351.58,705.34,352.76,677.52,349.29,722.43,358.37,679.70,357.44,665.10,362.04,657.76,372.71,712.76,375.37,665.37,370.54,652.43,378.71,647.43,386.04,713.10,395.71,671.10,386.71,642.10,387.37,641.43,401.37,716.76,417.04,680.57,422.49,657.34,424.60,639.10,424.04
ND_yZd2KP9kyh0_frame004801_r.jpg,0,545.82,579.23,542.49,568.81,534.38,558.95,515.72,573.39,501.16,586.02,495.94,531.67,480.29,554.71,482.84,572.28,485.51,592.10,475.15,542.33,470.34,576.77,478.86,601.22,507.58,598.63,469.23,555.29,470.71,599.74,492.56,605.66,510.44,605.41,466.26,557.14,464.78,579.37,467.74,600.11,486.26,606.03
ND_yZd2KP9kyh0_frame006001_r.jpg,0,405.19,526.90,389.26,538.75,370.38,548.01,353.20,564.09,338.82,577.79,344.45,525.41,327.37,552.86,328.89,570.60,324.82,580.60,351.12,533.19,336.30,550.97,337.04,567.27,335.56,580.97,357.66,537.59,342.76,559.53,345.76,571.86,355.39,571.90,365.10,541.53,351.76,558.53,350.73,566.11,359.91,564.16
ND_yZd2KP9kyh0_frame010501_l.jpg,0,538.11,452.98,550.81,467.31,554.98,482.07,556.11,506.29,557.25,524.83,506.05,479.38,511.05,503.92,532.86,520.74,547.41,534.38,488.32,474.83,497.41,513.01,519.23,535.29,540.59,525.74,476.96,483.47,490.14,525.29,508.77,530.29,528.32,513.01,473.77,491.65,479.23,532.56,486.96,542.56,502.41,534.83
ND_ybaKqfYV7vU_frame001501_r.jpg,0,477.45,404.97,409.33,349.79,356.68,293.44,281.29,250.36,222.20,217.90,400.53,226.51,322.06,254.97,275.14,279.59,231.98,306.58,402.41,275.17,325.23,288.05,309.35,338.05,347.00,342.17,388.96,350.55,312.71,370.55,353.34,412.43,388.96,405.55,405.84,426.80,345.84,429.93,374.59,464.30,401.15,449.93
ND_yg6T30VasC4_frame000001_r.jpg,0,459.22,350.45,455.36,328.54,457.20,311.30,458.82,295.82,455.59,276.46,451.80,288.39,489.23,277.25,510.07,282.89,522.02,292.40,462.75,286.79,504.67,285.36,509.02,292.10,505.11,299.49,475.39,289.14,513.59,293.62,517.72,302.10,512.83,307.52,490.38,297.17,514.92,303.33,510.27,313.79,504.69,318.21
ND_ykYYHDmjCEk_frame000301_l.jpg,0,284.03,412.90,289.35,383.82,299.18,370.73,307.58,362.73,318.78,355.93,320.55,378.78,334.78,382.33,341.98,378.33,341.18,368.73,320.78,385.53,328.74,380.10,322.59,370.87,314.89,365.10,313.74,395.87,317.20,387.79,312.20,383.56,306.05,379.33,313.35,405.49,314.51,398.56,310.20,392.40,305.66,388.95
ND_ykuBELaEbSw_frame000301_l.jpg,0,31.88,447.28,33.87,380.45,37.18,308.34,65.63,262.02,111.28,252.76,115.00,342.71,143.90,320.00,178.57,297.33,163.55,307.01,139.40,372.00,178.57,346.67,201.90,328.67,213.24,308.67,157.90,407.33,205.90,397.33,181.90,382.00,141.71,402.29,162.57,458.67,205.24,444.67,193.24,426.67,158.57,436.67
ND_yr_hS-Qn4HY_frame000001_r.jpg,0,119.43,303.84,122.47,298.00,121.29,293.56,119.21,291.08,115.73,291.37,114.29,288.07,110.16,283.90,108.37,291.08,111.45,296.72,111.60,292.31,107.04,285.57,106.17,294.70,110.30,299.27,109.14,294.98,104.18,288.70,104.91,298.11,108.43,303.56,107.29,298.41,104.00,294.41,104.14,300.27,105.57,304.41
ND_yt3zTvnc53I_frame000293_r.jpg,0,365.35,241.85,340.60,242.40,318.57,237.99,312.97,217.59,313.77,199.99,297.29,282.51,287.29,257.75,296.34,219.17,303.48,186.32,331.10,287.75,335.40,258.59,340.06,214.80,363.01,177.75,364.07,295.86,373.61,260.86,378.47,218.03,372.36,183.58,393.16,289.95,405.88,256.77,407.18,219.11,397.85,195.78
ND_ywinZG_Amzg_frame006301_r.jpg,0,291.96,319.85,305.81,317.15,318.70,314.18,332.35,315.23,343.84,312.56,323.59,342.55,339.10,329.79,348.07,321.52,352.55,312.21,326.69,349.45,342.55,338.41,351.52,328.76,356.69,319.45,329.79,354.62,345.66,345.31,353.93,334.97,360.14,326.69,331.86,358.76,346.34,352.21,353.59,345.31,359.10,338.76
ND_yz9IWvj1YWw_frame002152_r.jpg,0,717.36,372.00,714.16,347.40,707.09,324.69,692.01,306.03,679.09,289.76,719.37,316.30,701.82,301.48,683.16,296.69,671.01,304.62,704.21,322.06,691.77,311.29,680.73,309.11,671.30,312.26,698.44,330.83,690.44,323.11,679.87,320.26,672.44,321.11,693.30,339.68,688.31,333.98,682.73,331.92,676.84,331.92
ND_yz9IWvj1YWw_frame008844_l.jpg,0,665.86,439.16,660.29,413.50,652.92,388.70,641.28,372.65,632.22,355.31,616.54,403.50,600.91,391.03,602.38,380.58,606.54,374.33,616.54,417.67,611.12,400.17,614.46,388.50,621.12,381.00,621.87,428.81,618.62,409.75,621.96,398.92,629.88,393.08,625.49,434.76,626.01,420.53,631.18,413.02,637.14,408.62
ND_yz9IWvj1YWw_frame009800_r.jpg,0,928.18,570.77,896.01,556.89,868.09,547.51,841.22,553.41,818.21,551.46,860.66,584.02,843.62,589.95,827.33,595.87,813.25,601.06,866.29,601.90,842.90,607.68,824.20,612.03,806.43,611.41,870.29,613.76,850.72,623.76,826.59,621.43,811.40,616.24,880.29,624.98,859.24,631.29,847.13,627.08,837.33,614.76
ND_z-MgSfetfpA_frame024251_r.jpg,0,595.40,756.43,547.38,684.10,547.38,614.81,551.67,581.24,534.50,536.63,659.11,563.25,611.40,523.76,570.74,527.10,538.81,531.95,700.07,614.43,614.07,580.43,571.40,579.10,517.40,590.43,670.74,641.76,602.07,619.10,549.40,625.76,509.40,635.76,635.40,664.43,584.07,659.76,540.74,668.43,504.48,681.63
ND_z2HIU2XcaY8_frame006579_r.jpg,0,467.67,-81.33,605.17,-52.62,709.47,26.68,742.06,175.52,774.08,285.50,611.58,111.33,713.82,300.46,773.57,376.51,811.59,455.82,506.58,129.67,507.39,348.27,604.09,369.99,650.75,327.17,444.50,132.17,518.25,287.17,578.25,259.67,612.78,226.59,420.06,118.83,507.42,218.00,556.58,205.50,597.42,172.17
ND_zEeONAt2qv8_frame000601_r.jpg,0,513.01,465.84,548.11,455.67,574.00,462.33,593.00,478.83,610.50,497.33,570.00,464.33,601.92,502.30,619.19,519.89,633.27,535.88,549.50,480.83,586.89,520.53,608.64,536.20,625.59,546.75,535.50,499.33,568.98,533.32,592.97,544.51,608.96,549.95,525.00,512.83,556.19,539.08,574.42,542.92,589.45,544.51
ND_zEeONAt2qv8_frame004801_r.jpg,0,392.14,601.97,418.15,588.11,436.67,574.38,450.39,570.77,456.28,555.52,425.77,610.64,435.13,631.79,444.15,651.20,454.55,672.35,416.07,630.40,424.53,658.00,445.43,670.76,462.91,680.97,410.48,637.73,425.88,669.89,437.87,674.76,450.98,678.98,403.72,640.70,416.96,667.46,433.72,668.00,446.96,664.49
ND_zEoyPl4WIeI_frame014251_l.jpg,0,867.69,659.88,905.40,652.32,914.59,620.90,895.50,598.17,861.41,573.17,909.35,707.02,864.80,701.38,828.70,652.32,792.61,611.15,878.31,741.75,814.60,701.38,762.72,634.27,725.50,586.90,833.94,749.88,784.71,716.61,740.16,658.52,712.53,616.23,790.19,752.38,757.69,722.38,743.31,691.12,735.81,663.62
ND_zEoyPl4WIeI_frame025501_r.jpg,0,547.80,558.00,568.60,553.20,598.60,534.00,606.76,567.95,597.40,589.60,578.20,520.00,585.84,560.98,590.20,589.16,592.53,620.83,547.00,524.40,559.41,572.60,567.54,614.44,577.80,620.80,526.60,536.40,538.20,588.87,548.76,607.01,555.73,615.62,509.43,567.95,521.35,592.94,535.58,613.27,546.62,616.76
ND_zMZ19xhz4co_frame006579_l.jpg,0,1118.30,331.49,1082.93,239.51,1041.66,153.43,986.23,116.87,937.89,75.60,917.84,139.28,849.45,82.68,830.58,64.99,804.64,40.22,875.39,185.27,814.07,148.71,771.62,126.31,720.91,105.08,868.31,245.40,808.18,227.72,769.26,208.85,730.35,193.52,875.39,300.83,823.50,283.14,804.64,271.35,781.05,261.91
ND_zYmfOPDTUTU_frame002101_l.jpg,0,373.78,774.92,343.22,768.12,305.86,760.29,288.36,776.74,272.16,792.42,307.95,810.44,280.26,828.73,259.62,825.86,259.62,805.22,323.10,825.33,300.38,825.33,298.81,813.58,311.87,804.17,337.47,831.08,318.40,823.50,323.46,810.29,336.69,806.00,348.11,833.86,340.87,824.29,341.39,817.50,353.67,812.01
ND_z_u5T2ZjUUs_frame009322_l.jpg,0,1363.34,537.44,1384.39,533.23,1417.02,536.92,1435.97,529.02,1429.66,492.18,1373.87,585.86,1349.66,564.81,1330.71,522.18,1314.39,485.34,1332.81,593.23,1298.08,555.86,1278.08,514.81,1262.81,471.65,1302.29,595.86,1274.39,567.44,1247.02,515.86,1237.55,475.34,1273.87,590.60,1247.55,571.65,1223.34,534.81,1216.50,503.23
ND_z_u5T2ZjUUs_frame015775_r.jpg,0,1502.51,1042.37,1453.98,939.75,1405.44,826.04,1336.11,679.05,1268.16,570.89,1526.50,641.00,1413.76,545.93,1290.34,562.57,1176.50,594.00,1428.50,677.00,1340.27,611.10,1226.55,616.65,1124.50,661.00,1388.50,700.00,1290.34,672.12,1202.50,691.00,1099.50,756.00,1350.50,735.00,1276.50,710.00,1200.50,740.00,1142.50,784.00
ND_z_vFpfShqYA_frame019201_r.jpg,0,952.00,413.45,950.41,383.99,966.81,367.19,990.01,367.59,1004.81,374.39,1009.38,378.92,1030.71,372.06,1052.55,369.52,1065.75,368.51,1018.52,398.72,1050.26,399.48,1046.50,390.53,1037.79,387.31,1016.49,416.75,1041.38,419.80,1036.82,409.89,1028.44,403.43,1013.45,430.97,1033.00,428.94,1031.66,421.82,1024.57,417.31
ND_zeFrAgI_2_o_frame000901_l.jpg,0,206.34,624.68,321.29,621.12,432.68,633.59,510.21,674.58,539.61,693.30,411.29,471.41,440.50,533.00,464.50,595.00,456.74,671.02,349.81,458.93,395.25,570.32,402.38,609.53,404.16,670.13,277.63,472.30,337.33,588.14,346.24,624.68,339.11,677.26,250.00,529.33,285.65,589.04,298.50,617.00,299.01,653.20
ND_zhJUXKmj2sk_frame000001_l.jpg,0,-37.00,565.00,52.75,529.01,100.63,482.04,172.89,435.97,226.19,406.16,56.36,351.06,125.02,309.50,171.09,285.12,223.48,255.31,109.00,381.67,157.00,373.00,198.33,364.33,247.00,362.33,123.00,423.00,173.67,417.00,209.67,415.67,243.00,423.67,115.67,452.33,152.33,437.67,193.00,440.33,215.00,456.33
ND_ziSsE9PIEQk_frame004751_l.jpg,0,1164.00,914.00,1041.57,644.11,976.42,523.95,891.01,466.04,792.56,379.17,869.29,594.89,630.41,435.63,601.50,369.00,653.50,347.00,741.89,709.26,607.25,564.48,687.50,528.00,753.50,572.00,670.95,772.96,598.56,697.68,659.37,677.41,721.62,681.75,643.50,820.00,597.50,754.00,668.50,728.00,720.50,733.00
ND_zlg0s8fM99Y_frame007201_r.jpg,0,2490.00,2361.00,2421.04,2080.94,2462.99,1922.68,2491.59,1745.36,2495.41,1600.45,2710.50,1857.00,2656.50,1729.00,2560.50,1583.00,2442.50,1498.00,2605.50,1880.00,2502.50,1743.00,2361.50,1651.00,2227.50,1549.00,2517.50,1899.00,2373.38,1791.12,2290.50,1772.00,2119.78,1711.04,2402.50,1973.00,2347.50,1919.00,2262.78,1859.76,2165.54,1810.19
ND_zq_LRaBgc24_frame003553_r.jpg,0,1132.10,124.06,1156.44,161.60,1187.80,206.99,1196.75,265.00,1237.75,301.50,1139.94,209.47,1132.51,257.74,1130.25,277.50,1123.25,261.50,1104.04,210.70,1097.86,270.12,1120.75,271.00,1119.75,244.00,1075.58,206.58,1076.40,260.21,1095.75,255.00,1103.75,239.50,1053.30,202.04,1057.01,239.17,1075.75,242.00,1092.75,233.00
ND_zq_LRaBgc24_frame006513_r.jpg,0,190.50,235.25,202.00,245.20,212.40,264.00,212.00,294.40,209.89,322.13,249.00,234.68,262.70,236.80,233.03,247.13,211.37,251.47,246.37,195.57,259.11,181.95,232.30,201.72,215.17,214.03,233.18,176.23,238.90,162.17,211.21,185.02,199.37,194.47,204.62,163.49,211.65,150.31,192.03,166.80,188.70,176.13
ND_zrkIoGMBcFg_frame001201_l.jpg,0,-136.00,513.00,-92.50,594.00,-26.50,677.00,94.44,841.18,192.36,960.27,312.77,675.78,374.97,802.81,312.50,932.00,272.50,1007.00,283.50,718.00,354.50,873.00,252.50,922.00,177.50,960.00,201.50,760.00,259.50,809.00,239.50,866.00,173.50,897.00,141.50,764.00,117.50,811.00,56.50,833.00,-7.50,862.00
ND_zvVJVN2A9d4_frame000300_r.jpg,0,-75.50,-162.00,59.50,-98.00,151.50,-34.00,195.50,84.00,198.50,189.00,179.50,-4.00,216.50,191.00,209.50,256.00,172.50,254.00,97.50,35.00,157.50,268.00,134.17,297.33,90.50,237.00,-11.50,52.00,64.50,266.00,90.50,305.00,64.50,296.00,-56.50,63.00,-29.50,237.00,9.50,271.00,-1.50,237.00
ND_zwaSsEG3GdY_frame010466_l.jpg,0,91.00,1233.00,287.00,1199.00,489.00,1101.00,559.00,989.00,621.00,881.00,351.00,685.00,493.00,527.00,651.00,397.00,745.00,377.00,199.00,651.00,315.00,417.00,515.00,353.00,615.00,377.00,145.00,691.00,287.00,581.00,419.00,485.00,549.00,459.00,105.00,753.00,255.00,697.00,413.00,647.00,561.00,623.00
ND_zwq7QfKjJD0_frame000001_r.jpg,0,637.56,459.23,637.95,464.47,638.03,470.64,638.03,476.27,638.19,482.44,629.23,475.80,629.07,480.76,629.95,484.76,633.95,489.00,628.11,475.72,627.09,482.12,628.65,486.68,632.30,490.07,630.75,476.12,630.83,481.40,632.27,484.76,634.91,487.32,632.56,476.59,633.00,479.99,634.39,483.03,637.26,484.42
ND_zwq7QfKjJD0_frame014101_l.jpg,0,808.16,590.07,815.80,572.61,818.47,560.39,805.80,570.80,784.34,559.16,829.62,573.50,835.38,576.50,840.12,578.00,844.38,580.50,831.07,586.61,836.16,601.52,838.16,611.34,839.80,624.61,823.43,613.34,822.52,623.89,815.07,633.34,805.61,645.16,812.70,615.52,811.80,625.52,805.98,633.16,799.80,640.80
ND_zwq7QfKjJD0_frame015001_r.jpg,0,403.12,593.47,441.02,591.82,473.65,600.06,490.79,624.12,512.17,642.33,443.66,623.13,454.83,651.67,470.17,673.00,481.50,696.67,428.50,646.53,452.23,681.47,473.32,705.53,487.83,719.67,420.59,668.62,444.32,695.64,472.17,710.67,502.17,722.67,414.32,681.14,434.76,701.25,449.92,712.45,466.50,721.33
