image_name,hand_idx,lm_0_x,lm_0_y,lm_1_x,lm_1_y,lm_2_x,lm_2_y,lm_3_x,lm_3_y,lm_4_x,lm_4_y,lm_5_x,lm_5_y,lm_6_x,lm_6_y,lm_7_x,lm_7_y,lm_8_x,lm_8_y,lm_9_x,lm_9_y,lm_10_x,lm_10_y,lm_11_x,lm_11_y,lm_12_x,lm_12_y,lm_13_x,lm_13_y,lm_14_x,lm_14_y,lm_15_x,lm_15_y,lm_16_x,lm_16_y,lm_17_x,lm_17_y,lm_18_x,lm_18_y,lm_19_x,lm_19_y,lm_20_x,lm_20_y
ND_0-A_ctkz_oE_frame001501_r.jpg,0,206.80,-181.58,206.88,-181.39,207.10,-181.20,207.29,-181.03,207.27,-180.88,207.45,-181.16,207.43,-180.85,207.25,-180.75,207.02,-180.73,207.55,-181.11,207.45,-180.82,207.26,-180.70,207.02,-180.65,207.47,-181.10,207.44,-180.84,207.24,-180.72,207.01,-180.67,207.36,-181.08,207.48,-180.92,207.44,-180.75,207.35,-180.64
ND_0-A_ctkz_oE_frame003601_l.jpg,0,140.85,-80.53,141.17,-80.63,141.42,-80.66,141.63,-80.56,141.85,-80.44,141.37,-80.19,141.61,-79.96,141.81,-79.84,142.05,-79.72,141.32,-79.93,141.43,-79.63,141.59,-79.43,141.82,-79.27,141.22,-79.81,141.32,-79.54,141.46,-79.32,141.68,-79.14,141.18,-79.74,141.30,-79.56,141.42,-79.39,141.58,-79.27
ND_0-XHYZEsKsc_frame006301_l.jpg,0,427.42,133.14,427.49,133.12,427.59,133.12,427.68,133.14,427.79,133.20,427.72,133.13,427.84,133.12,427.89,133.18,427.88,133.25,427.75,133.18,427.86,133.24,427.88,133.32,427.85,133.39,427.71,133.24,427.80,133.30,427.81,133.38,427.75,133.43,427.67,133.30,427.72,133.35,427.72,133.42,427.68,133.45
ND_0-XHYZEsKsc_frame006601_l.jpg,0,501.95,405.51,502.05,405.33,502.10,405.17,502.18,405.09,502.26,405.09,502.40,405.36,502.45,405.27,502.39,405.22,502.32,405.19,502.43,405.51,502.39,405.44,502.32,405.40,502.23,405.39,502.33,405.64,502.35,405.58,502.30,405.53,502.21,405.51,502.23,405.73,502.28,405.69,502.26,405.65,502.22,405.62
ND_0-XHYZEsKsc_frame007501_r.jpg,0,-91.71,448.24,-91.67,448.37,-91.67,448.47,-91.70,448.56,-91.76,448.66,-91.81,448.51,-91.83,448.62,-91.81,448.64,-91.78,448.62,-91.89,448.48,-91.93,448.58,-91.91,448.62,-91.86,448.62,-91.94,448.42,-91.99,448.51,-91.99,448.57,-91.95,448.60,-91.97,448.38,-92.03,448.42,-92.07,448.46,-92.10,448.52
ND_0-XHYZEsKsc_frame007801_l.jpg,0,101.08,470.74,101.09,470.87,101.07,470.97,101.01,471.05,100.95,471.14,100.90,470.98,100.85,471.09,100.86,471.14,100.89,471.14,100.83,470.95,100.75,471.03,100.76,471.09,100.78,471.13,100.81,470.89,100.73,470.95,100.67,471.00,100.63,471.07,100.81,470.84,100.76,470.89,100.71,470.92,100.66,470.97
ND_0-XHYZEsKsc_frame011701_r.jpg,0,-309.29,26.36,-309.25,26.17,-309.14,25.91,-309.18,25.65,-309.57,25.47,-309.83,26.28,-309.97,25.96,-309.84,25.72,-309.62,25.57,-310.11,26.33,-310.10,25.94,-309.92,25.73,-309.64,25.76,-310.22,26.30,-310.26,25.99,-310.10,25.73,-309.81,25.68,-310.27,26.22,-310.32,26.02,-310.21,25.82,-309.99,25.72
ND_0-XHYZEsKsc_frame024001_l.jpg,0,413.86,179.94,413.87,180.00,413.89,180.07,413.90,180.13,413.91,180.21,413.77,180.11,413.82,180.16,413.86,180.16,413.90,180.12,413.75,180.11,413.81,180.14,413.86,180.13,413.89,180.08,413.76,180.09,413.81,180.13,413.86,180.11,413.87,180.07,413.78,180.07,413.81,180.11,413.85,180.10,413.85,180.06
ND_00qLGPDZHlc_frame006878_r.jpg,0,178.04,-72.20,178.15,-72.11,178.26,-72.08,178.33,-72.13,178.32,-72.22,178.38,-72.20,178.49,-72.21,178.56,-72.21,178.63,-72.20,178.38,-72.29,178.48,-72.28,178.52,-72.25,178.56,-72.17,178.32,-72.34,178.42,-72.33,178.39,-72.28,178.34,-72.21,178.26,-72.37,178.33,-72.35,178.30,-72.31,178.29,-72.25
ND_012aJGlYN0U_frame004251_l.jpg,0,-243.44,-38.89,-243.86,-38.79,-244.18,-38.66,-244.47,-38.54,-244.83,-38.35,-244.36,-39.21,-244.64,-39.39,-244.84,-39.44,-245.04,-39.50,-244.25,-39.33,-244.48,-39.42,-244.64,-39.43,-244.83,-39.48,-243.99,-39.29,-244.22,-39.37,-244.38,-39.37,-244.56,-39.37,-243.78,-39.21,-243.94,-39.25,-244.05,-39.24,-244.20,-39.23
ND_02_9ZhQH-EI_frame000300_l.jpg,0,41.02,105.86,41.15,105.69,41.32,105.68,41.45,105.71,41.59,105.73,41.27,105.67,41.41,105.67,41.53,105.67,41.68,105.69,41.28,105.81,41.46,105.86,41.47,105.86,41.35,105.84,41.27,105.96,41.44,105.96,41.44,105.94,41.34,105.92,41.27,106.06,41.39,106.04,41.41,106.02,41.34,106.00
ND_07XUGC7rcdI_frame002869_l.jpg,0,682.38,391.77,682.42,391.81,682.45,391.83,682.46,391.86,682.47,391.87,682.37,391.86,682.34,391.89,682.32,391.91,682.29,391.93,682.32,391.87,682.29,391.89,682.26,391.90,682.23,391.91,682.29,391.87,682.26,391.89,682.23,391.90,682.21,391.90,682.27,391.87,682.24,391.88,682.22,391.88,682.19,391.89
ND_07XUGC7rcdI_frame005976_r.jpg,0,353.83,333.52,353.90,333.53,353.95,333.56,353.99,333.58,354.04,333.60,354.00,333.45,354.07,333.44,354.10,333.46,354.14,333.48,354.00,333.43,354.06,333.44,354.10,333.46,354.14,333.50,353.97,333.44,354.03,333.45,354.07,333.47,354.11,333.50,353.95,333.46,353.99,333.48,354.02,333.49,354.06,333.50
ND_07XUGC7rcdI_frame006693_r.jpg,0,271.87,365.71,271.95,365.74,272.01,365.78,272.05,365.81,272.10,365.83,272.07,365.74,272.12,365.79,272.15,365.83,272.17,365.88,272.05,365.75,272.11,365.79,272.14,365.84,272.17,365.89,272.00,365.76,272.06,365.79,272.10,365.83,272.14,365.87,271.96,365.78,271.99,365.82,272.01,365.85,272.04,365.88
ND_07XUGC7rcdI_frame008127_l.jpg,0,524.36,404.01,524.45,404.05,524.52,404.07,524.57,404.11,524.61,404.17,524.49,404.07,524.52,404.10,524.54,404.12,524.55,404.14,524.44,404.08,524.45,404.10,524.46,404.12,524.47,404.12,524.37,404.09,524.39,404.11,524.40,404.12,524.41,404.12,524.33,404.11,524.32,404.12,524.32,404.13,524.32,404.13
ND_07XUGC7rcdI_frame010756_l.jpg,0,380.29,-33.58,380.62,-33.64,380.91,-33.66,381.14,-33.51,381.29,-33.25,381.18,-33.36,381.29,-33.09,381.16,-33.10,381.03,-33.20,381.13,-33.15,381.07,-32.95,380.94,-33.01,380.85,-33.11,380.91,-33.00,380.88,-32.86,380.76,-32.94,380.69,-33.06,380.72,-32.89,380.66,-32.83,380.56,-32.89,380.48,-32.97
ND_07XUGC7rcdI_frame019360_l.jpg,0,450.69,338.31,450.75,338.27,450.81,338.27,450.86,338.29,450.92,338.32,450.86,338.27,450.92,338.30,450.96,338.32,451.00,338.34,450.86,338.31,450.92,338.35,450.95,338.36,450.98,338.37,450.83,338.36,450.89,338.38,450.92,338.39,450.94,338.39,450.81,338.40,450.85,338.41,450.86,338.42,450.87,338.41
ND_07XUGC7rcdI_frame028203_r.jpg,0,-261.76,-82.13,-261.65,-82.05,-261.61,-82.07,-261.84,-82.04,-262.23,-82.05,-262.14,-81.64,-262.36,-81.45,-262.51,-81.43,-262.70,-81.48,-262.43,-81.67,-262.60,-81.70,-262.61,-81.91,-262.61,-82.17,-262.57,-81.85,-262.68,-81.96,-262.68,-82.18,-262.66,-82.45,-262.65,-82.05,-262.76,-82.07,-262.75,-82.23,-262.66,-82.40
ND_07XUGC7rcdI_frame029637_r.jpg,0,391.44,345.44,391.49,345.43,391.53,345.46,391.55,345.49,391.57,345.54,391.51,345.49,391.51,345.54,391.53,345.56,391.55,345.55,391.49,345.52,391.52,345.56,391.54,345.57,391.54,345.55,391.47,345.54,391.51,345.56,391.53,345.57,391.54,345.55,391.46,345.55,391.49,345.56,391.52,345.57,391.53,345.55
ND_0CnNVmyf0qc_frame000898_r.jpg,0,453.37,349.77,453.33,349.79,453.29,349.81,453.28,349.84,453.28,349.88,453.35,349.87,453.32,349.90,453.31,349.88,453.29,349.86,453.38,349.88,453.34,349.90,453.31,349.90,453.28,349.89,453.39,349.88,453.35,349.90,453.32,349.90,453.28,349.90,453.39,349.88,453.37,349.90,453.35,349.90,453.32,349.91
ND_0CnNVmyf0qc_frame001496_r.jpg,0,615.23,116.26,615.23,116.20,615.21,116.14,615.18,116.10,615.15,116.09,615.14,116.10,615.09,116.06,615.11,116.09,615.14,116.12,615.10,116.12,615.06,116.09,615.09,116.13,615.12,116.16,615.08,116.17,615.05,116.13,615.08,116.16,615.11,116.20,615.07,116.21,615.05,116.19,615.07,116.20,615.09,116.23
ND_0CnNVmyf0qc_frame010466_l.jpg,0,898.75,152.85,898.66,152.76,898.59,152.68,898.52,152.63,898.47,152.54,898.47,152.81,898.37,152.83,898.31,152.84,898.25,152.86,898.48,152.87,898.41,152.90,898.38,152.89,898.35,152.88,898.55,152.92,898.50,152.92,898.51,152.89,898.53,152.83,898.62,152.95,898.58,152.94,898.59,152.91,898.61,152.87
ND_0CnNVmyf0qc_frame014353_l.jpg,0,-125.00,-433.49,-125.31,-433.47,-125.56,-433.41,-125.75,-433.36,-125.70,-433.36,-125.68,-433.84,-125.93,-433.76,-126.01,-433.61,-125.98,-433.41,-125.63,-433.91,-125.85,-433.79,-125.92,-433.61,-125.97,-433.40,-125.48,-433.85,-125.71,-433.80,-125.80,-433.63,-125.85,-433.43,-125.36,-433.76,-125.54,-433.78,-125.66,-433.69,-125.73,-433.55
ND_0CnNVmyf0qc_frame016745_r.jpg,0,464.99,250.56,465.02,250.51,465.01,250.44,465.00,250.39,464.98,250.30,464.98,250.53,465.00,250.54,465.01,250.54,465.01,250.54,464.97,250.59,464.96,250.60,464.96,250.60,464.93,250.59,464.98,250.64,464.95,250.64,464.92,250.65,464.89,250.65,464.99,250.68,464.96,250.69,464.93,250.70,464.90,250.71
ND_0CvgG8zJwSc_frame000301_l.jpg,0,-524.13,193.64,-524.19,193.39,-524.33,193.13,-524.55,192.78,-524.88,192.28,-523.96,192.31,-523.83,191.76,-524.18,191.65,-524.48,191.94,-524.03,192.08,-524.28,191.59,-524.65,191.46,-525.04,191.50,-524.23,192.17,-524.42,191.71,-524.75,191.46,-525.10,191.31,-524.44,192.29,-524.51,191.94,-524.69,191.67,-524.93,191.45
ND_0O9qhuAfe44_frame004751_r.jpg,0,-33.66,-167.56,-33.80,-167.36,-33.94,-167.26,-34.03,-167.43,-34.05,-167.78,-34.56,-167.45,-34.52,-167.50,-34.29,-167.51,-34.02,-167.46,-34.68,-167.72,-34.63,-167.77,-34.37,-167.71,-34.10,-167.64,-34.56,-167.98,-34.63,-168.07,-34.38,-168.02,-34.10,-167.94,-34.40,-168.19,-34.57,-168.31,-34.42,-168.25,-34.23,-168.13
ND_0REJGoRM1Mw_frame003888_r.jpg,0,359.26,231.93,359.55,231.68,359.87,231.57,360.16,231.57,360.54,231.54,360.19,231.94,360.49,231.90,360.53,231.77,360.57,231.62,360.26,232.15,360.44,231.96,360.42,231.79,360.40,231.59,360.14,232.25,360.32,232.03,360.32,231.83,360.29,231.60,360.03,232.29,360.16,232.11,360.20,231.92,360.20,231.70
ND_0WQSn-PUZtY_frame005682_r.jpg,0,222.09,226.06,222.00,226.13,221.83,226.14,221.66,226.18,221.45,226.27,221.61,226.03,221.41,226.11,221.30,226.20,221.17,226.30,221.52,226.01,221.35,226.13,221.24,226.23,221.12,226.34,221.54,226.04,221.39,226.12,221.27,226.22,221.16,226.34,221.57,226.09,221.45,226.13,221.35,226.19,221.25,226.27
ND_0WQSn-PUZtY_frame009270_r.jpg,0,158.37,169.91,158.22,170.12,158.03,170.18,157.86,170.21,157.66,170.29,158.03,169.95,157.77,169.98,157.59,170.04,157.38,170.11,157.99,169.74,157.72,169.77,157.53,169.84,157.32,169.93,157.97,169.58,157.78,169.52,157.57,169.51,157.36,169.55,157.94,169.49,157.79,169.46,157.64,169.45,157.47,169.48
ND_0ajS_Ji-eUY_frame016751_r.jpg,0,204.88,55.29,204.84,55.31,204.81,55.34,204.78,55.36,204.73,55.41,204.72,55.27,204.66,55.26,204.62,55.27,204.58,55.30,204.70,55.27,204.64,55.27,204.61,55.29,204.58,55.32,204.72,55.29,204.67,55.30,204.63,55.33,204.62,55.36,204.74,55.31,204.72,55.34,204.71,55.37,204.71,55.40
ND_0ajS_Ji-eUY_frame022001_r.jpg,0,192.85,26.30,192.84,26.27,192.82,26.25,192.80,26.24,192.78,26.22,192.79,26.25,192.77,26.24,192.75,26.23,192.73,26.22,192.78,26.27,192.76,26.26,192.76,26.26,192.77,26.26,192.78,26.29,192.76,26.28,192.76,26.28,192.77,26.28,192.78,26.31,192.77,26.30,192.77,26.30,192.78,26.30
ND_0hf8Dcl5Ex0_frame000301_r.jpg,0,-103.33,187.27,-103.38,187.17,-103.47,187.08,-103.57,187.03,-103.71,186.96,-103.44,186.91,-103.57,186.85,-103.66,186.87,-103.75,186.91,-103.48,186.90,-103.60,186.83,-103.70,186.85,-103.79,186.88,-103.51,186.97,-103.62,186.94,-103.71,186.96,-103.80,186.98,-103.54,187.04,-103.61,187.04,-103.67,187.05,-103.76,187.04
ND_0kQJXG_ISc4_frame002001_l.jpg,0,-410.61,-339.09,-410.93,-339.20,-411.41,-339.26,-411.85,-339.31,-412.45,-339.49,-410.57,-340.08,-410.53,-340.65,-410.75,-340.99,-411.12,-341.28,-410.39,-340.43,-410.38,-341.00,-410.71,-341.26,-411.16,-341.39,-410.38,-340.52,-410.45,-341.01,-410.79,-341.30,-411.22,-341.43,-410.45,-340.56,-410.59,-340.89,-410.85,-341.11,-411.18,-341.17
ND_0kxPUGKUbIQ_frame003251_r.jpg,0,317.22,-280.23,317.38,-280.76,317.78,-280.95,318.14,-281.05,318.62,-281.01,317.89,-281.10,318.06,-281.30,318.37,-281.37,318.57,-281.34,318.10,-280.83,318.55,-280.94,318.78,-280.92,318.79,-280.84,318.17,-280.47,318.57,-280.61,318.83,-280.64,318.79,-280.62,318.23,-280.20,318.53,-280.29,318.77,-280.35,318.98,-280.45
ND_0kxPUGKUbIQ_frame006501_r.jpg,0,201.04,-534.45,201.46,-534.29,201.83,-534.45,202.12,-534.64,202.53,-534.84,201.90,-534.88,202.30,-535.10,202.49,-535.02,202.63,-534.83,201.87,-535.21,202.30,-535.33,202.50,-535.21,202.67,-534.99,201.75,-535.36,202.11,-535.51,202.38,-535.40,202.56,-535.14,201.68,-535.41,201.90,-535.60,202.16,-535.57,202.34,-535.38
ND_0lhArpF5Vsc_frame005383_l.jpg,0,32.32,585.19,32.39,585.26,32.43,585.34,32.43,585.41,32.43,585.50,32.32,585.40,32.32,585.49,32.35,585.49,32.36,585.46,32.26,585.42,32.27,585.50,32.30,585.48,32.32,585.46,32.22,585.40,32.24,585.48,32.28,585.47,32.28,585.45,32.20,585.38,32.23,585.44,32.25,585.44,32.26,585.43
ND_0qcs_fgPj3g_frame028751_r.jpg,0,541.72,123.76,541.83,123.72,541.99,123.63,542.13,123.54,542.36,123.45,541.94,123.30,542.16,123.25,542.22,123.39,542.19,123.56,541.99,123.20,542.14,123.36,542.17,123.51,542.17,123.69,542.01,123.24,542.16,123.33,542.22,123.49,542.16,123.64,542.05,123.31,542.15,123.29,542.20,123.40,542.19,123.51
ND_12_KRcVpDJE_frame000001_r.jpg,0,71.96,356.73,71.93,356.80,71.96,356.85,72.00,356.90,72.03,356.97,72.03,356.85,72.06,356.91,72.06,356.95,72.03,356.98,72.08,356.85,72.09,356.91,72.08,356.95,72.04,356.99,72.10,356.83,72.10,356.89,72.09,356.94,72.05,356.97,72.11,356.82,72.11,356.87,72.11,356.91,72.08,356.94
ND_1JthTZfRWvo_frame000001_r.jpg,0,-49.26,25.42,-49.24,25.59,-49.23,25.72,-49.17,25.81,-49.06,25.86,-48.98,25.70,-48.88,25.79,-48.87,25.83,-48.88,25.87,-48.91,25.62,-48.80,25.70,-48.82,25.75,-48.91,25.77,-48.91,25.52,-48.81,25.59,-48.80,25.64,-48.87,25.68,-48.93,25.44,-48.85,25.44,-48.82,25.46,-48.82,25.50
ND_1JthTZfRWvo_frame000300_l.jpg,0,185.80,296.43,185.74,296.44,185.68,296.44,185.64,296.44,185.61,296.42,185.71,296.56,185.68,296.62,185.68,296.62,185.69,296.60,185.76,296.59,185.76,296.64,185.77,296.63,185.77,296.59,185.82,296.58,185.83,296.62,185.85,296.60,185.85,296.57,185.87,296.56,185.89,296.58,185.92,296.57,185.92,296.55
ND_1UHBwkyWu8w_frame001501_r.jpg,0,146.61,-500.10,147.04,-499.87,147.63,-499.75,148.16,-499.73,148.86,-499.85,147.69,-500.76,147.90,-501.18,148.33,-501.23,148.73,-500.98,147.82,-501.16,148.40,-501.01,148.50,-500.66,148.41,-500.18,147.80,-501.27,148.29,-500.96,148.49,-500.57,148.53,-500.08,147.80,-501.25,148.15,-501.01,148.30,-500.67,148.31,-500.27
ND_1UHBwkyWu8w_frame007801_l.jpg,0,-518.43,-330.93,-518.96,-331.74,-519.65,-332.12,-520.34,-332.05,-521.16,-331.77,-519.50,-332.62,-520.27,-332.67,-520.83,-332.59,-521.45,-332.44,-519.58,-332.25,-520.36,-332.13,-520.91,-331.99,-521.45,-331.90,-519.57,-331.59,-520.28,-331.69,-520.87,-331.60,-521.36,-331.60,-519.61,-331.05,-520.09,-331.27,-520.54,-331.37,-521.03,-331.52
ND_1ZIcsG-9PkQ_frame000601_l.jpg,0,-331.31,1.60,-331.38,1.16,-331.42,0.80,-331.56,0.52,-331.85,0.22,-331.74,0.83,-332.02,0.58,-332.22,0.46,-332.43,0.37,-331.92,1.02,-332.23,0.82,-332.43,0.72,-332.63,0.61,-332.03,1.31,-332.33,1.19,-332.55,1.17,-332.71,1.13,-332.10,1.52,-332.33,1.43,-332.48,1.39,-332.55,1.33
ND_1d7Bzrqr5TI_frame011251_l.jpg,0,-256.92,-218.73,-257.14,-219.18,-257.53,-219.52,-257.92,-219.76,-258.41,-220.09,-257.20,-220.22,-257.68,-220.50,-258.05,-220.47,-258.45,-220.35,-257.26,-220.23,-257.77,-220.36,-258.13,-220.27,-258.39,-220.07,-257.35,-219.93,-257.79,-219.99,-258.05,-219.77,-258.02,-219.59,-257.46,-219.64,-257.75,-219.74,-257.91,-219.62,-257.81,-219.48
ND_1dxACounNRE_frame017044_r.jpg,0,-263.92,189.17,-263.71,189.06,-263.57,188.79,-263.64,188.43,-264.02,188.09,-263.32,188.15,-263.32,187.97,-263.57,188.20,-263.81,188.50,-263.48,187.87,-263.73,187.86,-263.84,188.20,-263.90,188.58,-263.81,187.86,-263.94,187.90,-264.03,188.26,-264.01,188.58,-264.10,187.91,-264.13,187.87,-264.14,188.16,-264.10,188.37
ND_1dxACounNRE_frame023024_r.jpg,0,500.85,-294.44,500.80,-294.31,500.69,-294.22,500.55,-294.19,500.41,-294.27,500.54,-294.40,500.40,-294.29,500.38,-294.23,500.40,-294.15,500.45,-294.48,500.34,-294.36,500.36,-294.28,500.45,-294.19,500.44,-294.52,500.34,-294.41,500.34,-294.30,500.43,-294.21,500.43,-294.53,500.37,-294.45,500.37,-294.35,500.44,-294.27
ND_1dxACounNRE_frame029303_l.jpg,0,781.01,-353.25,780.94,-353.49,780.95,-353.65,781.07,-353.68,781.33,-353.70,781.04,-353.48,781.21,-353.65,781.26,-353.72,781.25,-353.78,781.20,-353.36,781.35,-353.56,781.34,-353.60,781.24,-353.60,781.35,-353.26,781.44,-353.47,781.42,-353.52,781.30,-353.49,781.46,-353.22,781.52,-353.37,781.49,-353.42,781.39,-353.38
ND_1fAq474jxLA_frame006454_l.jpg,0,977.89,534.12,977.99,534.25,978.00,534.36,977.95,534.45,977.91,534.53,977.98,534.37,977.93,534.51,977.91,534.61,977.89,534.72,977.87,534.35,977.84,534.49,977.82,534.60,977.79,534.72,977.77,534.31,977.74,534.44,977.72,534.55,977.68,534.67,977.69,534.29,977.67,534.36,977.65,534.44,977.64,534.52
ND_1fAq474jxLA_frame006693_r.jpg,0,692.59,722.24,692.58,722.15,692.47,722.08,692.38,722.03,692.27,722.00,692.41,721.95,692.42,721.81,692.37,721.74,692.31,721.71,692.33,721.97,692.21,721.91,692.13,721.89,692.03,721.86,692.29,722.05,692.21,722.03,692.13,722.03,692.04,722.00,692.27,722.14,692.21,722.12,692.15,722.11,692.08,722.08
ND_1fAq474jxLA_frame006932_l.jpg,0,1266.16,206.69,1266.18,206.54,1266.13,206.43,1266.09,206.34,1266.10,206.22,1265.99,206.34,1265.89,206.25,1265.90,206.26,1265.97,206.31,1265.90,206.38,1265.81,206.33,1265.84,206.35,1265.92,206.38,1265.85,206.48,1265.77,206.41,1265.77,206.41,1265.82,206.43,1265.83,206.57,1265.77,206.50,1265.74,206.46,1265.76,206.44
ND_1fAq474jxLA_frame010278_l.jpg,0,1039.51,635.86,1039.28,635.73,1039.08,635.62,1038.91,635.52,1038.80,635.29,1038.97,635.48,1038.77,635.37,1038.64,635.28,1038.49,635.18,1039.06,635.41,1038.90,635.27,1038.78,635.16,1038.63,635.04,1039.25,635.40,1039.13,635.23,1039.04,635.06,1038.93,634.91,1039.42,635.38,1039.38,635.27,1039.36,635.14,1039.30,635.02
ND_1fN9ZTh7-t8_frame001501_l.jpg,0,-499.98,-208.29,-500.22,-208.72,-500.54,-209.11,-500.85,-209.46,-501.25,-209.95,-500.15,-209.84,-500.42,-210.34,-500.76,-210.52,-501.20,-210.57,-500.15,-209.93,-500.51,-210.33,-500.90,-210.44,-501.32,-210.43,-500.23,-209.67,-500.57,-210.03,-500.99,-210.15,-501.38,-210.16,-500.35,-209.41,-500.59,-209.69,-500.87,-209.84,-501.17,-209.90
ND_1h1SQNAtwTE_frame001501_l.jpg,0,-512.38,-353.77,-512.59,-354.40,-512.91,-354.95,-513.37,-355.31,-514.08,-355.60,-512.77,-355.68,-513.30,-356.16,-513.76,-356.21,-514.29,-356.08,-512.93,-355.65,-513.56,-355.91,-513.98,-355.73,-514.19,-355.39,-513.10,-355.22,-513.65,-355.47,-514.02,-355.26,-514.11,-354.95,-513.29,-354.84,-513.67,-355.02,-513.90,-354.90,-513.88,-354.68
ND_1jZJW8Rdl8I_frame000251_l.jpg,0,375.42,-326.18,376.14,-325.99,376.77,-325.98,377.06,-325.50,376.99,-324.94,376.91,-324.88,376.82,-324.25,376.60,-324.31,376.42,-324.59,376.60,-324.50,376.28,-324.09,376.09,-324.29,375.99,-324.59,376.02,-324.43,375.89,-324.11,375.74,-324.35,375.64,-324.66,375.55,-324.42,375.52,-324.18,375.39,-324.38,375.29,-324.65
ND_1kD4M3B9t68_frame000301_l.jpg,0,-119.42,235.95,-119.36,235.85,-119.28,235.79,-119.19,235.78,-119.08,235.76,-119.18,235.86,-119.07,235.85,-119.00,235.84,-118.91,235.84,-119.13,235.92,-119.03,235.92,-118.96,235.91,-118.88,235.89,-119.15,235.98,-119.06,235.95,-118.98,235.94,-118.91,235.92,-119.16,236.02,-119.12,235.97,-119.07,235.94,-119.02,235.90
ND_1lre1rD0fZE_frame001801_l.jpg,0,731.96,144.51,731.98,144.49,731.99,144.46,731.99,144.44,731.98,144.42,731.98,144.47,731.97,144.44,731.96,144.43,731.96,144.41,731.96,144.47,731.95,144.45,731.94,144.43,731.94,144.42,731.93,144.48,731.93,144.46,731.92,144.44,731.92,144.42,731.92,144.48,731.91,144.47,731.90,144.45,731.90,144.43
ND_1lre1rD0fZE_frame004801_l.jpg,0,726.46,-236.18,726.79,-235.88,726.91,-235.59,726.90,-235.31,727.00,-235.01,726.82,-235.52,726.89,-235.13,726.96,-234.90,727.02,-234.77,726.54,-235.49,726.56,-235.11,726.64,-234.85,726.77,-234.63,726.24,-235.54,726.21,-235.23,726.30,-234.99,726.44,-234.98,726.03,-235.57,726.05,-235.33,726.16,-235.19,726.27,-235.23
ND_1lre1rD0fZE_frame016501_r.jpg,0,444.79,181.19,444.82,181.13,444.82,181.09,444.82,181.06,444.82,181.00,444.75,181.09,444.74,181.08,444.76,181.08,444.81,181.08,444.72,181.12,444.76,181.13,444.80,181.14,444.85,181.14,444.72,181.18,444.76,181.18,444.81,181.20,444.85,181.20,444.72,181.22,444.76,181.22,444.79,181.23,444.82,181.24
ND_1n988ZbdIwc_frame008373_r.jpg,0,539.69,-175.54,539.57,-176.05,539.62,-176.49,539.87,-176.78,540.23,-176.89,540.11,-176.88,540.30,-177.11,540.28,-176.95,540.22,-176.74,540.47,-176.78,540.68,-177.09,540.61,-176.93,540.44,-176.70,540.69,-176.43,541.04,-176.69,541.25,-176.79,541.32,-176.88,540.82,-176.12,540.84,-176.16,540.69,-176.05,540.48,-175.93
ND_1y30oBpiYK4_frame000751_l.jpg,0,848.50,278.20,848.46,278.10,848.43,278.02,848.39,277.95,848.35,277.86,848.33,278.10,848.27,278.09,848.26,278.07,848.27,278.05,848.33,278.17,848.29,278.18,848.30,278.17,848.33,278.15,848.38,278.23,848.36,278.23,848.39,278.21,848.42,278.19,848.43,278.27,848.45,278.27,848.49,278.26,848.53,278.24
ND_1y30oBpiYK4_frame002501_l.jpg,0,496.78,467.49,496.87,467.49,496.94,467.50,496.98,467.52,497.03,467.55,496.88,467.52,496.88,467.57,496.88,467.62,496.89,467.69,496.83,467.55,496.84,467.63,496.86,467.69,496.88,467.72,496.78,467.59,496.80,467.66,496.82,467.69,496.84,467.69,496.74,467.61,496.76,467.67,496.78,467.70,496.80,467.71
ND_1y30oBpiYK4_frame002751_l.jpg,0,602.27,418.06,602.25,418.02,602.22,417.99,602.18,417.97,602.14,417.95,602.15,418.10,602.12,418.14,602.14,418.17,602.17,418.19,602.15,418.17,602.13,418.22,602.17,418.25,602.21,418.27,602.18,418.21,602.18,418.26,602.21,418.29,602.26,418.31,602.22,418.24,602.24,418.28,602.27,418.30,602.31,418.31
ND_1y30oBpiYK4_frame013251_r.jpg,0,821.23,342.56,821.17,342.59,821.09,342.60,821.03,342.62,820.96,342.65,821.01,342.53,820.94,342.56,820.92,342.61,820.95,342.67,821.00,342.52,820.93,342.55,820.92,342.60,820.94,342.66,821.03,342.53,820.97,342.56,820.97,342.62,820.99,342.67,821.06,342.55,821.02,342.57,821.01,342.62,821.04,342.64
ND_1y30oBpiYK4_frame013501_l.jpg,0,-385.03,-436.13,-385.39,-436.32,-385.79,-436.47,-386.20,-436.40,-386.68,-436.16,-386.26,-436.75,-386.71,-436.53,-386.93,-436.28,-387.14,-435.95,-386.39,-436.62,-386.71,-436.29,-386.87,-436.00,-387.01,-435.76,-386.27,-436.31,-386.62,-436.13,-386.75,-435.84,-386.78,-435.68,-386.16,-436.02,-386.44,-435.99,-386.56,-435.84,-386.53,-435.75
ND_22notxXFw4M_frame007801_r.jpg,0,628.24,46.43,628.34,46.49,628.41,46.63,628.51,46.74,628.61,46.87,628.67,46.55,628.73,46.72,628.71,46.83,628.65,46.95,628.72,46.59,628.77,46.75,628.73,46.86,628.66,46.96,628.65,46.63,628.71,46.75,628.70,46.87,628.65,46.97,628.58,46.68,628.64,46.74,628.66,46.82,628.68,46.91
ND_29hHg2US7j8_frame001496_l.jpg,0,566.49,493.65,566.47,493.63,566.46,493.61,566.46,493.59,566.46,493.58,566.49,493.60,566.48,493.58,566.47,493.58,566.45,493.58,566.51,493.60,566.49,493.59,566.48,493.60,566.47,493.60,566.51,493.62,566.50,493.61,566.49,493.62,566.48,493.62,566.51,493.64,566.51,493.63,566.50,493.63,566.49,493.63
ND_29hHg2US7j8_frame011961_l.jpg,0,625.11,365.01,625.15,365.04,625.18,365.08,625.17,365.11,625.16,365.14,625.18,365.11,625.17,365.15,625.15,365.17,625.14,365.19,625.15,365.12,625.13,365.16,625.12,365.18,625.10,365.19,625.11,365.11,625.10,365.15,625.09,365.17,625.08,365.18,625.09,365.11,625.08,365.13,625.07,365.16,625.06,365.17
ND_2AsZewJTyjQ_frame007441_r.jpg,0,1394.64,1309.24,1394.90,1309.62,1394.87,1309.96,1394.70,1310.19,1394.63,1310.55,1394.59,1310.19,1394.43,1310.56,1394.37,1310.70,1394.34,1310.73,1394.29,1310.20,1394.19,1310.56,1394.14,1310.76,1394.07,1310.91,1394.07,1310.05,1393.97,1310.39,1393.91,1310.64,1393.86,1310.80,1393.94,1309.94,1393.82,1310.16,1393.74,1310.36,1393.73,1310.54
ND_2DxDyTzNZ7Y_frame000481_l.jpg,0,489.85,40.08,489.85,40.05,489.90,40.02,489.94,39.97,489.94,39.90,489.73,39.95,489.72,39.87,489.75,39.83,489.80,39.79,489.71,39.92,489.72,39.84,489.76,39.80,489.82,39.78,489.73,39.90,489.75,39.84,489.80,39.80,489.85,39.78,489.76,39.89,489.81,39.88,489.85,39.88,489.91,39.90
ND_2Eqb379XW1o_frame000300_l.jpg,0,-167.12,21.67,-166.87,21.26,-166.66,20.91,-166.41,20.66,-166.18,20.48,-166.01,21.22,-165.65,20.97,-165.54,20.72,-165.52,20.45,-165.90,21.40,-165.62,21.11,-165.63,20.83,-165.80,20.57,-166.05,21.55,-165.85,21.24,-165.92,20.94,-166.19,20.76,-166.22,21.63,-166.12,21.38,-166.21,21.16,-166.41,21.00
ND_2KfrcHAWz0U_frame002101_r.jpg,0,-157.43,-214.09,-157.64,-214.38,-157.78,-214.61,-157.70,-214.86,-157.47,-215.05,-157.53,-214.98,-157.44,-215.27,-157.41,-215.27,-157.41,-215.19,-157.29,-215.01,-157.20,-215.21,-157.21,-215.08,-157.28,-214.90,-157.07,-214.86,-157.02,-215.04,-157.04,-214.93,-157.14,-214.75,-156.92,-214.72,-156.86,-214.85,-156.88,-214.79,-156.97,-214.68
ND_2LCTdBkLn3o_frame008373_l.jpg,0,1065.12,-246.39,1065.30,-246.21,1065.44,-246.05,1065.55,-245.89,1065.72,-245.71,1065.16,-245.81,1065.17,-245.60,1065.28,-245.57,1065.37,-245.68,1065.00,-245.77,1065.12,-245.67,1065.23,-245.72,1065.32,-245.84,1064.89,-245.84,1065.05,-245.77,1065.17,-245.84,1065.25,-245.97,1064.84,-245.90,1064.96,-245.85,1065.07,-245.89,1065.14,-245.98
ND_2LCTdBkLn3o_frame016446_l.jpg,0,705.10,-4.29,705.34,-4.42,705.56,-4.46,705.73,-4.54,705.94,-4.57,705.52,-4.77,705.73,-4.80,705.86,-4.72,706.03,-4.64,705.48,-4.75,705.69,-4.73,705.82,-4.63,705.97,-4.51,705.39,-4.61,705.59,-4.63,705.75,-4.54,705.90,-4.43,705.34,-4.47,705.49,-4.42,705.61,-4.35,705.77,-4.27
ND_2LCTdBkLn3o_frame026313_l.jpg,0,834.01,242.58,834.27,242.68,834.47,242.71,834.62,242.79,834.78,242.90,834.50,242.77,834.55,243.01,834.51,243.13,834.44,243.20,834.39,242.82,834.42,243.05,834.42,243.21,834.39,243.36,834.20,242.86,834.30,243.04,834.33,243.21,834.31,243.35,834.05,242.91,834.15,242.98,834.22,243.10,834.27,243.23
ND_2LCTdBkLn3o_frame031695_r.jpg,0,782.35,496.42,782.30,496.34,782.23,496.32,782.17,496.33,782.10,496.38,782.12,496.33,782.06,496.35,782.08,496.37,782.13,496.38,782.10,496.40,782.07,496.41,782.11,496.43,782.18,496.41,782.13,496.46,782.08,496.45,782.11,496.46,782.17,496.44,782.16,496.51,782.12,496.51,782.11,496.52,782.12,496.51
ND_2WLrDcbQXyo_frame015601_r.jpg,0,-32.88,-484.56,-31.97,-485.44,-31.30,-486.22,-30.89,-486.98,-30.81,-488.05,-32.61,-487.49,-32.09,-488.46,-31.45,-488.76,-30.72,-489.11,-33.32,-487.73,-32.88,-488.67,-32.26,-488.21,-31.84,-487.46,-33.80,-487.38,-33.31,-488.24,-32.53,-487.96,-31.95,-487.33,-34.03,-487.05,-33.59,-487.63,-32.95,-487.75,-32.21,-487.71
ND_2Yg-G5Ar-z4_frame002751_l.jpg,0,495.44,227.34,495.45,227.41,495.51,227.51,495.56,227.60,495.63,227.72,495.39,227.65,495.48,227.74,495.56,227.77,495.65,227.80,495.40,227.70,495.51,227.74,495.60,227.73,495.67,227.67,495.44,227.67,495.54,227.67,495.60,227.60,495.61,227.51,495.49,227.64,495.55,227.62,495.58,227.56,495.59,227.49
ND_2Yg-G5Ar-z4_frame003501_r.jpg,0,17.62,-212.48,17.45,-212.47,17.27,-212.49,17.11,-212.50,16.90,-212.50,17.13,-212.26,16.95,-212.26,16.83,-212.31,16.70,-212.38,17.10,-212.25,16.91,-212.26,16.78,-212.31,16.64,-212.38,17.15,-212.32,16.99,-212.32,16.85,-212.35,16.73,-212.41,17.20,-212.40,17.09,-212.40,16.98,-212.39,16.84,-212.37
ND_2Yg-G5Ar-z4_frame007751_r.jpg,0,305.44,488.54,305.36,488.60,305.31,488.66,305.27,488.72,305.20,488.78,305.40,488.77,305.41,488.85,305.41,488.90,305.42,488.96,305.46,488.78,305.48,488.86,305.49,488.92,305.51,488.98,305.51,488.75,305.52,488.82,305.54,488.88,305.56,488.94,305.53,488.71,305.55,488.77,305.57,488.81,305.59,488.86
ND_2jZlt_JB0CQ_frame000957_r.jpg,0,329.16,390.23,329.14,390.24,329.15,390.23,329.17,390.22,329.22,390.20,329.08,390.16,329.12,390.16,329.14,390.17,329.18,390.19,329.09,390.12,329.13,390.13,329.16,390.14,329.19,390.16,329.12,390.11,329.14,390.11,329.18,390.12,329.20,390.16,329.15,390.11,329.17,390.10,329.20,390.11,329.22,390.13
ND_2jZlt_JB0CQ_frame001196_l.jpg,0,245.40,437.38,245.50,437.22,245.54,437.10,245.56,436.99,245.56,436.89,245.42,437.05,245.41,436.97,245.46,436.95,245.54,436.96,245.37,437.12,245.45,437.11,245.55,437.12,245.67,437.13,245.35,437.25,245.46,437.25,245.57,437.29,245.69,437.32,245.36,437.36,245.45,437.37,245.54,437.41,245.64,437.45
ND_2kbVNHTDXlw_frame001321_l.jpg,0,-449.14,-320.27,-449.32,-320.91,-449.24,-321.54,-449.42,-322.09,-449.88,-322.57,-449.22,-322.22,-449.88,-322.46,-450.36,-322.48,-450.91,-322.48,-449.31,-322.22,-449.97,-322.37,-450.47,-322.41,-451.02,-322.46,-449.50,-321.83,-450.00,-322.19,-450.52,-322.23,-450.97,-322.23,-449.71,-321.48,-450.01,-321.82,-450.35,-321.92,-450.64,-321.92
ND_2ue7tmgxWCE_frame000301_r.jpg,0,502.99,188.85,502.97,188.80,502.93,188.77,502.90,188.75,502.85,188.73,502.89,188.76,502.84,188.74,502.81,188.74,502.78,188.74,502.87,188.79,502.83,188.78,502.80,188.79,502.76,188.78,502.87,188.83,502.83,188.82,502.80,188.82,502.78,188.81,502.87,188.86,502.84,188.85,502.82,188.86,502.79,188.85
ND_2ue7tmgxWCE_frame003001_l.jpg,0,784.29,172.63,784.41,172.75,784.51,172.83,784.57,172.92,784.67,172.99,784.33,172.95,784.32,173.08,784.31,173.18,784.30,173.30,784.21,172.97,784.15,173.11,784.12,173.22,784.09,173.34,784.12,172.95,784.07,173.07,784.03,173.18,784.01,173.30,784.06,172.93,784.01,173.01,783.96,173.09,783.92,173.18
ND_2ue7tmgxWCE_frame011401_l.jpg,0,824.70,-147.72,824.68,-147.55,824.63,-147.46,824.53,-147.39,824.41,-147.32,824.37,-147.49,824.20,-147.44,824.08,-147.40,823.95,-147.37,824.27,-147.53,824.11,-147.49,823.99,-147.45,823.86,-147.39,824.27,-147.59,824.13,-147.54,824.01,-147.49,823.89,-147.42,824.29,-147.62,824.18,-147.59,824.08,-147.55,824.01,-147.50
ND_2ue7tmgxWCE_frame021001_l.jpg,0,567.31,227.81,567.37,227.66,567.47,227.51,567.62,227.47,567.79,227.56,567.63,227.38,567.81,227.45,567.91,227.53,568.00,227.62,567.72,227.42,567.88,227.51,567.96,227.62,568.03,227.73,567.75,227.56,567.90,227.63,567.96,227.75,568.01,227.85,567.77,227.68,567.87,227.75,567.92,227.84,567.95,227.92
ND_2ue7tmgxWCE_frame021901_r.jpg,0,616.08,132.69,616.18,132.41,616.20,132.17,616.27,131.99,616.34,131.90,616.67,132.31,616.67,132.10,616.52,132.05,616.33,132.09,616.75,132.44,616.64,132.25,616.50,132.17,616.31,132.14,616.68,132.58,616.63,132.39,616.47,132.32,616.27,132.30,616.59,132.68,616.58,132.53,616.46,132.46,616.32,132.44
ND_2ue7tmgxWCE_frame033301_l.jpg,0,128.76,-218.83,128.51,-218.84,128.29,-218.79,128.11,-218.74,127.87,-218.70,128.13,-218.98,127.93,-218.90,127.90,-218.75,127.93,-218.61,128.16,-218.93,128.00,-218.76,127.93,-218.61,127.85,-218.45,128.29,-218.81,128.11,-218.71,128.02,-218.57,127.98,-218.45,128.40,-218.70,128.26,-218.64,128.17,-218.56,128.09,-218.49
ND_2ue7tmgxWCE_frame034201_r.jpg,0,-95.24,-202.60,-95.25,-202.97,-95.27,-203.27,-95.30,-203.53,-95.29,-203.87,-95.82,-203.27,-96.05,-203.46,-96.19,-203.60,-96.39,-203.74,-96.00,-203.11,-96.26,-203.24,-96.44,-203.34,-96.66,-203.47,-96.00,-202.86,-96.26,-202.99,-96.47,-203.08,-96.68,-203.20,-95.97,-202.67,-96.17,-202.72,-96.35,-202.74,-96.57,-202.76
ND_2yb2rtwlm9U_frame000301_r.jpg,0,-59.43,260.25,-59.32,260.45,-59.29,260.63,-59.23,260.69,-59.13,260.60,-59.28,260.49,-59.10,260.49,-58.97,260.46,-58.85,260.41,-59.27,260.35,-59.08,260.34,-58.94,260.32,-58.82,260.32,-59.26,260.19,-59.11,260.22,-58.95,260.21,-58.85,260.23,-59.23,260.07,-59.14,260.06,-59.03,260.07,-58.92,260.12
ND_3-p6y8WAXWY_frame019801_r.jpg,0,583.06,347.54,583.11,347.53,583.16,347.54,583.19,347.56,583.21,347.60,583.20,347.53,583.24,347.57,583.26,347.60,583.27,347.63,583.20,347.56,583.23,347.60,583.24,347.63,583.26,347.66,583.17,347.58,583.20,347.62,583.22,347.65,583.24,347.68,583.15,347.61,583.17,347.63,583.19,347.65,583.20,347.67
ND_3-p6y8WAXWY_frame023101_r.jpg,0,561.06,354.07,561.10,354.08,561.15,354.11,561.19,354.13,561.21,354.17,561.21,354.10,561.24,354.14,561.27,354.17,561.29,354.21,561.21,354.12,561.24,354.16,561.26,354.19,561.29,354.23,561.18,354.13,561.22,354.16,561.24,354.19,561.27,354.22,561.14,354.14,561.17,354.16,561.20,354.18,561.22,354.21
ND_3-p6y8WAXWY_frame032401_l.jpg,0,623.85,493.65,623.92,493.61,623.99,493.58,624.04,493.62,624.07,493.64,624.06,493.65,624.09,493.66,624.06,493.65,624.03,493.65,624.06,493.71,624.07,493.73,624.04,493.72,624.01,493.72,624.02,493.76,624.04,493.78,624.01,493.77,623.98,493.76,623.98,493.79,624.00,493.81,623.97,493.81,623.94,493.80
ND_3-tEjTl7Lzk_frame001751_l.jpg,0,714.56,458.13,714.62,458.16,714.66,458.18,714.68,458.22,714.71,458.25,714.66,458.20,714.70,458.23,714.72,458.24,714.76,458.26,714.63,458.21,714.65,458.24,714.67,458.26,714.68,458.28,714.58,458.21,714.60,458.24,714.61,458.26,714.63,458.28,714.55,458.22,714.55,458.24,714.54,458.26,714.55,458.27
ND_3-tEjTl7Lzk_frame003001_l.jpg,0,446.26,361.63,446.30,361.64,446.35,361.66,446.38,361.71,446.41,361.76,446.27,361.75,446.32,361.81,446.37,361.82,446.41,361.80,446.26,361.80,446.32,361.84,446.37,361.83,446.41,361.79,446.26,361.81,446.32,361.84,446.37,361.82,446.39,361.78,446.28,361.81,446.32,361.83,446.36,361.82,446.37,361.79
ND_3-tEjTl7Lzk_frame009751_l.jpg,0,754.12,472.79,754.09,472.82,754.07,472.86,754.05,472.89,754.02,472.93,754.03,472.89,754.00,472.93,754.00,472.97,754.00,473.00,754.04,472.91,754.04,472.96,754.05,472.99,754.07,473.01,754.07,472.91,754.07,472.95,754.09,472.98,754.10,472.99,754.10,472.91,754.11,472.93,754.12,472.94,754.13,472.96
ND_306wcl_ZdIs_frame001196_l.jpg,0,-299.37,-789.01,-299.89,-789.49,-300.57,-789.61,-300.99,-789.47,-300.82,-789.19,-300.78,-788.46,-300.61,-788.13,-300.18,-788.22,-299.67,-788.36,-300.47,-787.80,-300.35,-787.62,-299.90,-787.80,-299.41,-788.11,-299.83,-787.50,-299.69,-787.28,-299.22,-787.36,-298.75,-787.54,-299.26,-787.38,-299.20,-787.07,-298.93,-787.03,-298.63,-787.16
ND_306wcl_ZdIs_frame002391_r.jpg,0,359.07,446.78,359.00,446.79,358.95,446.83,358.92,446.87,358.88,446.89,358.92,446.72,358.90,446.77,358.89,446.80,358.89,446.85,358.95,446.70,358.93,446.75,358.92,446.79,358.91,446.84,359.00,446.71,358.96,446.74,358.95,446.78,358.94,446.83,359.04,446.73,359.00,446.73,358.98,446.74,358.97,446.77
ND_321FfAhcQfs_frame002991_l.jpg,0,213.22,145.37,213.26,145.31,213.30,145.27,213.34,145.26,213.39,145.25,213.30,145.27,213.36,145.28,213.40,145.28,213.44,145.29,213.30,145.31,213.36,145.30,213.40,145.31,213.40,145.32,213.30,145.36,213.35,145.35,213.38,145.35,213.36,145.36,213.30,145.40,213.34,145.40,213.37,145.40,213.37,145.39
ND_34pjUmmqYMI_frame001161_r.jpg,0,-127.15,-397.24,-126.90,-396.86,-126.97,-396.41,-126.94,-396.03,-126.77,-395.88,-126.00,-396.55,-125.81,-396.11,-126.08,-395.91,-126.44,-395.82,-125.91,-396.54,-126.07,-396.09,-126.39,-395.96,-126.76,-395.90,-126.13,-396.60,-126.25,-396.20,-126.55,-396.01,-126.88,-395.90,-126.36,-396.61,-126.30,-396.30,-126.46,-396.12,-126.65,-396.03
ND_35g_wSAfJCk_frame000001_r.jpg,0,68.93,132.15,68.97,132.07,69.04,132.03,69.13,132.06,69.18,132.16,69.24,132.10,69.30,132.16,69.26,132.20,69.19,132.21,69.28,132.21,69.30,132.28,69.23,132.29,69.15,132.27,69.24,132.30,69.26,132.36,69.19,132.36,69.11,132.31,69.18,132.38,69.21,132.43,69.16,132.43,69.11,132.38
ND_35g_wSAfJCk_frame000300_l.jpg,0,38.43,168.86,38.47,168.74,38.55,168.70,38.66,168.69,38.76,168.72,38.78,168.73,38.91,168.75,38.87,168.79,38.77,168.81,38.84,168.84,38.84,168.90,38.76,168.93,38.67,168.93,38.80,168.96,38.82,169.00,38.74,169.01,38.64,169.00,38.75,169.05,38.80,169.09,38.75,169.10,38.67,169.07
ND_3MIx2xsfays_frame002501_l.jpg,0,-378.32,1474.84,-378.72,1474.76,-378.91,1474.50,-379.03,1474.19,-379.22,1473.79,-378.81,1474.01,-378.94,1473.60,-379.07,1473.34,-379.22,1473.04,-378.67,1473.77,-378.82,1473.38,-378.94,1473.11,-379.07,1472.80,-378.53,1473.76,-378.70,1473.44,-378.84,1473.15,-378.99,1472.85,-378.47,1473.80,-378.56,1473.55,-378.65,1473.33,-378.75,1473.09
ND_3PqKwAmblrs_frame000901_l.jpg,0,-246.30,-147.49,-246.35,-147.92,-246.57,-148.18,-246.81,-148.35,-247.12,-148.59,-246.32,-148.28,-246.59,-148.43,-246.84,-148.47,-247.10,-148.49,-246.40,-148.12,-246.74,-148.22,-246.99,-148.26,-247.26,-148.31,-246.53,-147.85,-246.81,-148.01,-247.07,-148.10,-247.28,-148.19,-246.67,-147.65,-246.85,-147.79,-247.02,-147.90,-247.23,-148.05
ND_3PqKwAmblrs_frame002701_l.jpg,0,-285.66,-243.58,-285.80,-244.01,-286.09,-244.21,-286.40,-244.30,-286.79,-244.47,-285.90,-244.49,-286.16,-244.74,-286.40,-244.85,-286.69,-244.94,-285.97,-244.34,-286.32,-244.44,-286.60,-244.49,-286.89,-244.52,-286.05,-244.04,-286.34,-244.19,-286.63,-244.25,-286.89,-244.32,-286.15,-243.79,-286.36,-243.92,-286.57,-244.01,-286.79,-244.14
ND_3Pyo3m3Ib3M_frame007501_l.jpg,0,-83.58,513.78,-83.45,513.83,-83.34,513.88,-83.28,513.97,-83.23,514.09,-83.43,514.08,-83.35,514.18,-83.28,514.20,-83.25,514.18,-83.48,514.14,-83.39,514.21,-83.33,514.18,-83.29,514.15,-83.53,514.13,-83.44,514.20,-83.39,514.17,-83.37,514.14,-83.56,514.11,-83.49,514.15,-83.44,514.15,-83.41,514.11
ND_3Pyo3m3Ib3M_frame023501_r.jpg,0,681.02,448.22,681.10,448.15,681.12,448.05,681.11,447.97,681.11,447.86,681.05,447.95,681.07,447.87,681.07,447.84,681.07,447.78,680.97,447.94,680.97,447.88,680.97,447.88,680.97,447.88,680.91,447.99,680.91,447.93,680.94,447.97,680.98,448.04,680.86,448.05,680.84,447.99,680.84,447.96,680.87,447.94
ND_3Pyo3m3Ib3M_frame035251_l.jpg,0,268.33,468.07,268.39,468.11,268.43,468.16,268.45,468.21,268.47,468.24,268.37,468.19,268.37,468.25,268.37,468.30,268.38,468.33,268.32,468.21,268.32,468.27,268.32,468.31,268.33,468.34,268.28,468.21,268.28,468.27,268.28,468.31,268.29,468.33,268.25,468.21,268.24,468.25,268.24,468.29,268.25,468.30
ND_3ey3cr5iCIs_frame003589_l.jpg,0,609.08,281.09,609.10,281.03,609.09,280.98,609.08,280.95,609.06,280.96,609.17,281.01,609.19,281.00,609.16,280.99,609.12,280.98,609.16,281.04,609.12,281.01,609.08,281.01,609.05,281.01,609.13,281.07,609.09,281.04,609.05,281.04,609.04,281.04,609.10,281.09,609.07,281.08,609.04,281.07,609.03,281.07
ND_3ey3cr5iCIs_frame021828_l.jpg,0,668.93,147.05,669.02,146.88,669.16,146.79,669.29,146.76,669.48,146.78,669.28,146.71,669.44,146.72,669.53,146.75,669.64,146.75,669.34,146.80,669.49,146.81,669.59,146.84,669.70,146.85,669.34,146.94,669.49,146.92,669.60,146.93,669.70,146.92,669.33,147.06,669.44,147.03,669.52,147.02,669.60,147.00
ND_3i4ZRWVgImA_frame008373_r.jpg,0,18.38,-760.14,18.77,-759.72,19.27,-759.51,19.76,-759.55,20.21,-759.79,19.82,-760.07,20.41,-760.05,20.64,-759.80,20.67,-759.43,20.01,-760.36,20.53,-760.19,20.76,-759.89,20.87,-759.47,19.89,-760.51,20.35,-760.26,20.64,-759.93,20.85,-759.53,19.77,-760.53,20.10,-760.36,20.31,-760.10,20.43,-759.77
ND_3i4ZRWVgImA_frame014951_l.jpg,0,-625.55,-658.61,-626.35,-658.60,-627.01,-658.65,-627.57,-658.72,-628.28,-658.76,-627.18,-659.58,-627.82,-659.58,-628.18,-659.34,-628.47,-659.00,-626.99,-659.76,-627.55,-659.75,-627.83,-659.38,-627.98,-658.86,-626.58,-659.60,-627.12,-659.81,-627.48,-659.50,-627.64,-659.01,-626.27,-659.36,-626.62,-659.59,-626.96,-659.44,-627.18,-659.15
ND_3j8ZyZDI_aU_frame002991_l.jpg,0,546.72,117.26,546.64,117.22,546.57,117.19,546.54,117.16,546.52,117.14,546.67,117.07,546.65,117.06,546.64,117.11,546.65,117.16,546.73,117.07,546.71,117.09,546.70,117.13,546.70,117.17,546.78,117.11,546.75,117.11,546.75,117.15,546.75,117.19,546.81,117.16,546.79,117.15,546.78,117.17,546.77,117.20
ND_3j8ZyZDI_aU_frame009569_r.jpg,0,578.28,251.31,578.28,251.27,578.26,251.21,578.23,251.17,578.20,251.10,578.17,251.27,578.12,251.23,578.09,251.19,578.09,251.14,578.13,251.28,578.10,251.22,578.08,251.18,578.07,251.13,578.12,251.28,578.09,251.23,578.07,251.19,578.08,251.14,578.12,251.28,578.10,251.25,578.08,251.21,578.07,251.17
ND_3slanOu0FwM_frame001201_r.jpg,0,-44.88,303.65,-44.18,302.54,-43.30,301.63,-42.34,301.28,-41.87,301.61,-43.67,300.06,-42.42,299.51,-41.51,299.67,-40.68,300.24,-43.52,300.07,-42.22,299.82,-41.61,300.44,-41.65,301.31,-43.40,300.90,-42.54,300.02,-41.57,299.94,-40.92,300.23,-43.19,301.68,-42.56,301.07,-41.85,300.94,-41.40,301.14
ND_41Glwpi3-Xc_frame003601_l.jpg,0,-27.63,34.21,-27.94,33.92,-28.13,33.63,-28.27,33.36,-28.55,33.09,-27.88,33.38,-27.84,33.03,-27.83,32.78,-27.80,32.52,-27.61,33.32,-27.52,32.98,-27.46,32.72,-27.41,32.44,-27.35,33.40,-27.32,33.08,-27.30,32.82,-27.32,32.59,-27.18,33.47,-27.20,33.23,-27.23,33.05,-27.27,32.89
ND_41Glwpi3-Xc_frame006961_l.jpg,0,-473.25,-166.03,-473.43,-166.40,-473.36,-166.74,-473.23,-167.02,-473.12,-167.41,-473.04,-166.93,-472.88,-167.27,-472.85,-167.48,-472.87,-167.69,-472.77,-166.91,-472.72,-167.23,-472.83,-167.30,-473.02,-167.31,-472.62,-166.75,-472.71,-167.04,-472.84,-167.13,-473.06,-167.13,-472.56,-166.63,-472.68,-166.80,-472.83,-166.85,-473.00,-166.77
ND_45pu-sgaTqM_frame003888_l.jpg,0,-581.16,-111.57,-581.51,-112.31,-581.88,-112.85,-582.18,-113.33,-582.51,-113.95,-581.24,-113.38,-581.44,-113.83,-581.86,-113.60,-582.10,-113.21,-581.13,-113.22,-581.78,-113.16,-582.18,-112.89,-582.58,-112.58,-581.17,-112.71,-581.78,-112.68,-582.19,-112.41,-582.52,-112.11,-581.28,-112.29,-581.73,-112.31,-582.01,-112.14,-582.27,-111.91
ND_46W1Sz9D0jM_frame000301_r.jpg,0,82.74,-320.47,83.32,-320.49,83.74,-320.83,84.01,-321.22,84.34,-321.73,83.69,-321.48,84.00,-321.97,84.26,-322.21,84.59,-322.40,83.55,-321.83,83.97,-322.07,84.22,-322.18,84.50,-322.26,83.34,-321.87,83.78,-322.11,84.11,-322.07,84.41,-321.83,83.22,-321.83,83.54,-322.01,83.87,-322.01,84.11,-321.77
ND_47_XQJhKK9o_frame000898_r.jpg,0,-89.64,605.11,-90.19,604.84,-90.39,604.25,-90.38,603.67,-90.12,602.98,-91.04,603.79,-90.94,603.12,-90.61,602.89,-90.22,602.79,-90.81,603.46,-90.90,602.81,-90.58,602.63,-90.24,602.72,-90.28,603.41,-90.32,602.85,-90.05,602.54,-89.79,602.41,-89.82,603.41,-89.81,603.10,-89.67,602.93,-89.55,602.96
ND_4EZvuwRQdA4_frame000901_l.jpg,0,-451.45,-171.21,-452.00,-171.72,-452.40,-172.25,-452.83,-172.68,-453.29,-173.01,-452.15,-173.11,-452.78,-173.45,-453.24,-173.28,-453.61,-172.87,-452.04,-173.17,-452.69,-173.25,-453.08,-172.92,-453.30,-172.46,-451.94,-172.79,-452.44,-173.15,-452.93,-172.91,-453.15,-172.53,-451.94,-172.41,-452.10,-172.82,-452.52,-172.75,-452.72,-172.53
ND_4Jg5I2DhCH4_frame004501_l.jpg,0,-488.32,-265.96,-488.59,-266.67,-488.92,-267.24,-489.33,-267.64,-489.91,-268.15,-489.03,-267.68,-489.52,-268.02,-489.98,-268.08,-490.52,-268.09,-489.23,-267.47,-489.91,-267.47,-490.37,-267.34,-490.88,-267.20,-489.35,-266.94,-489.95,-267.04,-490.30,-266.84,-490.45,-266.63,-489.48,-266.50,-489.85,-266.69,-490.08,-266.64,-490.15,-266.51
ND_4RsI9OAusyM_frame003601_r.jpg,0,640.30,-267.64,640.48,-267.83,640.46,-268.14,640.36,-268.36,640.34,-268.85,640.16,-268.70,640.63,-268.86,640.82,-268.63,640.67,-268.31,640.08,-268.95,640.55,-269.07,640.68,-268.77,640.54,-268.41,640.14,-268.95,640.44,-269.27,640.73,-269.03,640.73,-268.64,640.26,-268.90,640.23,-269.23,640.23,-269.52,640.30,-269.85
ND_4ZZlqGRhyjs_frame000718_l.jpg,0,-193.94,-160.74,-193.88,-160.96,-193.87,-161.14,-193.90,-161.29,-193.92,-161.50,-194.07,-161.18,-194.22,-161.29,-194.33,-161.36,-194.46,-161.45,-194.21,-161.13,-194.35,-161.26,-194.45,-161.35,-194.57,-161.46,-194.30,-161.03,-194.40,-161.17,-194.50,-161.27,-194.60,-161.40,-194.36,-160.95,-194.43,-161.06,-194.50,-161.15,-194.57,-161.27
ND_4ZZlqGRhyjs_frame003108_l.jpg,0,-121.44,-32.04,-121.52,-32.25,-121.67,-32.40,-121.79,-32.53,-121.95,-32.64,-121.40,-32.66,-121.46,-32.86,-121.61,-32.88,-121.78,-32.85,-121.39,-32.67,-121.56,-32.79,-121.72,-32.79,-121.89,-32.77,-121.43,-32.55,-121.57,-32.69,-121.74,-32.71,-121.90,-32.71,-121.48,-32.45,-121.59,-32.55,-121.71,-32.60,-121.84,-32.64
ND_4_jQxIS8_ao_frame004486_l.jpg,0,-549.63,-431.21,-549.42,-431.86,-549.51,-432.38,-549.51,-432.82,-549.41,-433.48,-549.41,-431.84,-549.74,-432.12,-550.09,-432.39,-550.48,-432.67,-549.76,-431.51,-550.12,-431.94,-550.39,-432.29,-550.62,-432.68,-550.16,-431.22,-550.47,-431.67,-550.65,-432.07,-550.66,-432.44,-550.49,-431.07,-550.75,-431.42,-550.90,-431.76,-551.08,-432.22
ND_4iGS873sCno_frame000001_l.jpg,0,327.31,488.23,327.44,488.21,327.57,488.24,327.68,488.27,327.82,488.25,327.43,488.32,327.47,488.44,327.54,488.51,327.62,488.55,327.37,488.41,327.45,488.52,327.52,488.57,327.61,488.61,327.32,488.47,327.41,488.54,327.49,488.60,327.57,488.64,327.29,488.52,327.37,488.56,327.43,488.61,327.49,488.63
ND_4iGS873sCno_frame021230_r.jpg,0,440.04,111.68,439.94,111.70,439.87,111.73,439.80,111.75,439.70,111.75,439.89,111.87,439.85,111.93,439.85,111.91,439.85,111.85,439.94,111.91,439.89,111.95,439.89,111.90,439.91,111.84,440.00,111.90,439.95,111.93,439.95,111.87,439.96,111.81,440.05,111.88,440.01,111.91,439.98,111.87,439.99,111.83
ND_4iGS873sCno_frame021529_r.jpg,0,358.19,383.01,358.17,383.07,358.13,383.11,358.10,383.14,358.10,383.16,358.21,383.18,358.16,383.21,358.12,383.21,358.08,383.20,358.21,383.18,358.16,383.21,358.12,383.21,358.08,383.22,358.20,383.15,358.16,383.18,358.11,383.19,358.08,383.19,358.18,383.12,358.15,383.14,358.12,383.15,358.09,383.17
ND_4l22-sl19H4_frame000300_r.jpg,0,205.81,544.51,205.80,544.59,205.79,544.62,205.73,544.59,205.68,544.51,205.62,544.59,205.59,544.56,205.60,544.54,205.61,544.51,205.58,544.52,205.54,544.52,205.55,544.50,205.56,544.49,205.60,544.44,205.60,544.45,205.63,544.44,205.67,544.43,205.63,544.38,205.65,544.39,205.69,544.37,205.74,544.38
ND_4xKGfdtb35A_frame008751_r.jpg,0,314.66,-135.46,314.57,-135.30,314.51,-135.17,314.48,-135.04,314.53,-134.88,314.66,-135.14,314.70,-134.99,314.69,-134.98,314.65,-135.04,314.78,-135.17,314.80,-135.06,314.75,-135.10,314.68,-135.19,314.87,-135.23,314.87,-135.09,314.83,-135.09,314.77,-135.18,314.94,-135.26,314.97,-135.16,314.94,-135.15,314.88,-135.19
ND_4xKGfdtb35A_frame010251_r.jpg,0,610.06,205.90,610.04,205.78,610.10,205.87,610.29,205.97,610.67,205.98,610.32,206.19,610.58,205.96,610.63,205.77,610.53,205.68,610.52,206.34,610.74,206.08,610.75,205.87,610.59,205.75,610.66,206.33,610.82,206.08,610.80,205.87,610.63,205.80,610.77,206.27,610.86,206.08,610.82,205.95,610.68,205.97
ND_4y_z_MYWlwM_frame002094_r.jpg,0,-306.79,-401.02,-307.20,-401.12,-307.53,-400.98,-307.78,-400.81,-308.15,-400.61,-307.44,-400.77,-307.81,-400.66,-308.00,-400.65,-308.15,-400.67,-307.33,-400.50,-307.67,-400.36,-307.90,-400.34,-308.10,-400.42,-307.16,-400.32,-307.44,-400.20,-307.71,-400.11,-307.91,-400.20,-307.06,-400.21,-307.21,-400.02,-307.39,-399.90,-307.62,-399.90
ND_4zpQMLhotBA_frame003601_l.jpg,0,200.53,258.47,200.57,258.51,200.61,258.54,200.61,258.57,200.61,258.59,200.61,258.54,200.61,258.59,200.60,258.62,200.59,258.64,200.58,258.55,200.58,258.59,200.57,258.62,200.55,258.65,200.55,258.54,200.55,258.59,200.54,258.62,200.53,258.64,200.51,258.54,200.52,258.57,200.51,258.60,200.51,258.62
ND_4zpQMLhotBA_frame003901_l.jpg,0,985.67,176.06,985.74,176.01,985.80,175.99,985.86,176.01,985.91,176.03,985.80,176.08,985.86,176.12,985.91,176.13,985.91,176.13,985.80,176.15,985.87,176.18,985.92,176.18,985.93,176.17,985.78,176.19,985.85,176.22,985.89,176.21,985.90,176.20,985.77,176.22,985.82,176.26,985.84,176.25,985.84,176.23
ND_4zpQMLhotBA_frame009601_l.jpg,0,971.54,469.69,971.67,469.78,971.77,469.89,971.82,470.00,971.90,470.10,971.61,469.89,971.56,470.00,971.55,470.11,971.54,470.24,971.48,469.91,971.44,470.05,971.44,470.17,971.44,470.30,971.38,469.92,971.36,470.05,971.34,470.18,971.33,470.31,971.31,469.94,971.28,470.04,971.25,470.13,971.21,470.23
ND_4zpQMLhotBA_frame010801_l.jpg,0,1156.42,-47.80,1156.71,-47.78,1156.89,-47.77,1156.96,-47.73,1156.90,-47.65,1156.86,-48.06,1156.98,-47.90,1156.97,-47.72,1156.91,-47.57,1156.71,-48.09,1156.80,-47.93,1156.83,-47.75,1156.85,-47.55,1156.51,-48.01,1156.63,-47.89,1156.68,-47.70,1156.72,-47.52,1156.37,-47.92,1156.45,-47.78,1156.52,-47.65,1156.58,-47.54
ND_5-CHNb4RBzg_frame000599_l.jpg,0,61.41,475.13,61.49,474.73,61.59,474.55,61.72,474.43,61.96,474.24,61.00,474.52,61.07,474.37,61.35,474.37,61.60,474.40,60.87,474.77,61.16,474.63,61.43,474.53,61.74,474.43,60.92,475.10,60.81,474.96,61.06,474.86,61.35,474.78,61.02,475.34,60.85,475.40,60.93,475.35,61.11,475.23
ND_52-uPg-0MAo_frame006579_l.jpg,0,-651.04,-749.08,-651.59,-749.78,-652.28,-750.40,-652.93,-750.87,-653.81,-751.48,-651.54,-751.71,-652.14,-752.50,-652.69,-752.88,-653.31,-753.30,-651.47,-751.87,-652.29,-752.33,-652.99,-752.30,-653.57,-751.91,-651.51,-751.43,-652.22,-751.91,-652.96,-751.91,-653.49,-751.65,-651.64,-750.99,-652.11,-751.41,-652.62,-751.62,-653.06,-751.68
ND_58bdMYmFypc_frame000429_l.jpg,0,-258.95,31.58,-259.21,31.40,-259.39,31.21,-259.62,31.00,-259.91,30.77,-259.47,30.70,-259.76,30.47,-260.02,30.43,-260.31,30.48,-259.49,30.64,-259.84,30.55,-260.10,30.60,-260.35,30.71,-259.47,30.80,-259.77,30.67,-260.04,30.75,-260.24,30.88,-259.47,30.98,-259.66,30.82,-259.86,30.82,-259.99,30.88
ND_5A6IqEKGP9o_frame002094_r.jpg,0,388.63,-143.93,388.05,-144.50,388.05,-144.96,388.19,-145.36,388.39,-145.91,387.74,-145.04,388.02,-145.60,388.27,-146.01,388.52,-146.46,388.17,-145.03,388.53,-145.61,388.81,-146.02,389.10,-146.50,388.72,-144.90,388.88,-145.50,389.13,-145.98,389.35,-146.47,389.15,-144.85,389.11,-145.30,389.19,-145.70,389.29,-146.18
ND_5KO3Jdyutps_frame001251_l.jpg,0,-261.50,-1179.90,-261.03,-1179.66,-260.47,-1179.25,-259.95,-1178.88,-259.43,-1178.44,-259.53,-1179.99,-258.87,-1179.57,-258.63,-1179.10,-258.45,-1178.54,-259.27,-1180.01,-258.67,-1179.56,-258.28,-1179.17,-257.84,-1178.74,-259.46,-1179.86,-258.78,-1179.76,-258.26,-1179.48,-257.78,-1179.17,-259.68,-1179.65,-259.19,-1179.52,-259.03,-1179.12,-259.24,-1178.78
ND_5NUoDswdnqI_frame000301_l.jpg,0,139.39,113.46,139.60,113.53,139.71,113.65,139.74,113.80,139.76,113.97,139.65,113.62,139.68,113.80,139.71,113.93,139.72,114.03,139.51,113.67,139.53,113.87,139.57,114.00,139.62,114.10,139.36,113.71,139.40,113.88,139.46,113.96,139.49,113.93,139.26,113.75,139.31,113.87,139.36,113.91,139.37,113.86
ND_5NUoDswdnqI_frame001201_r.jpg,0,-154.70,1.19,-154.79,1.30,-154.90,1.31,-155.00,1.28,-155.14,1.24,-154.99,1.24,-155.11,1.21,-155.19,1.20,-155.27,1.21,-155.02,1.15,-155.14,1.16,-155.22,1.18,-155.29,1.23,-155.00,1.09,-155.10,1.13,-155.18,1.16,-155.25,1.23,-154.97,1.05,-155.04,1.09,-155.11,1.11,-155.20,1.14
ND_5NoNXynn5Bw_frame002393_l.jpg,0,616.25,271.26,616.15,271.20,616.07,271.17,616.01,271.15,615.96,271.13,616.06,271.27,616.01,271.29,615.98,271.30,615.95,271.30,616.12,271.31,616.09,271.34,616.08,271.33,616.07,271.32,616.21,271.32,616.18,271.33,616.17,271.32,616.16,271.30,616.29,271.31,616.31,271.31,616.33,271.31,616.34,271.30
ND_5NoNXynn5Bw_frame011363_r.jpg,0,367.05,399.04,367.12,399.10,367.17,399.14,367.20,399.15,367.20,399.14,367.23,399.06,367.29,399.05,367.30,399.07,367.31,399.09,367.21,399.01,367.27,398.99,367.29,399.01,367.29,399.05,367.15,398.98,367.20,398.98,367.22,399.00,367.23,399.04,367.10,398.97,367.12,398.97,367.13,398.98,367.16,399.01
ND_5NoNXynn5Bw_frame012559_r.jpg,0,427.79,228.78,427.71,228.79,427.67,228.81,427.69,228.83,427.76,228.83,427.75,228.93,427.77,228.92,427.78,228.84,427.79,228.75,427.84,228.94,427.87,228.89,427.87,228.81,427.86,228.72,427.92,228.90,427.94,228.89,427.95,228.81,427.93,228.73,427.97,228.85,428.00,228.84,428.00,228.80,427.98,228.75
ND_5NoNXynn5Bw_frame020632_l.jpg,0,579.41,376.99,579.52,377.00,579.61,377.04,579.65,377.11,579.70,377.19,579.57,377.14,579.63,377.22,579.65,377.20,579.62,377.17,579.52,377.20,579.59,377.27,579.59,377.24,579.57,377.21,579.47,377.23,579.54,377.28,579.55,377.26,579.53,377.24,579.43,377.24,579.49,377.27,579.50,377.26,579.49,377.24
ND_5ST7PNK212E_frame000721_r.jpg,0,-104.17,89.49,-104.53,89.42,-104.80,89.54,-105.02,89.67,-105.35,89.79,-104.85,89.83,-105.05,90.07,-105.17,90.13,-105.22,90.09,-104.77,90.05,-104.97,90.27,-105.07,90.26,-105.09,90.09,-104.60,90.16,-104.86,90.26,-105.01,90.26,-105.11,90.11,-104.49,90.21,-104.69,90.22,-104.86,90.20,-105.02,90.11
ND_5ST7PNK212E_frame000961_r.jpg,0,-35.73,1.87,-35.94,1.60,-35.97,1.36,-36.01,1.13,-36.20,0.93,-36.53,1.65,-36.82,1.60,-37.00,1.54,-37.13,1.43,-36.60,1.80,-36.87,1.86,-37.07,1.89,-37.29,1.83,-36.48,1.92,-36.75,1.94,-36.95,1.93,-37.15,1.83,-36.36,1.98,-36.53,1.89,-36.69,1.83,-36.84,1.72
ND_5ST7PNK212E_frame013441_r.jpg,0,-16.58,352.29,-16.74,352.10,-16.87,351.99,-16.97,351.98,-17.05,352.04,-17.13,352.15,-17.23,352.10,-17.28,352.04,-17.35,351.99,-17.13,352.26,-17.21,352.16,-17.27,352.06,-17.35,351.95,-17.00,352.34,-17.12,352.23,-17.21,352.14,-17.31,352.03,-16.88,352.38,-16.98,352.29,-17.08,352.23,-17.23,352.19
ND_5ST7PNK212E_frame021121_l.jpg,0,513.02,-11.19,513.02,-11.55,513.03,-11.80,513.05,-12.01,513.13,-12.31,512.49,-11.72,512.37,-11.80,512.44,-11.83,512.56,-11.85,512.38,-11.51,512.09,-11.47,512.10,-11.50,512.23,-11.57,512.45,-11.24,512.29,-11.23,512.37,-11.22,512.50,-11.29,512.56,-11.04,512.47,-11.04,512.43,-11.02,512.38,-11.02
ND_5d0i8NS9KvQ_frame003290_l.jpg,0,-147.24,-59.82,-147.48,-59.58,-147.81,-59.58,-148.06,-59.67,-148.44,-59.76,-147.83,-59.84,-148.18,-59.91,-148.42,-59.91,-148.70,-59.95,-147.90,-60.10,-148.25,-60.13,-148.51,-60.15,-148.79,-60.20,-147.88,-60.27,-148.18,-60.30,-148.46,-60.33,-148.74,-60.35,-147.87,-60.37,-148.09,-60.40,-148.29,-60.43,-148.51,-60.48
ND_5ey_BkEQ01s_frame008971_l.jpg,0,496.64,-150.63,496.77,-151.14,496.98,-151.61,497.25,-151.98,497.57,-152.51,497.76,-151.17,498.20,-151.53,498.45,-151.84,498.69,-152.17,498.08,-150.97,498.64,-151.01,499.00,-151.19,499.32,-151.50,498.11,-150.81,498.59,-150.95,498.84,-151.25,498.84,-151.64,498.07,-150.74,498.30,-151.02,498.38,-151.30,498.28,-151.57
ND_5ey_BkEQ01s_frame034685_r.jpg,0,344.91,-550.67,345.11,-550.33,345.33,-549.98,345.58,-549.73,345.69,-549.33,345.96,-550.23,346.32,-549.99,346.50,-549.76,346.70,-549.48,346.11,-550.30,346.50,-550.14,346.56,-549.85,346.49,-549.52,346.00,-550.37,346.38,-550.33,346.54,-550.06,346.57,-549.73,345.85,-550.39,346.13,-550.39,346.34,-550.24,346.46,-550.04
ND_5hDWXOXdxVg_frame001496_r.jpg,0,-643.48,-581.13,-643.20,-580.10,-643.27,-579.40,-643.43,-578.80,-643.51,-577.98,-643.60,-579.67,-644.44,-579.14,-644.94,-578.78,-645.36,-578.48,-644.21,-580.06,-644.95,-579.44,-645.46,-579.03,-645.79,-578.61,-644.76,-580.52,-645.33,-579.85,-645.85,-579.38,-646.05,-579.04,-645.19,-580.79,-645.61,-580.33,-646.02,-579.92,-646.36,-579.38
ND_5hDWXOXdxVg_frame003589_l.jpg,0,584.76,-280.59,585.11,-280.76,585.38,-280.86,585.58,-280.97,585.75,-281.12,585.15,-281.41,585.24,-281.72,585.30,-281.87,585.38,-282.00,584.95,-281.52,584.99,-281.82,585.05,-281.97,585.17,-282.11,584.74,-281.44,584.80,-281.71,584.84,-281.89,584.94,-282.08,584.61,-281.33,584.66,-281.49,584.70,-281.63,584.79,-281.79
ND_5j5kR-CE_bk_frame000300_l.jpg,0,559.94,476.97,560.02,477.07,560.08,477.20,560.11,477.32,560.15,477.47,559.89,477.33,559.91,477.49,559.99,477.55,560.08,477.53,559.84,477.38,559.88,477.52,559.98,477.53,560.08,477.48,559.83,477.35,559.87,477.48,559.97,477.51,560.07,477.46,559.85,477.32,559.88,477.41,559.95,477.46,560.03,477.44
ND_5j5kR-CE_bk_frame010466_l.jpg,0,673.62,588.57,673.66,588.65,673.68,588.72,673.67,588.78,673.65,588.83,673.57,588.77,673.54,588.84,673.54,588.89,673.56,588.92,673.53,588.78,673.50,588.85,673.51,588.88,673.54,588.91,673.51,588.75,673.49,588.81,673.51,588.85,673.53,588.89,673.51,588.72,673.50,588.77,673.51,588.81,673.52,588.85
ND_5maf47_pK6c_frame007476_r.jpg,0,689.84,27.72,689.77,27.79,689.69,27.83,689.62,27.86,689.57,27.93,689.57,27.77,689.51,27.82,689.54,27.88,689.60,27.92,689.56,27.74,689.52,27.82,689.56,27.88,689.60,27.94,689.61,27.74,689.56,27.81,689.59,27.87,689.63,27.94,689.65,27.74,689.62,27.79,689.63,27.84,689.67,27.89
ND_5maf47_pK6c_frame008373_r.jpg,0,452.18,-40.47,452.12,-40.43,452.04,-40.40,451.96,-40.40,451.88,-40.37,451.96,-40.49,451.87,-40.47,451.87,-40.41,451.87,-40.35,451.93,-40.52,451.85,-40.49,451.83,-40.43,451.83,-40.36,451.95,-40.52,451.88,-40.50,451.86,-40.44,451.87,-40.38,451.98,-40.51,451.93,-40.49,451.90,-40.45,451.88,-40.39
ND_5maf47_pK6c_frame009569_r.jpg,0,-243.39,-176.38,-243.49,-176.65,-243.60,-176.81,-243.70,-176.85,-243.89,-176.77,-243.55,-176.69,-243.75,-176.74,-243.88,-176.76,-243.95,-176.77,-243.59,-176.52,-243.83,-176.51,-243.95,-176.52,-243.99,-176.59,-243.64,-176.33,-243.85,-176.38,-243.98,-176.42,-243.99,-176.49,-243.70,-176.20,-243.85,-176.26,-243.92,-176.30,-243.91,-176.34
ND_5maf47_pK6c_frame036479_r.jpg,0,505.49,-72.67,505.48,-72.39,505.56,-72.18,505.70,-72.06,505.90,-71.89,505.82,-72.21,505.99,-72.03,506.06,-71.90,506.14,-71.76,505.99,-72.30,506.10,-72.10,506.11,-71.99,506.07,-71.92,506.05,-72.43,506.12,-72.24,506.17,-72.09,506.19,-71.93,506.08,-72.52,506.16,-72.40,506.17,-72.27,506.13,-72.13
ND_5maf47_pK6c_frame049934_r.jpg,0,613.69,292.97,613.72,293.15,613.70,293.32,613.81,293.42,613.97,293.37,614.03,293.24,614.19,293.33,614.20,293.41,614.13,293.46,614.13,293.18,614.29,293.26,614.29,293.34,614.19,293.40,614.14,293.11,614.28,293.16,614.36,293.26,614.34,293.39,614.13,293.06,614.23,293.12,614.30,293.19,614.33,293.30
ND_5maf47_pK6c_frame050233_r.jpg,0,591.42,184.20,591.62,184.27,591.80,184.33,591.96,184.33,592.09,184.38,591.96,184.08,592.14,184.13,592.14,184.26,592.10,184.40,591.96,184.01,592.12,184.09,592.13,184.23,592.11,184.38,591.85,184.02,592.02,184.05,592.08,184.19,592.09,184.34,591.77,184.05,591.87,184.08,591.95,184.15,592.04,184.23
ND_5maf47_pK6c_frame050532_r.jpg,0,701.84,196.04,702.02,196.07,702.14,196.16,702.24,196.23,702.36,196.27,702.30,195.89,702.44,195.94,702.49,196.03,702.52,196.16,702.29,195.84,702.41,195.96,702.44,196.07,702.46,196.21,702.20,195.88,702.32,195.97,702.36,196.10,702.38,196.23,702.13,195.93,702.22,196.00,702.28,196.08,702.34,196.18
ND_63h8xKFNUi0_frame004486_l.jpg,0,30.20,71.48,30.30,71.42,30.37,71.38,30.43,71.42,30.43,71.48,30.47,71.53,30.56,71.55,30.57,71.52,30.56,71.48,30.45,71.59,30.48,71.58,30.47,71.54,30.46,71.50,30.38,71.62,30.41,71.59,30.40,71.55,30.38,71.52,30.32,71.62,30.34,71.59,30.33,71.57,30.31,71.53
ND_641knlQf9sA_frame000501_l.jpg,0,53.34,271.12,53.37,271.11,53.38,271.09,53.39,271.07,53.40,271.06,53.37,271.07,53.38,271.05,53.38,271.04,53.39,271.03,53.36,271.06,53.36,271.05,53.36,271.04,53.37,271.03,53.34,271.08,53.34,271.06,53.34,271.05,53.34,271.04,53.33,271.09,53.33,271.08,53.32,271.08,53.31,271.06
ND_679TMrVY9A4_frame005383_l.jpg,0,-416.38,-378.53,-416.24,-379.14,-416.49,-379.71,-416.92,-380.22,-417.58,-380.75,-416.42,-380.85,-416.84,-381.60,-417.29,-381.73,-417.80,-381.73,-416.86,-380.99,-417.52,-381.37,-417.99,-381.32,-418.41,-381.20,-417.31,-380.60,-417.78,-381.14,-418.25,-381.27,-418.60,-381.26,-417.68,-380.21,-417.99,-380.66,-418.29,-380.91,-418.51,-381.01
ND_67lwx0sDaPY_frame004064_l.jpg,0,524.01,-120.06,524.53,-120.11,524.94,-120.00,525.13,-119.71,525.34,-119.35,525.15,-119.62,525.49,-119.32,525.67,-119.14,525.75,-119.03,525.01,-119.32,525.32,-119.01,525.51,-118.83,525.64,-118.74,524.68,-119.14,524.96,-118.85,525.12,-118.72,525.13,-118.74,524.43,-119.03,524.61,-118.80,524.76,-118.67,524.85,-118.67
ND_68b5SL6ukCA_frame003601_r.jpg,0,190.11,-381.48,189.96,-380.78,190.12,-380.25,190.25,-379.80,190.39,-379.18,189.57,-380.06,189.86,-379.57,190.21,-379.33,190.60,-379.07,189.74,-380.21,190.07,-379.75,190.43,-379.57,190.52,-379.57,190.08,-380.54,190.31,-380.06,190.66,-379.85,190.74,-379.79,190.40,-380.79,190.55,-380.43,190.74,-380.21,190.75,-380.13
ND_6DCHnM_l14c_frame000301_r.jpg,0,-965.80,-1148.55,-967.00,-1148.16,-967.67,-1147.25,-968.02,-1146.33,-968.21,-1145.04,-966.97,-1146.53,-967.38,-1145.54,-967.67,-1145.35,-968.04,-1145.12,-966.27,-1145.95,-966.74,-1144.99,-967.15,-1144.62,-967.75,-1144.34,-965.63,-1145.79,-966.50,-1145.21,-967.24,-1145.02,-968.09,-1145.12,-965.25,-1145.71,-965.94,-1145.37,-966.60,-1145.45,-967.37,-1145.80
ND_6DCHnM_l14c_frame000601_r.jpg,0,-4.62,-516.68,-4.24,-516.53,-3.92,-516.58,-3.75,-516.66,-3.87,-516.74,-3.94,-516.89,-4.05,-516.61,-4.17,-516.46,-4.25,-516.39,-4.14,-517.03,-4.24,-516.68,-4.36,-516.47,-4.47,-516.28,-4.45,-517.03,-4.45,-516.70,-4.56,-516.53,-4.60,-516.56,-4.70,-516.96,-4.65,-516.73,-4.71,-516.63,-4.74,-516.72
ND_6EtPj2ADssk_frame000957_l.jpg,0,158.26,-345.47,157.70,-345.59,157.14,-345.50,156.98,-345.19,157.38,-344.96,157.21,-344.54,157.29,-344.40,157.58,-344.62,157.96,-344.92,157.57,-344.16,157.77,-344.05,158.04,-344.31,158.32,-344.68,158.11,-344.13,158.17,-343.90,158.39,-344.05,158.60,-344.33,158.56,-344.21,158.63,-344.02,158.76,-344.07,158.88,-344.24
ND_6EtPj2ADssk_frame001196_l.jpg,0,374.62,380.21,374.71,380.01,374.84,379.90,374.99,379.85,375.17,379.89,374.83,379.77,375.02,379.79,375.08,379.86,375.08,379.90,374.88,379.84,375.05,379.91,375.03,379.98,374.95,379.99,374.90,379.99,375.07,380.01,375.03,380.06,374.94,380.07,374.93,380.12,375.05,380.10,375.03,380.14,374.95,380.16
ND_6FREzBqadqM_frame000301_r.jpg,0,-285.66,-376.86,-286.19,-375.99,-286.05,-375.28,-285.75,-374.71,-285.14,-374.00,-285.81,-375.57,-285.40,-374.85,-285.12,-374.31,-284.88,-373.71,-285.13,-375.76,-284.85,-374.90,-284.66,-374.27,-284.50,-373.58,-284.52,-376.01,-284.33,-375.23,-284.14,-374.54,-283.98,-373.84,-284.07,-376.12,-283.76,-375.59,-283.54,-375.09,-283.36,-374.37
ND_6IdsAKDNB4s_frame000599_l.jpg,0,1176.18,574.58,1176.25,574.63,1176.27,574.70,1176.23,574.78,1176.17,574.84,1176.13,574.64,1176.09,574.75,1176.08,574.83,1176.06,574.92,1176.04,574.65,1175.99,574.75,1175.97,574.83,1175.96,574.93,1175.98,574.66,1175.95,574.74,1175.92,574.83,1175.92,574.93,1175.95,574.69,1175.92,574.75,1175.89,574.81,1175.89,574.88
ND_6IdsAKDNB4s_frame000898_r.jpg,0,671.10,565.69,671.19,565.76,671.24,565.83,671.26,565.89,671.27,565.95,671.27,565.75,671.29,565.80,671.29,565.86,671.29,565.93,671.21,565.73,671.24,565.78,671.23,565.85,671.21,565.93,671.13,565.72,671.17,565.78,671.18,565.85,671.20,565.93,671.07,565.73,671.07,565.79,671.06,565.84,671.07,565.90
ND_6IdsAKDNB4s_frame006280_r.jpg,0,955.68,345.15,956.06,344.91,956.33,344.57,956.49,344.18,956.66,343.65,955.79,344.05,955.98,343.56,956.23,343.40,956.54,343.30,955.55,343.82,955.88,343.49,956.15,343.41,956.46,343.41,955.42,343.84,955.80,343.58,956.12,343.51,956.48,343.48,955.39,343.88,955.63,343.69,955.91,343.59,956.25,343.56
ND_6dSrSRVIKVM_frame004187_r.jpg,0,141.81,-70.66,141.61,-71.12,141.70,-71.44,141.97,-71.64,142.36,-71.89,141.75,-71.31,142.04,-71.68,142.20,-71.88,142.35,-72.10,142.06,-71.16,142.20,-71.59,142.33,-71.88,142.46,-72.17,142.34,-70.99,142.50,-71.28,142.69,-71.57,142.90,-71.87,142.56,-70.89,142.80,-71.01,143.02,-71.14,143.21,-71.37
ND_6dSrSRVIKVM_frame004486_r.jpg,0,478.01,229.29,477.89,229.15,477.94,228.99,478.01,228.82,478.15,228.71,478.04,228.66,478.11,228.65,478.16,228.79,478.18,228.94,478.23,228.63,478.31,228.67,478.31,228.82,478.26,229.00,478.39,228.75,478.45,228.74,478.42,228.87,478.31,229.02,478.50,228.88,478.54,228.85,478.50,228.94,478.40,229.04
ND_6gTfFMO12Ig_frame000001_l.jpg,0,223.05,281.53,223.10,281.46,223.18,281.41,223.26,281.40,223.36,281.43,223.19,281.56,223.23,281.58,223.28,281.60,223.36,281.61,223.22,281.63,223.33,281.65,223.40,281.65,223.49,281.64,223.23,281.67,223.33,281.67,223.40,281.66,223.48,281.63,223.24,281.69,223.31,281.68,223.36,281.66,223.41,281.63
ND_6peF5hXz8PQ_frame002094_l.jpg,0,179.41,-183.59,179.75,-183.94,179.95,-184.29,180.23,-184.61,180.62,-184.97,180.80,-183.96,181.30,-184.05,181.57,-184.22,181.85,-184.44,180.90,-183.89,181.18,-184.27,181.32,-184.59,181.45,-184.96,180.67,-183.86,180.95,-184.22,181.02,-184.59,181.02,-184.99,180.44,-183.89,180.67,-184.14,180.76,-184.42,180.79,-184.73
ND_6r2XbLF9A-c_frame004194_l.jpg,0,788.30,62.97,788.45,62.91,788.57,62.94,788.65,63.04,788.71,63.16,788.39,62.95,788.53,63.05,788.62,63.13,788.67,63.20,788.31,63.06,788.43,63.18,788.52,63.25,788.56,63.26,788.25,63.17,788.36,63.27,788.46,63.36,788.53,63.40,788.23,63.26,788.33,63.32,788.42,63.37,788.51,63.42
ND_6r2XbLF9A-c_frame005991_l.jpg,0,985.14,634.01,985.13,633.98,985.12,634.02,985.14,634.07,985.16,634.11,985.00,634.08,985.01,634.15,985.06,634.19,985.14,634.22,984.99,634.16,985.04,634.22,985.11,634.25,985.18,634.28,985.02,634.20,985.08,634.24,985.15,634.27,985.21,634.30,985.07,634.23,985.12,634.25,985.16,634.26,985.22,634.28
ND_6r2XbLF9A-c_frame008986_l.jpg,0,712.59,369.66,712.67,369.57,712.75,369.47,712.81,369.39,712.82,369.27,712.90,369.71,713.05,369.73,713.14,369.68,713.20,369.59,712.96,369.78,713.11,369.79,713.21,369.75,713.31,369.67,712.96,369.81,713.09,369.81,713.20,369.77,713.29,369.69,712.95,369.80,713.05,369.80,713.14,369.78,713.20,369.72
ND_6r2XbLF9A-c_frame011981_r.jpg,0,580.14,232.72,580.08,232.84,579.97,232.88,579.88,232.93,579.78,233.01,580.19,233.07,580.17,233.18,580.11,233.21,580.04,233.26,580.24,233.08,580.21,233.19,580.15,233.23,580.07,233.30,580.25,233.02,580.22,233.13,580.17,233.21,580.12,233.30,580.24,232.97,580.23,233.05,580.22,233.12,580.22,233.22
ND_6r2XbLF9A-c_frame013179_r.jpg,0,589.66,522.24,589.66,522.06,589.72,521.93,589.81,521.84,589.89,521.69,589.87,521.96,589.95,521.83,589.92,521.76,589.85,521.74,589.97,522.03,590.01,521.88,589.93,521.87,589.82,521.91,590.02,522.12,590.02,521.98,589.92,521.99,589.83,522.05,590.04,522.18,590.04,522.08,589.96,522.09,589.90,522.16
ND_6r2XbLF9A-c_frame014377_r.jpg,0,706.62,727.81,706.48,727.83,706.38,727.89,706.31,727.97,706.24,728.09,706.42,728.06,706.34,728.17,706.27,728.19,706.20,728.19,706.46,728.14,706.37,728.23,706.29,728.26,706.20,728.27,706.51,728.14,706.41,728.20,706.33,728.24,706.22,728.24,706.55,728.13,706.47,728.15,706.39,728.17,706.31,728.20
ND_6r2XbLF9A-c_frame014976_r.jpg,0,711.00,661.17,710.93,661.30,710.91,661.40,710.92,661.49,710.91,661.55,711.06,661.52,711.02,661.60,710.95,661.57,710.88,661.51,711.13,661.52,711.09,661.60,711.01,661.58,710.93,661.51,711.17,661.46,711.11,661.55,711.02,661.54,710.94,661.48,711.17,661.40,711.13,661.47,711.06,661.49,710.99,661.46
ND_6u16qudA9GI_frame001795_l.jpg,0,274.04,373.65,273.97,373.52,273.92,373.43,273.94,373.40,273.95,373.40,274.09,373.39,274.07,373.35,274.01,373.39,273.95,373.44,274.15,373.45,274.13,373.43,274.06,373.46,273.99,373.48,274.17,373.56,274.14,373.53,274.08,373.55,274.00,373.57,274.16,373.65,274.13,373.64,274.09,373.65,274.02,373.65
ND_6xXnuZaeBxg_frame001251_r.jpg,0,-302.82,-386.12,-302.51,-385.75,-302.51,-385.36,-302.62,-385.04,-302.77,-384.63,-302.70,-384.97,-302.70,-384.56,-302.73,-384.39,-302.74,-384.36,-303.01,-384.93,-303.04,-384.59,-303.01,-384.50,-302.92,-384.58,-303.28,-385.13,-303.28,-384.79,-303.22,-384.68,-303.09,-384.77,-303.46,-385.31,-303.51,-385.05,-303.47,-384.88,-303.36,-384.80
ND_6xXnuZaeBxg_frame002751_r.jpg,0,290.74,-163.56,290.56,-163.48,290.41,-163.33,290.32,-163.17,290.22,-162.95,290.59,-163.06,290.43,-162.89,290.29,-162.86,290.13,-162.86,290.66,-162.95,290.57,-162.76,290.42,-162.74,290.26,-162.81,290.70,-162.97,290.61,-162.82,290.44,-162.78,290.28,-162.82,290.71,-163.01,290.62,-162.92,290.50,-162.87,290.36,-162.87
ND_6xXnuZaeBxg_frame003501_r.jpg,0,212.11,393.38,212.08,393.35,212.08,393.31,212.07,393.27,212.04,393.22,212.14,393.31,212.14,393.26,212.11,393.23,212.08,393.20,212.18,393.30,212.14,393.26,212.10,393.25,212.06,393.24,212.20,393.29,212.16,393.27,212.11,393.27,212.07,393.26,212.20,393.28,212.17,393.28,212.14,393.30,212.12,393.33
ND_73kCoVnL4ac_frame004801_r.jpg,0,160.93,258.83,161.04,258.65,161.14,258.53,161.23,258.43,161.36,258.29,160.88,258.36,160.85,258.18,160.87,258.08,160.92,257.97,160.75,258.35,160.71,258.19,160.69,258.07,160.68,257.93,160.68,258.43,160.62,258.30,160.56,258.17,160.52,258.04,160.65,258.51,160.56,258.44,160.48,258.37,160.42,258.28
ND_73kCoVnL4ac_frame011701_r.jpg,0,-252.54,66.34,-252.87,66.37,-253.11,66.41,-253.33,66.34,-253.55,66.19,-253.14,66.48,-253.40,66.50,-253.57,66.44,-253.77,66.35,-253.03,66.40,-253.09,66.20,-253.10,66.00,-253.11,65.80,-252.84,66.26,-252.91,66.03,-252.88,65.84,-252.88,65.75,-252.71,66.12,-252.73,65.94,-252.71,65.80,-252.74,65.72
ND_73kCoVnL4ac_frame026701_l.jpg,0,68.86,-412.21,69.01,-412.89,69.39,-413.30,69.79,-413.58,70.31,-413.94,69.68,-413.50,70.20,-413.76,70.39,-413.81,70.34,-413.77,69.97,-413.22,70.43,-413.40,70.28,-413.37,69.96,-413.33,70.10,-412.75,70.37,-413.01,70.21,-412.98,69.95,-412.95,70.19,-412.39,70.28,-412.63,70.12,-412.61,69.91,-412.51
ND_73kCoVnL4ac_frame031801_r.jpg,0,-124.71,314.79,-124.84,314.56,-124.99,314.42,-124.96,314.25,-124.82,314.26,-124.63,314.17,-124.51,313.98,-124.52,313.87,-124.60,313.81,-124.50,314.18,-124.34,314.03,-124.39,313.94,-124.54,313.91,-124.45,314.30,-124.53,314.14,-124.66,314.22,-124.76,314.35,-124.44,314.41,-124.56,314.37,-124.65,314.45,-124.75,314.55
ND_74extqgChkA_frame000721_r.jpg,0,-163.50,-122.99,-163.52,-122.84,-163.70,-122.65,-163.78,-122.40,-163.82,-122.12,-164.08,-122.69,-164.08,-122.36,-163.92,-122.22,-163.72,-122.23,-164.24,-122.63,-164.21,-122.32,-164.05,-122.17,-163.81,-122.18,-164.22,-122.59,-164.35,-122.35,-164.43,-122.12,-164.55,-121.91,-164.16,-122.54,-164.27,-122.37,-164.37,-122.22,-164.45,-122.06
ND_74extqgChkA_frame000961_r.jpg,0,-298.45,-24.74,-298.81,-24.70,-299.03,-24.67,-299.18,-24.72,-299.12,-24.71,-299.21,-25.06,-299.49,-25.08,-299.50,-24.87,-299.37,-24.66,-299.11,-25.12,-299.36,-25.15,-299.52,-25.11,-299.71,-25.12,-298.91,-25.05,-299.13,-25.06,-299.32,-24.99,-299.53,-24.89,-298.74,-24.96,-298.91,-24.88,-299.02,-24.73,-299.09,-24.53
ND_775ELLuCEdw_frame000901_l.jpg,0,388.52,425.45,388.51,425.47,388.50,425.49,388.50,425.51,388.50,425.54,388.53,425.51,388.53,425.53,388.52,425.54,388.52,425.56,388.54,425.51,388.53,425.53,388.53,425.54,388.51,425.55,388.55,425.51,388.54,425.53,388.53,425.54,388.52,425.54,388.55,425.50,388.55,425.52,388.54,425.53,388.53,425.54
ND_775ELLuCEdw_frame016501_l.jpg,0,701.21,297.93,701.20,297.89,701.19,297.86,701.19,297.84,701.19,297.82,701.16,297.86,701.16,297.85,701.19,297.84,701.21,297.83,701.16,297.88,701.19,297.87,701.22,297.86,701.24,297.84,701.17,297.91,701.20,297.89,701.23,297.88,701.25,297.86,701.19,297.93,701.21,297.91,701.23,297.90,701.25,297.89
ND_784sK2vadfw_frame000901_l.jpg,0,168.59,-31.02,168.71,-30.98,168.83,-30.96,168.92,-30.89,168.90,-30.76,168.73,-30.73,168.75,-30.61,168.78,-30.52,168.82,-30.46,168.67,-30.67,168.71,-30.56,168.76,-30.51,168.81,-30.48,168.62,-30.69,168.69,-30.60,168.75,-30.58,168.78,-30.59,168.60,-30.71,168.66,-30.66,168.71,-30.63,168.73,-30.64
ND_784sK2vadfw_frame003001_l.jpg,0,115.51,-16.49,115.76,-16.45,115.96,-16.37,116.12,-16.29,116.36,-16.20,115.85,-16.11,115.93,-15.90,116.03,-15.79,116.15,-15.74,115.73,-15.98,115.81,-15.78,115.92,-15.71,116.02,-15.70,115.59,-15.95,115.71,-15.78,115.80,-15.70,115.87,-15.69,115.51,-15.93,115.59,-15.82,115.65,-15.73,115.71,-15.72
ND_7DY_agzeyn4_frame007775_r.jpg,0,-272.02,162.18,-272.25,162.42,-272.38,162.20,-272.52,161.94,-272.84,161.66,-271.85,162.33,-272.21,162.05,-272.48,161.92,-272.80,161.76,-271.66,162.02,-272.09,161.83,-272.41,161.74,-272.78,161.63,-271.64,161.71,-272.01,161.63,-272.37,161.58,-272.75,161.55,-271.68,161.47,-271.86,161.35,-272.10,161.31,-272.43,161.33
ND_7DY_agzeyn4_frame011363_r.jpg,0,2.89,-444.50,2.60,-444.70,2.18,-444.82,1.80,-444.89,1.28,-444.91,2.07,-445.45,1.63,-445.58,1.32,-445.51,1.00,-445.35,1.96,-445.47,1.52,-445.42,1.21,-445.30,0.92,-445.18,1.98,-445.23,1.61,-445.21,1.28,-445.09,1.03,-445.00,1.99,-444.98,1.74,-445.01,1.51,-444.96,1.24,-444.93
ND_7PNs9dNO3tU_frame004187_r.jpg,0,508.15,188.71,508.10,188.58,508.02,188.51,507.93,188.48,507.82,188.44,507.88,188.53,507.77,188.51,507.76,188.51,507.81,188.51,507.83,188.60,507.73,188.57,507.70,188.56,507.70,188.54,507.85,188.69,507.75,188.64,507.68,188.61,507.60,188.57,507.87,188.75,507.80,188.74,507.73,188.74,507.65,188.74
ND_7Rn1xsOPowg_frame000001_r.jpg,0,119.05,-28.35,119.10,-28.31,119.11,-28.17,119.11,-28.04,119.15,-27.85,118.91,-28.07,119.04,-27.95,119.12,-28.01,119.11,-28.11,118.86,-27.98,119.00,-27.88,119.12,-27.92,119.18,-28.03,118.88,-27.95,119.00,-27.85,119.12,-27.89,119.18,-28.00,118.92,-27.93,118.96,-27.83,119.01,-27.74,119.07,-27.64
ND_7buWIULbjis_frame003825_r.jpg,0,828.31,305.51,828.69,305.34,828.93,305.22,829.09,305.05,829.03,304.80,828.77,304.62,828.84,304.31,828.95,304.46,829.06,304.70,828.59,304.50,828.83,304.38,828.94,304.61,828.98,304.88,828.40,304.60,828.68,304.44,828.87,304.62,828.97,304.89,828.29,304.72,828.46,304.56,828.67,304.57,828.88,304.69
ND_7jOlCH5nc3g_frame001251_l.jpg,0,246.00,-275.03,245.83,-274.79,245.63,-274.37,245.47,-273.97,245.28,-273.43,244.88,-274.44,244.71,-273.94,244.88,-273.63,245.19,-273.39,244.73,-274.31,244.94,-273.85,245.21,-273.60,245.53,-273.35,244.90,-274.25,245.08,-273.87,245.36,-273.61,245.68,-273.39,245.11,-274.18,245.20,-273.91,245.41,-273.73,245.67,-273.60
ND_7jOlCH5nc3g_frame008251_l.jpg,0,827.89,233.66,827.84,233.57,827.80,233.49,827.79,233.41,827.78,233.34,827.90,233.40,827.94,233.33,827.93,233.36,827.90,233.40,827.98,233.40,827.99,233.39,827.97,233.42,827.95,233.45,828.03,233.45,828.03,233.43,828.01,233.46,828.00,233.49,828.07,233.50,828.07,233.47,828.06,233.49,828.05,233.52
ND_7la9mZttnOs_frame000898_l.jpg,0,95.33,-595.40,95.04,-595.26,94.67,-595.25,94.31,-595.21,93.85,-595.09,94.21,-595.47,93.79,-595.34,93.52,-595.23,93.19,-595.14,94.09,-595.50,93.70,-595.35,93.41,-595.25,93.07,-595.19,94.22,-595.42,93.85,-595.36,93.53,-595.28,93.21,-595.23,94.35,-595.30,94.08,-595.34,93.83,-595.31,93.57,-595.29
ND_7oSKGcApCoM_frame004785_l.jpg,0,181.71,246.53,181.69,246.46,181.67,246.41,181.65,246.37,181.64,246.33,181.60,246.43,181.55,246.41,181.52,246.40,181.49,246.38,181.57,246.46,181.54,246.45,181.51,246.44,181.48,246.42,181.57,246.50,181.53,246.48,181.50,246.48,181.47,246.46,181.57,246.54,181.54,246.53,181.51,246.52,181.48,246.51
ND_7oSKGcApCoM_frame006878_r.jpg,0,299.11,188.83,299.02,188.83,298.94,188.82,298.87,188.80,298.82,188.80,298.95,188.72,298.90,188.72,298.87,188.74,298.86,188.79,299.00,188.70,298.96,188.72,298.95,188.75,298.93,188.80,299.07,188.72,299.02,188.73,299.01,188.76,298.99,188.82,299.11,188.76,299.08,188.74,299.06,188.77,299.05,188.81
ND_7oSKGcApCoM_frame009270_r.jpg,0,852.69,-0.50,852.74,-0.48,852.80,-0.45,852.85,-0.42,852.93,-0.42,852.85,-0.56,852.91,-0.53,852.94,-0.49,852.95,-0.44,852.87,-0.59,852.93,-0.54,852.94,-0.50,852.93,-0.44,852.86,-0.58,852.91,-0.55,852.93,-0.49,852.91,-0.45,852.86,-0.57,852.89,-0.54,852.90,-0.51,852.88,-0.48
ND_7wwZuka0f_c_frame000251_l.jpg,0,997.57,408.03,997.72,408.10,997.85,408.12,997.90,408.17,997.86,408.25,997.81,408.04,997.87,408.09,997.86,408.18,997.84,408.30,997.72,408.01,997.68,408.15,997.65,408.26,997.63,408.38,997.59,408.02,997.57,408.15,997.55,408.27,997.54,408.39,997.49,408.05,997.47,408.13,997.46,408.22,997.47,408.31
ND_7wwZuka0f_c_frame011501_r.jpg,0,839.83,553.42,839.76,553.34,839.69,553.29,839.61,553.26,839.52,553.26,839.59,553.34,839.52,553.33,839.57,553.33,839.64,553.35,839.57,553.40,839.53,553.40,839.58,553.40,839.66,553.40,839.60,553.47,839.54,553.45,839.58,553.45,839.65,553.45,839.62,553.52,839.57,553.51,839.61,553.50,839.66,553.50
ND_82062f4x_IE_frame005383_r.jpg,0,575.29,117.77,575.21,117.92,575.11,118.06,575.06,118.20,574.97,118.37,575.24,118.27,575.15,118.42,575.04,118.47,574.90,118.51,575.25,118.28,575.19,118.44,575.06,118.45,574.94,118.39,575.23,118.19,575.20,118.34,575.06,118.32,574.97,118.24,575.20,118.10,575.16,118.21,575.07,118.23,574.99,118.20
ND_86gHTpFZBvM_frame002996_r.jpg,0,-142.32,-831.11,-141.81,-831.23,-141.02,-831.23,-140.34,-831.12,-139.54,-830.69,-140.95,-832.62,-140.16,-832.90,-139.65,-832.67,-139.08,-832.41,-140.75,-832.86,-139.99,-833.08,-139.51,-832.75,-139.16,-832.28,-140.75,-832.64,-140.05,-832.67,-139.50,-832.40,-139.02,-832.16,-140.73,-832.33,-140.21,-832.33,-139.78,-832.22,-139.30,-832.14
ND_86gHTpFZBvM_frame005392_l.jpg,0,-566.93,-260.11,-567.74,-260.82,-568.63,-260.98,-569.43,-261.04,-570.44,-261.16,-567.85,-262.58,-567.97,-263.49,-568.32,-263.91,-568.82,-264.21,-567.59,-262.58,-567.95,-263.13,-568.50,-263.20,-569.20,-263.15,-567.38,-262.03,-567.92,-262.43,-568.55,-262.36,-569.27,-262.24,-567.31,-261.49,-567.81,-261.61,-568.33,-261.47,-568.90,-261.34
ND_86gHTpFZBvM_frame035941_r.jpg,0,667.40,106.87,667.43,106.69,667.44,106.52,667.56,106.47,667.68,106.58,667.90,106.53,668.06,106.49,668.04,106.54,667.97,106.59,668.04,106.66,668.08,106.68,668.00,106.74,667.92,106.78,668.03,106.85,668.11,106.85,668.03,106.90,667.94,106.91,668.00,107.02,668.15,106.99,668.21,106.97,668.18,106.96
ND_86gHTpFZBvM_frame041931_r.jpg,0,858.72,347.53,858.99,347.30,859.33,347.24,859.64,347.30,860.06,347.29,859.66,347.57,860.02,347.62,860.17,347.48,860.13,347.24,859.76,347.75,860.10,347.70,860.15,347.51,860.11,347.24,859.66,347.81,859.98,347.74,860.09,347.54,860.06,347.27,859.57,347.81,859.78,347.70,859.88,347.52,859.85,347.30
ND_86gHTpFZBvM_frame043728_r.jpg,0,819.77,597.27,819.77,597.25,819.76,597.20,819.74,597.18,819.70,597.08,819.45,597.17,819.32,597.10,819.28,597.02,819.25,596.90,819.36,597.09,819.29,596.96,819.29,596.85,819.28,596.73,819.38,597.03,819.31,596.95,819.29,596.84,819.28,596.73,819.42,596.97,819.35,596.93,819.32,596.85,819.34,596.78
ND_86gHTpFZBvM_frame045525_l.jpg,0,563.60,616.57,563.69,616.53,563.75,616.47,563.78,616.45,563.82,616.40,563.57,616.55,563.65,616.65,563.73,616.70,563.79,616.74,563.49,616.63,563.57,616.74,563.65,616.81,563.74,616.85,563.46,616.72,563.53,616.82,563.61,616.89,563.69,616.93,563.46,616.79,563.50,616.86,563.56,616.92,563.62,616.94
ND_87zqp3R54YQ_frame000300_r.jpg,0,223.20,312.61,223.19,312.67,223.20,312.73,223.23,312.76,223.30,312.78,223.27,312.72,223.31,312.77,223.29,312.77,223.25,312.75,223.32,312.70,223.33,312.76,223.31,312.76,223.27,312.72,223.34,312.67,223.35,312.73,223.33,312.74,223.29,312.72,223.35,312.66,223.38,312.69,223.38,312.72,223.34,312.74
ND_87zqp3R54YQ_frame018240_l.jpg,0,171.88,245.68,171.78,245.43,171.74,245.23,171.71,245.04,171.73,244.80,171.83,245.31,171.72,245.24,171.59,245.22,171.45,245.18,171.83,245.45,171.71,245.43,171.59,245.42,171.44,245.39,171.80,245.63,171.73,245.59,171.60,245.59,171.46,245.55,171.75,245.76,171.70,245.77,171.62,245.78,171.53,245.77
ND_87zqp3R54YQ_frame026612_l.jpg,0,749.25,408.33,749.29,408.33,749.32,408.35,749.35,408.37,749.38,408.40,749.29,408.41,749.32,408.44,749.35,408.46,749.38,408.47,749.29,408.43,749.32,408.46,749.35,408.48,749.38,408.49,749.28,408.44,749.31,408.47,749.33,408.49,749.36,408.51,749.28,408.44,749.30,408.46,749.32,408.48,749.34,408.49
ND_87zqp3R54YQ_frame031097_l.jpg,0,351.87,297.83,351.91,297.89,351.95,297.94,351.93,297.99,351.89,298.03,351.87,298.01,351.86,298.07,351.86,298.11,351.86,298.15,351.82,298.01,351.79,298.07,351.79,298.10,351.79,298.13,351.79,297.98,351.76,298.03,351.75,298.07,351.74,298.10,351.77,297.95,351.74,297.98,351.72,297.99,351.70,298.01
ND_87zqp3R54YQ_frame033788_l.jpg,0,395.80,223.95,395.73,223.99,395.67,224.02,395.63,224.05,395.60,224.09,395.61,223.96,395.57,224.02,395.56,224.06,395.56,224.11,395.62,223.95,395.60,224.02,395.60,224.07,395.60,224.12,395.66,223.96,395.63,224.01,395.63,224.06,395.63,224.11,395.70,223.97,395.67,224.00,395.67,224.04,395.67,224.07
ND_89M9PT6Kmd8_frame000501_l.jpg,0,-32.10,156.88,-31.84,156.81,-31.63,156.71,-31.41,156.69,-31.24,156.81,-31.50,157.18,-31.27,157.31,-31.11,157.37,-30.93,157.46,-31.51,157.33,-31.37,157.17,-31.29,157.05,-31.27,156.89,-31.60,157.34,-31.45,157.19,-31.39,157.04,-31.36,156.90,-31.67,157.32,-31.56,157.20,-31.50,157.08,-31.46,156.94
ND_8NkoRkhCAnU_frame000599_l.jpg,0,570.69,315.74,570.91,315.60,571.07,315.61,571.17,315.75,571.28,315.93,570.70,315.65,570.76,315.79,570.87,315.94,571.02,316.12,570.54,315.86,570.66,316.15,570.83,316.32,571.08,316.42,570.48,316.08,570.64,316.30,570.87,316.42,571.09,316.43,570.48,316.25,570.67,316.35,570.85,316.40,570.99,316.37
ND_8NkoRkhCAnU_frame002393_l.jpg,0,609.43,433.67,609.48,433.70,609.53,433.75,609.55,433.80,609.57,433.86,609.46,433.81,609.48,433.88,609.50,433.91,609.52,433.93,609.42,433.84,609.44,433.90,609.47,433.93,609.49,433.96,609.40,433.84,609.42,433.89,609.45,433.92,609.47,433.95,609.40,433.83,609.41,433.87,609.43,433.90,609.45,433.93
ND_8NkoRkhCAnU_frame003589_l.jpg,0,456.96,185.24,457.00,185.06,457.08,184.97,457.19,184.94,457.32,184.94,457.04,184.95,457.18,184.91,457.29,184.91,457.38,184.94,457.09,185.04,457.23,185.01,457.33,185.01,457.40,185.03,457.13,185.16,457.26,185.11,457.31,185.09,457.28,185.09,457.18,185.24,457.26,185.19,457.29,185.15,457.27,185.14
ND_8NkoRkhCAnU_frame006878_r.jpg,0,477.27,372.94,477.23,372.93,477.15,372.95,477.08,372.98,477.00,373.03,477.05,372.92,476.98,372.98,476.95,373.03,476.91,373.09,477.02,372.96,476.97,373.02,476.94,373.08,476.90,373.13,477.04,373.00,477.00,373.05,476.97,373.10,476.93,373.15,477.07,373.05,477.05,373.08,477.02,373.12,476.98,373.17
ND_8Udzbz2PuTE_frame000895_l.jpg,0,399.13,347.89,399.21,347.74,399.34,347.69,399.46,347.69,399.57,347.74,399.24,347.73,399.38,347.75,399.49,347.77,399.60,347.79,399.25,347.85,399.39,347.88,399.51,347.88,399.59,347.86,399.26,347.97,399.40,347.99,399.53,347.97,399.63,347.94,399.29,348.06,399.40,348.06,399.49,348.05,399.60,348.03
ND_8Udzbz2PuTE_frame001193_r.jpg,0,630.15,175.72,630.03,175.66,629.92,175.63,629.82,175.66,629.73,175.73,629.86,175.80,629.76,175.86,629.68,175.88,629.61,175.86,629.87,175.89,629.75,175.91,629.68,175.89,629.64,175.83,629.92,175.93,629.81,175.91,629.74,175.89,629.67,175.84,629.95,175.95,629.88,175.93,629.82,175.90,629.77,175.85
ND_8Udzbz2PuTE_frame001789_l.jpg,0,288.60,417.73,288.68,417.69,288.75,417.68,288.79,417.69,288.82,417.69,288.72,417.74,288.76,417.78,288.81,417.82,288.87,417.85,288.70,417.80,288.77,417.85,288.82,417.89,288.89,417.92,288.67,417.86,288.72,417.90,288.78,417.93,288.84,417.95,288.66,417.90,288.70,417.93,288.75,417.96,288.80,417.97
ND_8Udzbz2PuTE_frame002087_r.jpg,0,654.50,344.40,654.45,344.36,654.41,344.31,654.36,344.31,654.30,344.33,654.33,344.33,654.27,344.31,654.26,344.34,654.27,344.37,654.32,344.36,654.25,344.36,654.26,344.39,654.28,344.42,654.34,344.41,654.28,344.41,654.27,344.44,654.29,344.46,654.36,344.45,654.32,344.45,654.29,344.47,654.29,344.47
ND_8Udzbz2PuTE_frame003875_l.jpg,0,694.47,279.43,694.40,279.35,694.39,279.31,694.41,279.30,694.44,279.28,694.30,279.39,694.27,279.36,694.32,279.33,694.38,279.31,694.33,279.45,694.35,279.41,694.39,279.36,694.45,279.31,694.39,279.48,694.41,279.46,694.46,279.41,694.50,279.35,694.46,279.50,694.49,279.48,694.53,279.44,694.55,279.39
ND_8fRxamj-yEY_frame000898_r.jpg,0,411.71,89.47,411.72,89.55,411.67,89.60,411.63,89.64,411.61,89.70,411.60,89.60,411.54,89.66,411.51,89.69,411.47,89.74,411.55,89.59,411.51,89.65,411.48,89.70,411.45,89.74,411.54,89.56,411.50,89.61,411.46,89.65,411.42,89.69,411.53,89.54,411.49,89.57,411.46,89.59,411.41,89.61
ND_8fRxamj-yEY_frame004187_r.jpg,0,346.40,509.74,346.56,509.70,346.69,509.69,346.79,509.71,346.94,509.68,346.72,509.71,346.82,509.82,346.88,509.89,346.95,509.96,346.69,509.78,346.78,509.89,346.84,509.96,346.91,510.04,346.61,509.86,346.71,509.93,346.79,510.00,346.87,510.06,346.54,509.93,346.62,509.98,346.68,510.04,346.75,510.09
ND_8fRxamj-yEY_frame012858_r.jpg,0,526.88,293.85,526.90,293.82,526.89,293.77,526.86,293.71,526.79,293.68,526.99,293.69,526.96,293.63,526.92,293.62,526.88,293.61,526.99,293.66,527.02,293.59,526.99,293.56,526.95,293.56,526.95,293.66,526.99,293.61,526.98,293.57,526.95,293.55,526.91,293.66,526.95,293.63,526.95,293.59,526.95,293.57
ND_8inYaJUPVE0_frame001801_l.jpg,0,-522.69,-146.66,-522.02,-146.91,-521.71,-147.06,-521.51,-146.54,-521.65,-145.97,-520.83,-145.60,-520.88,-145.28,-521.25,-145.47,-521.61,-145.70,-521.08,-144.92,-521.41,-144.69,-521.75,-144.92,-522.05,-145.17,-521.76,-144.63,-521.86,-144.40,-522.13,-144.59,-522.35,-144.89,-522.38,-144.52,-522.35,-144.39,-522.45,-144.52,-522.54,-144.80
ND_8xzutlyuouc_frame000001_r.jpg,0,-283.92,-259.28,-283.55,-258.98,-283.35,-258.75,-283.29,-258.53,-283.17,-258.32,-283.48,-258.68,-283.49,-258.31,-283.50,-258.02,-283.52,-257.69,-283.77,-258.66,-283.77,-258.27,-283.78,-257.97,-283.79,-257.63,-284.09,-258.69,-284.11,-258.38,-284.16,-258.07,-284.18,-257.74,-284.33,-258.69,-284.39,-258.46,-284.46,-258.24,-284.52,-257.97
ND_8xzutlyuouc_frame000601_r.jpg,0,68.11,60.18,68.34,59.94,68.57,59.78,68.66,59.57,68.55,59.33,68.54,59.60,68.47,59.32,68.40,59.14,68.29,58.94,68.39,59.57,68.28,59.31,68.18,59.17,68.13,59.04,68.16,59.63,68.19,59.38,68.09,59.24,68.03,59.16,67.98,59.67,68.03,59.50,68.01,59.38,68.02,59.32
ND_8zpyU5PmIiI_frame000251_r.jpg,0,105.85,-17.40,105.74,-17.62,105.47,-17.75,105.21,-17.81,104.83,-17.84,105.20,-17.41,104.87,-17.47,104.70,-17.64,104.57,-17.87,105.02,-17.28,104.72,-17.37,104.55,-17.54,104.45,-17.79,104.99,-17.23,104.76,-17.30,104.56,-17.47,104.48,-17.69,104.98,-17.25,104.84,-17.35,104.70,-17.47,104.65,-17.63
ND_8zpyU5PmIiI_frame000501_r.jpg,0,-114.28,-245.91,-114.43,-246.06,-114.76,-246.20,-115.07,-246.29,-115.45,-246.47,-115.04,-245.74,-115.40,-245.90,-115.60,-246.06,-115.86,-246.21,-115.23,-245.63,-115.49,-245.90,-115.68,-246.10,-115.91,-246.29,-115.24,-245.66,-115.47,-245.88,-115.70,-246.06,-115.89,-246.24,-115.23,-245.73,-115.37,-245.90,-115.54,-246.02,-115.74,-246.14
ND_8zpyU5PmIiI_frame002001_l.jpg,0,127.17,-380.50,126.85,-380.38,126.62,-380.21,126.41,-379.98,126.15,-379.67,126.16,-380.36,125.84,-380.17,125.78,-379.93,125.86,-379.67,126.16,-380.30,126.05,-379.96,126.11,-379.72,126.24,-379.52,126.37,-380.21,126.28,-379.92,126.38,-379.70,126.50,-379.54,126.57,-380.12,126.52,-379.91,126.58,-379.77,126.65,-379.66
ND_9DBUFeYPDWc_frame000898_r.jpg,0,441.16,404.74,440.91,404.75,440.78,404.65,440.68,404.55,440.54,404.43,440.75,404.82,440.65,404.71,440.57,404.59,440.48,404.44,440.85,404.76,440.74,404.62,440.65,404.49,440.54,404.35,441.00,404.66,440.85,404.57,440.74,404.44,440.62,404.32,441.11,404.56,440.98,404.51,440.87,404.44,440.73,404.35
ND_9DBUFeYPDWc_frame001197_r.jpg,0,217.29,376.02,217.12,375.81,217.13,375.73,217.24,375.66,217.43,375.60,217.16,375.83,217.34,375.63,217.44,375.49,217.47,375.38,217.35,375.90,217.48,375.67,217.57,375.49,217.62,375.30,217.54,375.95,217.62,375.72,217.69,375.52,217.72,375.34,217.68,375.96,217.71,375.79,217.74,375.63,217.73,375.46
ND_9DBUFeYPDWc_frame001496_r.jpg,0,120.20,102.39,120.17,102.51,120.19,102.62,120.27,102.68,120.38,102.65,120.36,102.70,120.44,102.75,120.44,102.70,120.40,102.62,120.46,102.66,120.54,102.68,120.52,102.63,120.46,102.57,120.50,102.56,120.60,102.61,120.59,102.59,120.53,102.55,120.52,102.47,120.60,102.49,120.63,102.50,120.60,102.49
ND_9DBUFeYPDWc_frame001795_l.jpg,0,386.91,336.48,387.01,336.24,387.22,336.18,387.43,336.17,387.70,336.16,387.19,336.32,387.46,336.31,387.63,336.28,387.82,336.25,387.27,336.50,387.52,336.43,387.69,336.36,387.85,336.26,387.32,336.66,387.52,336.55,387.69,336.45,387.79,336.33,387.37,336.75,387.48,336.63,387.60,336.53,387.72,336.43
ND_9DBUFeYPDWc_frame009569_r.jpg,0,651.08,134.01,651.11,134.10,651.19,134.16,651.26,134.21,651.36,134.28,651.30,134.07,651.40,134.06,651.47,134.09,651.52,134.16,651.36,134.02,651.46,134.03,651.53,134.07,651.58,134.14,651.36,134.00,651.44,134.03,651.52,134.07,651.55,134.15,651.36,133.99,651.41,134.02,651.46,134.06,651.48,134.11
ND_9I7xvdL2504_frame005084_r.jpg,0,177.95,358.77,177.88,358.77,177.81,358.79,177.77,358.83,177.72,358.89,177.78,358.86,177.76,358.92,177.79,358.92,177.82,358.90,177.80,358.91,177.79,358.96,177.82,358.95,177.85,358.92,177.86,358.93,177.83,358.97,177.86,358.97,177.88,358.94,177.90,358.94,177.88,358.97,177.89,358.98,177.90,358.96
ND_9I7xvdL2504_frame007177_l.jpg,0,377.47,248.75,377.40,248.76,377.35,248.75,377.30,248.75,377.23,248.75,377.32,248.70,377.27,248.73,377.26,248.77,377.29,248.80,377.33,248.69,377.29,248.74,377.28,248.78,377.29,248.79,377.36,248.71,377.32,248.74,377.30,248.78,377.32,248.79,377.39,248.74,377.35,248.74,377.33,248.77,377.34,248.79
ND_9I7xvdL2504_frame011064_l.jpg,0,484.43,342.44,484.38,342.39,484.33,342.36,484.28,342.35,484.22,342.33,484.30,342.34,484.24,342.37,484.26,342.39,484.30,342.39,484.29,342.37,484.26,342.41,484.29,342.42,484.33,342.42,484.31,342.42,484.27,342.44,484.30,342.46,484.34,342.45,484.32,342.46,484.29,342.47,484.32,342.48,484.35,342.47
ND_9J5JTOq2qGM_frame017343_r.jpg,0,247.00,37.68,247.07,37.32,247.13,37.06,247.27,36.93,247.42,36.87,247.59,37.17,247.78,37.07,247.84,37.00,247.91,36.96,247.67,37.36,247.81,37.22,247.85,37.11,247.91,37.00,247.56,37.59,247.55,37.43,247.45,37.32,247.30,37.22,247.44,37.76,247.40,37.65,247.28,37.56,247.11,37.47
ND_9J5JTOq2qGM_frame025715_r.jpg,0,357.46,138.77,357.57,138.77,357.66,138.80,357.73,138.84,357.79,138.92,357.72,138.86,357.79,138.94,357.82,138.99,357.85,139.02,357.69,138.93,357.75,139.00,357.77,139.02,357.77,139.00,357.62,138.97,357.66,138.99,357.66,138.97,357.66,138.95,357.56,138.99,357.59,138.99,357.59,138.97,357.58,138.95
ND_9L9DwTyzWGw_frame008401_l.jpg,0,-536.88,-357.56,-537.31,-357.94,-537.79,-358.31,-538.14,-358.83,-538.62,-359.55,-537.00,-359.44,-537.25,-360.20,-537.71,-360.47,-538.29,-360.49,-536.83,-359.76,-537.08,-360.48,-537.60,-360.66,-538.20,-360.52,-536.83,-359.63,-537.11,-360.27,-537.67,-360.47,-538.24,-360.39,-536.93,-359.47,-537.24,-359.86,-537.65,-360.04,-538.08,-360.00
ND_9M7mRgF3zqw_frame001001_l.jpg,0,-578.31,-464.55,-578.88,-464.87,-579.43,-465.15,-579.93,-465.34,-580.57,-465.54,-579.28,-466.06,-579.93,-466.09,-580.33,-465.91,-580.70,-465.61,-579.21,-466.15,-579.81,-466.00,-580.14,-465.67,-580.10,-465.27,-579.06,-465.85,-579.63,-465.83,-579.95,-465.47,-579.70,-465.22,-578.99,-465.54,-579.39,-465.65,-579.66,-465.44,-579.54,-465.20
ND_9SreR6JHpi4_frame001751_l.jpg,0,139.34,-11.48,139.44,-11.45,139.54,-11.41,139.60,-11.34,139.66,-11.23,139.36,-11.45,139.31,-11.43,139.30,-11.37,139.29,-11.30,139.26,-11.42,139.20,-11.36,139.19,-11.29,139.17,-11.21,139.18,-11.38,139.15,-11.33,139.12,-11.24,139.12,-11.16,139.14,-11.33,139.10,-11.29,139.08,-11.23,139.07,-11.16
ND_9SreR6JHpi4_frame005251_r.jpg,0,65.95,-42.22,65.90,-42.15,65.84,-42.14,65.81,-42.14,65.74,-42.11,65.82,-42.21,65.75,-42.22,65.69,-42.21,65.63,-42.22,65.80,-42.27,65.72,-42.26,65.65,-42.26,65.59,-42.26,65.79,-42.31,65.72,-42.30,65.65,-42.29,65.59,-42.29,65.79,-42.34,65.73,-42.33,65.68,-42.33,65.62,-42.34
ND_9m2QA71f9zg_frame002991_l.jpg,0,13.50,-224.42,13.37,-224.30,13.24,-224.17,13.13,-224.04,13.02,-223.85,12.97,-224.30,12.84,-224.14,12.89,-224.01,12.99,-223.90,12.93,-224.31,12.80,-224.17,12.85,-224.04,12.95,-223.93,13.01,-224.31,12.89,-224.18,12.91,-224.03,12.98,-223.92,13.10,-224.29,13.02,-224.18,13.01,-224.07,13.04,-223.96
ND_9m2QA71f9zg_frame003290_l.jpg,0,53.18,-190.38,53.24,-190.22,53.19,-190.04,53.14,-189.88,53.13,-189.67,52.93,-190.04,52.82,-189.87,52.79,-189.73,52.76,-189.57,52.80,-190.03,52.73,-189.84,52.72,-189.70,52.72,-189.53,52.76,-190.07,52.67,-189.93,52.61,-189.79,52.56,-189.63,52.76,-190.08,52.67,-189.99,52.59,-189.90,52.54,-189.80
ND_9mIwp8TZtfU_frame000751_r.jpg,0,-100.21,-36.96,-100.35,-36.85,-100.50,-36.84,-100.63,-36.81,-100.76,-36.68,-100.66,-36.93,-100.81,-36.98,-100.88,-37.02,-100.96,-37.07,-100.67,-37.05,-100.66,-37.02,-100.56,-36.98,-100.44,-36.96,-100.59,-37.15,-100.62,-37.11,-100.52,-37.07,-100.42,-37.01,-100.51,-37.22,-100.59,-37.20,-100.55,-37.17,-100.48,-37.12
ND_9mIwp8TZtfU_frame008501_l.jpg,0,249.87,209.96,249.92,209.94,249.97,209.94,250.01,209.96,250.06,209.99,249.99,210.02,250.05,210.03,250.09,210.03,250.13,210.03,250.00,210.06,250.05,210.07,250.09,210.07,250.13,210.05,249.99,210.07,250.04,210.08,250.08,210.07,250.11,210.06,249.98,210.07,250.02,210.07,250.05,210.07,250.08,210.06
ND_9mIwp8TZtfU_frame008751_r.jpg,0,-20.71,153.79,-20.60,153.84,-20.55,153.89,-20.52,153.94,-20.48,154.02,-20.52,153.87,-20.48,153.92,-20.46,153.98,-20.43,154.03,-20.57,153.88,-20.55,153.95,-20.54,154.01,-20.53,154.08,-20.65,153.90,-20.62,153.97,-20.61,154.04,-20.59,154.11,-20.71,153.91,-20.71,153.97,-20.72,154.03,-20.72,154.10
ND_9mIwp8TZtfU_frame020251_r.jpg,0,137.01,149.62,136.98,149.56,136.99,149.50,137.00,149.46,136.98,149.43,137.03,149.45,137.05,149.39,137.01,149.38,136.97,149.38,137.06,149.45,137.01,149.43,136.99,149.46,136.97,149.50,137.07,149.48,137.02,149.47,137.01,149.52,137.01,149.56,137.07,149.50,137.03,149.51,137.04,149.54,137.05,149.58
ND_9mIwp8TZtfU_frame020751_l.jpg,0,387.51,250.61,387.59,250.62,387.63,250.67,387.65,250.73,387.69,250.79,387.59,250.72,387.62,250.78,387.64,250.83,387.67,250.88,387.55,250.76,387.56,250.83,387.59,250.87,387.63,250.89,387.51,250.77,387.55,250.83,387.59,250.85,387.61,250.85,387.49,250.78,387.54,250.81,387.57,250.83,387.59,250.84
ND_9rVoW69w7AM_frame000001_l.jpg,0,455.83,317.70,455.83,317.74,455.82,317.79,455.79,317.82,455.76,317.87,455.70,317.72,455.62,317.72,455.57,317.73,455.51,317.76,455.64,317.71,455.57,317.71,455.52,317.75,455.47,317.78,455.63,317.72,455.57,317.73,455.52,317.78,455.48,317.82,455.62,317.74,455.58,317.77,455.54,317.80,455.50,317.83
ND_9rVoW69w7AM_frame000898_r.jpg,0,209.44,199.42,209.40,199.39,209.35,199.38,209.31,199.39,209.25,199.39,209.32,199.33,209.27,199.33,209.23,199.34,209.20,199.37,209.31,199.34,209.26,199.36,209.23,199.38,209.19,199.40,209.32,199.38,209.27,199.39,209.24,199.41,209.21,199.43,209.32,199.41,209.30,199.42,209.28,199.44,209.25,199.46
ND_9rvZPdd6w84_frame000251_l.jpg,0,-206.86,307.04,-207.17,306.78,-207.39,306.54,-207.56,306.30,-207.59,306.05,-207.05,306.09,-207.30,305.84,-207.48,305.71,-207.69,305.61,-206.84,306.01,-206.97,305.71,-207.18,305.71,-207.39,305.82,-206.70,306.15,-206.82,305.86,-207.03,305.82,-207.25,305.89,-206.64,306.28,-206.71,306.06,-206.86,305.95,-207.07,305.91
ND_9rvZPdd6w84_frame002501_l.jpg,0,-294.94,35.05,-295.26,34.86,-295.53,34.64,-295.77,34.48,-296.08,34.32,-295.34,34.13,-295.61,33.90,-295.84,33.85,-296.09,33.87,-295.23,34.04,-295.43,33.78,-295.67,33.82,-295.89,34.00,-295.14,34.17,-295.36,33.95,-295.62,33.93,-295.88,34.05,-295.10,34.31,-295.29,34.18,-295.49,34.13,-295.73,34.15
ND_9t77e_omaho_frame002094_l.jpg,0,775.78,356.69,775.81,356.72,775.83,356.75,775.82,356.78,775.80,356.82,775.83,356.78,775.81,356.82,775.79,356.84,775.78,356.85,775.82,356.79,775.80,356.82,775.78,356.84,775.75,356.86,775.78,356.78,775.77,356.81,775.75,356.83,775.73,356.84,775.76,356.77,775.74,356.80,775.73,356.81,775.71,356.80
ND_9t77e_omaho_frame002393_l.jpg,0,668.19,207.27,668.24,207.26,668.28,207.25,668.31,207.26,668.32,207.27,668.27,207.30,668.30,207.33,668.32,207.35,668.34,207.37,668.25,207.34,668.28,207.37,668.30,207.40,668.33,207.42,668.23,207.36,668.26,207.39,668.29,207.42,668.31,207.44,668.22,207.38,668.24,207.40,668.26,207.42,668.28,207.44
ND_9t77e_omaho_frame002692_r.jpg,0,531.15,201.39,531.13,201.35,531.11,201.33,531.10,201.32,531.11,201.31,531.14,201.33,531.16,201.30,531.17,201.28,531.17,201.26,531.17,201.34,531.19,201.31,531.19,201.28,531.19,201.28,531.19,201.36,531.20,201.32,531.21,201.30,531.21,201.29,531.21,201.36,531.22,201.34,531.23,201.32,531.22,201.31
ND_9t77e_omaho_frame002991_l.jpg,0,763.02,293.15,763.07,293.17,763.11,293.20,763.12,293.24,763.12,293.28,763.11,293.23,763.12,293.28,763.12,293.28,763.11,293.25,763.09,293.25,763.09,293.30,763.08,293.29,763.08,293.27,763.04,293.25,763.05,293.30,763.05,293.29,763.04,293.27,763.01,293.26,763.02,293.29,763.01,293.28,763.01,293.26
ND_9vCidylDTVE_frame007751_l.jpg,0,-1128.07,-1266.10,-1128.41,-1267.63,-1129.54,-1268.81,-1130.67,-1269.80,-1132.22,-1271.01,-1128.63,-1271.03,-1129.51,-1272.59,-1130.68,-1272.94,-1132.05,-1273.01,-1129.10,-1271.10,-1130.53,-1272.07,-1131.77,-1272.29,-1133.11,-1272.38,-1129.66,-1270.12,-1130.95,-1271.01,-1132.25,-1271.31,-1133.49,-1271.59,-1130.23,-1269.21,-1131.22,-1269.69,-1132.15,-1270.03,-1133.31,-1270.63
ND_A1ShIZUWF4M_frame003001_r.jpg,0,782.44,477.89,782.35,477.93,782.28,477.94,782.23,477.90,782.26,477.88,782.21,477.89,782.19,477.87,782.22,477.87,782.27,477.89,782.21,477.83,782.21,477.82,782.24,477.83,782.27,477.85,782.25,477.78,782.22,477.75,782.25,477.77,782.29,477.80,782.29,477.74,782.26,477.72,782.26,477.73,782.28,477.76
ND_A1ShIZUWF4M_frame012301_l.jpg,0,966.11,429.76,966.24,429.74,966.34,429.77,966.40,429.84,966.47,429.93,966.36,429.92,966.45,429.99,966.47,429.96,966.45,429.93,966.34,429.99,966.42,430.05,966.43,430.01,966.41,429.97,966.28,430.02,966.37,430.06,966.38,430.03,966.36,430.00,966.24,430.02,966.30,430.06,966.32,430.05,966.32,430.01
ND_A1ShIZUWF4M_frame025501_r.jpg,0,840.47,-179.66,840.81,-179.74,841.15,-179.80,841.41,-179.92,841.80,-179.99,841.24,-180.36,841.61,-180.32,841.79,-180.13,842.03,-179.97,841.25,-180.45,841.62,-180.50,841.77,-180.27,841.87,-179.99,841.16,-180.32,841.49,-180.40,841.73,-180.24,841.89,-180.01,841.10,-180.17,841.33,-180.22,841.54,-180.19,841.78,-180.11
ND_APDLIziWowE_frame000501_r.jpg,0,-230.31,-374.38,-230.42,-373.88,-230.69,-373.59,-230.99,-373.51,-231.33,-373.40,-230.56,-373.50,-230.93,-373.30,-231.21,-373.21,-231.45,-373.18,-230.68,-373.73,-231.04,-373.50,-231.30,-373.35,-231.53,-373.21,-230.80,-374.07,-231.03,-373.88,-231.32,-373.73,-231.54,-373.54,-230.92,-374.32,-231.09,-374.13,-231.26,-373.96,-231.45,-373.75
ND_ASaCOlrn7F8_frame014102_l.jpg,0,687.91,598.20,687.98,598.23,688.02,598.29,688.04,598.35,688.06,598.40,687.93,598.35,687.96,598.43,687.99,598.48,688.03,598.50,687.89,598.39,687.93,598.46,687.96,598.49,688.00,598.52,687.87,598.39,687.90,598.45,687.94,598.49,687.97,598.51,687.86,598.39,687.88,598.44,687.91,598.47,687.95,598.48
ND_ASaCOlrn7F8_frame015058_r.jpg,0,340.02,268.71,339.96,268.62,339.94,268.53,339.90,268.47,339.86,268.39,340.03,268.45,340.04,268.36,340.04,268.30,340.03,268.24,340.10,268.45,340.06,268.40,340.03,268.45,340.02,268.52,340.15,268.50,340.10,268.49,340.07,268.55,340.04,268.59,340.19,268.54,340.13,268.54,340.13,268.59,340.14,268.63
ND_ASaCOlrn7F8_frame016014_r.jpg,0,549.92,236.80,549.88,236.75,549.84,236.72,549.79,236.70,549.73,236.69,549.78,236.77,549.72,236.77,549.70,236.74,549.70,236.71,549.76,236.80,549.70,236.79,549.71,236.76,549.74,236.73,549.77,236.82,549.73,236.80,549.73,236.77,549.75,236.73,549.78,236.83,549.75,236.81,549.74,236.79,549.76,236.76
ND_AWwHUWqD6po_frame029761_r.jpg,0,316.84,359.91,316.77,359.75,316.65,359.66,316.53,359.60,316.37,359.55,316.50,359.62,316.35,359.58,316.30,359.62,316.33,359.67,316.43,359.72,316.32,359.70,316.37,359.73,316.48,359.75,316.44,359.85,316.35,359.81,316.41,359.82,316.50,359.82,316.45,359.95,316.43,359.91,316.49,359.90,316.56,359.90
ND_AWwHUWqD6po_frame039601_r.jpg,0,-211.69,-25.10,-211.82,-25.26,-211.98,-25.32,-212.11,-25.38,-212.28,-25.48,-212.14,-25.27,-212.31,-25.24,-212.38,-25.22,-212.35,-25.25,-212.18,-25.14,-212.33,-25.12,-212.34,-25.14,-212.25,-25.20,-212.13,-25.01,-212.26,-25.05,-212.24,-25.09,-212.16,-25.17,-212.09,-24.91,-212.16,-24.96,-212.15,-25.00,-212.10,-25.07
ND_AWwHUWqD6po_frame045361_r.jpg,0,258.36,280.12,258.19,280.13,258.01,280.09,257.85,280.03,257.64,279.98,257.81,280.20,257.64,280.10,257.69,279.99,257.79,279.92,257.78,280.15,257.66,280.02,257.77,279.95,257.91,279.92,257.87,280.05,257.71,280.01,257.78,279.92,257.93,279.90,257.95,279.95,257.82,279.96,257.81,279.90,257.89,279.87
ND_AWwHUWqD6po_frame047041_r.jpg,0,244.39,246.65,244.28,246.57,244.15,246.46,244.01,246.42,243.82,246.39,244.08,246.28,243.91,246.23,243.84,246.33,243.87,246.45,244.05,246.26,243.88,246.32,243.85,246.43,243.90,246.53,244.06,246.35,243.91,246.38,243.88,246.50,243.93,246.58,244.06,246.45,243.97,246.49,243.96,246.57,243.98,246.64
ND_AXsrlpKORoo_frame010466_l.jpg,0,602.32,432.62,602.30,432.53,602.21,432.45,602.11,432.38,601.99,432.28,602.26,432.24,602.22,432.10,602.13,432.13,602.11,432.23,602.21,432.21,602.12,432.11,602.05,432.16,602.07,432.26,602.16,432.28,602.08,432.18,602.02,432.24,602.06,432.33,602.11,432.34,602.05,432.28,602.01,432.30,602.04,432.36
ND_AXsrlpKORoo_frame013755_l.jpg,0,1201.61,305.22,1201.69,305.13,1201.76,305.05,1201.83,305.02,1201.94,305.03,1201.83,305.00,1201.94,305.00,1202.00,305.03,1202.03,305.07,1201.85,305.04,1201.96,305.05,1202.03,305.08,1202.07,305.13,1201.85,305.13,1201.94,305.10,1202.01,305.13,1202.04,305.16,1201.84,305.20,1201.91,305.18,1201.97,305.18,1202.02,305.19
ND_AZkVezn7n4Q_frame054151_r.jpg,0,150.36,215.61,150.39,215.58,150.42,215.56,150.44,215.54,150.44,215.46,150.29,215.50,150.30,215.44,150.35,215.43,150.39,215.45,150.25,215.47,150.29,215.41,150.34,215.42,150.38,215.43,150.25,215.47,150.27,215.41,150.33,215.40,150.38,215.41,150.25,215.46,150.26,215.42,150.30,215.40,150.33,215.42
ND_AdKdya_Suvs_frame000001_l.jpg,0,-215.47,-39.98,-215.70,-40.36,-216.03,-40.67,-216.37,-40.87,-216.82,-41.13,-216.00,-41.18,-216.31,-41.52,-216.57,-41.70,-216.90,-41.86,-216.10,-41.14,-216.51,-41.34,-216.82,-41.48,-217.13,-41.67,-216.14,-40.83,-216.46,-41.10,-216.78,-41.25,-217.08,-41.46,-216.20,-40.55,-216.42,-40.76,-216.63,-40.93,-216.87,-41.18
ND_AfHwjFihkrk_frame001501_r.jpg,0,710.03,423.07,709.89,422.97,709.74,422.97,709.62,423.03,709.49,423.15,709.60,422.92,709.44,422.94,709.34,423.00,709.23,423.05,709.57,423.01,709.46,423.06,709.51,423.11,709.60,423.11,709.63,423.13,709.52,423.15,709.55,423.19,709.63,423.19,709.67,423.23,709.59,423.23,709.58,423.24,709.59,423.23
ND_AfHwjFihkrk_frame008701_l.jpg,0,746.74,649.53,746.90,649.50,747.02,649.48,747.12,649.51,747.18,649.55,747.07,649.71,747.19,649.76,747.21,649.71,747.20,649.66,747.03,649.79,747.13,649.79,747.13,649.73,747.13,649.68,746.94,649.80,747.03,649.81,747.06,649.76,747.05,649.71,746.87,649.79,746.93,649.79,746.95,649.77,746.94,649.72
ND_AfHwjFihkrk_frame021601_l.jpg,0,612.75,323.63,612.89,323.70,613.01,323.82,613.07,323.96,613.15,324.13,612.89,324.04,612.99,324.20,613.07,324.29,613.14,324.39,612.84,324.13,612.92,324.28,613.01,324.36,613.11,324.43,612.80,324.11,612.88,324.25,612.97,324.34,613.07,324.41,612.79,324.08,612.86,324.18,612.91,324.27,612.99,324.33
ND_Aj06W0azS68_frame004751_r.jpg,0,368.10,377.86,367.99,377.79,367.89,377.76,367.80,377.77,367.69,377.82,367.81,377.88,367.72,377.94,367.66,377.97,367.60,378.00,367.81,377.96,367.73,378.01,367.68,378.04,367.62,378.03,367.86,378.02,367.78,378.03,367.72,378.05,367.67,378.04,367.91,378.06,367.85,378.03,367.81,378.03,367.75,378.01
ND_Aj06W0azS68_frame006001_l.jpg,0,290.00,90.78,289.89,90.72,289.78,90.77,289.69,90.83,289.59,90.89,289.62,90.84,289.49,90.91,289.44,90.97,289.37,91.04,289.62,90.95,289.54,91.04,289.51,91.10,289.44,91.18,289.71,91.03,289.65,91.09,289.64,91.15,289.61,91.21,289.79,91.08,289.76,91.12,289.75,91.15,289.74,91.19
ND_Aj06W0azS68_frame007001_r.jpg,0,384.06,380.00,384.04,379.96,384.03,379.96,384.02,379.99,384.03,380.03,383.97,380.00,383.97,380.04,383.99,380.06,384.04,380.06,383.96,380.05,383.99,380.07,384.02,380.09,384.06,380.09,383.99,380.09,384.01,380.09,384.05,380.10,384.09,380.09,384.02,380.11,384.03,380.11,384.06,380.12,384.09,380.11
ND_Aj06W0azS68_frame007501_r.jpg,0,261.02,452.63,260.95,452.61,260.90,452.60,260.86,452.63,260.81,452.67,260.85,452.70,260.81,452.74,260.80,452.77,260.79,452.80,260.87,452.75,260.86,452.77,260.86,452.79,260.84,452.81,260.92,452.77,260.90,452.79,260.90,452.80,260.89,452.82,260.96,452.78,260.95,452.80,260.94,452.82,260.92,452.85
ND_ArUTm2iiy2Q_frame005501_r.jpg,0,-17.81,170.18,-17.75,170.20,-17.72,170.23,-17.70,170.26,-17.68,170.29,-17.67,170.19,-17.64,170.23,-17.62,170.26,-17.62,170.29,-17.68,170.19,-17.64,170.21,-17.62,170.24,-17.61,170.28,-17.71,170.20,-17.67,170.22,-17.65,170.25,-17.63,170.27,-17.74,170.22,-17.72,170.24,-17.71,170.27,-17.68,170.29
ND_ArUTm2iiy2Q_frame005751_r.jpg,0,198.85,163.99,198.85,163.98,198.85,163.95,198.84,163.92,198.81,163.90,198.87,163.91,198.85,163.89,198.82,163.89,198.80,163.90,198.86,163.90,198.83,163.90,198.81,163.91,198.78,163.91,198.85,163.90,198.83,163.91,198.81,163.93,198.79,163.95,198.84,163.91,198.82,163.92,198.81,163.94,198.81,163.95
ND_ArUTm2iiy2Q_frame022751_l.jpg,0,261.43,130.18,261.52,130.17,261.60,130.24,261.66,130.31,261.74,130.39,261.53,130.33,261.60,130.41,261.67,130.44,261.73,130.45,261.50,130.40,261.55,130.49,261.62,130.52,261.68,130.50,261.47,130.43,261.55,130.49,261.61,130.50,261.64,130.48,261.46,130.45,261.53,130.46,261.58,130.48,261.61,130.46
ND_ArUTm2iiy2Q_frame025001_l.jpg,0,260.42,-78.34,260.48,-78.31,260.55,-78.27,260.60,-78.22,260.67,-78.14,260.49,-78.14,260.55,-78.07,260.60,-78.05,260.66,-78.07,260.49,-78.10,260.57,-78.08,260.62,-78.09,260.67,-78.14,260.48,-78.11,260.56,-78.10,260.61,-78.12,260.66,-78.17,260.49,-78.13,260.54,-78.13,260.59,-78.14,260.61,-78.19
ND_ArUTm2iiy2Q_frame025501_l.jpg,0,166.75,36.95,166.74,36.87,166.77,36.81,166.81,36.77,166.87,36.73,166.83,36.79,166.89,36.75,166.92,36.72,166.93,36.69,166.88,36.82,166.93,36.78,166.93,36.76,166.92,36.74,166.90,36.86,166.94,36.81,166.95,36.79,166.94,36.77,166.91,36.89,166.93,36.86,166.94,36.83,166.94,36.80
ND_AzZdSRwmSoY_frame000301_r.jpg,0,-11.84,316.21,-11.94,316.29,-12.00,316.33,-12.07,316.36,-12.13,316.41,-12.13,316.16,-12.09,316.21,-12.02,316.24,-11.95,316.27,-12.10,316.06,-12.04,316.13,-11.98,316.18,-11.91,316.24,-12.01,316.01,-11.97,316.08,-11.92,316.14,-11.87,316.22,-11.92,315.98,-11.90,316.04,-11.87,316.08,-11.83,316.14
ND_B28IROPi9bo_frame000241_r.jpg,0,292.96,-48.45,292.96,-48.33,292.86,-48.26,292.79,-48.18,292.65,-48.14,292.94,-48.09,292.82,-48.02,292.74,-48.03,292.65,-47.99,292.89,-48.08,292.79,-48.02,292.71,-47.98,292.64,-47.91,292.83,-48.15,292.76,-48.07,292.69,-48.05,292.63,-48.03,292.78,-48.22,292.75,-48.14,292.71,-48.09,292.66,-48.03
ND_B28IROPi9bo_frame007681_l.jpg,0,403.76,7.39,403.85,7.40,403.90,7.44,403.92,7.53,403.94,7.62,403.74,7.48,403.79,7.60,403.86,7.65,403.94,7.68,403.67,7.55,403.73,7.65,403.81,7.69,403.88,7.68,403.63,7.59,403.70,7.68,403.78,7.71,403.82,7.70,403.63,7.63,403.68,7.69,403.74,7.72,403.77,7.70
ND_B28IROPi9bo_frame007921_r.jpg,0,173.18,52.99,173.22,53.04,173.26,53.13,173.28,53.22,173.33,53.34,173.17,53.25,173.24,53.35,173.31,53.38,173.39,53.38,173.16,53.30,173.25,53.37,173.33,53.38,173.42,53.40,173.17,53.29,173.25,53.35,173.34,53.36,173.43,53.36,173.20,53.27,173.26,53.31,173.32,53.32,173.39,53.31
ND_B28IROPi9bo_frame008401_l.jpg,0,355.97,120.17,355.89,120.21,355.80,120.26,355.74,120.34,355.66,120.44,355.81,120.49,355.84,120.62,355.89,120.68,355.95,120.76,355.88,120.56,355.94,120.67,355.99,120.74,356.05,120.82,355.99,120.54,356.01,120.66,356.05,120.74,356.10,120.82,356.08,120.52,356.09,120.61,356.11,120.68,356.14,120.76
ND_B28IROPi9bo_frame010801_r.jpg,0,169.69,41.27,169.70,41.43,169.63,41.53,169.57,41.61,169.47,41.70,169.70,41.58,169.66,41.66,169.62,41.73,169.58,41.80,169.64,41.54,169.62,41.62,169.58,41.69,169.55,41.78,169.58,41.45,169.57,41.54,169.54,41.62,169.51,41.70,169.52,41.38,169.48,41.44,169.44,41.50,169.41,41.56
ND_B4iisRqpNPU_frame001795_l.jpg,0,-840.58,-969.30,-839.49,-970.25,-838.87,-971.40,-838.45,-972.46,-837.79,-973.85,-837.82,-971.88,-837.35,-973.13,-837.31,-974.06,-837.39,-975.13,-838.29,-972.15,-838.40,-973.47,-838.57,-974.43,-838.70,-975.51,-839.33,-972.04,-839.13,-973.23,-839.25,-974.25,-839.21,-975.25,-840.23,-971.97,-839.90,-972.75,-839.68,-973.47,-839.28,-974.28
ND_B4iisRqpNPU_frame002393_l.jpg,0,383.98,-233.37,383.79,-233.36,383.76,-233.26,384.02,-233.02,384.37,-232.69,384.18,-232.35,384.74,-232.23,384.96,-232.62,385.05,-233.13,384.62,-232.14,385.10,-232.45,385.31,-232.88,385.47,-233.38,384.97,-232.29,385.35,-232.50,385.53,-232.96,385.56,-233.48,385.23,-232.51,385.50,-232.60,385.64,-232.93,385.61,-233.32
ND_B6zLeqVxGcE_frame000300_r.jpg,0,385.34,376.29,385.20,376.47,385.02,376.55,384.85,376.57,384.62,376.59,384.78,376.43,384.57,376.43,384.43,376.43,384.27,376.41,384.73,376.34,384.53,376.34,384.38,376.33,384.21,376.31,384.81,376.28,384.63,376.30,384.47,376.30,384.30,376.30,384.89,376.26,384.76,376.27,384.64,376.27,384.49,376.26
ND_B6zLeqVxGcE_frame001496_r.jpg,0,179.44,252.40,179.37,252.64,179.30,252.84,179.12,252.88,178.91,252.75,178.99,252.92,178.90,252.93,179.01,252.83,179.17,252.74,178.85,252.81,178.81,252.77,178.92,252.69,179.05,252.58,178.83,252.61,178.71,252.61,178.82,252.53,178.98,252.45,178.82,252.44,178.67,252.39,178.55,252.39,178.47,252.41
ND_B6zLeqVxGcE_frame001795_r.jpg,0,341.04,-78.76,340.94,-78.78,340.82,-78.80,340.76,-78.72,340.69,-78.63,340.68,-78.81,340.64,-78.68,340.68,-78.60,340.77,-78.56,340.66,-78.76,340.61,-78.64,340.67,-78.57,340.76,-78.54,340.71,-78.69,340.65,-78.59,340.70,-78.51,340.79,-78.48,340.76,-78.63,340.73,-78.55,340.75,-78.49,340.81,-78.43
ND_B6zLeqVxGcE_frame003290_l.jpg,0,260.34,-87.06,260.27,-86.97,260.17,-86.93,260.07,-86.90,259.96,-86.89,259.99,-86.95,259.85,-86.92,259.76,-86.89,259.66,-86.87,259.95,-86.96,259.82,-86.93,259.72,-86.90,259.61,-86.88,259.99,-86.97,259.87,-86.94,259.77,-86.91,259.67,-86.88,260.04,-86.95,259.95,-86.94,259.87,-86.92,259.79,-86.91
ND_BEkAgPRzHM8_frame000898_l.jpg,0,711.39,156.54,711.33,156.52,711.27,156.54,711.21,156.58,711.16,156.61,711.14,156.49,711.04,156.51,710.99,156.54,710.95,156.59,711.11,156.53,711.03,156.56,710.99,156.61,710.96,156.64,711.14,156.58,711.06,156.60,711.02,156.64,711.01,156.66,711.17,156.62,711.12,156.64,711.08,156.67,711.06,156.69
ND_BEkAgPRzHM8_frame002094_r.jpg,0,1391.22,135.00,1391.02,135.05,1390.84,135.01,1390.67,135.01,1390.48,135.03,1390.85,135.41,1390.75,135.58,1390.63,135.63,1390.48,135.64,1390.87,135.48,1390.77,135.64,1390.64,135.67,1390.48,135.67,1390.93,135.42,1390.82,135.57,1390.68,135.61,1390.53,135.63,1390.96,135.35,1390.86,135.43,1390.76,135.49,1390.64,135.54
ND_BEkAgPRzHM8_frame003888_l.jpg,0,876.36,-268.01,877.13,-268.34,877.72,-268.10,878.16,-267.71,878.75,-267.33,877.34,-268.39,877.86,-267.83,878.21,-267.44,878.46,-267.09,877.03,-267.95,877.59,-267.42,877.93,-267.23,877.99,-267.32,876.71,-267.44,877.35,-267.19,877.60,-267.20,877.56,-267.34,876.53,-267.03,877.04,-267.09,877.23,-267.15,877.16,-267.18
ND_BEkAgPRzHM8_frame005084_l.jpg,0,58.73,579.20,58.48,578.97,58.29,578.78,58.09,578.72,58.07,578.85,58.51,578.66,58.26,578.76,58.17,578.91,58.14,579.06,58.61,578.77,58.39,578.93,58.30,579.07,58.32,579.15,58.69,578.99,58.46,579.08,58.39,579.20,58.44,579.23,58.72,579.18,58.55,579.25,58.53,579.31,58.59,579.29
ND_BEkAgPRzHM8_frame008373_r.jpg,0,576.47,-76.63,576.34,-76.59,576.24,-76.55,576.18,-76.50,576.19,-76.47,576.19,-76.69,576.13,-76.60,576.11,-76.53,576.13,-76.44,576.23,-76.72,576.19,-76.62,576.18,-76.54,576.18,-76.45,576.31,-76.70,576.26,-76.63,576.25,-76.54,576.23,-76.46,576.38,-76.68,576.33,-76.63,576.31,-76.57,576.29,-76.51
ND_BEkAgPRzHM8_frame011363_r.jpg,0,190.26,18.35,190.09,18.36,189.95,18.35,189.83,18.38,189.67,18.42,189.93,18.61,189.84,18.72,189.80,18.77,189.76,18.82,190.00,18.70,189.94,18.77,189.93,18.79,189.90,18.81,190.12,18.72,190.06,18.79,190.07,18.79,190.07,18.77,190.21,18.72,190.18,18.80,190.18,18.82,190.16,18.81
ND_BEkAgPRzHM8_frame021529_r.jpg,0,832.67,-120.36,833.02,-120.16,833.28,-120.08,833.46,-120.08,833.58,-120.04,833.56,-120.38,833.70,-120.09,833.58,-119.89,833.39,-119.73,833.48,-120.50,833.71,-120.27,833.66,-120.03,833.50,-119.86,833.24,-120.53,833.51,-120.62,833.64,-120.41,833.59,-120.17,833.02,-120.50,833.19,-120.43,833.35,-120.32,833.54,-120.20
ND_BKZQxLosM8M_frame005383_r.jpg,0,137.21,-109.90,137.51,-110.12,137.77,-110.29,137.99,-110.49,138.31,-110.78,137.33,-110.88,137.28,-111.27,137.34,-111.54,137.44,-111.85,137.16,-111.04,137.09,-111.42,137.21,-111.69,137.43,-111.93,137.08,-110.99,137.08,-111.33,137.19,-111.62,137.41,-111.86,137.08,-110.92,137.09,-111.17,137.20,-111.38,137.41,-111.48
ND_BLmXrGzbzYY_frame001201_l.jpg,0,262.97,344.88,263.03,344.69,263.02,344.51,262.97,344.36,262.89,344.16,262.91,344.67,262.96,344.68,263.08,344.68,263.24,344.68,262.89,344.82,262.99,344.82,263.14,344.82,263.30,344.79,262.93,344.97,262.99,344.95,263.14,344.94,263.30,344.91,262.99,345.08,263.05,345.07,263.15,345.05,263.27,345.02
ND_BMJrPSB14GY_frame001251_l.jpg,0,-62.10,-848.48,-61.10,-847.99,-60.44,-847.58,-60.15,-847.01,-59.86,-846.37,-60.76,-847.63,-60.53,-846.68,-60.35,-846.03,-60.16,-845.33,-61.43,-847.50,-61.17,-846.57,-60.93,-845.89,-60.63,-845.19,-62.20,-847.40,-61.86,-846.63,-61.59,-845.91,-61.29,-845.20,-62.76,-847.25,-62.49,-846.72,-62.25,-846.19,-61.99,-845.59
ND_BMJrPSB14GY_frame001501_r.jpg,0,-347.89,-1013.88,-347.55,-1014.10,-347.10,-1014.26,-346.69,-1014.37,-346.06,-1014.38,-347.06,-1015.51,-346.58,-1016.05,-346.13,-1016.19,-345.61,-1016.34,-346.88,-1015.78,-346.30,-1016.19,-345.77,-1016.19,-345.21,-1016.11,-346.78,-1015.57,-346.26,-1015.95,-345.69,-1015.97,-345.21,-1015.88,-346.66,-1015.30,-346.30,-1015.63,-345.89,-1015.69,-345.59,-1015.57
ND_BOvKanQdBF0_frame000001_l.jpg,0,-301.90,-407.67,-301.16,-407.65,-300.68,-407.76,-300.37,-407.76,-300.09,-407.72,-300.78,-408.03,-300.49,-407.72,-300.23,-407.37,-299.93,-406.97,-301.14,-407.96,-300.80,-407.48,-300.53,-407.09,-300.22,-406.67,-301.61,-407.70,-301.27,-407.42,-301.00,-407.01,-300.72,-406.57,-301.95,-407.43,-301.71,-407.37,-301.50,-407.16,-301.26,-406.86
ND_Bh7GDNJvB3w_frame000898_l.jpg,0,-19.11,120.50,-19.22,120.45,-19.31,120.38,-19.33,120.19,-19.32,119.98,-18.86,120.06,-18.80,119.73,-18.97,119.58,-19.22,119.52,-18.73,119.87,-18.79,119.55,-19.02,119.48,-19.28,119.54,-18.75,119.78,-18.86,119.53,-19.11,119.52,-19.33,119.66,-18.81,119.73,-18.92,119.57,-19.11,119.57,-19.26,119.70
ND_Bi7aqFsPG8w_frame000241_l.jpg,0,335.42,261.75,335.46,261.72,335.49,261.70,335.52,261.69,335.55,261.68,335.53,261.74,335.56,261.75,335.56,261.75,335.55,261.75,335.54,261.77,335.56,261.78,335.55,261.78,335.54,261.78,335.52,261.80,335.55,261.81,335.55,261.81,335.54,261.80,335.50,261.81,335.52,261.83,335.52,261.83,335.52,261.83
ND_Bi7aqFsPG8w_frame000961_l.jpg,0,510.58,314.90,510.66,314.83,510.73,314.77,510.80,314.74,510.89,314.71,510.83,314.91,510.93,314.89,510.95,314.84,510.93,314.78,510.86,314.96,510.94,314.91,510.94,314.86,510.93,314.79,510.83,314.98,510.91,314.93,510.92,314.87,510.92,314.81,510.81,314.98,510.86,314.94,510.88,314.89,510.88,314.84
ND_Bi7aqFsPG8w_frame003841_r.jpg,0,601.65,367.06,601.70,367.09,601.73,367.14,601.77,367.18,601.82,367.23,601.81,367.15,601.83,367.21,601.83,367.26,601.83,367.29,601.81,367.16,601.82,367.23,601.81,367.27,601.80,367.26,601.77,367.17,601.80,367.21,601.80,367.26,601.80,367.25,601.73,367.17,601.75,367.20,601.76,367.24,601.78,367.25
ND_Bi7aqFsPG8w_frame005761_l.jpg,0,519.34,339.82,519.39,339.72,519.47,339.67,519.54,339.66,519.64,339.64,519.55,339.68,519.62,339.71,519.61,339.72,519.59,339.73,519.58,339.74,519.64,339.77,519.63,339.77,519.61,339.77,519.57,339.82,519.65,339.82,519.66,339.81,519.65,339.81,519.56,339.87,519.62,339.87,519.66,339.86,519.67,339.85
ND_Bi7aqFsPG8w_frame006001_r.jpg,0,802.97,-14.31,803.11,-14.27,803.28,-14.30,803.45,-14.28,803.51,-14.13,803.51,-14.36,803.69,-14.27,803.71,-14.13,803.61,-14.07,803.56,-14.35,803.69,-14.20,803.67,-14.06,803.58,-14.03,803.49,-14.29,803.63,-14.18,803.60,-14.04,803.52,-14.01,803.42,-14.22,803.54,-14.17,803.59,-14.07,803.57,-13.99
ND_Bi7aqFsPG8w_frame007201_r.jpg,0,673.27,121.49,673.35,121.45,673.43,121.45,673.47,121.49,673.50,121.58,673.45,121.56,673.52,121.61,673.57,121.60,673.57,121.55,673.45,121.63,673.53,121.65,673.54,121.61,673.53,121.55,673.42,121.65,673.49,121.64,673.50,121.59,673.48,121.54,673.40,121.66,673.45,121.63,673.45,121.59,673.44,121.54
ND_Bi7aqFsPG8w_frame007441_r.jpg,0,403.67,230.90,403.76,230.94,403.84,230.96,403.91,230.96,403.97,230.96,403.91,230.85,403.97,230.86,403.98,230.88,403.98,230.90,403.90,230.78,403.96,230.77,403.97,230.79,403.95,230.84,403.84,230.74,403.91,230.72,403.93,230.73,403.92,230.78,403.79,230.73,403.82,230.69,403.84,230.70,403.85,230.74
ND_BilT-PQMLDw_frame006280_r.jpg,0,926.54,-210.02,926.52,-209.99,926.64,-209.86,926.77,-209.73,927.00,-209.53,926.97,-210.31,927.18,-210.24,927.28,-210.08,927.39,-209.88,927.19,-210.33,927.38,-210.18,927.45,-209.99,927.49,-209.79,927.29,-210.23,927.43,-210.14,927.53,-209.96,927.57,-209.76,927.34,-210.10,927.45,-210.04,927.52,-209.93,927.52,-209.80
ND_BmuSnlHINp8_frame003901_l.jpg,0,651.40,302.55,651.39,302.56,651.37,302.58,651.35,302.61,651.34,302.66,651.44,302.60,651.41,302.62,651.38,302.63,651.36,302.62,651.45,302.62,651.42,302.64,651.39,302.65,651.37,302.63,651.45,302.64,651.42,302.66,651.39,302.67,651.37,302.65,651.44,302.65,651.42,302.67,651.40,302.68,651.38,302.67
ND_BmuSnlHINp8_frame019801_r.jpg,0,930.77,392.91,930.73,392.95,930.69,392.99,930.67,393.04,930.66,393.12,930.61,393.00,930.60,393.07,930.62,393.11,930.66,393.14,930.60,393.02,930.60,393.08,930.64,393.12,930.69,393.14,930.63,393.02,930.64,393.08,930.68,393.11,930.73,393.11,930.67,393.02,930.68,393.07,930.71,393.09,930.75,393.08
ND_BmuSnlHINp8_frame020701_r.jpg,0,413.14,140.12,413.04,140.16,412.89,140.10,412.76,140.05,412.58,140.03,412.89,139.90,412.72,139.86,412.62,139.88,412.50,139.92,412.86,139.81,412.70,139.86,412.61,139.93,412.50,140.01,412.86,139.80,412.73,139.86,412.64,139.95,412.57,140.06,412.86,139.82,412.77,139.88,412.71,139.96,412.62,140.05
ND_CFHe1zU9VKM_frame001201_r.jpg,0,179.08,-141.71,179.22,-141.68,179.35,-141.64,179.45,-141.59,179.48,-141.50,179.49,-141.73,179.54,-141.59,179.51,-141.50,179.46,-141.41,179.49,-141.72,179.54,-141.59,179.52,-141.48,179.48,-141.39,179.42,-141.68,179.49,-141.58,179.49,-141.47,179.44,-141.41,179.35,-141.63,179.42,-141.56,179.47,-141.49,179.52,-141.41
ND_CJYUQ7-DlBM_frame002401_r.jpg,0,212.20,44.86,211.98,44.92,211.79,44.90,211.65,44.84,211.50,44.70,211.71,44.84,211.53,44.75,211.47,44.70,211.42,44.68,211.75,44.72,211.57,44.64,211.50,44.59,211.42,44.57,211.86,44.60,211.69,44.56,211.59,44.51,211.49,44.48,211.95,44.52,211.83,44.48,211.77,44.48,211.71,44.49
ND_CJYUQ7-DlBM_frame005101_l.jpg,0,786.02,-182.70,785.95,-182.69,785.82,-182.70,785.70,-182.72,785.51,-182.80,785.87,-183.02,785.71,-183.09,785.60,-183.02,785.51,-182.91,785.82,-183.12,785.65,-183.13,785.55,-183.03,785.49,-182.89,785.78,-183.11,785.64,-183.11,785.53,-183.02,785.50,-182.87,785.74,-183.08,785.65,-183.07,785.58,-183.00,785.53,-182.89
ND_CK5r_QkD_eg_frame001197_l.jpg,0,295.81,525.64,295.81,525.59,295.80,525.61,295.86,525.63,295.93,525.63,296.27,525.74,296.49,525.73,296.65,525.68,296.83,525.62,296.46,525.74,296.72,525.73,296.90,525.65,297.08,525.55,296.51,525.65,296.74,525.66,296.93,525.60,297.09,525.51,296.51,525.56,296.69,525.54,296.84,525.48,296.94,525.39
ND_CK5r_QkD_eg_frame003589_l.jpg,0,691.91,415.32,692.04,415.23,692.16,415.23,692.26,415.22,692.39,415.25,692.18,415.18,692.28,415.17,692.36,415.22,692.42,415.27,692.17,415.26,692.28,415.30,692.36,415.34,692.46,415.38,692.13,415.36,692.24,415.41,692.32,415.47,692.41,415.52,692.10,415.44,692.18,415.48,692.24,415.53,692.32,415.59
ND_CK5r_QkD_eg_frame018838_l.jpg,0,900.24,63.52,900.37,63.42,900.48,63.37,900.58,63.32,900.67,63.27,900.33,63.15,900.34,63.02,900.38,62.96,900.45,62.92,900.25,63.12,900.31,63.02,900.38,63.00,900.48,62.98,900.19,63.17,900.26,63.09,900.34,63.05,900.43,63.02,900.16,63.22,900.22,63.17,900.28,63.16,900.36,63.13
ND_CK5r_QkD_eg_frame023323_r.jpg,0,649.81,372.52,649.95,372.42,650.06,372.36,650.15,372.32,650.25,372.22,650.09,372.46,650.19,372.45,650.28,372.45,650.37,372.46,650.08,372.57,650.17,372.63,650.25,372.67,650.33,372.72,650.03,372.67,650.14,372.72,650.23,372.78,650.33,372.82,650.00,372.74,650.07,372.79,650.14,372.84,650.22,372.89
ND_CK5r_QkD_eg_frame024818_l.jpg,0,731.55,462.16,731.67,462.03,731.81,461.98,731.93,461.96,732.08,461.90,731.78,462.04,731.94,462.05,732.03,462.07,732.09,462.10,731.79,462.15,731.94,462.17,732.04,462.18,732.11,462.17,731.78,462.27,731.92,462.29,732.03,462.28,732.13,462.25,731.78,462.35,731.88,462.37,731.97,462.38,732.07,462.37
ND_CK5r_QkD_eg_frame031097_l.jpg,0,889.12,539.21,889.25,539.11,889.38,539.13,889.50,539.15,889.65,539.17,889.36,539.15,889.49,539.21,889.58,539.22,889.65,539.23,889.35,539.25,889.48,539.30,889.55,539.31,889.62,539.31,889.31,539.35,889.43,539.37,889.53,539.38,889.60,539.38,889.29,539.42,889.38,539.43,889.46,539.43,889.57,539.44
ND_CLFU3cLFw6E_frame000601_r.jpg,0,229.89,433.18,230.01,433.21,230.07,433.29,230.11,433.36,230.16,433.45,230.20,433.19,230.22,433.30,230.22,433.38,230.22,433.47,230.17,433.20,230.21,433.31,230.18,433.38,230.14,433.41,230.09,433.23,230.15,433.31,230.15,433.39,230.16,433.44,230.02,433.26,230.08,433.31,230.10,433.37,230.11,433.36
ND_CSc1C3CWkmI_frame007501_r.jpg,0,599.85,282.50,599.77,282.50,599.70,282.49,599.64,282.52,599.61,282.53,599.65,282.60,599.58,282.62,599.53,282.60,599.48,282.56,599.65,282.62,599.57,282.62,599.53,282.59,599.49,282.54,599.68,282.60,599.60,282.61,599.55,282.58,599.50,282.53,599.70,282.58,599.65,282.58,599.60,282.57,599.56,282.56
ND_CSc1C3CWkmI_frame009001_l.jpg,0,673.04,403.52,673.09,403.46,673.15,403.44,673.19,403.48,673.22,403.51,673.04,403.55,673.09,403.63,673.16,403.66,673.25,403.68,673.03,403.64,673.10,403.72,673.18,403.74,673.27,403.73,673.04,403.71,673.11,403.77,673.20,403.78,673.28,403.76,673.06,403.75,673.12,403.79,673.19,403.80,673.24,403.78
ND_CSc1C3CWkmI_frame013001_r.jpg,0,57.45,-82.28,57.56,-82.06,57.53,-81.87,57.40,-81.78,57.26,-81.76,57.59,-81.85,57.41,-81.72,57.37,-81.78,57.46,-81.88,57.46,-81.89,57.32,-81.74,57.28,-81.79,57.35,-81.91,57.32,-81.98,57.24,-81.81,57.20,-81.83,57.26,-81.96,57.20,-82.05,57.14,-81.92,57.14,-81.89,57.20,-82.00
ND_CSc1C3CWkmI_frame018001_r.jpg,0,31.98,-331.43,31.65,-331.28,31.44,-331.18,31.29,-331.05,31.10,-330.92,31.60,-330.75,31.53,-330.60,31.43,-330.61,31.32,-330.65,31.77,-330.72,31.58,-330.65,31.40,-330.68,31.18,-330.75,31.95,-330.87,31.69,-330.86,31.50,-331.00,31.31,-331.14,32.06,-331.03,31.86,-331.04,31.71,-331.13,31.52,-331.25
ND_CSc1C3CWkmI_frame020251_r.jpg,0,417.94,414.20,418.03,414.29,418.02,414.39,417.99,414.47,417.99,414.55,418.02,414.38,417.99,414.49,417.97,414.55,417.96,414.55,417.94,414.39,417.94,414.49,417.92,414.56,417.90,414.58,417.86,414.37,417.87,414.47,417.86,414.55,417.85,414.60,417.80,414.37,417.82,414.44,417.82,414.50,417.83,414.56
ND_CZrJEz5pRwk_frame000501_r.jpg,0,-266.77,449.39,-266.48,449.63,-266.26,449.76,-266.10,449.75,-266.04,449.58,-265.91,449.49,-265.68,449.54,-265.66,449.63,-265.74,449.82,-265.92,449.35,-265.84,449.53,-265.98,449.66,-266.19,449.73,-266.12,449.28,-265.99,449.49,-266.14,449.68,-266.30,449.72,-266.30,449.27,-266.15,449.37,-266.19,449.56,-266.28,449.59
ND_CZrJEz5pRwk_frame001751_r.jpg,0,449.90,529.42,449.77,529.58,449.63,529.68,449.54,529.77,449.39,529.89,449.86,529.96,449.79,530.08,449.70,530.08,449.60,530.10,449.95,529.98,449.86,530.08,449.75,530.07,449.61,530.05,449.99,529.89,449.87,530.01,449.74,530.05,449.60,530.07,449.99,529.80,449.89,529.87,449.79,529.93,449.67,530.01
ND_CZrJEz5pRwk_frame005001_r.jpg,0,371.37,455.51,371.55,455.64,371.66,455.65,371.66,455.58,371.56,455.49,371.83,455.42,371.79,455.51,371.66,455.57,371.61,455.57,371.76,455.28,371.66,455.37,371.55,455.47,371.49,455.55,371.59,455.21,371.56,455.24,371.45,455.35,371.37,455.50,371.44,455.19,371.42,455.31,371.36,455.42,371.33,455.53
ND_CZrJEz5pRwk_frame006251_l.jpg,0,749.26,445.84,749.47,445.67,749.69,445.64,749.87,445.70,750.08,445.78,749.64,445.70,749.87,445.76,749.98,445.80,750.04,445.83,749.62,445.87,749.84,445.94,749.82,445.91,749.72,445.86,749.56,446.04,749.77,446.07,749.74,446.03,749.65,445.98,749.53,446.16,749.69,446.15,749.68,446.12,749.60,446.09
ND_CZrJEz5pRwk_frame009001_l.jpg,0,622.58,143.17,622.78,142.94,622.98,142.81,623.20,142.77,623.46,142.76,623.02,142.64,623.28,142.62,623.41,142.72,623.49,142.83,623.04,142.73,623.30,142.77,623.30,142.87,623.19,142.91,623.01,142.94,623.25,142.95,623.20,143.02,623.06,143.02,623.00,143.12,623.17,143.11,623.13,143.15,623.02,143.16
ND_CZrJEz5pRwk_frame009251_r.jpg,0,92.40,84.41,92.55,84.58,92.53,84.66,92.51,84.70,92.32,84.60,92.76,84.40,92.65,84.56,92.51,84.67,92.34,84.79,92.66,84.26,92.53,84.43,92.41,84.57,92.30,84.71,92.48,84.19,92.40,84.38,92.35,84.54,92.34,84.60,92.32,84.16,92.31,84.32,92.29,84.43,92.33,84.44
ND_CdQv5NsWGdo_frame016801_r.jpg,0,375.75,6.82,375.90,6.63,375.98,6.32,376.02,6.05,376.06,5.69,375.60,6.09,375.76,5.80,375.98,5.77,376.23,5.82,375.47,5.97,375.76,5.82,375.99,5.81,376.26,5.81,375.45,5.99,375.51,5.72,375.71,5.56,375.96,5.58,375.49,6.02,375.53,5.84,375.65,5.71,375.85,5.71
ND_CdQv5NsWGdo_frame019201_r.jpg,0,292.46,-57.90,292.68,-58.10,292.86,-58.36,293.00,-58.59,293.23,-58.84,292.53,-58.75,292.75,-59.01,292.95,-59.01,293.20,-58.96,292.42,-58.87,292.71,-59.03,292.94,-59.01,293.21,-58.95,292.39,-58.81,292.58,-59.04,292.83,-59.10,293.09,-59.04,292.41,-58.73,292.52,-58.92,292.69,-59.03,292.91,-59.05
ND_ChbZcn4DSBg_frame003589_r.jpg,0,204.38,627.40,204.24,627.26,204.04,627.15,203.86,627.12,203.63,627.14,204.00,626.87,203.78,626.81,203.62,626.83,203.45,626.87,203.94,626.88,203.71,626.90,203.66,627.04,203.76,627.14,203.94,627.02,203.76,627.03,203.72,627.16,203.84,627.21,203.94,627.15,203.85,627.19,203.84,627.27,203.90,627.30
ND_CnXQqzKHy-U_frame005001_l.jpg,0,187.51,-63.46,187.46,-63.23,187.29,-63.09,187.09,-62.98,186.85,-62.84,186.96,-63.24,186.73,-63.08,186.58,-62.95,186.39,-62.82,186.79,-63.31,186.53,-63.24,186.35,-63.14,186.15,-63.04,186.78,-63.36,186.54,-63.33,186.34,-63.25,186.14,-63.17,186.79,-63.36,186.61,-63.34,186.45,-63.29,186.29,-63.22
ND_CnXQqzKHy-U_frame007001_l.jpg,0,181.99,-426.26,181.78,-426.42,181.55,-426.60,181.28,-426.71,180.89,-426.66,181.09,-426.77,180.86,-426.56,181.09,-426.44,181.33,-426.51,180.95,-426.66,180.85,-426.39,181.11,-426.29,181.38,-426.37,181.00,-426.42,180.86,-426.21,181.11,-426.12,181.39,-426.21,181.06,-426.19,180.91,-426.07,181.08,-425.99,181.30,-426.05
ND_D-IuDUp2ISY_frame007501_l.jpg,0,216.05,-229.48,216.49,-229.48,216.84,-229.45,217.11,-229.32,217.40,-229.14,216.97,-229.50,217.26,-229.26,217.44,-229.07,217.58,-228.90,216.86,-229.37,217.15,-229.15,217.35,-228.97,217.51,-228.81,216.60,-229.21,216.89,-229.05,217.12,-228.88,217.31,-228.74,216.40,-229.05,216.60,-228.93,216.77,-228.80,216.93,-228.72
ND_D-IuDUp2ISY_frame022751_l.jpg,0,438.00,309.15,438.08,309.10,438.14,309.09,438.20,309.12,438.21,309.17,438.22,309.16,438.29,309.18,438.33,309.19,438.37,309.21,438.22,309.22,438.23,309.20,438.21,309.18,438.17,309.16,438.18,309.26,438.19,309.23,438.17,309.20,438.16,309.19,438.14,309.28,438.15,309.25,438.14,309.23,438.11,309.22
ND_D-IuDUp2ISY_frame028501_r.jpg,0,427.54,58.12,427.37,58.15,427.26,58.24,427.18,58.33,427.08,58.46,427.27,58.37,427.17,58.49,427.11,58.54,427.05,58.58,427.34,58.46,427.25,58.56,427.18,58.60,427.10,58.61,427.44,58.48,427.34,58.55,427.26,58.59,427.17,58.60,427.52,58.49,427.43,58.53,427.36,58.56,427.27,58.56
ND_D7vE_OSdNnQ_frame012301_r.jpg,0,581.34,8.62,581.35,7.92,581.44,7.43,581.77,7.13,582.24,7.04,581.50,7.41,582.00,7.07,582.29,6.90,582.38,6.89,581.74,7.69,582.13,7.25,582.42,6.93,582.71,6.61,582.00,8.11,582.30,7.87,582.68,7.67,583.05,7.38,582.22,8.41,582.49,8.22,582.80,8.07,583.03,7.87
ND_DAtsXfxKG0A_frame006215_r.jpg,0,456.72,-64.87,456.62,-64.72,456.60,-64.57,456.65,-64.44,456.73,-64.28,456.78,-64.46,456.84,-64.30,456.88,-64.19,456.92,-64.07,456.89,-64.44,456.91,-64.28,456.92,-64.16,456.86,-64.05,456.95,-64.50,456.94,-64.35,456.93,-64.23,456.86,-64.13,456.97,-64.54,456.95,-64.45,456.95,-64.35,456.91,-64.26
ND_DAtsXfxKG0A_frame008844_l.jpg,0,505.69,250.87,505.79,250.88,505.87,250.89,505.93,250.90,506.02,250.90,505.88,250.94,505.93,250.99,505.96,251.04,506.00,251.08,505.84,250.97,505.88,251.04,505.91,251.09,505.94,251.15,505.78,251.00,505.82,251.05,505.85,251.10,505.89,251.16,505.73,251.02,505.74,251.06,505.74,251.10,505.76,251.14
ND_DGcQHLEDTnM_frame003001_r.jpg,0,508.06,57.81,508.49,57.66,508.85,57.50,509.13,57.33,509.38,57.16,509.20,57.99,509.43,57.74,509.46,57.49,509.41,57.19,509.16,58.08,509.34,57.74,509.27,57.46,509.16,57.16,508.91,58.04,509.18,57.79,509.17,57.48,509.11,57.19,508.70,57.94,508.91,57.78,508.98,57.55,508.88,57.37
ND_DJnh5wqcr04_frame016745_r.jpg,0,317.41,284.16,317.29,284.06,317.17,284.03,317.05,284.01,316.90,284.01,317.08,284.15,316.95,284.13,316.91,284.08,316.89,284.02,317.06,284.25,316.95,284.20,316.92,284.13,316.93,284.04,317.09,284.32,316.99,284.26,316.94,284.18,316.92,284.09,317.12,284.36,317.06,284.30,317.02,284.23,316.98,284.15
ND_DJnh5wqcr04_frame018240_l.jpg,0,249.75,242.19,249.73,242.13,249.76,242.10,249.82,242.16,249.84,242.28,249.57,242.30,249.62,242.41,249.72,242.40,249.82,242.34,249.57,242.41,249.70,242.47,249.80,242.43,249.87,242.34,249.64,242.48,249.75,242.51,249.84,242.45,249.88,242.35,249.72,242.51,249.79,242.52,249.86,242.47,249.88,242.40
ND_DJnh5wqcr04_frame041263_r.jpg,0,855.41,143.50,855.57,143.51,855.66,143.56,855.71,143.65,855.74,143.79,855.65,143.57,855.70,143.68,855.73,143.77,855.74,143.83,855.57,143.62,855.63,143.74,855.66,143.83,855.68,143.86,855.47,143.67,855.56,143.76,855.60,143.84,855.62,143.85,855.41,143.72,855.48,143.76,855.53,143.81,855.55,143.81
ND_DJnh5wqcr04_frame042459_l.jpg,0,1053.56,339.14,1053.54,338.97,1053.52,338.82,1053.45,338.76,1053.37,338.85,1053.24,338.84,1053.20,338.82,1053.24,338.87,1053.35,338.93,1053.16,338.93,1053.17,338.94,1053.26,338.99,1053.38,339.02,1053.16,339.06,1053.16,339.04,1053.27,339.09,1053.38,339.10,1053.18,339.16,1053.18,339.17,1053.27,339.19,1053.36,339.18
ND_DP44Rtu7X-4_frame014054_r.jpg,0,402.95,376.75,402.93,376.65,402.94,376.58,402.94,376.51,402.90,376.43,402.78,376.59,402.71,376.55,402.73,376.56,402.77,376.58,402.74,376.63,402.67,376.62,402.70,376.63,402.75,376.63,402.73,376.70,402.68,376.69,402.71,376.70,402.76,376.70,402.74,376.75,402.71,376.73,402.74,376.75,402.78,376.76
ND_DP44Rtu7X-4_frame014652_l.jpg,0,407.87,195.30,407.81,195.34,407.74,195.36,407.68,195.37,407.60,195.38,407.65,195.27,407.57,195.25,407.51,195.27,407.45,195.30,407.63,195.24,407.55,195.22,407.49,195.24,407.43,195.27,407.65,195.24,407.58,195.22,407.51,195.23,407.45,195.25,407.68,195.25,407.62,195.24,407.57,195.24,407.52,195.24
ND_DP44Rtu7X-4_frame016446_r.jpg,0,455.32,161.59,455.22,161.55,455.14,161.53,455.07,161.55,455.01,161.61,455.08,161.65,455.02,161.70,455.05,161.68,455.10,161.65,455.10,161.72,455.04,161.75,455.08,161.73,455.12,161.70,455.16,161.76,455.09,161.79,455.10,161.77,455.13,161.75,455.20,161.78,455.15,161.81,455.11,161.82,455.07,161.82
ND_DQgGxgcIgcE_frame002630_l.jpg,0,274.26,430.70,274.16,430.52,274.06,430.38,273.98,430.25,273.90,430.10,274.21,430.19,274.12,430.03,274.01,430.00,273.88,430.04,274.24,430.20,274.07,430.17,273.95,430.23,273.88,430.31,274.23,430.32,274.09,430.26,273.96,430.31,273.89,430.37,274.21,430.42,274.10,430.39,274.00,430.41,273.90,430.44
ND_DQgGxgcIgcE_frame004303_l.jpg,0,267.16,434.41,267.06,434.32,266.96,434.22,266.89,434.12,266.79,433.99,267.10,434.02,267.03,433.88,266.96,433.81,266.87,433.72,267.14,433.97,267.08,433.83,267.03,433.74,266.97,433.64,267.15,434.01,267.12,433.88,267.07,433.78,267.03,433.67,267.15,434.05,267.13,433.96,267.09,433.88,267.06,433.79
ND_DQgGxgcIgcE_frame006215_l.jpg,0,419.19,-18.64,419.49,-18.96,419.74,-19.22,420.02,-19.36,420.32,-19.41,419.83,-19.34,420.21,-19.38,420.47,-19.34,420.70,-19.24,419.86,-19.18,420.23,-19.11,420.49,-19.04,420.75,-18.94,419.80,-18.87,420.14,-18.90,420.42,-18.84,420.60,-18.75,419.78,-18.61,420.03,-18.63,420.25,-18.60,420.42,-18.58
ND_DS_fGMcnGiU_frame015001_r.jpg,0,280.87,-73.32,281.00,-73.34,281.07,-73.29,281.13,-73.27,281.18,-73.20,281.08,-73.39,281.14,-73.32,281.15,-73.26,281.14,-73.21,281.03,-73.36,281.09,-73.26,281.12,-73.18,281.16,-73.11,280.95,-73.30,281.03,-73.22,281.08,-73.15,281.13,-73.08,280.90,-73.24,280.96,-73.19,281.01,-73.14,281.07,-73.09
ND_DS_fGMcnGiU_frame017101_r.jpg,0,29.56,299.13,29.55,299.08,29.54,299.07,29.58,299.11,29.61,299.17,29.63,299.22,29.74,299.16,29.75,299.08,29.73,299.00,29.71,299.28,29.78,299.18,29.79,299.09,29.76,299.01,29.77,299.29,29.82,299.19,29.83,299.10,29.80,299.03,29.81,299.27,29.84,299.20,29.84,299.13,29.81,299.08
ND_DVjsGkvRgmI_frame003589_r.jpg,0,771.22,729.12,771.09,729.04,770.94,729.00,770.80,728.98,770.62,729.00,770.78,728.91,770.60,728.93,770.53,729.01,770.51,729.12,770.73,728.97,770.58,729.04,770.55,729.14,770.55,729.23,770.78,729.08,770.64,729.13,770.61,729.23,770.63,729.29,770.83,729.18,770.72,729.21,770.67,729.27,770.67,729.31
ND_DVjsGkvRgmI_frame005383_l.jpg,0,1056.91,600.33,1056.81,600.38,1056.72,600.43,1056.64,600.47,1056.56,600.48,1056.63,600.26,1056.52,600.26,1056.50,600.32,1056.54,600.37,1056.63,600.21,1056.54,600.26,1056.54,600.32,1056.60,600.38,1056.67,600.20,1056.59,600.24,1056.58,600.31,1056.64,600.36,1056.71,600.21,1056.65,600.23,1056.64,600.28,1056.67,600.32
ND_DWOqqniDbJM_frame012001_l.jpg,0,289.96,234.33,289.90,234.30,289.83,234.30,289.78,234.33,289.73,234.39,289.76,234.26,289.71,234.30,289.72,234.35,289.76,234.39,289.75,234.28,289.73,234.35,289.75,234.39,289.78,234.42,289.77,234.33,289.75,234.37,289.77,234.41,289.80,234.43,289.80,234.37,289.78,234.40,289.79,234.42,289.81,234.43
ND_DbjTHooWDfs_frame013801_l.jpg,0,149.31,243.91,149.13,243.78,149.04,243.51,149.03,243.25,148.96,242.90,149.45,243.41,149.26,243.15,149.09,243.08,148.89,243.01,149.63,243.28,149.69,242.98,149.54,242.80,149.31,242.69,149.70,243.23,149.75,242.96,149.65,242.73,149.47,242.55,149.70,243.20,149.69,242.99,149.64,242.81,149.51,242.61
ND_DcTJmttqB48_frame000300_r.jpg,0,1081.67,402.27,1081.68,402.18,1081.67,402.05,1081.63,401.94,1081.54,401.84,1081.65,401.91,1081.61,401.77,1081.52,401.75,1081.43,401.76,1081.58,401.88,1081.48,401.81,1081.39,401.81,1081.30,401.81,1081.52,401.94,1081.45,401.90,1081.38,401.94,1081.34,402.00,1081.46,402.00,1081.40,402.01,1081.40,402.07,1081.43,402.12
ND_DcTJmttqB48_frame002393_l.jpg,0,1180.92,206.00,1180.75,205.60,1180.67,205.26,1180.66,204.96,1180.63,204.66,1181.15,205.03,1181.07,204.75,1180.88,204.74,1180.68,204.82,1181.34,205.11,1181.11,204.99,1180.89,205.01,1180.65,205.06,1181.38,205.36,1181.22,205.16,1181.01,205.17,1180.78,205.24,1181.35,205.57,1181.30,205.38,1181.16,205.36,1180.99,205.42
ND_DcTJmttqB48_frame009569_r.jpg,0,854.39,513.72,854.49,513.68,854.57,513.71,854.63,513.75,854.71,513.79,854.61,513.68,854.69,513.71,854.74,513.74,854.79,513.77,854.60,513.73,854.67,513.77,854.72,513.81,854.77,513.82,854.55,513.78,854.63,513.80,854.68,513.84,854.73,513.84,854.52,513.83,854.58,513.84,854.62,513.86,854.67,513.87
ND_DcTJmttqB48_frame011064_r.jpg,0,282.29,688.35,282.43,688.39,282.57,688.42,282.68,688.44,282.83,688.47,282.72,688.33,282.86,688.39,282.92,688.48,282.92,688.59,282.74,688.34,282.83,688.45,282.89,688.54,282.94,688.64,282.66,688.38,282.77,688.47,282.84,688.56,282.90,688.64,282.59,688.43,282.68,688.46,282.76,688.51,282.84,688.54
ND_DfS61ZILc9w_frame000961_r.jpg,0,510.64,54.76,510.67,54.88,510.73,55.02,510.83,55.12,510.95,55.21,510.97,54.96,511.06,55.09,511.05,55.20,511.00,55.31,511.05,54.95,511.10,55.11,511.03,55.19,510.90,55.22,511.04,54.94,511.07,55.07,511.00,55.18,510.89,55.22,511.00,54.95,511.04,55.03,511.02,55.12,510.95,55.17
ND_DfaffRfMdcM_frame005682_r.jpg,0,-80.58,321.00,-80.62,320.93,-80.69,320.89,-80.75,320.86,-80.82,320.80,-80.74,320.98,-80.79,321.01,-80.82,321.03,-80.88,321.05,-80.73,321.05,-80.78,321.07,-80.81,321.09,-80.87,321.12,-80.68,321.10,-80.73,321.11,-80.77,321.14,-80.83,321.16,-80.62,321.13,-80.66,321.16,-80.69,321.19,-80.73,321.22
ND_DfaffRfMdcM_frame007177_l.jpg,0,101.86,374.17,101.86,374.07,101.94,374.00,102.02,373.96,102.13,373.93,101.98,374.07,102.06,374.00,102.04,373.99,102.00,374.02,102.04,374.12,102.09,374.04,102.06,374.02,102.02,374.03,102.08,374.17,102.11,374.08,102.09,374.05,102.05,374.05,102.10,374.19,102.12,374.12,102.10,374.10,102.07,374.10
ND_DfaffRfMdcM_frame017642_l.jpg,0,123.01,-95.88,123.15,-95.81,123.27,-95.69,123.33,-95.56,123.47,-95.42,123.20,-95.46,123.24,-95.28,123.30,-95.18,123.36,-95.06,123.17,-95.39,123.32,-95.33,123.43,-95.40,123.54,-95.49,123.15,-95.44,123.29,-95.38,123.42,-95.42,123.55,-95.47,123.14,-95.49,123.25,-95.45,123.35,-95.45,123.47,-95.45
ND_DfaffRfMdcM_frame033788_r.jpg,0,-180.07,-190.48,-179.90,-190.33,-179.90,-190.25,-179.96,-190.17,-180.02,-190.09,-179.92,-190.45,-179.91,-190.35,-179.93,-190.25,-179.94,-190.14,-180.10,-190.52,-180.21,-190.37,-180.29,-190.22,-180.39,-190.04,-180.29,-190.53,-180.37,-190.34,-180.46,-190.17,-180.56,-189.99,-180.43,-190.50,-180.48,-190.36,-180.56,-190.25,-180.68,-190.16
ND_DqmaTbRqp6A_frame000898_r.jpg,0,331.30,492.47,331.27,492.31,331.18,492.23,331.12,492.17,331.00,492.10,331.30,492.30,331.34,492.26,331.37,492.24,331.39,492.24,331.38,492.38,331.44,492.36,331.48,492.36,331.50,492.36,331.47,492.45,331.50,492.44,331.55,492.44,331.58,492.44,331.54,492.50,331.57,492.53,331.61,492.57,331.66,492.59
ND_DqmaTbRqp6A_frame003589_r.jpg,0,425.01,533.15,424.86,533.12,424.73,533.09,424.62,533.14,424.50,533.22,424.64,533.29,424.56,533.38,424.57,533.41,424.62,533.40,424.68,533.39,424.63,533.45,424.66,533.46,424.71,533.43,424.78,533.44,424.71,533.50,424.74,533.49,424.78,533.45,424.87,533.47,424.80,533.51,424.79,533.52,424.79,533.47
ND_DqmaTbRqp6A_frame008373_l.jpg,0,1046.24,-264.23,1046.27,-264.27,1046.27,-264.06,1046.29,-263.75,1046.34,-263.33,1045.89,-263.64,1046.02,-263.25,1046.24,-263.05,1046.56,-262.91,1045.89,-263.34,1046.20,-263.04,1046.50,-263.14,1046.60,-263.46,1046.04,-263.22,1046.43,-263.20,1046.61,-263.47,1046.56,-263.79,1046.22,-263.17,1046.48,-263.27,1046.61,-263.48,1046.62,-263.77
ND_DqmaTbRqp6A_frame009270_l.jpg,0,575.31,650.90,575.50,650.83,575.65,650.76,575.78,650.73,575.92,650.66,575.54,650.84,575.67,650.98,575.77,651.06,575.84,651.12,575.47,650.96,575.61,651.08,575.71,651.15,575.79,651.20,575.39,651.08,575.53,651.16,575.64,651.23,575.70,651.26,575.34,651.17,575.43,651.24,575.52,651.29,575.58,651.29
ND_DqmaTbRqp6A_frame009569_r.jpg,0,437.10,730.93,437.27,730.90,437.39,730.91,437.50,731.00,437.63,731.12,437.27,731.03,437.37,731.18,437.44,731.28,437.52,731.40,437.19,731.15,437.29,731.29,437.37,731.39,437.48,731.49,437.12,731.24,437.22,731.34,437.31,731.45,437.41,731.55,437.09,731.30,437.15,731.39,437.22,731.47,437.32,731.50
ND_DqmaTbRqp6A_frame009868_l.jpg,0,695.78,682.81,695.91,682.77,696.03,682.74,696.11,682.73,696.15,682.66,695.95,682.95,696.05,683.08,696.12,683.16,696.21,683.25,695.91,683.07,696.01,683.18,696.10,683.26,696.21,683.33,695.88,683.13,695.97,683.23,696.07,683.30,696.17,683.37,695.86,683.17,695.94,683.24,696.01,683.30,696.09,683.34
ND_DqmaTbRqp6A_frame018539_l.jpg,0,332.29,374.64,332.42,374.46,332.55,374.40,332.68,374.43,332.81,374.47,332.48,374.35,332.65,374.39,332.77,374.43,332.87,374.49,332.48,374.46,332.64,374.52,332.76,374.57,332.88,374.61,332.47,374.61,332.63,374.64,332.76,374.67,332.87,374.69,332.48,374.73,332.60,374.73,332.70,374.75,332.81,374.75
ND_DqmaTbRqp6A_frame022426_r.jpg,0,500.83,564.11,500.66,564.06,500.52,564.10,500.43,564.18,500.31,564.26,500.48,564.30,500.44,564.26,500.49,564.16,500.55,564.06,500.55,564.40,500.58,564.29,500.61,564.18,500.64,564.08,500.69,564.41,500.69,564.35,500.73,564.23,500.76,564.13,500.80,564.40,500.78,564.37,500.80,564.27,500.80,564.18
ND_DqmaTbRqp6A_frame023323_l.jpg,0,754.16,741.40,754.27,741.41,754.36,741.45,754.35,741.55,754.28,741.65,754.17,741.47,754.13,741.59,754.12,741.68,754.13,741.80,754.08,741.53,754.12,741.67,754.19,741.69,754.25,741.65,754.03,741.59,754.08,741.70,754.16,741.72,754.21,741.71,754.01,741.64,754.07,741.71,754.13,741.73,754.16,741.70
ND_Du188vty6SM_frame001201_r.jpg,0,-48.06,309.74,-47.87,309.70,-47.68,309.58,-47.53,309.45,-47.31,309.29,-47.82,309.24,-47.59,309.10,-47.49,309.21,-47.51,309.39,-47.85,309.09,-47.60,309.09,-47.52,309.23,-47.56,309.42,-47.88,309.08,-47.65,309.07,-47.53,309.22,-47.58,309.42,-47.87,309.10,-47.73,309.02,-47.60,309.11,-47.62,309.25
ND_Dx54vYpswzM_frame001201_l.jpg,0,154.84,26.08,154.85,26.11,154.86,26.21,154.86,26.30,154.84,26.42,154.66,26.20,154.58,26.27,154.55,26.35,154.53,26.44,154.61,26.24,154.58,26.35,154.58,26.43,154.58,26.52,154.62,26.28,154.59,26.36,154.59,26.44,154.62,26.51,154.65,26.30,154.62,26.36,154.62,26.42,154.63,26.47
ND_DxzL6CSktjk_frame000898_r.jpg,0,571.95,263.09,571.94,263.04,571.94,263.00,571.96,262.96,571.98,262.92,572.01,262.99,572.04,262.95,572.02,262.94,572.00,262.94,572.04,263.00,572.02,262.96,572.00,262.98,571.98,263.01,572.05,263.02,572.02,263.00,572.00,263.02,571.98,263.05,572.05,263.03,572.02,263.02,572.01,263.05,572.01,263.08
ND_DxzL6CSktjk_frame001496_r.jpg,0,672.75,125.77,672.72,125.73,672.69,125.69,672.67,125.65,672.66,125.60,672.75,125.63,672.76,125.58,672.74,125.57,672.71,125.59,672.78,125.62,672.73,125.60,672.71,125.63,672.71,125.67,672.79,125.64,672.74,125.65,672.72,125.68,672.71,125.71,672.79,125.66,672.76,125.68,672.76,125.70,672.76,125.74
ND_DxzL6CSktjk_frame004785_l.jpg,0,333.61,-115.90,334.00,-116.11,334.35,-116.26,334.70,-116.31,335.18,-116.36,334.74,-115.67,335.18,-115.62,335.46,-115.67,335.76,-115.75,334.79,-115.46,335.18,-115.47,335.35,-115.68,335.47,-115.95,334.64,-115.42,335.02,-115.49,335.18,-115.71,335.22,-115.98,334.50,-115.45,334.76,-115.57,334.88,-115.76,334.91,-115.99
ND_DxzL6CSktjk_frame006878_r.jpg,0,369.27,179.89,369.11,179.87,368.90,179.92,368.75,180.04,368.54,180.20,368.64,179.85,368.44,179.98,368.32,180.09,368.20,180.23,368.58,179.94,368.42,180.09,368.32,180.22,368.19,180.31,368.67,180.06,368.52,180.15,368.41,180.28,368.31,180.36,368.76,180.16,368.63,180.19,368.51,180.25,368.40,180.30
ND_DxzL6CSktjk_frame008373_l.jpg,0,573.07,292.14,573.09,292.13,573.13,292.13,573.16,292.14,573.20,292.15,573.17,292.13,573.21,292.14,573.24,292.15,573.26,292.16,573.18,292.16,573.22,292.17,573.25,292.18,573.28,292.19,573.17,292.18,573.20,292.19,573.23,292.20,573.26,292.21,573.15,292.20,573.17,292.21,573.19,292.23,573.22,292.24
ND_DyZZJPbmEMU_frame004785_r.jpg,0,413.44,-39.40,413.42,-39.24,413.33,-39.17,413.24,-39.11,413.15,-39.07,413.19,-39.13,413.12,-39.06,413.11,-39.06,413.11,-39.04,413.12,-39.19,413.09,-39.14,413.15,-39.16,413.23,-39.19,413.10,-39.29,413.10,-39.23,413.16,-39.23,413.25,-39.24,413.11,-39.36,413.12,-39.32,413.17,-39.30,413.23,-39.27
ND_DyZZJPbmEMU_frame007775_r.jpg,0,170.84,393.13,170.65,393.14,170.49,393.18,170.37,393.25,170.25,393.37,170.52,393.40,170.40,393.48,170.39,393.44,170.41,393.38,170.60,393.50,170.48,393.54,170.48,393.49,170.49,393.39,170.71,393.53,170.57,393.57,170.53,393.53,170.51,393.45,170.78,393.54,170.68,393.57,170.61,393.55,170.55,393.50
ND_DydCrNHfT9A_frame000001_r.jpg,0,294.14,257.63,294.14,257.71,294.11,257.77,294.11,257.82,294.12,257.89,294.25,257.82,294.23,257.88,294.20,257.92,294.16,257.95,294.28,257.81,294.24,257.88,294.20,257.91,294.15,257.94,294.27,257.78,294.23,257.85,294.19,257.89,294.14,257.92,294.24,257.76,294.22,257.81,294.20,257.85,294.17,257.89
ND_DydCrNHfT9A_frame001501_r.jpg,0,427.86,229.82,427.81,229.85,427.82,229.91,427.83,229.96,427.83,230.04,427.75,229.98,427.74,230.04,427.76,230.08,427.78,230.11,427.78,230.01,427.79,230.06,427.81,230.08,427.81,230.11,427.84,230.00,427.83,230.05,427.86,230.08,427.85,230.10,427.88,229.99,427.89,230.02,427.90,230.05,427.89,230.10
ND_DydCrNHfT9A_frame008101_r.jpg,0,245.13,286.37,245.17,286.43,245.19,286.48,245.19,286.52,245.18,286.57,245.18,286.48,245.19,286.54,245.17,286.57,245.16,286.57,245.14,286.48,245.13,286.53,245.11,286.56,245.10,286.57,245.10,286.46,245.08,286.50,245.06,286.54,245.06,286.56,245.07,286.45,245.04,286.47,245.02,286.50,245.02,286.52
ND_DydCrNHfT9A_frame009001_r.jpg,0,455.59,265.74,455.55,265.74,455.51,265.76,455.49,265.78,455.46,265.81,455.49,265.77,455.45,265.79,455.43,265.80,455.40,265.82,455.50,265.80,455.48,265.83,455.49,265.85,455.51,265.86,455.53,265.81,455.51,265.84,455.52,265.85,455.53,265.84,455.55,265.82,455.54,265.84,455.55,265.85,455.55,265.84
ND_DydCrNHfT9A_frame009601_l.jpg,0,532.70,463.73,532.79,463.78,532.85,463.79,532.87,463.83,532.90,463.88,532.80,463.87,532.82,463.94,532.84,463.99,532.85,464.03,532.74,463.89,532.74,463.96,532.74,464.01,532.72,464.04,532.68,463.90,532.68,463.94,532.66,463.97,532.64,463.99,532.64,463.90,532.62,463.94,532.59,463.96,532.56,463.98
ND_DydCrNHfT9A_frame010801_r.jpg,0,604.70,387.44,604.61,387.42,604.54,387.43,604.51,387.49,604.52,387.56,604.50,387.53,604.45,387.59,604.47,387.60,604.51,387.58,604.52,387.59,604.48,387.65,604.51,387.64,604.54,387.60,604.58,387.61,604.54,387.67,604.56,387.65,604.59,387.61,604.63,387.63,604.60,387.66,604.63,387.64,604.65,387.60
ND_DydCrNHfT9A_frame012001_l.jpg,0,528.51,391.57,528.58,391.63,528.67,391.73,528.73,391.82,528.86,391.89,528.55,391.88,528.65,391.98,528.73,391.99,528.83,392.03,528.53,391.93,528.62,392.03,528.71,392.06,528.82,392.07,528.53,391.91,528.62,391.98,528.72,391.99,528.83,391.97,528.54,391.88,528.62,391.90,528.70,391.89,528.81,391.90
ND_DydCrNHfT9A_frame014101_l.jpg,0,452.34,174.84,452.39,174.80,452.46,174.80,452.52,174.84,452.54,174.88,452.56,174.83,452.61,174.88,452.59,174.91,452.55,174.92,452.58,174.89,452.56,174.95,452.52,174.97,452.48,174.99,452.55,174.95,452.54,175.01,452.50,175.04,452.46,175.06,452.51,174.99,452.50,175.04,452.46,175.08,452.43,175.11
ND_E5-c4fFJ9To_frame008074_l.jpg,0,905.90,161.40,905.95,161.26,906.05,161.24,906.14,161.24,906.23,161.26,905.93,161.35,905.96,161.35,906.07,161.32,906.19,161.30,905.95,161.48,906.07,161.53,906.19,161.51,906.31,161.45,905.99,161.59,906.12,161.63,906.23,161.58,906.29,161.50,906.04,161.65,906.14,161.64,906.23,161.60,906.29,161.54
ND_E5qjhoe6D7c_frame003251_r.jpg,0,560.22,-307.41,560.29,-307.67,560.46,-307.49,560.74,-307.32,561.07,-306.89,561.34,-307.73,561.36,-307.43,561.18,-307.10,560.93,-306.77,561.61,-307.41,561.64,-307.03,561.32,-306.83,560.87,-306.77,561.55,-307.02,561.77,-306.77,561.39,-306.65,560.98,-306.81,561.41,-306.71,561.48,-306.53,561.18,-306.52,560.87,-306.69
ND_EWcCTo3bFbc_frame011064_r.jpg,0,-279.74,-538.23,-279.98,-538.21,-280.34,-538.18,-280.66,-538.13,-281.03,-537.92,-280.76,-538.17,-281.14,-538.10,-281.38,-537.99,-281.65,-537.86,-280.85,-538.03,-281.21,-537.95,-281.40,-537.77,-281.52,-537.57,-280.69,-537.88,-281.02,-537.85,-281.27,-537.72,-281.42,-537.60,-280.53,-537.73,-280.75,-537.64,-280.94,-537.53,-281.12,-537.42
ND_EpzI6ROo_xw_frame011961_r.jpg,0,-544.16,-109.37,-544.83,-108.62,-545.48,-108.16,-546.17,-108.15,-546.86,-108.60,-545.83,-108.39,-546.58,-108.80,-546.58,-109.00,-546.26,-109.05,-545.95,-108.97,-546.64,-109.32,-546.63,-109.48,-546.27,-109.44,-545.81,-109.65,-546.56,-109.81,-546.91,-109.97,-546.86,-110.04,-545.72,-110.15,-546.27,-110.15,-546.76,-110.16,-547.10,-110.07
ND_ErNgMVcyjZw_frame003589_l.jpg,0,-476.67,-971.47,-475.40,-971.97,-474.43,-972.08,-473.59,-972.09,-472.43,-971.90,-474.52,-972.35,-473.64,-972.17,-472.86,-971.91,-471.99,-971.62,-474.88,-971.78,-473.76,-971.48,-472.93,-971.27,-471.99,-971.06,-475.46,-971.00,-474.43,-970.82,-473.56,-970.55,-472.68,-970.26,-475.83,-970.34,-475.40,-970.19,-474.81,-969.90,-474.16,-969.67
ND_F-EFpKAfHbM_frame000301_l.jpg,0,-647.02,-234.94,-646.98,-235.96,-647.22,-236.73,-647.63,-237.30,-648.44,-237.73,-647.96,-236.83,-648.64,-237.35,-648.70,-237.41,-648.52,-237.24,-648.51,-236.49,-649.05,-236.94,-649.31,-237.21,-649.59,-237.54,-648.81,-235.91,-649.29,-236.46,-649.67,-236.85,-650.05,-237.25,-649.00,-235.48,-649.41,-235.86,-649.75,-236.20,-650.13,-236.61
ND_F-Qx9ZMN_30_frame018539_r.jpg,0,1238.07,-18.09,1238.20,-18.25,1238.30,-18.39,1238.39,-18.51,1238.46,-18.69,1238.44,-18.36,1238.54,-18.46,1238.51,-18.56,1238.41,-18.66,1238.39,-18.33,1238.27,-18.46,1238.16,-18.49,1238.07,-18.47,1238.26,-18.29,1238.16,-18.41,1238.05,-18.41,1238.01,-18.37,1238.14,-18.27,1238.07,-18.35,1238.00,-18.35,1237.95,-18.33
ND_F-Qx9ZMN_30_frame025117_l.jpg,0,273.76,-102.01,273.66,-101.91,273.62,-101.76,273.62,-101.63,273.61,-101.45,273.76,-102.04,273.80,-101.95,273.82,-101.82,273.81,-101.67,273.91,-102.09,273.94,-101.98,273.96,-101.85,273.95,-101.69,274.03,-102.10,274.06,-102.02,274.09,-101.89,274.07,-101.76,274.12,-102.07,274.17,-102.01,274.18,-101.91,274.14,-101.81
ND_F09JBIq0Hkk_frame000751_r.jpg,0,41.15,253.17,40.97,253.05,40.77,253.06,40.60,253.12,40.42,253.28,40.56,253.01,40.35,253.08,40.22,253.16,40.08,253.25,40.52,253.14,40.33,253.22,40.35,253.29,40.46,253.29,40.61,253.29,40.42,253.31,40.44,253.37,40.54,253.36,40.69,253.42,40.56,253.40,40.55,253.43,40.60,253.42
ND_F09JBIq0Hkk_frame006001_l.jpg,0,401.03,243.18,401.07,243.19,401.13,243.16,401.17,243.13,401.21,243.08,401.20,243.24,401.26,243.21,401.27,243.16,401.25,243.11,401.22,243.23,401.25,243.17,401.26,243.12,401.26,243.07,401.20,243.19,401.24,243.15,401.24,243.10,401.24,243.06,401.18,243.16,401.21,243.13,401.23,243.10,401.24,243.07
ND_F5HFkLGHnIA_frame002152_l.jpg,0,-471.75,-814.43,-471.91,-814.33,-471.86,-814.70,-471.49,-815.00,-470.81,-815.33,-471.16,-813.30,-470.80,-812.80,-470.50,-812.97,-470.26,-813.41,-470.63,-813.20,-470.02,-812.92,-469.63,-813.12,-469.34,-813.46,-470.30,-813.48,-469.74,-813.30,-469.29,-813.45,-468.98,-813.70,-470.09,-813.81,-469.64,-813.81,-469.26,-813.90,-468.97,-814.01
ND_F5HFkLGHnIA_frame002869_r.jpg,0,-437.48,-426.14,-438.39,-426.39,-439.16,-426.35,-439.77,-426.03,-440.69,-425.71,-439.77,-426.62,-440.56,-426.35,-441.03,-425.99,-441.54,-425.55,-439.71,-426.25,-440.33,-425.71,-440.70,-425.24,-441.12,-424.76,-439.26,-425.74,-439.98,-425.49,-440.50,-425.14,-441.05,-424.85,-438.90,-425.28,-439.42,-425.18,-439.89,-425.09,-440.52,-425.05
ND_F8H09j5o3vw_frame000901_l.jpg,0,-62.02,187.87,-62.09,187.70,-62.10,187.59,-62.08,187.49,-62.10,187.39,-61.81,187.44,-61.68,187.37,-61.73,187.42,-61.82,187.50,-61.67,187.50,-61.67,187.52,-61.76,187.59,-61.86,187.65,-61.61,187.66,-61.55,187.61,-61.62,187.66,-61.73,187.71,-61.59,187.79,-61.58,187.78,-61.64,187.81,-61.74,187.85
ND_FKrSv4vNXt0_frame002393_r.jpg,0,77.95,52.99,77.81,53.07,77.68,53.16,77.60,53.27,77.54,53.38,77.79,53.40,77.71,53.55,77.62,53.61,77.51,53.67,77.84,53.47,77.75,53.60,77.64,53.65,77.51,53.68,77.87,53.43,77.78,53.55,77.67,53.62,77.56,53.65,77.88,53.38,77.80,53.46,77.74,53.53,77.66,53.60
ND_FKrSv4vNXt0_frame004785_l.jpg,0,143.31,-4.23,143.60,-4.20,143.76,-4.04,143.81,-3.86,143.85,-3.64,143.73,-4.05,143.77,-3.90,143.83,-3.74,143.91,-3.55,143.59,-3.94,143.70,-3.71,143.80,-3.56,143.92,-3.42,143.41,-3.85,143.56,-3.67,143.68,-3.51,143.79,-3.38,143.29,-3.77,143.40,-3.66,143.50,-3.55,143.62,-3.45
ND_FMa5Dy8jnmc_frame018570_l.jpg,0,243.18,-457.26,243.80,-457.93,244.36,-458.40,244.96,-458.42,245.35,-458.20,245.31,-457.57,246.02,-457.32,246.31,-457.31,246.38,-457.36,245.37,-457.02,245.38,-457.21,245.20,-457.41,244.94,-457.58,244.96,-456.62,245.10,-456.93,244.91,-457.10,244.67,-457.19,244.57,-456.40,244.79,-456.62,244.62,-456.70,244.32,-456.76
ND_FPHX2K45Z38_frame000600_l.jpg,0,-64.70,606.99,-64.68,607.18,-64.59,607.36,-64.47,607.49,-64.30,607.65,-64.30,607.32,-64.21,607.53,-64.30,607.61,-64.42,607.69,-64.18,607.30,-64.20,607.50,-64.30,607.60,-64.45,607.67,-64.18,607.25,-64.21,607.44,-64.32,607.54,-64.48,607.60,-64.21,607.22,-64.23,607.36,-64.32,607.45,-64.45,607.53
ND_FajOwucOJa0_frame002393_r.jpg,0,649.38,-160.82,649.19,-160.49,648.93,-160.39,648.73,-160.29,648.47,-160.12,649.07,-160.20,649.02,-160.04,648.92,-159.94,648.84,-159.80,649.05,-160.37,648.96,-160.20,648.85,-160.07,648.76,-159.91,649.04,-160.63,648.95,-160.45,648.84,-160.32,648.75,-160.14,649.01,-160.84,648.84,-160.75,648.70,-160.67,648.61,-160.57
ND_FajOwucOJa0_frame005682_r.jpg,0,452.11,-245.07,452.26,-244.85,452.24,-244.72,452.22,-244.68,452.11,-244.63,452.37,-244.90,452.39,-244.86,452.31,-244.75,452.25,-244.63,452.24,-245.01,452.21,-244.94,452.13,-244.84,452.09,-244.71,452.05,-245.09,452.04,-245.02,451.98,-244.94,451.94,-244.87,451.90,-245.12,451.86,-245.08,451.81,-245.03,451.77,-244.99
ND_FajOwucOJa0_frame015549_l.jpg,0,1068.33,352.48,1068.55,352.16,1068.63,351.86,1068.65,351.59,1068.70,351.24,1068.34,351.57,1068.62,351.58,1068.70,351.79,1068.73,352.00,1068.20,351.58,1068.49,351.70,1068.61,351.90,1068.66,352.11,1068.14,351.78,1068.43,351.82,1068.58,352.01,1068.65,352.20,1068.14,351.96,1068.35,351.93,1068.48,352.04,1068.55,352.16
ND_FajOwucOJa0_frame016147_r.jpg,0,381.36,403.23,381.24,403.21,381.20,403.08,381.18,402.95,381.15,402.77,381.43,403.04,381.43,402.84,381.33,402.74,381.20,402.69,381.54,402.94,381.39,402.80,381.26,402.77,381.12,402.77,381.58,402.87,381.41,402.80,381.27,402.76,381.12,402.78,381.58,402.81,381.46,402.79,381.34,402.80,381.19,402.83
ND_FajOwucOJa0_frame016745_r.jpg,0,252.87,538.09,252.81,538.29,252.67,538.46,252.59,538.56,252.62,538.45,253.18,538.46,253.19,538.47,253.05,538.37,252.89,538.28,253.33,538.33,253.36,538.30,253.21,538.20,253.04,538.15,253.34,538.13,253.44,538.07,253.36,537.95,253.22,537.86,253.32,537.97,253.34,537.97,253.28,537.93,253.19,537.91
ND_FajOwucOJa0_frame017044_r.jpg,0,108.93,416.00,108.90,416.01,108.84,416.03,108.88,416.00,109.01,415.85,109.32,416.07,109.45,416.05,109.43,415.92,109.32,415.75,109.48,416.00,109.69,415.97,109.63,415.81,109.46,415.71,109.52,415.89,109.73,415.91,109.77,415.76,109.66,415.63,109.51,415.78,109.63,415.80,109.64,415.77,109.56,415.73
ND_Fbm6S56WlQw_frame040561_r.jpg,0,-21.28,15.04,-21.24,15.08,-21.21,15.14,-21.20,15.22,-21.24,15.34,-21.17,14.83,-21.17,14.80,-21.23,14.85,-21.31,14.94,-21.23,14.72,-21.35,14.73,-21.41,14.84,-21.43,14.96,-21.33,14.69,-21.40,14.74,-21.42,14.85,-21.36,14.93,-21.42,14.69,-21.44,14.76,-21.43,14.85,-21.37,14.91
ND_Fbm6S56WlQw_frame089281_r.jpg,0,129.84,325.64,129.62,325.69,129.50,325.58,129.43,325.44,129.44,325.21,129.67,325.72,129.57,325.59,129.51,325.44,129.44,325.29,129.81,325.62,129.84,325.55,129.75,325.40,129.62,325.30,129.93,325.48,129.83,325.36,129.71,325.23,129.56,325.15,129.99,325.37,129.88,325.25,129.77,325.16,129.62,325.05
ND_Fbm6S56WlQw_frame097441_r.jpg,0,219.31,-65.28,219.24,-65.14,219.02,-65.07,218.82,-65.07,218.61,-64.91,218.85,-65.29,218.61,-65.23,218.52,-65.09,218.41,-64.92,218.71,-65.37,218.49,-65.31,218.39,-65.16,218.31,-64.97,218.69,-65.39,218.50,-65.36,218.35,-65.24,218.23,-65.09,218.69,-65.37,218.54,-65.33,218.42,-65.26,218.26,-65.19
ND_Fbm6S56WlQw_frame126241_r.jpg,0,-92.69,365.11,-92.52,365.15,-92.38,365.20,-92.25,365.23,-92.10,365.32,-92.22,365.06,-92.06,365.04,-91.96,365.06,-91.84,365.06,-92.22,365.05,-92.06,365.07,-91.96,365.10,-91.83,365.09,-92.31,365.09,-92.16,365.10,-92.05,365.12,-91.92,365.12,-92.39,365.14,-92.32,365.18,-92.25,365.20,-92.16,365.19
ND_FdiohLUjSls_frame001197_r.jpg,0,-304.23,-80.11,-304.35,-79.71,-304.20,-79.34,-304.02,-79.02,-303.71,-78.64,-303.69,-79.34,-303.42,-79.01,-303.31,-78.72,-303.28,-78.39,-303.37,-79.37,-303.34,-78.97,-303.43,-78.74,-303.64,-78.57,-303.26,-79.47,-303.48,-79.18,-303.78,-79.20,-304.09,-79.35,-303.23,-79.52,-303.47,-79.37,-303.71,-79.41,-303.99,-79.54
ND_FiWIcDMkzhU_frame005701_r.jpg,0,402.86,382.30,402.86,382.41,402.83,382.50,402.79,382.56,402.70,382.60,402.78,382.47,402.74,382.51,402.70,382.55,402.65,382.60,402.72,382.41,402.69,382.46,402.66,382.49,402.62,382.55,402.68,382.35,402.66,382.37,402.63,382.40,402.59,382.44,402.65,382.30,402.59,382.31,402.54,382.32,402.48,382.32
ND_FiWIcDMkzhU_frame027001_r.jpg,0,466.46,417.84,466.45,417.86,466.44,417.91,466.45,417.95,466.47,418.01,466.37,417.93,466.37,417.99,466.38,418.03,466.39,418.08,466.36,417.96,466.38,418.01,466.39,418.05,466.39,418.09,466.38,417.97,466.39,418.01,466.40,418.05,466.41,418.07,466.41,417.97,466.41,418.00,466.42,418.03,466.43,418.05
ND_FiWIcDMkzhU_frame029701_r.jpg,0,379.29,539.98,379.20,540.04,379.11,540.05,379.03,540.06,378.94,540.08,379.16,540.17,379.10,540.20,379.06,540.20,379.00,540.16,379.19,540.16,379.18,540.20,379.13,540.18,379.06,540.14,379.23,540.10,379.18,540.14,379.12,540.13,379.05,540.11,379.25,540.04,379.20,540.05,379.15,540.06,379.09,540.08
ND_FiuUCX28dL4_frame003301_l.jpg,0,895.07,-91.00,895.43,-91.01,895.70,-90.88,895.83,-90.65,896.02,-90.37,895.69,-90.52,895.86,-90.25,895.99,-90.10,896.13,-89.96,895.57,-90.32,895.74,-90.11,895.86,-90.14,895.93,-90.25,895.38,-90.26,895.60,-90.15,895.70,-90.22,895.72,-90.31,895.26,-90.24,895.44,-90.19,895.54,-90.22,895.56,-90.31
ND_FiuUCX28dL4_frame008401_r.jpg,0,431.29,251.00,431.30,250.91,431.29,250.85,431.28,250.79,431.24,250.74,431.45,250.85,431.53,250.83,431.58,250.82,431.63,250.80,431.49,250.90,431.56,250.89,431.61,250.88,431.66,250.87,431.48,250.97,431.54,250.95,431.59,250.93,431.63,250.92,431.46,251.02,431.50,251.01,431.52,251.01,431.54,251.00
ND_FiuUCX28dL4_frame009001_l.jpg,0,361.83,302.97,361.91,302.91,362.00,302.88,362.08,302.88,362.18,302.84,362.10,302.93,362.19,302.96,362.24,302.99,362.31,303.01,362.11,303.00,362.20,303.03,362.24,303.05,362.29,303.06,362.07,303.07,362.15,303.08,362.20,303.11,362.25,303.12,362.03,303.12,362.09,303.13,362.12,303.15,362.15,303.16
ND_Fru2XJ54YHQ_frame002393_l.jpg,0,763.32,206.67,763.29,206.64,763.30,206.63,763.31,206.66,763.28,206.68,763.35,206.80,763.44,206.85,763.52,206.86,763.60,206.89,763.42,206.85,763.51,206.89,763.59,206.88,763.67,206.85,763.48,206.84,763.56,206.83,763.64,206.81,763.71,206.80,763.53,206.81,763.58,206.79,763.64,206.76,763.69,206.76
ND_Fru2XJ54YHQ_frame005682_r.jpg,0,357.51,40.18,357.43,40.34,357.34,40.44,357.27,40.50,357.19,40.54,357.48,40.46,357.42,40.53,357.33,40.56,357.20,40.58,357.50,40.37,357.42,40.43,357.32,40.46,357.20,40.49,357.49,40.23,357.42,40.31,357.32,40.35,357.21,40.39,357.45,40.13,357.38,40.15,357.30,40.18,357.22,40.21
ND_GKyRrpznUpA_frame011701_r.jpg,0,1153.52,-232.62,1153.96,-232.55,1154.37,-232.40,1154.74,-232.38,1155.19,-232.25,1154.75,-232.92,1155.14,-232.73,1155.17,-232.41,1155.20,-232.06,1154.77,-232.95,1155.07,-232.63,1155.07,-232.30,1155.00,-231.96,1154.55,-232.83,1154.88,-232.57,1154.88,-232.23,1154.78,-231.96,1154.37,-232.67,1154.63,-232.52,1154.70,-232.28,1154.69,-232.08
ND_GOhBgqPW7bo_frame001501_r.jpg,0,158.76,-77.92,158.62,-77.94,158.40,-77.95,158.18,-77.90,157.97,-77.74,158.11,-78.06,157.87,-77.94,158.00,-77.82,158.19,-77.83,158.01,-77.99,157.86,-77.81,158.02,-77.73,158.22,-77.78,158.07,-77.86,157.95,-77.73,158.11,-77.65,158.30,-77.72,158.14,-77.74,158.06,-77.64,158.18,-77.60,158.32,-77.67
ND_GOhBgqPW7bo_frame001801_r.jpg,0,225.08,54.98,224.82,54.90,224.55,54.88,224.32,54.92,224.01,54.94,224.34,55.20,224.07,55.22,223.89,55.19,223.68,55.14,224.32,55.28,224.05,55.33,223.87,55.25,223.70,55.11,224.43,55.25,224.18,55.29,223.97,55.25,223.80,55.11,224.53,55.19,224.35,55.17,224.19,55.16,223.97,55.18
ND_GPp9-B31Mx4_frame000001_r.jpg,0,161.77,318.26,161.70,317.92,161.64,317.63,161.73,317.62,161.89,317.68,162.07,317.89,162.27,317.68,162.35,317.60,162.40,317.57,162.15,318.15,162.27,318.24,162.11,318.27,161.90,318.25,162.08,318.43,162.09,318.49,161.94,318.50,161.71,318.46,161.97,318.63,161.98,318.75,161.88,318.80,161.74,318.78
ND_GQah6LdN7A4_frame003841_r.jpg,0,673.79,142.79,674.25,142.87,674.47,142.79,674.39,142.80,674.13,142.86,674.50,142.27,674.48,142.57,674.31,142.83,674.18,142.96,674.22,142.11,674.16,142.49,674.01,142.77,673.90,142.91,673.85,142.16,673.88,142.32,673.79,142.66,673.74,142.91,673.56,142.28,673.48,142.44,673.43,142.70,673.50,142.91
ND_GSoNUnn-LfA_frame001197_r.jpg,0,469.92,-99.46,470.15,-99.62,470.38,-99.79,470.58,-99.95,470.75,-100.20,470.00,-100.14,470.04,-100.45,470.16,-100.61,470.34,-100.74,469.85,-100.27,469.98,-100.53,470.10,-100.68,470.30,-100.82,469.77,-100.25,469.92,-100.48,470.05,-100.65,470.24,-100.78,469.75,-100.22,469.86,-100.38,469.96,-100.53,470.13,-100.64
ND_GXLn6smpyYw_frame000241_r.jpg,0,1961.26,955.32,1961.16,955.36,1961.10,955.41,1961.04,955.46,1960.97,955.52,1961.10,955.44,1961.05,955.50,1961.02,955.54,1960.98,955.58,1961.15,955.47,1961.09,955.52,1961.05,955.57,1961.00,955.60,1961.22,955.48,1961.16,955.52,1961.13,955.56,1961.08,955.58,1961.27,955.49,1961.23,955.52,1961.19,955.55,1961.14,955.57
ND_GXLn6smpyYw_frame001681_l.jpg,0,2262.14,-187.84,2263.13,-187.74,2263.87,-187.62,2264.23,-187.23,2264.14,-187.04,2263.80,-186.34,2264.50,-186.23,2264.90,-186.31,2265.30,-186.30,2263.41,-186.07,2263.83,-185.74,2264.10,-186.11,2264.33,-186.64,2262.84,-186.28,2263.30,-186.09,2263.60,-186.40,2263.88,-186.84,2262.44,-186.57,2262.74,-186.40,2262.97,-186.54,2263.21,-186.80
ND_GckDM8ncVRA_frame054001_l.jpg,0,-112.57,-432.88,-112.73,-433.27,-113.07,-433.65,-113.44,-433.94,-113.95,-434.27,-112.93,-434.36,-113.41,-434.66,-113.79,-434.63,-114.21,-434.54,-113.08,-434.43,-113.61,-434.45,-113.99,-434.33,-114.39,-434.22,-113.22,-434.16,-113.66,-434.25,-114.06,-434.18,-114.44,-434.13,-113.36,-433.88,-113.64,-434.05,-113.92,-434.10,-114.21,-434.14
ND_Gf9r35bf7xA_frame000001_r.jpg,0,-73.92,437.77,-74.03,437.76,-74.11,437.75,-74.17,437.80,-74.19,437.89,-74.12,437.87,-74.18,437.94,-74.20,437.95,-74.18,437.93,-74.09,437.93,-74.14,438.00,-74.14,437.98,-74.12,437.94,-74.02,437.96,-74.09,438.00,-74.09,437.99,-74.08,437.96,-73.98,437.98,-74.03,438.00,-74.03,437.99,-74.02,437.97
ND_GfQnfvZo0Sw_frame000601_l.jpg,0,-7.66,693.84,-7.23,693.34,-6.66,693.26,-6.16,693.39,-5.62,693.53,-7.33,693.57,-7.19,693.88,-6.84,694.13,-6.36,694.39,-7.44,694.11,-7.45,694.48,-7.01,694.69,-6.44,694.76,-7.44,694.60,-7.15,695.01,-6.67,695.27,-6.11,695.34,-7.36,694.94,-6.97,695.15,-6.59,695.32,-6.13,695.37
ND_Gg2tG4jeRjM_frame016201_l.jpg,0,1918.16,490.73,1918.41,490.33,1918.64,490.04,1918.86,489.84,1919.14,489.58,1918.22,489.71,1918.52,489.64,1918.78,489.69,1919.09,489.78,1918.09,489.81,1918.47,489.87,1918.76,489.93,1919.09,489.97,1918.05,490.12,1918.39,490.05,1918.71,490.07,1919.04,490.10,1918.07,490.38,1918.25,490.27,1918.47,490.23,1918.72,490.19
ND_Gg2tG4jeRjM_frame016801_r.jpg,0,1069.18,1404.59,1068.89,1404.44,1068.66,1404.30,1068.44,1404.26,1068.23,1404.46,1068.45,1404.67,1068.19,1404.78,1068.26,1404.76,1068.42,1404.64,1068.47,1404.89,1068.24,1404.93,1068.33,1404.87,1068.49,1404.73,1068.61,1405.04,1068.36,1405.06,1068.33,1404.99,1068.40,1404.82,1068.72,1405.13,1068.54,1405.16,1068.43,1405.10,1068.33,1404.97
ND_Gg2tG4jeRjM_frame021001_r.jpg,0,395.77,956.71,395.47,956.26,395.09,956.10,394.82,955.92,394.44,955.67,395.56,955.71,395.51,955.41,395.52,955.14,395.51,954.82,395.89,955.72,395.96,955.38,396.02,955.06,396.03,954.70,396.21,955.88,396.24,955.72,396.30,955.39,396.26,955.22,396.44,955.99,396.54,955.98,396.62,955.72,396.56,955.58
ND_Gi-BLklLu3w_frame001201_r.jpg,0,115.35,-73.04,115.01,-73.03,114.85,-73.18,114.69,-73.39,114.79,-73.76,114.37,-73.34,114.08,-73.56,114.12,-73.72,114.25,-73.77,114.41,-73.56,114.17,-73.84,114.22,-73.96,114.34,-73.98,114.65,-73.71,114.44,-73.92,114.54,-73.95,114.72,-73.83,114.87,-73.82,114.68,-73.96,114.71,-73.99,114.82,-73.88
ND_Gi-BLklLu3w_frame008701_l.jpg,0,163.24,84.27,162.89,84.07,162.58,84.10,162.32,84.22,161.97,84.33,162.37,84.38,162.08,84.52,162.02,84.52,162.00,84.48,162.37,84.63,162.16,84.71,162.14,84.64,162.15,84.50,162.52,84.79,162.37,84.68,162.47,84.49,162.60,84.26,162.64,84.88,162.60,84.70,162.70,84.54,162.85,84.34
ND_GnW7Tz_Rie4_frame008101_l.jpg,0,52.32,81.63,52.46,81.23,52.27,80.93,52.03,80.74,51.69,80.50,52.48,80.64,52.38,80.28,52.27,80.05,52.15,79.79,52.28,80.67,52.06,80.38,51.89,80.18,51.72,79.94,52.05,80.87,51.88,80.58,51.69,80.37,51.56,80.12,51.85,81.02,51.72,80.85,51.58,80.71,51.45,80.48
ND_Gr3TxWpVELA_frame000001_l.jpg,0,-31.24,-297.73,-31.89,-297.79,-32.36,-297.98,-32.71,-298.27,-33.10,-298.69,-32.38,-298.67,-32.74,-299.08,-32.98,-299.33,-33.22,-299.64,-32.12,-299.01,-32.46,-299.40,-32.71,-299.66,-32.99,-299.97,-31.73,-299.08,-32.04,-299.45,-32.26,-299.74,-32.53,-299.99,-31.43,-299.09,-31.61,-299.39,-31.77,-299.62,-32.01,-299.83
ND_Gr3TxWpVELA_frame008672_r.jpg,0,265.51,301.35,265.59,301.43,265.64,301.51,265.60,301.58,265.53,301.53,265.56,301.58,265.57,301.64,265.57,301.60,265.55,301.56,265.48,301.60,265.49,301.67,265.50,301.63,265.50,301.58,265.42,301.57,265.43,301.65,265.45,301.63,265.44,301.59,265.37,301.56,265.38,301.62,265.40,301.62,265.42,301.59
ND_Gr3TxWpVELA_frame009270_l.jpg,0,558.83,164.37,558.75,164.37,558.69,164.40,558.68,164.44,558.72,164.46,558.75,164.52,558.76,164.52,558.77,164.48,558.79,164.42,558.82,164.55,558.86,164.51,558.88,164.46,558.91,164.40,558.89,164.53,558.92,164.50,558.95,164.44,558.97,164.39,558.95,164.50,558.96,164.50,558.98,164.48,558.98,164.45
ND_Gr3TxWpVELA_frame012858_r.jpg,0,495.61,340.61,495.64,340.59,495.68,340.61,495.71,340.65,495.73,340.69,495.74,340.63,495.76,340.67,495.75,340.69,495.75,340.70,495.74,340.67,495.77,340.70,495.76,340.73,495.76,340.74,495.72,340.70,495.75,340.73,495.74,340.74,495.74,340.74,495.69,340.72,495.69,340.76,495.67,340.76,495.66,340.75
ND_Gr3TxWpVELA_frame013755_l.jpg,0,740.79,331.17,740.76,331.23,740.75,331.28,740.78,331.32,740.81,331.37,740.81,331.33,740.85,331.37,740.87,331.37,740.89,331.36,740.85,331.33,740.89,331.35,740.91,331.35,740.93,331.36,740.88,331.29,740.91,331.33,740.93,331.33,740.95,331.34,740.91,331.26,740.93,331.29,740.95,331.30,740.96,331.32
ND_Gw5F0yIlka0_frame004187_r.jpg,0,-301.58,-121.16,-301.65,-121.31,-301.77,-121.56,-301.93,-121.82,-302.21,-122.24,-302.52,-121.37,-302.77,-121.75,-302.72,-122.06,-302.52,-122.36,-302.77,-121.46,-302.74,-121.90,-302.54,-122.17,-302.19,-122.31,-302.75,-121.57,-302.64,-121.92,-302.36,-122.16,-302.00,-122.17,-302.66,-121.70,-302.52,-121.92,-302.28,-122.05,-301.97,-122.09
ND_H0XTcFOUWDw_frame007201_l.jpg,0,-245.76,-230.11,-245.99,-230.43,-246.26,-230.59,-246.50,-230.67,-246.83,-230.68,-246.20,-230.79,-246.44,-230.89,-246.65,-230.82,-246.84,-230.72,-246.22,-230.65,-246.53,-230.62,-246.70,-230.52,-246.85,-230.44,-246.20,-230.38,-246.49,-230.42,-246.68,-230.35,-246.82,-230.30,-246.21,-230.15,-246.42,-230.18,-246.58,-230.16,-246.70,-230.14
ND_H0XTcFOUWDw_frame009901_l.jpg,0,-48.31,-221.03,-48.68,-221.11,-48.99,-221.12,-49.24,-221.14,-49.58,-221.17,-49.16,-221.38,-49.46,-221.48,-49.56,-221.27,-49.53,-221.02,-49.12,-221.31,-49.26,-221.01,-49.25,-220.77,-49.24,-220.52,-48.95,-221.13,-49.10,-220.88,-49.11,-220.65,-49.12,-220.43,-48.81,-220.95,-48.93,-220.78,-48.97,-220.63,-49.01,-220.45
ND_H0XTcFOUWDw_frame012001_l.jpg,0,-432.63,-530.87,-433.03,-531.05,-433.35,-531.06,-433.61,-530.92,-433.90,-530.71,-433.69,-530.86,-434.06,-530.71,-434.26,-530.56,-434.49,-530.39,-433.68,-530.59,-433.95,-530.39,-434.10,-530.24,-434.31,-530.08,-433.46,-530.35,-433.74,-530.21,-433.92,-530.04,-434.13,-529.91,-433.28,-530.18,-433.48,-530.04,-433.64,-529.90,-433.85,-529.76
ND_H0XTcFOUWDw_frame012601_r.jpg,0,85.69,-2.83,85.78,-3.07,85.89,-3.41,85.94,-3.75,85.69,-4.12,85.14,-3.31,84.95,-3.56,84.92,-3.81,84.96,-4.13,84.87,-3.36,84.61,-3.65,84.62,-3.95,84.78,-4.23,84.80,-3.38,84.75,-3.71,84.87,-4.01,85.14,-4.19,84.81,-3.43,84.88,-3.69,85.03,-3.88,85.27,-4.00
ND_HBEEakv1i8E_frame000901_r.jpg,0,399.88,-178.14,400.04,-179.36,400.13,-180.07,400.27,-180.46,400.59,-180.79,399.30,-180.49,399.69,-180.91,400.30,-180.66,400.68,-180.30,399.27,-180.05,399.99,-180.53,400.70,-180.37,401.38,-180.10,399.57,-179.25,399.98,-179.93,400.79,-180.07,401.60,-180.08,399.95,-178.64,400.29,-179.11,400.90,-179.26,401.45,-179.28
ND_HBEEakv1i8E_frame001801_r.jpg,0,529.61,-69.57,529.92,-69.84,530.42,-70.03,530.88,-70.07,531.48,-69.94,530.26,-70.91,530.81,-71.08,531.19,-71.13,531.59,-71.30,530.36,-71.04,530.89,-71.18,531.29,-71.23,531.71,-71.40,530.39,-70.82,530.74,-71.12,531.14,-71.25,531.49,-71.47,530.46,-70.58,530.76,-70.74,531.06,-70.89,531.35,-71.17
ND_HGmakg5bHgQ_frame001795_r.jpg,0,261.45,158.96,261.52,158.98,261.59,158.99,261.65,159.00,261.71,159.02,261.67,158.94,261.74,158.95,261.80,158.96,261.86,158.96,261.68,158.95,261.75,158.95,261.81,158.96,261.87,158.96,261.64,158.96,261.71,158.97,261.77,158.97,261.83,158.96,261.61,158.99,261.65,159.01,261.69,159.03,261.74,159.04
ND_HGmakg5bHgQ_frame008373_r.jpg,0,275.13,104.06,275.18,104.09,275.25,104.05,275.31,104.03,275.39,103.97,275.32,104.20,275.41,104.21,275.45,104.17,275.48,104.12,275.35,104.20,275.43,104.17,275.46,104.12,275.49,104.07,275.35,104.15,275.42,104.13,275.45,104.07,275.47,104.03,275.34,104.10,275.38,104.07,275.41,104.03,275.44,103.99
ND_HGmakg5bHgQ_frame012260_l.jpg,0,435.06,91.90,435.10,91.72,435.25,91.62,435.41,91.58,435.58,91.49,435.34,91.75,435.52,91.65,435.62,91.57,435.66,91.51,435.45,91.86,435.60,91.75,435.68,91.66,435.68,91.57,435.49,91.95,435.62,91.83,435.68,91.72,435.67,91.64,435.52,92.00,435.59,91.89,435.64,91.80,435.65,91.72
ND_HHmzFTw-9vk_frame000599_r.jpg,0,-452.46,-305.53,-452.07,-305.20,-451.72,-305.09,-451.38,-305.19,-450.90,-305.34,-451.59,-305.47,-451.12,-305.56,-450.82,-305.60,-450.46,-305.66,-451.56,-305.83,-451.11,-305.90,-450.78,-305.97,-450.42,-306.07,-451.65,-306.12,-451.24,-306.22,-450.90,-306.33,-450.55,-306.43,-451.70,-306.30,-451.41,-306.38,-451.13,-306.43,-450.79,-306.45
ND_HOBa40Isc-s_frame000001_l.jpg,0,555.18,394.52,555.18,394.35,555.19,394.22,555.27,394.16,555.41,394.18,555.26,394.18,555.38,394.11,555.38,394.15,555.34,394.20,555.33,394.23,555.45,394.18,555.44,394.22,555.39,394.26,555.39,394.33,555.50,394.27,555.47,394.30,555.43,394.34,555.44,394.41,555.51,394.36,555.49,394.38,555.44,394.42
ND_HOBa40Isc-s_frame001751_r.jpg,0,711.40,-126.42,711.57,-126.33,711.69,-126.31,711.68,-126.27,711.57,-126.26,711.67,-126.38,711.70,-126.21,711.68,-126.17,711.66,-126.24,711.56,-126.40,711.54,-126.23,711.54,-126.18,711.56,-126.23,711.42,-126.39,711.42,-126.24,711.41,-126.14,711.41,-126.11,711.31,-126.37,711.34,-126.26,711.35,-126.21,711.35,-126.24
ND_HOBa40Isc-s_frame003251_l.jpg,0,387.81,-467.72,388.05,-468.12,388.39,-468.20,388.68,-468.14,389.00,-468.05,388.50,-468.04,388.92,-468.00,389.18,-468.03,389.30,-468.09,388.61,-467.74,389.03,-467.72,389.28,-467.79,389.39,-467.94,388.62,-467.46,388.99,-467.54,389.20,-467.67,389.27,-467.82,388.63,-467.28,388.85,-467.44,389.01,-467.58,389.11,-467.70
ND_HOBa40Isc-s_frame003501_l.jpg,0,877.80,546.46,877.83,546.35,877.86,546.26,877.93,546.20,878.01,546.14,877.99,546.31,878.05,546.23,878.02,546.23,877.97,546.25,878.05,546.36,878.09,546.30,878.05,546.30,878.01,546.31,878.06,546.42,878.10,546.35,878.06,546.34,878.04,546.36,878.06,546.45,878.09,546.40,878.07,546.40,878.05,546.42
ND_HfUItHiQhOo_frame007775_r.jpg,0,248.23,272.10,248.30,272.21,248.30,272.30,248.24,272.35,248.15,272.41,248.23,272.36,248.19,272.45,248.20,272.42,248.22,272.38,248.16,272.36,248.12,272.45,248.14,272.42,248.15,272.38,248.09,272.31,248.08,272.40,248.09,272.40,248.10,272.37,248.05,272.27,248.02,272.33,248.03,272.36,248.06,272.35
ND_HfUItHiQhOo_frame012858_r.jpg,0,92.27,374.41,92.13,374.40,92.01,374.41,91.93,374.45,91.82,374.52,92.00,374.51,91.90,374.57,91.85,374.63,91.81,374.70,92.04,374.59,91.95,374.65,91.88,374.71,91.81,374.78,92.12,374.64,92.04,374.71,91.98,374.77,91.91,374.83,92.18,374.67,92.15,374.75,92.11,374.80,92.06,374.86
ND_HfUItHiQhOo_frame013157_l.jpg,0,97.15,155.77,97.19,155.89,97.22,155.97,97.21,156.07,97.21,156.19,97.03,155.95,96.94,156.03,96.88,156.10,96.83,156.18,96.93,155.93,96.84,156.00,96.80,156.08,96.81,156.16,96.88,155.89,96.81,155.98,96.78,156.06,96.80,156.13,96.86,155.88,96.80,155.94,96.78,156.00,96.79,156.06
ND_HfUItHiQhOo_frame015250_r.jpg,0,404.44,295.56,404.34,295.53,404.27,295.51,404.22,295.47,404.16,295.44,404.30,295.39,404.26,295.33,404.24,295.31,404.20,295.29,404.34,295.36,404.30,295.33,404.28,295.32,404.24,295.30,404.39,295.39,404.35,295.35,404.33,295.33,404.29,295.32,404.43,295.43,404.40,295.39,404.38,295.36,404.35,295.34
ND_HfUItHiQhOo_frame016745_r.jpg,0,-0.65,292.48,-0.72,292.27,-0.74,292.09,-0.81,291.97,-1.00,291.90,-0.98,292.16,-1.16,292.08,-1.26,292.04,-1.35,292.00,-1.07,292.27,-1.24,292.21,-1.27,292.18,-1.26,292.14,-1.09,292.41,-1.23,292.32,-1.27,292.28,-1.25,292.24,-1.10,292.51,-1.20,292.44,-1.23,292.40,-1.21,292.35
ND_HfUItHiQhOo_frame029602_l.jpg,0,357.48,54.15,357.50,54.06,357.53,53.99,357.54,53.92,357.53,53.84,357.58,53.95,357.57,53.87,357.52,53.86,357.47,53.88,357.56,53.96,357.49,53.92,357.45,53.94,357.44,53.99,357.51,54.00,357.46,53.96,357.42,53.99,357.41,54.03,357.47,54.03,357.43,54.00,357.40,54.03,357.40,54.06
ND_HfUItHiQhOo_frame030499_l.jpg,0,537.92,-2.13,537.79,-2.18,537.68,-2.25,537.68,-2.36,537.75,-2.43,537.72,-2.47,537.71,-2.46,537.73,-2.38,537.73,-2.29,537.80,-2.53,537.82,-2.50,537.83,-2.42,537.84,-2.32,537.92,-2.51,537.92,-2.57,537.93,-2.49,537.93,-2.40,538.01,-2.48,538.01,-2.57,538.00,-2.62,537.99,-2.62
ND_HfUItHiQhOo_frame032293_r.jpg,0,62.64,348.02,62.72,348.13,62.74,348.23,62.70,348.32,62.67,348.38,62.66,348.26,62.63,348.38,62.62,348.42,62.62,348.41,62.57,348.26,62.55,348.38,62.54,348.44,62.53,348.46,62.49,348.23,62.47,348.34,62.47,348.42,62.46,348.47,62.44,348.22,62.43,348.30,62.43,348.36,62.44,348.40
ND_HnjrO7kobsk_frame001201_r.jpg,0,433.02,677.99,432.89,677.97,432.75,678.04,432.68,678.18,432.60,678.39,432.53,678.12,432.42,678.27,432.42,678.38,432.45,678.50,432.52,678.24,432.46,678.39,432.51,678.50,432.58,678.59,432.62,678.33,432.53,678.42,432.55,678.53,432.61,678.60,432.73,678.39,432.64,678.45,432.61,678.51,432.60,678.54
ND_HnjrO7kobsk_frame007201_l.jpg,0,748.35,74.06,748.72,74.10,748.99,74.35,749.23,74.58,749.59,74.76,748.56,74.40,748.57,74.71,748.62,74.96,748.64,75.25,748.30,74.61,748.36,74.99,748.44,75.28,748.52,75.61,748.12,74.76,748.25,75.08,748.36,75.38,748.47,75.70,748.03,74.87,748.18,75.10,748.30,75.32,748.43,75.55
ND_HtAEixEp7R0_frame012301_r.jpg,0,331.33,88.89,331.22,88.90,331.07,88.95,331.00,89.05,330.92,89.20,330.90,88.89,330.82,89.02,330.80,89.13,330.79,89.25,330.88,88.94,330.85,89.09,330.94,89.14,331.05,89.10,330.94,89.01,330.97,89.11,331.07,89.09,331.11,88.98,331.01,89.07,331.05,89.12,331.12,89.08,331.16,88.98
ND_HuUB5bePKIo_frame000001_l.jpg,0,436.76,135.87,436.60,135.59,436.52,135.36,436.56,135.15,436.55,134.96,436.89,135.12,436.98,134.90,436.89,134.91,436.77,134.98,437.08,135.17,437.11,135.02,436.99,135.05,436.85,135.10,437.18,135.36,437.18,135.19,437.07,135.20,436.94,135.26,437.21,135.53,437.25,135.39,437.18,135.37,437.07,135.40
ND_HuUB5bePKIo_frame001201_r.jpg,0,361.12,-181.77,361.24,-181.71,361.31,-181.62,361.38,-181.53,361.44,-181.40,361.52,-181.78,361.66,-181.76,361.72,-181.68,361.72,-181.57,361.54,-181.80,361.67,-181.79,361.73,-181.71,361.71,-181.61,361.48,-181.78,361.61,-181.78,361.68,-181.70,361.69,-181.60,361.42,-181.74,361.51,-181.74,361.59,-181.70,361.61,-181.63
ND_HyAZJjSp5_M_frame027555_l.jpg,0,1102.64,-106.90,1102.61,-107.18,1102.97,-107.18,1103.32,-106.97,1103.75,-106.62,1102.38,-106.46,1102.73,-106.22,1103.13,-106.32,1103.59,-106.46,1102.53,-106.02,1103.00,-105.86,1103.39,-106.04,1103.78,-106.33,1102.81,-105.82,1103.21,-105.73,1103.62,-105.95,1103.89,-106.33,1103.08,-105.74,1103.39,-105.78,1103.69,-105.96,1103.89,-106.30
ND_HydZ-3jhmCk_frame008074_r.jpg,0,467.05,-56.61,466.85,-57.09,466.89,-57.50,467.09,-57.79,467.46,-58.11,467.03,-57.78,467.08,-58.22,467.27,-58.30,467.40,-58.14,467.34,-57.74,467.50,-58.15,467.66,-58.41,467.83,-58.67,467.61,-57.50,467.79,-57.85,467.97,-58.11,468.12,-58.32,467.82,-57.30,467.99,-57.53,468.09,-57.70,468.04,-57.78
ND_I4GUDCAji1M_frame000748_l.jpg,0,23.39,-416.70,23.76,-416.29,24.07,-416.05,24.29,-415.93,24.41,-415.90,24.43,-416.38,24.67,-416.29,24.42,-416.08,24.18,-415.99,24.31,-416.59,24.07,-416.23,23.84,-416.11,23.77,-416.14,23.95,-416.74,23.75,-416.38,23.56,-416.30,23.56,-416.39,23.63,-416.80,23.52,-416.51,23.39,-416.49,23.38,-416.65
ND_I4TF9C37taE_frame008001_l.jpg,0,702.57,254.23,702.88,254.27,703.05,254.49,703.12,254.73,703.22,254.98,702.84,254.55,702.95,254.85,703.08,255.01,703.18,255.09,702.66,254.71,702.80,254.98,702.97,255.10,703.08,255.09,702.51,254.81,702.67,255.04,702.84,255.15,702.91,255.14,702.42,254.88,702.56,255.03,702.69,255.12,702.75,255.11
ND_I8T3letZWYs_frame000001_r.jpg,0,119.57,263.39,119.56,263.40,119.52,263.43,119.50,263.47,119.48,263.51,119.43,263.45,119.45,263.51,119.50,263.53,119.55,263.52,119.41,263.48,119.45,263.53,119.50,263.54,119.55,263.54,119.44,263.50,119.46,263.54,119.51,263.55,119.56,263.54,119.46,263.52,119.47,263.55,119.51,263.56,119.54,263.54
ND_IGxikJGKpVw_frame000601_l.jpg,0,-286.05,134.12,-286.36,134.10,-286.58,133.94,-286.72,133.73,-286.86,133.46,-286.53,133.60,-286.71,133.36,-286.85,133.26,-286.99,133.18,-286.43,133.42,-286.61,133.21,-286.75,133.09,-286.93,132.96,-286.30,133.40,-286.50,133.24,-286.66,133.13,-286.84,133.04,-286.21,133.42,-286.37,133.31,-286.50,133.21,-286.65,133.09
ND_IHcJg9Zokw0_frame000001_l.jpg,0,-315.79,10.56,-315.45,10.16,-315.13,9.89,-314.97,9.55,-315.08,9.12,-315.05,9.74,-314.86,9.34,-314.95,9.06,-315.17,8.85,-315.24,9.75,-315.28,9.32,-315.41,9.04,-315.53,8.81,-315.59,9.85,-315.60,9.46,-315.77,9.22,-315.88,9.06,-315.88,9.91,-315.89,9.63,-315.97,9.48,-315.99,9.43
ND_IIBYq7e2gm4_frame005501_l.jpg,0,966.61,175.33,966.73,175.26,966.83,175.21,966.91,175.17,966.99,175.13,966.83,175.32,966.92,175.41,966.99,175.46,967.06,175.49,966.81,175.42,966.91,175.48,966.97,175.50,967.00,175.50,966.77,175.49,966.88,175.52,966.92,175.51,966.92,175.50,966.75,175.55,966.83,175.54,966.86,175.53,966.85,175.52
ND_IJzl8Equf0s_frame001201_r.jpg,0,21.58,33.63,21.67,33.78,21.84,33.86,22.03,33.83,22.27,33.80,21.99,33.59,22.23,33.57,22.32,33.68,22.32,33.85,22.10,33.47,22.32,33.51,22.41,33.64,22.39,33.81,22.13,33.42,22.32,33.44,22.44,33.58,22.46,33.76,22.15,33.42,22.30,33.42,22.41,33.50,22.46,33.64
ND_IXSQPHGXCuc_frame000599_l.jpg,0,-975.60,-348.28,-974.08,-348.37,-972.96,-348.88,-972.17,-349.60,-971.23,-350.68,-972.66,-349.61,-972.14,-350.77,-971.89,-351.55,-971.70,-352.31,-973.19,-350.33,-972.56,-351.41,-972.26,-352.15,-971.93,-352.72,-974.14,-350.76,-973.45,-351.67,-973.09,-352.47,-972.71,-353.09,-974.86,-351.07,-974.47,-351.79,-974.16,-352.42,-973.68,-353.14
ND_IZqwA6zss2g_frame001501_l.jpg,0,-5.71,-383.69,-5.21,-383.89,-4.96,-384.12,-4.68,-384.26,-4.22,-384.16,-5.08,-384.79,-4.70,-384.96,-4.45,-384.90,-4.16,-384.85,-5.34,-384.93,-5.07,-385.22,-4.79,-385.18,-4.49,-385.02,-5.64,-384.79,-5.60,-385.17,-5.51,-385.40,-5.31,-385.58,-5.83,-384.62,-5.90,-384.89,-5.92,-385.13,-5.83,-385.36
ND_IZqwA6zss2g_frame005751_l.jpg,0,240.00,-24.31,240.12,-24.31,240.19,-24.37,240.24,-24.42,240.23,-24.44,240.22,-24.17,240.28,-24.21,240.30,-24.28,240.30,-24.34,240.18,-24.14,240.22,-24.20,240.22,-24.26,240.23,-24.33,240.11,-24.16,240.16,-24.20,240.16,-24.27,240.16,-24.35,240.06,-24.19,240.11,-24.22,240.12,-24.27,240.12,-24.32
ND_IarMagOBXAM_frame000601_r.jpg,0,-258.34,405.01,-258.29,404.54,-258.20,404.24,-257.90,404.14,-257.49,404.16,-258.11,404.39,-257.78,404.19,-257.55,404.02,-257.40,403.89,-257.93,404.64,-257.58,404.42,-257.37,404.22,-257.23,404.02,-257.77,404.93,-257.48,404.69,-257.27,404.46,-257.11,404.24,-257.63,405.12,-257.44,405.02,-257.26,404.85,-257.21,404.66
ND_ImLvYIcFysQ_frame010466_l.jpg,0,314.85,119.86,315.15,119.58,315.37,119.31,315.58,119.08,315.83,118.80,315.83,119.56,316.10,119.41,316.05,119.17,315.85,118.97,315.83,119.63,315.83,119.29,315.69,119.07,315.48,118.89,315.61,119.67,315.63,119.35,315.42,119.16,315.22,119.10,315.40,119.66,315.48,119.44,315.37,119.27,315.24,119.21
ND_ImLvYIcFysQ_frame013755_r.jpg,0,213.65,-597.14,213.97,-596.82,214.25,-596.54,214.52,-596.37,214.84,-596.14,214.83,-597.05,215.26,-596.96,215.45,-596.79,215.64,-596.55,214.94,-597.24,215.37,-597.18,215.56,-596.96,215.63,-596.63,214.81,-597.33,215.15,-597.12,215.29,-596.84,215.27,-596.50,214.67,-597.34,214.90,-597.16,215.04,-596.94,215.11,-596.67
ND_ImfftJApq1E_frame018001_r.jpg,0,92.65,-166.76,92.67,-166.68,92.53,-166.69,92.35,-166.64,92.11,-166.58,92.48,-166.92,92.29,-166.82,92.31,-166.70,92.41,-166.65,92.34,-167.01,92.22,-166.85,92.22,-166.69,92.30,-166.57,92.25,-167.00,92.18,-166.86,92.19,-166.69,92.29,-166.60,92.19,-166.97,92.16,-166.88,92.19,-166.75,92.29,-166.68
ND_ImfftJApq1E_frame031441_r.jpg,0,-215.45,-235.63,-215.40,-236.08,-215.28,-236.42,-215.45,-236.61,-215.79,-236.62,-215.92,-236.73,-216.24,-237.03,-216.49,-237.13,-216.77,-237.16,-216.21,-236.62,-216.58,-236.74,-216.83,-236.74,-217.08,-236.73,-216.36,-236.30,-216.67,-236.45,-216.93,-236.43,-217.14,-236.44,-216.45,-236.03,-216.70,-236.07,-216.91,-236.04,-217.10,-236.04
ND_ImfftJApq1E_frame083761_r.jpg,0,280.49,462.72,280.40,462.72,280.29,462.80,280.24,462.90,280.18,463.03,280.13,462.74,280.03,462.83,279.99,462.91,279.95,463.00,280.11,462.78,280.06,462.90,280.09,462.99,280.14,463.04,280.17,462.84,280.13,462.92,280.16,463.01,280.21,463.05,280.23,462.89,280.19,462.93,280.16,462.99,280.19,463.03
ND_ImfftJApq1E_frame114241_l.jpg,0,599.93,541.42,599.99,541.42,600.04,541.49,600.07,541.57,600.12,541.67,599.86,541.54,599.91,541.66,599.99,541.64,600.04,541.59,599.81,541.62,599.90,541.71,599.98,541.68,600.03,541.61,599.81,541.68,599.89,541.74,599.98,541.70,600.01,541.65,599.83,541.71,599.88,541.75,599.95,541.73,599.98,541.69
ND_ImfftJApq1E_frame133441_l.jpg,0,424.38,509.73,424.50,509.62,424.59,509.61,424.66,509.65,424.72,509.73,424.52,509.66,424.61,509.74,424.70,509.78,424.78,509.79,424.49,509.77,424.63,509.84,424.67,509.83,424.64,509.79,424.47,509.88,424.61,509.90,424.63,509.88,424.62,509.85,424.47,509.95,424.57,509.96,424.60,509.94,424.58,509.91
ND_IoSu4wvLU5Q_frame000001_l.jpg,0,702.08,440.30,702.12,440.28,702.18,440.28,702.22,440.29,702.25,440.32,702.24,440.30,702.28,440.34,702.31,440.37,702.33,440.40,702.25,440.34,702.29,440.38,702.31,440.40,702.35,440.43,702.22,440.38,702.26,440.40,702.29,440.43,702.33,440.45,702.19,440.41,702.22,440.43,702.25,440.45,702.28,440.47
ND_IoSu4wvLU5Q_frame000251_l.jpg,0,771.51,410.97,771.48,411.05,771.47,411.13,771.49,411.19,771.51,411.26,771.60,411.22,771.67,411.29,771.71,411.34,771.76,411.39,771.67,411.20,771.74,411.26,771.79,411.30,771.84,411.35,771.72,411.13,771.77,411.19,771.82,411.22,771.87,411.27,771.74,411.07,771.79,411.11,771.83,411.14,771.87,411.17
ND_IoSu4wvLU5Q_frame000751_l.jpg,0,668.84,491.12,668.91,491.11,668.99,491.13,669.05,491.19,669.11,491.25,668.94,491.27,669.02,491.34,669.08,491.35,669.14,491.34,668.93,491.34,669.02,491.38,669.08,491.37,669.14,491.35,668.92,491.35,669.00,491.38,669.06,491.38,669.11,491.36,668.92,491.35,668.98,491.38,669.03,491.39,669.07,491.38
ND_IpiC3DXsq1U_frame002991_l.jpg,0,323.61,-30.53,323.46,-30.78,323.23,-30.94,322.99,-31.05,322.73,-31.24,322.86,-30.94,322.63,-30.92,322.62,-30.81,322.65,-30.64,322.73,-30.76,322.55,-30.66,322.56,-30.53,322.59,-30.40,322.78,-30.51,322.59,-30.43,322.54,-30.29,322.52,-30.17,322.86,-30.31,322.68,-30.25,322.60,-30.16,322.56,-30.08
ND_IpiC3DXsq1U_frame009868_r.jpg,0,80.82,414.30,80.75,414.44,80.69,414.55,80.65,414.65,80.59,414.79,80.84,414.68,80.86,414.81,80.85,414.89,80.85,414.99,80.90,414.66,80.90,414.77,80.90,414.85,80.92,414.95,80.91,414.58,80.93,414.69,80.95,414.78,80.97,414.87,80.90,414.50,80.94,414.57,80.97,414.62,81.01,414.69
ND_IpiC3DXsq1U_frame015549_r.jpg,0,342.88,218.99,342.88,218.86,342.88,218.75,342.86,218.66,342.81,218.55,342.71,218.72,342.61,218.67,342.63,218.69,342.68,218.73,342.63,218.77,342.58,218.73,342.63,218.77,342.71,218.81,342.61,218.86,342.57,218.79,342.62,218.82,342.70,218.86,342.60,218.93,342.57,218.88,342.60,218.88,342.66,218.89
ND_IpiC3DXsq1U_frame019436_l.jpg,0,635.13,452.40,635.11,452.38,635.09,452.39,635.07,452.45,635.04,452.50,634.97,452.52,634.92,452.61,634.90,452.67,634.88,452.75,634.97,452.60,634.92,452.69,634.89,452.76,634.85,452.84,635.02,452.64,634.98,452.72,634.97,452.79,634.96,452.86,635.07,452.67,635.05,452.74,635.05,452.80,635.05,452.86
ND_IpiC3DXsq1U_frame023921_r.jpg,0,127.46,149.32,127.49,149.20,127.52,149.13,127.55,149.07,127.62,149.00,127.61,149.12,127.68,149.08,127.74,149.05,127.79,149.00,127.66,149.18,127.74,149.13,127.80,149.10,127.85,149.06,127.68,149.26,127.73,149.21,127.79,149.19,127.83,149.15,127.69,149.32,127.75,149.33,127.78,149.34,127.82,149.35
ND_J1lDx3lC9_c_frame000501_r.jpg,0,428.73,164.09,428.57,164.02,428.46,163.81,428.54,163.56,428.74,163.38,428.56,163.36,428.67,163.32,428.77,163.42,428.78,163.50,428.77,163.21,428.90,163.10,428.99,163.28,429.05,163.49,429.00,163.28,429.04,163.06,429.13,163.18,429.19,163.33,429.19,163.37,429.28,163.16,429.38,163.04,429.47,162.95
ND_J3mY6itiPZ4_frame002401_l.jpg,0,272.89,269.71,272.88,269.66,272.85,269.63,272.83,269.62,272.83,269.62,272.80,269.63,272.80,269.62,272.82,269.62,272.85,269.63,272.78,269.66,272.79,269.65,272.81,269.66,272.85,269.67,272.79,269.69,272.79,269.69,272.82,269.69,272.86,269.69,272.80,269.72,272.80,269.71,272.83,269.71,272.85,269.71
ND_J3mY6itiPZ4_frame003601_l.jpg,0,416.55,107.99,416.68,108.01,416.78,108.05,416.82,108.13,416.84,108.23,416.74,108.07,416.79,108.18,416.82,108.25,416.84,108.30,416.67,108.13,416.70,108.24,416.73,108.31,416.77,108.36,416.59,108.17,416.64,108.26,416.67,108.33,416.70,108.38,416.54,108.21,416.58,108.27,416.61,108.33,416.64,108.37
ND_J3mY6itiPZ4_frame009001_l.jpg,0,97.23,-274.50,97.20,-274.66,97.05,-274.71,96.82,-274.63,96.54,-274.47,96.63,-275.06,96.36,-275.05,96.34,-274.84,96.42,-274.59,96.41,-274.98,96.16,-274.84,96.22,-274.62,96.42,-274.44,96.36,-274.76,96.14,-274.65,96.27,-274.45,96.52,-274.37,96.35,-274.55,96.22,-274.49,96.34,-274.36,96.54,-274.32
ND_J3mY6itiPZ4_frame015601_r.jpg,0,-246.26,206.60,-245.84,206.44,-245.50,206.34,-245.24,206.40,-245.07,206.62,-245.44,206.36,-245.15,206.62,-245.24,206.63,-245.40,206.49,-245.53,206.56,-245.24,206.81,-245.33,206.83,-245.51,206.69,-245.72,206.81,-245.42,206.96,-245.43,207.02,-245.56,206.92,-245.86,207.03,-245.63,207.13,-245.65,207.12,-245.78,207.03
ND_J4_5HX8yLO8_frame006280_r.jpg,0,613.70,420.35,613.89,420.61,614.10,420.93,614.29,421.20,614.53,421.59,614.71,420.63,614.82,421.03,614.75,421.30,614.69,421.61,614.87,420.59,614.93,420.99,614.80,421.25,614.63,421.53,614.77,420.58,614.96,420.86,614.85,421.16,614.63,421.34,614.64,420.62,614.81,420.79,614.80,421.00,614.64,421.12
ND_J4_5HX8yLO8_frame026313_l.jpg,0,838.25,57.03,838.60,56.01,838.89,55.47,839.30,55.17,839.83,55.01,838.08,55.16,838.61,54.75,839.20,54.57,839.92,54.44,837.96,55.64,838.78,55.44,839.45,55.35,840.21,55.26,838.08,56.41,838.71,56.10,839.43,56.03,840.18,55.98,838.30,57.00,838.68,56.64,839.20,56.48,839.81,56.40
ND_J5ZgPgI1ljI_frame000001_r.jpg,0,-146.22,70.15,-146.15,70.02,-146.13,69.86,-146.23,69.76,-146.39,69.83,-146.15,69.69,-146.26,69.68,-146.28,69.79,-146.23,69.89,-146.25,69.66,-146.36,69.63,-146.39,69.75,-146.38,69.88,-146.37,69.73,-146.41,69.62,-146.46,69.68,-146.46,69.80,-146.46,69.80,-146.53,69.72,-146.59,69.65,-146.64,69.56
ND_J7vhhc86lUo_frame000300_l.jpg,0,-138.85,12.85,-139.06,12.74,-139.30,12.67,-139.50,12.61,-139.71,12.49,-139.19,12.23,-139.44,12.15,-139.60,12.23,-139.72,12.38,-139.17,12.17,-139.41,12.18,-139.55,12.29,-139.66,12.45,-139.12,12.27,-139.35,12.27,-139.51,12.39,-139.61,12.54,-139.11,12.38,-139.27,12.38,-139.40,12.44,-139.49,12.54
ND_J9xtxkTsYZc_frame004187_l.jpg,0,226.11,23.00,225.93,22.85,225.78,22.80,225.68,22.73,225.53,22.71,225.86,22.64,225.74,22.61,225.64,22.68,225.52,22.77,225.91,22.71,225.77,22.76,225.70,22.84,225.68,22.88,225.97,22.85,225.81,22.85,225.75,22.93,225.77,22.95,225.99,22.98,225.87,22.97,225.80,23.00,225.80,23.01
ND_J9xtxkTsYZc_frame007775_r.jpg,0,880.92,404.95,881.04,405.09,881.18,405.13,881.31,405.15,881.48,405.11,881.29,405.02,881.43,405.05,881.37,405.07,881.25,405.06,881.32,404.90,881.44,404.97,881.38,404.98,881.28,404.99,881.29,404.80,881.40,404.88,881.41,404.94,881.29,404.95,881.26,404.74,881.34,404.78,881.38,404.83,881.33,404.88
ND_JEg1-QMU0gg_frame000001_l.jpg,0,371.45,363.51,371.53,363.52,371.58,363.56,371.60,363.62,371.59,363.70,371.59,363.61,371.62,363.67,371.61,363.68,371.59,363.66,371.56,363.64,371.55,363.70,371.54,363.69,371.52,363.68,371.50,363.66,371.51,363.71,371.49,363.71,371.48,363.69,371.46,363.67,371.45,363.71,371.45,363.73,371.44,363.73
ND_JEg1-QMU0gg_frame001501_l.jpg,0,92.12,50.98,91.99,50.88,91.81,50.89,91.62,50.89,91.39,50.96,91.62,50.64,91.40,50.56,91.26,50.61,91.10,50.67,91.54,50.69,91.32,50.69,91.18,50.75,91.01,50.78,91.56,50.83,91.37,50.82,91.22,50.87,91.05,50.88,91.59,50.96,91.46,50.98,91.35,51.02,91.21,51.02
ND_JEg1-QMU0gg_frame002401_l.jpg,0,808.43,58.93,808.45,58.90,808.49,58.88,808.52,58.89,808.54,58.89,808.53,58.88,808.57,58.89,808.56,58.90,808.54,58.91,808.54,58.91,808.56,58.93,808.55,58.94,808.53,58.95,808.53,58.94,808.55,58.96,808.54,58.97,808.52,58.98,808.52,58.96,808.54,58.99,808.53,59.00,808.51,59.01
ND_JF19xb358vg_frame006665_r.jpg,0,158.27,289.20,158.10,289.16,158.00,289.05,157.90,288.96,157.78,288.83,157.82,289.23,157.69,289.13,157.69,289.02,157.76,288.91,157.85,289.22,157.74,289.20,157.67,289.11,157.61,288.99,157.95,289.17,157.83,289.14,157.74,289.05,157.67,288.95,158.05,289.12,157.96,289.05,157.88,288.99,157.78,288.92
ND_JF19xb358vg_frame054027_l.jpg,0,396.01,438.33,396.12,438.26,396.24,438.26,396.34,438.29,396.43,438.34,396.36,438.29,396.48,438.33,396.48,438.34,396.43,438.33,396.37,438.38,396.47,438.43,396.44,438.42,396.40,438.40,396.31,438.46,396.41,438.49,396.39,438.47,396.36,438.46,396.26,438.53,396.31,438.51,396.30,438.49,396.26,438.47
ND_JF19xb358vg_frame074019_r.jpg,0,-250.98,-690.10,-251.29,-690.51,-251.62,-690.74,-251.94,-690.89,-252.36,-691.13,-251.42,-690.64,-251.23,-690.91,-251.17,-691.04,-251.30,-690.87,-251.14,-690.53,-251.10,-690.97,-251.10,-690.91,-251.17,-690.61,-250.80,-690.40,-250.76,-690.81,-250.78,-690.85,-250.90,-690.67,-250.53,-690.34,-250.49,-690.62,-250.56,-690.75,-250.68,-690.65
ND_JF19xb358vg_frame135185_r.jpg,0,447.96,315.83,447.74,315.78,447.54,315.79,447.38,315.85,447.22,315.99,447.51,316.10,447.31,316.13,447.20,316.09,447.12,316.00,447.54,316.24,447.35,316.31,447.23,316.27,447.15,316.13,447.62,316.27,447.44,316.29,447.29,316.26,447.17,316.15,447.68,316.27,447.55,316.24,447.43,316.21,447.29,316.16
ND_JMxSFLmOc1w_frame000251_l.jpg,0,-413.10,-202.34,-413.29,-202.67,-413.51,-202.99,-413.74,-203.28,-414.07,-203.62,-413.17,-203.55,-413.44,-203.91,-413.75,-203.95,-414.09,-203.88,-413.15,-203.64,-413.49,-203.90,-413.80,-203.84,-414.06,-203.67,-413.22,-203.46,-413.46,-203.76,-413.78,-203.71,-413.96,-203.51,-413.32,-203.28,-413.48,-203.51,-413.70,-203.51,-413.83,-203.38
ND_JMxSFLmOc1w_frame002001_l.jpg,0,-523.73,-235.31,-524.43,-235.30,-524.88,-235.56,-525.25,-235.80,-525.68,-236.22,-524.98,-235.59,-525.41,-235.95,-525.72,-236.21,-526.04,-236.53,-524.73,-235.88,-525.21,-236.21,-525.56,-236.44,-525.91,-236.67,-524.32,-236.13,-524.80,-236.35,-525.15,-236.59,-525.42,-236.78,-524.03,-236.34,-524.38,-236.50,-524.66,-236.65,-524.96,-236.79
ND_JMxSFLmOc1w_frame002751_r.jpg,0,679.23,101.39,679.51,100.99,679.89,100.68,680.14,100.36,679.88,100.28,679.21,99.96,679.51,99.53,679.77,99.77,679.73,100.18,679.06,99.82,679.51,99.55,679.83,99.76,679.88,100.16,679.06,99.99,679.45,99.72,679.75,99.99,679.63,100.35,679.13,100.17,679.39,99.95,679.64,100.12,679.51,100.39
ND_JULCQreNukE_frame000901_l.jpg,0,256.23,257.56,256.30,257.39,256.40,257.35,256.46,257.32,256.52,257.25,256.31,257.31,256.40,257.30,256.51,257.32,256.62,257.34,256.32,257.41,256.46,257.41,256.58,257.42,256.69,257.43,256.34,257.54,256.47,257.50,256.59,257.49,256.68,257.48,256.37,257.64,256.46,257.58,256.54,257.55,256.63,257.51
ND_JaMiOoXjjhc_frame008701_r.jpg,0,67.34,-75.49,67.25,-75.38,67.16,-75.33,67.06,-75.31,66.97,-75.31,67.01,-75.42,66.90,-75.42,66.87,-75.39,66.86,-75.34,66.98,-75.50,66.90,-75.44,66.91,-75.39,66.94,-75.33,67.02,-75.55,66.95,-75.47,66.95,-75.41,66.98,-75.34,67.06,-75.58,67.00,-75.53,66.98,-75.47,66.98,-75.41
ND_JaMiOoXjjhc_frame011401_r.jpg,0,221.85,291.23,221.89,291.28,221.88,291.32,221.86,291.36,221.84,291.41,221.85,291.36,221.83,291.41,221.84,291.43,221.85,291.42,221.81,291.36,221.80,291.41,221.82,291.43,221.83,291.41,221.78,291.35,221.78,291.39,221.79,291.42,221.81,291.41,221.76,291.33,221.76,291.37,221.77,291.39,221.78,291.40
ND_JaMiOoXjjhc_frame012301_r.jpg,0,579.04,-62.15,579.06,-62.09,579.10,-61.99,579.14,-61.90,579.16,-61.78,579.26,-61.96,579.29,-61.83,579.28,-61.75,579.23,-61.68,579.29,-61.91,579.31,-61.79,579.27,-61.71,579.22,-61.66,579.26,-61.90,579.29,-61.80,579.26,-61.71,579.22,-61.66,579.21,-61.89,579.23,-61.81,579.23,-61.74,579.20,-61.67
ND_JfMkGoETX-M_frame005981_r.jpg,0,508.19,186.74,508.13,186.70,508.06,186.71,508.01,186.72,507.93,186.73,508.03,186.63,507.96,186.64,507.92,186.66,507.89,186.70,508.03,186.66,507.98,186.70,507.99,186.73,508.03,186.72,508.05,186.70,508.02,186.74,508.04,186.77,508.07,186.75,508.07,186.74,508.07,186.78,508.09,186.79,508.10,186.78
ND_JfMkGoETX-M_frame013157_r.jpg,0,1102.90,283.79,1102.84,283.89,1102.77,283.96,1102.69,283.96,1102.69,283.89,1102.61,283.90,1102.58,283.93,1102.65,283.93,1102.72,283.92,1102.58,283.82,1102.56,283.84,1102.63,283.85,1102.69,283.86,1102.61,283.73,1102.57,283.76,1102.62,283.77,1102.69,283.77,1102.65,283.67,1102.60,283.66,1102.63,283.68,1102.69,283.70
ND_JfMkGoETX-M_frame017941_l.jpg,0,340.64,289.26,340.60,289.12,340.54,289.00,340.44,288.97,340.32,288.99,340.30,289.05,340.17,289.02,340.11,289.02,340.03,289.03,340.23,289.15,340.14,289.16,340.10,289.18,340.06,289.20,340.26,289.27,340.14,289.28,340.07,289.31,340.00,289.33,340.29,289.37,340.21,289.41,340.16,289.46,340.09,289.51
ND_JfMkGoETX-M_frame021529_r.jpg,0,801.38,64.21,801.24,64.32,801.13,64.30,801.02,64.31,800.92,64.33,800.96,64.20,800.87,64.25,800.92,64.29,800.95,64.36,800.96,64.09,800.91,64.15,800.95,64.21,801.02,64.30,801.04,64.01,800.97,64.07,800.99,64.15,801.05,64.25,801.12,63.97,801.05,63.98,801.03,64.03,800.99,64.11
ND_JfMkGoETX-M_frame031396_l.jpg,0,310.66,141.70,310.61,141.38,310.57,141.12,310.59,140.93,310.59,140.92,310.22,141.09,310.37,140.87,310.54,140.78,310.74,140.73,310.19,141.17,310.41,141.01,310.57,141.09,310.52,141.23,310.30,141.34,310.48,141.16,310.61,141.26,310.50,141.38,310.43,141.45,310.58,141.34,310.64,141.40,310.55,141.49
ND_JlNmeVK_zLg_frame001501_r.jpg,0,331.27,342.78,331.34,342.79,331.33,342.83,331.32,342.89,331.33,342.96,331.23,342.70,331.16,342.67,331.11,342.69,331.06,342.70,331.13,342.71,331.08,342.72,331.05,342.75,331.04,342.76,331.07,342.76,331.04,342.78,330.99,342.81,330.97,342.81,331.03,342.81,331.00,342.87,330.95,342.91,330.89,342.94
ND_JlNmeVK_zLg_frame004001_r.jpg,0,-157.34,325.32,-157.15,325.19,-156.99,325.11,-156.83,325.10,-156.63,325.12,-156.89,325.30,-156.72,325.40,-156.62,325.43,-156.56,325.45,-156.89,325.45,-156.73,325.52,-156.64,325.53,-156.56,325.53,-156.96,325.57,-156.79,325.59,-156.69,325.61,-156.60,325.61,-157.01,325.65,-156.88,325.65,-156.78,325.66,-156.68,325.64
ND_Jlh9O5FQ384_frame000599_r.jpg,0,-142.44,89.16,-142.49,89.13,-142.62,89.11,-142.73,89.12,-142.88,89.15,-142.73,89.00,-142.86,89.02,-142.94,89.05,-143.04,89.09,-142.79,89.02,-142.91,89.03,-142.99,89.06,-143.07,89.08,-142.79,89.09,-142.86,89.07,-142.93,89.07,-142.98,89.07,-142.77,89.16,-142.82,89.15,-142.86,89.14,-142.94,89.10
ND_JnazEHwFg9k_frame005383_r.jpg,0,932.76,-20.26,932.76,-20.21,932.75,-20.17,932.71,-20.15,932.68,-20.14,932.66,-20.21,932.62,-20.16,932.62,-20.12,932.63,-20.08,932.62,-20.23,932.57,-20.19,932.57,-20.15,932.59,-20.11,932.60,-20.24,932.56,-20.21,932.55,-20.17,932.57,-20.13,932.60,-20.24,932.56,-20.23,932.55,-20.19,932.56,-20.16
ND_JnazEHwFg9k_frame009868_r.jpg,0,438.74,549.01,438.70,549.07,438.65,549.09,438.61,549.09,438.55,549.10,438.61,549.07,438.56,549.09,438.52,549.09,438.50,549.09,438.59,549.03,438.54,549.05,438.51,549.06,438.48,549.08,438.60,548.99,438.55,549.00,438.51,549.00,438.48,549.02,438.61,548.96,438.57,548.96,438.54,548.96,438.50,548.97
ND_JnazEHwFg9k_frame014353_l.jpg,0,1000.75,136.81,1000.77,136.77,1000.76,136.81,1000.77,136.91,1000.77,137.02,1000.59,136.98,1000.71,137.12,1000.84,137.10,1000.93,137.02,1000.58,137.12,1000.76,137.14,1000.88,137.08,1000.92,136.96,1000.63,137.19,1000.79,137.21,1000.91,137.13,1000.94,137.02,1000.70,137.24,1000.81,137.22,1000.90,137.16,1000.92,137.08
ND_JpFQWGgwWOc_frame000601_r.jpg,0,-6.97,112.13,-6.96,111.47,-7.14,111.00,-7.38,110.62,-7.68,110.15,-7.87,110.99,-7.72,110.65,-7.34,110.78,-7.08,111.04,-8.11,111.29,-8.03,110.82,-7.69,110.59,-7.26,110.46,-8.02,111.73,-8.17,111.44,-7.82,111.27,-7.41,111.23,-7.87,112.07,-8.02,111.88,-7.83,111.65,-7.52,111.52
ND_JqF_hmqSUyk_frame000300_r.jpg,0,-179.27,713.78,-179.29,713.99,-179.23,714.14,-179.15,714.25,-179.07,714.39,-179.06,714.20,-179.01,714.30,-179.00,714.37,-178.96,714.46,-179.02,714.14,-178.99,714.26,-178.99,714.35,-178.98,714.46,-179.06,714.02,-179.01,714.14,-178.99,714.24,-178.97,714.36,-179.12,713.92,-179.05,714.00,-179.00,714.07,-178.94,714.17
ND_JqF_hmqSUyk_frame014652_r.jpg,0,91.54,503.97,91.54,504.17,91.39,504.33,91.24,504.47,91.07,504.66,91.12,504.34,90.98,504.54,90.92,504.68,90.89,504.86,90.99,504.33,90.94,504.56,90.98,504.72,91.12,504.84,90.98,504.29,90.96,504.50,90.97,504.68,91.10,504.81,91.02,504.27,91.00,504.42,90.99,504.56,90.98,504.74
ND_JqF_hmqSUyk_frame028406_l.jpg,0,453.12,742.74,452.99,742.79,452.89,742.86,452.80,742.93,452.67,743.00,452.81,742.93,452.75,743.05,452.74,743.14,452.73,743.24,452.85,742.99,452.83,743.11,452.83,743.20,452.81,743.30,452.95,743.01,452.92,743.11,452.92,743.20,452.89,743.28,453.04,743.02,453.00,743.10,452.99,743.17,452.96,743.25
ND_JqF_hmqSUyk_frame047243_l.jpg,0,-93.52,3.98,-93.26,4.31,-93.08,4.55,-93.00,4.74,-92.93,4.90,-92.75,4.29,-92.74,4.57,-92.90,4.76,-93.11,4.88,-92.83,4.13,-93.02,4.43,-93.21,4.58,-93.39,4.59,-93.08,4.00,-93.19,4.31,-93.35,4.51,-93.52,4.64,-93.32,3.93,-93.34,4.16,-93.45,4.33,-93.53,4.46
ND_JtDuUraOHI0_frame003301_l.jpg,0,-521.31,-334.98,-521.79,-335.51,-522.33,-335.69,-522.82,-335.66,-523.46,-335.50,-522.49,-335.72,-523.04,-335.67,-523.41,-335.56,-523.77,-335.42,-522.57,-335.33,-523.09,-335.16,-523.42,-335.01,-523.80,-334.87,-522.47,-334.86,-522.96,-334.85,-523.31,-334.77,-523.67,-334.72,-522.41,-334.50,-522.75,-334.56,-523.03,-334.59,-523.41,-334.63
ND_KC8ReSzKEAE_frame004486_r.jpg,0,-3.27,-88.50,-3.28,-88.82,-3.46,-89.23,-3.73,-89.54,-4.08,-89.95,-3.19,-89.77,-3.43,-90.20,-3.75,-90.21,-4.04,-90.00,-3.31,-89.89,-3.75,-90.01,-4.08,-89.97,-4.32,-89.79,-3.51,-89.73,-3.84,-89.80,-4.14,-89.73,-4.32,-89.60,-3.71,-89.56,-3.89,-89.59,-4.02,-89.50,-4.16,-89.38
ND_KDsr4zR9eZE_frame008074_l.jpg,0,-353.95,-413.83,-353.75,-414.02,-353.45,-414.22,-353.12,-414.30,-352.74,-414.18,-352.99,-414.32,-352.62,-414.20,-352.46,-414.03,-352.32,-413.87,-352.82,-414.17,-352.49,-413.99,-352.28,-413.82,-352.05,-413.65,-352.87,-413.90,-352.51,-413.95,-352.21,-413.91,-351.92,-413.87,-352.95,-413.66,-352.70,-413.57,-352.49,-413.45,-352.31,-413.31
ND_KDsr4zR9eZE_frame018240_l.jpg,0,-32.75,-178.05,-32.47,-178.19,-32.09,-178.25,-31.74,-178.13,-31.44,-177.79,-31.58,-178.12,-31.23,-177.93,-31.14,-177.71,-31.12,-177.50,-31.48,-177.87,-31.13,-177.64,-31.00,-177.39,-30.95,-177.16,-31.66,-177.61,-31.34,-177.38,-31.21,-177.11,-31.18,-176.92,-31.85,-177.40,-31.70,-177.16,-31.64,-176.95,-31.59,-176.80
ND_KJFAhuRhg_s_frame000001_r.jpg,0,299.64,212.84,299.60,212.78,299.55,212.75,299.50,212.76,299.44,212.78,299.48,212.76,299.42,212.76,299.39,212.78,299.38,212.81,299.46,212.80,299.42,212.82,299.43,212.85,299.46,212.85,299.48,212.85,299.44,212.87,299.46,212.89,299.49,212.89,299.49,212.89,299.47,212.90,299.48,212.91,299.51,212.91
ND_KJFAhuRhg_s_frame000297_l.jpg,0,247.60,-3.37,247.55,-3.34,247.50,-3.31,247.45,-3.27,247.39,-3.22,247.39,-3.36,247.34,-3.30,247.30,-3.26,247.26,-3.22,247.38,-3.36,247.34,-3.30,247.31,-3.25,247.29,-3.20,247.41,-3.35,247.37,-3.30,247.38,-3.24,247.39,-3.20,247.44,-3.34,247.42,-3.30,247.43,-3.26,247.45,-3.24
ND_KJFAhuRhg_s_frame000889_r.jpg,0,110.29,68.06,110.21,68.00,110.14,67.94,110.06,67.91,109.97,67.89,110.03,68.03,109.95,68.04,109.97,68.04,110.02,68.03,110.02,68.10,109.98,68.10,110.02,68.09,110.08,68.06,110.06,68.16,110.02,68.15,110.06,68.14,110.11,68.12,110.10,68.21,110.06,68.20,110.10,68.18,110.14,68.16
ND_KJFAhuRhg_s_frame004145_l.jpg,0,222.59,17.13,222.52,17.14,222.46,17.15,222.41,17.19,222.38,17.25,222.35,17.16,222.28,17.21,222.24,17.25,222.19,17.31,222.35,17.20,222.29,17.26,222.27,17.31,222.23,17.36,222.39,17.23,222.34,17.28,222.32,17.34,222.29,17.37,222.44,17.26,222.40,17.30,222.38,17.34,222.36,17.36
ND_KJFAhuRhg_s_frame006513_r.jpg,0,70.67,-7.29,70.66,-7.38,70.59,-7.44,70.50,-7.47,70.38,-7.48,70.49,-7.52,70.40,-7.58,70.35,-7.56,70.35,-7.50,70.43,-7.49,70.34,-7.49,70.36,-7.44,70.42,-7.39,70.41,-7.40,70.36,-7.44,70.36,-7.40,70.40,-7.36,70.40,-7.33,70.38,-7.37,70.38,-7.37,70.39,-7.36
ND_KJFAhuRhg_s_frame006809_r.jpg,0,-96.16,-46.29,-96.26,-46.29,-96.37,-46.28,-96.45,-46.23,-96.56,-46.16,-96.47,-46.38,-96.57,-46.31,-96.60,-46.24,-96.59,-46.15,-96.49,-46.36,-96.56,-46.28,-96.58,-46.20,-96.54,-46.14,-96.44,-46.31,-96.52,-46.24,-96.52,-46.17,-96.49,-46.15,-96.40,-46.26,-96.45,-46.22,-96.44,-46.18,-96.40,-46.17
ND_KRTJ2bPJTWQ_frame010201_l.jpg,0,688.88,512.74,688.92,512.76,688.98,512.82,689.02,512.89,689.05,512.99,689.07,512.87,689.10,512.96,689.08,513.02,689.05,513.05,689.08,512.93,689.07,513.01,689.02,513.06,688.98,513.10,689.03,512.95,689.04,513.03,689.00,513.09,688.96,513.11,688.97,512.97,689.00,513.03,688.99,513.08,688.97,513.13
ND_KRTJ2bPJTWQ_frame012001_l.jpg,0,400.11,10.48,400.09,10.39,400.05,10.32,399.99,10.31,399.92,10.34,400.09,10.32,400.01,10.31,399.96,10.32,399.93,10.33,400.07,10.36,400.00,10.35,399.95,10.36,399.93,10.37,400.05,10.43,399.99,10.40,399.95,10.40,399.92,10.40,400.03,10.47,399.98,10.46,399.94,10.45,399.92,10.43
ND_KTLuuIbNdDc_frame001201_l.jpg,0,830.65,270.01,830.85,269.78,830.99,269.58,831.05,269.37,831.08,269.10,830.80,269.33,830.80,269.16,830.81,269.28,830.80,269.47,830.62,269.30,830.58,269.08,830.58,269.00,830.59,268.92,830.43,269.39,830.37,269.17,830.32,268.99,830.27,268.80,830.30,269.48,830.18,269.38,830.08,269.27,830.01,269.13
ND_KUE7slZsXoI_frame017701_r.jpg,0,994.25,-18.48,995.35,-19.76,996.36,-20.89,997.27,-21.62,998.42,-21.58,996.42,-22.51,998.06,-22.52,998.72,-21.62,998.39,-20.64,996.56,-22.36,998.18,-22.27,998.83,-21.29,998.55,-20.16,996.51,-21.26,997.94,-21.69,998.82,-20.85,998.83,-19.85,996.58,-20.23,997.59,-20.62,998.40,-20.26,998.44,-19.69
ND_Kgrmpkw5i0s_frame000601_r.jpg,0,236.77,825.93,236.69,825.25,236.80,825.00,237.01,824.97,237.33,824.97,236.10,824.98,236.38,824.70,236.79,824.68,237.17,824.78,236.14,825.33,236.37,825.15,236.80,825.05,237.23,824.93,236.42,825.75,236.73,825.42,237.12,825.30,237.40,825.24,236.71,826.04,236.86,825.70,237.14,825.48,237.42,825.32
ND_Kgrmpkw5i0s_frame000901_l.jpg,0,-282.38,308.31,-282.68,307.96,-282.99,307.76,-283.28,307.75,-283.51,307.90,-282.91,307.69,-283.26,307.72,-283.41,307.83,-283.45,307.91,-282.90,307.91,-283.26,308.01,-283.36,308.09,-283.27,308.09,-282.85,308.22,-283.18,308.21,-283.16,308.22,-282.92,308.17,-282.84,308.47,-283.06,308.46,-283.00,308.44,-282.79,308.37
ND_KkpX-5y7iio_frame000001_l.jpg,0,623.20,385.82,623.30,385.79,623.38,385.77,623.45,385.78,623.52,385.77,623.40,385.92,623.48,385.99,623.54,386.02,623.61,386.06,623.38,386.00,623.47,386.04,623.54,386.06,623.60,386.06,623.34,386.04,623.43,386.05,623.49,386.04,623.52,386.03,623.32,386.05,623.38,386.05,623.41,386.04,623.42,386.02
ND_KkpX-5y7iio_frame017044_r.jpg,0,442.60,-70.93,442.44,-70.84,442.31,-70.72,442.21,-70.61,442.05,-70.48,442.42,-70.46,442.30,-70.32,442.20,-70.27,442.08,-70.21,442.47,-70.39,442.33,-70.28,442.21,-70.24,442.06,-70.20,442.51,-70.44,442.37,-70.34,442.24,-70.29,442.09,-70.28,442.52,-70.50,442.40,-70.47,442.29,-70.45,442.15,-70.45
ND_KkpX-5y7iio_frame036479_r.jpg,0,115.81,-430.72,115.64,-430.79,115.32,-430.75,115.05,-430.58,114.67,-430.32,115.49,-430.11,115.18,-429.90,114.91,-430.00,114.63,-430.17,115.40,-429.85,115.11,-429.68,114.85,-429.83,114.63,-430.08,115.33,-429.80,115.11,-429.65,114.83,-429.77,114.62,-430.02,115.23,-429.83,115.08,-429.64,114.86,-429.63,114.69,-429.78
ND_KkpX-5y7iio_frame059502_r.jpg,0,445.63,332.08,445.57,332.08,445.52,332.08,445.50,332.12,445.47,332.16,445.51,332.16,445.47,332.20,445.47,332.22,445.47,332.23,445.53,332.20,445.51,332.23,445.50,332.26,445.49,332.28,445.57,332.21,445.54,332.24,445.54,332.28,445.52,332.31,445.61,332.21,445.59,332.24,445.58,332.27,445.56,332.30
ND_KlyHw8b3Y8Y_frame000301_r.jpg,0,-16.20,267.70,-16.20,267.62,-16.25,267.56,-16.29,267.55,-16.30,267.59,-16.36,267.58,-16.31,267.55,-16.26,267.55,-16.25,267.56,-16.40,267.64,-16.32,267.63,-16.25,267.63,-16.24,267.62,-16.38,267.72,-16.31,267.70,-16.25,267.69,-16.23,267.68,-16.35,267.77,-16.31,267.75,-16.27,267.74,-16.26,267.73
ND_KlyHw8b3Y8Y_frame000901_r.jpg,0,12.43,224.53,12.27,224.62,12.16,224.63,12.08,224.60,12.02,224.54,12.22,224.71,12.11,224.62,12.03,224.55,11.95,224.47,12.27,224.64,12.14,224.56,12.04,224.49,11.94,224.43,12.33,224.52,12.19,224.51,12.07,224.47,11.97,224.44,12.36,224.42,12.26,224.42,12.17,224.40,12.07,224.39
ND_KlyHw8b3Y8Y_frame001201_l.jpg,0,249.46,346.88,249.43,346.78,249.41,346.76,249.41,346.77,249.42,346.75,249.33,346.86,249.34,346.86,249.41,346.82,249.48,346.76,249.35,346.95,249.36,346.96,249.44,346.91,249.52,346.85,249.41,347.02,249.42,347.04,249.50,346.99,249.58,346.93,249.47,347.06,249.53,347.06,249.59,347.03,249.65,346.97
ND_Kuh8StycMX0_frame000599_l.jpg,0,205.25,-189.55,205.19,-189.44,205.14,-189.36,205.03,-189.33,204.87,-189.29,205.00,-189.55,204.85,-189.54,204.74,-189.52,204.61,-189.51,204.93,-189.64,204.79,-189.70,204.68,-189.72,204.56,-189.76,204.90,-189.69,204.79,-189.72,204.67,-189.74,204.56,-189.75,204.88,-189.70,204.80,-189.74,204.71,-189.75,204.64,-189.74
ND_Kuh8StycMX0_frame001197_l.jpg,0,196.95,-164.37,196.88,-164.16,196.80,-164.00,196.68,-163.92,196.57,-163.79,196.63,-164.11,196.48,-164.01,196.37,-163.93,196.23,-163.85,196.55,-164.23,196.37,-164.17,196.24,-164.12,196.10,-164.08,196.52,-164.36,196.37,-164.33,196.22,-164.31,196.08,-164.29,196.51,-164.45,196.41,-164.50,196.32,-164.54,196.22,-164.57
ND_Kuh8StycMX0_frame002094_l.jpg,0,445.34,177.73,445.30,177.68,445.24,177.67,445.17,177.68,445.09,177.71,445.15,177.59,445.07,177.58,445.03,177.62,444.99,177.66,445.11,177.62,445.05,177.65,445.02,177.69,444.99,177.73,445.12,177.68,445.08,177.72,445.07,177.76,445.06,177.79,445.13,177.74,445.11,177.76,445.11,177.79,445.10,177.82
ND_Kuh8StycMX0_frame003589_r.jpg,0,201.88,455.46,201.81,455.51,201.75,455.53,201.72,455.57,201.70,455.64,201.81,455.63,201.78,455.69,201.77,455.74,201.77,455.78,201.86,455.65,201.85,455.72,201.85,455.72,201.85,455.68,201.91,455.64,201.91,455.70,201.90,455.70,201.89,455.67,201.95,455.63,201.96,455.67,201.96,455.68,201.94,455.68
ND_KyW0GiMUdiQ_frame000251_r.jpg,0,745.58,58.59,745.76,58.71,745.90,58.85,746.00,58.96,746.12,59.12,746.02,58.92,746.09,59.10,746.12,59.24,746.16,59.39,745.95,58.96,745.99,59.15,745.98,59.30,746.01,59.45,745.79,58.96,745.86,59.13,745.86,59.28,745.89,59.42,745.65,58.96,745.70,59.09,745.71,59.21,745.74,59.33
ND_KyW0GiMUdiQ_frame001001_r.jpg,0,-39.12,71.03,-39.18,71.08,-39.23,71.13,-39.27,71.18,-39.33,71.23,-39.33,71.06,-39.38,71.11,-39.39,71.16,-39.39,71.21,-39.33,71.04,-39.36,71.10,-39.38,71.15,-39.39,71.21,-39.29,71.03,-39.34,71.08,-39.36,71.13,-39.36,71.18,-39.26,71.04,-39.29,71.07,-39.32,71.10,-39.35,71.13
ND_LIGRNRG8QC8_frame009001_l.jpg,0,250.37,-450.52,250.80,-450.29,251.13,-450.04,251.35,-449.79,251.50,-449.49,251.48,-450.20,251.70,-449.96,251.68,-449.66,251.58,-449.36,251.37,-450.18,251.40,-449.76,251.36,-449.45,251.33,-449.11,251.04,-450.16,251.14,-449.78,251.11,-449.48,251.04,-449.22,250.76,-450.09,250.82,-449.81,250.76,-449.65,250.71,-449.63
ND_LIGRNRG8QC8_frame017401_r.jpg,0,-149.79,-43.25,-149.74,-43.38,-149.61,-43.33,-149.55,-43.31,-149.36,-43.31,-149.77,-43.18,-149.66,-43.08,-149.51,-43.04,-149.39,-42.98,-149.73,-43.01,-149.58,-42.97,-149.41,-42.99,-149.24,-43.01,-149.66,-42.91,-149.51,-42.95,-149.35,-43.03,-149.21,-43.14,-149.59,-42.86,-149.49,-42.90,-149.38,-42.92,-149.26,-42.94
ND_LKJ-w4Aw09M_frame001913_r.jpg,0,240.92,384.60,240.84,384.63,240.80,384.68,240.77,384.73,240.72,384.79,240.81,384.75,240.79,384.81,240.77,384.85,240.74,384.89,240.85,384.78,240.83,384.84,240.81,384.88,240.78,384.89,240.90,384.78,240.87,384.83,240.85,384.87,240.81,384.89,240.94,384.77,240.92,384.81,240.89,384.84,240.86,384.85
ND_LKJ-w4Aw09M_frame002391_l.jpg,0,752.87,197.56,752.82,197.53,752.77,197.53,752.73,197.54,752.68,197.56,752.74,197.55,752.70,197.57,752.69,197.58,752.68,197.58,752.75,197.58,752.71,197.59,752.71,197.60,752.70,197.59,752.77,197.62,752.73,197.62,752.73,197.62,752.72,197.61,752.78,197.64,752.76,197.64,752.75,197.63,752.75,197.62
ND_LSeSlkBTOSs_frame010167_l.jpg,0,-1338.12,-1084.75,-1338.75,-1086.25,-1339.94,-1086.84,-1341.07,-1087.14,-1342.53,-1087.60,-1340.78,-1086.51,-1342.16,-1086.79,-1342.83,-1087.05,-1343.36,-1087.31,-1341.37,-1085.62,-1342.49,-1086.06,-1343.02,-1086.42,-1343.49,-1086.95,-1341.42,-1084.67,-1342.30,-1085.24,-1342.76,-1085.65,-1343.15,-1086.27,-1341.42,-1084.02,-1341.81,-1084.67,-1342.11,-1085.20,-1342.60,-1085.88
ND_Lf8qAqGjJHo_frame000898_r.jpg,0,26.84,65.70,26.88,65.62,26.95,65.56,27.00,65.49,27.07,65.43,26.88,65.42,26.94,65.33,26.99,65.28,27.05,65.23,26.89,65.40,26.95,65.32,27.02,65.29,27.09,65.28,26.91,65.44,26.94,65.36,27.01,65.32,27.08,65.30,26.93,65.49,26.95,65.43,26.99,65.38,27.03,65.35
ND_LgCHsS5dank_frame022725_l.jpg,0,-174.70,-846.09,-173.83,-847.08,-173.06,-847.81,-172.65,-848.64,-172.75,-849.82,-173.92,-848.98,-173.79,-850.10,-173.76,-850.83,-173.82,-851.66,-174.73,-849.13,-174.92,-850.20,-175.09,-850.95,-175.31,-851.81,-175.55,-848.74,-175.63,-849.73,-175.76,-850.56,-175.91,-851.39,-176.15,-848.40,-176.48,-849.06,-176.74,-849.64,-176.93,-850.32
ND_LgjkVNGGY08_frame010517_r.jpg,0,94.03,379.94,93.84,379.91,93.70,379.86,93.59,379.80,93.44,379.71,93.70,379.79,93.58,379.68,93.51,379.60,93.44,379.50,93.78,379.71,93.68,379.60,93.60,379.52,93.52,379.42,93.90,379.67,93.80,379.58,93.72,379.49,93.64,379.41,93.98,379.63,93.93,379.56,93.88,379.49,93.82,379.42
ND_LgjkVNGGY08_frame027247_r.jpg,0,376.33,330.51,376.27,330.49,376.22,330.51,376.19,330.54,376.14,330.59,376.31,330.55,376.33,330.58,376.35,330.59,376.38,330.62,376.37,330.56,376.40,330.59,376.42,330.60,376.43,330.63,376.42,330.54,376.44,330.57,376.47,330.59,376.49,330.62,376.46,330.51,376.48,330.54,376.51,330.56,376.53,330.59
ND_LgjkVNGGY08_frame029637_r.jpg,0,522.00,266.16,521.97,266.13,521.90,266.08,521.85,266.05,521.77,266.02,521.90,265.98,521.83,265.95,521.77,265.97,521.72,266.00,521.88,265.96,521.81,265.98,521.76,266.01,521.73,266.06,521.87,266.00,521.82,266.02,521.80,266.08,521.81,266.13,521.86,266.03,521.84,266.06,521.86,266.10,521.88,266.14
ND_LgjkVNGGY08_frame030115_l.jpg,0,733.68,390.16,733.68,390.09,733.69,390.06,733.71,390.07,733.73,390.11,733.59,390.11,733.62,390.12,733.67,390.13,733.73,390.14,733.58,390.17,733.62,390.19,733.68,390.18,733.74,390.16,733.60,390.23,733.64,390.24,733.70,390.22,733.74,390.19,733.63,390.27,733.67,390.27,733.71,390.26,733.75,390.23
ND_LgjkVNGGY08_frame031549_r.jpg,0,465.62,262.53,465.61,262.47,465.59,262.41,465.56,262.36,465.50,262.31,465.58,262.34,465.52,262.31,465.48,262.30,465.43,262.29,465.55,262.34,465.49,262.33,465.45,262.33,465.41,262.33,465.53,262.37,465.49,262.36,465.47,262.38,465.46,262.40,465.50,262.41,465.50,262.41,465.50,262.43,465.50,262.45
ND_LjAu6AwqWVo_frame000599_r.jpg,0,-107.27,288.79,-107.17,288.75,-107.12,288.80,-107.08,288.89,-107.02,289.01,-107.18,288.86,-107.11,288.96,-107.04,289.02,-106.97,289.07,-107.23,288.95,-107.13,289.03,-107.06,289.08,-106.98,289.09,-107.26,289.01,-107.17,289.07,-107.10,289.12,-107.06,289.09,-107.27,289.06,-107.20,289.10,-107.14,289.14,-107.07,289.11
ND_LjAu6AwqWVo_frame000898_r.jpg,0,-28.44,398.78,-28.39,398.92,-28.43,399.03,-28.46,399.11,-28.54,399.19,-28.41,399.06,-28.47,399.14,-28.51,399.16,-28.49,399.13,-28.49,399.04,-28.57,399.13,-28.58,399.12,-28.56,399.07,-28.57,398.98,-28.62,399.08,-28.65,399.10,-28.63,399.07,-28.63,398.93,-28.67,399.00,-28.71,399.06,-28.75,399.13
ND_LmdOR4vtPXA_frame003589_r.jpg,0,-34.48,385.60,-34.57,385.77,-34.71,385.84,-34.84,385.86,-35.00,385.88,-34.86,385.85,-35.00,385.86,-34.96,385.83,-34.88,385.79,-34.92,385.74,-35.03,385.71,-34.96,385.70,-34.87,385.68,-34.91,385.61,-35.04,385.62,-35.04,385.61,-35.00,385.58,-34.88,385.51,-34.99,385.54,-35.06,385.56,-35.11,385.58
ND_LppLibUiK-Q_frame008701_l.jpg,0,720.76,-406.45,720.27,-406.74,720.12,-407.32,720.27,-407.84,720.25,-408.30,720.21,-408.02,720.16,-408.64,720.25,-408.97,720.32,-409.29,720.65,-408.23,720.66,-408.84,720.73,-409.25,720.79,-409.69,721.14,-408.05,721.25,-408.58,721.40,-409.01,721.53,-409.40,721.51,-407.82,721.76,-408.14,721.99,-408.44,722.18,-408.78
ND_LwEFvPceJKA_frame010801_l.jpg,0,-608.96,-746.53,-609.73,-746.85,-610.37,-746.86,-610.92,-746.84,-611.65,-746.79,-610.44,-747.27,-611.04,-747.12,-611.35,-746.80,-611.66,-746.44,-610.29,-746.99,-610.87,-746.63,-611.22,-746.33,-611.62,-746.05,-609.97,-746.53,-610.55,-746.34,-610.97,-746.07,-611.38,-745.86,-609.74,-746.12,-610.17,-745.97,-610.51,-745.79,-610.93,-745.61
ND_LzIBd-xSWYI_frame002001_l.jpg,0,634.39,513.33,634.52,513.35,634.58,513.43,634.60,513.53,634.61,513.59,634.53,513.46,634.59,513.57,634.63,513.64,634.65,513.69,634.46,513.52,634.51,513.63,634.57,513.68,634.61,513.69,634.38,513.55,634.45,513.64,634.50,513.65,634.51,513.63,634.34,513.58,634.40,513.62,634.44,513.63,634.44,513.62
ND_LzIBd-xSWYI_frame003001_r.jpg,0,432.18,446.39,432.27,446.34,432.32,446.37,432.36,446.45,432.40,446.55,432.26,446.41,432.35,446.48,432.41,446.52,432.48,446.56,432.23,446.50,432.32,446.55,432.40,446.58,432.46,446.58,432.21,446.56,432.30,446.60,432.38,446.61,432.43,446.59,432.21,446.61,432.27,446.62,432.34,446.62,432.39,446.59
ND_LzIBd-xSWYI_frame007251_r.jpg,0,295.88,5.24,295.63,5.27,295.47,5.38,295.40,5.53,295.38,5.75,295.46,5.57,295.36,5.75,295.29,5.87,295.23,6.01,295.56,5.69,295.45,5.84,295.43,5.85,295.45,5.79,295.71,5.74,295.55,5.81,295.51,5.85,295.47,5.87,295.82,5.76,295.69,5.78,295.63,5.78,295.57,5.75
ND_LzIBd-xSWYI_frame010501_r.jpg,0,297.25,318.89,297.24,319.02,297.18,319.10,297.16,319.15,297.13,319.22,297.33,319.18,297.26,319.24,297.20,319.28,297.14,319.33,297.34,319.16,297.29,319.24,297.21,319.22,297.19,319.17,297.31,319.09,297.26,319.18,297.18,319.17,297.15,319.12,297.26,319.03,297.23,319.09,297.19,319.12,297.18,319.10
ND_M-V75yqU-mU_frame002087_l.jpg,0,142.44,95.08,142.38,94.96,142.30,94.81,142.22,94.64,142.12,94.41,142.46,94.51,142.38,94.29,142.22,94.30,142.11,94.44,142.46,94.42,142.31,94.25,142.16,94.30,142.08,94.45,142.40,94.47,142.31,94.30,142.14,94.33,142.08,94.48,142.33,94.53,142.29,94.40,142.17,94.40,142.12,94.49
ND_M-ahbRuiU70_frame001201_r.jpg,0,-109.29,173.55,-109.12,173.49,-108.95,173.36,-108.82,173.24,-108.64,173.08,-109.01,173.07,-108.83,172.94,-108.69,172.93,-108.53,172.94,-109.02,172.98,-108.86,172.83,-108.71,172.80,-108.53,172.82,-109.04,173.02,-108.92,172.87,-108.76,172.82,-108.59,172.81,-109.05,173.08,-108.91,173.04,-108.78,173.05,-108.66,173.08
ND_M-ahbRuiU70_frame001501_r.jpg,0,-141.18,-218.06,-140.86,-217.90,-140.75,-217.54,-140.61,-217.24,-140.50,-216.85,-140.20,-217.51,-140.07,-217.15,-140.09,-216.90,-140.12,-216.62,-140.25,-217.36,-140.15,-217.01,-140.23,-216.80,-140.40,-216.65,-140.53,-217.30,-140.36,-217.04,-140.36,-216.80,-140.46,-216.62,-140.78,-217.25,-140.63,-217.08,-140.56,-216.92,-140.52,-216.72
ND_M0mhu_KSncI_frame000301_r.jpg,0,359.51,-64.14,359.54,-64.06,359.62,-64.03,359.69,-64.01,359.79,-63.98,359.69,-64.10,359.78,-64.06,359.79,-64.01,359.74,-63.96,359.74,-64.14,359.77,-64.06,359.73,-64.03,359.65,-64.03,359.75,-64.17,359.76,-64.08,359.71,-64.04,359.63,-64.05,359.76,-64.17,359.76,-64.11,359.72,-64.07,359.66,-64.05
ND_M1Mst7MFe2Y_frame001761_r.jpg,0,-377.67,-262.83,-378.08,-263.22,-378.25,-263.64,-378.53,-263.90,-379.03,-264.01,-378.83,-263.18,-379.29,-263.15,-379.42,-263.15,-379.44,-263.15,-378.89,-262.83,-379.33,-262.71,-379.39,-262.72,-379.33,-262.81,-378.76,-262.49,-379.17,-262.46,-379.29,-262.51,-379.26,-262.61,-378.64,-262.24,-378.94,-262.19,-379.07,-262.24,-379.06,-262.36
ND_M1Mst7MFe2Y_frame006513_l.jpg,0,-151.95,-179.82,-152.10,-180.13,-152.30,-180.31,-152.45,-180.48,-152.62,-180.75,-152.62,-180.18,-152.76,-180.31,-152.75,-180.43,-152.79,-180.58,-152.66,-180.02,-152.71,-180.20,-152.68,-180.35,-152.69,-180.54,-152.52,-179.85,-152.62,-180.04,-152.61,-180.20,-152.62,-180.39,-152.37,-179.75,-152.47,-179.87,-152.50,-179.99,-152.56,-180.14
ND_MM_xwPvd0Mg_frame000301_l.jpg,0,-174.39,13.74,-174.53,13.47,-174.71,13.30,-174.88,13.18,-175.13,13.05,-174.58,13.18,-174.73,13.13,-174.89,13.15,-175.08,13.18,-174.58,13.29,-174.82,13.31,-175.00,13.34,-175.20,13.38,-174.60,13.49,-174.81,13.44,-175.00,13.45,-175.19,13.45,-174.63,13.66,-174.78,13.59,-174.92,13.56,-175.08,13.52
ND_MO03eYN_wx4_frame000300_r.jpg,0,-105.17,209.12,-105.08,209.07,-105.02,209.03,-104.99,208.97,-104.98,208.91,-105.07,208.89,-105.07,208.81,-105.07,208.76,-105.07,208.70,-105.14,208.87,-105.14,208.79,-105.14,208.74,-105.12,208.69,-105.20,208.90,-105.18,208.83,-105.18,208.77,-105.15,208.72,-105.25,208.93,-105.24,208.87,-105.24,208.82,-105.21,208.78
ND_MO03eYN_wx4_frame011662_r.jpg,0,35.02,159.11,35.04,159.00,35.02,158.92,34.99,158.85,34.95,158.77,34.94,158.87,34.88,158.82,34.86,158.80,34.84,158.78,34.88,158.89,34.83,158.85,34.81,158.83,34.79,158.81,34.84,158.95,34.81,158.89,34.77,158.86,34.76,158.83,34.82,159.01,34.78,158.96,34.76,158.92,34.74,158.88
ND_MO03eYN_wx4_frame014054_r.jpg,0,-31.79,258.52,-31.73,258.52,-31.69,258.48,-31.66,258.43,-31.59,258.39,-31.79,258.37,-31.82,258.41,-31.85,258.47,-31.89,258.54,-31.87,258.34,-31.93,258.41,-31.96,258.48,-31.99,258.56,-31.94,258.37,-32.00,258.42,-32.03,258.49,-32.05,258.57,-31.99,258.41,-32.03,258.45,-32.06,258.50,-32.08,258.56
ND_MO03eYN_wx4_frame027210_r.jpg,0,7.31,306.86,7.36,306.93,7.30,306.99,7.23,307.05,7.18,307.12,7.19,306.97,7.14,307.10,7.16,307.18,7.20,307.25,7.09,306.99,7.07,307.12,7.09,307.21,7.15,307.26,7.05,307.00,7.02,307.11,7.00,307.21,7.01,307.32,7.03,307.02,7.01,307.10,7.01,307.18,7.01,307.27
ND_MPKJZzYkaNI_frame000300_l.jpg,0,1278.32,453.75,1278.46,453.96,1278.47,454.13,1278.39,454.27,1278.25,454.41,1278.42,454.10,1278.34,454.31,1278.25,454.44,1278.16,454.57,1278.25,454.07,1278.17,454.28,1278.10,454.43,1278.03,454.60,1278.09,454.00,1278.07,454.19,1278.01,454.36,1277.98,454.54,1277.97,453.97,1277.93,454.09,1277.89,454.22,1277.88,454.38
ND_MPKJZzYkaNI_frame001197_r.jpg,0,694.65,-298.84,694.45,-298.72,694.29,-298.57,694.20,-298.43,694.20,-298.27,694.50,-298.98,694.48,-298.80,694.53,-298.61,694.60,-298.40,694.71,-299.07,694.77,-298.87,694.81,-298.66,694.80,-298.46,694.92,-299.07,695.04,-298.88,695.10,-298.66,695.03,-298.44,695.08,-299.01,695.17,-298.84,695.19,-298.67,695.13,-298.46
ND_MV4hH4lla50_frame000301_l.jpg,0,-356.49,-47.15,-356.59,-47.67,-356.88,-48.09,-357.17,-48.43,-357.41,-48.77,-355.99,-48.56,-356.00,-49.10,-356.22,-49.39,-356.55,-49.62,-355.86,-48.58,-356.01,-49.08,-356.29,-49.34,-356.67,-49.52,-355.95,-48.36,-356.08,-48.82,-356.40,-49.07,-356.79,-49.15,-356.11,-48.18,-356.19,-48.51,-356.41,-48.73,-356.70,-48.84
ND_MV4hH4lla50_frame000901_r.jpg,0,-415.63,-312.76,-415.41,-313.50,-414.74,-313.89,-414.19,-314.15,-414.05,-314.19,-415.34,-315.04,-414.76,-315.57,-414.37,-315.19,-414.26,-314.69,-415.17,-315.05,-414.49,-315.49,-414.14,-315.03,-414.04,-314.46,-414.94,-314.58,-414.39,-315.07,-413.88,-314.74,-413.73,-314.21,-414.70,-314.14,-414.20,-314.35,-413.75,-314.30,-413.33,-314.07
ND_N0jrqtgV65Y_frame015601_r.jpg,0,436.10,-411.15,436.54,-411.28,437.05,-411.54,437.52,-411.65,438.11,-411.71,437.05,-412.36,437.61,-412.58,438.01,-412.59,438.46,-412.52,437.10,-412.56,437.67,-412.65,438.10,-412.61,438.57,-412.59,437.04,-412.40,437.52,-412.59,437.98,-412.61,438.42,-412.65,437.03,-412.18,437.42,-412.16,437.77,-412.11,438.22,-412.02
ND_N26nLnQiB4U_frame000601_l.jpg,0,-309.61,97.50,-309.02,97.32,-308.60,97.05,-308.29,96.74,-308.00,96.37,-308.28,97.94,-307.92,97.70,-307.76,97.45,-307.60,97.22,-308.44,98.18,-308.08,98.01,-307.89,97.79,-307.72,97.51,-308.81,98.19,-308.45,98.10,-308.28,97.87,-308.17,97.58,-309.11,98.11,-308.86,98.15,-308.70,98.03,-308.60,97.80
ND_N2uZuPFDjdU_frame003601_r.jpg,0,340.10,-646.48,340.59,-646.17,340.91,-646.05,341.01,-645.82,341.09,-645.47,340.44,-646.20,340.36,-645.81,340.31,-645.46,340.24,-645.07,339.97,-646.23,339.86,-645.73,339.78,-645.33,339.67,-644.92,339.54,-646.19,339.47,-645.78,339.37,-645.36,339.28,-644.96,339.24,-646.09,339.13,-645.87,339.03,-645.61,338.93,-645.33
ND_N2uZuPFDjdU_frame007801_l.jpg,0,572.27,574.13,572.40,574.02,572.55,573.99,572.67,574.01,572.81,574.04,572.53,574.03,572.60,574.07,572.67,574.11,572.76,574.16,572.52,574.14,572.65,574.20,572.75,574.21,572.79,574.18,572.48,574.25,572.61,574.30,572.70,574.30,572.75,574.27,572.46,574.34,572.56,574.35,572.65,574.35,572.72,574.33
ND_N2uZuPFDjdU_frame008101_r.jpg,0,397.32,515.87,397.18,515.78,397.05,515.79,396.94,515.82,396.79,515.87,397.01,515.70,396.87,515.67,396.78,515.70,396.68,515.73,397.01,515.77,396.89,515.83,396.82,515.89,396.74,515.95,397.06,515.87,396.95,515.90,396.87,515.94,396.78,515.96,397.09,515.96,397.03,515.98,396.99,516.00,396.91,516.01
ND_N5apy3yoiN4_frame000501_l.jpg,0,857.29,5.56,857.35,5.58,857.47,5.71,857.58,5.85,857.73,5.96,857.08,5.84,856.93,6.00,856.92,6.14,856.96,6.31,857.00,5.97,857.01,6.19,857.12,6.31,857.28,6.39,857.02,6.04,857.06,6.22,857.20,6.34,857.37,6.35,857.08,6.09,857.13,6.21,857.24,6.29,857.37,6.28
ND_NADprjzPY8g_frame008101_r.jpg,0,87.28,-270.96,87.28,-271.00,87.18,-270.93,86.96,-270.85,86.61,-270.74,87.03,-270.48,86.73,-270.60,86.66,-270.82,86.72,-271.01,86.85,-270.34,86.57,-270.48,86.47,-270.71,86.52,-270.96,86.71,-270.37,86.44,-270.34,86.25,-270.51,86.28,-270.78,86.59,-270.45,86.38,-270.45,86.23,-270.57,86.26,-270.76
ND_NMnIiPVIiMs_frame001197_r.jpg,0,412.89,131.20,413.11,130.76,413.49,130.56,413.86,130.45,414.32,130.26,413.72,130.83,414.19,130.83,414.50,130.78,414.82,130.69,413.90,131.14,414.35,131.11,414.60,130.97,414.72,130.75,413.92,131.41,414.28,131.22,414.48,131.03,414.50,130.82,413.92,131.57,414.12,131.35,414.30,131.18,414.33,130.99
ND_NMnIiPVIiMs_frame012260_r.jpg,0,580.20,158.17,580.36,158.13,580.56,158.15,580.74,158.13,580.97,158.14,580.58,157.76,580.72,157.59,580.86,157.55,581.03,157.52,580.61,157.69,580.77,157.57,580.93,157.56,581.10,157.56,580.58,157.76,580.75,157.66,580.91,157.64,581.08,157.61,580.57,157.84,580.70,157.78,580.82,157.75,580.96,157.70
ND_NMnIiPVIiMs_frame016446_r.jpg,0,546.50,256.83,546.45,256.80,546.42,256.77,546.41,256.73,546.41,256.68,546.46,256.72,546.43,256.69,546.43,256.71,546.43,256.72,546.49,256.71,546.47,256.68,546.46,256.69,546.47,256.72,546.52,256.71,546.50,256.68,546.49,256.68,546.49,256.70,546.54,256.72,546.54,256.68,546.53,256.68,546.52,256.70
ND_NMnIiPVIiMs_frame025117_l.jpg,0,1067.82,208.82,1067.91,208.88,1067.98,208.94,1068.03,209.01,1068.09,209.09,1067.92,209.05,1067.94,209.15,1067.96,209.20,1067.98,209.25,1067.85,209.08,1067.87,209.16,1067.89,209.18,1067.92,209.18,1067.78,209.07,1067.81,209.13,1067.84,209.15,1067.85,209.14,1067.73,209.05,1067.76,209.09,1067.78,209.11,1067.80,209.11
ND_NMnIiPVIiMs_frame049934_l.jpg,0,938.51,369.38,938.63,369.37,938.74,369.34,938.83,369.31,938.94,369.26,938.76,369.56,938.84,369.64,938.91,369.66,938.98,369.67,938.74,369.62,938.83,369.68,938.89,369.67,938.97,369.66,938.69,369.61,938.78,369.65,938.85,369.66,938.92,369.64,938.66,369.58,938.72,369.61,938.77,369.62,938.84,369.62
ND_NPDrnmHX01M_frame004751_r.jpg,0,674.47,437.59,674.46,437.72,674.46,437.83,674.47,437.92,674.50,438.03,674.63,437.89,674.57,437.98,674.49,437.98,674.41,437.93,674.67,437.89,674.57,437.95,674.48,437.95,674.41,437.90,674.65,437.84,674.58,437.92,674.48,437.92,674.42,437.88,674.61,437.80,674.58,437.87,674.52,437.91,674.47,437.89
ND_NPDrnmHX01M_frame005501_r.jpg,0,606.21,225.15,606.05,225.07,605.89,225.06,605.76,225.09,605.61,225.15,605.81,225.28,605.72,225.42,605.65,225.51,605.58,225.62,605.81,225.39,605.66,225.39,605.62,225.30,605.66,225.19,605.88,225.43,605.73,225.40,605.67,225.31,605.69,225.18,605.93,225.43,605.83,225.38,605.77,225.31,605.78,225.22
ND_NPDrnmHX01M_frame008001_l.jpg,0,304.27,-735.81,304.86,-735.78,305.38,-735.52,305.79,-735.23,306.29,-734.77,305.45,-734.72,306.01,-734.63,306.38,-734.64,306.74,-734.62,305.38,-734.46,305.92,-734.58,306.29,-734.72,306.65,-734.87,305.18,-734.54,305.71,-734.62,306.11,-734.78,306.48,-734.94,305.06,-734.69,305.44,-734.71,305.77,-734.82,306.05,-735.01
ND_NPDrnmHX01M_frame008251_l.jpg,0,-20.13,-819.53,-19.88,-819.32,-19.52,-819.15,-19.21,-819.01,-18.84,-818.75,-19.09,-819.51,-18.75,-819.29,-18.58,-819.07,-18.33,-818.88,-18.96,-819.61,-18.63,-819.39,-18.42,-819.18,-18.25,-818.93,-19.06,-819.62,-18.74,-819.47,-18.51,-819.26,-18.37,-819.01,-19.17,-819.56,-18.96,-819.45,-18.77,-819.33,-18.49,-819.23
ND_NPDrnmHX01M_frame010001_l.jpg,0,783.56,176.53,783.64,176.25,783.75,176.04,783.87,175.89,784.00,175.77,783.45,175.87,783.64,175.73,783.81,175.70,783.98,175.71,783.40,175.94,783.60,175.79,783.77,175.72,783.95,175.64,783.44,176.12,783.51,175.91,783.65,175.78,783.83,175.70,783.50,176.26,783.46,176.17,783.53,176.07,783.64,175.98
ND_NPDrnmHX01M_frame010501_r.jpg,0,411.69,-12.97,411.76,-13.07,411.80,-13.24,411.73,-13.42,411.51,-13.54,411.78,-13.53,411.65,-13.69,411.53,-13.63,411.43,-13.49,411.67,-13.62,411.58,-13.80,411.45,-13.82,411.35,-13.77,411.53,-13.55,411.49,-13.74,411.36,-13.81,411.25,-13.81,411.42,-13.48,411.37,-13.61,411.29,-13.67,411.22,-13.70
ND_NSj6BeuaBcg_frame000001_r.jpg,0,-54.05,215.04,-54.00,214.43,-53.76,213.98,-53.48,213.69,-53.08,213.40,-54.29,213.44,-53.83,213.08,-53.46,213.22,-53.19,213.53,-54.22,213.48,-53.83,213.06,-53.45,213.22,-53.16,213.54,-54.01,213.81,-53.75,213.35,-53.32,213.33,-52.96,213.45,-53.77,214.09,-53.54,213.78,-53.24,213.62,-52.96,213.51
ND_NTlInyoTbmc_frame000001_l.jpg,0,358.32,332.82,358.29,332.70,358.27,332.61,358.30,332.57,358.29,332.52,358.32,332.63,358.39,332.54,358.42,332.51,358.42,332.51,358.39,332.67,358.47,332.59,358.50,332.55,358.50,332.56,358.46,332.72,358.53,332.66,358.55,332.63,358.53,332.65,358.51,332.76,358.57,332.72,358.59,332.70,358.56,332.70
ND_NXIQv8qSAMg_frame001801_l.jpg,0,725.19,-227.15,725.80,-227.25,726.50,-227.13,727.10,-226.94,727.88,-226.74,726.73,-226.11,727.50,-226.15,727.95,-226.39,728.43,-226.66,726.81,-225.76,727.52,-225.97,727.97,-226.26,728.49,-226.56,726.66,-225.80,727.31,-225.91,727.83,-226.15,728.37,-226.41,726.55,-225.95,727.02,-225.98,727.43,-226.14,727.87,-226.35
ND_NXIQv8qSAMg_frame002701_r.jpg,0,959.20,-226.38,959.49,-225.77,960.01,-225.30,960.54,-225.01,961.17,-224.58,960.95,-225.78,961.54,-225.29,961.75,-224.89,961.96,-224.41,961.31,-225.99,961.62,-225.37,961.61,-224.89,961.46,-224.33,961.23,-226.13,961.42,-225.47,961.26,-224.94,960.95,-224.42,961.09,-226.16,961.20,-225.67,961.16,-225.22,961.04,-224.68
ND_NhdEyhAuY3I_frame001197_r.jpg,0,151.51,-120.30,151.78,-120.54,152.10,-120.73,152.38,-120.90,152.77,-121.07,151.82,-121.33,152.08,-121.62,152.34,-121.69,152.64,-121.66,151.78,-121.43,152.05,-121.69,152.34,-121.71,152.64,-121.64,151.75,-121.29,151.99,-121.55,152.28,-121.63,152.57,-121.61,151.77,-121.13,151.95,-121.31,152.16,-121.42,152.38,-121.46
ND_NiMBLkY2aWk_frame000901_l.jpg,0,21.72,-369.47,21.88,-369.17,21.91,-368.94,21.85,-368.69,21.87,-368.44,21.61,-369.09,21.51,-368.84,21.49,-368.60,21.49,-368.35,21.34,-369.16,21.22,-368.85,21.23,-368.59,21.32,-368.34,21.15,-369.23,20.96,-369.07,20.91,-368.80,20.99,-368.55,21.02,-369.25,20.87,-369.27,20.75,-369.17,20.71,-369.02
ND_Nx35Lwdzn68_frame003001_r.jpg,0,-467.65,-523.93,-468.16,-523.62,-468.67,-523.35,-469.06,-523.10,-469.37,-522.84,-469.32,-524.04,-469.65,-523.54,-469.47,-523.18,-469.03,-523.06,-469.41,-524.22,-469.60,-523.66,-469.42,-523.26,-469.00,-523.08,-469.15,-524.22,-469.40,-523.74,-469.27,-523.30,-468.91,-523.24,-468.92,-524.14,-469.29,-524.04,-469.48,-523.75,-469.40,-523.48
ND_Nx35Lwdzn68_frame004001_l.jpg,0,458.42,-810.48,458.45,-810.42,458.91,-810.29,459.35,-810.24,459.97,-810.03,459.51,-810.97,460.09,-810.72,460.19,-810.27,460.16,-809.77,459.94,-810.97,460.32,-810.51,460.30,-810.03,460.10,-809.55,460.07,-810.74,460.37,-810.45,460.37,-809.97,460.13,-809.56,460.11,-810.48,460.32,-810.29,460.36,-810.01,460.22,-809.78
ND_NxmRTEHIN6o_frame002031_r.jpg,0,-183.92,-66.07,-183.55,-66.16,-183.34,-66.26,-183.21,-66.32,-183.19,-66.27,-183.34,-66.76,-183.11,-66.71,-183.09,-66.50,-183.12,-66.26,-183.48,-66.88,-183.23,-66.77,-183.16,-66.54,-183.14,-66.29,-183.67,-66.79,-183.38,-66.78,-183.25,-66.57,-183.17,-66.33,-183.79,-66.67,-183.59,-66.65,-183.45,-66.52,-183.31,-66.33
ND_NxmRTEHIN6o_frame002321_l.jpg,0,51.02,266.42,51.01,266.02,51.24,265.76,51.50,265.60,51.74,265.34,51.30,265.95,51.61,265.79,51.84,265.64,52.06,265.50,51.53,266.15,51.86,265.96,52.03,265.77,52.11,265.60,51.69,266.35,51.98,266.17,52.12,265.97,52.09,265.84,51.81,266.46,51.99,266.28,52.10,266.12,52.08,266.01
ND_O03KTYYqZKI_frame003001_l.jpg,0,543.23,-93.66,543.86,-94.01,544.37,-94.07,544.76,-94.06,545.25,-94.14,544.24,-94.26,544.73,-94.08,545.06,-93.83,545.33,-93.58,544.07,-93.94,544.60,-93.65,544.87,-93.43,544.89,-93.36,543.83,-93.49,544.35,-93.31,544.63,-93.18,544.63,-93.18,543.68,-93.12,544.07,-93.03,544.33,-92.98,544.38,-93.03
ND_O03KTYYqZKI_frame003601_l.jpg,0,878.91,511.96,878.97,511.78,879.11,511.71,879.23,511.70,879.37,511.70,879.01,511.72,879.06,511.69,879.17,511.69,879.28,511.69,879.04,511.83,879.17,511.80,879.29,511.78,879.41,511.77,879.08,511.96,879.20,511.92,879.33,511.88,879.44,511.83,879.12,512.05,879.22,512.06,879.32,512.04,879.40,511.99
ND_O03KTYYqZKI_frame006001_l.jpg,0,283.79,-172.80,284.54,-173.04,285.10,-172.92,285.55,-172.69,286.11,-172.40,284.99,-173.07,285.44,-172.73,285.84,-172.48,286.24,-172.26,284.74,-172.71,285.31,-172.36,285.75,-172.13,286.24,-171.90,284.40,-172.28,284.96,-172.06,285.44,-171.84,285.92,-171.62,284.17,-171.93,284.54,-171.80,284.91,-171.65,285.31,-171.51
ND_O03KTYYqZKI_frame007201_r.jpg,0,441.59,111.80,441.79,111.89,441.96,111.85,442.10,111.81,442.28,111.73,441.71,111.89,441.64,111.94,441.59,111.99,441.53,111.99,441.53,111.91,441.47,111.96,441.42,111.99,441.37,112.01,441.38,111.95,441.35,111.97,441.30,112.01,441.28,112.03,441.28,112.00,441.24,111.99,441.20,112.00,441.18,112.03
ND_O03KTYYqZKI_frame020401_r.jpg,0,1023.10,617.79,1022.97,617.74,1022.86,617.77,1022.78,617.84,1022.68,617.94,1022.75,617.81,1022.64,617.86,1022.57,617.92,1022.50,617.99,1022.76,617.90,1022.66,617.96,1022.63,618.01,1022.64,618.03,1022.83,617.97,1022.74,618.02,1022.75,618.04,1022.79,618.00,1022.90,618.02,1022.84,618.06,1022.85,618.06,1022.87,618.02
ND_O03KTYYqZKI_frame022201_r.jpg,0,348.65,-574.93,348.12,-575.01,347.70,-574.91,347.32,-574.85,346.79,-574.92,347.42,-574.76,346.97,-574.59,346.73,-574.37,346.47,-574.13,347.52,-574.48,347.20,-574.15,347.06,-573.91,346.94,-573.72,347.83,-574.25,347.55,-573.96,347.44,-573.79,347.35,-573.80,348.08,-574.06,347.89,-573.86,347.79,-573.78,347.63,-573.80
ND_O03KTYYqZKI_frame032401_l.jpg,0,706.46,794.48,706.58,794.42,706.75,794.44,706.88,794.51,707.02,794.60,706.49,794.64,706.60,794.82,706.75,794.84,706.90,794.81,706.44,794.79,706.65,794.84,706.80,794.84,706.97,794.82,706.44,794.89,706.63,794.90,706.79,794.87,706.95,794.84,706.46,794.95,706.59,794.93,706.71,794.91,706.83,794.85
ND_O4J0W9WdP70_frame010466_l.jpg,0,-120.53,12.56,-120.57,12.43,-120.66,12.33,-120.75,12.25,-120.87,12.16,-120.66,12.18,-120.77,12.10,-120.87,12.07,-120.97,12.04,-120.71,12.20,-120.83,12.14,-120.93,12.11,-121.03,12.06,-120.75,12.30,-120.85,12.23,-120.95,12.20,-121.04,12.17,-120.78,12.39,-120.86,12.34,-120.93,12.32,-121.02,12.27
ND_O4Rcw3HKf40_frame000501_l.jpg,0,690.56,520.82,690.69,520.84,690.82,520.90,690.92,520.95,691.06,521.01,690.94,520.93,691.05,521.00,691.13,521.04,691.21,521.07,690.93,520.99,691.03,521.06,691.12,521.10,691.22,521.12,690.83,521.04,690.95,521.09,691.04,521.14,691.14,521.17,690.74,521.08,690.83,521.13,690.89,521.18,690.97,521.22
ND_O4Rcw3HKf40_frame002751_l.jpg,0,879.30,607.95,879.39,607.96,879.49,607.97,879.57,608.01,879.64,608.08,879.60,607.98,879.67,608.06,879.70,608.13,879.70,608.19,879.61,608.02,879.68,608.10,879.69,608.17,879.68,608.23,879.55,608.07,879.63,608.12,879.66,608.20,879.66,608.25,879.50,608.11,879.55,608.16,879.58,608.21,879.58,608.26
ND_O4Rcw3HKf40_frame004251_r.jpg,0,1089.32,500.40,1089.35,500.34,1089.36,500.30,1089.37,500.26,1089.39,500.22,1089.41,500.32,1089.45,500.31,1089.49,500.30,1089.53,500.29,1089.43,500.36,1089.47,500.36,1089.51,500.35,1089.56,500.34,1089.44,500.40,1089.47,500.39,1089.50,500.39,1089.53,500.37,1089.45,500.43,1089.47,500.44,1089.48,500.44,1089.50,500.45
ND_O8wN8_9h1TU_frame000301_l.jpg,0,-545.50,-609.76,-546.27,-610.47,-547.07,-610.90,-547.83,-611.15,-548.74,-611.37,-546.75,-612.10,-547.53,-612.55,-548.16,-612.44,-548.78,-612.03,-546.67,-612.02,-547.59,-612.01,-548.22,-611.75,-548.77,-611.43,-546.52,-611.41,-547.35,-611.59,-548.03,-611.33,-548.47,-611.14,-546.49,-610.83,-547.03,-611.11,-547.57,-611.02,-547.93,-610.89
ND_OKQ3zA2hHqo_frame011401_r.jpg,0,27.07,135.60,26.95,135.55,26.91,135.44,26.91,135.35,26.89,135.25,26.80,135.51,26.81,135.39,26.82,135.31,26.83,135.22,26.85,135.49,26.83,135.37,26.84,135.29,26.85,135.21,26.94,135.48,26.89,135.38,26.89,135.29,26.89,135.23,27.02,135.46,26.99,135.38,26.97,135.32,26.94,135.25
ND_OKYfZVU71Ik_frame001201_r.jpg,0,505.40,6.41,505.26,6.43,505.25,6.35,505.17,6.19,505.22,6.02,505.08,6.12,504.97,5.99,504.90,5.90,504.78,5.79,505.18,6.00,505.10,5.84,505.08,5.73,504.99,5.59,505.33,5.98,505.32,5.87,505.38,5.88,505.41,5.91,505.46,5.98,505.50,5.96,505.55,5.93,505.58,5.84
ND_OKYfZVU71Ik_frame003001_r.jpg,0,246.73,-108.42,246.75,-108.54,246.77,-108.61,246.88,-108.59,246.99,-108.49,247.07,-108.64,247.17,-108.60,247.13,-108.55,247.04,-108.51,247.16,-108.55,247.21,-108.50,247.14,-108.46,247.04,-108.45,247.16,-108.42,247.19,-108.41,247.12,-108.37,247.04,-108.37,247.14,-108.31,247.14,-108.31,247.09,-108.30,247.01,-108.30
ND_OVsL0aMT7xc_frame001795_r.jpg,0,770.05,-116.84,770.43,-116.88,770.63,-116.71,770.71,-116.50,770.73,-116.24,770.74,-116.90,770.81,-116.58,770.84,-116.36,770.89,-116.15,770.62,-116.78,770.76,-116.49,770.85,-116.27,770.95,-116.06,770.41,-116.61,770.62,-116.42,770.76,-116.21,770.92,-116.02,770.26,-116.46,770.42,-116.33,770.55,-116.19,770.72,-116.01
ND_OVsL0aMT7xc_frame011662_l.jpg,0,1001.83,332.25,1001.59,332.25,1001.46,332.39,1001.35,332.54,1001.20,332.71,1001.28,332.58,1001.16,332.78,1001.11,332.91,1001.05,333.06,1001.36,332.73,1001.26,332.90,1001.23,332.99,1001.16,333.07,1001.54,332.78,1001.41,332.91,1001.36,333.01,1001.29,333.06,1001.69,332.81,1001.59,332.90,1001.53,332.97,1001.45,333.04
ND_OVsL0aMT7xc_frame014054_l.jpg,0,320.76,-25.05,320.66,-25.43,320.60,-25.82,320.57,-26.17,320.46,-26.63,321.34,-25.79,321.67,-26.10,321.84,-26.36,322.01,-26.69,321.64,-25.77,321.83,-26.18,321.90,-26.49,321.93,-26.84,321.72,-25.69,321.80,-26.08,321.87,-26.41,321.88,-26.73,321.72,-25.65,321.77,-25.93,321.82,-26.18,321.79,-26.43
ND_OXFfcgfDR_c_frame006878_r.jpg,0,44.31,-367.71,44.12,-367.87,43.89,-367.92,43.69,-367.88,43.42,-367.80,43.72,-368.09,43.47,-368.11,43.30,-368.07,43.12,-368.01,43.65,-368.00,43.42,-367.93,43.32,-367.80,43.33,-367.68,43.70,-367.81,43.50,-367.76,43.44,-367.64,43.52,-367.62,43.75,-367.65,43.64,-367.60,43.64,-367.54,43.73,-367.57
ND_OXFfcgfDR_c_frame010167_l.jpg,0,620.72,424.22,620.84,424.15,620.95,424.16,621.04,424.20,621.13,424.27,620.95,424.11,621.04,424.17,621.09,424.23,621.12,424.28,620.92,424.17,621.01,424.23,621.06,424.29,621.07,424.32,620.88,424.25,620.96,424.29,621.02,424.34,621.04,424.35,620.84,424.32,620.91,424.35,620.97,424.37,621.02,424.39
ND_OXFfcgfDR_c_frame010466_r.jpg,0,530.26,476.04,530.16,476.04,530.08,476.06,530.02,476.11,529.97,476.19,530.06,476.10,530.00,476.16,529.97,476.21,529.93,476.26,530.10,476.15,530.05,476.22,530.03,476.27,530.00,476.32,530.16,476.19,530.11,476.25,530.09,476.30,530.06,476.35,530.20,476.22,530.18,476.26,530.17,476.30,530.15,476.36
ND_OXFfcgfDR_c_frame017343_l.jpg,0,752.10,465.67,752.20,465.72,752.25,465.80,752.26,465.89,752.27,466.00,752.16,465.78,752.17,465.88,752.18,465.96,752.19,466.05,752.08,465.81,752.06,465.88,752.06,465.95,752.07,466.03,752.02,465.83,751.99,465.88,751.98,465.96,751.99,466.04,751.98,465.85,751.98,465.92,751.99,465.98,752.02,466.04
ND_OXFfcgfDR_c_frame018240_l.jpg,0,643.04,474.01,643.16,474.05,643.25,474.09,643.30,474.15,643.34,474.24,643.22,474.09,643.26,474.19,643.29,474.26,643.31,474.34,643.15,474.12,643.19,474.21,643.22,474.29,643.26,474.37,643.07,474.15,643.10,474.21,643.13,474.28,643.17,474.36,643.01,474.17,643.01,474.19,643.00,474.21,643.01,474.23
ND_O_RVh41jRbY_frame000001_l.jpg,0,97.75,135.35,98.22,135.39,98.57,135.52,98.83,135.70,98.92,135.97,98.51,135.61,98.65,135.99,98.70,136.17,98.64,136.14,98.30,135.80,98.46,136.16,98.59,136.42,98.72,136.65,98.02,135.94,98.21,136.25,98.36,136.49,98.46,136.65,97.81,136.07,97.95,136.30,98.06,136.49,98.16,136.60
ND_OdYBQcaXkO8_frame001251_l.jpg,0,785.32,321.96,785.40,321.72,785.54,321.62,785.67,321.58,785.82,321.57,785.41,321.59,785.55,321.56,785.70,321.56,785.86,321.57,785.43,321.73,785.65,321.73,785.80,321.74,785.98,321.74,785.47,321.90,785.66,321.88,785.83,321.87,785.99,321.86,785.52,322.03,785.65,321.98,785.78,321.96,785.91,321.92
ND_OdYBQcaXkO8_frame003501_l.jpg,0,654.90,138.59,655.10,138.42,655.27,138.36,655.41,138.30,655.56,138.28,655.14,138.03,655.32,137.98,655.43,138.09,655.52,138.23,655.08,138.04,655.24,137.96,655.38,138.05,655.49,138.18,655.03,138.17,655.16,138.08,655.31,138.15,655.44,138.25,655.01,138.31,655.14,138.27,655.27,138.29,655.42,138.33
ND_OdYBQcaXkO8_frame006251_l.jpg,0,595.54,-58.96,595.59,-59.10,595.69,-59.27,595.77,-59.44,595.90,-59.65,595.62,-59.54,595.71,-59.74,595.78,-59.87,595.87,-60.03,595.67,-59.59,595.77,-59.78,595.88,-59.89,596.00,-60.02,595.73,-59.50,595.80,-59.69,595.92,-59.81,596.01,-59.95,595.80,-59.41,595.85,-59.54,595.92,-59.65,595.97,-59.78
ND_OdYBQcaXkO8_frame016501_r.jpg,0,-222.08,-376.32,-222.29,-376.31,-222.64,-376.20,-222.96,-376.01,-223.31,-375.70,-223.16,-376.43,-223.33,-376.03,-223.11,-375.82,-222.78,-375.76,-223.33,-376.32,-223.50,-375.94,-223.28,-375.72,-222.95,-375.67,-223.23,-376.14,-223.52,-375.93,-223.44,-375.64,-223.18,-375.49,-223.10,-375.96,-223.37,-375.89,-223.58,-375.78,-223.81,-375.62
ND_OdYBQcaXkO8_frame030001_l.jpg,0,543.33,371.44,543.42,371.42,543.48,371.43,543.51,371.50,543.54,371.57,543.33,371.45,543.34,371.55,543.39,371.63,543.46,371.71,543.24,371.52,543.29,371.64,543.35,371.72,543.43,371.79,543.20,371.59,543.24,371.69,543.31,371.77,543.39,371.83,543.18,371.65,543.22,371.72,543.28,371.77,543.34,371.79
ND_OeBP_99M8ng_frame009868_l.jpg,0,-53.05,-872.83,-52.95,-875.22,-53.11,-876.88,-52.83,-877.93,-51.37,-878.30,-51.60,-876.17,-49.70,-877.28,-49.55,-877.29,-50.47,-876.57,-50.53,-875.00,-48.68,-876.03,-48.84,-876.07,-50.06,-875.58,-49.72,-873.62,-48.22,-874.83,-48.46,-874.96,-49.54,-874.53,-49.06,-872.71,-48.27,-873.87,-48.47,-874.04,-49.15,-873.79
ND_OhwEBLfm-Vg_frame003589_l.jpg,0,480.31,429.88,480.45,429.79,480.54,429.70,480.63,429.70,480.70,429.76,480.69,429.90,480.82,429.91,480.83,429.85,480.77,429.79,480.68,429.97,480.73,429.91,480.70,429.85,480.65,429.78,480.59,430.00,480.66,429.93,480.63,429.88,480.58,429.84,480.51,430.01,480.58,429.96,480.58,429.92,480.54,429.88
ND_OhwEBLfm-Vg_frame011363_r.jpg,0,-121.94,201.63,-122.09,201.65,-122.09,201.42,-122.10,201.20,-122.19,200.91,-121.78,201.54,-121.72,201.40,-121.82,201.24,-121.96,201.06,-121.61,201.39,-121.66,201.18,-121.82,201.04,-122.01,200.92,-121.56,201.27,-121.70,201.11,-121.88,201.00,-122.09,200.91,-121.56,201.16,-121.68,201.08,-121.83,201.02,-122.01,200.95
ND_OhwEBLfm-Vg_frame012260_r.jpg,0,464.89,231.74,464.87,231.73,464.84,231.73,464.82,231.71,464.80,231.70,464.87,231.67,464.86,231.63,464.83,231.61,464.81,231.61,464.87,231.64,464.85,231.61,464.82,231.61,464.79,231.60,464.87,231.64,464.85,231.62,464.82,231.60,464.79,231.60,464.86,231.65,464.84,231.63,464.83,231.62,464.81,231.61
ND_Op-5NVg0p38_frame000301_l.jpg,0,113.84,381.38,113.75,381.33,113.67,381.35,113.60,381.36,113.53,381.38,113.64,381.44,113.58,381.44,113.55,381.44,113.51,381.43,113.68,381.49,113.64,381.50,113.63,381.47,113.62,381.42,113.76,381.50,113.73,381.53,113.72,381.52,113.71,381.49,113.83,381.50,113.81,381.52,113.81,381.52,113.80,381.50
ND_OtnkHUtPVoE_frame004501_r.jpg,0,508.72,-211.64,508.73,-211.37,508.93,-211.15,509.09,-210.92,509.27,-210.60,508.41,-210.78,508.42,-210.45,508.55,-210.27,508.79,-210.17,508.40,-210.71,508.53,-210.41,508.75,-210.31,508.98,-210.22,508.52,-210.81,508.64,-210.56,508.85,-210.42,509.01,-210.30,508.65,-210.90,508.77,-210.74,508.87,-210.58,508.98,-210.39
ND_PI9dvhA6E1k_frame002401_r.jpg,0,211.61,-168.20,211.86,-167.83,212.15,-167.63,212.46,-167.53,212.82,-167.62,212.44,-167.97,212.82,-167.84,212.84,-167.75,212.71,-167.66,212.57,-168.25,212.91,-168.08,212.94,-167.92,212.77,-167.76,212.54,-168.48,212.88,-168.38,213.04,-168.23,212.96,-168.01,212.51,-168.62,212.75,-168.67,212.95,-168.56,213.00,-168.34
ND_PNvLXuV14MA_frame007775_r.jpg,0,365.53,26.27,365.55,26.34,365.58,26.43,365.63,26.50,365.69,26.58,365.74,26.40,365.81,26.47,365.84,26.54,365.85,26.62,365.79,26.40,365.86,26.46,365.86,26.54,365.82,26.61,365.77,26.39,365.84,26.45,365.86,26.52,365.84,26.60,365.75,26.39,365.79,26.43,365.82,26.48,365.84,26.53
ND_POn9ny_T9j8_frame000751_l.jpg,0,580.90,383.37,580.96,383.21,580.99,383.08,581.01,382.97,580.98,382.83,581.10,383.17,581.21,383.11,581.29,383.08,581.37,383.05,581.15,383.27,581.23,383.27,581.30,383.27,581.36,383.28,581.16,383.38,581.25,383.39,581.33,383.41,581.40,383.43,581.18,383.45,581.25,383.49,581.30,383.54,581.37,383.58
ND_POn9ny_T9j8_frame001251_l.jpg,0,440.76,451.77,440.90,451.71,441.01,451.66,441.11,451.66,441.25,451.63,441.12,451.80,441.24,451.85,441.31,451.89,441.37,451.94,441.11,451.89,441.21,451.96,441.28,452.01,441.34,452.06,441.04,451.97,441.13,452.04,441.17,452.07,441.18,452.07,440.97,452.02,441.01,452.08,441.01,452.08,440.99,452.06
ND_POn9ny_T9j8_frame001751_l.jpg,0,415.17,429.28,415.31,429.22,415.44,429.20,415.54,429.26,415.65,429.36,415.57,429.27,415.68,429.35,415.74,429.42,415.78,429.48,415.57,429.36,415.66,429.46,415.70,429.53,415.72,429.58,415.49,429.45,415.59,429.52,415.63,429.59,415.63,429.61,415.42,429.51,415.49,429.57,415.54,429.62,415.55,429.64
ND_POn9ny_T9j8_frame024001_r.jpg,0,456.63,389.27,456.52,389.19,456.42,389.16,456.32,389.18,456.20,389.21,456.30,389.25,456.19,389.31,456.12,389.35,456.04,389.39,456.29,389.35,456.19,389.39,456.11,389.43,456.02,389.47,456.35,389.42,456.25,389.44,456.17,389.48,456.08,389.51,456.41,389.47,456.33,389.49,456.27,389.51,456.19,389.54
ND_POzboaS29Xs_frame000001_r.jpg,0,-191.42,-267.41,-191.31,-267.14,-191.32,-266.90,-191.36,-266.70,-191.42,-266.44,-191.38,-266.72,-191.41,-266.49,-191.47,-266.54,-191.49,-266.72,-191.55,-266.74,-191.68,-266.58,-191.69,-266.66,-191.57,-266.81,-191.71,-266.88,-191.80,-266.72,-191.78,-266.79,-191.65,-266.91,-191.84,-266.99,-191.90,-266.85,-191.87,-266.82,-191.78,-266.94
ND_PWN-s7nrqCw_frame000301_r.jpg,0,-380.59,26.52,-380.92,26.36,-381.31,26.37,-381.62,26.52,-381.99,26.76,-381.64,26.04,-381.89,26.35,-381.84,26.62,-381.68,26.89,-381.72,26.16,-381.81,26.53,-381.73,26.80,-381.58,27.03,-381.60,26.42,-381.73,26.69,-381.62,26.94,-381.43,27.08,-381.48,26.65,-381.62,26.79,-381.56,26.95,-381.37,27.02
ND_PbAClKyiDtE_frame002101_r.jpg,0,166.82,64.49,166.75,64.61,166.66,64.73,166.60,64.85,166.55,65.01,166.87,64.90,166.78,65.03,166.68,65.06,166.57,65.09,166.93,64.94,166.83,65.07,166.72,65.08,166.59,65.07,166.93,64.90,166.85,65.02,166.74,65.06,166.62,65.05,166.91,64.86,166.85,64.94,166.77,64.99,166.68,65.01
ND_PfDnDkgIIMg_frame001798_l.jpg,0,1090.89,660.94,1091.06,660.86,1091.19,660.94,1091.24,661.08,1091.25,661.24,1090.94,660.88,1090.99,661.05,1091.08,661.17,1091.19,661.29,1090.83,661.01,1090.97,661.17,1091.09,661.25,1091.13,661.24,1090.77,661.15,1090.94,661.25,1091.05,661.28,1091.03,661.26,1090.75,661.26,1090.88,661.33,1090.98,661.34,1090.99,661.29
ND_PfDnDkgIIMg_frame039535_r.jpg,0,717.30,519.28,717.19,519.21,717.07,519.23,716.97,519.28,716.84,519.35,716.94,519.21,716.82,519.27,716.77,519.34,716.74,519.41,716.92,519.29,716.82,519.35,716.81,519.40,716.85,519.42,716.98,519.38,716.89,519.40,716.89,519.43,716.94,519.42,717.03,519.45,716.98,519.47,716.99,519.48,717.02,519.46
ND_PfDnDkgIIMg_frame040134_r.jpg,0,645.78,506.01,645.71,506.11,645.67,506.23,645.67,506.33,645.65,506.47,645.80,506.16,645.83,506.17,645.83,506.16,645.85,506.18,645.84,506.07,645.85,506.07,645.78,506.05,645.69,506.05,645.85,505.97,645.86,505.99,645.79,505.98,645.70,505.99,645.83,505.89,645.84,505.90,645.80,505.90,645.76,505.93
ND_PgpdvvM7BbY_frame002692_r.jpg,0,521.21,76.55,521.05,76.75,520.97,76.93,520.93,77.06,520.85,77.16,521.02,76.96,520.86,76.94,520.77,76.84,520.73,76.78,521.07,76.85,520.88,76.76,520.79,76.68,520.77,76.65,521.10,76.67,520.91,76.63,520.81,76.56,520.80,76.54,521.10,76.52,520.96,76.49,520.87,76.44,520.82,76.43
ND_PgpdvvM7BbY_frame004486_r.jpg,0,400.01,258.46,399.90,258.39,399.79,258.34,399.70,258.34,399.62,258.38,399.68,258.52,399.72,258.52,399.79,258.46,399.85,258.40,399.70,258.62,399.78,258.57,399.85,258.51,399.90,258.44,399.79,258.68,399.83,258.63,399.91,258.57,399.96,258.50,399.87,258.71,399.89,258.67,399.94,258.62,399.97,258.58
ND_PgpdvvM7BbY_frame010466_r.jpg,0,795.43,-50.82,795.33,-50.69,795.24,-50.57,795.23,-50.45,795.29,-50.30,795.03,-50.63,795.08,-50.47,795.12,-50.38,795.20,-50.29,795.02,-50.64,795.04,-50.50,795.08,-50.39,795.15,-50.29,795.11,-50.67,795.08,-50.53,795.12,-50.42,795.18,-50.32,795.19,-50.67,795.16,-50.58,795.17,-50.49,795.21,-50.38
ND_PgpdvvM7BbY_frame016745_r.jpg,0,631.35,252.59,631.36,252.68,631.39,252.77,631.41,252.87,631.42,253.00,631.16,252.77,631.11,252.88,631.12,252.96,631.15,253.05,631.10,252.78,631.07,252.90,631.09,252.98,631.15,253.05,631.10,252.78,631.08,252.88,631.10,252.96,631.16,253.03,631.12,252.78,631.11,252.85,631.11,252.92,631.15,252.97
ND_Pj2tBxXRhnk_frame005001_r.jpg,0,303.65,-309.17,303.87,-309.36,304.13,-309.40,304.35,-309.26,304.64,-309.08,304.34,-309.07,304.61,-308.94,304.71,-309.07,304.61,-309.21,304.42,-308.88,304.69,-308.98,304.56,-309.13,304.32,-309.19,304.37,-308.80,304.57,-308.99,304.40,-309.14,304.18,-309.21,304.32,-308.79,304.49,-308.84,304.42,-309.01,304.26,-309.10
ND_Pj2tBxXRhnk_frame006751_r.jpg,0,355.39,438.27,355.39,438.20,355.55,438.16,355.69,438.12,355.89,438.05,355.64,438.44,355.83,438.43,355.92,438.30,355.97,438.13,355.78,438.52,355.96,438.51,356.07,438.40,356.16,438.26,355.85,438.50,355.99,438.47,356.08,438.35,356.14,438.21,355.90,438.46,355.99,438.39,356.06,438.30,356.09,438.18
ND_Pj2tBxXRhnk_frame016001_l.jpg,0,983.03,388.89,983.33,388.92,983.54,388.96,983.64,389.16,983.59,389.34,983.66,389.36,983.73,389.63,983.71,389.65,983.67,389.57,983.54,389.53,983.50,389.62,983.45,389.53,983.41,389.44,983.32,389.58,983.33,389.60,983.29,389.51,983.26,389.43,983.13,389.59,983.17,389.60,983.14,389.52,983.11,389.43
ND_Pj2tBxXRhnk_frame021501_l.jpg,0,655.85,-112.47,656.19,-112.86,656.45,-112.94,656.59,-113.08,656.91,-113.16,656.02,-113.30,656.00,-113.63,656.20,-113.66,656.49,-113.58,655.85,-113.07,655.96,-113.13,656.25,-113.01,656.59,-112.90,655.78,-112.69,656.02,-112.56,656.29,-112.32,656.62,-112.15,655.77,-112.38,656.03,-112.21,656.27,-112.07,656.59,-111.89
ND_Pj2tBxXRhnk_frame036751_r.jpg,0,1007.24,103.85,1007.36,103.88,1007.35,104.12,1007.36,104.35,1007.36,104.63,1007.07,104.15,1007.12,104.41,1007.23,104.57,1007.36,104.69,1006.94,104.29,1007.05,104.54,1007.18,104.68,1007.38,104.77,1006.92,104.38,1006.99,104.59,1007.15,104.74,1007.34,104.75,1006.95,104.44,1007.03,104.58,1007.16,104.68,1007.33,104.67
ND_PjLdynwZ1jU_frame000001_r.jpg,0,-119.67,-70.88,-119.61,-70.93,-119.59,-70.92,-119.59,-70.95,-119.65,-71.03,-119.44,-71.29,-119.34,-71.47,-119.31,-71.60,-119.32,-71.73,-119.48,-71.41,-119.40,-71.59,-119.40,-71.72,-119.41,-71.84,-119.59,-71.42,-119.53,-71.58,-119.57,-71.71,-119.65,-71.78,-119.70,-71.40,-119.69,-71.54,-119.73,-71.64,-119.79,-71.69
ND_PjLdynwZ1jU_frame001251_r.jpg,0,-41.79,474.42,-41.79,474.33,-41.79,474.29,-41.79,474.26,-41.75,474.24,-41.96,474.32,-42.05,474.32,-42.11,474.33,-42.17,474.34,-42.00,474.39,-42.09,474.41,-42.14,474.42,-42.21,474.43,-41.98,474.47,-42.06,474.48,-42.11,474.50,-42.18,474.51,-41.95,474.53,-42.00,474.54,-42.04,474.56,-42.10,474.57
ND_PjLdynwZ1jU_frame001501_r.jpg,0,-15.40,415.09,-15.47,415.20,-15.56,415.24,-15.64,415.24,-15.73,415.27,-15.60,415.26,-15.70,415.24,-15.78,415.22,-15.86,415.19,-15.62,415.19,-15.73,415.17,-15.81,415.15,-15.90,415.14,-15.61,415.10,-15.71,415.11,-15.80,415.11,-15.89,415.11,-15.61,415.03,-15.68,415.05,-15.75,415.05,-15.83,415.07
ND_PjLdynwZ1jU_frame002251_r.jpg,0,81.94,485.75,81.91,485.84,81.85,485.89,81.79,485.91,81.71,485.94,81.79,485.90,81.72,485.93,81.67,485.94,81.61,485.96,81.75,485.85,81.68,485.88,81.63,485.90,81.58,485.93,81.75,485.78,81.69,485.82,81.63,485.84,81.58,485.87,81.75,485.74,81.70,485.76,81.66,485.78,81.61,485.81
ND_PjLdynwZ1jU_frame003251_r.jpg,0,19.08,472.31,18.96,472.30,18.84,472.30,18.74,472.29,18.65,472.26,18.75,472.41,18.64,472.40,18.59,472.33,18.55,472.24,18.74,472.42,18.68,472.32,18.64,472.24,18.60,472.15,18.80,472.39,18.73,472.31,18.68,472.22,18.64,472.14,18.85,472.34,18.78,472.31,18.73,472.26,18.68,472.19
ND_PmEotuOKOOw_frame005084_r.jpg,0,120.26,-381.89,120.90,-381.85,121.38,-382.10,121.74,-382.41,122.27,-382.74,121.38,-382.74,121.73,-383.19,122.01,-383.41,122.31,-383.52,121.20,-383.12,121.63,-383.41,121.86,-383.39,121.97,-383.14,120.91,-383.22,121.30,-383.46,121.49,-383.43,121.55,-383.15,120.71,-383.24,121.01,-383.46,121.29,-383.55,121.53,-383.37
ND_PmEotuOKOOw_frame007775_r.jpg,0,221.53,-182.79,221.93,-182.80,222.24,-183.05,222.49,-183.30,222.76,-183.67,222.04,-183.50,222.06,-183.89,222.30,-184.02,222.55,-183.93,221.92,-183.77,222.29,-183.92,222.55,-184.04,222.83,-184.18,221.80,-183.85,222.15,-183.94,222.39,-183.99,222.65,-184.10,221.75,-183.86,222.02,-183.92,222.26,-183.93,222.55,-183.98
ND_PnptPHHaJ_I_frame010765_l.jpg,0,-598.07,-218.52,-598.44,-219.16,-598.95,-219.60,-599.48,-219.86,-600.16,-220.26,-599.13,-220.16,-599.79,-220.35,-600.27,-220.27,-600.76,-220.07,-599.32,-219.96,-600.01,-219.92,-600.47,-219.78,-600.94,-219.68,-599.36,-219.42,-599.96,-219.56,-600.46,-219.47,-600.88,-219.44,-599.41,-218.95,-599.82,-219.15,-600.20,-219.20,-600.60,-219.21
ND_PnptPHHaJ_I_frame011064_r.jpg,0,130.45,159.87,129.99,159.49,129.89,158.87,130.12,158.33,130.75,157.91,129.24,158.29,129.01,157.80,128.91,157.51,129.02,157.19,129.48,158.01,129.29,157.36,129.37,157.04,129.69,157.06,130.00,158.05,129.70,157.51,129.68,157.14,129.92,157.08,130.46,158.13,130.23,157.74,130.13,157.40,130.07,157.18
ND_PssP_Xz1cCs_frame001201_l.jpg,0,716.43,364.72,716.47,364.53,716.49,364.37,716.50,364.23,716.53,364.06,716.20,364.36,716.06,364.29,716.03,364.27,716.05,364.27,716.10,364.46,716.09,364.45,716.16,364.47,716.26,364.47,716.10,364.61,716.10,364.57,716.17,364.60,716.27,364.59,716.13,364.74,716.10,364.69,716.15,364.68,716.22,364.67
ND_PssP_Xz1cCs_frame005401_l.jpg,0,627.43,262.85,627.71,262.69,627.90,262.55,628.05,262.46,628.20,262.39,627.76,262.25,627.91,262.14,628.03,262.19,628.19,262.32,627.63,262.26,627.82,262.28,627.95,262.42,628.05,262.59,627.50,262.43,627.71,262.49,627.85,262.65,627.92,262.77,627.43,262.59,627.59,262.64,627.69,262.74,627.72,262.79
ND_Pv1TWxPAVCk_frame000751_l.jpg,0,852.73,-204.06,852.70,-203.90,852.72,-203.70,852.77,-203.53,852.78,-203.35,852.50,-203.53,852.49,-203.32,852.55,-203.19,852.66,-203.07,852.52,-203.49,852.62,-203.31,852.73,-203.21,852.81,-203.13,852.62,-203.55,852.70,-203.39,852.82,-203.29,852.85,-203.23,852.72,-203.60,852.79,-203.50,852.89,-203.44,852.95,-203.38
ND_Q4sDBRVFcsA_frame000479_r.jpg,0,-176.43,392.26,-176.28,392.18,-176.13,392.14,-175.99,392.11,-175.81,392.10,-175.95,392.26,-175.79,392.35,-175.72,392.41,-175.68,392.46,-175.94,392.38,-175.79,392.46,-175.75,392.52,-175.72,392.54,-176.03,392.48,-175.88,392.51,-175.80,392.58,-175.76,392.61,-176.12,392.56,-176.01,392.57,-175.92,392.61,-175.85,392.63
ND_Q4sDBRVFcsA_frame000957_l.jpg,0,393.14,445.01,393.27,444.88,393.42,444.85,393.54,444.91,393.68,444.96,393.41,444.98,393.58,445.04,393.69,445.05,393.78,445.05,393.42,445.11,393.58,445.14,393.67,445.11,393.73,445.06,393.41,445.21,393.55,445.18,393.63,445.15,393.69,445.12,393.40,445.28,393.50,445.23,393.58,445.20,393.62,445.16
ND_Q4sDBRVFcsA_frame001435_l.jpg,0,534.90,294.40,535.05,294.21,535.14,294.04,535.20,293.90,535.27,293.74,534.95,293.83,534.99,293.71,535.06,293.66,535.14,293.59,534.85,293.84,535.03,293.89,535.14,294.00,535.22,294.13,534.80,293.97,534.98,293.98,535.05,294.10,535.03,294.19,534.79,294.08,534.92,294.08,534.99,294.16,534.98,294.23
ND_Q4sDBRVFcsA_frame003108_l.jpg,0,583.42,439.01,583.42,438.86,583.36,438.79,583.33,438.77,583.33,438.77,583.32,438.91,583.32,438.88,583.36,438.87,583.40,438.87,583.34,439.02,583.35,439.04,583.40,439.06,583.47,439.07,583.40,439.12,583.42,439.16,583.47,439.19,583.55,439.19,583.47,439.19,583.53,439.25,583.60,439.29,583.67,439.31
ND_QAvAQ1elBOU_frame026014_r.jpg,0,965.77,151.43,966.11,150.53,966.80,150.11,967.45,149.87,968.26,149.70,966.95,149.52,967.71,149.11,968.21,148.82,968.79,148.46,967.26,149.88,968.01,149.73,968.02,149.86,967.70,149.96,967.38,150.57,967.84,150.20,967.72,150.33,967.31,150.39,967.49,151.13,967.78,150.74,967.90,150.63,967.64,150.62
ND_QAvAQ1elBOU_frame044851_r.jpg,0,357.38,232.18,357.26,231.92,357.06,231.70,356.84,231.54,356.62,231.43,357.09,231.30,356.94,231.00,356.74,230.89,356.49,230.81,357.00,231.29,356.69,231.35,356.73,231.57,356.96,231.67,356.93,231.49,356.67,231.51,356.70,231.72,356.94,231.79,356.86,231.67,356.70,231.70,356.73,231.85,356.92,231.93
ND_QFh2m9yNL4Y_frame000001_l.jpg,0,598.15,423.45,598.23,423.38,598.31,423.35,598.37,423.34,598.42,423.29,598.25,423.41,598.34,423.47,598.40,423.50,598.46,423.51,598.23,423.49,598.33,423.54,598.39,423.55,598.41,423.53,598.22,423.56,598.32,423.59,598.37,423.59,598.39,423.59,598.22,423.61,598.29,423.62,598.34,423.62,598.35,423.61
ND_QFh2m9yNL4Y_frame013157_r.jpg,0,362.69,42.88,362.78,42.88,362.89,42.91,363.00,42.96,363.21,42.94,362.66,42.41,362.81,42.23,363.01,42.26,363.21,42.36,362.66,42.22,362.86,42.08,363.07,42.13,363.27,42.24,362.72,42.16,362.84,42.05,363.06,42.04,363.27,42.11,362.80,42.15,362.86,42.05,363.01,42.05,363.14,42.14
ND_QFh2m9yNL4Y_frame014054_l.jpg,0,599.31,471.62,599.41,471.59,599.49,471.60,599.55,471.63,599.61,471.66,599.42,471.61,599.47,471.69,599.52,471.74,599.58,471.78,599.38,471.67,599.44,471.75,599.50,471.80,599.57,471.84,599.33,471.73,599.40,471.79,599.46,471.83,599.51,471.84,599.31,471.78,599.37,471.80,599.42,471.83,599.46,471.84
ND_QFqWbsTi_as_frame006001_l.jpg,0,1450.30,717.97,1450.40,718.00,1450.55,718.00,1450.70,717.98,1450.88,717.93,1450.71,718.19,1450.87,718.10,1450.80,718.00,1450.66,717.98,1450.79,718.19,1450.91,718.06,1450.80,717.98,1450.66,717.98,1450.77,718.10,1450.91,718.04,1450.83,717.93,1450.69,717.96,1450.75,718.01,1450.86,717.98,1450.83,717.88,1450.73,717.90
ND_QKNf-bjdkUk_frame003901_l.jpg,0,700.05,754.67,700.18,754.58,700.30,754.62,700.35,754.71,700.36,754.81,700.16,754.64,700.20,754.72,700.23,754.79,700.27,754.87,700.11,754.75,700.24,754.86,700.33,754.89,700.36,754.86,700.07,754.86,700.21,754.93,700.32,754.95,700.36,754.94,700.06,754.94,700.16,755.00,700.24,755.05,700.35,755.12
ND_QKNf-bjdkUk_frame005401_r.jpg,0,6.10,-195.19,6.37,-194.94,6.45,-194.61,6.22,-194.34,5.86,-194.20,6.35,-194.09,6.24,-193.73,6.10,-193.75,5.95,-193.83,6.06,-193.97,5.94,-194.07,5.90,-194.33,5.84,-194.59,5.76,-194.13,5.76,-194.08,5.71,-194.28,5.69,-194.55,5.53,-194.29,5.57,-194.14,5.58,-194.21,5.64,-194.38
ND_QKNf-bjdkUk_frame021001_l.jpg,0,816.76,670.45,816.65,670.31,816.53,670.23,816.42,670.21,816.28,670.20,816.33,670.39,816.21,670.41,816.15,670.41,816.09,670.43,816.32,670.52,816.21,670.56,816.17,670.57,816.15,670.56,816.42,670.62,816.31,670.64,816.29,670.65,816.29,670.62,816.51,670.69,816.45,670.70,816.43,670.70,816.41,670.69
ND_QNZl1VpyB_Y_frame006579_l.jpg,0,-32.07,-99.79,-32.16,-100.19,-32.37,-100.38,-32.47,-100.60,-32.73,-100.81,-32.07,-100.72,-32.29,-100.95,-32.52,-101.02,-32.73,-101.16,-32.11,-100.63,-32.42,-100.76,-32.68,-100.80,-32.96,-100.88,-32.21,-100.38,-32.48,-100.54,-32.74,-100.62,-33.01,-100.72,-32.31,-100.17,-32.52,-100.29,-32.71,-100.37,-32.94,-100.53
ND_QUejikgacfo_frame005701_r.jpg,0,-169.94,198.85,-169.80,198.73,-169.64,198.76,-169.47,198.74,-169.27,198.64,-169.81,198.27,-169.72,198.06,-169.61,197.95,-169.45,197.86,-169.84,198.19,-169.87,197.97,-169.76,197.85,-169.58,197.83,-169.84,198.24,-169.90,198.04,-169.79,197.89,-169.63,197.88,-169.82,198.31,-169.81,198.15,-169.73,198.04,-169.65,198.00
ND_Qbw7Gpqv2FQ_frame000898_r.jpg,0,-19.62,419.53,-19.82,419.45,-19.94,419.32,-19.99,419.17,-19.97,419.07,-19.87,419.09,-19.99,419.02,-19.99,419.09,-19.95,419.18,-19.75,419.01,-19.84,418.85,-19.90,418.74,-19.97,418.61,-19.62,419.04,-19.72,419.03,-19.77,419.09,-19.82,419.18,-19.53,419.09,-19.60,419.08,-19.63,419.14,-19.65,419.24
ND_Qbw7Gpqv2FQ_frame002094_l.jpg,0,-43.67,271.61,-43.88,271.66,-44.04,271.78,-44.18,271.87,-44.31,272.04,-44.21,271.72,-44.37,271.78,-44.43,271.90,-44.48,272.05,-44.17,271.77,-44.25,271.96,-44.23,272.09,-44.21,272.22,-44.03,271.83,-44.10,272.00,-44.07,272.13,-44.05,272.23,-43.91,271.89,-43.95,272.01,-43.96,272.10,-43.97,272.22
ND_QdHQ235zmzw_frame036001_l.jpg,0,1064.10,5.08,1064.11,5.06,1064.11,5.01,1064.09,4.97,1064.04,4.95,1064.06,4.95,1064.01,4.99,1064.01,5.03,1064.00,5.08,1064.02,4.94,1063.99,5.00,1063.99,5.04,1063.98,5.09,1063.99,4.97,1063.97,5.01,1063.97,5.06,1063.97,5.11,1063.97,5.00,1063.96,5.03,1063.96,5.06,1063.98,5.10
ND_QdHQ235zmzw_frame050501_r.jpg,0,156.28,27.50,156.44,27.32,156.65,27.11,156.81,26.92,157.02,26.65,156.33,26.71,156.54,26.48,156.75,26.45,156.98,26.50,156.28,26.61,156.54,26.46,156.75,26.48,156.97,26.57,156.28,26.69,156.48,26.53,156.71,26.53,156.89,26.65,156.33,26.78,156.45,26.65,156.61,26.60,156.73,26.68
ND_QftCAzHtBGI_frame011401_l.jpg,0,-51.58,-134.40,-51.69,-134.71,-51.92,-134.86,-52.14,-134.96,-52.42,-135.12,-52.18,-134.83,-52.46,-134.91,-52.60,-134.99,-52.74,-135.08,-52.31,-134.67,-52.51,-134.78,-52.38,-134.84,-52.16,-134.87,-52.30,-134.48,-52.39,-134.66,-52.20,-134.71,-51.98,-134.70,-52.28,-134.36,-52.26,-134.51,-52.11,-134.56,-51.92,-134.51
ND_QftCAzHtBGI_frame027901_l.jpg,0,-301.37,-48.47,-301.87,-48.37,-302.24,-48.50,-302.53,-48.69,-302.93,-48.94,-302.24,-48.79,-302.68,-48.89,-302.81,-48.89,-302.77,-48.87,-302.10,-49.10,-302.47,-49.32,-302.76,-49.45,-303.08,-49.58,-301.86,-49.30,-302.08,-49.57,-302.36,-49.75,-302.64,-49.81,-301.70,-49.42,-301.80,-49.67,-301.99,-49.81,-302.16,-49.77
ND_Qhl-y-C6S74_frame000898_l.jpg,0,-2.74,187.59,-2.42,187.46,-2.14,187.45,-1.91,187.47,-1.65,187.50,-2.05,187.45,-1.80,187.48,-1.64,187.60,-1.56,187.75,-2.10,187.61,-1.87,187.77,-1.73,187.89,-1.65,187.94,-2.25,187.81,-2.01,187.93,-1.86,188.00,-1.78,187.99,-2.36,187.97,-2.19,188.04,-2.09,188.07,-2.00,188.07
ND_Qhl-y-C6S74_frame005981_r.jpg,0,4.78,162.39,4.79,162.48,4.78,162.56,4.74,162.61,4.70,162.66,4.75,162.56,4.70,162.62,4.67,162.65,4.64,162.67,4.70,162.53,4.66,162.59,4.62,162.63,4.58,162.67,4.66,162.48,4.62,162.54,4.58,162.58,4.56,162.60,4.63,162.45,4.59,162.49,4.57,162.52,4.54,162.56
ND_Qhl-y-C6S74_frame006280_r.jpg,0,395.31,91.82,395.25,91.91,395.17,91.92,395.10,91.91,395.01,91.91,395.11,91.91,395.02,91.91,394.96,91.91,394.89,91.92,395.08,91.84,394.99,91.85,394.93,91.85,394.86,91.86,395.09,91.78,395.02,91.80,394.95,91.80,394.88,91.81,395.11,91.74,395.06,91.76,395.01,91.77,394.95,91.78
ND_Qn0V3NGo9I0_frame003001_r.jpg,0,320.37,377.45,320.54,377.29,320.73,377.22,320.92,377.19,321.13,377.22,320.97,377.25,321.17,377.31,321.12,377.33,321.01,377.34,321.03,377.40,321.16,377.45,321.08,377.47,320.96,377.45,320.95,377.57,321.10,377.57,321.06,377.57,320.98,377.54,320.88,377.71,321.00,377.67,320.99,377.65,320.92,377.62
ND_Qn0V3NGo9I0_frame013501_r.jpg,0,-4.78,-158.70,-4.63,-159.01,-4.29,-159.45,-4.12,-159.94,-4.19,-160.54,-5.48,-159.80,-5.37,-160.45,-4.98,-160.62,-4.51,-160.75,-5.75,-160.04,-5.52,-160.63,-5.10,-160.82,-4.62,-161.01,-5.71,-160.08,-5.50,-160.58,-5.05,-160.77,-4.55,-160.87,-5.58,-160.11,-5.35,-160.40,-5.04,-160.59,-4.63,-160.80
ND_Qq7OJbtMst0_frame001496_l.jpg,0,523.20,-192.65,523.40,-192.34,523.41,-191.97,523.37,-191.64,523.44,-191.23,522.92,-191.85,522.84,-191.44,522.84,-191.16,522.81,-190.85,522.65,-191.79,522.65,-191.39,522.69,-191.10,522.73,-190.79,522.54,-191.85,522.52,-191.49,522.53,-191.18,522.53,-190.86,522.52,-191.89,522.54,-191.63,522.58,-191.40,522.59,-191.13
ND_QqYYe8PKi-s_frame000001_r.jpg,0,9.35,-513.89,8.66,-514.75,8.23,-515.31,8.04,-515.88,8.09,-516.66,7.30,-515.16,7.26,-515.93,7.40,-516.55,7.61,-517.27,7.48,-514.96,7.41,-515.86,7.47,-516.54,7.46,-517.30,8.14,-514.70,7.72,-515.35,8.06,-515.91,8.37,-516.02,8.74,-514.58,8.33,-515.03,8.40,-515.56,8.64,-515.82
ND_QqYYe8PKi-s_frame001501_r.jpg,0,-158.78,-490.10,-158.02,-490.64,-157.47,-491.18,-157.08,-491.69,-156.58,-491.95,-158.08,-492.25,-157.68,-492.89,-157.30,-493.16,-156.83,-493.24,-158.50,-492.40,-158.67,-493.06,-158.76,-493.53,-158.57,-494.01,-158.84,-492.06,-158.85,-492.77,-158.74,-493.33,-158.35,-493.79,-159.02,-491.69,-158.87,-492.20,-158.66,-492.61,-158.32,-492.86
ND_R2skBTafglM_frame000300_r.jpg,0,241.96,153.33,242.00,153.33,242.04,153.35,242.08,153.37,242.09,153.41,242.09,153.32,242.13,153.36,242.12,153.40,242.11,153.42,242.10,153.33,242.12,153.37,242.12,153.41,242.09,153.43,242.07,153.35,242.10,153.38,242.10,153.42,242.08,153.43,242.05,153.37,242.07,153.39,242.08,153.42,242.07,153.43
ND_R2skBTafglM_frame002094_r.jpg,0,217.59,180.95,217.55,180.92,217.53,180.89,217.50,180.87,217.47,180.87,217.47,180.95,217.44,180.97,217.42,180.97,217.39,180.98,217.47,180.98,217.43,180.98,217.42,180.99,217.40,180.98,217.49,180.99,217.46,180.99,217.43,181.00,217.41,180.99,217.51,181.00,217.48,181.01,217.46,181.02,217.44,181.02
ND_R2skBTafglM_frame007775_r.jpg,0,260.82,212.27,260.81,212.27,260.79,212.28,260.77,212.32,260.76,212.35,260.74,212.35,260.76,212.39,260.80,212.38,260.82,212.35,260.74,212.39,260.78,212.42,260.82,212.41,260.84,212.37,260.77,212.40,260.80,212.44,260.85,212.43,260.87,212.39,260.80,212.41,260.82,212.43,260.85,212.42,260.86,212.39
ND_R2skBTafglM_frame008672_l.jpg,0,269.58,127.45,269.63,127.41,269.69,127.37,269.73,127.35,269.79,127.36,269.71,127.31,269.78,127.31,269.81,127.33,269.84,127.36,269.72,127.32,269.78,127.33,269.82,127.36,269.84,127.39,269.71,127.37,269.77,127.36,269.81,127.39,269.83,127.42,269.71,127.41,269.75,127.40,269.79,127.42,269.81,127.43
ND_R2skBTafglM_frame008971_r.jpg,0,459.33,155.49,459.37,155.51,459.40,155.52,459.43,155.53,459.46,155.54,459.37,155.58,459.38,155.62,459.39,155.62,459.40,155.61,459.35,155.60,459.35,155.62,459.36,155.62,459.38,155.60,459.33,155.59,459.34,155.62,459.35,155.61,459.37,155.59,459.32,155.58,459.33,155.60,459.34,155.59,459.35,155.58
ND_R2skBTafglM_frame012858_r.jpg,0,-301.58,-214.62,-301.87,-214.68,-302.12,-214.65,-302.33,-214.61,-302.49,-214.43,-302.27,-214.96,-302.52,-214.81,-302.60,-214.64,-302.72,-214.46,-302.26,-214.93,-302.47,-214.76,-302.59,-214.59,-302.75,-214.43,-302.13,-214.78,-302.36,-214.69,-302.51,-214.53,-302.67,-214.39,-302.03,-214.64,-302.20,-214.57,-302.33,-214.48,-302.48,-214.38
ND_R2skBTafglM_frame013157_r.jpg,0,12.42,-335.50,12.06,-335.41,11.74,-335.36,11.76,-335.12,12.12,-335.00,12.11,-335.43,12.13,-335.07,12.16,-334.93,12.17,-334.88,12.37,-335.37,12.40,-335.04,12.39,-334.80,12.34,-334.62,12.62,-335.26,12.62,-334.95,12.63,-334.68,12.56,-334.44,12.78,-335.14,12.73,-334.90,12.62,-334.78,12.46,-334.74
ND_R48Nmi7S76Q_frame000898_l.jpg,0,534.18,383.47,534.29,383.45,534.38,383.44,534.45,383.46,534.51,383.49,534.38,383.42,534.44,383.48,534.48,383.54,534.50,383.59,534.35,383.46,534.41,383.53,534.44,383.59,534.47,383.64,534.29,383.51,534.36,383.56,534.41,383.62,534.45,383.67,534.25,383.56,534.31,383.59,534.35,383.62,534.40,383.66
ND_R48Nmi7S76Q_frame014054_r.jpg,0,-183.83,-505.64,-183.60,-506.24,-183.13,-506.90,-182.70,-507.48,-182.01,-508.12,-183.79,-507.96,-183.13,-508.50,-182.59,-508.63,-181.96,-508.48,-183.71,-508.18,-183.10,-508.61,-182.55,-508.64,-181.99,-508.41,-183.49,-507.86,-183.20,-508.36,-182.68,-508.55,-182.23,-508.39,-183.23,-507.53,-183.18,-507.99,-182.87,-508.21,-182.59,-508.14
ND_R48Nmi7S76Q_frame019436_r.jpg,0,327.65,356.16,327.69,356.26,327.69,356.34,327.65,356.40,327.63,356.48,327.60,356.34,327.55,356.42,327.52,356.47,327.50,356.52,327.53,356.32,327.47,356.39,327.43,356.45,327.41,356.50,327.47,356.28,327.42,356.35,327.37,356.41,327.35,356.46,327.44,356.26,327.39,356.29,327.34,356.33,327.30,356.38
ND_R48Nmi7S76Q_frame020034_l.jpg,0,420.21,417.83,420.29,417.85,420.35,417.90,420.40,417.96,420.44,418.04,420.41,417.96,420.45,418.04,420.47,418.09,420.49,418.14,420.38,418.01,420.41,418.09,420.42,418.14,420.44,418.18,420.31,418.02,420.35,418.09,420.36,418.15,420.38,418.19,420.25,418.03,420.28,418.08,420.29,418.13,420.31,418.17
ND_R64buC-8tcg_frame002101_r.jpg,0,184.22,-505.05,184.19,-504.68,184.16,-504.23,184.08,-503.84,183.95,-503.34,184.80,-503.94,184.58,-503.50,184.33,-503.29,184.07,-503.02,184.90,-503.83,184.73,-503.40,184.42,-503.26,184.06,-503.30,184.78,-503.93,184.68,-503.56,184.37,-503.42,184.09,-503.53,184.61,-504.02,184.56,-503.75,184.40,-503.63,184.21,-503.62
ND_R9zPPOQLq0w_frame000599_l.jpg,0,-393.03,374.79,-392.29,374.04,-391.83,373.13,-391.26,372.42,-390.22,371.89,-390.38,374.90,-389.22,374.97,-388.79,374.46,-388.74,373.84,-390.02,375.51,-388.94,375.74,-388.33,375.29,-388.00,374.55,-390.21,375.78,-389.21,375.79,-388.54,375.33,-388.13,374.65,-390.41,375.82,-389.71,375.72,-389.13,375.44,-388.71,374.92
ND_Rg-6AG0J05k_frame001795_r.jpg,0,337.19,169.32,337.56,169.10,337.85,168.92,338.09,168.88,338.24,168.97,337.92,168.61,338.24,168.83,338.23,169.06,338.13,169.27,337.88,168.69,338.24,168.80,338.37,169.02,338.46,169.28,337.76,168.95,338.00,168.72,338.27,168.59,338.54,168.45,337.69,169.19,337.92,169.22,338.14,169.28,338.36,169.34
ND_Rg-6AG0J05k_frame002991_r.jpg,0,127.21,-9.13,127.14,-9.21,127.10,-9.06,127.18,-8.90,127.36,-8.65,127.63,-9.25,127.69,-9.07,127.64,-8.92,127.58,-8.79,127.81,-9.11,127.81,-8.95,127.73,-8.81,127.64,-8.70,127.84,-8.93,127.81,-8.83,127.72,-8.71,127.61,-8.62,127.81,-8.77,127.80,-8.68,127.76,-8.60,127.71,-8.54
ND_Rg-6AG0J05k_frame006280_l.jpg,0,449.19,810.21,449.27,810.24,449.36,810.37,449.40,810.55,449.41,810.77,449.10,810.56,449.22,810.76,449.35,810.71,449.39,810.59,449.05,810.69,449.24,810.80,449.35,810.72,449.37,810.59,449.08,810.73,449.25,810.81,449.36,810.72,449.38,810.60,449.12,810.75,449.25,810.81,449.33,810.73,449.31,810.63
ND_RisDBj7Gkt8_frame001496_l.jpg,0,998.16,332.16,998.35,332.02,998.45,331.88,998.53,331.79,998.60,331.70,998.30,331.72,998.41,331.72,998.51,331.78,998.63,331.87,998.19,331.76,998.35,331.85,998.47,331.94,998.60,332.03,998.11,331.89,998.27,331.95,998.39,332.05,998.50,332.14,998.07,332.02,998.18,332.06,998.28,332.12,998.38,332.18
ND_RisDBj7Gkt8_frame004785_l.jpg,0,640.71,313.70,640.56,313.49,640.70,313.26,640.85,313.10,641.00,312.84,640.77,313.50,640.91,313.49,641.03,313.41,641.19,313.31,641.00,313.57,641.18,313.54,641.32,313.43,641.44,313.28,641.18,313.60,641.30,313.36,641.33,313.13,641.27,312.93,641.30,313.59,641.37,313.40,641.41,313.23,641.41,313.02
ND_RisDBj7Gkt8_frame024519_r.jpg,0,343.05,288.53,342.96,288.41,342.83,288.35,342.71,288.36,342.55,288.41,342.71,288.29,342.56,288.26,342.49,288.32,342.47,288.40,342.66,288.36,342.52,288.39,342.53,288.45,342.60,288.49,342.67,288.48,342.57,288.51,342.60,288.56,342.68,288.57,342.70,288.58,342.64,288.60,342.67,288.63,342.73,288.64
ND_RnIQ7k1Enx0_frame000501_r.jpg,0,-674.39,-1011.65,-674.03,-1011.61,-673.52,-1011.61,-673.01,-1011.55,-672.37,-1011.68,-672.78,-1011.16,-672.11,-1011.11,-671.68,-1011.22,-671.20,-1011.32,-672.53,-1011.26,-671.90,-1011.32,-671.48,-1011.45,-671.05,-1011.54,-672.65,-1011.55,-672.09,-1011.53,-671.61,-1011.56,-671.13,-1011.57,-672.79,-1011.85,-672.38,-1011.77,-672.01,-1011.70,-671.59,-1011.62
ND_RnIQ7k1Enx0_frame001501_r.jpg,0,990.11,148.08,990.10,148.13,990.12,148.17,990.14,148.20,990.17,148.25,990.17,148.20,990.19,148.25,990.19,148.27,990.17,148.30,990.19,148.20,990.18,148.25,990.17,148.27,990.15,148.31,990.18,148.18,990.17,148.22,990.16,148.26,990.14,148.29,990.17,148.17,990.16,148.20,990.15,148.22,990.13,148.25
ND_Roul3tgvDzs_frame000901_l.jpg,0,115.17,181.13,114.91,180.95,114.75,180.71,114.69,180.46,114.71,180.14,115.06,180.44,114.94,180.14,114.83,179.96,114.73,179.74,115.24,180.32,115.08,180.07,114.94,179.89,114.81,179.69,115.36,180.35,115.21,180.12,115.09,179.93,114.98,179.71,115.41,180.39,115.28,180.23,115.16,180.11,115.02,179.97
ND_Ry4Tao_uuVc_frame001251_r.jpg,0,-346.31,128.55,-346.15,128.21,-345.98,127.97,-345.79,127.86,-345.54,127.69,-345.58,128.10,-345.26,128.10,-345.04,128.08,-344.79,128.07,-345.44,128.31,-345.13,128.27,-344.91,128.24,-344.66,128.19,-345.47,128.55,-345.21,128.46,-344.97,128.42,-344.74,128.34,-345.52,128.72,-345.34,128.64,-345.17,128.61,-344.99,128.54
ND_Ry4Tao_uuVc_frame041251_l.jpg,0,459.90,229.40,459.97,229.41,460.06,229.44,460.13,229.51,460.21,229.57,459.79,229.53,459.71,229.65,459.71,229.75,459.73,229.86,459.71,229.62,459.70,229.77,459.73,229.88,459.77,229.99,459.69,229.68,459.68,229.79,459.68,229.90,459.67,230.00,459.71,229.73,459.64,229.79,459.58,229.84,459.50,229.90
ND_Ry4Tao_uuVc_frame044001_l.jpg,0,243.26,-351.88,243.53,-351.47,243.72,-351.12,243.88,-350.84,244.04,-350.50,244.28,-351.29,244.51,-351.00,244.50,-350.72,244.47,-350.40,244.30,-351.41,244.46,-351.07,244.40,-350.77,244.31,-350.43,244.05,-351.55,244.22,-351.23,244.15,-350.91,244.03,-350.59,243.81,-351.62,243.99,-351.46,244.01,-351.22,243.97,-350.94
ND_Ry4Tao_uuVc_frame048001_l.jpg,0,93.16,255.31,93.29,255.10,93.44,255.07,93.55,255.08,93.71,255.15,93.21,255.06,93.21,255.07,93.36,255.10,93.54,255.14,93.16,255.22,93.28,255.27,93.45,255.30,93.65,255.32,93.16,255.41,93.26,255.43,93.44,255.46,93.64,255.46,93.20,255.55,93.26,255.61,93.39,255.63,93.54,255.63
ND_Ry4Tao_uuVc_frame048251_r.jpg,0,863.65,177.73,863.59,177.58,863.59,177.51,863.68,177.49,863.79,177.47,863.75,177.68,863.91,177.53,863.93,177.41,863.90,177.32,863.91,177.76,864.05,177.59,864.07,177.46,864.02,177.35,864.02,177.80,864.15,177.66,864.16,177.51,864.11,177.41,864.11,177.80,864.21,177.72,864.23,177.60,864.17,177.51
ND_Rzdxdsnl2v4_frame004793_l.jpg,0,-39.40,150.58,-39.59,150.55,-39.73,150.62,-39.84,150.69,-39.97,150.81,-39.68,150.68,-39.81,150.79,-39.86,150.82,-39.91,150.83,-39.62,150.79,-39.73,150.87,-39.79,150.88,-39.86,150.87,-39.54,150.87,-39.66,150.91,-39.70,150.86,-39.75,150.78,-39.49,150.93,-39.56,150.90,-39.58,150.84,-39.60,150.75
ND_Rzdxdsnl2v4_frame007788_l.jpg,0,705.47,422.91,705.64,422.87,705.77,422.86,705.87,422.85,705.95,422.76,705.78,422.95,705.90,422.98,705.99,423.00,706.09,423.03,705.74,423.05,705.84,423.14,705.91,423.21,706.00,423.29,705.66,423.12,705.76,423.21,705.83,423.28,705.90,423.35,705.60,423.18,705.66,423.26,705.70,423.32,705.75,423.35
ND_S3FwHrbevMw_frame002701_r.jpg,0,-257.45,318.49,-257.94,318.67,-258.50,318.68,-258.97,318.69,-259.63,318.59,-259.00,318.11,-259.55,318.19,-259.32,318.52,-258.87,318.60,-259.11,317.96,-259.65,318.15,-259.39,318.48,-258.96,318.66,-258.91,318.03,-259.37,318.27,-259.09,318.63,-258.69,318.84,-258.73,318.18,-259.07,318.29,-258.97,318.62,-258.64,318.68
ND_S3FwHrbevMw_frame005101_l.jpg,0,393.40,11.83,393.43,12.03,393.26,12.28,393.12,12.51,393.01,12.83,392.92,12.05,392.80,12.35,392.80,12.58,392.82,12.82,392.70,12.02,392.56,12.30,392.62,12.52,392.76,12.73,392.64,12.01,392.53,12.26,392.60,12.50,392.79,12.65,392.63,12.05,392.56,12.23,392.60,12.41,392.75,12.53
ND_S4BcbHXwTZU_frame003001_r.jpg,0,582.07,-203.56,582.71,-203.55,583.14,-203.78,583.48,-204.04,583.82,-204.32,583.18,-203.24,583.39,-203.51,583.51,-203.85,583.60,-204.25,582.94,-203.33,583.25,-203.69,583.34,-204.05,583.38,-204.40,582.57,-203.55,583.00,-203.68,583.22,-204.01,583.41,-204.35,582.31,-203.79,582.63,-203.85,582.90,-204.01,583.16,-204.18
ND_S4BcbHXwTZU_frame003601_r.jpg,0,-270.03,-748.46,-269.53,-749.04,-269.14,-749.56,-268.62,-749.77,-267.93,-749.61,-268.55,-748.78,-267.86,-748.83,-267.49,-748.83,-267.29,-748.79,-268.41,-748.28,-267.77,-748.22,-267.55,-748.23,-267.44,-748.28,-268.52,-747.86,-267.92,-747.91,-267.59,-747.91,-267.39,-747.95,-268.62,-747.60,-268.18,-747.67,-267.83,-747.72,-267.55,-747.87
ND_SEX237gKhNU_frame001496_r.jpg,0,-551.98,-1000.51,-552.34,-999.77,-552.58,-999.07,-552.91,-998.54,-552.98,-998.46,-553.82,-999.36,-554.45,-998.99,-554.77,-998.66,-555.17,-998.34,-553.99,-999.54,-553.60,-998.89,-553.06,-998.79,-552.48,-998.94,-553.68,-999.78,-553.52,-999.11,-552.98,-998.89,-552.66,-999.19,-553.34,-999.91,-553.40,-999.41,-553.02,-999.17,-552.72,-999.30
ND_SM90pgswOek_frame006251_r.jpg,0,525.22,564.39,525.14,564.35,525.09,564.36,525.08,564.36,525.12,564.33,525.10,564.34,525.04,564.32,525.06,564.27,525.07,564.26,525.14,564.34,525.09,564.28,525.10,564.25,525.12,564.26,525.20,564.33,525.18,564.26,525.19,564.24,525.20,564.24,525.25,564.32,525.28,564.28,525.29,564.24,525.30,564.20
ND_SPhCzUZmwZw_frame000501_l.jpg,0,-272.84,-287.99,-273.31,-288.02,-273.69,-288.12,-274.05,-287.97,-274.44,-287.65,-274.12,-288.08,-274.47,-287.76,-274.55,-287.46,-274.60,-287.11,-274.09,-287.92,-274.19,-287.51,-274.21,-287.20,-274.21,-286.87,-273.83,-287.70,-273.96,-287.38,-273.94,-287.09,-273.93,-286.82,-273.61,-287.50,-273.69,-287.30,-273.67,-287.16,-273.68,-286.95
ND_SPhCzUZmwZw_frame001001_l.jpg,0,401.12,569.00,401.17,568.96,401.21,568.92,401.26,568.92,401.31,568.94,401.24,568.89,401.30,568.90,401.33,568.93,401.35,568.96,401.25,568.91,401.30,568.95,401.29,568.98,401.28,568.98,401.24,568.96,401.29,568.98,401.27,569.00,401.25,568.99,401.23,569.00,401.27,569.01,401.26,569.02,401.23,569.02
ND_SbAZdCDqxXs_frame006579_r.jpg,0,26.08,93.60,25.88,93.43,25.69,93.31,25.58,93.17,25.53,93.00,25.94,93.00,25.91,92.79,25.88,92.68,25.85,92.57,26.05,92.99,26.00,92.83,25.96,92.74,25.90,92.64,26.14,93.12,26.06,92.96,26.00,92.87,25.94,92.76,26.18,93.24,26.12,93.11,26.08,93.02,26.01,92.91
ND_SbAZdCDqxXs_frame008373_r.jpg,0,714.26,832.73,714.17,832.76,714.15,832.84,714.15,832.93,714.15,833.05,713.97,832.83,713.94,832.93,713.98,832.99,714.05,833.00,713.98,832.87,713.97,832.97,714.02,833.01,714.07,832.98,714.04,832.90,714.02,832.98,714.06,833.02,714.08,832.99,714.11,832.93,714.08,832.97,714.10,833.01,714.11,832.98
ND_SbAZdCDqxXs_frame011662_r.jpg,0,272.38,220.70,272.45,220.86,272.50,220.98,272.47,221.08,272.44,221.17,272.34,220.95,272.27,221.10,272.29,221.18,272.34,221.21,272.22,220.92,272.16,221.06,272.20,221.12,272.26,221.12,272.13,220.86,272.09,221.00,272.12,221.07,272.15,221.08,272.07,220.83,272.02,220.93,272.03,220.99,272.06,221.01
ND_SdFCd8W6Ogc_frame002251_r.jpg,0,663.82,429.40,663.90,429.23,663.86,429.15,663.83,429.19,663.81,429.27,663.68,429.10,663.72,429.10,663.83,429.17,663.95,429.25,663.59,429.21,663.68,429.25,663.80,429.32,663.93,429.40,663.57,429.37,663.64,429.37,663.78,429.43,663.90,429.47,663.60,429.50,663.66,429.49,663.77,429.51,663.88,429.50
ND_SdFCd8W6Ogc_frame008251_r.jpg,0,558.65,-458.70,558.89,-459.12,559.24,-459.28,559.57,-459.27,559.93,-459.03,559.52,-459.16,559.93,-459.20,560.10,-459.24,560.09,-459.28,559.66,-458.88,560.04,-458.92,560.13,-459.03,560.06,-459.15,559.63,-458.59,559.93,-458.72,560.01,-458.86,559.95,-459.00,559.59,-458.39,559.77,-458.54,559.80,-458.68,559.75,-458.81
ND_SdFCd8W6Ogc_frame009251_r.jpg,0,-711.71,-809.63,-712.61,-808.98,-713.52,-809.24,-714.25,-809.59,-715.26,-809.91,-713.94,-808.15,-714.80,-808.29,-715.36,-808.70,-715.79,-809.24,-714.01,-808.58,-714.93,-808.90,-715.45,-809.30,-715.87,-809.66,-713.72,-809.32,-714.61,-809.41,-715.27,-809.67,-715.70,-809.87,-713.52,-809.97,-714.13,-809.93,-714.70,-809.96,-715.39,-809.94
ND_SdFCd8W6Ogc_frame010001_l.jpg,0,375.54,-359.69,375.48,-360.09,375.80,-360.00,376.29,-359.81,376.79,-359.68,375.27,-359.01,376.04,-359.16,376.60,-359.38,377.27,-359.57,375.54,-358.40,376.33,-358.44,376.87,-358.77,377.36,-359.26,375.96,-358.14,376.63,-358.25,377.18,-358.63,377.60,-359.16,376.35,-358.06,376.78,-358.31,377.18,-358.60,377.56,-359.02
ND_SdFCd8W6Ogc_frame013001_l.jpg,0,904.35,393.07,904.57,392.91,904.71,392.74,904.81,392.59,904.94,392.42,904.51,392.56,904.53,392.39,904.57,392.30,904.61,392.20,904.37,392.60,904.35,392.45,904.38,392.36,904.46,392.29,904.27,392.76,904.27,392.62,904.33,392.55,904.42,392.50,904.22,392.91,904.17,392.84,904.16,392.79,904.18,392.74
ND_SfGr5hnnP4U_frame001801_r.jpg,0,41.43,-250.78,41.69,-251.00,41.65,-251.02,41.73,-250.86,41.59,-250.82,41.87,-250.44,41.78,-250.31,41.59,-250.47,41.38,-250.63,41.63,-250.16,41.55,-250.10,41.38,-250.34,41.22,-250.65,41.29,-250.07,41.30,-250.04,41.11,-250.30,41.02,-250.66,41.01,-250.07,41.03,-250.07,40.95,-250.24,40.85,-250.46
ND_SgoC6W-mTyE_frame002094_l.jpg,0,484.05,-154.54,483.86,-154.28,483.71,-154.03,483.57,-153.81,483.34,-153.55,483.61,-153.82,483.59,-153.53,483.61,-153.33,483.62,-153.09,483.74,-153.78,483.76,-153.48,483.78,-153.27,483.73,-153.03,483.96,-153.86,483.91,-153.60,483.94,-153.37,483.90,-153.14,484.15,-153.93,484.09,-153.74,484.07,-153.57,484.02,-153.37
ND_SmyU_xMpz_s_frame000599_r.jpg,0,-16.81,-80.02,-16.33,-80.21,-15.94,-80.14,-15.72,-79.94,-15.65,-79.68,-15.79,-80.26,-15.42,-80.01,-15.48,-79.87,-15.73,-79.89,-15.87,-80.01,-15.52,-79.75,-15.31,-79.56,-15.10,-79.43,-16.09,-79.71,-15.74,-79.53,-15.57,-79.47,-15.53,-79.57,-16.25,-79.47,-15.96,-79.44,-15.79,-79.47,-15.69,-79.57
ND_SnaRjjN0G9o_frame000001_l.jpg,0,-289.10,29.62,-289.34,28.99,-289.51,28.41,-289.76,27.84,-290.09,27.08,-288.93,27.57,-289.49,27.05,-289.95,27.26,-290.31,27.71,-288.87,27.47,-289.60,27.45,-289.92,27.86,-289.97,28.37,-289.01,27.79,-289.63,27.64,-289.94,28.07,-289.92,28.55,-289.21,28.09,-289.56,27.83,-289.79,28.12,-289.74,28.50
ND_SnaRjjN0G9o_frame000301_l.jpg,0,-317.13,-1.78,-317.37,-2.39,-317.50,-3.02,-317.68,-3.63,-317.97,-4.44,-317.00,-3.89,-317.43,-4.55,-317.95,-4.44,-318.39,-4.05,-316.96,-4.02,-317.66,-4.30,-318.13,-4.04,-318.39,-3.60,-317.10,-3.70,-317.73,-3.87,-318.02,-3.42,-317.99,-2.91,-317.31,-3.41,-317.69,-3.61,-317.87,-3.27,-317.77,-2.85
ND_SnaRjjN0G9o_frame000601_l.jpg,0,-286.40,37.26,-286.68,36.61,-286.95,36.01,-287.26,35.44,-287.65,34.66,-286.39,35.11,-286.97,34.58,-287.46,34.80,-287.84,35.26,-286.35,35.02,-287.11,35.02,-287.44,35.43,-287.52,35.93,-286.48,35.38,-287.13,35.24,-287.40,35.68,-287.33,36.14,-286.67,35.72,-287.05,35.48,-287.26,35.78,-287.15,36.15
ND_SpeLYYz8RXs_frame003001_l.jpg,0,218.19,-191.05,218.53,-191.82,218.99,-192.28,219.48,-192.56,219.89,-192.88,219.87,-192.05,220.34,-192.49,220.19,-192.59,219.93,-192.55,220.17,-191.59,220.43,-191.96,220.14,-192.06,219.78,-192.08,220.07,-191.06,220.23,-191.45,219.96,-191.56,219.65,-191.56,219.93,-190.70,220.03,-190.97,219.76,-191.03,219.41,-191.01
ND_SpeLYYz8RXs_frame009001_r.jpg,0,947.03,491.19,947.11,491.05,947.16,491.00,947.23,491.07,947.33,491.20,946.93,491.14,947.02,491.25,947.17,491.29,947.32,491.31,946.87,491.30,947.03,491.44,947.19,491.45,947.34,491.39,946.89,491.46,947.07,491.51,947.23,491.49,947.34,491.43,946.94,491.56,947.08,491.56,947.21,491.54,947.30,491.48
ND_SpeLYYz8RXs_frame009751_l.jpg,0,1039.53,306.06,1039.83,305.94,1040.07,305.97,1040.26,306.07,1040.46,306.22,1040.10,305.92,1040.29,306.01,1040.42,306.14,1040.50,306.24,1040.03,306.08,1040.22,306.26,1040.33,306.37,1040.36,306.39,1039.90,306.26,1040.09,306.40,1040.10,306.40,1040.02,306.30,1039.80,306.40,1039.96,306.47,1039.95,306.45,1039.87,306.39
ND_SpeLYYz8RXs_frame016001_l.jpg,0,1289.10,496.01,1289.37,496.05,1289.55,496.14,1289.61,496.28,1289.64,496.46,1289.44,496.10,1289.54,496.31,1289.61,496.47,1289.66,496.63,1289.28,496.18,1289.31,496.41,1289.39,496.57,1289.50,496.69,1289.10,496.27,1289.16,496.47,1289.25,496.61,1289.33,496.66,1288.98,496.35,1289.07,496.49,1289.14,496.60,1289.22,496.65
ND_SuC3ukH42uw_frame036001_l.jpg,0,471.02,158.50,471.20,158.17,471.44,157.99,471.70,157.97,472.02,158.07,471.71,158.01,472.03,157.97,472.07,158.00,472.02,158.03,471.83,158.22,472.10,158.19,472.11,158.18,472.08,158.17,471.81,158.48,472.07,158.40,472.16,158.36,472.18,158.34,471.78,158.67,471.96,158.58,472.03,158.52,472.06,158.47
ND_SuC3ukH42uw_frame087901_r.jpg,0,604.52,100.91,604.62,101.18,604.82,101.28,605.02,101.29,605.28,101.28,605.00,101.25,605.24,101.29,605.35,101.31,605.47,101.35,605.12,101.10,605.33,101.18,605.45,101.24,605.58,101.34,605.13,100.94,605.32,101.04,605.48,101.11,605.62,101.23,605.12,100.83,605.24,100.93,605.35,101.01,605.50,101.12
ND_SuC3ukH42uw_frame115201_l.jpg,0,519.09,-242.36,519.25,-242.46,519.48,-242.44,519.71,-242.41,519.94,-242.23,519.82,-242.63,520.10,-242.54,520.17,-242.39,520.22,-242.23,519.93,-242.51,520.17,-242.38,520.21,-242.22,520.21,-242.07,519.88,-242.33,520.11,-242.24,520.19,-242.10,520.22,-241.98,519.81,-242.16,519.98,-242.10,520.09,-242.02,520.19,-241.94
ND_SuHDMr4ssio_frame003501_l.jpg,0,-508.92,-349.16,-509.40,-349.75,-509.88,-350.29,-510.39,-350.82,-511.07,-351.41,-509.18,-351.49,-509.51,-352.30,-509.90,-352.73,-510.41,-353.11,-509.04,-351.69,-509.22,-352.51,-509.58,-353.00,-510.15,-353.38,-509.05,-351.37,-509.45,-352.02,-510.09,-352.18,-510.71,-352.06,-509.17,-351.04,-509.44,-351.53,-509.87,-351.80,-510.34,-351.87
ND_Sv2CIKIx-WM_frame000300_l.jpg,0,-706.35,-46.51,-705.00,-46.26,-703.91,-46.13,-703.01,-46.49,-701.92,-47.13,-703.79,-47.02,-703.19,-47.93,-702.74,-48.55,-702.25,-49.24,-704.16,-47.76,-703.56,-48.67,-703.11,-49.31,-702.54,-49.87,-704.85,-48.34,-704.11,-49.02,-703.61,-49.68,-703.04,-50.20,-705.35,-48.77,-704.82,-49.30,-704.38,-49.75,-703.82,-50.12
ND_Sv2CIKIx-WM_frame000599_r.jpg,0,-248.24,-682.47,-247.63,-682.11,-247.23,-681.42,-246.87,-680.86,-246.36,-680.13,-245.95,-682.16,-245.64,-681.36,-245.70,-680.78,-245.84,-680.13,-245.78,-682.14,-245.26,-681.49,-245.49,-680.93,-246.00,-680.62,-246.14,-682.01,-245.69,-681.45,-245.80,-680.84,-246.22,-680.55,-246.51,-681.83,-246.19,-681.44,-246.10,-681.03,-246.31,-680.85
ND_T0pwg0f7hEk_frame000600_r.jpg,0,729.66,549.70,729.65,549.76,729.65,549.82,729.65,549.87,729.66,549.92,729.73,549.87,729.73,549.93,729.71,549.96,729.68,549.99,729.74,549.87,729.71,549.92,729.68,549.96,729.64,549.99,729.73,549.85,729.71,549.90,729.68,549.94,729.64,549.98,729.71,549.83,729.70,549.87,729.68,549.90,729.66,549.94
ND_T0pwg0f7hEk_frame001199_l.jpg,0,514.15,400.63,514.25,400.59,514.35,400.56,514.43,400.55,514.53,400.52,514.38,400.73,514.47,400.78,514.53,400.81,514.60,400.84,514.37,400.80,514.46,400.86,514.51,400.85,514.56,400.83,514.33,400.83,514.42,400.87,514.48,400.86,514.51,400.84,514.31,400.84,514.37,400.86,514.42,400.86,514.44,400.85
ND_T0pwg0f7hEk_frame007189_l.jpg,0,328.50,360.68,328.47,360.39,328.55,360.18,328.70,360.07,328.91,359.92,328.70,360.16,328.86,359.97,328.94,359.93,328.94,359.98,328.86,360.25,329.05,360.11,329.03,360.12,328.92,360.19,328.97,360.41,329.10,360.25,329.05,360.26,328.95,360.33,329.04,360.52,329.10,360.38,329.06,360.40,328.99,360.47
ND_T0pwg0f7hEk_frame008387_r.jpg,0,190.38,-177.87,190.62,-177.64,190.88,-177.59,191.11,-177.60,191.36,-177.64,191.14,-177.81,191.41,-177.83,191.57,-177.81,191.72,-177.74,191.18,-178.01,191.41,-177.93,191.55,-177.85,191.69,-177.73,191.06,-178.15,191.30,-178.06,191.47,-177.98,191.63,-177.85,190.96,-178.22,191.12,-178.16,191.23,-178.07,191.33,-177.92
ND_T0pwg0f7hEk_frame014377_r.jpg,0,493.57,506.03,493.68,506.06,493.75,506.11,493.77,506.18,493.81,506.28,493.76,506.21,493.79,506.30,493.79,506.30,493.78,506.27,493.71,506.26,493.74,506.34,493.74,506.31,493.73,506.25,493.64,506.27,493.68,506.34,493.67,506.31,493.66,506.26,493.58,506.27,493.60,506.33,493.61,506.32,493.61,506.28
ND_T0qck5kvJ8I_frame009901_r.jpg,0,606.92,245.10,606.92,245.00,606.90,244.94,606.90,244.93,606.90,244.94,606.80,244.94,606.82,244.90,606.88,244.89,606.95,244.90,606.78,244.99,606.83,244.96,606.89,244.94,606.95,244.92,606.80,245.06,606.83,245.02,606.89,244.99,606.95,244.96,606.84,245.11,606.85,245.08,606.89,245.05,606.93,245.02
ND_T0qck5kvJ8I_frame018901_l.jpg,0,484.68,228.19,484.73,228.13,484.80,228.09,484.87,228.07,484.93,228.05,484.78,227.97,484.82,227.89,484.85,227.85,484.87,227.78,484.80,227.97,484.88,227.95,484.92,228.00,484.90,228.06,484.81,228.03,484.88,228.03,484.89,228.09,484.84,228.12,484.82,228.08,484.87,228.08,484.87,228.12,484.84,228.14
ND_T0qck5kvJ8I_frame021301_l.jpg,0,720.32,431.46,720.34,431.52,720.34,431.59,720.31,431.66,720.31,431.71,720.20,431.57,720.16,431.65,720.16,431.72,720.18,431.78,720.14,431.58,720.06,431.62,720.01,431.67,719.98,431.73,720.12,431.57,720.05,431.61,720.01,431.67,719.97,431.73,720.12,431.58,720.07,431.61,720.04,431.66,720.01,431.70
ND_T4VAtzlLtXk_frame001496_l.jpg,0,846.58,-1111.22,847.48,-1111.10,848.17,-1110.99,848.48,-1110.52,848.25,-1109.81,846.95,-1111.48,847.07,-1110.62,847.37,-1109.92,847.68,-1109.29,846.11,-1111.30,846.39,-1110.29,846.84,-1109.69,847.28,-1109.43,845.46,-1110.91,845.84,-1110.06,846.35,-1109.53,846.70,-1109.43,845.07,-1110.49,845.29,-1109.90,845.72,-1109.49,846.12,-1109.42
ND_T4VAtzlLtXk_frame002692_l.jpg,0,994.78,-1008.30,995.82,-1008.48,996.31,-1007.87,996.53,-1006.91,996.56,-1005.75,994.45,-1008.79,994.46,-1007.43,994.77,-1006.41,995.16,-1005.24,993.37,-1008.24,994.16,-1006.93,995.04,-1006.30,995.90,-1006.13,992.76,-1007.46,993.64,-1006.42,994.56,-1005.96,995.07,-1006.01,992.50,-1006.75,993.34,-1006.27,994.06,-1006.06,994.27,-1006.19
ND_T9uRmq0VjBM_frame000601_l.jpg,0,-867.87,-1224.14,-867.36,-1225.32,-867.03,-1226.15,-867.02,-1226.83,-867.17,-1227.58,-868.78,-1227.30,-869.59,-1228.20,-870.08,-1228.71,-870.67,-1229.21,-869.69,-1227.06,-870.42,-1227.92,-870.85,-1228.45,-871.22,-1228.98,-870.18,-1226.18,-870.80,-1226.97,-871.22,-1227.42,-871.43,-1227.82,-870.42,-1225.42,-870.90,-1225.82,-871.24,-1226.08,-871.56,-1226.40
ND_TB6GY0koRGo_frame001496_r.jpg,0,120.68,-175.58,120.62,-175.40,120.48,-175.32,120.35,-175.24,120.15,-175.23,120.35,-175.35,120.20,-175.27,120.16,-175.22,120.10,-175.20,120.26,-175.44,120.14,-175.33,120.15,-175.26,120.16,-175.21,120.25,-175.53,120.18,-175.41,120.23,-175.31,120.35,-175.29,120.25,-175.60,120.21,-175.49,120.21,-175.40,120.19,-175.27
ND_TCr_NYyRz0c_frame011281_r.jpg,0,281.63,41.00,281.66,40.99,281.71,40.99,281.75,40.98,281.80,40.97,281.73,40.92,281.78,40.92,281.80,40.94,281.81,40.97,281.74,40.91,281.79,40.92,281.81,40.95,281.81,40.98,281.74,40.93,281.78,40.93,281.81,40.95,281.81,40.97,281.73,40.95,281.76,40.94,281.79,40.95,281.80,40.96
ND_TCr_NYyRz0c_frame019921_l.jpg,0,194.70,4.98,194.67,5.05,194.65,5.11,194.66,5.17,194.68,5.25,194.73,5.07,194.76,5.13,194.77,5.18,194.76,5.23,194.78,5.05,194.81,5.12,194.82,5.17,194.82,5.22,194.82,5.03,194.85,5.09,194.85,5.14,194.84,5.18,194.85,5.02,194.89,5.04,194.90,5.07,194.88,5.10
ND_TCr_NYyRz0c_frame023521_r.jpg,0,152.82,205.39,152.82,205.41,152.79,205.43,152.77,205.49,152.75,205.55,152.74,205.53,152.79,205.58,152.84,205.57,152.87,205.53,152.74,205.57,152.80,205.61,152.85,205.59,152.89,205.54,152.77,205.58,152.82,205.61,152.87,205.59,152.90,205.54,152.81,205.58,152.83,205.60,152.87,205.58,152.88,205.54
ND_TF7LgMQiPuo_frame003589_r.jpg,0,775.39,374.48,775.33,374.41,775.26,374.39,775.19,374.38,775.10,374.36,775.23,374.33,775.15,374.33,775.10,374.35,775.04,374.37,775.22,374.36,775.14,374.39,775.10,374.42,775.05,374.45,775.23,374.43,775.17,374.45,775.14,374.49,775.08,374.52,775.23,374.49,775.20,374.51,775.18,374.54,775.12,374.57
ND_TF7LgMQiPuo_frame005084_r.jpg,0,-42.26,-251.35,-43.07,-250.98,-43.65,-251.28,-44.11,-251.63,-44.72,-252.00,-43.36,-250.72,-43.89,-250.99,-44.28,-251.35,-44.55,-251.61,-43.06,-251.13,-43.77,-251.46,-44.26,-251.72,-44.74,-251.96,-42.72,-251.66,-43.40,-251.84,-43.97,-252.05,-44.53,-252.26,-42.53,-252.12,-42.98,-252.23,-43.43,-252.35,-43.88,-252.38
ND_TF7LgMQiPuo_frame006280_r.jpg,0,750.25,315.59,750.15,315.51,750.06,315.52,749.98,315.55,749.87,315.55,750.13,315.40,750.10,315.30,750.08,315.24,750.05,315.16,750.20,315.39,750.16,315.30,750.13,315.23,750.09,315.17,750.28,315.40,750.25,315.33,750.24,315.26,750.20,315.19,750.34,315.41,750.33,315.40,750.32,315.37,750.30,315.33
ND_TF7LgMQiPuo_frame008373_l.jpg,0,1000.70,359.94,1000.74,359.82,1000.84,359.77,1000.93,359.75,1001.02,359.75,1000.67,359.75,1000.67,359.71,1000.73,359.70,1000.82,359.69,1000.65,359.82,1000.73,359.79,1000.81,359.78,1000.90,359.77,1000.67,359.91,1000.74,359.88,1000.83,359.86,1000.91,359.84,1000.69,359.99,1000.74,359.97,1000.81,359.97,1000.87,359.94
ND_TF7LgMQiPuo_frame016745_l.jpg,0,774.29,254.22,774.38,254.09,774.40,253.97,774.40,253.85,774.42,253.71,774.33,253.85,774.33,253.74,774.33,253.65,774.31,253.56,774.29,253.87,774.29,253.75,774.28,253.67,774.26,253.57,774.28,253.95,774.27,253.84,774.26,253.75,774.24,253.64,774.28,254.03,774.26,253.96,774.23,253.89,774.20,253.82
ND_TF7LgMQiPuo_frame017343_r.jpg,0,477.97,746.38,477.87,746.46,477.79,746.56,477.74,746.63,477.67,746.73,477.98,746.60,477.97,746.67,477.96,746.71,477.97,746.78,478.07,746.55,478.12,746.58,478.16,746.61,478.21,746.66,478.12,746.44,478.17,746.49,478.22,746.52,478.28,746.56,478.14,746.35,478.21,746.38,478.28,746.39,478.34,746.41
ND_THtF87rQn9k_frame000901_l.jpg,0,-59.63,-83.63,-60.22,-83.78,-60.65,-84.00,-60.86,-84.34,-61.09,-84.82,-60.65,-84.67,-60.80,-85.18,-60.89,-85.52,-60.99,-85.92,-60.36,-84.95,-60.54,-85.43,-60.67,-85.79,-60.83,-86.17,-59.94,-84.97,-60.19,-85.37,-60.37,-85.73,-60.55,-86.10,-59.61,-84.95,-59.65,-85.29,-59.67,-85.59,-59.74,-85.91
ND_THtF87rQn9k_frame004201_l.jpg,0,-252.77,-221.73,-253.30,-222.06,-253.67,-222.42,-253.99,-222.74,-254.39,-223.10,-253.33,-223.15,-253.79,-223.39,-254.12,-223.44,-254.43,-223.53,-253.09,-223.28,-253.58,-223.37,-253.93,-223.38,-254.31,-223.43,-252.88,-223.07,-253.32,-223.26,-253.67,-223.09,-253.90,-222.73,-252.78,-222.84,-253.08,-223.03,-253.38,-222.94,-253.57,-222.69
ND_TQUuMlnNTCY_frame004187_r.jpg,0,477.89,274.44,477.84,274.13,477.75,273.83,477.60,273.60,477.42,273.28,477.21,273.97,476.96,273.74,476.98,273.53,477.15,273.37,477.03,274.05,476.87,273.77,476.94,273.56,477.13,273.37,477.04,274.15,476.94,273.87,477.01,273.63,477.18,273.43,477.09,274.19,476.99,274.01,477.01,273.81,477.14,273.63
ND_TRqP64NyIGw_frame008074_l.jpg,0,1377.66,1327.24,1377.41,1327.41,1377.19,1327.60,1377.02,1327.80,1376.84,1328.07,1377.03,1327.85,1376.93,1328.15,1376.93,1328.36,1376.92,1328.60,1377.15,1327.97,1377.15,1328.25,1377.25,1328.29,1377.36,1328.23,1377.39,1327.96,1377.37,1328.21,1377.46,1328.25,1377.53,1328.16,1377.60,1327.96,1377.58,1328.14,1377.61,1328.15,1377.63,1328.04
ND_TSPO-4Llk7g_frame006001_r.jpg,0,797.95,945.14,797.46,945.04,796.97,944.79,796.50,944.70,795.90,944.55,796.65,944.20,796.09,944.16,795.72,944.26,795.31,944.42,796.58,944.13,796.02,944.17,795.65,944.34,795.24,944.55,796.72,944.35,796.21,944.34,795.79,944.49,795.42,944.68,796.83,944.61,796.47,944.56,796.14,944.57,795.79,944.62
ND_TSPO-4Llk7g_frame018751_r.jpg,0,-1289.97,-1010.29,-1291.15,-1011.67,-1292.32,-1012.96,-1292.98,-1014.09,-1293.47,-1015.44,-1294.14,-1013.33,-1294.60,-1014.97,-1293.49,-1015.48,-1292.25,-1015.02,-1294.01,-1013.51,-1294.58,-1015.21,-1293.36,-1015.38,-1292.41,-1014.52,-1292.86,-1013.33,-1293.79,-1014.68,-1292.80,-1015.25,-1291.68,-1014.62,-1291.75,-1013.27,-1292.37,-1014.28,-1292.01,-1014.94,-1291.34,-1014.70
ND_TSjzoozUXWU_frame000001_l.jpg,0,-896.70,-417.45,-896.90,-418.72,-897.31,-419.62,-898.02,-420.05,-899.04,-420.40,-898.05,-419.60,-898.88,-420.25,-899.51,-420.56,-900.24,-420.89,-898.61,-419.06,-899.58,-419.46,-900.27,-419.71,-901.03,-420.04,-898.89,-418.26,-899.75,-418.67,-900.48,-418.91,-901.17,-419.21,-899.09,-417.67,-899.76,-417.84,-900.30,-417.96,-900.91,-418.20
ND_TW3uVV4V_kw_frame003601_l.jpg,0,722.02,315.99,722.03,315.28,722.22,314.86,722.53,314.59,722.88,314.42,721.73,314.67,722.12,314.31,722.51,314.17,722.91,314.15,721.83,314.91,722.37,314.66,722.79,314.54,723.25,314.48,722.08,315.34,722.48,314.98,722.91,314.85,723.22,314.86,722.34,315.65,722.58,315.34,722.87,315.20,723.03,315.18
ND_TW3uVV4V_kw_frame006001_r.jpg,0,-595.60,-1020.61,-594.45,-1020.06,-593.54,-1020.50,-592.77,-1020.94,-591.84,-1021.78,-593.51,-1021.00,-592.49,-1021.34,-591.74,-1021.60,-590.89,-1021.89,-593.69,-1021.88,-592.71,-1022.24,-591.98,-1022.56,-591.15,-1022.77,-594.08,-1022.50,-593.42,-1023.01,-592.74,-1023.50,-591.94,-1023.70,-594.31,-1022.91,-593.56,-1022.89,-592.89,-1022.87,-591.96,-1022.86
ND_TXtd1Bbi-zY_frame002401_l.jpg,0,-263.74,-910.53,-262.98,-910.18,-262.37,-909.91,-261.87,-909.63,-261.14,-909.30,-262.96,-909.19,-262.55,-908.56,-262.28,-908.43,-261.95,-908.33,-263.46,-908.90,-263.04,-908.39,-262.67,-908.37,-262.25,-908.51,-263.95,-908.87,-263.77,-908.26,-263.41,-908.14,-263.06,-908.35,-264.27,-908.86,-264.37,-908.46,-264.09,-908.32,-263.78,-908.43
ND_TXtd1Bbi-zY_frame005101_r.jpg,0,412.73,140.47,412.81,140.43,412.87,140.40,412.90,140.35,412.87,140.33,412.83,140.28,412.89,140.29,412.89,140.34,412.88,140.40,412.78,140.26,412.83,140.28,412.84,140.34,412.84,140.40,412.73,140.29,412.78,140.27,412.80,140.32,412.82,140.38,412.69,140.32,412.69,140.32,412.69,140.33,412.71,140.35
ND_TavSB9Bme4Q_frame000001_r.jpg,0,-266.38,401.55,-265.91,401.36,-265.57,401.11,-265.45,400.79,-265.75,400.44,-265.45,400.87,-265.46,400.42,-265.65,400.28,-265.86,400.24,-265.66,400.71,-265.65,400.27,-265.73,399.98,-265.77,399.66,-266.02,400.66,-265.87,400.30,-265.87,400.00,-265.83,399.76,-266.31,400.62,-266.18,400.42,-266.20,400.48,-266.25,400.72
ND_TavSB9Bme4Q_frame000901_r.jpg,0,-71.00,236.19,-71.06,236.47,-70.96,236.73,-70.75,236.72,-70.72,236.34,-71.19,236.22,-71.09,236.15,-70.87,236.27,-70.77,236.43,-71.07,235.96,-70.82,236.21,-70.72,236.40,-70.86,236.43,-70.88,235.79,-70.80,235.97,-70.65,236.19,-70.73,236.23,-70.70,235.70,-70.56,235.78,-70.45,235.88,-70.43,236.05
ND_TgJslRHeRDI_frame004201_l.jpg,0,-687.62,-576.46,-688.36,-576.92,-688.87,-577.60,-689.41,-578.18,-690.13,-579.01,-688.20,-578.87,-688.90,-579.62,-689.53,-579.89,-690.28,-580.08,-687.91,-579.29,-688.80,-579.65,-689.50,-579.59,-690.21,-579.24,-687.75,-579.12,-688.36,-579.78,-689.09,-579.64,-689.49,-578.99,-687.76,-578.90,-688.18,-579.38,-688.76,-579.34,-689.10,-578.89
ND_TgoHIF2boPE_frame008074_l.jpg,0,676.88,-3.87,676.81,-3.93,676.81,-4.00,676.89,-4.04,676.99,-4.04,676.90,-4.12,676.99,-4.19,677.05,-4.18,677.12,-4.18,676.99,-4.13,677.08,-4.12,677.12,-4.08,677.15,-4.05,677.07,-4.07,677.15,-4.06,677.19,-4.01,677.22,-3.96,677.11,-4.00,677.18,-3.97,677.23,-3.93,677.24,-3.88
ND_TjKB6z4TU_Y_frame006280_l.jpg,0,362.89,277.52,363.00,277.50,363.09,277.49,363.16,277.46,363.26,277.42,363.13,277.54,363.19,277.62,363.24,277.67,363.29,277.72,363.11,277.60,363.18,277.67,363.22,277.72,363.28,277.76,363.05,277.65,363.13,277.69,363.17,277.75,363.23,277.79,363.01,277.69,363.06,277.72,363.10,277.76,363.15,277.79
ND_TjKB6z4TU_Y_frame007177_r.jpg,0,30.37,17.60,30.34,17.59,30.24,17.56,30.14,17.51,29.99,17.42,30.07,17.75,29.98,17.60,29.98,17.49,30.00,17.35,29.97,17.75,29.94,17.59,29.96,17.47,30.01,17.35,29.94,17.69,29.93,17.57,29.96,17.44,30.04,17.34,29.94,17.62,29.94,17.54,29.98,17.45,30.04,17.36
ND_U1MuY-IcElE_frame001201_l.jpg,0,-13.89,-73.20,-13.50,-73.48,-13.40,-73.84,-13.39,-74.10,-13.46,-74.39,-12.91,-73.62,-12.61,-73.84,-12.47,-74.04,-12.32,-74.29,-13.05,-73.61,-12.92,-73.92,-13.09,-74.12,-13.26,-74.13,-13.37,-73.59,-13.32,-73.91,-13.47,-74.19,-13.53,-74.39,-13.64,-73.61,-13.70,-73.87,-13.76,-74.10,-13.78,-74.41
ND_U2ZVUROwy04_frame053701_l.jpg,0,-379.76,-401.02,-379.21,-401.28,-378.70,-401.45,-378.23,-401.29,-378.04,-400.91,-378.04,-400.81,-377.70,-400.31,-377.78,-400.21,-377.99,-400.27,-378.05,-400.35,-377.82,-399.94,-377.97,-399.97,-378.12,-400.10,-378.43,-400.00,-378.04,-399.80,-378.12,-399.81,-378.26,-399.92,-378.78,-399.77,-378.44,-399.75,-378.44,-399.79,-378.56,-399.89
ND_UAPUd_TJVhk_frame001201_l.jpg,0,-307.58,112.03,-307.91,111.72,-308.26,111.60,-308.58,111.53,-308.99,111.38,-307.97,111.02,-308.10,110.72,-308.32,110.67,-308.58,110.72,-307.88,111.03,-308.16,110.91,-308.42,110.93,-308.72,110.99,-307.81,111.27,-308.10,111.15,-308.38,111.17,-308.68,111.23,-307.79,111.50,-308.02,111.39,-308.24,111.37,-308.50,111.35
ND_UIO1fOmcpP0_frame003001_r.jpg,0,110.48,81.95,110.37,81.80,110.32,81.68,110.23,81.55,110.20,81.26,109.82,81.64,109.54,81.54,109.63,81.36,109.84,81.29,109.73,81.59,109.48,81.45,109.61,81.28,109.82,81.21,109.82,81.57,109.58,81.47,109.68,81.28,109.87,81.17,109.93,81.53,109.76,81.45,109.84,81.30,109.96,81.28
ND_UKbic4TVoWI_frame000001_l.jpg,0,-466.13,-329.76,-466.01,-330.35,-466.08,-330.89,-466.32,-331.29,-466.75,-331.73,-466.35,-331.30,-466.73,-331.74,-467.02,-331.98,-467.37,-332.23,-466.71,-331.23,-467.10,-331.62,-467.41,-331.86,-467.73,-332.13,-467.00,-330.87,-467.29,-331.28,-467.60,-331.57,-467.89,-331.89,-467.22,-330.56,-467.39,-330.88,-467.56,-331.14,-467.77,-331.47
ND_UKbic4TVoWI_frame001201_l.jpg,0,-502.65,-358.42,-502.51,-359.05,-502.61,-359.61,-502.82,-360.07,-503.21,-360.60,-502.85,-360.07,-503.25,-360.52,-503.56,-360.77,-503.93,-360.99,-503.23,-360.00,-503.64,-360.41,-503.95,-360.64,-504.27,-360.89,-503.54,-359.63,-503.76,-360.10,-504.03,-360.45,-504.28,-360.78,-503.78,-359.31,-503.93,-359.67,-504.08,-359.97,-504.28,-360.36
ND_UNXCyHO9crk_frame000001_l.jpg,0,241.00,174.92,241.08,174.86,241.14,174.81,241.20,174.85,241.26,174.96,241.08,174.93,241.18,174.99,241.24,174.99,241.25,174.97,241.05,175.02,241.16,175.05,241.21,175.04,241.21,175.00,241.04,175.09,241.15,175.10,241.19,175.07,241.18,175.04,241.05,175.14,241.13,175.13,241.15,175.10,241.14,175.07
ND_UOc0tHugCSM_frame029401_l.jpg,0,677.63,455.53,677.90,455.28,678.15,455.09,678.41,455.04,678.74,455.07,678.31,454.93,678.65,454.97,678.85,455.05,678.98,455.16,678.36,455.05,678.68,455.10,678.88,455.20,678.92,455.30,678.30,455.31,678.59,455.24,678.82,455.30,678.92,455.40,678.26,455.53,678.47,455.49,678.67,455.51,678.81,455.54
ND_UOc0tHugCSM_frame042901_l.jpg,0,428.36,-155.11,428.51,-155.61,428.45,-155.95,428.31,-156.20,428.18,-156.65,428.04,-155.67,428.06,-155.68,428.37,-155.63,428.74,-155.56,427.94,-155.27,428.24,-155.15,428.59,-155.06,428.98,-154.97,428.04,-154.84,428.32,-154.80,428.70,-154.74,429.12,-154.72,428.20,-154.53,428.35,-154.40,428.64,-154.33,428.97,-154.32
ND_UOc0tHugCSM_frame045601_r.jpg,0,1059.17,257.58,1059.12,257.62,1059.07,257.63,1059.03,257.62,1059.00,257.59,1059.04,257.57,1058.98,257.57,1058.99,257.58,1059.02,257.58,1059.03,257.54,1058.99,257.53,1059.00,257.55,1059.03,257.56,1059.05,257.51,1059.01,257.51,1059.01,257.52,1059.05,257.54,1059.07,257.49,1059.04,257.49,1059.04,257.50,1059.06,257.52
ND_UOc0tHugCSM_frame045901_l.jpg,0,295.41,504.73,295.45,504.77,295.47,504.82,295.47,504.87,295.47,504.93,295.41,504.87,295.41,504.93,295.44,504.96,295.46,504.97,295.37,504.89,295.39,504.94,295.42,504.96,295.45,504.96,295.36,504.88,295.37,504.93,295.41,504.95,295.43,504.94,295.35,504.87,295.37,504.91,295.39,504.93,295.41,504.92
ND_UTvP4qpW2Lw_frame000601_l.jpg,0,-393.76,-442.83,-393.12,-442.47,-392.68,-442.29,-392.58,-442.00,-392.85,-441.59,-392.95,-442.23,-392.78,-441.63,-392.66,-441.19,-392.55,-440.67,-393.41,-442.18,-393.30,-441.58,-393.22,-441.11,-393.14,-440.58,-393.92,-442.14,-393.86,-441.68,-393.83,-441.18,-393.74,-440.67,-394.29,-442.05,-394.43,-441.78,-394.52,-441.44,-394.51,-441.05
ND_UdTACw69Uzo_frame000601_r.jpg,0,196.14,290.88,196.21,290.62,196.33,290.49,196.45,290.39,196.61,290.25,196.33,290.47,196.51,290.40,196.64,290.39,196.76,290.41,196.40,290.61,196.60,290.55,196.74,290.53,196.87,290.51,196.45,290.78,196.61,290.68,196.75,290.63,196.85,290.59,196.50,290.91,196.63,290.84,196.75,290.78,196.86,290.72
ND_UdyLAIdZuI4_frame000301_r.jpg,0,-327.94,-349.07,-327.59,-348.67,-327.60,-348.18,-327.78,-347.71,-328.05,-347.09,-328.33,-347.90,-328.28,-347.23,-327.91,-347.10,-327.64,-347.39,-328.75,-347.73,-328.43,-347.19,-328.01,-347.11,-327.65,-347.38,-328.91,-347.74,-328.59,-347.25,-328.15,-347.17,-327.83,-347.43,-328.94,-347.75,-328.88,-347.33,-328.71,-346.98,-328.43,-346.62
ND_Uh5yhms9Zi4_frame001197_l.jpg,0,560.45,386.74,560.50,386.68,560.57,386.66,560.63,386.67,560.68,386.68,560.64,386.67,560.70,386.68,560.69,386.68,560.67,386.68,560.66,386.72,560.71,386.73,560.69,386.73,560.67,386.72,560.64,386.78,560.70,386.78,560.68,386.78,560.66,386.78,560.62,386.82,560.66,386.83,560.66,386.82,560.65,386.82
ND_Uh5yhms9Zi4_frame001496_r.jpg,0,667.00,467.38,666.94,467.46,666.91,467.54,666.86,467.49,666.86,467.36,666.69,467.42,666.73,467.43,666.82,467.43,666.92,467.40,666.66,467.32,666.73,467.32,666.82,467.33,666.92,467.30,666.71,467.23,666.75,467.24,666.84,467.24,666.95,467.23,666.77,467.16,666.80,467.17,666.86,467.18,666.93,467.20
ND_Uh5yhms9Zi4_frame001795_r.jpg,0,422.15,472.56,422.12,472.65,422.03,472.73,421.96,472.82,421.89,472.94,421.87,472.71,421.81,472.83,421.80,472.91,421.86,472.98,421.80,472.70,421.77,472.83,421.78,472.92,421.84,473.00,421.82,472.70,421.78,472.81,421.79,472.90,421.86,472.97,421.85,472.71,421.82,472.79,421.82,472.86,421.87,472.92
ND_Uh5yhms9Zi4_frame002991_l.jpg,0,584.72,63.43,584.78,63.09,584.88,62.76,585.11,62.58,585.48,62.54,585.11,62.50,585.44,62.34,585.67,62.32,585.87,62.30,585.29,62.57,585.60,62.62,585.53,62.72,585.38,62.77,585.39,62.83,585.64,62.78,585.55,62.90,585.42,62.97,585.48,63.05,585.64,62.94,585.59,63.01,585.48,63.09
ND_UhAv7-4o3U0_frame000001_l.jpg,0,-164.18,184.61,-164.31,184.43,-164.45,184.30,-164.60,184.25,-164.78,184.38,-164.50,184.52,-164.69,184.45,-164.65,184.42,-164.54,184.39,-164.55,184.68,-164.69,184.58,-164.66,184.51,-164.56,184.45,-164.55,184.81,-164.72,184.73,-164.75,184.68,-164.66,184.61,-164.56,184.89,-164.69,184.91,-164.80,184.86,-164.86,184.75
ND_Uhp_C25btmM_frame000901_r.jpg,0,-35.83,258.69,-35.74,258.81,-35.65,258.83,-35.57,258.80,-35.45,258.63,-35.64,258.58,-35.64,258.43,-35.50,258.44,-35.42,258.57,-35.59,258.42,-35.40,258.49,-35.36,258.58,-35.42,258.69,-35.56,258.34,-35.43,258.35,-35.31,258.46,-35.35,258.60,-35.51,258.31,-35.44,258.23,-35.35,258.28,-35.37,258.39
ND_UpsFk183_Pc_frame001197_r.jpg,0,-714.24,-816.55,-714.17,-815.13,-714.70,-814.28,-715.38,-813.61,-716.27,-812.77,-715.09,-814.11,-715.89,-813.36,-716.47,-812.75,-717.14,-812.10,-715.80,-814.62,-716.68,-813.82,-717.30,-813.20,-717.95,-812.47,-716.32,-815.41,-716.95,-814.53,-717.52,-813.81,-718.13,-813.07,-716.70,-815.96,-717.21,-815.47,-717.69,-814.94,-718.02,-814.32
ND_UqHO2pvsvHo_frame000001_l.jpg,0,243.57,686.41,243.80,686.46,243.95,686.58,244.03,686.72,244.16,686.86,243.96,686.73,244.02,686.93,244.06,687.02,244.06,687.02,243.85,686.84,243.91,687.03,243.96,687.16,244.03,687.28,243.70,686.87,243.76,687.04,243.82,687.18,243.89,687.29,243.58,686.89,243.63,687.01,243.68,687.10,243.72,687.11
ND_UqHO2pvsvHo_frame001496_r.jpg,0,-148.77,117.16,-148.71,117.48,-148.93,117.62,-149.15,117.74,-149.44,117.88,-148.94,117.62,-149.18,117.81,-149.34,117.93,-149.48,118.02,-149.14,117.50,-149.33,117.72,-149.46,117.86,-149.44,117.88,-149.29,117.35,-149.38,117.61,-149.45,117.79,-149.36,117.77,-149.39,117.27,-149.43,117.46,-149.44,117.63,-149.37,117.70
ND_UzZXo5w3GxE_frame000481_r.jpg,0,1029.33,669.10,1029.28,669.01,1029.15,668.84,1029.03,668.68,1028.97,668.30,1029.80,668.66,1030.00,668.48,1030.03,668.33,1030.01,668.15,1029.95,668.50,1030.13,668.29,1030.05,668.14,1029.89,668.02,1029.91,668.42,1029.73,668.30,1029.47,668.40,1029.23,668.54,1029.83,668.35,1029.73,668.28,1029.55,668.40,1029.44,668.58
ND_UzZXo5w3GxE_frame016321_r.jpg,0,678.99,-1130.55,679.24,-1130.19,680.17,-1130.16,680.95,-1129.96,681.95,-1129.37,679.92,-1131.90,680.85,-1131.44,681.44,-1130.84,682.07,-1130.15,680.39,-1132.61,681.31,-1131.88,681.95,-1131.28,682.52,-1130.50,680.76,-1132.75,681.46,-1132.10,682.06,-1131.38,681.85,-1130.48,681.10,-1132.66,681.54,-1132.31,681.94,-1131.80,681.85,-1131.08
ND_V1PXEaRz11c_frame001801_l.jpg,0,-327.16,-238.21,-327.58,-238.70,-327.88,-239.19,-328.10,-239.64,-328.41,-240.23,-327.39,-239.87,-327.50,-240.43,-327.87,-240.40,-328.19,-240.10,-327.20,-239.92,-327.71,-240.06,-328.06,-239.83,-328.37,-239.48,-327.13,-239.61,-327.63,-239.75,-328.03,-239.55,-328.43,-239.31,-327.15,-239.32,-327.49,-239.48,-327.83,-239.43,-328.18,-239.33
ND_V1PXEaRz11c_frame004801_l.jpg,0,-341.12,-299.51,-341.71,-299.94,-342.22,-300.39,-342.68,-300.73,-343.41,-301.07,-341.76,-301.42,-342.42,-301.73,-342.90,-301.69,-343.43,-301.60,-341.58,-301.60,-342.25,-301.78,-342.74,-301.60,-343.25,-301.31,-341.45,-301.31,-342.06,-301.52,-342.50,-301.17,-342.73,-300.68,-341.43,-301.00,-341.88,-301.16,-342.12,-300.84,-342.05,-300.45
ND_V1zSNYio9Qs_frame000300_l.jpg,0,645.23,392.91,645.32,392.93,645.37,392.99,645.40,393.05,645.46,393.09,645.35,393.02,645.38,393.10,645.40,393.15,645.42,393.21,645.30,393.06,645.33,393.14,645.35,393.19,645.38,393.26,645.25,393.08,645.27,393.15,645.29,393.21,645.31,393.26,645.21,393.09,645.22,393.14,645.23,393.19,645.25,393.24
ND_V1zSNYio9Qs_frame000898_r.jpg,0,672.54,355.54,672.48,355.61,672.40,355.66,672.34,355.71,672.26,355.76,672.43,355.81,672.35,355.87,672.28,355.87,672.20,355.87,672.41,355.82,672.31,355.83,672.23,355.82,672.15,355.82,672.41,355.77,672.32,355.80,672.24,355.80,672.16,355.80,672.39,355.72,672.33,355.74,672.27,355.76,672.21,355.79
ND_V1zSNYio9Qs_frame003589_r.jpg,0,508.88,145.28,508.83,145.29,508.80,145.30,508.79,145.32,508.78,145.36,508.81,145.33,508.79,145.36,508.79,145.37,508.80,145.36,508.83,145.35,508.82,145.38,508.82,145.38,508.83,145.36,508.86,145.36,508.84,145.38,508.84,145.38,508.84,145.36,508.88,145.36,508.87,145.38,508.87,145.38,508.86,145.36
ND_V1zSNYio9Qs_frame005084_l.jpg,0,714.93,290.95,715.01,290.95,715.08,290.94,715.11,290.96,715.09,290.96,715.07,291.06,715.09,291.06,715.09,291.03,715.08,291.01,715.03,291.09,715.04,291.07,715.03,291.04,715.02,291.01,714.97,291.08,714.99,291.08,714.99,291.05,714.98,291.01,714.93,291.06,714.95,291.06,714.95,291.04,714.95,291.02
ND_V1zSNYio9Qs_frame005383_l.jpg,0,826.22,326.48,826.23,326.49,826.25,326.52,826.24,326.56,826.23,326.60,826.16,326.53,826.17,326.59,826.20,326.60,826.22,326.60,826.14,326.56,826.16,326.60,826.19,326.62,826.22,326.61,826.13,326.57,826.16,326.61,826.19,326.62,826.22,326.62,826.14,326.58,826.16,326.61,826.18,326.62,826.21,326.62
ND_V9uk-3AFJ2Q_frame000898_l.jpg,0,577.17,311.99,577.33,311.94,577.45,311.91,577.55,311.93,577.65,311.96,577.51,312.00,577.62,312.10,577.69,312.16,577.76,312.22,577.47,312.09,577.59,312.17,577.67,312.23,577.76,312.30,577.39,312.17,577.51,312.22,577.60,312.28,577.70,312.34,577.33,312.24,577.41,312.26,577.48,312.29,577.56,312.33
ND_V9uk-3AFJ2Q_frame001197_r.jpg,0,600.46,357.79,600.53,357.75,600.56,357.67,600.58,357.65,600.61,357.67,600.48,357.81,600.51,357.89,600.56,357.95,600.62,358.01,600.43,357.89,600.49,357.97,600.54,358.03,600.61,358.09,600.42,357.95,600.46,358.01,600.52,358.08,600.59,358.13,600.42,358.00,600.44,358.05,600.49,358.10,600.54,358.13
ND_VDXKIEXkWPo_frame000901_l.jpg,0,319.05,399.66,319.20,399.71,319.32,399.77,319.41,399.83,319.52,399.90,319.26,399.99,319.28,400.11,319.30,400.08,319.29,400.01,319.17,400.05,319.18,400.06,319.20,400.02,319.19,399.97,319.06,400.03,319.09,400.04,319.10,399.99,319.09,399.94,318.98,399.99,319.01,400.01,319.02,399.98,319.03,399.94
ND_VFBG3fxsWXs_frame000300_l.jpg,0,265.73,235.98,265.85,235.81,265.95,235.74,266.07,235.70,266.19,235.59,266.18,235.86,266.30,235.89,266.27,235.85,266.19,235.80,266.19,235.97,266.23,235.95,266.17,235.90,266.10,235.83,266.10,236.06,266.15,236.01,266.10,235.95,266.02,235.88,266.01,236.12,266.04,236.06,265.99,236.01,265.92,235.94
ND_VJEP7yBbrxI_frame005682_r.jpg,0,175.21,146.12,175.31,146.08,175.39,146.02,175.44,145.95,175.52,145.88,175.36,145.87,175.37,145.77,175.37,145.70,175.38,145.62,175.30,145.83,175.31,145.73,175.33,145.66,175.35,145.58,175.21,145.84,175.25,145.76,175.27,145.68,175.30,145.60,175.15,145.87,175.18,145.80,175.20,145.75,175.23,145.68
ND_VJKbCXhePho_frame003001_l.jpg,0,1335.95,-51.01,1336.25,-51.25,1336.41,-51.24,1336.37,-51.06,1336.19,-50.76,1335.70,-51.53,1335.76,-51.19,1335.95,-50.87,1336.18,-50.52,1335.34,-51.30,1335.57,-50.88,1335.87,-50.64,1336.19,-50.49,1335.19,-50.94,1335.40,-50.60,1335.75,-50.43,1335.99,-50.47,1335.15,-50.62,1335.34,-50.40,1335.63,-50.30,1335.79,-50.38
ND_VJKbCXhePho_frame003601_r.jpg,0,105.46,-373.84,105.65,-373.45,105.58,-373.39,105.33,-373.31,104.98,-373.14,105.80,-373.69,105.42,-373.47,105.16,-373.25,104.88,-373.01,105.57,-373.96,105.31,-373.65,105.11,-373.36,104.90,-373.03,105.25,-374.13,105.20,-373.97,105.03,-373.68,104.88,-373.33,104.98,-374.20,104.91,-374.11,104.81,-373.96,104.72,-373.72
ND_VbRfDWT4DFk_frame000001_l.jpg,0,-744.62,-679.08,-745.36,-679.76,-746.13,-680.04,-746.81,-680.20,-747.60,-680.06,-746.16,-680.46,-746.89,-680.47,-747.44,-680.29,-747.95,-680.01,-746.15,-680.05,-746.94,-679.93,-747.42,-679.71,-747.74,-679.52,-745.97,-679.38,-746.73,-679.42,-747.28,-679.27,-747.69,-679.15,-745.88,-678.82,-746.43,-678.82,-746.86,-678.74,-747.30,-678.64
ND_Vh5-hgdh4zs_frame000601_l.jpg,0,-30.17,-97.86,-30.07,-97.65,-30.08,-97.38,-30.12,-97.15,-30.21,-96.81,-30.50,-97.58,-30.75,-97.40,-30.81,-97.18,-30.86,-96.94,-30.75,-97.61,-30.89,-97.31,-30.92,-97.08,-30.95,-96.82,-30.86,-97.61,-30.94,-97.34,-30.97,-97.09,-30.96,-96.83,-30.91,-97.59,-30.93,-97.38,-30.93,-97.19,-30.92,-96.97
ND_VjIlu7f2RwQ_frame000901_r.jpg,0,-55.03,171.60,-55.11,171.62,-55.18,171.60,-55.25,171.58,-55.34,171.55,-55.14,171.51,-55.19,171.47,-55.23,171.43,-55.29,171.40,-55.13,171.45,-55.16,171.37,-55.21,171.35,-55.27,171.35,-55.11,171.42,-55.16,171.36,-55.21,171.35,-55.27,171.37,-55.10,171.40,-55.15,171.38,-55.20,171.37,-55.24,171.38
ND_Vk2_48n9BlA_frame004801_r.jpg,0,85.79,139.20,85.77,139.20,85.73,139.20,85.69,139.21,85.64,139.22,85.69,139.13,85.65,139.14,85.62,139.16,85.59,139.19,85.67,139.13,85.62,139.14,85.59,139.16,85.57,139.19,85.66,139.14,85.62,139.16,85.60,139.18,85.57,139.21,85.66,139.16,85.63,139.18,85.61,139.20,85.60,139.21
ND_Vk2_48n9BlA_frame008401_l.jpg,0,139.01,137.65,139.07,137.64,139.10,137.61,139.13,137.58,139.17,137.59,139.10,137.55,139.14,137.53,139.16,137.55,139.17,137.58,139.08,137.52,139.12,137.51,139.15,137.52,139.17,137.55,139.05,137.53,139.08,137.50,139.12,137.50,139.15,137.52,139.03,137.53,139.02,137.51,139.02,137.48,139.04,137.46
ND_Vk2_48n9BlA_frame008701_r.jpg,0,85.40,156.38,85.41,156.37,85.42,156.35,85.39,156.35,85.36,156.36,85.37,156.30,85.34,156.32,85.33,156.35,85.31,156.38,85.33,156.29,85.30,156.32,85.30,156.36,85.31,156.40,85.31,156.32,85.28,156.34,85.28,156.38,85.30,156.41,85.29,156.34,85.27,156.35,85.27,156.38,85.29,156.40
ND_Vk2_48n9BlA_frame013801_r.jpg,0,93.51,161.18,93.51,161.19,93.51,161.17,93.51,161.15,93.52,161.13,93.48,161.12,93.44,161.13,93.41,161.15,93.38,161.17,93.45,161.10,93.41,161.11,93.38,161.13,93.36,161.16,93.43,161.10,93.40,161.11,93.37,161.14,93.35,161.17,93.42,161.10,93.40,161.12,93.38,161.14,93.36,161.16
ND_Vk2_48n9BlA_frame018901_r.jpg,0,68.59,164.76,68.62,164.80,68.64,164.84,68.63,164.87,68.62,164.90,68.63,164.81,68.64,164.84,68.63,164.86,68.62,164.90,68.60,164.80,68.58,164.84,68.56,164.87,68.55,164.91,68.56,164.79,68.54,164.83,68.52,164.86,68.51,164.89,68.53,164.79,68.51,164.81,68.49,164.84,68.48,164.86
ND_Vk2_48n9BlA_frame020101_r.jpg,0,64.06,127.03,64.09,127.05,64.09,127.05,64.07,127.05,64.06,127.04,64.06,127.02,64.05,127.06,64.06,127.06,64.06,127.04,64.03,127.01,64.03,127.05,64.03,127.06,64.03,127.04,64.01,127.01,64.01,127.05,64.01,127.06,64.02,127.04,63.99,127.02,63.98,127.03,63.99,127.06,64.00,127.06
ND_VqhlBPWlZtg_frame014054_l.jpg,0,714.61,155.60,714.58,155.47,714.55,155.37,714.53,155.28,714.49,155.18,714.40,155.36,714.31,155.31,714.26,155.26,714.20,155.21,714.39,155.40,714.33,155.34,714.29,155.29,714.23,155.25,714.45,155.46,714.40,155.39,714.38,155.34,714.34,155.28,714.51,155.50,714.51,155.46,714.52,155.42,714.50,155.38
ND_VqhlBPWlZtg_frame017044_l.jpg,0,501.29,-389.69,501.29,-389.65,501.19,-389.59,501.02,-389.44,500.82,-389.25,500.73,-389.61,500.53,-389.38,500.45,-389.18,500.36,-388.94,500.55,-389.51,500.31,-389.33,500.17,-389.14,500.02,-388.95,500.54,-389.40,500.33,-389.26,500.18,-389.08,500.03,-388.92,500.59,-389.28,500.44,-389.16,500.33,-389.02,500.24,-388.89
ND_VqhlBPWlZtg_frame024818_l.jpg,0,821.84,408.63,821.81,408.62,821.77,408.69,821.70,408.74,821.66,408.82,821.61,408.74,821.53,408.84,821.54,408.92,821.55,409.00,821.59,408.82,821.62,408.91,821.68,408.96,821.74,409.01,821.64,408.87,821.68,408.92,821.76,408.95,821.84,408.96,821.70,408.90,821.74,408.91,821.80,408.92,821.87,408.92
ND_VqhlBPWlZtg_frame032293_r.jpg,0,459.00,391.54,458.92,391.58,458.85,391.63,458.85,391.70,458.88,391.78,458.92,391.73,458.92,391.81,458.90,391.82,458.87,391.81,458.97,391.76,458.95,391.83,458.92,391.84,458.88,391.82,459.02,391.75,458.98,391.82,458.94,391.84,458.90,391.82,459.04,391.74,459.01,391.79,458.98,391.82,458.93,391.81
ND_VrigNOIMLqc_frame000901_r.jpg,0,86.73,59.76,86.69,59.89,86.80,60.02,86.95,60.13,87.35,60.25,87.20,59.60,87.50,59.70,87.50,59.97,87.38,60.21,87.47,59.54,87.48,59.92,87.40,60.16,87.26,60.39,87.61,59.60,87.56,59.94,87.43,60.19,87.19,60.35,87.68,59.71,87.76,59.83,87.68,60.04,87.50,60.18
ND_WLF5HAlupsw_frame008672_r.jpg,0,113.56,385.66,113.46,385.65,113.31,385.63,113.18,385.60,113.02,385.56,113.27,385.89,113.13,385.96,113.02,385.98,112.90,385.99,113.23,385.95,113.09,385.99,112.97,385.99,112.85,386.00,113.24,385.93,113.12,385.97,113.00,385.99,112.90,386.00,113.25,385.89,113.15,385.90,113.07,385.93,112.97,385.95
ND_WLF5HAlupsw_frame017343_r.jpg,0,-102.38,-704.31,-101.62,-704.40,-101.26,-704.03,-100.99,-703.62,-100.51,-703.07,-100.86,-704.65,-100.46,-704.20,-100.23,-703.81,-99.95,-703.38,-101.06,-704.45,-100.55,-704.05,-100.26,-703.68,-99.94,-703.34,-101.47,-704.11,-100.93,-703.92,-100.61,-703.55,-100.24,-703.28,-101.77,-703.79,-101.37,-703.68,-101.03,-703.52,-100.52,-703.38
ND_WLIvgVhjWfM_frame000001_r.jpg,0,28.17,165.96,28.23,166.07,28.17,166.16,28.11,166.23,28.01,166.32,28.10,166.12,28.05,166.20,28.03,166.28,28.03,166.34,28.00,166.11,27.95,166.21,27.96,166.29,28.01,166.32,27.94,166.08,27.92,166.18,27.95,166.26,28.01,166.26,27.90,166.07,27.90,166.16,27.93,166.22,27.99,166.27
ND_WOifwQdvapQ_frame000601_l.jpg,0,553.02,381.15,553.04,380.95,553.07,380.85,553.11,380.79,553.17,380.73,552.94,380.83,552.98,380.79,553.09,380.75,553.23,380.73,552.95,380.93,553.10,380.88,553.23,380.85,553.37,380.81,553.01,381.06,553.08,380.98,553.19,380.95,553.23,380.93,553.08,381.15,553.13,381.07,553.21,381.01,553.26,381.00
ND_WOifwQdvapQ_frame004501_l.jpg,0,-253.37,-540.34,-253.77,-540.41,-254.20,-540.30,-254.59,-540.22,-255.07,-539.99,-254.63,-540.81,-255.10,-540.88,-255.37,-540.69,-255.63,-540.42,-254.71,-540.73,-255.04,-540.38,-255.05,-540.06,-255.01,-539.73,-254.55,-540.49,-254.83,-540.19,-254.76,-539.89,-254.58,-539.71,-254.40,-540.25,-254.59,-540.05,-254.53,-539.86,-254.36,-539.75
ND_WOifwQdvapQ_frame005701_r.jpg,0,-245.46,-225.62,-245.71,-225.82,-246.01,-226.08,-246.36,-226.23,-246.71,-226.45,-246.61,-225.71,-247.06,-225.78,-247.30,-225.98,-247.43,-226.30,-246.77,-225.68,-247.21,-225.73,-247.48,-225.91,-247.71,-226.18,-246.66,-225.73,-247.05,-225.79,-247.34,-225.98,-247.52,-226.26,-246.52,-225.82,-246.76,-225.92,-246.98,-226.06,-247.14,-226.27
ND_WSrotXayuso_frame000784_l.jpg,0,-204.11,276.81,-204.46,276.48,-204.58,276.19,-204.49,275.90,-204.36,275.60,-204.45,276.19,-204.47,275.78,-204.45,275.53,-204.42,275.46,-204.14,276.19,-204.08,275.78,-204.08,275.59,-204.13,275.68,-203.82,276.25,-203.74,275.87,-203.79,275.78,-203.89,275.96,-203.59,276.26,-203.63,275.98,-203.69,275.91,-203.76,276.01
ND_WXYHZfsLmio_frame009001_l.jpg,0,585.78,205.94,586.11,205.85,586.55,205.91,586.95,206.07,587.44,206.29,586.50,206.67,587.02,206.72,587.30,206.53,587.44,206.23,586.57,206.97,587.05,206.86,587.25,206.58,587.38,206.21,586.57,207.01,587.01,206.91,587.25,206.65,587.33,206.27,586.59,206.96,586.90,206.86,587.12,206.67,587.19,206.38
ND_WXYHZfsLmio_frame016501_l.jpg,0,929.74,-39.96,929.67,-40.21,929.57,-40.42,929.42,-40.54,929.18,-40.54,929.26,-40.21,929.05,-40.35,929.12,-40.41,929.30,-40.41,929.12,-40.10,929.02,-40.27,929.12,-40.35,929.30,-40.37,929.10,-39.99,928.98,-40.18,929.08,-40.28,929.26,-40.30,929.10,-39.94,928.96,-40.02,929.00,-40.14,929.13,-40.22
ND_WhbGWuGwRqc_frame000751_r.jpg,0,-793.55,-1145.36,-793.31,-1145.77,-792.45,-1145.59,-791.56,-1145.21,-790.41,-1144.87,-792.33,-1144.08,-791.15,-1143.67,-790.26,-1143.70,-789.25,-1143.74,-791.76,-1143.41,-790.54,-1143.29,-789.95,-1143.97,-789.77,-1144.93,-791.39,-1143.34,-790.30,-1143.44,-789.58,-1144.08,-789.30,-1145.03,-791.08,-1143.49,-790.36,-1143.84,-789.80,-1144.34,-789.43,-1145.13
ND_Wk0gVd-lGx8_frame000599_r.jpg,0,376.91,437.91,376.95,437.97,376.96,438.02,376.98,438.04,376.99,438.05,377.06,437.97,377.09,437.99,377.08,438.00,377.05,438.01,377.06,437.95,377.09,437.96,377.09,437.98,377.08,438.01,377.04,437.92,377.07,437.94,377.08,437.96,377.07,438.00,377.01,437.90,377.04,437.91,377.06,437.93,377.08,437.95
ND_Wk0gVd-lGx8_frame005383_l.jpg,0,602.19,365.32,602.18,365.32,602.21,365.30,602.26,365.31,602.31,365.31,602.28,365.42,602.33,365.46,602.38,365.44,602.42,365.38,602.34,365.43,602.42,365.43,602.46,365.38,602.48,365.31,602.38,365.40,602.44,365.37,602.47,365.31,602.48,365.25,602.40,365.37,602.42,365.32,602.43,365.27,602.41,365.22
ND_WmOKGKCwxzQ_frame000300_l.jpg,0,252.90,228.83,253.23,228.70,253.49,228.64,253.69,228.66,253.75,228.75,253.41,228.38,253.62,228.39,253.72,228.57,253.73,228.76,253.30,228.44,253.52,228.56,253.61,228.75,253.58,228.88,253.14,228.62,253.37,228.71,253.47,228.89,253.42,228.94,253.05,228.80,253.22,228.85,253.34,228.95,253.34,229.00
ND_WmfWqrD0msM_frame001199_r.jpg,0,-81.20,787.57,-81.30,787.15,-81.64,786.56,-81.88,786.00,-82.21,785.27,-82.63,786.79,-82.84,786.08,-82.69,785.62,-82.39,785.16,-82.98,786.70,-83.16,786.01,-82.98,785.53,-82.58,785.12,-82.91,786.67,-83.19,786.11,-83.13,785.55,-82.78,785.17,-82.74,786.59,-82.66,786.14,-82.51,785.74,-82.24,785.31
ND_WoLWCknMjEg_frame002991_r.jpg,0,701.92,494.98,701.91,494.92,701.91,494.86,701.88,494.83,701.83,494.81,701.84,494.85,701.79,494.82,701.79,494.83,701.81,494.84,701.81,494.88,701.77,494.85,701.78,494.87,701.82,494.88,701.79,494.92,701.76,494.89,701.77,494.90,701.81,494.91,701.78,494.95,701.76,494.93,701.76,494.93,701.78,494.93
ND_WusOD-qjwjs_frame006280_r.jpg,0,630.71,-242.50,630.85,-242.38,631.06,-242.28,631.26,-242.24,631.47,-242.25,631.32,-242.48,631.54,-242.40,631.45,-242.27,631.30,-242.22,631.40,-242.53,631.48,-242.32,631.33,-242.24,631.18,-242.31,631.35,-242.53,631.45,-242.35,631.30,-242.24,631.15,-242.27,631.29,-242.49,631.41,-242.40,631.38,-242.30,631.30,-242.29
ND_WvNp1iscEH8_frame004785_r.jpg,0,-194.00,-430.68,-194.10,-430.70,-194.12,-430.91,-194.32,-431.11,-194.79,-431.23,-194.79,-430.22,-195.20,-430.30,-195.19,-430.60,-194.93,-430.79,-195.05,-430.16,-195.21,-430.54,-195.06,-430.82,-194.73,-430.87,-195.12,-430.30,-195.29,-430.54,-195.17,-430.87,-194.85,-430.94,-195.14,-430.47,-195.30,-430.59,-195.24,-430.82,-195.00,-430.92
ND_Wx9bAWSiaRU_frame000751_l.jpg,0,144.63,188.30,144.60,188.30,144.57,188.30,144.54,188.30,144.50,188.31,144.55,188.26,144.51,188.27,144.49,188.28,144.47,188.30,144.54,188.25,144.50,188.24,144.48,188.26,144.46,188.28,144.54,188.26,144.51,188.25,144.48,188.26,144.46,188.28,144.54,188.27,144.52,188.26,144.50,188.26,144.48,188.27
ND_Wx9bAWSiaRU_frame001001_l.jpg,0,245.82,131.72,245.91,131.66,245.97,131.65,246.03,131.67,246.11,131.68,245.85,131.59,245.86,131.64,245.88,131.70,245.92,131.76,245.78,131.64,245.83,131.72,245.87,131.79,245.93,131.85,245.74,131.71,245.81,131.78,245.87,131.82,245.93,131.85,245.72,131.78,245.78,131.82,245.84,131.84,245.89,131.85
ND_X9I1BYEMFNA_frame003301_r.jpg,0,428.14,518.94,428.18,519.06,428.23,519.13,428.30,519.19,428.38,519.28,428.37,519.09,428.47,519.09,428.46,519.10,428.39,519.13,428.40,519.02,428.37,519.06,428.32,519.08,428.27,519.11,428.35,518.95,428.38,519.00,428.33,519.03,428.26,519.07,428.30,518.90,428.35,518.92,428.35,518.96,428.30,519.00
ND_X9I1BYEMFNA_frame010201_r.jpg,0,392.32,399.39,392.31,399.40,392.25,399.33,392.21,399.25,392.13,399.13,392.00,399.49,391.93,399.36,391.95,399.25,392.00,399.13,391.90,399.45,391.86,399.32,391.88,399.21,391.94,399.10,391.88,399.37,391.82,399.28,391.84,399.17,391.92,399.07,391.89,399.28,391.87,399.20,391.88,399.12,391.94,399.04
ND_X9I1BYEMFNA_frame016201_l.jpg,0,556.87,477.30,556.75,477.26,556.66,477.26,556.58,477.29,556.48,477.31,556.58,477.38,556.49,477.44,556.44,477.46,556.40,477.48,556.60,477.46,556.53,477.51,556.49,477.52,556.45,477.53,556.67,477.50,556.59,477.53,556.55,477.55,556.51,477.55,556.72,477.53,556.67,477.55,556.64,477.55,556.60,477.55
ND_XMGMgK6Oa2s_frame005501_r.jpg,0,-249.28,-153.68,-249.56,-153.83,-249.80,-154.08,-249.96,-154.38,-250.01,-154.80,-250.28,-154.21,-250.43,-154.60,-250.38,-154.86,-250.19,-155.04,-250.27,-154.37,-250.33,-154.76,-250.28,-155.03,-250.20,-155.21,-250.02,-154.44,-250.18,-154.76,-250.17,-155.05,-250.13,-155.22,-249.78,-154.50,-249.85,-154.76,-249.84,-154.98,-249.77,-155.06
ND_XMGMgK6Oa2s_frame008501_r.jpg,0,151.05,355.27,151.00,355.29,150.95,355.33,150.92,355.38,150.89,355.45,151.03,355.40,150.99,355.46,150.95,355.48,150.91,355.49,151.06,355.44,151.02,355.49,150.98,355.50,150.93,355.50,151.08,355.44,151.04,355.48,151.00,355.50,150.95,355.51,151.08,355.43,151.06,355.47,151.03,355.49,150.99,355.51
ND_XNZsoeaq_34_frame006280_l.jpg,0,460.06,-471.22,460.59,-471.30,461.21,-471.18,461.75,-471.09,462.37,-471.08,460.49,-470.39,460.58,-469.72,460.88,-469.34,461.30,-468.95,460.29,-469.90,460.49,-469.29,460.92,-469.00,461.44,-468.79,460.17,-469.67,460.42,-469.18,460.83,-468.82,461.31,-468.52,460.18,-469.54,460.42,-469.19,460.65,-468.84,460.88,-468.45
ND_XPtwccJe5U8_frame012721_l.jpg,0,-558.85,-393.76,-559.48,-393.96,-559.78,-394.38,-560.15,-394.82,-560.79,-395.25,-559.35,-395.44,-560.00,-396.01,-560.53,-396.23,-561.12,-396.37,-559.11,-395.91,-559.76,-396.43,-560.33,-396.51,-560.93,-396.32,-558.98,-395.95,-559.52,-396.46,-560.13,-396.48,-560.66,-396.12,-558.98,-395.89,-559.31,-396.31,-559.80,-396.33,-560.14,-396.03
ND_XPtwccJe5U8_frame016561_r.jpg,0,304.71,-289.32,305.08,-289.65,305.45,-289.85,305.82,-290.02,306.35,-290.05,305.27,-290.61,305.64,-290.92,305.98,-290.91,306.29,-290.68,305.24,-290.66,305.37,-291.07,305.65,-291.26,306.03,-291.35,305.19,-290.41,305.28,-290.82,305.57,-291.04,305.95,-291.10,305.20,-290.16,305.32,-290.46,305.50,-290.69,305.76,-290.85
ND_XTDhKl38doo_frame001201_r.jpg,0,303.96,193.61,303.89,193.55,303.79,193.47,303.70,193.40,303.59,193.31,303.72,193.34,303.58,193.34,303.49,193.36,303.39,193.38,303.67,193.34,303.56,193.40,303.48,193.45,303.37,193.47,303.67,193.42,303.58,193.45,303.51,193.51,303.42,193.54,303.67,193.49,303.62,193.52,303.57,193.56,303.49,193.59
ND_XTDhKl38doo_frame002101_r.jpg,0,667.53,64.47,667.64,64.30,667.71,64.13,667.77,63.98,667.89,63.77,667.38,64.10,667.25,64.06,667.18,64.03,667.10,63.96,667.25,64.19,667.12,64.14,667.05,64.09,667.00,64.01,667.21,64.36,667.10,64.27,667.00,64.21,666.91,64.12,667.21,64.51,667.11,64.44,667.00,64.40,666.89,64.33
ND_XTDhKl38doo_frame011101_r.jpg,0,305.98,78.28,306.15,78.52,306.36,78.71,306.57,78.84,306.83,79.02,306.76,78.53,307.03,78.66,307.02,78.83,306.90,79.01,306.85,78.46,306.85,78.72,306.69,78.84,306.46,78.91,306.76,78.40,306.77,78.67,306.57,78.79,306.36,78.81,306.65,78.40,306.71,78.59,306.60,78.72,306.47,78.74
ND_XTDhKl38doo_frame015301_l.jpg,0,330.23,239.71,330.23,239.62,330.32,239.51,330.43,239.42,330.59,239.38,330.46,239.34,330.60,239.23,330.70,239.18,330.80,239.09,330.58,239.35,330.72,239.26,330.83,239.19,330.93,239.08,330.64,239.46,330.75,239.35,330.86,239.27,330.95,239.16,330.67,239.56,330.75,239.48,330.83,239.41,330.89,239.32
ND_XVkT_WGNbP4_frame002101_r.jpg,0,602.84,279.51,602.91,279.63,603.00,279.70,603.09,279.77,603.21,279.83,603.05,279.58,603.16,279.54,603.24,279.58,603.29,279.65,603.09,279.49,603.21,279.50,603.28,279.54,603.28,279.62,603.11,279.42,603.20,279.44,603.29,279.48,603.31,279.57,603.11,279.38,603.18,279.42,603.24,279.47,603.26,279.54
ND_XVkT_WGNbP4_frame002401_r.jpg,0,602.71,395.13,602.74,395.26,602.80,395.35,602.89,395.38,603.01,395.38,602.86,395.31,602.96,395.37,602.99,395.38,603.02,395.40,602.92,395.25,603.01,395.31,603.05,395.33,603.08,395.36,602.94,395.17,603.02,395.23,603.08,395.26,603.11,395.31,602.96,395.11,603.03,395.14,603.08,395.18,603.07,395.23
ND_XYdl9FQdXH0_frame002401_r.jpg,0,741.57,174.36,741.70,174.32,741.84,174.22,741.97,174.05,742.16,173.95,741.90,173.86,742.01,173.64,742.11,173.50,742.22,173.34,741.96,173.76,742.08,173.54,742.25,173.59,742.35,173.76,741.99,173.81,742.11,173.63,742.31,173.61,742.46,173.72,742.02,173.89,742.10,173.76,742.22,173.69,742.33,173.65
ND_XYdl9FQdXH0_frame003601_l.jpg,0,121.64,155.08,121.32,154.91,121.14,154.77,121.13,154.61,121.13,154.59,121.29,154.27,121.15,154.01,121.07,153.96,121.00,153.97,121.51,154.17,121.44,153.90,121.35,153.88,121.26,153.90,121.74,154.27,121.71,153.99,121.63,153.89,121.55,153.86,121.91,154.38,121.94,154.19,121.88,154.16,121.79,154.20
ND_Xbb-rEUa6sY_frame001197_r.jpg,0,-59.73,-209.57,-59.51,-209.06,-59.05,-208.58,-58.74,-208.07,-58.49,-207.52,-60.65,-208.66,-61.17,-208.10,-61.00,-207.63,-60.54,-207.48,-61.19,-208.63,-61.65,-208.10,-61.43,-207.67,-60.85,-207.59,-61.36,-208.65,-61.66,-208.12,-61.41,-207.65,-60.84,-207.66,-61.40,-208.61,-61.50,-208.15,-61.18,-207.82,-60.78,-207.90
ND_XdMAoRSeASg_frame004501_l.jpg,0,605.93,159.99,606.15,159.94,606.32,159.87,606.47,159.82,606.65,159.72,606.42,159.80,606.60,159.81,606.72,159.83,606.87,159.87,606.39,159.84,606.57,159.90,606.70,159.96,606.84,160.03,606.29,159.95,606.46,160.00,606.58,160.08,606.69,160.17,606.21,160.06,606.33,160.08,606.43,160.14,606.53,160.21
ND_XdMAoRSeASg_frame007501_l.jpg,0,629.86,291.19,629.94,291.11,630.03,291.02,630.12,290.95,630.16,290.89,630.22,290.93,630.39,290.91,630.48,290.95,630.54,291.00,630.29,290.97,630.45,291.01,630.49,291.08,630.48,291.12,630.29,291.08,630.43,291.10,630.42,291.18,630.34,291.19,630.27,291.18,630.38,291.17,630.39,291.22,630.32,291.24
ND_XdMAoRSeASg_frame024001_r.jpg,0,529.53,224.33,529.65,224.40,529.76,224.50,529.86,224.59,529.98,224.69,529.97,224.41,530.05,224.55,530.05,224.66,530.02,224.78,529.99,224.43,530.10,224.54,530.11,224.66,530.07,224.77,529.91,224.46,530.02,224.55,530.02,224.67,529.96,224.74,529.84,224.49,529.90,224.58,529.95,224.66,530.02,224.76
ND_XiGgsMltimI_frame000895_l.jpg,0,-6.69,297.26,-5.86,297.55,-5.35,297.94,-5.25,298.45,-5.24,299.05,-5.25,298.15,-5.15,298.89,-5.17,299.39,-5.30,299.67,-5.66,298.40,-5.63,299.13,-5.67,299.56,-5.75,299.54,-6.26,298.52,-6.09,299.17,-6.11,299.46,-6.21,299.30,-6.71,298.64,-6.51,299.08,-6.47,299.33,-6.54,299.24
ND_Xp3Pn0FkckM_frame000001_l.jpg,0,-447.24,-336.62,-447.46,-337.39,-447.57,-338.02,-447.84,-338.50,-448.42,-338.92,-448.32,-338.00,-448.92,-338.32,-449.34,-338.52,-449.83,-338.72,-448.64,-337.65,-449.28,-337.82,-449.74,-337.96,-450.24,-338.14,-448.75,-337.12,-449.28,-337.39,-449.75,-337.58,-450.24,-337.79,-448.81,-336.70,-449.19,-336.93,-449.53,-337.10,-449.94,-337.29
ND_YFnWfx0j93M_frame004081_r.jpg,0,177.48,-210.61,177.25,-210.56,177.29,-210.60,177.41,-210.71,177.65,-211.03,176.46,-211.05,176.28,-211.26,176.49,-211.28,176.81,-211.25,176.45,-211.36,176.11,-211.65,176.25,-211.75,176.50,-211.74,176.71,-211.55,176.46,-211.81,176.62,-211.88,176.87,-211.85,176.97,-211.67,176.91,-211.83,177.01,-211.92,177.25,-211.90
ND_YFnWfx0j93M_frame005281_r.jpg,0,-439.49,-247.67,-438.97,-248.16,-438.90,-248.81,-439.03,-249.35,-439.21,-249.98,-439.24,-248.37,-439.44,-248.58,-439.54,-249.04,-439.60,-249.57,-439.77,-248.33,-439.95,-248.77,-439.97,-249.27,-439.83,-249.78,-440.25,-248.30,-440.15,-248.68,-440.09,-249.16,-439.86,-249.64,-440.57,-248.35,-440.66,-248.74,-440.68,-249.10,-440.50,-249.49
ND_YPIaH76EueY_frame000001_r.jpg,0,-228.58,-53.18,-228.47,-52.62,-228.24,-52.19,-227.99,-51.87,-227.80,-51.34,-227.53,-52.36,-227.06,-52.17,-226.77,-51.96,-226.43,-51.75,-227.25,-52.58,-226.80,-52.40,-226.49,-52.20,-226.18,-51.93,-227.24,-52.84,-226.84,-52.69,-226.48,-52.57,-226.11,-52.42,-227.30,-53.01,-226.99,-52.90,-226.70,-52.82,-226.38,-52.71
ND_YW2LfJ0ev_s_frame006481_l.jpg,0,897.10,-97.30,897.12,-96.97,897.21,-96.65,897.30,-96.39,897.40,-96.08,896.94,-96.34,897.02,-96.01,897.15,-95.82,897.33,-95.62,896.99,-96.34,897.23,-96.10,897.43,-95.95,897.66,-95.80,897.12,-96.51,897.35,-96.31,897.58,-96.18,897.80,-96.02,897.26,-96.66,897.39,-96.48,897.56,-96.39,897.68,-96.34
ND_YYAAMfnU60I_frame000300_r.jpg,0,-11.84,721.11,-11.91,721.29,-12.12,721.32,-12.31,721.40,-12.56,721.38,-12.16,721.69,-12.36,721.83,-12.50,721.78,-12.54,721.64,-12.27,721.67,-12.40,721.85,-12.55,721.85,-12.61,721.76,-12.32,721.51,-12.44,721.69,-12.59,721.69,-12.60,721.62,-12.36,721.37,-12.44,721.48,-12.54,721.51,-12.59,721.50
ND_YbyILq0omrw_frame008101_l.jpg,0,594.14,342.63,594.28,342.68,594.35,342.76,594.39,342.86,594.46,342.95,594.31,342.84,594.31,342.97,594.33,343.03,594.34,343.03,594.23,342.90,594.24,343.02,594.27,343.05,594.28,343.03,594.14,342.91,594.17,343.02,594.21,343.05,594.22,343.04,594.09,342.92,594.10,342.99,594.13,343.05,594.15,343.07
ND_YbyILq0omrw_frame011101_r.jpg,0,611.65,348.49,611.57,348.50,611.50,348.54,611.47,348.61,611.45,348.70,611.41,348.55,611.38,348.64,611.37,348.70,611.36,348.77,611.42,348.60,611.42,348.68,611.47,348.68,611.48,348.61,611.48,348.63,611.48,348.68,611.53,348.66,611.53,348.59,611.54,348.65,611.53,348.67,611.57,348.65,611.58,348.59
ND_YfriUPPtRQ0_frame000501_l.jpg,0,184.12,526.29,184.10,526.21,184.12,526.16,184.15,526.12,184.19,526.08,184.08,526.15,184.13,526.12,184.17,526.09,184.21,526.07,184.11,526.18,184.17,526.14,184.21,526.12,184.25,526.09,184.15,526.22,184.20,526.17,184.23,526.14,184.25,526.12,184.19,526.24,184.21,526.20,184.23,526.18,184.24,526.16
ND_YgDgP6btLdo_frame000001_r.jpg,0,400.53,1002.85,400.29,1002.77,400.05,1002.42,399.67,1002.18,399.20,1001.99,400.11,1001.76,399.56,1001.78,399.26,1001.99,399.03,1002.33,400.03,1001.49,399.52,1001.39,399.13,1001.43,398.72,1001.55,399.95,1001.55,399.55,1001.39,399.14,1001.44,398.81,1001.67,399.85,1001.67,399.57,1001.56,399.29,1001.66,399.15,1001.90
ND_YgDgP6btLdo_frame000601_r.jpg,0,534.84,1679.61,534.93,1679.75,535.06,1679.76,535.12,1679.71,535.05,1679.53,534.74,1679.68,534.86,1679.60,535.01,1679.55,535.13,1679.57,534.67,1679.52,534.88,1679.49,535.03,1679.47,535.15,1679.51,534.68,1679.37,534.87,1679.36,535.04,1679.35,535.17,1679.38,534.72,1679.26,534.82,1679.22,534.95,1679.22,535.07,1679.29
ND_YgnSpdJBNtc_frame060601_l.jpg,0,-215.27,-35.97,-215.25,-35.66,-215.30,-35.31,-215.41,-35.01,-215.53,-34.60,-215.76,-35.09,-215.85,-34.71,-215.90,-34.45,-215.98,-34.16,-215.85,-35.02,-215.92,-34.66,-215.86,-34.40,-215.69,-34.16,-215.76,-35.11,-215.82,-34.78,-215.74,-34.51,-215.57,-34.28,-215.63,-35.18,-215.67,-34.94,-215.61,-34.72,-215.50,-34.59
ND_YiZfdF968pc_frame000001_r.jpg,0,72.86,8.66,72.96,8.39,73.12,8.24,73.27,8.12,73.45,7.92,73.22,8.30,73.41,8.20,73.56,8.12,73.73,8.03,73.31,8.46,73.52,8.36,73.68,8.29,73.86,8.20,73.35,8.64,73.51,8.54,73.69,8.46,73.86,8.38,73.37,8.77,73.52,8.74,73.66,8.70,73.81,8.64
ND_YiZfdF968pc_frame001196_l.jpg,0,77.86,203.28,77.85,203.19,77.88,203.13,77.94,203.12,77.97,203.12,77.91,203.22,78.00,203.21,78.03,203.15,78.01,203.11,77.97,203.28,78.05,203.21,78.08,203.15,78.07,203.09,78.02,203.31,78.08,203.24,78.12,203.17,78.14,203.11,78.06,203.33,78.11,203.30,78.15,203.27,78.20,203.22
ND_Yin8R4tS3pg_frame005401_r.jpg,0,231.07,-139.98,230.88,-140.06,230.91,-140.08,231.02,-140.19,231.30,-140.16,231.01,-140.78,231.14,-140.77,231.19,-140.50,231.21,-140.19,231.28,-140.90,231.41,-141.06,231.47,-140.92,231.49,-140.72,231.54,-140.78,231.64,-140.91,231.67,-140.74,231.62,-140.53,231.73,-140.62,231.81,-140.86,231.91,-140.94,231.95,-140.99
ND_Ynz6g9gw-ng_frame001001_l.jpg,0,480.83,-736.15,481.26,-736.76,481.95,-737.14,482.66,-737.20,483.52,-736.88,482.26,-736.06,483.14,-736.17,483.40,-736.58,483.27,-736.87,482.56,-735.48,483.37,-735.78,483.64,-736.30,483.64,-736.84,482.62,-735.16,483.31,-735.53,483.60,-736.07,483.67,-736.54,482.67,-735.03,483.13,-735.32,483.41,-735.71,483.43,-736.07
ND_YqV7fj_SVWc_frame001197_r.jpg,0,218.04,272.71,218.00,272.66,217.94,272.58,217.89,272.49,217.82,272.39,218.05,272.44,218.00,272.34,217.92,272.35,217.85,272.41,218.05,272.39,217.99,272.30,217.92,272.35,217.88,272.43,218.03,272.40,217.98,272.34,217.91,272.40,217.87,272.48,218.00,272.42,217.97,272.38,217.92,272.41,217.89,272.46
ND_YqV7fj_SVWc_frame010466_r.jpg,0,32.33,308.23,32.41,308.19,32.47,308.22,32.49,308.30,32.50,308.41,32.47,308.33,32.51,308.41,32.55,308.47,32.60,308.54,32.46,308.41,32.51,308.49,32.55,308.54,32.61,308.60,32.44,308.45,32.49,308.50,32.53,308.57,32.59,308.61,32.44,308.46,32.47,308.50,32.50,308.55,32.52,308.59
ND_YqV7fj_SVWc_frame014054_l.jpg,0,587.05,469.27,587.14,469.19,587.22,469.16,587.26,469.19,587.26,469.26,587.13,469.17,587.22,469.22,587.28,469.26,587.29,469.28,587.10,469.24,587.20,469.30,587.27,469.33,587.27,469.32,587.07,469.33,587.17,469.37,587.24,469.38,587.24,469.36,587.07,469.40,587.14,469.42,587.20,469.42,587.21,469.39
ND_YqV7fj_SVWc_frame018838_r.jpg,0,160.97,318.50,160.85,318.48,160.74,318.51,160.66,318.58,160.57,318.67,160.63,318.50,160.53,318.58,160.49,318.65,160.47,318.74,160.63,318.56,160.57,318.66,160.55,318.73,160.56,318.78,160.70,318.63,160.63,318.70,160.63,318.76,160.67,318.74,160.76,318.68,160.73,318.73,160.76,318.73,160.79,318.69
ND_YqV7fj_SVWc_frame019137_r.jpg,0,-40.54,386.51,-40.51,386.45,-40.46,386.43,-40.38,386.42,-40.30,386.40,-40.33,386.47,-40.23,386.46,-40.17,386.43,-40.10,386.39,-40.28,386.48,-40.18,386.44,-40.12,386.41,-40.06,386.36,-40.28,386.47,-40.19,386.45,-40.12,386.42,-40.05,386.38,-40.29,386.46,-40.23,386.45,-40.17,386.44,-40.11,386.43
ND_YryzEt-EiUo_frame004471_l.jpg,0,-386.07,-366.00,-386.89,-366.13,-387.53,-366.13,-388.02,-366.04,-388.34,-365.87,-387.42,-367.23,-387.91,-366.78,-388.11,-366.37,-388.32,-365.92,-387.11,-367.37,-387.53,-366.87,-387.66,-366.39,-387.64,-365.89,-386.67,-367.13,-387.23,-366.96,-387.43,-366.48,-387.43,-366.07,-386.36,-366.84,-386.78,-366.88,-387.01,-366.55,-387.04,-366.27
ND_YvgWbZdzD7g_frame000898_l.jpg,0,475.62,298.72,475.76,298.72,475.88,298.71,475.98,298.70,476.08,298.66,475.87,298.94,475.96,299.01,476.02,299.01,476.06,298.98,475.83,299.00,475.90,298.99,475.93,298.94,475.95,298.89,475.75,299.00,475.83,298.99,475.86,298.94,475.86,298.90,475.70,298.97,475.77,298.99,475.78,298.96,475.78,298.91
ND_Z6JbzH1oYW4_frame000001_r.jpg,0,-77.41,357.55,-77.40,357.93,-77.44,358.19,-77.45,358.33,-77.38,358.36,-77.36,357.93,-77.11,358.08,-76.90,358.14,-76.74,358.18,-77.23,357.71,-77.03,357.85,-76.80,357.96,-76.62,358.10,-77.08,357.49,-76.97,357.53,-76.76,357.60,-76.57,357.78,-76.94,357.35,-76.74,357.33,-76.56,357.32,-76.39,357.36
ND_Z6JbzH1oYW4_frame000601_l.jpg,0,-368.36,463.42,-368.50,462.84,-368.59,462.37,-368.83,462.03,-369.30,461.77,-368.99,462.54,-369.44,462.30,-369.69,462.15,-369.93,462.00,-369.22,462.82,-369.65,462.59,-369.82,462.45,-369.83,462.38,-369.33,463.20,-369.70,462.94,-369.73,462.88,-369.47,462.98,-369.42,463.46,-369.74,463.39,-369.79,463.32,-369.57,463.25
ND_Z7_n9vfRdg8_frame007201_l.jpg,0,351.70,69.11,352.01,68.90,352.28,68.86,352.50,68.92,352.74,69.02,352.25,68.64,352.47,68.65,352.66,68.74,352.85,68.87,352.20,68.79,352.45,68.92,352.64,69.06,352.84,69.20,352.09,69.03,352.35,69.13,352.57,69.25,352.79,69.38,352.03,69.23,352.23,69.28,352.40,69.36,352.60,69.44
ND_Z7_n9vfRdg8_frame012481_l.jpg,0,-257.94,-685.86,-257.03,-686.38,-256.25,-686.62,-255.64,-686.68,-255.06,-686.62,-256.41,-687.55,-255.69,-687.43,-255.25,-687.00,-254.89,-686.51,-256.61,-687.38,-255.82,-687.49,-255.30,-687.10,-254.93,-686.61,-256.94,-686.79,-256.24,-686.98,-255.59,-686.77,-254.95,-686.49,-257.14,-686.23,-256.68,-686.08,-256.25,-685.82,-255.70,-685.53
ND_Z7_n9vfRdg8_frame022081_l.jpg,0,631.72,377.32,631.77,377.13,631.76,376.95,631.73,376.80,631.68,376.60,631.59,377.13,631.51,377.19,631.47,377.24,631.39,377.30,631.57,377.29,631.50,377.36,631.45,377.42,631.37,377.47,631.62,377.45,631.56,377.48,631.51,377.53,631.45,377.56,631.69,377.56,631.65,377.59,631.63,377.63,631.59,377.66
ND_Z7_n9vfRdg8_frame029761_r.jpg,0,94.69,290.81,94.63,290.68,94.51,290.53,94.32,290.46,94.07,290.37,94.51,290.21,94.29,290.23,94.16,290.34,94.09,290.51,94.44,290.16,94.25,290.25,94.19,290.40,94.31,290.53,94.37,290.26,94.26,290.35,94.26,290.53,94.42,290.60,94.31,290.37,94.25,290.40,94.26,290.52,94.37,290.62
ND_Z7_n9vfRdg8_frame032401_r.jpg,0,-137.84,291.94,-137.81,291.89,-137.76,291.71,-137.76,291.52,-137.83,291.27,-137.46,291.60,-137.48,291.37,-137.60,291.27,-137.76,291.18,-137.43,291.48,-137.48,291.26,-137.60,291.15,-137.75,291.04,-137.51,291.43,-137.57,291.27,-137.70,291.17,-137.84,291.11,-137.61,291.40,-137.67,291.30,-137.77,291.24,-137.88,291.19
ND_Z7bfW85pk7U_frame006535_r.jpg,0,141.14,176.72,141.09,176.67,141.02,176.66,140.96,176.66,140.88,176.66,140.95,176.60,140.88,176.62,140.85,176.65,140.82,176.68,140.92,176.64,140.86,176.65,140.84,176.68,140.82,176.71,140.94,176.70,140.88,176.69,140.85,176.71,140.82,176.73,140.95,176.75,140.90,176.74,140.87,176.74,140.83,176.74
ND_Z7bfW85pk7U_frame007426_l.jpg,0,239.05,223.68,239.03,223.64,239.00,223.63,238.97,223.64,238.94,223.67,238.92,223.63,238.88,223.64,238.91,223.65,238.95,223.66,238.90,223.66,238.88,223.69,238.91,223.70,238.95,223.69,238.91,223.70,238.88,223.71,238.92,223.72,238.96,223.72,238.92,223.73,238.91,223.74,238.93,223.74,238.96,223.74
ND_Z7bfW85pk7U_frame008614_l.jpg,0,269.80,195.01,269.77,194.96,269.74,194.93,269.70,194.91,269.65,194.88,269.72,194.90,269.68,194.87,269.64,194.87,269.62,194.88,269.71,194.92,269.65,194.91,269.63,194.93,269.62,194.94,269.71,194.96,269.66,194.95,269.63,194.97,269.62,194.97,269.70,195.00,269.67,195.00,269.65,195.00,269.65,195.00
ND_Z7bfW85pk7U_frame009505_l.jpg,0,192.42,149.96,192.40,149.96,192.35,149.94,192.29,149.94,192.22,149.95,192.32,149.84,192.25,149.85,192.20,149.89,192.16,149.94,192.28,149.81,192.21,149.83,192.17,149.87,192.15,149.93,192.26,149.83,192.20,149.84,192.16,149.88,192.16,149.95,192.25,149.86,192.20,149.86,192.17,149.89,192.16,149.93
ND_Z7khC_SQq9s_frame053521_r.jpg,0,419.63,438.57,419.52,438.53,419.37,438.57,419.24,438.58,419.08,438.63,419.21,438.46,419.08,438.54,419.06,438.64,418.99,438.72,419.17,438.51,419.07,438.61,419.09,438.70,419.09,438.79,419.22,438.60,419.13,438.66,419.13,438.75,419.14,438.82,419.27,438.69,419.21,438.73,419.21,438.77,419.22,438.81
ND_ZBj4eV6V7SU_frame001795_l.jpg,0,1130.52,799.25,1130.75,799.33,1130.91,799.42,1130.91,799.56,1130.82,799.66,1130.77,799.45,1130.82,799.66,1130.80,799.67,1130.75,799.59,1130.62,799.51,1130.62,799.72,1130.64,799.74,1130.63,799.67,1130.47,799.56,1130.49,799.75,1130.51,799.74,1130.49,799.67,1130.37,799.61,1130.39,799.75,1130.39,799.73,1130.37,799.65
ND_ZBj4eV6V7SU_frame004187_l.jpg,0,729.99,449.42,730.03,449.46,730.05,449.49,730.05,449.53,730.05,449.56,730.05,449.50,730.05,449.54,730.04,449.57,730.04,449.58,730.02,449.51,730.01,449.55,730.00,449.57,729.99,449.58,729.99,449.50,729.98,449.54,729.98,449.56,729.97,449.56,729.96,449.50,729.96,449.53,729.97,449.54,729.97,449.54
ND_ZBj4eV6V7SU_frame005084_l.jpg,0,1043.27,414.06,1043.20,414.05,1043.15,414.08,1043.11,414.13,1043.12,414.22,1043.05,414.12,1042.97,414.15,1042.99,414.20,1043.04,414.20,1043.06,414.17,1043.07,414.24,1043.12,414.22,1043.16,414.17,1043.11,414.20,1043.14,414.24,1043.19,414.21,1043.23,414.16,1043.16,414.23,1043.19,414.25,1043.23,414.23,1043.26,414.19
ND_ZDUpHgebEu0_frame021230_r.jpg,0,235.94,358.32,235.46,358.23,235.06,358.32,234.74,358.46,234.41,358.77,234.98,358.89,234.63,359.05,234.47,358.98,234.39,358.84,235.08,359.17,234.72,359.18,234.58,359.02,234.54,358.76,235.30,359.26,234.93,359.24,234.68,359.13,234.50,358.93,235.46,359.26,235.19,359.22,234.97,359.13,234.73,358.99
ND_ZDUpHgebEu0_frame022725_l.jpg,0,932.61,478.58,932.86,478.58,932.98,478.71,933.04,478.87,933.10,479.05,932.92,478.69,933.02,478.90,933.08,479.04,933.14,479.16,932.79,478.80,932.89,479.00,932.98,479.13,933.05,479.18,932.66,478.90,932.78,479.06,932.88,479.14,932.92,479.13,932.57,478.98,932.66,479.10,932.75,479.16,932.80,479.14
ND_ZIVB5l2FNyQ_frame000001_l.jpg,0,325.57,-508.84,326.28,-508.79,326.85,-508.70,327.30,-508.58,327.88,-508.55,327.10,-508.66,327.45,-508.16,327.31,-507.99,327.09,-508.14,326.90,-508.44,327.05,-507.87,326.87,-507.86,326.69,-508.11,326.45,-508.20,326.69,-507.75,326.52,-507.81,326.33,-508.07,326.10,-507.98,326.33,-507.68,326.23,-507.73,326.07,-507.97
ND_ZVWR8bhjhK8_frame000601_l.jpg,0,449.73,324.15,449.68,324.10,449.63,324.09,449.63,324.07,449.63,324.03,449.82,324.15,449.88,324.18,449.92,324.20,449.98,324.23,449.92,324.16,450.01,324.20,450.08,324.22,450.14,324.24,449.98,324.13,450.07,324.16,450.15,324.17,450.23,324.18,450.01,324.10,450.08,324.09,450.15,324.09,450.22,324.10
ND_ZVWR8bhjhK8_frame002401_l.jpg,0,630.31,-293.35,630.05,-293.38,629.85,-293.46,629.83,-293.33,629.92,-293.01,629.59,-292.83,629.49,-292.53,629.49,-292.32,629.54,-292.09,629.69,-292.59,629.71,-292.33,629.78,-292.15,629.81,-291.99,629.96,-292.51,629.92,-292.30,630.00,-292.12,630.03,-291.99,630.20,-292.48,630.20,-292.30,630.26,-292.16,630.30,-292.05
ND_ZVWR8bhjhK8_frame003901_r.jpg,0,-393.40,-512.29,-393.46,-512.20,-393.48,-512.06,-393.52,-511.92,-393.54,-511.80,-393.30,-511.93,-393.37,-511.78,-393.46,-511.77,-393.59,-511.79,-393.25,-511.86,-393.40,-511.79,-393.52,-511.77,-393.62,-511.85,-393.27,-511.87,-393.36,-511.82,-393.47,-511.79,-393.53,-511.88,-393.31,-511.88,-393.36,-511.86,-393.43,-511.85,-393.47,-511.85
ND_ZVWR8bhjhK8_frame004801_l.jpg,0,559.62,295.47,559.53,295.44,559.45,295.45,559.38,295.48,559.28,295.50,559.56,295.58,559.58,295.63,559.59,295.64,559.62,295.65,559.66,295.62,559.70,295.64,559.73,295.64,559.76,295.65,559.75,295.60,559.79,295.64,559.83,295.65,559.87,295.65,559.81,295.56,559.85,295.60,559.90,295.62,559.93,295.64
ND_ZVWR8bhjhK8_frame008701_r.jpg,0,299.04,233.64,299.02,233.68,298.97,233.75,298.95,233.83,298.92,233.94,298.86,233.78,298.79,233.85,298.79,233.92,298.82,233.99,298.83,233.82,298.85,233.91,298.92,233.94,298.99,233.92,298.87,233.84,298.91,233.90,298.98,233.89,299.01,233.82,298.90,233.85,298.94,233.89,298.99,233.87,299.02,233.82
ND_ZXLY1utNy74_frame004303_r.jpg,0,306.42,-762.91,306.97,-763.09,307.63,-763.37,308.26,-763.51,309.11,-763.35,307.21,-764.54,307.90,-764.92,308.41,-764.89,308.98,-764.75,307.17,-764.92,307.88,-765.16,308.38,-764.92,308.70,-764.42,307.11,-764.83,307.68,-765.14,308.22,-764.90,308.31,-764.32,307.14,-764.67,307.49,-764.93,307.88,-764.79,307.98,-764.33
ND_ZXOhbzS7jCQ_frame000599_r.jpg,0,675.27,-392.13,675.07,-393.02,675.23,-393.67,675.45,-394.15,675.66,-394.80,675.30,-393.53,675.75,-394.19,676.00,-394.55,676.07,-394.55,675.77,-393.20,676.07,-393.92,676.09,-394.17,675.95,-393.87,676.22,-392.76,676.38,-393.47,676.39,-393.80,676.21,-393.53,676.58,-392.48,676.69,-392.99,676.57,-393.25,676.35,-393.04
ND_Zap7jglcJT8_frame003601_r.jpg,0,1107.67,220.27,1107.61,220.31,1107.56,220.27,1107.50,220.18,1107.49,220.06,1107.34,220.09,1107.24,220.00,1107.27,219.95,1107.34,219.94,1107.35,219.95,1107.27,219.83,1107.37,219.85,1107.48,219.90,1107.44,219.88,1107.37,219.77,1107.46,219.78,1107.56,219.84,1107.54,219.83,1107.50,219.74,1107.55,219.76,1107.61,219.83
ND_Zap7jglcJT8_frame009001_l.jpg,0,290.47,-373.24,290.30,-372.81,290.24,-372.38,290.20,-371.99,290.23,-371.46,289.48,-372.40,289.50,-371.93,289.77,-371.76,290.03,-371.51,289.39,-372.41,289.65,-372.03,289.92,-371.81,290.17,-371.52,289.59,-372.53,289.79,-372.16,290.05,-371.90,290.29,-371.62,289.80,-372.60,289.92,-372.33,290.12,-372.18,290.34,-371.97
ND_Zap7jglcJT8_frame009301_l.jpg,0,521.46,-249.57,521.95,-249.22,521.97,-248.73,521.92,-248.30,522.00,-247.78,521.90,-248.37,522.02,-247.86,522.05,-247.78,522.02,-247.83,521.53,-248.22,521.70,-247.74,521.78,-247.72,521.82,-247.95,521.18,-248.30,521.40,-247.89,521.56,-247.84,521.70,-248.04,520.95,-248.39,521.17,-248.26,521.29,-248.41,521.39,-248.66
ND_Zg3fhujDazI_frame000751_l.jpg,0,129.59,-302.86,130.08,-303.86,130.73,-304.39,131.42,-304.39,132.07,-304.10,131.03,-304.11,132.03,-304.15,132.35,-304.14,132.20,-304.04,131.32,-303.45,132.26,-303.59,132.23,-303.63,131.70,-303.54,131.39,-302.72,132.20,-303.02,132.11,-303.12,131.65,-303.03,131.46,-302.21,131.97,-302.59,131.97,-302.70,131.68,-302.63
ND_ZhydUsYdifE_frame007801_r.jpg,0,1567.60,667.58,1567.40,667.47,1567.23,667.50,1567.08,667.56,1566.91,667.67,1567.11,667.62,1566.94,667.71,1566.83,667.74,1566.70,667.77,1567.11,667.77,1566.95,667.84,1566.84,667.86,1566.71,667.85,1567.20,667.87,1567.04,667.87,1566.90,667.88,1566.77,667.86,1567.27,667.93,1567.15,667.91,1567.04,667.91,1566.90,667.91
ND_ZhydUsYdifE_frame018601_r.jpg,0,1023.77,-614.77,1024.53,-614.37,1025.49,-614.32,1026.33,-614.35,1027.43,-614.29,1025.87,-615.62,1026.57,-616.16,1027.06,-616.51,1027.51,-616.92,1026.06,-616.19,1027.03,-616.30,1027.73,-616.13,1028.32,-615.61,1025.91,-616.33,1026.75,-616.32,1027.47,-616.05,1027.83,-615.38,1025.79,-616.28,1026.37,-616.30,1026.87,-616.01,1026.99,-615.54
ND_ZhydUsYdifE_frame021301_r.jpg,0,1121.70,636.13,1121.96,635.80,1122.01,635.47,1122.04,635.17,1122.18,634.77,1121.64,635.10,1121.55,634.79,1121.54,634.60,1121.52,634.36,1121.35,635.13,1121.29,634.87,1121.31,634.70,1121.34,634.50,1121.15,635.39,1121.15,635.09,1121.16,634.89,1121.23,634.69,1121.04,635.63,1121.05,635.39,1121.06,635.20,1121.10,634.98
ND_Zyik-vSfvwo_frame005084_l.jpg,0,-727.05,-1096.78,-726.55,-1096.60,-726.15,-1096.16,-725.93,-1095.58,-725.59,-1094.80,-727.63,-1096.53,-728.26,-1096.29,-728.54,-1095.83,-728.80,-1095.23,-728.32,-1096.29,-729.00,-1095.85,-729.00,-1095.17,-728.69,-1094.49,-728.66,-1095.98,-729.10,-1095.46,-728.99,-1094.77,-728.57,-1094.17,-728.79,-1095.66,-728.86,-1095.13,-728.70,-1094.63,-728.33,-1094.19
ND_Zyik-vSfvwo_frame006878_r.jpg,0,516.88,398.42,516.81,398.51,516.71,398.57,516.62,398.62,516.51,398.67,516.56,398.51,516.43,398.54,516.35,398.57,516.25,398.59,516.51,398.48,516.39,398.52,516.31,398.54,516.21,398.56,516.55,398.47,516.44,398.50,516.35,398.53,516.26,398.56,516.59,398.47,516.51,398.50,516.44,398.52,516.37,398.55
ND__0HlhDk-6eo_frame006251_r.jpg,0,450.86,85.59,450.92,85.71,450.89,85.86,450.78,86.00,450.60,86.01,450.57,85.75,450.57,86.00,450.67,86.04,450.70,85.93,450.39,85.76,450.42,86.00,450.54,86.10,450.65,85.99,450.34,85.79,450.27,85.99,450.36,86.15,450.49,86.09,450.32,85.83,450.24,85.97,450.19,86.10,450.18,86.26
ND__2bwVC8xyAA_frame002094_l.jpg,0,-2473.19,-2999.11,-2472.13,-3001.96,-2472.32,-3003.80,-2472.93,-3004.71,-2473.78,-3005.44,-2471.30,-3002.40,-2471.56,-3004.29,-2472.80,-3005.67,-2474.44,-3007.04,-2472.61,-3001.07,-2474.66,-3002.64,-2476.19,-3003.52,-2477.37,-3004.26,-2474.38,-2999.77,-2476.15,-3001.48,-2477.29,-3002.32,-2477.58,-3002.69,-2475.90,-2999.04,-2477.40,-3000.05,-2478.56,-3000.99,-2479.79,-3002.25
ND__2bwVC8xyAA_frame003888_l.jpg,0,502.41,-961.37,501.75,-961.86,501.04,-962.08,500.41,-961.95,499.56,-961.74,500.28,-961.87,499.55,-961.55,499.52,-961.32,499.83,-961.24,500.16,-961.35,499.63,-961.00,499.87,-960.85,500.28,-960.99,500.48,-960.79,499.98,-960.67,500.20,-960.55,500.58,-960.71,500.77,-960.36,500.37,-960.42,500.37,-960.41,500.62,-960.48
ND__5tayePZm0Q_frame007775_r.jpg,0,708.09,225.90,708.11,225.93,708.14,225.96,708.13,226.01,708.10,226.05,708.03,226.00,708.01,226.05,708.05,226.06,708.09,226.04,708.01,226.02,708.00,226.08,708.04,226.08,708.08,226.06,708.01,226.03,708.01,226.08,708.05,226.08,708.09,226.06,708.02,226.04,708.02,226.07,708.05,226.08,708.08,226.07
ND__5tayePZm0Q_frame011662_r.jpg,0,480.92,85.49,481.01,85.51,481.09,85.52,481.13,85.57,481.17,85.65,481.05,85.66,481.06,85.75,481.08,85.79,481.10,85.81,481.01,85.71,481.02,85.79,481.03,85.82,481.06,85.86,480.96,85.71,480.99,85.78,481.00,85.83,481.02,85.87,480.93,85.70,480.95,85.76,480.95,85.80,480.97,85.85
ND__AnEOS_HROk_frame001501_l.jpg,0,-505.67,-32.62,-505.80,-33.19,-506.16,-33.67,-506.50,-34.05,-506.96,-34.57,-505.81,-34.35,-506.08,-34.89,-506.48,-35.03,-506.95,-35.06,-505.95,-34.34,-506.51,-34.59,-506.94,-34.71,-507.38,-34.91,-506.14,-33.98,-506.54,-34.35,-506.97,-34.55,-507.30,-34.79,-506.34,-33.65,-506.56,-33.99,-506.82,-34.24,-507.04,-34.50
ND__ILO_F0WeC4_frame000898_r.jpg,0,-184.51,-146.42,-184.76,-146.23,-185.15,-146.25,-185.51,-146.27,-185.98,-146.28,-185.43,-146.65,-185.87,-146.67,-186.14,-146.57,-186.38,-146.39,-185.58,-146.84,-185.99,-146.76,-186.18,-146.52,-186.22,-146.21,-185.54,-146.86,-185.87,-146.74,-186.10,-146.51,-186.19,-146.19,-185.49,-146.81,-185.72,-146.67,-185.88,-146.49,-185.97,-146.23
ND__ILO_F0WeC4_frame011662_r.jpg,0,481.49,318.97,481.42,318.92,481.35,318.93,481.28,318.96,481.22,319.02,481.27,318.90,481.19,318.87,481.14,318.87,481.07,318.87,481.25,318.94,481.18,318.96,481.13,318.99,481.10,319.02,481.28,319.00,481.22,319.02,481.19,319.07,481.18,319.08,481.31,319.05,481.28,319.08,481.27,319.12,481.25,319.15
ND__IenkBmGaAQ_frame003001_l.jpg,0,291.67,512.29,291.81,512.29,291.92,512.35,292.00,512.41,292.08,512.51,291.93,512.40,292.01,512.50,292.04,512.56,292.07,512.60,291.87,512.47,291.95,512.56,291.98,512.60,292.01,512.62,291.79,512.51,291.87,512.58,291.91,512.63,291.95,512.66,291.72,512.55,291.79,512.60,291.83,512.64,291.87,512.66
ND__IenkBmGaAQ_frame009901_r.jpg,0,-39.59,12.08,-39.51,12.00,-39.48,11.85,-39.45,11.72,-39.44,11.57,-39.48,11.66,-39.44,11.50,-39.45,11.40,-39.49,11.30,-39.57,11.60,-39.59,11.46,-39.65,11.41,-39.71,11.43,-39.69,11.65,-39.70,11.53,-39.75,11.53,-39.77,11.62,-39.78,11.70,-39.86,11.65,-39.93,11.64,-39.98,11.65
ND__IenkBmGaAQ_frame018601_l.jpg,0,58.86,23.98,58.81,23.88,58.76,23.78,58.64,23.79,58.48,23.82,58.53,23.58,58.38,23.64,58.30,23.73,58.27,23.88,58.43,23.60,58.29,23.68,58.21,23.77,58.15,23.86,58.39,23.73,58.26,23.74,58.17,23.84,58.14,23.92,58.38,23.85,58.26,23.82,58.18,23.86,58.15,23.92
ND__L6moEr9r_o_frame000501_l.jpg,0,389.42,595.20,389.47,595.15,389.51,595.13,389.55,595.15,389.58,595.17,389.57,595.18,389.62,595.20,389.64,595.19,389.64,595.18,389.58,595.22,389.62,595.23,389.62,595.21,389.63,595.20,389.55,595.25,389.60,595.25,389.61,595.24,389.61,595.22,389.53,595.27,389.56,595.27,389.58,595.25,389.59,595.24
ND__Lctzx44rJA_frame002692_l.jpg,0,-486.22,-40.32,-486.06,-40.84,-486.09,-41.40,-486.15,-41.91,-486.39,-42.37,-485.46,-41.83,-485.47,-42.45,-485.80,-42.70,-486.26,-42.77,-485.55,-41.92,-485.92,-42.39,-486.30,-42.57,-486.72,-42.65,-485.88,-41.74,-486.27,-42.05,-486.68,-42.01,-486.98,-41.84,-486.20,-41.57,-486.46,-41.84,-486.75,-41.87,-486.99,-41.81
ND__Lctzx44rJA_frame007476_r.jpg,0,1056.76,205.95,1056.62,205.91,1056.52,205.89,1056.58,205.79,1056.69,205.75,1056.71,205.65,1056.72,205.66,1056.71,205.74,1056.69,205.81,1056.85,205.63,1056.85,205.61,1056.84,205.70,1056.82,205.78,1056.98,205.70,1056.97,205.65,1056.96,205.71,1056.94,205.76,1057.06,205.78,1057.07,205.84,1057.04,205.92,1056.99,206.01
ND__M-9xA89l-8_frame008093_r.jpg,0,50.07,48.52,49.74,48.63,49.46,48.73,49.33,48.75,49.28,48.60,50.21,48.89,50.37,48.78,50.34,48.53,50.28,48.20,50.58,48.74,50.65,48.41,50.49,48.08,50.26,47.74,50.79,48.45,50.76,48.13,50.58,47.78,50.33,47.45,50.88,48.19,50.82,47.97,50.63,47.73,50.38,47.52
ND__M-9xA89l-8_frame077113_r.jpg,0,468.70,186.66,468.67,186.49,468.67,186.34,468.67,186.21,468.72,186.05,468.59,186.24,468.63,186.10,468.70,186.01,468.77,185.91,468.63,186.26,468.69,186.11,468.77,186.04,468.86,185.97,468.72,186.34,468.73,186.20,468.80,186.11,468.88,186.03,468.80,186.41,468.80,186.31,468.83,186.22,468.86,186.14
ND__M-9xA89l-8_frame177073_r.jpg,0,241.85,329.67,241.74,329.56,241.62,329.52,241.53,329.50,241.39,329.47,241.75,329.55,241.76,329.53,241.78,329.50,241.81,329.49,241.86,329.59,241.88,329.58,241.91,329.56,241.93,329.55,241.97,329.61,241.97,329.62,241.99,329.61,242.00,329.60,242.06,329.61,242.08,329.64,242.11,329.65,242.13,329.65
ND__M-9xA89l-8_frame224435_r.jpg,0,406.51,205.85,406.49,205.68,406.39,205.57,406.30,205.48,406.20,205.35,406.21,205.54,406.07,205.49,405.99,205.47,405.89,205.45,406.12,205.62,406.01,205.59,405.92,205.58,405.81,205.57,406.12,205.75,406.02,205.70,405.93,205.69,405.83,205.67,406.14,205.85,406.05,205.85,405.98,205.86,405.87,205.87
ND__M-9xA89l-8_frame233479_l.jpg,0,235.59,244.43,235.38,244.26,235.27,244.22,235.18,244.28,235.16,244.34,235.24,244.59,235.17,244.78,235.23,244.82,235.36,244.81,235.41,244.76,235.48,244.85,235.60,244.81,235.74,244.73,235.65,244.81,235.74,244.87,235.88,244.86,236.02,244.81,235.85,244.80,235.99,244.79,236.12,244.78,236.26,244.80
ND__M-9xA89l-8_frame237287_l.jpg,0,132.14,102.01,132.32,101.75,132.45,101.49,132.63,101.33,132.93,101.19,132.79,101.90,133.09,101.94,133.29,101.87,133.47,101.75,132.90,102.10,133.20,102.07,133.35,101.95,133.46,101.79,132.88,102.23,133.14,102.14,133.27,102.01,133.34,101.86,132.86,102.30,133.03,102.20,133.14,102.09,133.20,101.96
ND__Qon5gd7Op0_frame003001_r.jpg,0,515.86,-183.86,516.29,-184.29,516.72,-184.65,517.06,-185.02,517.48,-185.53,516.03,-185.47,516.18,-186.06,516.46,-186.32,516.90,-186.42,515.79,-185.62,516.05,-186.12,516.41,-186.33,516.88,-186.35,515.67,-185.41,515.98,-185.85,516.35,-186.11,516.79,-186.30,515.66,-185.20,515.86,-185.54,516.16,-185.72,516.48,-185.72
ND__YPsn_Q05UQ_frame000301_r.jpg,0,-175.33,34.10,-175.05,33.87,-174.82,33.50,-174.61,33.17,-174.30,32.76,-175.19,32.98,-174.95,32.57,-174.67,32.50,-174.32,32.57,-175.30,32.78,-174.94,32.51,-174.62,32.52,-174.31,32.67,-175.32,32.85,-174.98,32.63,-174.62,32.61,-174.37,32.72,-175.27,32.95,-175.05,32.78,-174.80,32.70,-174.60,32.75
ND__YiWAWaenAk_frame000301_l.jpg,0,238.75,191.42,238.79,191.14,238.92,191.04,239.05,191.03,239.18,191.03,238.76,191.09,239.00,191.11,239.19,191.12,239.39,191.12,238.82,191.27,239.08,191.26,239.27,191.24,239.44,191.19,238.91,191.45,239.13,191.36,239.31,191.30,239.44,191.24,239.00,191.58,239.14,191.47,239.28,191.41,239.39,191.34
ND__hjMzO4Y9u8_frame000240_r.jpg,0,508.53,-858.26,508.04,-858.24,507.71,-857.97,507.50,-857.66,507.38,-857.17,507.40,-857.66,507.08,-857.34,506.90,-857.09,506.67,-856.85,507.56,-857.38,507.28,-857.04,507.28,-856.94,507.40,-857.15,507.91,-857.24,507.56,-857.04,507.39,-856.89,507.34,-857.01,508.20,-857.16,507.94,-857.06,507.72,-856.95,507.42,-856.84
ND__mvusLXdacQ_frame001801_l.jpg,0,-94.92,-637.22,-95.13,-638.30,-95.40,-639.02,-95.47,-639.55,-95.33,-640.08,-95.12,-639.01,-94.89,-639.70,-94.40,-640.10,-93.93,-640.20,-94.66,-638.63,-94.18,-639.41,-93.70,-639.86,-93.23,-640.01,-94.13,-638.06,-93.68,-638.78,-93.21,-639.18,-93.00,-639.14,-93.68,-637.68,-93.14,-637.77,-92.65,-637.94,-92.55,-638.23
ND__spqblC2MI0_frame009270_l.jpg,0,-129.37,119.30,-129.33,119.05,-129.39,118.85,-129.55,118.66,-129.79,118.42,-129.15,118.49,-129.30,118.22,-129.48,118.12,-129.71,118.06,-129.21,118.43,-129.45,118.27,-129.65,118.19,-129.82,118.15,-129.36,118.54,-129.54,118.34,-129.74,118.26,-129.85,118.22,-129.51,118.64,-129.62,118.48,-129.75,118.39,-129.86,118.34
ND__xGfgKCYT7A_frame012001_r.jpg,0,43.34,112.12,43.44,111.89,43.71,111.75,43.98,111.66,44.31,111.53,43.65,111.25,43.97,111.21,44.04,111.41,44.05,111.63,43.76,111.23,44.06,111.13,44.24,111.23,44.47,111.31,43.85,111.42,44.09,111.29,44.28,111.36,44.50,111.42,43.93,111.60,44.11,111.48,44.28,111.39,44.48,111.25
ND_a0LqMVeHM_g_frame000001_l.jpg,0,103.82,-206.14,103.63,-206.28,103.45,-206.35,103.28,-206.39,103.10,-206.41,103.55,-206.64,103.38,-206.72,103.26,-206.68,103.11,-206.62,103.59,-206.64,103.40,-206.65,103.27,-206.62,103.11,-206.59,103.64,-206.52,103.48,-206.58,103.33,-206.56,103.17,-206.54,103.66,-206.40,103.55,-206.47,103.43,-206.49,103.30,-206.50
ND_a0LqMVeHM_g_frame001251_l.jpg,0,619.57,24.30,619.56,24.34,619.63,24.35,619.74,24.38,619.91,24.47,619.87,24.29,619.97,24.38,619.96,24.49,619.90,24.60,619.98,24.31,620.06,24.43,620.04,24.56,619.97,24.66,620.01,24.37,620.10,24.46,620.09,24.59,620.03,24.69,620.00,24.43,620.11,24.48,620.16,24.57,620.13,24.65
ND_aFTT6hkWwmQ_frame004801_r.jpg,0,280.70,141.50,280.60,141.40,280.51,141.24,280.38,141.15,280.18,141.08,280.58,141.01,280.39,141.02,280.27,141.08,280.14,141.16,280.57,140.95,280.39,140.96,280.26,141.02,280.14,141.10,280.55,141.02,280.39,140.98,280.26,141.04,280.16,141.13,280.52,141.09,280.41,141.05,280.31,141.08,280.25,141.16
ND_aFTT6hkWwmQ_frame007201_r.jpg,0,316.02,159.76,316.01,159.58,316.00,159.39,315.91,159.24,315.78,159.13,316.20,159.22,316.02,159.11,315.89,159.14,315.74,159.20,316.21,159.20,316.02,159.12,315.88,159.12,315.73,159.16,316.14,159.27,315.99,159.17,315.84,159.17,315.73,159.22,316.05,159.34,315.96,159.25,315.85,159.24,315.78,159.28
ND_aFTT6hkWwmQ_frame016501_r.jpg,0,169.89,286.72,169.99,286.81,169.99,286.78,169.91,286.75,169.83,286.72,170.01,286.55,170.00,286.44,169.94,286.42,169.84,286.44,169.89,286.43,169.86,286.32,169.78,286.34,169.68,286.41,169.74,286.41,169.69,286.34,169.59,286.35,169.51,286.39,169.62,286.42,169.53,286.39,169.45,286.35,169.36,286.29
ND_aFTT6hkWwmQ_frame019501_r.jpg,0,6.19,85.13,6.36,85.31,6.38,85.34,6.22,85.40,5.93,85.52,6.17,85.05,5.93,85.28,5.85,85.50,5.88,85.60,5.91,84.93,5.70,85.24,5.59,85.48,5.56,85.75,5.68,84.92,5.52,85.20,5.41,85.46,5.38,85.72,5.52,84.97,5.44,85.16,5.40,85.38,5.43,85.56
ND_aFUQaP7w9iE_frame000301_l.jpg,0,86.27,403.01,86.29,402.90,86.39,402.99,86.55,403.13,86.73,403.26,85.96,403.32,85.99,403.56,86.24,403.56,86.51,403.49,85.95,403.58,86.26,403.70,86.52,403.72,86.81,403.73,86.07,403.73,86.32,403.81,86.58,403.75,86.84,403.63,86.21,403.81,86.37,403.87,86.56,403.78,86.65,403.62
ND_aFUQaP7w9iE_frame001201_r.jpg,0,-196.37,382.38,-196.51,382.54,-196.70,382.47,-196.87,382.38,-197.11,382.32,-196.57,382.38,-196.81,382.31,-196.96,382.27,-197.05,382.27,-196.58,382.19,-196.79,382.13,-196.96,382.12,-197.08,382.19,-196.59,382.05,-196.80,382.03,-196.99,382.03,-197.15,382.09,-196.62,381.96,-196.78,381.99,-196.92,382.02,-197.10,382.09
ND_aIRlmTz5Nes_frame001795_r.jpg,0,1091.59,360.21,1091.53,360.32,1091.46,360.40,1091.40,360.46,1091.36,360.53,1091.36,360.32,1091.37,360.38,1091.43,360.43,1091.51,360.44,1091.38,360.25,1091.42,360.33,1091.49,360.36,1091.57,360.39,1091.45,360.19,1091.45,360.28,1091.51,360.32,1091.58,360.35,1091.51,360.16,1091.50,360.22,1091.53,360.26,1091.59,360.28
ND_aIRlmTz5Nes_frame003290_l.jpg,0,914.68,584.09,914.78,584.13,914.86,584.15,914.92,584.18,914.95,584.20,914.91,584.12,914.98,584.16,915.01,584.21,915.03,584.27,914.88,584.12,914.94,584.17,914.97,584.23,914.98,584.29,914.82,584.13,914.87,584.18,914.90,584.24,914.93,584.30,914.76,584.15,914.79,584.20,914.81,584.24,914.83,584.29
ND_aIRlmTz5Nes_frame011961_l.jpg,0,368.40,270.31,368.33,270.15,368.22,270.00,368.08,269.88,367.91,269.76,368.07,269.80,367.88,269.70,367.73,269.71,367.59,269.75,367.97,269.84,367.82,269.93,367.76,270.05,367.71,270.18,367.94,269.99,367.84,270.07,367.86,270.19,367.93,270.31,367.91,270.13,367.86,270.17,367.90,270.25,367.98,270.33
ND_aIRlmTz5Nes_frame015250_r.jpg,0,758.97,355.85,758.96,355.77,758.96,355.71,758.94,355.64,758.92,355.54,758.79,355.65,758.81,355.55,758.88,355.56,758.95,355.59,758.75,355.63,758.83,355.57,758.91,355.57,758.99,355.60,758.77,355.64,758.84,355.58,758.92,355.58,759.00,355.60,758.81,355.65,758.85,355.60,758.91,355.60,758.96,355.64
ND_aIRlmTz5Nes_frame015848_r.jpg,0,441.16,205.84,441.21,205.91,441.17,206.01,441.11,206.12,441.05,206.20,441.01,205.96,441.00,206.11,441.03,206.20,441.08,206.27,440.90,205.97,440.92,206.12,440.98,206.20,441.04,206.26,440.86,205.98,440.87,206.11,440.93,206.20,440.98,206.25,440.84,206.01,440.82,206.10,440.85,206.18,440.91,206.22
ND_aOMXuuC_sHU_frame001795_l.jpg,0,140.92,-31.66,140.92,-32.09,140.84,-32.42,140.71,-32.70,140.43,-32.79,141.04,-32.61,141.02,-32.86,140.80,-32.98,140.53,-33.01,140.95,-32.52,140.73,-32.74,140.49,-32.76,140.31,-32.74,140.79,-32.28,140.56,-32.51,140.34,-32.51,140.20,-32.50,140.63,-32.09,140.45,-32.25,140.29,-32.28,140.16,-32.29
ND_aOMXuuC_sHU_frame002094_l.jpg,0,128.97,38.12,128.87,37.71,128.74,37.40,128.56,37.16,128.27,37.14,128.87,37.20,128.84,36.97,128.61,36.88,128.34,36.89,128.80,37.31,128.55,37.15,128.29,37.14,128.04,37.15,128.70,37.58,128.45,37.40,128.19,37.39,127.96,37.35,128.60,37.80,128.40,37.68,128.20,37.65,128.00,37.60
ND_aT-7zHC__qk_frame000001_l.jpg,0,86.27,121.34,86.35,121.30,86.39,121.24,86.41,121.22,86.41,121.23,86.32,121.23,86.35,121.27,86.38,121.31,86.42,121.34,86.27,121.26,86.32,121.32,86.36,121.37,86.40,121.40,86.24,121.32,86.29,121.36,86.34,121.41,86.38,121.44,86.23,121.38,86.26,121.41,86.30,121.44,86.34,121.45
ND_aTu8teDhHiw_frame007476_r.jpg,0,-60.26,321.65,-60.12,321.79,-60.06,321.70,-60.14,321.51,-60.36,321.29,-59.75,321.39,-59.85,321.25,-60.05,321.37,-60.24,321.53,-59.81,321.14,-59.95,321.13,-60.14,321.29,-60.34,321.47,-60.01,321.01,-60.01,321.04,-60.19,321.22,-60.39,321.40,-60.20,320.95,-60.15,320.92,-60.23,321.05,-60.34,321.24
ND_aTu8teDhHiw_frame008971_r.jpg,0,-118.52,390.29,-118.38,390.59,-118.17,390.71,-118.06,390.55,-118.09,390.25,-117.76,390.48,-117.57,390.44,-117.83,390.45,-118.10,390.46,-117.71,390.20,-117.85,390.28,-118.10,390.33,-118.38,390.39,-117.87,389.95,-117.84,390.10,-118.11,390.20,-118.40,390.25,-118.05,389.78,-117.93,389.75,-118.05,389.85,-118.25,390.00
ND_aTu8teDhHiw_frame018838_r.jpg,0,-143.57,243.20,-143.43,243.54,-143.30,243.68,-143.30,243.64,-143.36,243.60,-142.88,243.42,-142.68,243.42,-142.84,243.44,-143.11,243.49,-142.87,243.13,-143.06,243.28,-143.33,243.38,-143.62,243.48,-143.07,242.88,-143.17,243.00,-143.44,243.11,-143.73,243.23,-143.28,242.73,-143.30,242.66,-143.48,242.74,-143.65,242.90
ND_aTu8teDhHiw_frame019735_r.jpg,0,-157.35,387.66,-156.97,387.93,-156.86,388.18,-156.94,388.39,-157.14,388.60,-156.82,387.91,-156.82,388.20,-156.94,388.41,-157.05,388.42,-157.09,387.86,-157.08,388.15,-157.19,388.43,-157.28,388.65,-157.43,387.85,-157.37,388.12,-157.41,388.44,-157.46,388.72,-157.69,387.89,-157.76,388.16,-157.83,388.40,-157.90,388.73
ND_aTu8teDhHiw_frame020931_r.jpg,0,-215.69,381.28,-215.41,381.40,-215.19,381.21,-215.37,381.03,-215.78,380.92,-215.11,380.72,-215.35,380.98,-215.51,381.17,-215.52,381.23,-215.32,380.44,-215.59,380.70,-215.75,380.98,-215.82,381.24,-215.66,380.38,-215.80,380.53,-215.94,380.85,-215.98,381.13,-215.94,380.41,-216.09,380.27,-216.22,380.43,-216.20,380.72
ND_aTu8teDhHiw_frame023622_r.jpg,0,84.50,42.19,84.62,41.84,84.77,41.56,84.73,41.32,84.57,41.16,84.14,41.29,83.97,40.98,84.04,41.02,84.22,41.23,83.87,41.39,83.63,41.16,83.75,41.25,83.98,41.41,83.74,41.66,83.60,41.40,83.74,41.44,83.96,41.63,83.69,41.91,83.48,41.79,83.48,41.72,83.63,41.69
ND_aTu8teDhHiw_frame024519_r.jpg,0,86.20,50.72,85.93,50.95,85.63,50.82,85.36,50.64,85.01,50.53,85.71,50.60,85.31,50.52,85.14,50.52,85.12,50.58,85.69,50.29,85.30,50.29,85.05,50.33,84.91,50.46,85.71,50.10,85.36,50.04,85.07,50.05,84.86,50.18,85.69,49.99,85.45,49.93,85.22,49.94,84.99,50.08
ND_aXI8mq6y2tM_frame000001_r.jpg,0,-901.90,-377.05,-901.10,-376.19,-900.38,-375.56,-899.70,-375.07,-898.86,-374.36,-899.20,-376.42,-898.20,-376.51,-897.51,-376.54,-896.72,-376.62,-899.00,-377.17,-898.04,-377.21,-897.32,-377.19,-896.53,-377.09,-899.36,-377.85,-898.52,-377.88,-897.78,-378.00,-896.99,-378.04,-899.71,-378.32,-899.14,-378.51,-898.63,-378.73,-898.03,-378.97
ND_aZkOQlCC-Hk_frame010167_l.jpg,0,513.60,-248.36,513.94,-248.47,514.22,-248.49,514.44,-248.49,514.48,-248.46,514.16,-248.98,514.42,-248.96,514.51,-248.77,514.45,-248.61,514.06,-249.02,514.32,-248.91,514.39,-248.71,514.32,-248.59,513.91,-248.88,514.18,-248.83,514.27,-248.63,514.21,-248.52,513.81,-248.74,514.00,-248.68,514.08,-248.55,514.05,-248.47
ND_aZkOQlCC-Hk_frame017642_r.jpg,0,291.52,-97.70,291.57,-97.55,291.60,-97.51,291.57,-97.58,291.49,-97.61,291.77,-97.74,291.75,-97.79,291.63,-97.81,291.48,-97.80,291.74,-97.92,291.57,-97.90,291.41,-97.84,291.24,-97.76,291.61,-98.04,291.54,-98.05,291.38,-98.00,291.22,-97.91,291.49,-98.10,291.46,-98.13,291.38,-98.11,291.29,-98.06
ND_aZkOQlCC-Hk_frame018240_l.jpg,0,529.80,31.72,530.00,31.75,530.20,31.77,530.37,31.79,530.51,31.81,530.33,31.49,530.51,31.59,530.53,31.73,530.45,31.87,530.34,31.44,530.48,31.60,530.46,31.75,530.36,31.84,530.26,31.49,530.41,31.61,530.40,31.77,530.30,31.85,530.19,31.56,530.32,31.63,530.34,31.75,530.28,31.83
ND_afzUpCoDf2U_frame003290_r.jpg,0,498.92,-183.85,499.53,-184.40,500.34,-184.68,500.92,-185.06,501.27,-185.59,499.84,-186.16,500.65,-186.51,501.16,-186.17,501.34,-185.52,499.82,-186.33,500.67,-186.57,501.18,-186.15,501.28,-185.49,499.78,-185.92,500.48,-186.31,501.13,-186.07,501.36,-185.53,499.83,-185.49,500.28,-185.83,500.78,-185.81,500.99,-185.47
ND_aktFussLQ6k_frame000001_r.jpg,0,458.14,18.89,458.26,19.03,458.39,19.21,458.49,19.38,458.51,19.52,458.69,19.24,458.66,19.48,458.55,19.61,458.39,19.65,458.71,19.29,458.63,19.51,458.48,19.59,458.30,19.57,458.60,19.30,458.57,19.50,458.41,19.57,458.25,19.55,458.47,19.31,458.51,19.47,458.44,19.58,458.32,19.59
ND_aqDqvuffwKU_frame008971_l.jpg,0,-182.31,296.78,-182.42,296.46,-182.57,296.25,-182.69,296.12,-182.81,296.02,-182.25,296.16,-182.39,296.05,-182.58,296.08,-182.78,296.15,-182.20,296.30,-182.43,296.26,-182.62,296.31,-182.82,296.34,-182.23,296.53,-182.43,296.44,-182.64,296.49,-182.81,296.50,-182.29,296.71,-182.45,296.63,-182.61,296.65,-182.76,296.66
ND_arMflWot69I_frame001197_r.jpg,0,836.94,160.05,837.09,160.14,837.12,160.25,837.15,160.30,837.20,160.35,837.30,160.12,837.36,160.22,837.38,160.31,837.43,160.38,837.25,160.10,837.26,160.23,837.19,160.26,837.16,160.21,837.14,160.10,837.19,160.22,837.12,160.27,837.08,160.26,837.05,160.11,837.10,160.19,837.06,160.24,837.03,160.20
ND_arMflWot69I_frame005084_l.jpg,0,371.66,304.21,371.74,304.04,371.87,303.99,372.00,303.96,372.14,303.91,372.04,303.99,372.17,303.97,372.21,303.96,372.24,303.94,372.11,304.09,372.26,304.07,372.29,304.04,372.27,303.99,372.08,304.21,372.18,304.14,372.20,304.09,372.19,304.03,372.05,304.29,372.11,304.21,372.12,304.16,372.14,304.11
ND_atQpg1T_G5s_frame001751_l.jpg,0,424.19,386.78,424.25,386.79,424.28,386.85,424.29,386.90,424.31,386.96,424.23,386.83,424.24,386.89,424.26,386.93,424.27,386.96,424.18,386.85,424.19,386.92,424.22,386.96,424.24,386.98,424.15,386.88,424.17,386.93,424.19,386.98,424.21,387.02,424.13,386.90,424.15,386.94,424.17,386.97,424.19,387.01
ND_atQpg1T_G5s_frame002751_l.jpg,0,508.72,324.11,508.74,324.06,508.77,324.01,508.81,324.00,508.87,324.01,508.80,324.07,508.85,324.05,508.88,324.03,508.89,324.00,508.83,324.10,508.88,324.10,508.91,324.08,508.93,324.05,508.84,324.14,508.88,324.12,508.91,324.10,508.93,324.07,508.84,324.15,508.88,324.14,508.90,324.12,508.91,324.09
ND_atQpg1T_G5s_frame003501_r.jpg,0,8.69,-322.96,8.95,-322.60,8.92,-322.25,8.77,-321.99,8.52,-321.66,8.79,-322.00,8.78,-321.64,8.74,-321.43,8.69,-321.33,8.51,-321.99,8.48,-321.65,8.49,-321.63,8.55,-321.80,8.27,-322.14,8.28,-321.82,8.34,-321.78,8.46,-321.92,8.10,-322.26,8.12,-322.04,8.21,-321.98,8.34,-322.05
ND_atQpg1T_G5s_frame006251_l.jpg,0,-213.67,-208.33,-213.33,-208.19,-213.11,-207.98,-212.99,-207.77,-212.86,-207.55,-212.96,-208.14,-212.77,-207.92,-212.71,-207.71,-212.72,-207.49,-213.10,-208.10,-212.92,-207.90,-212.85,-207.68,-212.83,-207.45,-213.36,-208.06,-213.17,-207.90,-213.10,-207.67,-213.09,-207.47,-213.56,-208.00,-213.50,-207.84,-213.45,-207.66,-213.41,-207.54
ND_atQpg1T_G5s_frame009501_r.jpg,0,357.66,208.45,357.57,208.50,357.48,208.54,357.42,208.61,357.39,208.72,357.61,208.69,357.61,208.80,357.57,208.84,357.51,208.86,357.66,208.74,357.65,208.84,357.60,208.88,357.53,208.90,357.70,208.73,357.69,208.82,357.64,208.88,357.57,208.91,357.72,208.71,357.70,208.78,357.67,208.84,357.62,208.88
ND_atQpg1T_G5s_frame014001_l.jpg,0,987.03,386.72,987.10,386.65,987.18,386.57,987.25,386.50,987.38,386.46,987.28,386.78,987.40,386.75,987.46,386.70,987.51,386.63,987.32,386.84,987.42,386.77,987.46,386.70,987.50,386.62,987.32,386.87,987.41,386.80,987.45,386.72,987.48,386.64,987.32,386.86,987.38,386.82,987.42,386.76,987.44,386.69
ND_b99P3egKLsc_frame001501_l.jpg,0,44.24,261.11,44.41,260.67,44.62,260.48,44.81,260.39,44.97,260.29,44.16,260.09,44.40,259.90,44.66,259.96,44.92,260.09,44.09,260.20,44.32,260.01,44.60,260.06,44.87,260.18,44.12,260.49,44.44,260.35,44.74,260.34,45.05,260.36,44.21,260.74,44.43,260.60,44.66,260.56,44.89,260.54
ND_b9iitXnUYSA_frame000901_l.jpg,0,139.39,204.50,139.56,204.44,139.70,204.46,139.81,204.52,139.91,204.57,139.63,204.46,139.70,204.55,139.80,204.62,139.88,204.65,139.56,204.56,139.67,204.67,139.77,204.74,139.85,204.75,139.49,204.66,139.60,204.75,139.70,204.81,139.74,204.80,139.45,204.74,139.52,204.81,139.59,204.85,139.62,204.82
ND_b9iitXnUYSA_frame001201_r.jpg,0,-50.61,71.19,-50.79,71.26,-50.87,71.12,-50.96,70.98,-51.10,70.82,-50.80,71.10,-50.89,70.94,-50.99,70.84,-51.11,70.74,-50.74,70.95,-50.93,70.87,-51.06,70.80,-51.20,70.70,-50.69,70.85,-50.87,70.82,-51.03,70.77,-51.18,70.71,-50.67,70.77,-50.80,70.77,-50.92,70.77,-51.07,70.77
ND_bKn8JK-CQhw_frame022725_l.jpg,0,490.40,-96.31,490.36,-96.14,490.30,-96.00,490.19,-95.93,490.04,-95.82,490.00,-96.18,489.80,-96.23,489.65,-96.20,489.49,-96.14,489.87,-96.25,489.70,-96.13,489.58,-96.02,489.43,-95.93,489.85,-96.30,489.69,-96.20,489.56,-96.09,489.42,-95.99,489.85,-96.30,489.73,-96.33,489.60,-96.34,489.47,-96.35
ND_bQ9gEUxY-hE_frame001251_r.jpg,0,106.08,-249.38,105.84,-249.22,105.68,-249.07,105.62,-248.88,105.66,-248.63,105.84,-248.80,105.73,-248.59,105.72,-248.71,105.83,-248.85,106.00,-248.72,105.89,-248.57,105.87,-248.70,105.92,-248.87,106.17,-248.76,106.04,-248.62,106.00,-248.76,106.03,-248.94,106.28,-248.80,106.19,-248.70,106.15,-248.80,106.18,-248.93
ND_bRLSdQCylWo_frame001001_r.jpg,0,342.84,441.10,342.81,441.18,342.81,441.29,342.81,441.39,342.85,441.51,342.73,441.39,342.72,441.51,342.75,441.59,342.80,441.66,342.75,441.43,342.78,441.54,342.83,441.60,342.87,441.67,342.82,441.40,342.82,441.50,342.85,441.57,342.89,441.64,342.88,441.37,342.88,441.44,342.89,441.51,342.89,441.59
ND_bRLSdQCylWo_frame001751_l.jpg,0,612.49,96.02,612.44,96.06,612.42,96.10,612.40,96.14,612.39,96.20,612.44,96.14,612.45,96.19,612.46,96.22,612.47,96.24,612.48,96.15,612.49,96.20,612.50,96.23,612.51,96.26,612.52,96.14,612.52,96.19,612.53,96.22,612.54,96.25,612.54,96.13,612.56,96.16,612.57,96.19,612.58,96.22
ND_bRLSdQCylWo_frame005751_r.jpg,0,665.72,289.78,665.65,289.76,665.60,289.77,665.57,289.81,665.55,289.86,665.57,289.81,665.52,289.83,665.50,289.86,665.47,289.89,665.59,289.85,665.56,289.90,665.57,289.89,665.58,289.86,665.62,289.88,665.60,289.92,665.60,289.91,665.61,289.87,665.65,289.90,665.64,289.92,665.65,289.91,665.66,289.88
ND_bRLSdQCylWo_frame006751_l.jpg,0,582.48,490.46,582.57,490.51,582.65,490.54,582.71,490.57,582.79,490.58,582.58,490.55,582.60,490.61,582.61,490.66,582.62,490.71,582.51,490.56,582.51,490.63,582.51,490.68,582.51,490.72,582.43,490.57,582.44,490.62,582.44,490.66,582.44,490.70,582.38,490.59,582.37,490.62,582.35,490.66,582.34,490.69
ND_bSsaepDSoW4_frame009270_r.jpg,0,166.63,-90.36,166.95,-90.79,167.45,-91.16,167.82,-91.57,168.30,-92.11,167.12,-92.10,167.65,-92.52,168.09,-92.43,168.45,-92.07,167.19,-92.22,167.79,-92.45,168.18,-92.22,168.38,-91.79,167.28,-91.92,167.76,-92.17,168.18,-91.96,168.27,-91.52,167.40,-91.61,167.73,-91.82,168.01,-91.72,168.03,-91.43
ND_bTZuRGPrHrY_frame001197_l.jpg,0,334.51,161.30,334.53,161.04,334.56,160.96,334.68,160.94,334.76,160.97,334.97,160.94,335.15,160.87,335.14,160.88,335.08,160.91,335.07,161.11,335.25,161.13,335.16,161.14,335.04,161.12,335.01,161.32,335.01,161.32,334.88,161.34,334.75,161.32,334.93,161.48,334.87,161.47,334.77,161.46,334.65,161.42
ND_bXhU-hZdbxg_frame044001_l.jpg,0,465.41,196.99,465.30,196.99,465.24,197.05,465.20,197.11,465.16,197.19,465.19,196.93,465.14,196.90,465.10,196.90,465.05,196.92,465.23,196.93,465.18,196.96,465.14,197.00,465.09,197.02,465.29,196.97,465.23,196.97,465.19,196.99,465.13,197.01,465.34,197.01,465.29,197.01,465.25,197.04,465.20,197.06
ND_bXuBoeJSvbM_frame001251_l.jpg,0,-473.47,-293.00,-473.97,-293.28,-474.53,-293.49,-475.04,-293.68,-475.75,-293.86,-473.94,-294.59,-474.12,-295.25,-474.37,-295.64,-474.68,-296.05,-473.78,-294.87,-473.93,-295.50,-474.20,-295.89,-474.56,-296.28,-473.68,-294.75,-473.85,-295.31,-474.11,-295.74,-474.43,-296.15,-473.69,-294.58,-473.79,-294.99,-473.95,-295.35,-474.15,-295.71
ND_bbHXpmoM0sQ_frame005293_r.jpg,0,350.26,-189.42,350.54,-189.54,350.90,-189.71,351.23,-189.85,351.69,-190.03,350.69,-190.42,350.98,-190.77,351.27,-190.88,351.61,-190.92,350.70,-190.62,351.04,-190.91,351.36,-190.83,351.57,-190.57,350.71,-190.55,351.01,-190.79,351.34,-190.70,351.48,-190.43,350.75,-190.43,351.00,-190.55,351.22,-190.42,351.24,-190.22
ND_bblJ0nkrOQQ_frame002094_l.jpg,0,-20.19,-204.14,-20.36,-204.13,-20.54,-204.12,-20.70,-204.09,-20.91,-204.06,-20.69,-204.33,-20.83,-204.19,-20.79,-204.07,-20.69,-203.96,-20.71,-204.34,-20.75,-204.16,-20.69,-204.04,-20.56,-203.99,-20.65,-204.28,-20.70,-204.12,-20.61,-204.02,-20.48,-204.02,-20.59,-204.20,-20.63,-204.10,-20.56,-204.03,-20.46,-204.04
ND_bfSRDaGb2Fc_frame047041_l.jpg,0,465.86,432.79,465.84,432.83,465.81,432.88,465.77,432.91,465.73,432.95,465.73,432.82,465.71,432.88,465.73,432.91,465.75,432.94,465.70,432.80,465.69,432.86,465.71,432.90,465.75,432.92,465.70,432.80,465.69,432.85,465.71,432.89,465.75,432.90,465.71,432.80,465.70,432.84,465.72,432.87,465.75,432.88
ND_bfSRDaGb2Fc_frame057121_l.jpg,0,335.43,426.62,335.37,426.64,335.32,426.66,335.28,426.68,335.23,426.69,335.28,426.60,335.26,426.65,335.28,426.68,335.32,426.68,335.29,426.58,335.28,426.63,335.30,426.66,335.33,426.66,335.32,426.57,335.30,426.62,335.32,426.65,335.34,426.66,335.35,426.58,335.33,426.60,335.34,426.63,335.36,426.64
ND_bgwyWpNKRrg_frame000599_r.jpg,0,319.24,365.58,319.17,365.58,319.08,365.62,319.01,365.68,318.92,365.77,318.94,365.62,318.89,365.71,318.92,365.78,318.98,365.83,318.92,365.66,318.88,365.76,318.92,365.82,318.97,365.86,318.96,365.71,318.92,365.78,318.94,365.85,319.00,365.87,319.01,365.75,318.96,365.79,318.96,365.84,318.99,365.86
ND_bgwyWpNKRrg_frame009270_l.jpg,0,-544.37,-371.97,-544.56,-372.88,-545.17,-373.33,-545.80,-373.53,-546.63,-373.87,-545.04,-373.82,-545.75,-374.15,-546.26,-374.21,-546.83,-374.25,-545.35,-373.50,-546.08,-373.66,-546.62,-373.74,-547.20,-373.88,-545.57,-372.90,-546.17,-373.26,-546.67,-373.44,-547.03,-373.71,-545.77,-372.42,-546.12,-372.77,-546.44,-373.05,-546.76,-373.45
ND_bozltk8thxU_frame011064_l.jpg,0,247.97,-19.52,248.07,-19.57,248.14,-19.56,248.17,-19.50,248.15,-19.44,248.22,-19.43,248.25,-19.43,248.22,-19.46,248.18,-19.49,248.19,-19.36,248.18,-19.38,248.14,-19.42,248.12,-19.44,248.11,-19.33,248.10,-19.36,248.08,-19.39,248.05,-19.42,248.04,-19.32,248.03,-19.36,248.01,-19.38,247.99,-19.42
ND_bvKJkvztxEk_frame000301_l.jpg,0,-195.85,-101.01,-196.17,-101.10,-196.42,-101.19,-196.66,-101.24,-196.96,-101.32,-196.48,-101.39,-196.75,-101.35,-196.92,-101.27,-197.10,-101.16,-196.42,-101.34,-196.67,-101.24,-196.84,-101.15,-197.04,-101.05,-196.28,-101.19,-196.51,-101.15,-196.70,-101.05,-196.88,-100.94,-196.18,-101.03,-196.33,-101.01,-196.48,-100.94,-196.62,-100.87
ND_bw_oSYvGBKc_frame000001_l.jpg,0,303.55,-301.33,303.36,-301.39,303.19,-301.35,303.05,-301.28,302.87,-301.20,303.04,-301.25,302.87,-301.17,302.76,-301.10,302.64,-301.02,303.06,-301.12,302.93,-301.00,302.84,-300.90,302.73,-300.82,303.18,-301.02,303.05,-300.93,302.97,-300.82,302.87,-300.75,303.29,-300.96,303.20,-300.88,303.14,-300.80,303.06,-300.71
ND_bw_oSYvGBKc_frame000600_r.jpg,0,857.35,77.16,857.33,77.23,857.24,77.17,857.11,77.04,856.98,76.84,856.83,77.27,856.65,77.28,856.57,77.25,856.42,77.21,856.69,77.13,856.75,76.98,856.91,76.89,857.09,76.79,856.72,76.97,856.68,76.86,856.83,76.77,857.01,76.73,856.77,76.83,856.63,76.81,856.55,76.74,856.45,76.70
ND_bw_oSYvGBKc_frame013778_l.jpg,0,798.21,-348.48,798.52,-348.28,798.77,-348.13,798.95,-347.96,799.20,-347.80,798.43,-347.81,798.43,-347.47,798.50,-347.26,798.58,-347.12,798.19,-347.70,798.18,-347.37,798.23,-347.14,798.32,-346.93,797.99,-347.72,797.94,-347.44,797.96,-347.18,798.05,-346.95,797.87,-347.74,797.81,-347.53,797.76,-347.34,797.77,-347.15
ND_c4C00l8sb7c_frame021301_r.jpg,0,735.80,88.84,736.24,88.54,736.63,88.32,736.94,88.15,737.27,87.97,736.48,87.73,736.76,87.42,737.06,87.37,737.41,87.34,736.37,87.74,736.67,87.56,736.99,87.61,737.36,87.65,736.23,88.01,736.65,87.95,736.77,88.23,736.74,88.46,736.17,88.29,736.47,88.31,736.59,88.49,736.59,88.70
ND_c4C00l8sb7c_frame027001_l.jpg,0,-345.68,-257.72,-345.76,-258.30,-346.07,-258.66,-346.41,-258.88,-346.83,-259.19,-345.95,-258.74,-346.24,-258.95,-346.54,-259.08,-346.77,-259.14,-346.13,-258.50,-346.48,-258.75,-346.70,-258.80,-346.65,-258.78,-346.29,-258.12,-346.61,-258.42,-346.85,-258.50,-346.86,-258.55,-346.44,-257.85,-346.68,-258.05,-346.89,-258.16,-347.03,-258.29
ND_c7WbZz0mdeU_frame000001_r.jpg,0,-120.47,-198.34,-120.10,-198.33,-119.75,-198.14,-119.48,-197.94,-119.20,-197.63,-119.39,-198.71,-119.09,-198.42,-119.00,-198.16,-118.88,-197.86,-119.34,-198.73,-118.98,-198.55,-118.87,-198.28,-118.91,-197.98,-119.50,-198.58,-119.22,-198.37,-119.27,-198.08,-119.53,-197.97,-119.63,-198.41,-119.43,-198.27,-119.38,-198.07,-119.48,-197.97
ND_c8QxE_ZF1Fw_frame009868_r.jpg,0,416.10,324.49,416.07,324.55,416.03,324.57,415.98,324.56,415.94,324.52,416.04,324.49,415.96,324.52,415.96,324.53,416.01,324.51,416.01,324.42,415.94,324.47,415.94,324.50,416.00,324.49,415.99,324.38,415.92,324.42,415.93,324.46,415.99,324.46,415.97,324.36,415.92,324.38,415.91,324.42,415.94,324.44
ND_c8QxE_ZF1Fw_frame010765_r.jpg,0,386.97,165.47,386.91,165.46,386.83,165.39,386.76,165.33,386.68,165.25,386.92,165.27,386.82,165.22,386.74,165.23,386.67,165.25,386.93,165.20,386.83,165.15,386.76,165.17,386.69,165.22,386.92,165.19,386.85,165.15,386.76,165.16,386.70,165.21,386.91,165.20,386.85,165.18,386.79,165.18,386.73,165.21
ND_cAaz6_B6Zak_frame001201_r.jpg,0,-721.72,-170.78,-720.45,-170.33,-720.36,-169.85,-720.47,-169.28,-720.68,-168.21,-719.72,-171.14,-719.90,-170.01,-720.10,-169.15,-720.21,-168.17,-720.48,-171.34,-720.51,-170.13,-720.59,-169.20,-720.63,-168.16,-721.50,-171.18,-721.15,-170.16,-721.08,-169.17,-720.96,-168.18,-722.27,-170.89,-721.87,-170.19,-721.63,-169.48,-721.34,-168.50
ND_cDXIkb31eu4_frame000718_r.jpg,0,-773.57,-929.77,-773.11,-929.17,-772.64,-928.66,-771.99,-928.51,-771.05,-928.58,-772.39,-930.03,-771.55,-930.22,-771.06,-929.98,-770.91,-929.52,-772.16,-930.69,-771.41,-930.97,-770.82,-930.75,-770.64,-930.19,-772.06,-931.07,-771.50,-931.42,-770.82,-931.26,-770.55,-930.65,-771.95,-931.25,-771.51,-931.62,-770.96,-931.58,-770.65,-931.13
ND_cFDd4eK12d4_frame009569_r.jpg,0,500.35,-123.29,500.00,-123.02,499.68,-122.94,499.37,-122.92,499.19,-123.07,499.31,-123.30,499.06,-123.12,499.23,-122.98,499.49,-122.86,499.29,-123.55,499.17,-123.31,499.35,-123.13,499.62,-123.03,499.48,-123.70,499.29,-123.49,499.42,-123.27,499.67,-123.15,499.65,-123.77,499.50,-123.64,499.57,-123.44,499.74,-123.29
ND_cFDd4eK12d4_frame040366_l.jpg,0,-172.84,-16.83,-173.22,-16.87,-173.49,-16.72,-173.67,-16.50,-173.83,-16.17,-173.71,-16.73,-173.93,-16.48,-173.91,-16.36,-173.80,-16.34,-173.63,-16.55,-173.78,-16.30,-173.73,-16.24,-173.65,-16.28,-173.42,-16.39,-173.58,-16.25,-173.58,-16.19,-173.57,-16.21,-173.24,-16.26,-173.38,-16.20,-173.42,-16.20,-173.45,-16.22
ND_cOqYwd-suh8_frame002701_l.jpg,0,150.71,-85.73,150.72,-85.59,150.72,-85.47,150.70,-85.37,150.69,-85.23,150.54,-85.42,150.47,-85.33,150.44,-85.27,150.43,-85.21,150.49,-85.44,150.48,-85.34,150.50,-85.28,150.53,-85.21,150.50,-85.50,150.49,-85.39,150.52,-85.33,150.57,-85.26,150.53,-85.54,150.53,-85.46,150.54,-85.40,150.56,-85.34
ND_cQsXuWFfQgs_frame000901_l.jpg,0,584.10,256.46,584.16,256.39,584.23,256.36,584.29,256.34,584.37,256.32,584.24,256.36,584.29,256.32,584.33,256.30,584.37,256.27,584.24,256.41,584.28,256.40,584.32,256.40,584.37,256.39,584.23,256.48,584.28,256.49,584.33,256.51,584.39,256.52,584.22,256.53,584.27,256.55,584.31,256.57,584.36,256.59
ND_cQsXuWFfQgs_frame002701_l.jpg,0,679.72,230.78,679.71,230.69,679.73,230.64,679.74,230.62,679.74,230.59,679.60,230.62,679.60,230.57,679.64,230.55,679.69,230.54,679.58,230.66,679.57,230.62,679.62,230.61,679.68,230.60,679.61,230.71,679.63,230.67,679.69,230.64,679.74,230.62,679.65,230.75,679.68,230.71,679.72,230.68,679.77,230.64
ND_cQsXuWFfQgs_frame005401_r.jpg,0,288.89,202.59,288.93,202.46,288.83,202.40,288.74,202.38,288.64,202.35,288.73,202.29,288.67,202.18,288.63,202.11,288.57,202.03,288.64,202.34,288.55,202.27,288.47,202.22,288.39,202.17,288.61,202.44,288.53,202.39,288.44,202.35,288.35,202.32,288.60,202.53,288.54,202.51,288.47,202.50,288.39,202.49
ND_cQsXuWFfQgs_frame006901_l.jpg,0,406.21,-155.16,406.12,-155.10,406.03,-155.00,406.08,-154.88,406.25,-154.79,406.15,-154.70,406.26,-154.63,406.36,-154.70,406.44,-154.85,406.28,-154.63,406.42,-154.54,406.53,-154.60,406.60,-154.73,406.42,-154.69,406.53,-154.59,406.63,-154.63,406.70,-154.72,406.53,-154.76,406.63,-154.70,406.71,-154.71,406.76,-154.74
ND_cQsXuWFfQgs_frame012601_l.jpg,0,-329.97,-393.39,-330.19,-393.25,-330.35,-392.98,-330.50,-392.69,-330.67,-392.30,-330.98,-393.28,-331.35,-393.12,-331.46,-392.87,-331.51,-392.57,-331.10,-393.25,-331.31,-392.93,-331.31,-392.65,-331.25,-392.35,-330.98,-393.18,-331.22,-392.94,-331.25,-392.65,-331.15,-392.42,-330.84,-393.08,-331.03,-392.91,-331.00,-392.71,-330.87,-392.62
ND_cR9zlAQUYIA_frame003888_r.jpg,0,536.84,-199.54,536.76,-200.46,537.23,-201.08,537.52,-201.74,537.32,-202.65,537.10,-202.52,536.33,-203.30,535.62,-203.34,534.91,-202.99,536.90,-202.64,535.96,-203.11,535.23,-203.02,534.60,-202.66,536.49,-202.15,535.74,-202.67,535.15,-202.32,534.88,-201.85,536.07,-201.69,535.69,-202.19,535.34,-201.98,535.28,-201.55
ND_cTi9iTWAx8Y_frame008986_r.jpg,0,386.08,-116.84,386.24,-116.81,386.40,-116.87,386.52,-116.97,386.71,-117.01,386.48,-117.08,386.65,-117.16,386.73,-117.07,386.78,-116.93,386.50,-117.17,386.67,-117.23,386.73,-117.11,386.72,-116.97,386.45,-117.16,386.61,-117.18,386.70,-117.06,386.74,-116.93,386.42,-117.12,386.54,-117.12,386.62,-117.05,386.67,-116.96
ND_cTi9iTWAx8Y_frame018570_l.jpg,0,195.80,-100.42,195.96,-100.64,196.07,-100.79,196.19,-100.93,196.28,-101.14,196.44,-100.60,196.67,-100.52,196.80,-100.55,196.87,-100.63,196.50,-100.47,196.71,-100.45,196.81,-100.52,196.90,-100.63,196.41,-100.38,196.62,-100.39,196.75,-100.47,196.81,-100.59,196.32,-100.33,196.43,-100.44,196.51,-100.54,196.62,-100.65
ND_cenOA0SGYb4_frame000251_r.jpg,0,154.03,-143.18,153.97,-143.56,153.93,-143.76,153.93,-143.71,153.88,-143.54,154.52,-143.56,154.34,-143.59,154.12,-143.56,153.89,-143.49,154.62,-143.24,154.42,-143.29,154.20,-143.28,153.93,-143.30,154.53,-142.90,154.38,-142.96,154.16,-142.95,153.87,-143.03,154.39,-142.66,154.26,-142.70,154.10,-142.73,153.90,-142.86
ND_chAFbaS5wFk_frame000481_l.jpg,0,487.73,-326.93,487.60,-327.31,487.67,-327.56,487.87,-327.59,488.13,-327.46,487.75,-327.36,488.09,-327.46,488.33,-327.57,488.45,-327.65,487.99,-327.20,488.33,-327.34,488.54,-327.50,488.63,-327.67,488.22,-327.04,488.50,-327.25,488.68,-327.45,488.74,-327.60,488.40,-326.96,488.55,-327.17,488.68,-327.34,488.75,-327.52
ND_cmyHsRS_21s_frame001795_r.jpg,0,-76.17,-112.74,-76.15,-112.23,-76.16,-111.94,-76.37,-111.70,-76.45,-111.71,-76.82,-111.76,-76.96,-111.45,-76.78,-111.44,-76.58,-111.46,-77.00,-111.92,-77.31,-111.72,-77.43,-111.59,-77.62,-111.39,-76.94,-112.22,-77.16,-111.99,-77.22,-111.87,-77.29,-111.67,-76.84,-112.44,-76.87,-112.25,-76.83,-112.09,-76.81,-111.87
ND_cmyHsRS_21s_frame002393_l.jpg,0,781.70,-106.76,781.75,-106.40,781.77,-106.13,781.66,-105.93,781.59,-105.72,781.37,-106.12,781.15,-105.89,781.02,-105.73,780.87,-105.56,781.15,-106.22,780.93,-106.03,780.95,-105.95,781.02,-105.92,781.04,-106.40,780.86,-106.20,780.89,-106.13,780.98,-106.15,780.98,-106.52,780.86,-106.36,780.87,-106.32,780.94,-106.35
ND_d5Z32tI1Uqg_frame007801_l.jpg,0,811.91,311.43,811.88,311.35,811.82,311.34,811.73,311.35,811.61,311.38,811.66,311.15,811.56,311.04,811.48,310.98,811.40,310.90,811.58,311.17,811.45,311.20,811.47,311.29,811.57,311.35,811.55,311.26,811.48,311.32,811.56,311.40,811.67,311.40,811.54,311.35,811.54,311.39,811.61,311.43,811.70,311.43
ND_d5Z32tI1Uqg_frame009901_r.jpg,0,843.88,792.37,844.03,792.29,844.18,792.26,844.31,792.28,844.44,792.26,844.13,792.44,844.28,792.53,844.39,792.58,844.50,792.63,844.10,792.58,844.25,792.66,844.36,792.66,844.45,792.63,844.06,792.67,844.21,792.72,844.32,792.71,844.39,792.70,844.04,792.73,844.16,792.74,844.24,792.74,844.29,792.71
ND_d5Z32tI1Uqg_frame012301_r.jpg,0,326.32,51.86,326.45,51.73,326.76,51.77,327.07,51.71,327.25,51.25,325.97,51.04,325.63,50.76,325.80,50.52,326.15,50.49,325.85,50.78,326.04,50.37,326.36,50.27,326.68,50.44,325.91,50.71,326.07,50.36,326.41,50.25,326.72,50.44,326.04,50.69,326.20,50.48,326.47,50.44,326.64,50.64
ND_d5Z32tI1Uqg_frame013201_l.jpg,0,713.70,748.02,713.77,748.11,713.79,748.23,713.77,748.33,713.68,748.42,713.66,748.06,713.58,748.19,713.62,748.23,713.66,748.21,713.55,748.02,713.52,748.16,713.56,748.21,713.60,748.19,713.47,748.01,713.47,748.14,713.51,748.19,713.55,748.18,713.42,748.02,713.42,748.11,713.46,748.15,713.48,748.14
ND_d5wvg4Uuht8_frame001496_l.jpg,0,701.63,698.09,701.65,698.14,701.68,698.22,701.70,698.30,701.74,698.37,701.50,698.29,701.48,698.41,701.48,698.49,701.49,698.58,701.46,698.34,701.46,698.46,701.47,698.54,701.47,698.63,701.48,698.35,701.47,698.45,701.47,698.54,701.47,698.61,701.51,698.36,701.50,698.43,701.49,698.50,701.48,698.56
ND_d5wvg4Uuht8_frame001795_r.jpg,0,-221.70,243.41,-221.91,242.80,-222.24,242.41,-222.55,242.08,-222.92,241.58,-222.86,242.68,-222.89,242.58,-222.53,242.57,-222.36,242.66,-222.93,243.03,-222.53,242.86,-222.26,242.90,-222.19,242.93,-222.67,243.40,-222.35,243.07,-222.06,243.11,-221.93,243.20,-222.40,243.65,-222.23,243.33,-222.03,243.36,-221.97,243.50
ND_d5wvg4Uuht8_frame014054_l.jpg,0,843.25,438.22,843.16,438.26,843.06,438.31,842.97,438.36,842.87,438.39,842.92,438.17,842.79,438.20,842.71,438.23,842.63,438.28,842.88,438.15,842.77,438.20,842.69,438.24,842.61,438.29,842.92,438.18,842.81,438.20,842.73,438.25,842.66,438.30,842.96,438.21,842.88,438.22,842.81,438.24,842.75,438.28
ND_d5wvg4Uuht8_frame019735_r.jpg,0,852.05,661.12,851.97,661.24,851.87,661.31,851.77,661.33,851.77,661.30,851.73,661.22,851.67,661.31,851.71,661.34,851.79,661.31,851.69,661.13,851.63,661.22,851.65,661.27,851.73,661.28,851.72,661.06,851.67,661.14,851.69,661.19,851.78,661.19,851.76,661.01,851.70,661.06,851.75,661.09,851.81,661.09
ND_d6IpyTt-iVU_frame004201_r.jpg,0,80.32,116.78,80.30,116.74,80.27,116.71,80.23,116.71,80.19,116.71,80.22,116.73,80.18,116.72,80.19,116.73,80.21,116.73,80.20,116.76,80.18,116.76,80.19,116.76,80.22,116.76,80.21,116.79,80.18,116.79,80.19,116.79,80.21,116.79,80.22,116.81,80.20,116.81,80.20,116.81,80.20,116.81
ND_d6IpyTt-iVU_frame013801_r.jpg,0,186.33,304.86,186.12,304.74,185.94,304.71,185.82,304.67,185.61,304.62,186.02,304.66,185.97,304.60,185.93,304.52,185.89,304.49,186.15,304.65,186.09,304.57,186.05,304.50,186.00,304.48,186.32,304.64,186.23,304.58,186.17,304.52,186.10,304.50,186.45,304.62,186.43,304.58,186.43,304.53,186.40,304.51
ND_dFvMilz8HCY_frame001674_l.jpg,0,-395.61,-162.43,-395.89,-162.70,-396.30,-162.93,-396.66,-163.18,-397.15,-163.42,-395.97,-163.79,-396.15,-164.32,-396.35,-164.63,-396.59,-164.98,-396.00,-163.96,-396.31,-164.39,-396.63,-164.62,-396.98,-164.84,-396.05,-163.79,-396.32,-164.18,-396.65,-164.43,-396.95,-164.66,-396.14,-163.59,-396.33,-163.88,-396.55,-164.10,-396.76,-164.31
ND_dIM9SjRb-LE_frame010801_r.jpg,0,1540.95,72.77,1540.93,72.72,1541.01,72.66,1541.12,72.64,1541.24,72.73,1541.21,72.66,1541.33,72.66,1541.39,72.73,1541.44,72.82,1541.31,72.73,1541.34,72.88,1541.32,73.00,1541.32,73.13,1541.33,72.83,1541.35,72.95,1541.34,73.08,1541.32,73.20,1541.31,72.92,1541.35,73.00,1541.36,73.08,1541.37,73.17
ND_dIM9SjRb-LE_frame011101_r.jpg,0,645.45,33.26,645.33,33.20,645.27,33.17,645.32,33.20,645.40,33.27,645.48,33.09,645.51,33.15,645.50,33.25,645.45,33.35,645.61,33.14,645.59,33.27,645.55,33.37,645.47,33.46,645.68,33.25,645.68,33.35,645.64,33.46,645.55,33.54,645.71,33.35,645.70,33.44,645.67,33.53,645.58,33.58
ND_da7yzp8xqu0_frame002101_l.jpg,0,172.77,241.56,172.50,241.25,172.26,241.02,172.11,240.81,172.06,240.72,172.63,240.59,172.56,240.26,172.47,240.06,172.37,239.85,172.78,240.59,172.72,240.34,172.50,240.40,172.35,240.60,172.85,240.80,172.76,240.53,172.52,240.58,172.33,240.75,172.87,240.99,172.86,240.78,172.70,240.70,172.51,240.67
ND_doe7iw-czWs_frame002393_l.jpg,0,261.90,51.31,262.01,51.32,262.08,51.40,262.13,51.48,262.20,51.58,262.02,51.50,262.08,51.60,262.15,51.64,262.19,51.63,261.98,51.57,262.07,51.64,262.12,51.62,262.15,51.57,261.94,51.59,262.04,51.63,262.10,51.60,262.12,51.57,261.93,51.60,262.00,51.60,262.06,51.59,262.08,51.56
ND_doe7iw-czWs_frame003290_r.jpg,0,88.42,-129.81,88.34,-129.63,88.34,-129.47,88.39,-129.34,88.46,-129.18,88.29,-129.41,88.34,-129.25,88.41,-129.22,88.39,-129.30,88.38,-129.43,88.48,-129.31,88.54,-129.34,88.45,-129.42,88.49,-129.51,88.56,-129.38,88.62,-129.40,88.54,-129.49,88.59,-129.57,88.62,-129.47,88.65,-129.46,88.61,-129.54
ND_doe7iw-czWs_frame006878_l.jpg,0,280.55,191.64,280.55,191.58,280.58,191.53,280.62,191.50,280.66,191.46,280.59,191.56,280.64,191.53,280.67,191.51,280.69,191.49,280.62,191.59,280.67,191.56,280.70,191.54,280.70,191.52,280.65,191.62,280.69,191.59,280.71,191.56,280.71,191.54,280.67,191.64,280.69,191.61,280.71,191.59,280.71,191.57
ND_dqxltOcYX9U_frame000001_r.jpg,0,698.60,-98.00,698.71,-97.66,698.77,-97.54,698.79,-97.50,699.19,-97.38,699.32,-97.80,699.47,-97.43,699.27,-97.46,699.01,-97.59,699.53,-98.00,699.56,-97.65,699.32,-97.61,699.02,-97.69,699.59,-98.13,699.83,-97.86,699.62,-97.69,699.31,-97.68,699.61,-98.19,699.73,-98.43,699.82,-98.63,699.99,-98.80
ND_drEx1I00258_frame000301_l.jpg,0,99.89,302.13,99.94,302.15,99.97,302.16,99.98,302.19,99.99,302.24,99.98,302.20,99.98,302.24,99.98,302.24,99.97,302.23,99.96,302.23,99.96,302.27,99.96,302.26,99.96,302.25,99.92,302.23,99.93,302.27,99.93,302.26,99.92,302.25,99.90,302.23,99.90,302.26,99.90,302.26,99.90,302.25
ND_drrTsbfZhnA_frame002401_r.jpg,0,580.08,401.93,580.20,401.97,580.31,401.97,580.40,401.93,580.53,401.90,580.40,401.84,580.51,401.79,580.56,401.79,580.61,401.83,580.41,401.78,580.49,401.81,580.50,401.86,580.51,401.94,580.36,401.78,580.44,401.82,580.45,401.89,580.44,401.98,580.31,401.79,580.39,401.81,580.43,401.87,580.45,401.94
ND_drrTsbfZhnA_frame005401_l.jpg,0,992.47,594.97,992.60,594.96,992.70,594.98,992.74,595.04,992.77,595.12,992.70,595.05,992.76,595.14,992.78,595.17,992.79,595.18,992.65,595.12,992.72,595.20,992.74,595.21,992.75,595.22,992.58,595.17,992.66,595.23,992.69,595.26,992.70,595.27,992.54,595.20,992.58,595.26,992.61,595.28,992.63,595.28
ND_drrTsbfZhnA_frame024601_l.jpg,0,1149.45,94.65,1149.42,94.66,1149.50,94.85,1149.58,95.08,1149.68,95.35,1149.08,95.13,1149.03,95.43,1149.06,95.64,1149.12,95.88,1149.08,95.33,1149.19,95.60,1149.29,95.80,1149.37,96.03,1149.21,95.40,1149.30,95.62,1149.41,95.82,1149.50,96.00,1149.36,95.43,1149.45,95.58,1149.55,95.72,1149.63,95.84
ND_drrTsbfZhnA_frame025801_l.jpg,0,623.12,649.72,623.31,649.79,623.45,649.92,623.52,650.07,623.50,650.28,623.59,650.03,623.62,650.23,623.56,650.32,623.51,650.35,623.52,650.12,623.52,650.31,623.44,650.34,623.38,650.29,623.37,650.15,623.40,650.32,623.32,650.35,623.27,650.29,623.23,650.17,623.25,650.30,623.20,650.34,623.16,650.30
ND_drrTsbfZhnA_frame026401_r.jpg,0,599.34,385.69,599.53,385.75,599.66,385.84,599.68,385.98,599.61,386.15,599.58,385.87,599.62,386.05,599.62,386.09,599.61,386.07,599.46,385.93,599.51,386.09,599.49,386.07,599.46,385.98,599.33,385.97,599.42,386.10,599.42,386.07,599.38,385.96,599.24,386.00,599.30,386.10,599.32,386.10,599.30,386.02
ND_e5-0c2jvDBc_frame000601_r.jpg,0,-70.69,265.63,-70.80,265.50,-70.94,265.47,-71.05,265.46,-71.21,265.45,-71.08,265.51,-71.22,265.55,-71.28,265.58,-71.34,265.59,-71.12,265.62,-71.22,265.63,-71.29,265.63,-71.35,265.62,-71.07,265.73,-71.18,265.68,-71.25,265.66,-71.30,265.62,-71.03,265.80,-71.10,265.76,-71.13,265.71,-71.19,265.66
ND_e5Bllz6Xu3g_frame001001_l.jpg,0,295.80,229.22,295.84,229.18,295.88,229.17,295.91,229.19,295.93,229.21,295.86,229.21,295.90,229.24,295.94,229.25,295.97,229.27,295.85,229.25,295.89,229.28,295.93,229.29,295.96,229.29,295.84,229.28,295.89,229.30,295.92,229.30,295.93,229.30,295.84,229.31,295.88,229.31,295.90,229.31,295.91,229.31
ND_e5Bllz6Xu3g_frame005501_r.jpg,0,127.81,98.08,127.86,98.13,127.91,98.16,127.95,98.17,127.99,98.18,127.98,98.10,128.03,98.12,128.06,98.14,128.09,98.17,127.99,98.07,128.04,98.10,128.06,98.13,128.09,98.17,127.97,98.06,128.02,98.09,128.05,98.12,128.07,98.16,127.95,98.06,127.97,98.10,127.98,98.13,127.99,98.17
ND_e5Bllz6Xu3g_frame007251_r.jpg,0,216.46,15.50,216.35,15.58,216.27,15.65,216.21,15.72,216.17,15.82,216.38,15.84,216.34,15.94,216.27,15.94,216.18,15.91,216.43,15.87,216.37,15.96,216.28,15.95,216.19,15.92,216.47,15.83,216.41,15.92,216.31,15.94,216.22,15.92,216.48,15.79,216.42,15.85,216.36,15.89,216.28,15.90
ND_e5Bllz6Xu3g_frame008501_r.jpg,0,48.56,-58.63,48.64,-58.54,48.69,-58.48,48.75,-58.46,48.81,-58.48,48.84,-58.55,48.91,-58.51,48.93,-58.48,48.93,-58.41,48.85,-58.59,48.92,-58.55,48.94,-58.50,48.92,-58.43,48.80,-58.63,48.87,-58.58,48.89,-58.52,48.90,-58.45,48.75,-58.65,48.74,-58.58,48.73,-58.52,48.74,-58.45
ND_e92nq-NSMxk_frame001201_l.jpg,0,28.88,211.21,28.95,211.31,29.03,211.39,29.04,211.48,28.97,211.57,29.07,211.47,28.99,211.57,28.92,211.60,28.86,211.62,29.02,211.49,28.94,211.58,28.87,211.61,28.80,211.62,28.94,211.47,28.88,211.55,28.81,211.57,28.75,211.56,28.86,211.45,28.83,211.52,28.78,211.54,28.74,211.54
ND_eA7VEzPHfJM_frame001496_r.jpg,0,690.28,245.41,690.22,245.39,690.18,245.35,690.13,245.33,690.08,245.33,690.11,245.46,690.07,245.48,690.03,245.46,690.01,245.42,690.11,245.48,690.06,245.48,690.03,245.45,690.00,245.41,690.15,245.47,690.09,245.47,690.05,245.44,690.02,245.40,690.17,245.45,690.13,245.45,690.10,245.43,690.06,245.41
ND_eA7VEzPHfJM_frame003290_r.jpg,0,923.55,-85.92,923.54,-85.86,923.56,-85.80,923.55,-85.74,923.49,-85.69,923.42,-85.86,923.36,-85.82,923.36,-85.77,923.39,-85.74,923.37,-85.88,923.32,-85.84,923.32,-85.80,923.35,-85.75,923.37,-85.90,923.32,-85.85,923.32,-85.80,923.35,-85.76,923.36,-85.90,923.34,-85.86,923.34,-85.82,923.36,-85.79
ND_eAHEOZTBTFQ_frame004187_r.jpg,0,336.77,-358.19,337.41,-358.45,338.04,-358.73,338.53,-358.97,339.15,-359.15,337.52,-359.85,337.86,-360.51,338.30,-360.65,338.79,-360.57,337.31,-360.19,337.79,-360.64,338.25,-360.68,338.77,-360.50,337.12,-360.09,337.69,-360.37,338.19,-360.38,338.75,-360.32,337.05,-359.94,337.49,-360.11,337.92,-360.17,338.42,-360.19
ND_eCvAJJmKz24_frame000481_r.jpg,0,-163.06,-160.76,-163.28,-160.68,-163.32,-160.50,-163.31,-160.34,-163.28,-160.14,-163.41,-160.58,-163.53,-160.48,-163.59,-160.36,-163.66,-160.23,-163.29,-160.54,-163.39,-160.37,-163.45,-160.24,-163.52,-160.13,-163.13,-160.50,-163.22,-160.35,-163.27,-160.21,-163.36,-160.09,-163.02,-160.46,-163.05,-160.34,-163.08,-160.23,-163.14,-160.09
ND_eCvAJJmKz24_frame002641_r.jpg,0,322.33,-319.68,321.66,-319.58,321.25,-319.20,321.13,-318.71,320.99,-318.06,320.99,-318.73,320.43,-318.50,320.26,-318.22,320.41,-318.12,321.25,-318.38,321.05,-317.83,321.20,-317.70,321.39,-317.97,321.73,-318.26,321.66,-317.76,321.79,-317.76,321.83,-318.12,322.10,-318.21,322.11,-317.84,322.15,-317.77,322.10,-317.93
ND_eCvAJJmKz24_frame003361_r.jpg,0,523.92,-230.26,523.66,-230.15,523.51,-229.95,523.40,-229.76,523.28,-229.50,523.21,-230.08,523.07,-229.85,523.06,-229.66,523.07,-229.46,523.25,-230.03,523.17,-229.78,523.21,-229.59,523.24,-229.38,523.44,-229.97,523.33,-229.77,523.35,-229.57,523.37,-229.40,523.60,-229.92,523.53,-229.76,523.49,-229.62,523.42,-229.49
ND_eLrEn-s1Ryc_frame001501_r.jpg,0,618.16,364.21,618.15,364.13,618.17,364.02,618.17,363.93,618.08,363.85,618.20,363.89,618.15,363.79,618.08,363.84,618.05,363.92,618.18,363.86,618.08,363.81,618.05,363.89,618.05,363.98,618.13,363.90,618.06,363.84,618.02,363.91,618.03,364.01,618.08,363.94,618.04,363.89,618.01,363.95,618.02,364.02
ND_eLrEn-s1Ryc_frame002701_l.jpg,0,60.86,40.94,60.94,40.81,61.06,40.68,61.19,40.60,61.37,40.55,61.21,40.56,61.38,40.48,61.50,40.44,61.62,40.39,61.29,40.61,61.46,40.53,61.58,40.49,61.70,40.45,61.31,40.75,61.45,40.66,61.58,40.61,61.70,40.55,61.31,40.87,61.43,40.83,61.53,40.81,61.66,40.78
ND_eLrEn-s1Ryc_frame005101_r.jpg,0,459.06,384.64,459.10,384.67,459.15,384.68,459.19,384.68,459.27,384.68,459.19,384.59,459.25,384.62,459.24,384.66,459.20,384.68,459.22,384.56,459.27,384.60,459.26,384.64,459.21,384.64,459.22,384.56,459.26,384.58,459.28,384.63,459.24,384.66,459.21,384.57,459.25,384.57,459.27,384.61,459.25,384.64
ND_eLrEn-s1Ryc_frame012601_l.jpg,0,355.81,331.51,355.91,331.44,356.01,331.42,356.09,331.45,356.18,331.50,356.11,331.45,356.22,331.45,356.26,331.46,356.27,331.48,356.13,331.53,356.23,331.55,356.27,331.58,356.31,331.60,356.08,331.61,356.17,331.63,356.15,331.63,356.10,331.61,356.04,331.67,356.11,331.69,356.10,331.69,356.07,331.66
ND_eLrEn-s1Ryc_frame014401_r.jpg,0,515.57,-79.30,515.67,-79.20,515.79,-79.12,515.91,-79.08,515.99,-79.16,515.94,-79.29,516.04,-79.20,515.97,-79.15,515.86,-79.16,515.99,-79.37,516.00,-79.24,515.93,-79.17,515.82,-79.18,515.96,-79.40,515.99,-79.28,515.90,-79.20,515.82,-79.23,515.93,-79.41,515.97,-79.32,515.92,-79.25,515.85,-79.26
ND_eLrEn-s1Ryc_frame016201_l.jpg,0,514.02,495.14,514.08,495.23,514.14,495.34,514.18,495.44,514.24,495.57,513.97,495.47,514.00,495.60,514.08,495.63,514.15,495.59,513.92,495.51,513.96,495.63,514.05,495.65,514.14,495.60,513.92,495.48,513.95,495.60,514.04,495.63,514.13,495.57,513.94,495.45,513.95,495.54,514.02,495.58,514.09,495.56
ND_eNgJjdD5Pq4_frame008101_r.jpg,0,-48.61,-248.23,-48.79,-248.06,-48.95,-248.04,-49.11,-248.06,-49.18,-248.15,-49.27,-248.15,-49.43,-248.11,-49.38,-248.12,-49.34,-248.10,-49.30,-248.33,-49.50,-248.32,-49.47,-248.30,-49.43,-248.26,-49.18,-248.50,-49.37,-248.47,-49.38,-248.44,-49.35,-248.39,-49.07,-248.61,-49.11,-248.64,-49.04,-248.59,-48.95,-248.50
ND_eVlvxf0onro_frame008401_r.jpg,0,92.02,172.72,92.16,172.76,92.22,172.85,92.22,172.95,92.22,173.03,92.20,172.80,92.20,172.93,92.21,173.01,92.20,173.03,92.10,172.84,92.14,172.97,92.16,173.07,92.16,173.15,92.00,172.87,92.06,172.98,92.09,173.07,92.09,173.09,91.93,172.91,91.98,172.98,92.01,173.06,92.04,173.13
ND_eVlvxf0onro_frame009301_l.jpg,0,121.41,227.68,121.49,227.57,121.59,227.54,121.68,227.56,121.77,227.57,121.61,227.55,121.73,227.58,121.81,227.59,121.90,227.60,121.63,227.64,121.75,227.64,121.83,227.64,121.92,227.63,121.62,227.73,121.73,227.72,121.81,227.71,121.87,227.70,121.62,227.80,121.70,227.79,121.77,227.79,121.83,227.78
ND_eVlvxf0onro_frame014701_r.jpg,0,472.88,281.31,472.79,281.26,472.70,281.27,472.63,281.32,472.57,281.38,472.61,281.33,472.52,281.37,472.47,281.40,472.41,281.43,472.61,281.40,472.53,281.44,472.50,281.45,472.48,281.44,472.67,281.46,472.59,281.47,472.57,281.46,472.56,281.44,472.72,281.49,472.66,281.49,472.63,281.48,472.61,281.47
ND_eVlvxf0onro_frame015601_r.jpg,0,50.93,265.48,50.99,265.59,50.97,265.68,50.93,265.75,50.88,265.83,50.99,265.69,50.92,265.77,50.87,265.81,50.82,265.86,50.92,265.67,50.87,265.76,50.82,265.82,50.77,265.87,50.84,265.63,50.82,265.72,50.78,265.79,50.74,265.85,50.79,265.60,50.76,265.67,50.72,265.72,50.69,265.78
ND_eYte2JeR_y0_frame000898_l.jpg,0,513.69,-410.36,514.08,-410.32,514.38,-410.17,514.61,-410.01,514.90,-409.83,514.68,-410.33,515.00,-410.22,515.02,-409.98,514.89,-409.85,514.63,-410.23,514.90,-410.00,515.10,-409.83,515.37,-409.73,514.39,-410.09,514.65,-409.89,514.85,-409.70,515.09,-409.56,514.19,-409.96,514.38,-409.81,514.54,-409.66,514.73,-409.49
ND_ehaz9wGNLpk_frame004785_l.jpg,0,508.28,-44.63,508.78,-44.64,509.10,-44.52,509.26,-44.26,509.39,-44.01,509.19,-44.45,509.41,-44.08,509.56,-43.82,509.69,-43.56,509.01,-44.24,509.17,-43.86,509.31,-43.58,509.48,-43.34,508.71,-44.05,508.91,-43.74,509.07,-43.46,509.26,-43.23,508.50,-43.90,508.72,-43.73,508.89,-43.54,509.05,-43.38
ND_ejR-m_Wil20_frame002401_l.jpg,0,844.52,342.49,844.46,342.48,844.39,342.46,844.31,342.47,844.23,342.48,844.30,342.35,844.22,342.42,844.21,342.49,844.24,342.57,844.26,342.35,844.18,342.41,844.17,342.48,844.18,342.55,844.27,342.39,844.18,342.41,844.15,342.48,844.17,342.54,844.28,342.43,844.21,342.43,844.18,342.47,844.19,342.52
ND_ejR-m_Wil20_frame003841_r.jpg,0,-1067.64,-1343.86,-1066.15,-1343.90,-1064.96,-1344.13,-1064.11,-1344.73,-1063.41,-1345.90,-1064.74,-1345.70,-1063.72,-1346.47,-1063.90,-1346.31,-1064.66,-1345.77,-1065.27,-1346.51,-1064.25,-1347.11,-1064.43,-1346.65,-1065.07,-1345.94,-1066.23,-1346.82,-1065.28,-1347.42,-1065.04,-1347.14,-1065.38,-1346.29,-1066.96,-1346.97,-1066.40,-1347.51,-1065.95,-1347.34,-1065.51,-1346.75
ND_ejR-m_Wil20_frame006721_l.jpg,0,672.68,353.98,672.62,353.89,672.54,353.84,672.45,353.83,672.33,353.85,672.48,353.76,672.37,353.73,672.34,353.79,672.36,353.85,672.44,353.80,672.37,353.85,672.40,353.91,672.45,353.95,672.44,353.88,672.38,353.92,672.43,353.96,672.50,353.96,672.44,353.95,672.41,353.98,672.46,353.99,672.52,353.97
ND_ekTHLmruKB8_frame003001_r.jpg,0,260.75,347.54,260.64,347.54,260.52,347.46,260.40,347.41,260.27,347.30,260.35,347.64,260.19,347.63,260.09,347.60,259.97,347.58,260.30,347.62,260.15,347.60,260.04,347.57,259.92,347.55,260.34,347.55,260.21,347.54,260.10,347.50,259.99,347.48,260.39,347.48,260.30,347.46,260.22,347.42,260.12,347.40
ND_ekTHLmruKB8_frame003901_l.jpg,0,710.53,265.96,710.42,265.92,710.33,265.95,710.25,265.99,710.15,266.03,710.24,265.93,710.15,265.99,710.12,266.04,710.11,266.10,710.24,265.99,710.18,266.06,710.17,266.10,710.17,266.11,710.29,266.06,710.25,266.09,710.25,266.12,710.23,266.11,710.34,266.11,710.32,266.11,710.33,266.10,710.33,266.09
ND_enZ9pVm5bmA_frame000901_l.jpg,0,352.26,221.41,352.07,221.38,351.91,221.31,351.79,221.24,351.62,221.18,351.95,221.05,351.85,220.90,351.78,220.81,351.69,220.70,352.02,220.97,351.94,220.81,351.88,220.71,351.80,220.60,352.11,220.99,352.05,220.84,352.00,220.72,351.95,220.60,352.18,221.02,352.15,220.91,352.13,220.82,352.08,220.74
ND_enZ9pVm5bmA_frame003001_l.jpg,0,916.42,383.24,916.33,383.05,916.20,382.95,916.08,382.87,915.92,382.74,915.98,383.04,915.81,383.03,915.70,383.01,915.57,383.00,915.93,383.16,915.78,383.15,915.67,383.13,915.55,383.11,916.00,383.29,915.85,383.25,915.73,383.23,915.61,383.22,916.07,383.36,915.96,383.35,915.87,383.33,915.73,383.33
ND_enZ9pVm5bmA_frame003601_r.jpg,0,131.23,360.81,131.28,360.86,131.33,360.91,131.39,360.95,131.47,361.00,131.44,360.85,131.51,360.90,131.52,360.95,131.49,361.01,131.47,360.84,131.51,360.91,131.50,360.96,131.46,361.01,131.44,360.84,131.48,360.90,131.47,360.96,131.43,361.00,131.41,360.85,131.44,360.89,131.45,360.94,131.44,360.97
ND_enZ9pVm5bmA_frame011701_r.jpg,0,266.69,-239.10,266.75,-238.82,266.77,-238.48,266.80,-238.21,266.67,-237.94,267.41,-238.55,267.64,-238.27,267.70,-238.03,267.72,-237.74,267.58,-238.54,267.64,-238.21,267.46,-238.02,267.18,-237.98,267.52,-238.58,267.63,-238.36,267.45,-238.15,267.17,-238.12,267.43,-238.59,267.56,-238.45,267.48,-238.29,267.33,-238.20
ND_enZ9pVm5bmA_frame013201_l.jpg,0,520.57,-131.79,520.67,-131.73,520.68,-131.63,520.69,-131.54,520.74,-131.43,520.63,-131.55,520.66,-131.45,520.68,-131.41,520.70,-131.43,520.56,-131.51,520.61,-131.44,520.65,-131.40,520.69,-131.41,520.51,-131.52,520.56,-131.45,520.62,-131.42,520.66,-131.42,520.48,-131.53,520.52,-131.49,520.56,-131.45,520.61,-131.44
ND_es2TWfy5-Nc_frame000001_l.jpg,0,-652.23,196.33,-651.59,195.62,-651.03,195.14,-650.45,195.00,-649.75,194.72,-650.19,195.76,-649.37,195.86,-648.83,195.88,-648.24,195.91,-650.02,196.36,-649.24,196.49,-648.68,196.55,-648.07,196.58,-650.25,196.93,-649.52,196.98,-648.92,197.08,-648.32,197.14,-650.45,197.31,-649.97,197.44,-649.52,197.59,-649.06,197.68
ND_et5-PjEJ77I_frame000300_r.jpg,0,-85.11,140.64,-85.15,140.50,-85.19,140.37,-85.22,140.24,-85.29,140.08,-84.93,140.33,-84.85,140.20,-84.94,140.17,-85.03,140.23,-84.83,140.32,-84.80,140.18,-84.91,140.18,-85.00,140.25,-84.81,140.36,-84.81,140.24,-84.92,140.24,-85.01,140.32,-84.82,140.38,-84.77,140.32,-84.85,140.29,-84.92,140.33
ND_f5QgEKeZeDs_frame003888_r.jpg,0,428.85,426.89,428.77,426.98,428.69,427.02,428.67,427.11,428.70,427.21,428.74,427.13,428.76,427.22,428.80,427.21,428.84,427.18,428.81,427.14,428.86,427.21,428.88,427.18,428.90,427.13,428.89,427.11,428.93,427.18,428.96,427.16,428.96,427.11,428.95,427.09,428.99,427.14,429.01,427.14,428.99,427.12
ND_f5QgEKeZeDs_frame004486_l.jpg,0,528.44,487.23,528.48,487.22,528.52,487.27,528.55,487.32,528.55,487.40,528.62,487.27,528.66,487.34,528.66,487.38,528.66,487.41,528.64,487.32,528.66,487.38,528.65,487.42,528.65,487.45,528.60,487.36,528.64,487.41,528.65,487.46,528.65,487.49,528.56,487.39,528.59,487.43,528.62,487.46,528.66,487.50
ND_f5QgEKeZeDs_frame005981_r.jpg,0,163.06,-16.21,162.76,-16.33,162.52,-16.40,162.38,-16.22,162.31,-15.96,162.34,-16.20,162.08,-16.23,162.05,-16.15,162.16,-16.07,162.37,-16.01,162.15,-15.88,162.23,-15.84,162.36,-15.84,162.52,-15.85,162.32,-15.71,162.33,-15.66,162.40,-15.67,162.64,-15.72,162.60,-15.56,162.56,-15.44,162.51,-15.39
ND_f6ifPCkAsXs_frame000300_r.jpg,0,59.56,-387.34,59.28,-387.06,58.98,-386.90,58.73,-386.89,58.44,-386.99,58.83,-386.75,58.52,-386.81,58.34,-386.95,58.29,-387.08,58.77,-386.91,58.44,-387.03,58.30,-387.17,58.26,-387.29,58.83,-387.20,58.51,-387.22,58.30,-387.33,58.20,-387.44,58.87,-387.43,58.65,-387.37,58.45,-387.36,58.25,-387.41
ND_fBEPGnusUso_frame002401_r.jpg,0,-121.64,551.29,-121.81,551.17,-121.90,551.02,-121.97,550.88,-122.05,550.69,-121.80,550.79,-121.93,550.65,-122.03,550.59,-122.14,550.57,-121.73,550.74,-121.86,550.62,-121.97,550.56,-122.10,550.51,-121.67,550.80,-121.76,550.66,-121.85,550.56,-121.95,550.47,-121.65,550.87,-121.70,550.76,-121.77,550.69,-121.85,550.61
ND_fBWy-peSUWA_frame018539_r.jpg,0,771.20,-255.89,771.04,-255.82,770.83,-255.83,770.66,-255.79,770.42,-255.72,770.66,-256.05,770.47,-255.93,770.38,-255.82,770.34,-255.66,770.60,-256.11,770.41,-256.02,770.33,-255.89,770.31,-255.72,770.65,-256.09,770.48,-256.01,770.38,-255.87,770.32,-255.71,770.70,-256.04,770.57,-255.98,770.47,-255.90,770.39,-255.77
ND_fBWy-peSUWA_frame018838_l.jpg,0,1013.27,-296.75,1013.44,-296.82,1013.70,-296.84,1013.94,-296.75,1014.18,-296.57,1014.07,-296.79,1014.29,-296.58,1014.35,-296.38,1014.32,-296.21,1014.16,-296.63,1014.31,-296.38,1014.18,-296.21,1013.98,-296.15,1014.06,-296.45,1014.16,-296.23,1013.97,-296.10,1013.75,-296.14,1013.94,-296.31,1013.98,-296.13,1013.82,-296.04,1013.64,-296.12
ND_fBWy-peSUWA_frame019436_r.jpg,0,373.92,-144.31,373.67,-144.49,373.57,-144.74,373.53,-144.98,373.47,-145.29,373.64,-145.06,373.42,-145.21,373.26,-145.28,373.09,-145.39,373.74,-145.11,373.49,-145.18,373.31,-145.23,373.12,-145.33,373.82,-144.98,373.64,-145.15,373.49,-145.28,373.36,-145.44,373.86,-144.85,373.92,-145.02,374.01,-145.15,374.12,-145.29
ND_fCerkjdDNDo_frame001001_r.jpg,0,-198.90,-61.48,-198.93,-61.18,-198.93,-60.92,-198.90,-60.70,-198.90,-60.47,-198.63,-60.72,-198.74,-60.50,-198.94,-60.48,-199.15,-60.53,-198.58,-60.73,-198.75,-60.52,-198.96,-60.51,-199.16,-60.59,-198.65,-60.88,-198.79,-60.65,-199.01,-60.61,-199.20,-60.65,-198.75,-61.00,-198.80,-60.81,-198.90,-60.67,-199.02,-60.50
ND_fCerkjdDNDo_frame001501_l.jpg,0,275.51,-78.29,275.84,-78.29,276.01,-78.17,276.09,-77.99,276.19,-77.78,276.00,-78.29,276.10,-78.01,276.15,-77.83,276.14,-77.73,275.83,-78.19,275.93,-77.92,276.01,-77.75,276.05,-77.73,275.63,-78.07,275.77,-77.84,275.87,-77.72,275.90,-77.77,275.49,-77.95,275.63,-77.82,275.74,-77.74,275.77,-77.76
ND_fPHu9GcXCj4_frame002101_r.jpg,0,-301.08,-401.23,-300.70,-400.97,-300.40,-400.74,-300.20,-400.52,-300.36,-400.38,-300.04,-400.88,-299.84,-400.60,-300.05,-400.43,-300.26,-400.47,-300.12,-400.88,-300.12,-400.49,-300.36,-400.41,-300.56,-400.52,-300.42,-400.88,-300.35,-400.51,-300.56,-400.38,-300.74,-400.43,-300.69,-400.83,-300.75,-400.57,-300.89,-400.39,-301.06,-400.13
ND_fQ7C0h4maNM_frame009301_r.jpg,0,-12.57,64.81,-12.70,64.88,-12.80,64.92,-12.89,64.95,-13.01,65.01,-12.88,64.85,-13.00,64.83,-13.01,64.81,-12.94,64.85,-12.87,64.76,-12.99,64.78,-13.03,64.76,-12.98,64.76,-12.82,64.67,-12.92,64.69,-13.02,64.68,-13.11,64.69,-12.78,64.61,-12.80,64.55,-12.81,64.49,-12.81,64.43
ND_fQ7C0h4maNM_frame010801_r.jpg,0,-77.30,69.29,-77.33,69.23,-77.28,69.18,-77.22,69.16,-77.16,69.08,-77.19,69.28,-77.14,69.30,-77.09,69.29,-77.04,69.28,-77.11,69.30,-77.03,69.34,-76.96,69.32,-76.89,69.29,-77.07,69.29,-76.99,69.28,-76.92,69.24,-76.85,69.21,-77.05,69.27,-77.01,69.22,-76.96,69.18,-76.90,69.14
ND_fQ7C0h4maNM_frame011101_r.jpg,0,-143.70,71.20,-143.73,71.05,-143.63,70.97,-143.51,70.94,-143.35,70.87,-143.71,71.10,-143.62,71.15,-143.52,71.15,-143.40,71.13,-143.63,71.20,-143.52,71.22,-143.41,71.19,-143.30,71.13,-143.54,71.27,-143.42,71.23,-143.29,71.20,-143.18,71.15,-143.47,71.30,-143.39,71.23,-143.30,71.19,-143.19,71.15
ND_fUr17iKzUyE_frame001751_r.jpg,0,-345.99,-151.76,-345.76,-152.13,-345.61,-152.42,-345.59,-152.75,-345.94,-152.87,-345.49,-152.62,-345.51,-152.93,-345.69,-152.97,-345.66,-152.76,-345.66,-152.61,-345.76,-152.97,-345.89,-152.93,-345.85,-152.68,-345.93,-152.47,-345.83,-152.79,-345.96,-152.87,-346.01,-152.63,-346.17,-152.38,-346.14,-152.45,-346.19,-152.66,-346.15,-152.69
ND_fUr17iKzUyE_frame004501_l.jpg,0,532.82,350.83,533.01,350.50,533.11,350.39,533.16,350.33,533.22,350.21,532.79,350.15,532.97,350.26,533.14,350.42,533.26,350.55,532.67,350.30,532.94,350.47,533.13,350.61,533.28,350.70,532.64,350.57,532.93,350.65,533.11,350.74,533.16,350.75,532.67,350.80,532.89,350.82,533.04,350.85,533.08,350.84
ND_fXWt7qokmNE_frame000901_l.jpg,0,790.14,24.87,790.57,24.59,790.93,24.40,791.25,24.35,791.47,24.36,791.38,24.91,791.73,24.72,791.84,24.51,791.86,24.32,791.36,25.11,791.60,24.87,791.66,24.64,791.64,24.40,791.10,25.19,791.35,24.94,791.38,24.68,791.26,24.42,790.87,25.18,791.11,25.04,791.18,24.87,791.11,24.66
ND_f_MbFbvbZ3E_frame003301_r.jpg,0,14.09,233.81,13.99,233.73,13.94,233.64,13.92,233.51,13.83,233.37,14.06,233.44,14.08,233.29,14.06,233.19,14.04,233.07,14.11,233.37,14.09,233.22,14.07,233.11,14.05,232.99,14.13,233.39,14.12,233.26,14.11,233.14,14.09,233.01,14.12,233.42,14.15,233.33,14.17,233.24,14.19,233.15
ND_fdo7JM9oipI_frame008701_l.jpg,0,-49.78,-60.04,-49.47,-60.15,-49.33,-60.34,-49.27,-60.54,-49.23,-60.73,-49.38,-60.70,-49.27,-60.95,-49.18,-61.05,-49.10,-61.08,-49.55,-60.81,-49.45,-61.06,-49.34,-61.06,-49.25,-60.93,-49.74,-60.76,-49.65,-60.99,-49.53,-60.96,-49.48,-60.76,-49.87,-60.69,-49.77,-60.79,-49.66,-60.75,-49.56,-60.61
ND_ffbEHkY0JdE_frame000501_r.jpg,0,-264.73,-731.58,-264.38,-731.57,-263.91,-731.54,-263.47,-731.58,-262.90,-731.71,-263.35,-731.36,-262.83,-731.45,-262.50,-731.58,-262.09,-731.62,-263.20,-731.48,-262.70,-731.62,-262.35,-731.75,-261.94,-731.84,-263.36,-731.72,-262.91,-731.83,-262.54,-731.98,-262.14,-732.08,-263.53,-731.95,-263.21,-732.03,-262.92,-732.14,-262.55,-732.22
ND_ffeRmD3XZVs_frame005701_l.jpg,0,551.49,31.83,551.58,31.82,551.62,31.78,551.64,31.75,551.64,31.74,551.58,31.70,551.61,31.67,551.62,31.69,551.62,31.73,551.52,31.68,551.52,31.66,551.53,31.71,551.54,31.77,551.46,31.70,551.46,31.68,551.46,31.73,551.49,31.79,551.41,31.74,551.39,31.71,551.40,31.73,551.42,31.76
ND_ffeRmD3XZVs_frame018001_r.jpg,0,258.08,70.95,258.05,70.89,258.05,70.82,258.08,70.78,258.12,70.78,258.09,70.76,258.13,70.74,258.13,70.76,258.13,70.78,258.14,70.76,258.17,70.76,258.17,70.79,258.16,70.81,258.18,70.80,258.21,70.79,258.20,70.82,258.19,70.83,258.20,70.84,258.24,70.83,258.23,70.84,258.21,70.86
ND_fj52Py8hhlk_frame000901_l.jpg,0,-128.56,-600.53,-128.62,-600.11,-128.62,-599.57,-128.67,-599.03,-128.73,-598.35,-129.94,-600.08,-130.59,-599.68,-130.85,-599.23,-130.95,-598.65,-130.38,-600.11,-131.03,-599.77,-131.12,-599.24,-130.88,-598.70,-130.42,-600.08,-130.95,-599.76,-131.08,-599.20,-130.83,-598.68,-130.36,-599.98,-130.70,-599.67,-130.82,-599.25,-130.67,-598.88
ND_fj52Py8hhlk_frame001501_r.jpg,0,-268.51,-182.57,-268.75,-182.92,-269.42,-183.16,-270.03,-183.31,-270.80,-183.63,-269.87,-182.25,-270.61,-182.53,-270.78,-183.00,-270.84,-183.53,-270.27,-181.97,-271.01,-182.07,-271.22,-182.57,-271.23,-183.18,-270.37,-181.96,-270.94,-182.24,-271.18,-182.79,-271.16,-183.38,-270.41,-182.07,-270.72,-182.40,-270.94,-182.78,-271.01,-183.31
ND_fnCjtqX9HAs_frame001496_r.jpg,0,605.71,165.20,605.69,165.23,605.68,165.27,605.67,165.30,605.66,165.34,605.64,165.29,605.65,165.33,605.67,165.34,605.70,165.33,605.65,165.29,605.67,165.33,605.70,165.32,605.71,165.31,605.68,165.28,605.69,165.32,605.71,165.32,605.73,165.30,605.70,165.28,605.71,165.30,605.72,165.31,605.73,165.29
ND_fnCjtqX9HAs_frame002393_r.jpg,0,570.00,155.05,569.97,155.09,569.95,155.11,569.94,155.14,569.96,155.18,569.99,155.14,570.00,155.18,569.99,155.18,569.98,155.16,570.02,155.14,570.02,155.17,570.02,155.17,570.00,155.15,570.04,155.13,570.04,155.16,570.03,155.16,570.02,155.14,570.06,155.12,570.06,155.14,570.05,155.15,570.04,155.14
ND_fnCjtqX9HAs_frame002991_r.jpg,0,600.99,215.61,600.98,215.62,600.97,215.64,600.97,215.66,600.98,215.68,601.02,215.64,601.02,215.66,601.01,215.68,601.00,215.69,601.03,215.65,601.03,215.67,601.02,215.68,601.01,215.70,601.03,215.65,601.03,215.67,601.03,215.68,601.02,215.69,601.03,215.65,601.03,215.67,601.03,215.68,601.02,215.69
ND_fnCjtqX9HAs_frame004187_l.jpg,0,726.23,270.26,726.29,270.25,726.35,270.26,726.39,270.28,726.43,270.31,726.35,270.31,726.39,270.35,726.41,270.36,726.41,270.35,726.33,270.35,726.36,270.39,726.36,270.37,726.36,270.35,726.29,270.37,726.33,270.39,726.34,270.38,726.33,270.36,726.27,270.39,726.30,270.39,726.30,270.38,726.29,270.36
ND_fnCjtqX9HAs_frame004486_l.jpg,0,649.78,317.64,649.82,317.63,649.86,317.62,649.89,317.64,649.91,317.66,649.88,317.67,649.90,317.70,649.89,317.70,649.88,317.69,649.87,317.70,649.88,317.72,649.87,317.71,649.86,317.70,649.84,317.71,649.85,317.73,649.84,317.72,649.83,317.71,649.82,317.73,649.82,317.74,649.81,317.73,649.80,317.72
ND_fnCjtqX9HAs_frame007177_l.jpg,0,666.84,-176.66,667.10,-176.64,667.31,-176.64,667.40,-176.54,667.32,-176.46,667.24,-176.22,667.27,-176.20,667.25,-176.31,667.21,-176.46,667.09,-176.13,667.08,-176.21,667.08,-176.35,667.06,-176.50,666.90,-176.17,666.90,-176.23,666.90,-176.37,666.88,-176.53,666.75,-176.24,666.71,-176.31,666.69,-176.43,666.68,-176.56
ND_fxOG04cnnI4_frame008001_l.jpg,0,-22.64,-80.86,-23.14,-81.09,-23.44,-81.56,-23.65,-82.06,-23.87,-82.73,-23.01,-82.33,-23.11,-83.00,-23.27,-83.44,-23.47,-83.94,-22.80,-82.67,-22.96,-83.32,-23.12,-83.78,-23.30,-84.30,-22.70,-82.64,-22.86,-83.20,-23.01,-83.70,-23.11,-84.22,-22.70,-82.54,-22.86,-82.94,-23.00,-83.31,-23.15,-83.72
ND_g31d20GWGC4_frame011064_r.jpg,0,-92.37,123.72,-92.48,123.67,-92.58,123.63,-92.65,123.68,-92.67,123.77,-92.66,123.74,-92.74,123.75,-92.67,123.74,-92.59,123.72,-92.65,123.82,-92.71,123.87,-92.65,123.85,-92.58,123.81,-92.59,123.89,-92.66,123.92,-92.61,123.90,-92.55,123.87,-92.55,123.93,-92.59,123.97,-92.55,123.96,-92.50,123.92
ND_g31d20GWGC4_frame015848_r.jpg,0,48.77,226.74,48.75,226.83,48.71,226.91,48.68,226.97,48.65,227.07,48.67,226.97,48.62,227.04,48.57,227.09,48.53,227.15,48.62,226.95,48.58,227.02,48.54,227.07,48.50,227.13,48.60,226.88,48.57,226.95,48.53,227.01,48.50,227.07,48.58,226.82,48.53,226.82,48.49,226.82,48.45,226.84
ND_g3lQbXpbQnw_frame355633_r.jpg,0,-14.69,-17.51,-14.84,-17.82,-15.08,-17.96,-15.29,-18.07,-15.53,-18.27,-14.68,-18.17,-14.63,-18.41,-14.59,-18.59,-14.56,-18.76,-14.46,-18.13,-14.37,-18.34,-14.30,-18.51,-14.25,-18.71,-14.28,-17.99,-14.20,-18.16,-14.12,-18.32,-14.05,-18.49,-14.15,-17.90,-14.03,-17.94,-13.91,-17.97,-13.81,-18.05
ND_g5Dn20kR5AI_frame002692_r.jpg,0,39.40,-94.40,39.47,-94.34,39.37,-94.45,39.15,-94.47,38.87,-94.38,39.17,-94.70,39.00,-94.58,38.88,-94.41,38.75,-94.19,38.94,-94.78,38.78,-94.55,38.73,-94.31,38.75,-94.05,38.79,-94.73,38.61,-94.62,38.53,-94.38,38.52,-94.12,38.68,-94.63,38.51,-94.62,38.38,-94.51,38.28,-94.34
ND_g9e7wLoHxpk_frame021301_l.jpg,0,437.32,-205.74,438.00,-206.27,438.35,-206.69,438.44,-206.90,438.21,-206.85,437.65,-207.40,437.81,-207.54,438.12,-207.16,438.44,-206.63,437.15,-207.25,437.40,-207.21,437.77,-206.77,438.14,-206.29,436.79,-206.71,437.20,-206.57,437.60,-206.12,437.88,-205.74,436.61,-206.21,436.92,-206.25,437.28,-205.95,437.50,-205.72
ND_g9e7wLoHxpk_frame024001_l.jpg,0,114.18,-435.72,114.90,-435.90,115.35,-436.23,115.73,-436.51,116.16,-436.86,115.25,-437.11,115.61,-437.50,115.85,-437.58,116.13,-437.66,114.95,-437.35,115.22,-437.79,115.53,-437.77,115.88,-437.56,114.56,-437.21,114.97,-437.48,115.34,-437.37,115.66,-437.00,114.30,-437.01,114.68,-437.10,115.02,-437.05,115.45,-436.88
ND_g9e7wLoHxpk_frame056101_r.jpg,0,-6.36,-104.89,-6.24,-105.27,-6.30,-105.57,-6.46,-105.79,-6.63,-106.09,-6.74,-105.81,-6.97,-106.10,-7.10,-106.15,-7.18,-106.10,-7.00,-105.70,-7.28,-105.91,-7.34,-105.92,-7.26,-105.90,-7.11,-105.41,-7.31,-105.52,-7.43,-105.49,-7.50,-105.51,-7.14,-105.17,-7.24,-105.20,-7.33,-105.20,-7.50,-105.22
ND_gBxt_BAYuUo_frame004187_r.jpg,0,-188.12,-76.14,-188.16,-75.96,-188.28,-75.67,-188.39,-75.37,-188.69,-75.03,-188.13,-75.13,-188.20,-74.82,-188.40,-74.77,-188.69,-74.89,-188.24,-74.97,-188.32,-74.61,-188.57,-74.61,-188.79,-74.84,-188.40,-75.06,-188.45,-74.77,-188.68,-74.78,-188.88,-75.00,-188.56,-75.18,-188.56,-74.91,-188.68,-74.78,-188.79,-74.81
ND_gIIUs2Ogkvc_frame001795_l.jpg,0,-235.90,-893.51,-236.79,-893.88,-237.47,-894.22,-237.91,-894.74,-238.39,-895.49,-236.94,-895.14,-237.09,-895.95,-237.28,-896.37,-237.42,-896.59,-236.40,-895.50,-236.42,-896.32,-236.58,-896.51,-236.81,-896.46,-235.84,-895.52,-235.96,-896.24,-236.13,-896.46,-236.32,-896.30,-235.48,-895.50,-235.44,-895.98,-235.60,-896.23,-235.86,-896.09
ND_gJeqYwm-Lrc_frame005259_l.jpg,0,685.26,-349.19,685.17,-348.90,685.05,-348.58,685.12,-348.28,685.23,-348.00,685.72,-348.26,686.07,-348.09,686.29,-348.12,686.53,-348.21,686.03,-348.33,686.34,-348.37,686.53,-348.48,686.72,-348.59,686.18,-348.62,686.49,-348.61,686.74,-348.71,686.96,-348.81,686.26,-348.89,686.50,-348.85,686.70,-348.89,686.87,-348.92
ND_gMMl9UrwTu0_frame000001_l.jpg,0,87.34,153.56,87.26,153.57,87.19,153.60,87.13,153.63,87.05,153.65,87.17,153.76,87.13,153.85,87.10,153.92,87.08,153.99,87.23,153.82,87.22,153.92,87.22,153.99,87.21,154.07,87.31,153.82,87.31,153.90,87.32,153.98,87.32,154.05,87.38,153.81,87.41,153.86,87.44,153.90,87.46,153.96
ND_gMMl9UrwTu0_frame000301_r.jpg,0,-14.45,101.75,-14.38,101.86,-14.35,101.98,-14.33,102.10,-14.27,102.22,-14.58,102.00,-14.64,102.13,-14.66,102.24,-14.67,102.36,-14.69,102.02,-14.74,102.15,-14.75,102.26,-14.77,102.38,-14.73,102.00,-14.78,102.12,-14.81,102.23,-14.81,102.35,-14.74,101.99,-14.78,102.08,-14.81,102.17,-14.84,102.26
ND_gPAOvI-nvfk_frame000001_l.jpg,0,116.57,295.09,116.57,294.96,116.58,294.88,116.64,294.84,116.69,294.84,116.76,294.86,116.78,294.80,116.76,294.79,116.75,294.79,116.82,294.91,116.87,294.87,116.89,294.85,116.92,294.82,116.81,294.99,116.82,294.94,116.80,294.93,116.77,294.91,116.79,295.05,116.78,295.01,116.77,294.98,116.76,294.95
ND_gPPgQ2DTDCA_frame004801_l.jpg,0,443.50,-299.42,443.91,-299.46,444.18,-299.29,444.38,-299.12,444.65,-299.04,444.02,-299.28,444.15,-299.11,444.28,-298.94,444.40,-298.75,443.83,-299.08,444.00,-298.89,444.15,-298.71,444.32,-298.51,443.62,-298.90,443.75,-298.70,443.86,-298.49,443.97,-298.27,443.50,-298.76,443.58,-298.56,443.65,-298.36,443.74,-298.15
ND_gSbssyMIRls_frame004785_r.jpg,0,-762.82,-795.91,-763.51,-795.49,-764.04,-795.18,-764.64,-794.85,-765.47,-794.40,-763.80,-793.69,-764.51,-793.11,-765.12,-793.16,-765.71,-793.55,-763.70,-793.41,-764.49,-793.06,-764.94,-793.47,-765.01,-794.15,-763.59,-793.69,-763.93,-792.96,-764.55,-793.25,-764.67,-793.94,-763.59,-794.03,-763.71,-793.45,-764.18,-793.46,-764.35,-793.91
ND_gX6pLkLGjGY_frame010466_r.jpg,0,1355.56,49.33,1355.69,49.31,1355.90,49.22,1356.16,49.22,1356.34,49.47,1356.31,49.17,1356.50,49.42,1356.39,49.60,1356.16,49.62,1356.46,49.25,1356.60,49.51,1356.44,49.68,1356.20,49.70,1356.41,49.40,1356.66,49.52,1356.57,49.74,1356.36,49.81,1356.34,49.55,1356.55,49.57,1356.68,49.71,1356.70,49.88
ND_gX6pLkLGjGY_frame025715_r.jpg,0,795.16,303.66,795.17,303.69,795.20,303.72,795.24,303.73,795.33,303.74,795.27,303.58,795.34,303.61,795.37,303.66,795.38,303.73,795.32,303.54,795.37,303.60,795.40,303.66,795.35,303.69,795.35,303.54,795.38,303.58,795.42,303.64,795.36,303.67,795.37,303.56,795.40,303.57,795.41,303.62,795.37,303.64
ND_gX6pLkLGjGY_frame028406_l.jpg,0,893.85,45.96,893.81,45.99,893.76,45.97,893.72,45.94,893.71,45.91,893.72,45.91,893.69,45.88,893.68,45.85,893.66,45.83,893.74,45.87,893.71,45.83,893.70,45.81,893.68,45.79,893.78,45.85,893.75,45.81,893.74,45.78,893.72,45.76,893.82,45.84,893.81,45.81,893.79,45.78,893.78,45.77
ND_gX6pLkLGjGY_frame031695_r.jpg,0,468.91,566.07,468.75,566.09,468.64,566.17,468.56,566.27,468.49,566.39,468.59,566.34,468.54,566.47,468.58,566.41,468.63,566.32,468.66,566.44,468.62,566.50,468.67,566.40,468.71,566.30,468.79,566.45,468.73,566.51,468.77,566.41,468.81,566.31,468.89,566.45,468.86,566.51,468.87,566.43,468.87,566.35
ND_gXq8c3d35cA_frame002501_r.jpg,0,-208.54,-226.94,-208.37,-226.79,-208.36,-226.53,-208.37,-226.31,-208.41,-226.02,-207.93,-226.48,-207.78,-226.25,-207.86,-226.08,-208.03,-226.00,-207.95,-226.39,-207.84,-226.14,-207.91,-225.97,-208.06,-225.88,-208.12,-226.38,-208.04,-226.16,-208.05,-225.96,-208.13,-225.81,-208.28,-226.36,-208.22,-226.20,-208.20,-226.06,-208.21,-225.94
ND_gYPbfm2u_bg_frame002501_l.jpg,0,-402.58,-117.17,-403.19,-117.30,-403.55,-117.59,-403.82,-117.87,-404.27,-118.17,-403.24,-117.99,-403.45,-118.55,-403.66,-118.90,-403.87,-119.31,-402.90,-118.29,-403.18,-118.80,-403.42,-119.14,-403.70,-119.52,-402.56,-118.42,-402.90,-118.82,-403.17,-119.17,-403.48,-119.52,-402.36,-118.50,-402.63,-118.75,-402.87,-119.00,-403.14,-119.29
ND_g_HcK-r0eMc_frame003290_r.jpg,0,-12.11,-607.40,-11.80,-607.07,-11.31,-607.04,-10.87,-607.06,-10.31,-606.98,-10.96,-607.48,-10.46,-607.30,-10.22,-607.11,-9.89,-606.88,-10.78,-607.75,-10.29,-607.59,-10.00,-607.36,-9.73,-607.05,-10.82,-607.86,-10.37,-607.77,-10.02,-607.58,-9.74,-607.29,-10.87,-607.87,-10.54,-607.76,-10.27,-607.62,-9.96,-607.41
ND_gaCxosetjgI_frame000957_r.jpg,0,713.56,247.16,713.53,247.19,713.54,247.17,713.52,247.12,713.54,247.08,713.52,247.04,713.42,247.05,713.38,247.10,713.38,247.15,713.49,246.97,713.40,247.00,713.34,247.05,713.31,247.11,713.47,246.95,713.38,246.96,713.31,247.00,713.27,247.06,713.44,246.95,713.39,246.93,713.33,246.94,713.29,246.98
ND_gaCxosetjgI_frame002391_l.jpg,0,1014.11,547.24,1014.06,547.25,1013.99,547.29,1013.95,547.37,1013.88,547.45,1013.89,547.41,1013.85,547.53,1013.84,547.61,1013.83,547.70,1013.90,547.49,1013.90,547.60,1013.91,547.68,1013.92,547.77,1013.97,547.52,1013.97,547.60,1013.99,547.68,1014.01,547.75,1014.04,547.53,1014.03,547.60,1014.05,547.66,1014.07,547.71
ND_ggy9KeksT2c_frame000241_l.jpg,0,455.70,414.36,455.81,414.21,455.90,414.08,456.05,414.08,456.11,414.21,456.15,414.10,456.29,414.17,456.26,414.23,456.19,414.24,456.21,414.20,456.32,414.29,456.27,414.32,456.20,414.32,456.18,414.34,456.32,414.40,456.27,414.43,456.19,414.42,456.15,414.46,456.26,414.50,456.22,414.52,456.16,414.50
ND_ggy9KeksT2c_frame002881_l.jpg,0,355.67,208.99,355.93,209.34,356.11,209.56,356.07,209.85,355.90,210.06,355.61,210.00,355.50,210.34,355.50,210.49,355.50,210.55,355.34,209.95,355.25,210.31,355.25,210.52,355.28,210.71,355.18,209.69,355.25,209.87,355.38,209.74,355.52,209.55,355.10,209.46,355.13,209.56,355.22,209.51,355.37,209.41
ND_ggy9KeksT2c_frame003841_r.jpg,0,427.63,242.50,427.69,242.38,427.75,242.30,427.82,242.25,427.93,242.24,427.84,242.32,427.94,242.30,427.93,242.30,427.87,242.30,427.88,242.39,427.97,242.37,427.94,242.38,427.88,242.38,427.88,242.47,427.96,242.44,427.93,242.43,427.88,242.43,427.88,242.54,427.93,242.50,427.91,242.49,427.88,242.48
ND_ggy9KeksT2c_frame004321_l.jpg,0,412.14,-178.92,412.25,-178.98,412.36,-178.95,412.45,-178.91,412.58,-178.87,412.40,-178.86,412.49,-178.79,412.55,-178.79,412.59,-178.80,412.39,-178.77,412.49,-178.74,412.55,-178.75,412.62,-178.76,412.35,-178.72,412.45,-178.71,412.52,-178.72,412.59,-178.75,412.32,-178.69,412.39,-178.69,412.46,-178.71,412.53,-178.73
ND_ggy9KeksT2c_frame011281_r.jpg,0,-29.49,128.34,-29.33,128.47,-29.26,128.61,-29.24,128.75,-29.23,128.89,-29.40,128.67,-29.41,128.81,-29.42,128.93,-29.43,129.07,-29.54,128.70,-29.56,128.88,-29.57,129.02,-29.58,129.17,-29.67,128.68,-29.69,128.83,-29.70,128.97,-29.67,129.08,-29.74,128.67,-29.77,128.78,-29.80,128.89,-29.80,128.99
ND_ggy9KeksT2c_frame014161_l.jpg,0,400.33,240.80,400.46,240.55,400.64,240.44,400.83,240.38,401.08,240.30,400.91,240.51,400.91,240.32,400.77,240.27,400.59,240.29,400.96,240.62,400.83,240.46,400.67,240.40,400.49,240.40,400.85,240.74,400.85,240.55,400.69,240.48,400.51,240.47,400.74,240.80,400.80,240.69,400.71,240.61,400.59,240.55
ND_ggy9KeksT2c_frame037921_l.jpg,0,188.76,113.55,188.64,113.65,188.54,113.78,188.45,113.90,188.30,113.98,188.32,113.50,188.14,113.47,188.08,113.57,188.14,113.68,188.27,113.43,188.09,113.45,188.00,113.53,187.94,113.66,188.30,113.41,188.15,113.43,188.05,113.53,188.02,113.66,188.34,113.42,188.23,113.45,188.16,113.52,188.13,113.62
ND_gp-DmOPYEVg_frame000301_r.jpg,0,579.29,414.34,579.37,414.29,579.43,414.25,579.50,414.25,579.57,414.23,579.50,414.36,579.58,414.39,579.63,414.41,579.69,414.45,579.50,414.42,579.58,414.46,579.63,414.49,579.69,414.52,579.47,414.46,579.54,414.49,579.59,414.52,579.65,414.55,579.44,414.49,579.49,414.52,579.53,414.54,579.57,414.56
ND_gp-DmOPYEVg_frame010201_l.jpg,0,551.99,278.89,552.15,278.80,552.29,278.82,552.38,278.88,552.47,278.96,552.33,278.85,552.46,278.94,552.54,278.98,552.55,279.00,552.32,278.97,552.45,279.04,552.53,279.07,552.55,279.07,552.26,279.07,552.38,279.12,552.49,279.16,552.56,279.16,552.22,279.14,552.32,279.15,552.40,279.16,552.48,279.16
ND_gxDLPVkemrQ_frame001435_l.jpg,0,898.47,436.65,898.63,436.72,898.74,436.80,898.75,436.94,898.73,437.04,898.57,436.78,898.57,436.93,898.63,437.03,898.67,437.04,898.44,436.82,898.46,436.97,898.52,437.05,898.54,436.99,898.33,436.85,898.33,436.96,898.40,437.06,898.40,437.01,898.26,436.89,898.17,436.89,898.16,436.99,898.23,437.04
ND_h2no3YeukM8_frame000601_r.jpg,0,-74.97,509.80,-75.02,509.83,-74.91,509.95,-74.82,510.00,-74.67,510.13,-74.75,509.71,-74.60,509.77,-74.56,509.90,-74.53,510.04,-74.60,509.72,-74.55,509.89,-74.59,510.04,-74.70,510.17,-74.53,509.79,-74.51,509.92,-74.57,510.07,-74.71,510.15,-74.50,509.86,-74.47,509.93,-74.46,510.02,-74.50,510.13
ND_h6C2UatW8tQ_frame009868_l.jpg,0,-75.10,-120.08,-74.71,-120.49,-74.48,-120.87,-74.42,-121.30,-74.62,-121.67,-74.03,-121.01,-73.83,-121.44,-73.94,-121.77,-74.18,-122.10,-74.18,-121.04,-74.14,-121.50,-74.31,-121.83,-74.50,-122.13,-74.55,-120.96,-74.54,-121.41,-74.72,-121.75,-74.89,-122.06,-74.89,-120.92,-74.89,-121.25,-75.01,-121.50,-75.11,-121.73
ND_h9qoJV49ICI_frame010501_l.jpg,0,-207.35,242.57,-207.65,242.22,-208.02,241.97,-208.36,241.75,-208.62,241.39,-207.65,241.25,-207.93,240.86,-208.23,240.78,-208.60,240.80,-207.61,241.19,-208.05,241.07,-208.39,241.08,-208.77,241.15,-207.60,241.42,-208.02,241.32,-208.38,241.37,-208.74,241.45,-207.65,241.65,-207.91,241.47,-208.18,241.44,-208.42,241.42
ND_hASrzaXK5_4_frame004801_r.jpg,0,55.25,-34.07,55.16,-34.03,55.10,-34.01,55.04,-34.03,55.02,-34.07,55.03,-34.11,54.96,-34.10,54.91,-34.09,54.86,-34.08,55.04,-34.16,54.99,-34.13,54.97,-34.11,54.94,-34.07,55.09,-34.18,55.03,-34.15,55.02,-34.12,55.01,-34.07,55.13,-34.18,55.08,-34.16,55.07,-34.13,55.06,-34.08
ND_hASrzaXK5_4_frame005101_r.jpg,0,83.82,10.39,83.83,10.31,83.86,10.25,83.87,10.20,83.87,10.12,83.72,10.26,83.64,10.25,83.59,10.22,83.54,10.19,83.66,10.28,83.59,10.25,83.55,10.22,83.51,10.17,83.63,10.31,83.58,10.29,83.53,10.26,83.50,10.22,83.62,10.33,83.58,10.31,83.55,10.30,83.52,10.28
ND_hASrzaXK5_4_frame008401_r.jpg,0,50.83,72.70,50.75,72.62,50.68,72.57,50.61,72.55,50.54,72.60,50.58,72.64,50.49,72.66,50.52,72.66,50.57,72.66,50.56,72.71,50.50,72.73,50.53,72.73,50.58,72.72,50.59,72.77,50.52,72.78,50.55,72.79,50.59,72.78,50.62,72.82,50.57,72.81,50.59,72.81,50.62,72.81
ND_hHuzf5hE-_o_frame009585_l.jpg,0,939.58,611.50,939.72,611.51,939.85,611.59,939.89,611.71,939.90,611.84,939.71,611.71,939.78,611.87,939.86,611.95,939.95,611.99,939.64,611.82,939.73,611.96,939.83,612.00,939.92,612.00,939.59,611.87,939.70,611.96,939.80,611.99,939.86,611.99,939.57,611.89,939.67,611.93,939.75,611.95,939.79,611.95
ND_hHuzf5hE-_o_frame010783_l.jpg,0,975.12,602.61,975.25,602.59,975.36,602.63,975.42,602.74,975.45,602.84,975.25,602.80,975.36,602.92,975.47,602.96,975.57,602.96,975.20,602.91,975.32,603.03,975.44,603.03,975.51,602.98,975.17,602.97,975.28,603.07,975.40,603.07,975.46,603.02,975.16,603.01,975.25,603.07,975.34,603.08,975.39,603.05
ND_hHuzf5hE-_o_frame027555_l.jpg,0,1094.26,668.57,1094.27,668.57,1094.26,668.66,1094.26,668.75,1094.24,668.85,1094.45,668.68,1094.42,668.79,1094.35,668.83,1094.26,668.84,1094.48,668.75,1094.42,668.84,1094.34,668.88,1094.26,668.88,1094.45,668.79,1094.40,668.88,1094.31,668.88,1094.25,668.82,1094.41,668.82,1094.37,668.89,1094.30,668.89,1094.27,668.83
ND_hNGyk5Whgnw_frame002393_r.jpg,0,300.60,-75.02,300.68,-74.96,300.77,-74.97,300.86,-74.96,300.97,-74.96,300.83,-74.84,300.93,-74.82,301.00,-74.82,301.08,-74.83,300.86,-74.86,300.96,-74.86,301.03,-74.88,301.11,-74.88,300.84,-74.93,300.93,-74.91,301.01,-74.93,301.08,-74.92,300.83,-74.99,300.90,-74.98,300.95,-74.97,301.02,-74.94
ND_hNGyk5Whgnw_frame011064_r.jpg,0,776.69,-327.43,776.78,-327.51,776.97,-327.60,777.15,-327.68,777.38,-327.60,777.17,-327.79,777.41,-327.83,777.42,-327.69,777.33,-327.56,777.29,-327.76,777.52,-327.75,777.48,-327.61,777.37,-327.50,777.30,-327.62,777.49,-327.64,777.47,-327.51,777.36,-327.42,777.29,-327.49,777.41,-327.49,777.40,-327.41,777.32,-327.34
ND_hNgLGGhpOJk_frame000599_r.jpg,0,702.32,-251.72,702.83,-251.97,703.15,-252.04,703.42,-251.98,703.74,-251.86,703.09,-252.45,703.36,-252.35,703.58,-252.20,703.88,-252.05,702.92,-252.30,703.25,-252.13,703.49,-251.88,703.77,-251.61,702.71,-251.97,703.08,-251.80,703.35,-251.55,703.63,-251.28,702.57,-251.68,702.85,-251.51,703.06,-251.32,703.33,-251.07
ND_h_idZpWb4dU_frame005682_r.jpg,0,415.71,530.59,415.61,530.58,415.55,530.54,415.51,530.51,415.48,530.51,415.49,530.69,415.41,530.68,415.37,530.65,415.33,530.61,415.51,530.72,415.43,530.72,415.38,530.70,415.33,530.65,415.56,530.70,415.48,530.70,415.43,530.67,415.37,530.64,415.60,530.68,415.55,530.66,415.50,530.65,415.45,530.63
ND_h_idZpWb4dU_frame006280_r.jpg,0,437.81,296.91,437.77,296.82,437.74,296.75,437.71,296.69,437.68,296.63,437.62,296.81,437.55,296.80,437.52,296.78,437.48,296.74,437.61,296.84,437.55,296.83,437.51,296.80,437.47,296.77,437.65,296.88,437.58,296.85,437.54,296.82,437.49,296.79,437.69,296.90,437.65,296.87,437.60,296.85,437.55,296.82
ND_hnEpyuuUZgw_frame010501_r.jpg,0,20.50,238.62,20.58,238.62,20.64,238.62,20.70,238.63,20.75,238.66,20.69,238.59,20.76,238.62,20.80,238.64,20.85,238.66,20.69,238.60,20.75,238.63,20.80,238.66,20.85,238.67,20.65,238.64,20.71,238.65,20.76,238.68,20.81,238.70,20.62,238.67,20.66,238.67,20.70,238.68,20.75,238.70
ND_hvCcpTU2dWw_frame000300_l.jpg,0,-617.99,-736.95,-618.96,-737.48,-619.79,-737.77,-620.55,-737.67,-621.39,-737.44,-619.68,-738.20,-620.49,-738.01,-620.88,-737.55,-621.12,-737.01,-619.47,-737.82,-620.23,-737.34,-620.59,-736.87,-620.90,-736.45,-619.11,-737.16,-619.87,-736.86,-620.23,-736.41,-620.50,-736.10,-618.89,-736.59,-619.46,-736.42,-619.78,-736.16,-620.00,-735.97
ND_hw-to0hKTmE_frame013456_r.jpg,0,317.60,2.00,317.43,2.15,317.42,2.27,317.52,2.39,317.65,2.52,317.74,2.48,317.76,2.64,317.70,2.60,317.62,2.45,317.96,2.41,318.11,2.52,318.12,2.46,318.05,2.36,318.08,2.22,318.25,2.32,318.35,2.33,318.39,2.32,318.13,2.04,318.22,2.01,318.27,1.95,318.26,1.90
ND_hw-to0hKTmE_frame038572_r.jpg,0,519.11,515.25,519.20,515.25,519.29,515.27,519.36,515.34,519.41,515.41,519.26,515.45,519.36,515.50,519.44,515.52,519.51,515.51,519.25,515.52,519.35,515.56,519.42,515.54,519.46,515.49,519.23,515.53,519.33,515.56,519.39,515.53,519.42,515.49,519.22,515.52,519.30,515.53,519.35,515.51,519.37,515.47
ND_hw-to0hKTmE_frame043057_l.jpg,0,519.04,460.60,519.03,460.57,519.01,460.55,519.04,460.57,519.08,460.60,519.05,460.76,519.13,460.82,519.20,460.83,519.29,460.81,519.10,460.83,519.19,460.89,519.27,460.90,519.36,460.87,519.16,460.84,519.23,460.90,519.32,460.90,519.39,460.86,519.22,460.82,519.28,460.85,519.34,460.86,519.40,460.84
ND_hw-to0hKTmE_frame049336_l.jpg,0,553.63,448.74,553.74,448.69,553.85,448.72,553.91,448.79,553.96,448.85,553.82,448.78,553.92,448.86,553.99,448.89,554.03,448.91,553.80,448.88,553.90,448.94,553.97,448.96,554.02,448.96,553.76,448.94,553.86,448.98,553.93,448.99,553.97,448.98,553.74,448.99,553.81,449.00,553.87,449.00,553.91,448.99
ND_hw-to0hKTmE_frame068472_r.jpg,0,542.97,470.94,543.02,471.01,543.06,471.06,543.11,471.07,543.16,471.08,543.17,471.03,543.19,471.07,543.19,471.10,543.16,471.15,543.18,471.00,543.19,471.06,543.17,471.11,543.14,471.16,543.15,470.97,543.17,471.04,543.15,471.09,543.12,471.13,543.12,470.96,543.12,471.01,543.11,471.05,543.10,471.10
ND_hw-to0hKTmE_frame087309_l.jpg,0,508.59,472.82,508.70,472.78,508.81,472.80,508.88,472.86,508.89,472.88,508.80,472.93,508.92,472.98,508.99,472.99,509.03,472.98,508.79,473.02,508.90,473.06,508.96,473.04,509.00,473.01,508.75,473.06,508.85,473.08,508.92,473.06,508.95,473.04,508.73,473.08,508.80,473.08,508.86,473.07,508.89,473.05
ND_hwG0fwDPiJE_frame003001_l.jpg,0,-172.57,-491.70,-172.08,-492.15,-171.55,-492.40,-171.06,-492.50,-170.65,-492.35,-170.88,-491.84,-170.33,-492.02,-170.02,-492.20,-169.68,-492.34,-170.78,-491.56,-170.64,-492.02,-170.94,-492.31,-171.38,-492.37,-171.04,-491.42,-170.87,-491.92,-171.18,-492.25,-171.63,-492.30,-171.28,-491.40,-171.11,-491.76,-171.27,-492.07,-171.60,-492.17
ND_hwG0fwDPiJE_frame004801_r.jpg,0,403.95,-10.30,403.50,-10.75,403.25,-11.19,403.25,-11.61,403.37,-12.09,403.88,-11.88,403.92,-12.39,403.87,-12.38,403.80,-12.22,404.36,-11.89,404.42,-12.28,404.25,-11.90,404.01,-11.49,404.72,-11.52,404.82,-11.92,404.66,-11.62,404.33,-11.31,404.94,-11.16,405.16,-11.46,405.02,-11.39,404.72,-11.31
ND_i24Vrv-ZNo4_frame003589_r.jpg,0,755.51,255.75,755.51,255.30,755.49,254.87,755.49,254.50,755.47,254.24,754.85,254.69,754.97,254.31,755.23,254.18,755.55,254.06,754.72,254.69,754.91,254.30,755.17,254.11,755.48,253.92,754.83,254.85,754.82,254.44,755.03,254.16,755.32,253.94,754.98,254.98,755.01,254.68,755.16,254.45,755.43,254.26
ND_i24Vrv-ZNo4_frame007476_r.jpg,0,355.85,-150.54,356.16,-150.72,356.48,-150.93,356.72,-151.15,356.99,-151.39,356.31,-151.51,356.61,-151.77,356.87,-151.77,357.16,-151.69,356.26,-151.63,356.60,-151.81,356.86,-151.71,357.06,-151.48,356.21,-151.50,356.52,-151.68,356.81,-151.59,356.98,-151.38,356.20,-151.34,356.42,-151.49,356.64,-151.45,356.73,-151.32
ND_i41GWx4tMYg_frame001496_l.jpg,0,320.41,268.93,320.47,268.92,320.51,268.93,320.53,268.95,320.55,268.97,320.47,268.94,320.49,268.98,320.52,269.00,320.54,269.01,320.45,268.97,320.47,269.01,320.50,269.03,320.53,269.05,320.42,268.99,320.45,269.02,320.48,269.05,320.50,269.07,320.41,269.01,320.42,269.04,320.44,269.06,320.46,269.08
ND_i7o0eVKpbls_frame013179_l.jpg,0,-453.63,-293.47,-453.79,-294.17,-454.28,-294.57,-454.80,-294.77,-455.49,-295.03,-453.90,-295.25,-454.39,-295.66,-454.83,-295.73,-455.32,-295.74,-454.06,-295.12,-454.68,-295.25,-455.07,-295.15,-455.35,-294.98,-454.24,-294.66,-454.76,-294.75,-455.05,-294.56,-455.11,-294.39,-454.44,-294.27,-454.78,-294.42,-455.04,-294.42,-455.28,-294.42
ND_i9iv6Ui2Dqg_frame004486_l.jpg,0,447.00,116.95,447.07,116.69,447.19,116.40,447.31,116.14,447.45,115.79,447.70,116.45,447.74,116.10,447.64,115.90,447.47,115.70,447.83,116.43,447.79,116.11,447.62,115.93,447.38,115.82,447.75,116.47,447.66,116.18,447.46,116.02,447.22,115.91,447.64,116.48,447.57,116.28,447.41,116.15,447.22,116.07
ND_iGIJ1sDp7tg_frame000001_r.jpg,0,-22.31,-119.48,-22.44,-119.50,-22.55,-119.52,-22.64,-119.49,-22.77,-119.45,-22.59,-119.33,-22.67,-119.25,-22.72,-119.20,-22.79,-119.15,-22.55,-119.25,-22.63,-119.18,-22.67,-119.16,-22.73,-119.16,-22.48,-119.22,-22.56,-119.16,-22.62,-119.12,-22.69,-119.11,-22.42,-119.20,-22.46,-119.14,-22.51,-119.10,-22.57,-119.07
ND_iIjqpibyaTo_frame000898_l.jpg,0,1646.95,685.44,1646.91,685.53,1646.90,685.63,1646.91,685.74,1646.95,685.81,1646.94,685.83,1647.00,685.97,1647.06,686.05,1647.11,686.15,1647.03,685.86,1647.09,685.98,1647.16,686.06,1647.22,686.14,1647.11,685.80,1647.16,685.90,1647.23,685.97,1647.29,686.04,1647.18,685.73,1647.23,685.79,1647.29,685.82,1647.34,685.85
ND_iIjqpibyaTo_frame003888_r.jpg,0,1019.37,473.17,1019.55,473.26,1019.71,473.27,1019.85,473.28,1020.03,473.31,1019.79,473.22,1019.91,473.22,1019.99,473.24,1020.09,473.23,1019.74,473.21,1019.85,473.23,1019.93,473.25,1020.02,473.22,1019.60,473.22,1019.72,473.23,1019.80,473.24,1019.90,473.23,1019.49,473.25,1019.53,473.23,1019.55,473.23,1019.59,473.18
ND_iIjqpibyaTo_frame007476_r.jpg,0,106.66,-344.89,106.26,-345.06,106.01,-345.31,105.83,-345.55,105.62,-345.79,106.20,-345.77,105.90,-345.87,105.85,-345.71,105.90,-345.56,106.43,-345.85,106.26,-345.84,106.27,-345.60,106.34,-345.32,106.68,-345.71,106.46,-345.77,106.43,-345.59,106.45,-345.35,106.83,-345.55,106.68,-345.66,106.65,-345.60,106.64,-345.43
ND_iIjqpibyaTo_frame026911_l.jpg,0,688.55,511.46,688.65,511.28,688.70,511.05,688.72,510.84,688.67,510.80,688.39,510.85,688.54,510.66,688.71,510.67,688.89,510.72,688.29,510.78,688.53,510.72,688.69,510.79,688.84,510.94,688.29,510.83,688.51,510.76,688.67,510.87,688.77,511.04,688.33,510.88,688.49,510.82,688.60,510.92,688.62,511.07
ND_iNi7g6T1HVo_frame008401_r.jpg,0,996.49,257.98,996.32,258.18,996.21,258.46,996.21,258.72,996.05,259.05,996.59,258.79,996.49,259.12,996.26,259.17,996.02,259.16,996.71,258.93,996.65,259.26,996.41,259.27,996.15,259.21,996.72,258.90,996.65,259.17,996.40,259.27,996.12,259.30,996.67,258.86,996.65,259.05,996.50,259.19,996.31,259.32
ND_iPF0aCFr6_I_frame000251_l.jpg,0,-116.58,-4.55,-116.58,-4.76,-116.55,-4.89,-116.48,-4.93,-116.45,-4.88,-116.86,-4.79,-116.75,-4.80,-116.59,-4.80,-116.45,-4.79,-116.90,-4.64,-116.69,-4.63,-116.53,-4.64,-116.48,-4.65,-116.83,-4.47,-116.66,-4.49,-116.51,-4.52,-116.48,-4.54,-116.75,-4.35,-116.61,-4.38,-116.49,-4.41,-116.44,-4.45
ND_iPF0aCFr6_I_frame001501_l.jpg,0,104.90,-44.96,104.61,-45.22,104.54,-45.50,104.79,-45.65,105.07,-45.70,105.08,-45.89,105.15,-45.94,105.08,-45.78,104.99,-45.66,105.46,-45.82,105.48,-45.78,105.37,-45.62,105.27,-45.49,105.69,-45.51,105.77,-45.55,105.65,-45.42,105.52,-45.33,105.82,-45.21,105.92,-45.22,105.81,-45.11,105.64,-45.03
ND_iV6cS5I-ZKs_frame000599_l.jpg,0,651.28,380.96,651.36,380.91,651.43,380.92,651.48,380.97,651.53,381.02,651.31,380.94,651.36,380.99,651.42,381.03,651.49,381.06,651.27,381.01,651.33,381.08,651.40,381.11,651.48,381.13,651.25,381.08,651.30,381.14,651.38,381.17,651.46,381.17,651.25,381.14,651.31,381.18,651.37,381.21,651.44,381.21
ND_iV6cS5I-ZKs_frame003589_l.jpg,0,476.14,327.10,476.23,327.01,476.29,326.94,476.34,326.88,476.37,326.85,476.23,326.85,476.25,326.75,476.30,326.71,476.37,326.70,476.20,326.86,476.21,326.78,476.27,326.76,476.35,326.76,476.17,326.94,476.20,326.87,476.27,326.84,476.35,326.84,476.17,327.01,476.20,327.00,476.24,327.01,476.31,327.01
ND_iV6cS5I-ZKs_frame014054_r.jpg,0,467.26,388.12,467.30,388.18,467.32,388.22,467.32,388.26,467.32,388.31,467.27,388.22,467.26,388.26,467.25,388.29,467.23,388.34,467.22,388.21,467.20,388.26,467.18,388.30,467.17,388.35,467.18,388.19,467.16,388.24,467.14,388.28,467.13,388.33,467.15,388.18,467.13,388.21,467.11,388.24,467.10,388.28
ND_iV6cS5I-ZKs_frame014951_l.jpg,0,415.48,279.84,415.63,279.84,415.76,279.86,415.85,279.91,415.89,279.97,415.82,279.82,415.91,279.90,415.97,279.97,416.04,280.05,415.78,279.86,415.87,279.96,415.93,280.03,416.01,280.10,415.69,279.92,415.75,280.01,415.75,280.08,415.72,280.09,415.62,279.97,415.65,280.04,415.63,280.04,415.60,279.99
ND_iV6cS5I-ZKs_frame017642_l.jpg,0,272.36,-258.05,272.42,-258.26,272.59,-258.46,272.77,-258.62,272.98,-258.86,272.93,-258.26,273.19,-258.38,273.35,-258.49,273.51,-258.63,273.09,-258.20,273.32,-258.35,273.49,-258.46,273.69,-258.57,273.09,-258.16,273.29,-258.31,273.47,-258.42,273.65,-258.55,273.06,-258.16,273.19,-258.27,273.34,-258.34,273.48,-258.47
ND_iV6cS5I-ZKs_frame025416_r.jpg,0,-229.37,-317.11,-229.25,-316.82,-229.25,-316.62,-229.42,-316.49,-229.74,-316.40,-229.34,-316.94,-229.61,-316.79,-229.79,-316.62,-229.90,-316.46,-229.56,-317.11,-229.84,-316.92,-230.03,-316.74,-230.20,-316.51,-229.78,-317.22,-230.03,-317.06,-230.26,-316.90,-230.48,-316.71,-229.95,-317.26,-230.11,-317.11,-230.26,-316.96,-230.43,-316.77
ND_if3ydxaLtbk_frame000001_l.jpg,0,-91.18,-201.85,-91.53,-202.06,-91.77,-202.20,-91.89,-202.07,-91.73,-201.69,-92.19,-201.53,-92.44,-201.38,-92.24,-201.53,-91.96,-201.73,-92.09,-201.20,-92.18,-200.99,-91.98,-201.20,-91.76,-201.47,-91.76,-201.02,-91.87,-200.88,-91.68,-201.13,-91.49,-201.42,-91.47,-200.94,-91.51,-200.91,-91.39,-201.11,-91.28,-201.38
ND_ilczT4xoU_Q_frame000001_r.jpg,0,-85.40,265.66,-85.12,265.32,-84.95,264.86,-84.77,264.50,-84.50,264.07,-85.34,264.32,-85.11,263.88,-84.85,263.71,-84.52,263.53,-85.47,264.17,-85.30,263.70,-84.98,263.54,-84.59,263.43,-85.48,264.32,-85.30,263.90,-84.97,263.68,-84.60,263.51,-85.41,264.48,-85.15,264.27,-84.90,264.10,-84.54,263.88
ND_j1l_7uISmpQ_frame000901_l.jpg,0,-215.42,214.86,-215.41,214.55,-215.48,214.35,-215.58,214.19,-215.68,213.96,-215.30,214.30,-215.39,214.16,-215.52,214.06,-215.68,213.95,-215.36,214.41,-215.54,214.27,-215.70,214.19,-215.87,214.10,-215.48,214.58,-215.61,214.42,-215.76,214.30,-215.92,214.19,-215.60,214.70,-215.69,214.57,-215.78,214.45,-215.88,214.32
ND_j1l_7uISmpQ_frame001201_r.jpg,0,-117.51,338.04,-117.52,337.97,-117.61,337.87,-117.70,337.77,-117.83,337.66,-117.89,337.87,-117.93,337.67,-117.86,337.56,-117.71,337.50,-117.99,337.81,-117.94,337.62,-117.81,337.54,-117.65,337.56,-117.97,337.77,-117.95,337.63,-117.82,337.53,-117.66,337.58,-117.93,337.72,-117.93,337.63,-117.87,337.55,-117.77,337.53
ND_j95yJqMIMsw_frame000501_r.jpg,0,-42.23,-264.52,-42.45,-264.63,-42.59,-264.68,-42.71,-264.69,-42.90,-264.62,-42.67,-264.38,-42.89,-264.29,-43.01,-264.26,-43.11,-264.24,-42.66,-264.21,-42.85,-264.16,-42.98,-264.14,-43.13,-264.13,-42.59,-264.11,-42.79,-264.07,-42.94,-264.05,-43.08,-264.06,-42.54,-264.05,-42.68,-263.99,-42.79,-263.95,-42.92,-263.93
ND_jTj9Z3NL_kY_frame000001_r.jpg,0,206.03,364.97,206.15,365.06,206.33,365.01,206.49,364.85,206.45,364.65,206.10,364.68,206.24,364.45,206.43,364.38,206.65,364.37,206.11,364.46,206.38,364.40,206.58,364.44,206.72,364.62,206.16,364.36,206.40,364.41,206.48,364.59,206.31,364.73,206.23,364.31,206.40,364.31,206.48,364.46,206.35,364.58
ND_jcLP-2eh5_M_frame000301_r.jpg,0,-179.69,-0.47,-179.46,-0.56,-179.23,-0.83,-179.02,-1.10,-178.70,-1.38,-179.45,-1.31,-179.13,-1.57,-178.86,-1.55,-178.59,-1.42,-179.46,-1.53,-179.17,-1.79,-178.89,-1.72,-178.65,-1.51,-179.44,-1.51,-179.24,-1.78,-178.94,-1.79,-178.69,-1.64,-179.38,-1.45,-179.19,-1.63,-178.99,-1.75,-178.76,-1.86
ND_jouWJlvVq84_frame017401_r.jpg,0,176.13,-329.28,176.70,-329.40,177.21,-329.46,177.63,-329.55,178.01,-329.63,176.90,-330.37,177.09,-330.88,177.37,-331.06,177.71,-331.10,176.68,-330.67,176.89,-331.16,177.21,-331.31,177.60,-331.30,176.43,-330.68,176.61,-331.11,176.95,-331.28,177.34,-331.24,176.28,-330.63,176.34,-330.98,176.62,-331.11,176.91,-331.03
ND_jt7h9nyASgc_frame002692_l.jpg,0,1269.48,373.41,1269.60,373.41,1269.69,373.42,1269.76,373.44,1269.82,373.45,1269.69,373.59,1269.74,373.57,1269.75,373.53,1269.75,373.50,1269.64,373.64,1269.68,373.60,1269.68,373.56,1269.67,373.52,1269.57,373.63,1269.61,373.61,1269.62,373.56,1269.60,373.52,1269.51,373.61,1269.55,373.60,1269.55,373.57,1269.54,373.53
ND_jt7h9nyASgc_frame004486_r.jpg,0,1047.45,489.32,1047.26,489.30,1047.11,489.37,1047.00,489.47,1046.98,489.65,1046.96,489.30,1046.82,489.32,1046.75,489.42,1046.69,489.54,1046.98,489.38,1046.91,489.53,1046.97,489.60,1047.04,489.62,1047.09,489.46,1046.99,489.58,1047.04,489.67,1047.11,489.66,1047.18,489.54,1047.14,489.64,1047.18,489.70,1047.23,489.71
ND_jt7h9nyASgc_frame010765_r.jpg,0,460.73,442.30,460.65,442.37,460.62,442.44,460.62,442.51,460.60,442.59,460.68,442.54,460.66,442.62,460.64,442.65,460.60,442.68,460.73,442.56,460.70,442.63,460.67,442.66,460.62,442.69,460.77,442.52,460.75,442.59,460.72,442.63,460.67,442.67,460.79,442.48,460.77,442.52,460.74,442.55,460.71,442.59
ND_jtDyeSJA2mk_frame006579_l.jpg,0,800.10,131.47,800.27,131.18,800.34,130.91,800.34,130.67,800.38,130.35,799.84,130.85,799.70,130.73,799.77,130.81,799.91,130.96,799.62,131.02,799.49,131.02,799.53,131.09,799.61,131.17,799.55,131.31,799.42,131.28,799.40,131.34,799.43,131.39,799.56,131.55,799.40,131.57,799.33,131.63,799.31,131.66
ND_jtDyeSJA2mk_frame014353_l.jpg,0,625.19,226.95,625.36,226.77,625.53,226.74,625.68,226.77,625.87,226.84,625.11,226.55,625.07,226.46,625.15,226.49,625.29,226.57,624.95,226.68,625.04,226.77,625.20,226.87,625.40,226.96,624.87,226.88,624.92,226.94,625.10,227.04,625.31,227.09,624.85,227.06,624.92,227.07,625.07,227.13,625.23,227.17
ND_jyGBX9_PsxY_frame000001_l.jpg,0,22.29,73.78,22.22,73.73,22.16,73.74,22.12,73.75,22.10,73.78,22.23,73.66,22.18,73.68,22.15,73.72,22.13,73.76,22.26,73.69,22.21,73.74,22.17,73.78,22.14,73.81,22.30,73.74,22.24,73.78,22.20,73.82,22.16,73.85,22.31,73.79,22.27,73.82,22.24,73.84,22.21,73.86
ND_jyGBX9_PsxY_frame000300_r.jpg,0,-37.70,-14.93,-37.73,-15.03,-37.79,-15.16,-37.84,-15.25,-37.98,-15.37,-38.00,-14.97,-38.17,-14.98,-38.20,-15.09,-38.14,-15.21,-38.11,-14.93,-38.26,-15.02,-38.24,-15.14,-38.17,-15.26,-38.13,-14.92,-38.24,-15.03,-38.23,-15.16,-38.15,-15.28,-38.14,-14.94,-38.18,-15.03,-38.18,-15.13,-38.16,-15.27
ND_jzbrbcR2Yak_frame001501_r.jpg,0,273.70,-474.26,274.42,-474.66,275.22,-474.96,275.95,-475.01,276.71,-474.90,275.23,-476.29,276.09,-475.95,276.56,-475.53,277.09,-475.06,275.29,-476.42,276.19,-476.27,276.73,-475.88,277.26,-475.37,275.17,-476.00,275.98,-476.15,276.59,-475.81,277.11,-475.38,275.13,-475.54,275.74,-475.51,276.28,-475.37,276.97,-475.16
ND_jzbrbcR2Yak_frame002701_r.jpg,0,301.59,-404.14,302.26,-404.51,303.01,-404.94,303.62,-405.38,303.65,-405.60,302.56,-406.34,303.35,-406.79,303.94,-406.71,304.59,-406.47,302.49,-406.68,303.30,-407.11,303.96,-407.05,304.69,-406.89,302.42,-406.45,302.89,-407.14,303.60,-407.18,304.25,-406.89,302.45,-406.14,303.00,-406.43,303.53,-406.56,304.20,-406.62
ND_k0WgJLkheCY_frame003888_l.jpg,0,-645.67,-191.79,-645.99,-192.39,-646.69,-193.10,-647.46,-193.62,-648.56,-194.20,-646.40,-194.59,-647.12,-195.47,-647.83,-195.74,-648.68,-195.93,-646.71,-194.83,-647.73,-195.20,-648.50,-195.04,-649.25,-194.64,-646.98,-194.38,-647.81,-194.83,-648.32,-194.32,-648.16,-193.69,-647.26,-193.90,-647.73,-194.32,-648.19,-194.41,-648.34,-194.22
ND_k0WgJLkheCY_frame022426_l.jpg,0,-651.84,-929.93,-652.73,-930.75,-653.55,-931.65,-654.25,-932.43,-654.88,-933.26,-652.30,-933.25,-653.03,-934.33,-653.74,-934.82,-654.57,-935.26,-651.88,-933.63,-652.99,-934.19,-653.90,-934.18,-654.85,-933.83,-651.68,-933.25,-652.42,-934.10,-653.37,-934.29,-654.30,-933.98,-651.70,-932.85,-652.05,-933.59,-652.71,-933.92,-653.40,-933.85
ND_kDPjZuAJGBE_frame003290_l.jpg,0,-635.39,-483.94,-635.48,-484.58,-635.91,-484.87,-636.35,-484.97,-636.94,-485.08,-636.24,-484.94,-636.75,-485.10,-637.08,-485.24,-637.41,-485.40,-636.56,-484.66,-637.04,-484.86,-637.34,-485.00,-637.59,-485.25,-636.66,-484.28,-637.05,-484.57,-637.37,-484.75,-637.62,-485.03,-636.72,-484.02,-636.91,-484.31,-637.14,-484.52,-637.42,-484.81
ND_kDPjZuAJGBE_frame009270_l.jpg,0,-82.05,-620.54,-82.18,-619.87,-82.41,-619.44,-82.71,-619.14,-82.96,-618.90,-83.29,-619.48,-83.74,-619.11,-83.81,-618.83,-83.85,-618.59,-83.54,-619.74,-83.49,-619.31,-83.28,-619.05,-83.00,-618.80,-83.44,-620.10,-83.41,-619.68,-83.18,-619.42,-82.87,-619.17,-83.27,-620.34,-83.36,-620.03,-83.19,-619.80,-82.94,-619.59
ND_kFpDH8KCS2k_frame008161_l.jpg,0,-137.30,76.91,-137.08,76.70,-136.97,76.52,-136.88,76.37,-136.70,76.21,-137.16,76.19,-137.03,76.03,-136.91,76.04,-136.75,76.09,-137.29,76.17,-137.14,76.06,-136.99,76.10,-136.81,76.15,-137.38,76.31,-137.23,76.18,-137.06,76.21,-136.87,76.28,-137.41,76.44,-137.27,76.39,-137.12,76.41,-136.94,76.48
ND_kFpDH8KCS2k_frame009841_r.jpg,0,-576.10,-515.03,-576.13,-515.48,-576.53,-516.00,-576.98,-516.41,-577.61,-516.91,-575.94,-516.94,-576.37,-517.54,-576.86,-517.66,-577.43,-517.61,-576.11,-517.14,-576.66,-517.53,-577.00,-517.15,-577.02,-516.59,-576.41,-516.91,-576.71,-517.17,-577.04,-516.87,-577.02,-516.40,-576.71,-516.66,-576.93,-516.74,-577.04,-516.61,-577.03,-516.44
ND_kFpDH8KCS2k_frame027841_r.jpg,0,90.46,255.22,90.52,254.96,90.46,254.75,90.37,254.57,90.28,254.32,90.23,254.77,90.04,254.64,89.93,254.51,89.79,254.39,90.06,254.83,90.03,254.64,90.15,254.66,90.30,254.74,89.96,254.94,89.95,254.73,90.01,254.61,90.14,254.54,89.91,255.01,89.84,254.91,89.78,254.79,89.73,254.64
ND_kFpDH8KCS2k_frame032881_l.jpg,0,507.43,266.45,507.37,266.34,507.33,266.25,507.28,266.20,507.21,266.12,507.25,266.30,507.16,266.29,507.09,266.28,507.01,266.28,507.22,266.37,507.13,266.36,507.05,266.35,506.97,266.34,507.23,266.46,507.15,266.44,507.07,266.44,506.99,266.43,507.23,266.52,507.17,266.52,507.11,266.52,507.05,266.51
ND_kIBn-DqQVHU_frame015601_r.jpg,0,1074.94,381.77,1074.89,381.81,1074.88,381.86,1074.88,381.91,1074.87,381.97,1074.90,381.92,1074.90,381.98,1074.90,382.02,1074.89,382.06,1074.94,381.94,1074.93,382.00,1074.92,382.03,1074.89,382.07,1074.97,381.92,1074.95,381.97,1074.94,382.01,1074.91,382.05,1074.99,381.91,1074.97,381.94,1074.96,381.97,1074.94,382.01
ND_kU6Lj5jAhnI_frame002692_l.jpg,0,227.39,-374.98,228.07,-374.87,228.63,-374.75,229.12,-374.67,229.73,-374.82,228.34,-373.83,228.61,-373.27,228.96,-373.02,229.36,-372.91,228.05,-373.47,228.49,-373.03,228.90,-372.86,229.36,-372.82,227.72,-373.40,227.82,-372.92,228.20,-372.69,228.57,-372.80,227.52,-373.41,227.51,-373.02,227.76,-372.79,228.05,-372.88
ND_kWUPfDdQp-w_frame002101_r.jpg,0,608.54,-133.54,608.81,-133.61,609.09,-133.64,609.33,-133.66,609.62,-133.67,609.21,-134.04,609.51,-134.00,609.67,-133.87,609.82,-133.69,609.24,-134.06,609.53,-134.02,609.69,-133.88,609.77,-133.69,609.15,-133.93,609.35,-133.77,609.29,-133.57,609.12,-133.50,609.09,-133.78,609.29,-133.76,609.45,-133.70,609.58,-133.61
ND_kX50-5rNVqo_frame007001_l.jpg,0,241.88,-287.65,242.24,-287.91,242.55,-287.99,242.84,-287.95,243.19,-287.97,242.92,-287.48,243.18,-287.29,243.00,-287.38,242.76,-287.53,242.83,-287.16,242.73,-287.20,242.55,-287.32,242.33,-287.49,242.52,-286.98,242.49,-287.05,242.33,-287.19,242.16,-287.41,242.25,-286.90,242.19,-286.98,242.08,-287.10,241.98,-287.27
ND_kX50-5rNVqo_frame007501_l.jpg,0,314.36,-81.24,314.29,-81.38,314.11,-81.20,314.04,-80.96,314.24,-80.60,314.90,-81.37,314.85,-81.08,314.64,-80.91,314.35,-80.83,315.11,-81.16,314.96,-80.89,314.71,-80.76,314.39,-80.72,315.12,-80.91,315.08,-80.66,314.82,-80.53,314.53,-80.61,315.06,-80.70,314.93,-80.49,314.72,-80.39,314.47,-80.45
ND_kX50-5rNVqo_frame017501_r.jpg,0,4.50,331.85,4.43,331.75,4.38,331.58,4.33,331.43,4.24,331.22,4.56,331.36,4.36,331.28,4.29,331.40,4.26,331.56,4.58,331.27,4.38,331.32,4.32,331.45,4.28,331.61,4.54,331.30,4.38,331.34,4.35,331.50,4.35,331.66,4.49,331.33,4.40,331.35,4.40,331.47,4.45,331.59
ND_kX50-5rNVqo_frame027501_l.jpg,0,992.19,165.43,992.33,165.29,992.38,165.21,992.35,165.19,992.29,165.13,992.11,164.99,992.05,164.99,992.10,165.07,992.20,165.18,991.94,165.04,991.97,165.09,992.05,165.20,992.19,165.28,991.85,165.20,991.90,165.21,991.99,165.31,992.12,165.37,991.81,165.34,991.85,165.33,991.91,165.39,992.02,165.45
ND_kX50-5rNVqo_frame038001_r.jpg,0,303.43,279.30,303.32,279.15,303.30,279.00,303.31,278.86,303.35,278.70,303.42,278.86,303.45,278.75,303.41,278.84,303.35,278.95,303.54,278.85,303.49,278.81,303.45,278.92,303.40,279.04,303.64,278.93,303.56,278.88,303.50,278.99,303.44,279.10,303.70,279.00,303.62,278.95,303.58,279.04,303.58,279.13
ND_kgmjUTavOlg_frame001501_r.jpg,0,-11.93,-905.49,-10.90,-905.66,-10.30,-906.23,-9.79,-906.73,-9.06,-907.35,-10.13,-907.16,-9.82,-908.00,-9.50,-908.37,-9.24,-908.47,-10.60,-907.67,-10.14,-908.33,-9.95,-908.35,-9.76,-908.06,-11.29,-907.75,-10.70,-908.24,-10.44,-908.41,-10.18,-908.19,-11.81,-907.72,-11.38,-908.10,-11.04,-908.27,-10.70,-908.15
ND_khh2HhMhgdU_frame000001_r.jpg,0,-87.61,45.42,-87.50,45.52,-87.44,45.62,-87.38,45.69,-87.29,45.78,-87.27,45.53,-87.21,45.60,-87.18,45.66,-87.17,45.75,-87.28,45.50,-87.21,45.56,-87.18,45.63,-87.17,45.73,-87.37,45.48,-87.28,45.54,-87.25,45.61,-87.21,45.70,-87.45,45.47,-87.38,45.51,-87.33,45.55,-87.29,45.60
ND_khh2HhMhgdU_frame000301_r.jpg,0,208.23,196.40,208.43,196.46,208.56,196.59,208.61,196.74,208.66,196.95,208.47,196.83,208.58,196.98,208.68,197.05,208.79,197.05,208.39,196.93,208.52,197.04,208.61,197.00,208.67,196.91,208.30,196.91,208.46,196.99,208.55,196.95,208.63,196.87,208.26,196.88,208.39,196.90,208.47,196.84,208.51,196.74
ND_khh2HhMhgdU_frame000601_r.jpg,0,166.32,80.41,166.33,80.57,166.37,80.67,166.44,80.71,166.52,80.73,166.56,80.72,166.68,80.79,166.69,80.85,166.61,80.91,166.61,80.68,166.64,80.78,166.57,80.82,166.47,80.82,166.58,80.60,166.53,80.71,166.42,80.73,166.33,80.72,166.54,80.55,166.51,80.63,166.46,80.70,166.40,80.76
ND_khqqvnAt9vk_frame001795_l.jpg,0,114.05,-273.25,113.74,-273.33,113.46,-273.26,113.22,-273.16,112.93,-273.01,113.27,-273.52,112.99,-273.40,113.04,-273.24,113.19,-273.12,113.28,-273.43,113.13,-273.19,113.17,-273.03,113.25,-272.92,113.42,-273.26,113.27,-273.07,113.29,-272.92,113.35,-272.83,113.54,-273.10,113.44,-272.99,113.47,-272.94,113.56,-272.92
ND_kklK9hp5VsU_frame002701_r.jpg,0,-95.50,-620.99,-94.88,-620.85,-94.42,-620.83,-94.16,-620.68,-94.23,-620.45,-94.50,-621.16,-94.23,-620.80,-94.26,-620.48,-94.37,-620.42,-94.82,-621.18,-94.69,-620.70,-94.74,-620.42,-94.80,-620.45,-95.25,-621.05,-95.16,-620.58,-95.20,-620.40,-95.23,-620.58,-95.58,-620.88,-95.52,-620.53,-95.57,-620.44,-95.61,-620.60
ND_kklK9hp5VsU_frame004801_l.jpg,0,113.54,-577.80,114.47,-577.58,115.30,-577.31,115.65,-576.69,115.63,-575.72,115.72,-576.49,115.94,-575.59,115.96,-575.05,116.00,-574.58,115.40,-576.02,115.78,-575.21,115.96,-574.63,116.08,-574.15,114.68,-575.82,115.19,-575.17,115.53,-574.56,115.86,-573.98,114.08,-575.69,114.32,-575.19,114.52,-574.69,114.74,-574.30
ND_kklK9hp5VsU_frame006601_r.jpg,0,820.59,335.23,820.47,335.23,820.40,335.18,820.33,335.13,820.23,335.09,820.38,335.25,820.31,335.25,820.27,335.22,820.23,335.18,820.43,335.23,820.43,335.18,820.45,335.14,820.48,335.12,820.50,335.19,820.47,335.15,820.47,335.11,820.48,335.11,820.55,335.15,820.53,335.11,820.52,335.08,820.52,335.06
ND_kmcs6amqirQ_frame000901_l.jpg,0,-80.37,-116.79,-80.49,-116.73,-80.58,-116.67,-80.65,-116.63,-80.75,-116.57,-80.53,-116.51,-80.60,-116.47,-80.66,-116.49,-80.72,-116.55,-80.49,-116.50,-80.57,-116.49,-80.63,-116.55,-80.68,-116.62,-80.45,-116.56,-80.54,-116.54,-80.61,-116.59,-80.66,-116.67,-80.43,-116.62,-80.50,-116.61,-80.56,-116.63,-80.65,-116.67
ND_kt2wYAqmYxY_frame000901_r.jpg,0,92.67,-36.46,92.75,-36.45,92.80,-36.38,92.77,-36.31,92.71,-36.26,92.80,-36.22,92.77,-36.24,92.74,-36.29,92.72,-36.32,92.73,-36.16,92.70,-36.20,92.68,-36.26,92.66,-36.31,92.64,-36.17,92.62,-36.17,92.60,-36.22,92.60,-36.28,92.56,-36.20,92.53,-36.17,92.53,-36.20,92.55,-36.26
ND_kvWAtSH1xIY_frame010501_r.jpg,0,471.50,378.95,471.44,378.89,471.39,378.84,471.33,378.84,471.25,378.85,471.31,378.88,471.24,378.90,471.23,378.92,471.23,378.93,471.30,378.94,471.24,378.96,471.24,378.97,471.25,378.98,471.32,378.99,471.26,379.00,471.24,379.02,471.24,379.02,471.34,379.03,471.29,379.04,471.26,379.06,471.24,379.07
ND_kwjUmXl3npE_frame001001_l.jpg,0,-594.72,-144.63,-595.72,-144.92,-596.55,-145.62,-597.16,-146.34,-597.98,-147.31,-595.73,-146.98,-596.32,-147.98,-596.84,-148.58,-597.46,-149.17,-595.33,-147.61,-596.15,-148.34,-596.88,-148.44,-597.65,-148.19,-595.02,-147.62,-595.83,-148.25,-596.61,-148.21,-597.43,-147.93,-594.92,-147.52,-595.55,-147.91,-596.20,-148.09,-596.87,-148.03
ND_kwjUmXl3npE_frame006751_l.jpg,0,-744.24,-956.47,-744.79,-957.56,-745.86,-958.02,-746.86,-958.23,-748.05,-958.61,-744.93,-959.80,-746.02,-960.30,-746.80,-959.99,-747.53,-959.45,-745.02,-959.74,-746.21,-959.77,-746.94,-959.38,-747.37,-958.87,-745.19,-958.99,-746.20,-959.08,-746.84,-958.69,-746.98,-958.34,-745.43,-958.30,-746.06,-958.39,-746.54,-958.28,-746.89,-958.18
ND_l5_T4kWXEd0_frame014951_r.jpg,0,30.15,-110.63,30.10,-111.00,30.00,-111.29,29.83,-111.50,29.55,-111.68,29.55,-111.31,29.38,-111.54,29.48,-111.54,29.66,-111.43,29.36,-111.14,29.19,-111.30,29.32,-111.30,29.55,-111.24,29.33,-110.89,29.13,-111.06,29.20,-111.11,29.41,-111.11,29.34,-110.69,29.14,-110.76,29.10,-110.85,29.19,-110.94
ND_l5_T4kWXEd0_frame025117_l.jpg,0,752.07,5.19,752.30,4.85,752.54,4.66,752.78,4.58,753.07,4.55,752.31,4.45,752.59,4.40,752.82,4.45,753.07,4.51,752.27,4.59,752.59,4.61,752.83,4.66,753.09,4.71,752.25,4.87,752.52,4.80,752.75,4.83,752.84,4.84,752.27,5.10,752.49,5.05,752.67,5.03,752.79,4.99
ND_l9XSHRQ7oLs_frame000601_l.jpg,0,122.33,236.73,122.43,236.65,122.52,236.61,122.58,236.59,122.69,236.60,122.39,236.52,122.45,236.51,122.52,236.56,122.60,236.61,122.32,236.56,122.38,236.57,122.46,236.62,122.54,236.66,122.27,236.65,122.29,236.62,122.38,236.67,122.44,236.70,122.25,236.73,122.20,236.71,122.26,236.74,122.32,236.74
ND_l9XSHRQ7oLs_frame001501_l.jpg,0,167.70,247.68,167.76,247.59,167.83,247.54,167.87,247.55,167.86,247.59,167.64,247.48,167.70,247.49,167.76,247.54,167.79,247.58,167.57,247.53,167.61,247.57,167.68,247.61,167.72,247.60,167.54,247.62,167.60,247.66,167.68,247.68,167.69,247.66,167.54,247.70,167.59,247.73,167.66,247.74,167.69,247.72
ND_lEIiDZSvCC4_frame000601_l.jpg,0,-399.24,124.60,-399.68,124.25,-400.01,123.95,-400.37,123.85,-400.88,123.84,-400.26,124.39,-400.72,124.53,-400.94,124.61,-401.07,124.67,-400.27,124.75,-400.72,124.87,-400.92,124.93,-401.09,124.92,-400.13,125.08,-400.55,125.17,-400.82,125.27,-401.03,125.26,-400.03,125.32,-400.29,125.41,-400.55,125.47,-400.77,125.40
ND_lEIiDZSvCC4_frame000901_r.jpg,0,291.97,539.80,292.22,539.55,292.43,539.36,292.33,539.13,292.04,539.24,292.49,539.28,292.40,539.00,292.24,539.01,292.10,539.16,292.35,539.27,292.21,539.01,292.06,538.90,291.98,538.91,292.11,539.33,292.09,539.06,291.97,538.93,291.88,538.94,291.91,539.35,291.93,539.16,291.89,539.05,291.91,539.08
ND_lPatda032x0_frame004187_r.jpg,0,412.54,39.79,411.76,40.00,411.23,39.71,410.75,39.34,410.24,38.89,411.25,39.11,410.51,38.85,410.20,38.94,410.40,39.22,411.43,38.54,410.70,38.44,410.30,38.62,410.36,39.06,411.72,38.23,411.06,38.09,410.61,38.29,410.64,38.72,411.89,38.06,411.68,37.72,411.23,37.74,411.05,38.09
ND_lQAlynsq2Yw_frame024220_l.jpg,0,803.92,724.99,804.06,724.90,804.21,724.90,804.30,724.98,804.35,725.08,804.02,725.04,804.11,725.18,804.23,725.24,804.35,725.25,803.97,725.19,804.12,725.32,804.26,725.36,804.40,725.34,803.96,725.30,804.11,725.39,804.26,725.42,804.40,725.43,803.96,725.38,804.09,725.41,804.20,725.43,804.31,725.43
ND_lQAlynsq2Yw_frame031097_r.jpg,0,301.74,859.02,301.88,859.11,302.00,859.18,302.11,859.23,302.25,859.27,302.16,859.09,302.20,859.22,302.11,859.25,302.09,859.17,302.16,859.07,302.19,859.21,302.09,859.25,302.06,859.17,302.06,859.07,302.12,859.20,302.03,859.25,302.02,859.19,301.98,859.09,302.05,859.15,302.08,859.22,302.09,859.22
ND_lZ487d7Axfc_frame003290_l.jpg,0,742.89,646.23,743.04,646.18,743.18,646.17,743.28,646.21,743.39,646.25,743.15,646.19,743.19,646.24,743.23,646.29,743.30,646.36,743.10,646.27,743.19,646.35,743.26,646.42,743.36,646.48,743.03,646.35,743.13,646.41,743.22,646.47,743.31,646.52,742.98,646.43,743.04,646.45,743.10,646.49,743.17,646.52
ND_lZ487d7Axfc_frame006280_l.jpg,0,860.50,492.34,860.56,492.26,860.64,492.21,860.71,492.20,860.74,492.18,860.72,492.41,860.87,492.45,860.97,492.44,861.08,492.40,860.78,492.50,860.93,492.50,861.03,492.46,861.12,492.39,860.80,492.53,860.92,492.52,861.03,492.48,861.12,492.41,860.82,492.53,860.90,492.52,860.99,492.49,861.05,492.44
ND_lZ487d7Axfc_frame011064_r.jpg,0,527.81,561.63,527.68,561.68,527.58,561.73,527.54,561.82,527.52,561.94,527.63,561.84,527.62,561.96,527.62,562.03,527.63,562.12,527.70,561.89,527.70,562.00,527.71,562.06,527.71,562.10,527.79,561.90,527.76,562.00,527.77,562.07,527.75,562.10,527.85,561.91,527.84,561.98,527.82,562.03,527.77,562.05
ND_lZ487d7Axfc_frame011363_l.jpg,0,1080.14,625.09,1080.20,625.07,1080.31,625.10,1080.37,625.20,1080.43,625.34,1080.16,625.29,1080.19,625.43,1080.26,625.49,1080.37,625.50,1080.16,625.38,1080.21,625.51,1080.30,625.55,1080.41,625.53,1080.19,625.41,1080.26,625.50,1080.36,625.52,1080.46,625.48,1080.22,625.42,1080.31,625.45,1080.39,625.47,1080.46,625.45
ND_lZ487d7Axfc_frame020931_r.jpg,0,636.66,466.53,636.49,466.56,636.39,466.66,636.34,466.78,636.29,466.93,636.40,466.83,636.34,466.96,636.29,467.01,636.23,467.06,636.48,466.91,636.42,467.02,636.37,467.05,636.30,467.06,636.58,466.91,636.49,466.99,636.43,467.03,636.36,467.04,636.66,466.90,636.58,466.95,636.52,466.98,636.45,467.00
ND_lq7S5DuXfHU_frame001201_r.jpg,0,120.08,87.30,120.16,87.12,120.32,86.90,120.49,86.72,120.72,86.53,120.20,86.54,120.47,86.41,120.66,86.45,120.82,86.56,120.26,86.46,120.53,86.40,120.71,86.50,120.81,86.66,120.33,86.57,120.53,86.44,120.72,86.50,120.79,86.62,120.41,86.70,120.56,86.58,120.70,86.50,120.83,86.42
ND_lq7S5DuXfHU_frame001501_r.jpg,0,167.37,154.62,167.53,154.60,167.69,154.51,167.82,154.41,167.99,154.27,167.54,154.25,167.72,154.14,167.85,154.14,167.99,154.21,167.49,154.12,167.70,154.09,167.82,154.13,167.92,154.24,167.47,154.09,167.65,154.07,167.80,154.13,167.88,154.27,167.47,154.09,167.60,154.07,167.71,154.12,167.75,154.24
ND_mACpJ8BeQC4_frame000901_l.jpg,0,-231.78,170.90,-231.90,170.58,-232.08,170.33,-232.28,170.17,-232.55,169.98,-231.92,170.04,-232.11,169.80,-232.32,169.78,-232.55,169.84,-231.96,170.09,-232.22,169.95,-232.44,169.94,-232.63,169.98,-232.02,170.31,-232.27,170.18,-232.49,170.16,-232.67,170.16,-232.09,170.49,-232.26,170.38,-232.42,170.33,-232.56,170.28
ND_mGV_-B_4W4I_frame002701_l.jpg,0,-482.36,-269.40,-482.96,-269.65,-483.43,-270.06,-483.77,-270.48,-483.94,-271.11,-482.92,-270.85,-483.50,-271.13,-483.91,-271.21,-484.34,-271.35,-482.62,-271.15,-483.07,-271.55,-483.47,-271.50,-483.88,-271.27,-482.38,-271.11,-482.88,-271.39,-483.32,-271.33,-483.70,-271.04,-482.27,-271.02,-482.66,-271.18,-483.02,-271.12,-483.34,-270.89
ND_mHepbyNsDJ0_frame027001_l.jpg,0,54.66,-323.57,55.04,-323.86,55.28,-324.28,55.34,-324.72,55.19,-325.24,55.02,-324.95,55.01,-325.44,54.94,-325.63,54.83,-325.85,54.65,-325.10,54.50,-325.04,54.53,-324.65,54.59,-324.23,54.25,-324.91,54.15,-324.99,54.23,-324.58,54.38,-324.23,53.95,-324.70,53.89,-324.84,53.98,-324.55,54.12,-324.29
ND_mIMATMhoq7g_frame001435_r.jpg,0,254.12,-309.63,254.04,-309.43,254.04,-309.23,254.15,-309.10,254.32,-309.04,254.27,-309.06,254.41,-308.92,254.48,-308.94,254.52,-308.98,254.43,-309.09,254.58,-308.98,254.69,-308.93,254.81,-308.85,254.53,-309.24,254.66,-309.10,254.79,-309.01,254.90,-308.90,254.59,-309.37,254.69,-309.28,254.79,-309.20,254.89,-309.10
ND_mIMATMhoq7g_frame001674_r.jpg,0,239.67,-161.29,239.63,-161.07,239.68,-160.81,239.71,-160.59,239.74,-160.27,240.07,-160.79,240.13,-160.52,240.08,-160.35,239.97,-160.18,240.22,-160.77,240.18,-160.51,240.09,-160.34,239.93,-160.19,240.23,-160.81,240.19,-160.57,240.09,-160.38,239.93,-160.25,240.19,-160.83,240.15,-160.66,240.11,-160.50,240.02,-160.34
ND_mVFfL8bYrjY_frame003501_r.jpg,0,350.08,289.46,350.05,289.46,350.02,289.47,350.01,289.50,350.00,289.53,349.99,289.47,349.96,289.49,349.95,289.51,349.95,289.54,349.99,289.48,349.98,289.51,349.99,289.53,350.00,289.54,350.01,289.50,350.00,289.52,350.01,289.54,350.03,289.54,350.03,289.51,350.02,289.53,350.03,289.54,350.05,289.54
ND_mVFfL8bYrjY_frame004001_l.jpg,0,334.34,328.94,334.37,328.92,334.40,328.92,334.42,328.93,334.45,328.94,334.41,328.96,334.43,328.98,334.45,328.99,334.47,329.01,334.41,328.98,334.43,329.00,334.44,329.01,334.46,329.02,334.39,328.99,334.41,329.00,334.43,329.01,334.45,329.02,334.38,329.00,334.40,329.00,334.41,329.01,334.43,329.01
ND_mVFfL8bYrjY_frame004251_l.jpg,0,736.34,133.72,736.36,133.75,736.38,133.79,736.39,133.82,736.41,133.86,736.34,133.83,736.35,133.87,736.37,133.89,736.39,133.91,736.32,133.84,736.35,133.87,736.38,133.88,736.41,133.89,736.32,133.83,736.35,133.85,736.38,133.87,736.41,133.87,736.32,133.82,736.34,133.84,736.36,133.85,736.39,133.86
ND_mVFfL8bYrjY_frame005251_r.jpg,0,539.66,78.94,539.73,78.98,539.76,79.03,539.77,79.08,539.77,79.13,539.76,79.06,539.77,79.13,539.77,79.17,539.76,79.17,539.72,79.09,539.73,79.15,539.74,79.20,539.76,79.25,539.66,79.09,539.70,79.14,539.72,79.18,539.74,79.22,539.62,79.09,539.65,79.13,539.67,79.16,539.70,79.20
ND_mVFfL8bYrjY_frame005501_r.jpg,0,592.72,206.13,592.69,206.14,592.67,206.16,592.66,206.18,592.65,206.21,592.64,206.15,592.62,206.18,592.62,206.20,592.61,206.22,592.65,206.17,592.64,206.19,592.65,206.21,592.66,206.23,592.67,206.17,592.66,206.20,592.67,206.21,592.68,206.22,592.69,206.18,592.68,206.20,592.69,206.21,592.69,206.21
ND_miAtbZ1sA_M_frame004486_r.jpg,0,507.00,458.22,506.91,458.24,506.85,458.28,506.80,458.32,506.73,458.38,506.86,458.35,506.81,458.41,506.80,458.45,506.79,458.49,506.90,458.39,506.87,458.45,506.86,458.48,506.84,458.52,506.96,458.40,506.92,458.45,506.90,458.49,506.88,458.54,507.00,458.41,506.99,458.45,506.98,458.49,506.97,458.54
ND_miAtbZ1sA_M_frame006878_l.jpg,0,634.23,354.16,634.27,354.08,634.31,354.01,634.35,353.96,634.40,353.89,634.21,354.09,634.21,354.12,634.22,354.15,634.23,354.19,634.20,354.17,634.20,354.22,634.22,354.26,634.24,354.30,634.21,354.25,634.21,354.29,634.22,354.33,634.23,354.37,634.23,354.31,634.24,354.35,634.24,354.39,634.25,354.43
ND_miAtbZ1sA_M_frame012260_r.jpg,0,490.64,432.12,490.56,432.06,490.50,432.03,490.43,432.04,490.35,432.08,490.46,432.11,490.39,432.14,490.36,432.16,490.34,432.17,490.46,432.17,490.40,432.21,490.36,432.23,490.33,432.23,490.49,432.22,490.42,432.24,490.37,432.25,490.32,432.25,490.51,432.25,490.46,432.27,490.41,432.28,490.36,432.28
ND_miXIk7cP4ug_frame014054_r.jpg,0,1617.36,933.51,1617.67,933.73,1618.04,933.94,1618.42,934.04,1618.91,934.17,1618.53,933.38,1618.97,933.24,1619.27,933.17,1619.60,933.01,1618.68,933.25,1618.92,933.64,1618.71,933.89,1618.36,933.90,1618.59,933.26,1618.88,933.55,1618.71,933.87,1618.40,933.87,1618.48,933.34,1618.73,933.47,1618.70,933.74,1618.47,933.71
ND_minh9wqn8hc_frame001001_r.jpg,0,88.16,-331.19,88.04,-330.67,88.00,-330.21,88.05,-329.80,87.97,-329.24,88.71,-329.93,88.72,-329.44,88.62,-329.14,88.55,-328.78,88.93,-329.95,88.67,-329.57,88.32,-329.56,87.93,-329.65,88.92,-330.19,88.70,-329.80,88.32,-329.83,87.94,-329.90,88.84,-330.38,88.75,-330.07,88.46,-330.03,88.16,-330.09
ND_minh9wqn8hc_frame006251_l.jpg,0,758.41,263.18,758.55,262.83,758.81,262.66,759.05,262.58,759.38,262.66,758.85,262.73,759.18,262.68,759.31,262.70,759.37,262.73,758.96,262.95,759.26,262.90,759.31,262.90,759.26,262.91,759.00,263.19,759.27,263.08,759.34,263.04,759.28,263.01,759.05,263.36,759.25,263.28,759.32,263.21,759.30,263.15
ND_mu1OG_woz-A_frame006301_l.jpg,0,-186.07,133.33,-185.95,132.91,-185.85,132.59,-185.81,132.31,-185.70,131.94,-186.02,132.62,-186.21,132.39,-186.40,132.22,-186.62,132.04,-186.23,132.74,-186.49,132.51,-186.69,132.35,-186.89,132.17,-186.45,132.94,-186.63,132.70,-186.84,132.52,-187.02,132.33,-186.63,133.07,-186.73,132.93,-186.87,132.78,-187.00,132.62
ND_muPk3tXV4I0_frame002751_r.jpg,0,-291.95,-327.35,-292.11,-326.87,-292.37,-326.70,-292.65,-326.62,-293.04,-326.63,-291.81,-326.65,-292.15,-326.69,-292.47,-326.73,-292.80,-326.77,-291.76,-326.96,-292.18,-326.92,-292.49,-326.91,-292.78,-326.88,-291.83,-327.34,-292.16,-327.15,-292.51,-327.09,-292.78,-327.03,-291.96,-327.62,-292.16,-327.44,-292.41,-327.31,-292.72,-327.17
ND_muPk3tXV4I0_frame003251_l.jpg,0,-226.11,-146.67,-226.14,-147.00,-226.16,-147.35,-226.16,-147.73,-226.15,-148.28,-225.63,-147.85,-225.87,-148.29,-226.20,-148.24,-226.50,-148.01,-225.59,-147.99,-225.80,-148.41,-226.14,-148.38,-226.42,-148.16,-225.74,-147.89,-226.08,-148.15,-226.40,-147.99,-226.58,-147.71,-225.93,-147.79,-226.14,-147.99,-226.35,-147.89,-226.44,-147.66
ND_muPk3tXV4I0_frame004751_r.jpg,0,-211.01,-174.92,-211.15,-174.55,-211.56,-174.51,-211.92,-174.44,-212.32,-174.21,-211.53,-174.90,-211.92,-174.79,-212.22,-174.62,-212.54,-174.41,-211.72,-175.23,-212.15,-175.19,-212.44,-174.99,-212.76,-174.74,-211.83,-175.43,-212.20,-175.33,-212.52,-175.12,-212.83,-174.89,-211.92,-175.52,-212.20,-175.43,-212.43,-175.29,-212.70,-175.13
ND_n8hshpYzCYg_frame001201_l.jpg,0,42.05,44.91,42.11,44.89,42.15,44.85,42.19,44.82,42.24,44.77,42.10,44.82,42.11,44.79,42.10,44.78,42.10,44.75,42.06,44.83,42.05,44.80,42.04,44.77,42.03,44.74,42.02,44.86,42.01,44.83,42.00,44.80,41.99,44.76,42.00,44.90,41.98,44.88,41.96,44.87,41.94,44.85
ND_n8hshpYzCYg_frame001801_r.jpg,0,-20.78,72.76,-20.77,72.70,-20.77,72.66,-20.77,72.64,-20.79,72.61,-20.69,72.69,-20.64,72.68,-20.60,72.67,-20.56,72.66,-20.65,72.73,-20.60,72.72,-20.56,72.72,-20.52,72.72,-20.64,72.76,-20.60,72.76,-20.56,72.76,-20.52,72.76,-20.63,72.78,-20.60,72.79,-20.57,72.80,-20.54,72.80
ND_n8hshpYzCYg_frame002101_r.jpg,0,72.78,56.29,72.75,56.28,72.73,56.27,72.71,56.27,72.69,56.28,72.71,56.31,72.69,56.33,72.69,56.32,72.70,56.31,72.72,56.33,72.70,56.34,72.70,56.34,72.70,56.32,72.73,56.34,72.72,56.35,72.71,56.35,72.71,56.33,72.75,56.34,72.74,56.35,72.73,56.35,72.72,56.35
ND_nFS0vYI2I7g_frame000300_l.jpg,0,-153.12,-344.89,-153.36,-345.47,-153.59,-345.91,-153.86,-346.20,-154.26,-346.55,-154.05,-345.86,-154.45,-346.16,-154.76,-346.31,-155.07,-346.40,-154.26,-345.55,-154.78,-345.62,-154.96,-345.61,-154.94,-345.60,-154.30,-345.12,-154.75,-345.24,-154.84,-345.24,-154.64,-345.24,-154.32,-344.80,-154.63,-344.84,-154.67,-344.84,-154.51,-344.89
ND_nFS0vYI2I7g_frame001795_l.jpg,0,-87.26,-157.73,-87.57,-158.16,-87.78,-158.51,-88.05,-158.72,-88.51,-158.69,-88.26,-158.25,-88.67,-158.31,-88.92,-158.32,-89.06,-158.28,-88.38,-157.94,-88.81,-157.93,-88.94,-157.93,-88.85,-157.97,-88.31,-157.59,-88.70,-157.61,-88.77,-157.67,-88.57,-157.76,-88.25,-157.34,-88.39,-157.34,-88.31,-157.38,-88.15,-157.47
ND_nFnl3yMFix4_frame002101_r.jpg,0,816.97,492.86,816.95,492.97,816.98,492.98,816.96,492.93,816.88,492.86,817.08,492.81,816.99,492.73,816.87,492.68,816.73,492.65,817.07,492.67,816.91,492.60,816.78,492.57,816.63,492.57,817.01,492.57,816.85,492.54,816.71,492.52,816.57,492.54,816.93,492.51,816.82,492.50,816.71,492.52,816.59,492.55
ND_nFnl3yMFix4_frame002401_l.jpg,0,969.38,501.46,969.55,501.31,969.69,501.27,969.81,501.29,969.92,501.32,969.64,501.19,969.81,501.27,969.93,501.34,970.02,501.41,969.60,501.29,969.78,501.37,969.90,501.43,970.03,501.49,969.56,501.45,969.72,501.47,969.86,501.51,969.98,501.53,969.54,501.57,969.66,501.55,969.78,501.56,969.90,501.57
ND_nFnl3yMFix4_frame003901_l.jpg,0,986.92,423.69,987.10,423.56,987.26,423.55,987.38,423.61,987.50,423.69,987.23,423.69,987.42,423.79,987.57,423.82,987.72,423.83,987.21,423.86,987.40,423.96,987.55,424.00,987.71,424.03,987.17,423.99,987.31,424.07,987.47,424.13,987.63,424.14,987.15,424.07,987.28,424.09,987.40,424.12,987.53,424.13
ND_nFnl3yMFix4_frame006301_l.jpg,0,1318.24,224.87,1318.25,224.65,1318.28,224.46,1318.35,224.33,1318.50,224.20,1318.25,224.29,1318.42,224.17,1318.55,224.13,1318.68,224.12,1318.31,224.32,1318.47,224.19,1318.60,224.16,1318.70,224.16,1318.39,224.45,1318.50,224.30,1318.64,224.26,1318.72,224.26,1318.47,224.56,1318.56,224.45,1318.66,224.39,1318.76,224.34
ND_nFnl3yMFix4_frame007201_r.jpg,0,717.62,676.39,717.81,676.42,717.87,676.56,717.88,676.69,717.91,676.80,717.87,676.63,717.92,676.79,717.96,676.87,717.96,676.89,717.78,676.72,717.88,676.85,717.95,676.94,718.02,677.04,717.68,676.75,717.81,676.81,717.90,676.85,717.95,676.87,717.61,676.77,717.71,676.80,717.80,676.83,717.89,676.87
ND_nGLQ1aTKuvg_frame000001_r.jpg,0,-34.49,440.77,-34.41,440.91,-34.43,441.04,-34.48,441.14,-34.55,441.28,-34.50,441.10,-34.54,441.24,-34.52,441.29,-34.48,441.27,-34.61,441.10,-34.62,441.24,-34.59,441.29,-34.56,441.28,-34.69,441.04,-34.72,441.16,-34.71,441.25,-34.68,441.28,-34.75,441.00,-34.80,441.07,-34.79,441.13,-34.73,441.13
ND_nGLQ1aTKuvg_frame000599_r.jpg,0,-147.81,94.50,-147.80,94.66,-147.89,94.68,-147.99,94.69,-148.13,94.69,-147.58,94.72,-147.51,94.70,-147.58,94.70,-147.68,94.71,-147.53,94.63,-147.58,94.64,-147.68,94.65,-147.79,94.67,-147.57,94.51,-147.60,94.58,-147.70,94.62,-147.81,94.66,-147.62,94.43,-147.60,94.51,-147.65,94.58,-147.71,94.66
ND_nGLQ1aTKuvg_frame001496_l.jpg,0,88.43,243.77,88.55,243.62,88.64,243.53,88.69,243.46,88.74,243.41,88.46,243.35,88.49,243.24,88.58,243.23,88.69,243.28,88.38,243.38,88.38,243.26,88.49,243.27,88.60,243.32,88.35,243.51,88.35,243.38,88.45,243.37,88.58,243.41,88.34,243.61,88.38,243.55,88.47,243.54,88.57,243.55
ND_nHSfdYsLm08_frame001674_r.jpg,0,754.58,598.25,754.50,598.16,754.42,598.08,754.36,598.02,754.26,597.95,754.27,598.19,754.18,598.14,754.15,598.08,754.12,597.99,754.24,598.22,754.16,598.15,754.14,598.07,754.12,597.99,754.28,598.25,754.21,598.18,754.18,598.10,754.17,598.01,754.33,598.25,754.26,598.21,754.22,598.17,754.19,598.10
ND_nHSfdYsLm08_frame003347_l.jpg,0,691.88,590.23,691.95,589.96,692.08,589.77,692.26,589.74,692.51,589.73,692.29,589.72,692.49,589.57,692.63,589.53,692.74,589.53,692.42,589.84,692.63,589.74,692.74,589.74,692.79,589.77,692.45,590.04,692.64,589.94,692.71,589.94,692.68,589.96,692.47,590.19,692.61,590.16,692.62,590.16,692.56,590.15
ND_nHSfdYsLm08_frame003586_l.jpg,0,1184.14,315.35,1184.47,314.83,1184.76,314.39,1185.18,314.34,1185.57,314.74,1185.15,314.24,1185.71,314.32,1185.57,314.45,1185.28,314.39,1185.32,314.50,1185.86,314.42,1185.78,314.59,1185.43,314.69,1185.31,314.95,1185.78,314.77,1185.86,314.88,1185.67,314.99,1185.31,315.33,1185.66,315.22,1185.63,315.26,1185.41,315.28
ND_nHSfdYsLm08_frame008127_l.jpg,0,165.18,342.82,165.33,342.52,165.48,342.32,165.58,342.15,165.61,341.97,165.14,342.06,165.29,341.87,165.47,341.85,165.68,341.91,165.05,342.11,165.31,342.05,165.51,342.12,165.65,342.26,165.04,342.31,165.28,342.24,165.50,342.29,165.66,342.36,165.07,342.49,165.24,342.40,165.41,342.42,165.52,342.45
ND_nPhXt_wmLkU_frame003001_r.jpg,0,-100.75,69.78,-100.77,70.02,-100.87,70.21,-101.07,70.26,-101.25,70.21,-101.34,70.22,-101.64,70.27,-101.78,70.19,-101.94,70.10,-101.52,70.06,-101.79,70.07,-101.84,69.96,-101.84,69.89,-101.52,69.81,-101.57,69.69,-101.50,69.52,-101.41,69.38,-101.47,69.60,-101.61,69.46,-101.72,69.31,-101.85,69.13
ND_nQOca2Cz85g_frame005701_l.jpg,0,442.28,467.82,442.12,467.65,441.99,467.50,441.93,467.38,441.88,467.34,442.06,467.31,441.95,467.17,441.83,467.17,441.68,467.18,442.09,467.34,441.90,467.38,441.82,467.50,441.78,467.61,442.12,467.48,441.93,467.50,441.91,467.62,441.96,467.70,442.12,467.61,441.99,467.62,441.97,467.71,442.03,467.79
ND_nQOca2Cz85g_frame006301_l.jpg,0,573.05,-338.78,573.05,-339.05,572.97,-339.25,572.85,-339.39,572.71,-339.57,572.73,-339.31,572.53,-339.42,572.40,-339.48,572.26,-339.55,572.59,-339.22,572.39,-339.32,572.26,-339.38,572.11,-339.47,572.53,-339.05,572.37,-339.17,572.22,-339.24,572.08,-339.34,572.50,-338.92,572.37,-338.98,572.25,-339.04,572.11,-339.12
ND_nRW3RTYr_r4_frame001501_r.jpg,0,233.28,148.97,233.18,148.74,233.14,148.59,233.10,148.48,233.02,148.31,232.99,148.80,233.08,148.69,233.22,148.59,233.38,148.50,233.07,148.95,233.21,148.82,233.35,148.70,233.50,148.58,233.23,149.08,233.36,148.92,233.50,148.79,233.60,148.68,233.38,149.14,233.49,149.09,233.61,149.00,233.66,148.89
ND_nRW3RTYr_r4_frame001801_l.jpg,0,268.84,128.34,268.95,128.21,269.10,128.09,269.26,128.02,269.47,128.07,269.23,127.92,269.44,127.94,269.48,128.06,269.47,128.17,269.31,127.96,269.44,128.09,269.41,128.21,269.32,128.28,269.31,128.10,269.42,128.20,269.35,128.29,269.22,128.32,269.31,128.23,269.39,128.28,269.32,128.35,269.20,128.36
ND_nRW3RTYr_r4_frame002101_l.jpg,0,358.18,95.36,358.26,95.18,358.36,94.99,358.47,94.84,358.64,94.81,358.34,94.75,358.56,94.67,358.66,94.78,358.69,94.92,358.39,94.74,358.62,94.74,358.70,94.87,358.71,95.01,358.44,94.87,358.63,94.91,358.62,95.06,358.52,95.15,358.49,95.00,358.62,95.04,358.60,95.15,358.50,95.22
ND_nbzHEOTSPHw_frame000901_r.jpg,0,842.99,438.68,842.91,438.68,842.85,438.72,842.82,438.77,842.79,438.84,842.82,438.76,842.80,438.83,842.79,438.88,842.78,438.93,842.85,438.80,842.83,438.87,842.82,438.92,842.79,438.96,842.91,438.83,842.86,438.87,842.84,438.92,842.80,438.96,842.95,438.84,842.91,438.86,842.88,438.89,842.83,438.93
ND_nbzHEOTSPHw_frame005101_l.jpg,0,463.39,483.16,463.43,483.17,463.48,483.17,463.53,483.19,463.59,483.22,463.45,483.29,463.50,483.33,463.54,483.33,463.59,483.31,463.45,483.33,463.52,483.35,463.57,483.35,463.62,483.34,463.46,483.33,463.52,483.34,463.57,483.34,463.62,483.33,463.47,483.32,463.51,483.33,463.55,483.33,463.58,483.31
ND_nbzHEOTSPHw_frame009001_l.jpg,0,731.56,420.26,731.65,420.28,731.71,420.33,731.74,420.40,731.78,420.46,731.69,420.37,731.73,420.44,731.77,420.48,731.80,420.53,731.64,420.41,731.67,420.48,731.70,420.51,731.73,420.51,731.58,420.43,731.63,420.49,731.65,420.48,731.66,420.46,731.55,420.44,731.59,420.48,731.61,420.48,731.61,420.46
ND_nbzHEOTSPHw_frame010201_r.jpg,0,454.65,392.76,454.59,392.79,454.55,392.80,454.53,392.83,454.52,392.85,454.58,392.88,454.56,392.91,454.53,392.90,454.50,392.89,454.61,392.89,454.57,392.90,454.54,392.90,454.50,392.90,454.63,392.86,454.60,392.88,454.56,392.89,454.52,392.90,454.65,392.84,454.63,392.87,454.61,392.89,454.59,392.92
ND_nj1upNfNMsE_frame000301_r.jpg,0,-37.36,184.50,-37.15,184.70,-37.02,184.85,-36.86,184.96,-36.66,185.07,-36.99,184.64,-36.79,184.65,-36.63,184.64,-36.44,184.69,-36.99,184.45,-36.80,184.50,-36.65,184.54,-36.48,184.64,-37.02,184.26,-36.90,184.26,-36.73,184.22,-36.54,184.25,-37.03,184.14,-36.97,184.03,-36.88,183.93,-36.75,183.94
ND_nj1upNfNMsE_frame000601_r.jpg,0,27.73,104.51,27.95,104.65,28.10,104.81,28.22,104.83,28.24,104.64,27.96,104.70,28.15,104.63,28.27,104.58,28.36,104.54,27.87,104.56,28.06,104.50,28.23,104.47,28.42,104.44,27.80,104.39,27.94,104.42,28.12,104.44,28.29,104.45,27.77,104.25,27.83,104.23,27.97,104.25,28.03,104.30
ND_nkHnL2DMMDY_frame003888_r.jpg,0,672.29,293.31,672.51,293.08,672.79,293.07,673.03,293.13,673.36,293.15,673.00,293.27,673.28,293.27,673.39,293.18,673.45,293.08,673.07,293.47,673.31,293.36,673.33,293.22,673.31,293.05,673.00,293.60,673.20,293.43,673.26,293.27,673.29,293.09,672.95,293.66,673.08,293.52,673.16,293.38,673.24,293.19
ND_nnW9X22CJLU_frame006280_r.jpg,0,-587.76,-439.08,-588.53,-439.36,-589.57,-439.14,-590.49,-438.86,-591.73,-438.34,-591.14,-439.42,-592.31,-439.18,-592.71,-438.64,-592.84,-437.77,-591.49,-438.83,-592.42,-438.10,-592.38,-437.50,-591.82,-437.14,-591.03,-438.11,-591.79,-437.56,-591.64,-437.12,-590.92,-436.98,-590.55,-437.49,-590.96,-437.27,-590.89,-437.14,-590.58,-437.09
ND_nnwFyJTkA-E_frame000300_l.jpg,0,653.18,620.68,653.38,620.25,653.49,620.03,653.56,619.89,653.65,619.77,653.34,619.97,653.39,619.92,653.63,619.91,653.95,619.89,653.33,620.22,653.58,620.18,653.86,620.21,654.07,620.22,653.37,620.56,653.67,620.45,653.96,620.47,654.16,620.48,653.45,620.81,653.66,620.72,653.90,620.69,654.13,620.67
ND_nnwFyJTkA-E_frame000599_r.jpg,0,-334.30,604.68,-334.75,604.91,-335.04,604.95,-335.37,604.76,-335.86,604.39,-335.16,604.19,-335.67,603.95,-336.05,603.88,-336.46,603.83,-335.17,603.77,-335.66,603.52,-336.07,603.46,-336.52,603.48,-335.09,603.58,-335.47,603.28,-335.90,603.19,-336.35,603.23,-335.07,603.50,-335.36,603.28,-335.69,603.19,-336.04,603.19
ND_nnwFyJTkA-E_frame000898_l.jpg,0,607.79,705.20,607.91,704.68,608.02,704.37,608.07,704.16,608.16,703.96,607.72,704.25,607.77,704.10,608.04,704.04,608.38,703.99,607.72,704.48,607.92,704.33,608.26,704.32,608.60,704.32,607.83,704.85,608.11,704.63,608.45,704.60,608.76,704.60,607.97,705.12,608.17,704.94,608.42,704.83,608.72,704.73
ND_noX2kuxzAkE_frame000601_l.jpg,0,-217.00,230.99,-216.96,230.73,-217.09,230.57,-217.21,230.45,-217.35,230.25,-217.03,230.53,-217.20,230.42,-217.33,230.36,-217.46,230.29,-217.15,230.62,-217.33,230.49,-217.46,230.42,-217.58,230.31,-217.27,230.75,-217.40,230.60,-217.53,230.51,-217.60,230.39,-217.37,230.85,-217.44,230.73,-217.52,230.63,-217.60,230.49
ND_noX2kuxzAkE_frame000901_r.jpg,0,130.32,38.28,130.55,38.38,130.75,38.35,130.94,38.29,131.20,38.17,130.63,38.07,130.87,37.94,131.06,37.91,131.26,37.89,130.59,37.87,130.85,37.81,131.05,37.78,131.26,37.77,130.55,37.75,130.77,37.67,130.97,37.65,131.17,37.67,130.54,37.67,130.69,37.67,130.84,37.69,131.02,37.76
ND_npw8h1sd2Qs_frame000898_r.jpg,0,368.43,407.66,368.36,407.62,368.26,407.62,368.19,407.65,368.12,407.70,368.20,407.74,368.28,407.75,368.33,407.70,368.36,407.63,368.21,407.82,368.30,407.79,368.36,407.74,368.42,407.67,368.28,407.87,368.34,407.84,368.41,407.79,368.46,407.73,368.35,407.89,368.38,407.87,368.43,407.83,368.46,407.78
ND_npw8h1sd2Qs_frame002393_l.jpg,0,-197.23,-338.94,-197.49,-339.03,-197.73,-339.01,-197.92,-338.91,-198.06,-338.68,-197.93,-338.72,-197.97,-338.56,-197.82,-338.62,-197.66,-338.76,-197.88,-338.51,-197.78,-338.49,-197.64,-338.62,-197.54,-338.80,-197.69,-338.40,-197.60,-338.45,-197.47,-338.61,-197.39,-338.80,-197.52,-338.34,-197.45,-338.42,-197.38,-338.56,-197.33,-338.73
ND_npw8h1sd2Qs_frame004486_r.jpg,0,372.16,266.74,372.23,266.80,372.23,266.90,372.24,266.99,372.23,267.11,372.15,266.98,372.15,267.10,372.16,267.17,372.18,267.26,372.10,267.03,372.17,267.12,372.23,267.12,372.29,267.07,372.08,267.02,372.16,267.08,372.23,267.08,372.27,267.01,372.08,267.00,372.15,267.03,372.21,267.01,372.26,266.96
ND_npw8h1sd2Qs_frame009270_l.jpg,0,313.19,52.13,313.28,52.02,313.36,51.94,313.45,51.90,313.58,51.87,313.48,51.97,313.60,51.99,313.68,52.00,313.75,52.02,313.51,52.05,313.63,52.07,313.71,52.09,313.78,52.11,313.49,52.15,313.60,52.16,313.68,52.19,313.74,52.21,313.47,52.22,313.55,52.23,313.61,52.25,313.66,52.26
ND_npw8h1sd2Qs_frame009868_l.jpg,0,807.82,325.90,807.78,325.87,807.76,325.85,807.80,325.88,807.84,325.90,807.74,326.00,807.78,326.04,807.83,326.02,807.88,325.97,807.79,326.05,807.86,326.05,807.91,326.01,807.94,325.94,807.86,326.07,807.91,326.05,807.95,325.98,807.97,325.91,807.91,326.06,807.95,326.03,807.97,325.98,807.96,325.92
ND_nqNTl4vtOE8_frame002393_r.jpg,0,-149.27,542.40,-149.29,542.10,-149.21,541.86,-149.14,541.66,-149.00,541.41,-148.87,541.85,-148.72,541.64,-148.88,541.65,-149.04,541.76,-148.69,541.95,-148.72,541.74,-148.88,541.84,-148.98,541.99,-148.65,542.10,-148.70,541.88,-148.88,541.97,-148.99,542.13,-148.64,542.21,-148.66,542.05,-148.80,542.11,-148.86,542.24
ND_o2Uni5sN7z4_frame008971_l.jpg,0,-131.69,145.23,-131.65,144.95,-131.71,144.64,-131.84,144.37,-131.99,143.99,-131.50,144.25,-131.66,143.91,-131.84,143.74,-132.08,143.58,-131.60,144.18,-131.88,143.97,-132.12,143.90,-132.34,143.87,-131.77,144.31,-132.00,144.11,-132.24,144.08,-132.36,144.08,-131.94,144.44,-132.08,144.32,-132.21,144.30,-132.32,144.29
ND_o2Uni5sN7z4_frame033190_l.jpg,0,-214.18,287.43,-214.20,287.18,-214.22,286.98,-214.23,286.80,-214.25,286.58,-213.94,286.90,-213.94,286.72,-214.01,286.62,-214.10,286.54,-213.90,286.95,-213.96,286.80,-214.06,286.71,-214.17,286.60,-213.96,287.08,-213.99,286.91,-214.08,286.81,-214.18,286.69,-214.03,287.18,-214.03,287.05,-214.07,286.95,-214.15,286.84
ND_o9r75HLkX4A_frame000601_l.jpg,0,-622.24,-225.69,-622.58,-226.15,-623.10,-226.39,-623.60,-226.50,-624.27,-226.57,-623.11,-227.18,-623.68,-227.42,-624.10,-227.39,-624.58,-227.34,-623.25,-227.12,-623.82,-227.05,-624.13,-226.83,-624.35,-226.58,-623.29,-226.72,-623.78,-226.72,-624.12,-226.52,-624.27,-226.40,-623.33,-226.35,-623.69,-226.45,-623.97,-226.41,-624.18,-226.40
ND_o9sZNayXOD0_frame000601_r.jpg,0,-77.55,592.19,-77.23,591.96,-76.85,591.75,-76.49,591.63,-76.02,591.46,-76.48,592.39,-76.05,592.28,-75.99,592.01,-76.06,591.70,-76.35,592.60,-76.02,592.33,-75.99,592.03,-76.01,591.68,-76.43,592.64,-76.13,592.38,-76.04,592.06,-76.05,591.71,-76.52,592.61,-76.29,592.43,-76.17,592.19,-76.14,591.89
ND_o9sZNayXOD0_frame001201_r.jpg,0,96.09,493.30,96.00,492.89,95.95,492.61,96.08,492.43,96.26,492.48,96.57,492.35,96.84,492.27,96.76,492.38,96.61,492.52,96.84,492.48,96.94,492.48,96.78,492.58,96.58,492.68,96.94,492.79,96.98,492.72,96.84,492.79,96.69,492.86,96.97,493.05,96.95,492.96,96.85,492.98,96.70,493.01
ND_oA6jpUSK-7Y_frame004201_r.jpg,0,-106.71,-930.94,-106.28,-931.20,-105.15,-931.50,-104.17,-931.78,-102.81,-932.10,-106.09,-933.60,-104.86,-933.98,-104.30,-933.34,-104.20,-932.38,-105.87,-934.24,-104.70,-934.54,-104.27,-933.74,-104.46,-932.77,-105.57,-934.13,-104.70,-934.43,-104.08,-933.67,-104.27,-932.71,-105.23,-933.86,-104.45,-933.86,-103.81,-933.56,-103.26,-932.95
ND_oHlUA3mMwqo_frame000601_l.jpg,0,7.00,185.40,7.07,185.23,7.20,185.16,7.32,185.14,7.45,185.11,7.20,185.29,7.38,185.27,7.50,185.23,7.60,185.18,7.26,185.42,7.43,185.39,7.55,185.32,7.65,185.24,7.29,185.53,7.45,185.48,7.57,185.42,7.66,185.33,7.33,185.59,7.43,185.52,7.52,185.47,7.61,185.40
ND_oL0BYy4958E_frame005751_r.jpg,0,286.79,694.63,286.88,694.64,287.00,694.62,287.11,694.62,287.25,694.64,287.15,694.59,287.28,694.65,287.36,694.69,287.46,694.71,287.19,694.62,287.32,694.66,287.42,694.68,287.53,694.68,287.15,694.67,287.28,694.67,287.38,694.69,287.49,694.69,287.11,694.72,287.19,694.74,287.27,694.76,287.36,694.77
ND_oL8wBHwKiPo_frame000501_l.jpg,0,776.48,415.40,776.54,415.42,776.58,415.46,776.61,415.50,776.61,415.57,776.55,415.52,776.57,415.58,776.58,415.60,776.59,415.61,776.51,415.55,776.54,415.59,776.55,415.61,776.57,415.62,776.47,415.55,776.51,415.59,776.52,415.61,776.54,415.62,776.45,415.55,776.47,415.58,776.49,415.60,776.51,415.61
ND_oL8wBHwKiPo_frame003501_r.jpg,0,300.00,73.00,299.86,73.07,299.78,73.13,299.75,73.21,299.71,73.31,299.83,73.31,299.80,73.36,299.76,73.34,299.69,73.33,299.90,73.33,299.84,73.39,299.78,73.37,299.69,73.33,299.97,73.28,299.88,73.33,299.80,73.32,299.71,73.30,300.02,73.21,299.95,73.25,299.88,73.27,299.79,73.27
ND_oL8wBHwKiPo_frame006251_r.jpg,0,373.49,415.37,373.39,415.38,373.31,415.42,373.26,415.47,373.19,415.55,373.28,415.50,373.22,415.56,373.18,415.61,373.13,415.66,373.31,415.55,373.29,415.62,373.32,415.59,373.33,415.52,373.38,415.57,373.34,415.60,373.36,415.57,373.38,415.50,373.44,415.59,373.40,415.59,373.42,415.55,373.44,415.50
ND_oL8wBHwKiPo_frame008501_l.jpg,0,622.73,455.42,622.84,455.44,622.91,455.50,622.95,455.57,622.96,455.66,622.84,455.56,622.88,455.66,622.90,455.72,622.93,455.80,622.79,455.62,622.84,455.70,622.88,455.74,622.91,455.75,622.74,455.64,622.81,455.69,622.86,455.70,622.87,455.70,622.71,455.66,622.77,455.68,622.81,455.68,622.83,455.67
ND_oL8wBHwKiPo_frame009501_l.jpg,0,513.60,385.91,513.71,385.88,513.80,385.90,513.86,385.95,513.94,386.02,513.85,385.96,513.94,386.01,514.00,386.04,514.05,386.08,513.83,386.03,513.89,386.09,513.88,386.07,513.85,386.03,513.77,386.08,513.83,386.10,513.81,386.07,513.79,386.04,513.72,386.11,513.77,386.11,513.76,386.08,513.74,386.06
ND_oL8wBHwKiPo_frame024001_r.jpg,0,484.29,394.32,484.21,394.36,484.14,394.39,484.11,394.45,484.08,394.52,484.17,394.48,484.15,394.55,484.15,394.57,484.14,394.57,484.22,394.51,484.20,394.57,484.20,394.58,484.19,394.56,484.28,394.51,484.25,394.57,484.23,394.58,484.22,394.56,484.32,394.51,484.29,394.55,484.27,394.56,484.25,394.55
ND_oPGCDFtZw28_frame049501_l.jpg,0,-690.61,-743.02,-690.28,-743.14,-690.17,-743.78,-690.15,-744.45,-690.11,-745.36,-688.97,-744.08,-688.18,-744.27,-687.75,-744.55,-687.35,-744.96,-688.93,-744.53,-688.37,-745.09,-688.10,-745.59,-687.79,-746.12,-689.34,-744.74,-689.47,-745.32,-689.85,-745.66,-690.29,-745.80,-689.77,-744.88,-690.07,-745.08,-690.44,-744.89,-690.60,-744.41
ND_oPGCDFtZw28_frame052501_l.jpg,0,-416.57,-82.77,-416.93,-83.07,-417.19,-83.45,-417.32,-83.85,-417.48,-84.39,-416.65,-83.98,-416.92,-84.41,-417.14,-84.64,-417.37,-84.88,-416.41,-84.16,-416.71,-84.53,-416.96,-84.74,-417.24,-84.97,-416.30,-84.07,-416.57,-84.43,-416.82,-84.67,-417.12,-84.89,-416.29,-83.97,-416.46,-84.25,-416.64,-84.47,-416.89,-84.67
ND_oQ7cQswEFUo_frame000718_l.jpg,0,67.78,210.97,67.65,210.69,67.51,210.48,67.35,210.33,67.22,210.32,67.59,210.30,67.52,210.05,67.43,209.91,67.27,209.79,67.56,210.38,67.33,210.31,67.15,210.29,66.94,210.28,67.53,210.59,67.30,210.53,67.10,210.55,66.90,210.55,67.48,210.76,67.31,210.72,67.16,210.71,66.97,210.67
ND_oQU2kR_MmqM_frame000001_l.jpg,0,584.22,364.06,584.26,364.12,584.31,364.14,584.34,364.17,584.37,364.19,584.20,364.16,584.17,364.20,584.14,364.23,584.11,364.26,584.14,364.16,584.10,364.19,584.06,364.22,584.02,364.24,584.11,364.15,584.07,364.18,584.02,364.20,583.98,364.22,584.08,364.15,584.04,364.16,584.01,364.18,583.98,364.20
ND_oQU2kR_MmqM_frame001201_r.jpg,0,469.10,242.31,469.18,242.33,469.24,242.35,469.28,242.38,469.33,242.41,469.22,242.38,469.25,242.42,469.27,242.45,469.30,242.49,469.17,242.40,469.21,242.44,469.23,242.48,469.25,242.52,469.12,242.42,469.14,242.46,469.15,242.51,469.18,242.56,469.08,242.44,469.08,242.47,469.08,242.51,469.10,242.55
ND_oQl5DmDNup4_frame001201_l.jpg,0,90.81,-16.37,91.08,-16.48,91.21,-16.72,91.25,-16.98,91.32,-17.31,91.57,-16.76,91.80,-16.94,91.88,-17.13,91.93,-17.36,91.51,-16.88,91.50,-17.15,91.34,-17.13,91.29,-16.93,91.30,-16.94,91.44,-17.16,91.47,-17.36,91.56,-17.40,91.10,-16.98,91.22,-17.14,91.31,-17.28,91.45,-17.34
ND_oQl5DmDNup4_frame005401_l.jpg,0,-63.72,-293.33,-63.75,-293.58,-63.99,-293.78,-64.27,-293.94,-64.63,-294.09,-64.00,-294.33,-64.23,-294.66,-64.47,-294.73,-64.74,-294.71,-64.18,-294.38,-64.47,-294.63,-64.72,-294.63,-64.90,-294.56,-64.33,-294.18,-64.54,-294.43,-64.77,-294.42,-64.87,-294.34,-64.45,-293.98,-64.60,-294.14,-64.74,-294.15,-64.79,-294.14
ND_oQmReh9qhyw_frame002393_l.jpg,0,581.84,468.35,581.91,468.30,581.94,468.27,581.93,468.26,581.90,468.26,581.81,468.22,581.78,468.22,581.77,468.25,581.78,468.29,581.74,468.26,581.75,468.31,581.79,468.36,581.84,468.42,581.71,468.34,581.77,468.39,581.84,468.43,581.90,468.46,581.70,468.40,581.76,468.44,581.81,468.46,581.87,468.48
ND_oqEgPB8u9L0_frame000001_l.jpg,0,91.31,68.34,91.28,68.34,91.25,68.36,91.24,68.39,91.23,68.42,91.22,68.37,91.20,68.41,91.21,68.43,91.21,68.45,91.22,68.39,91.23,68.42,91.23,68.44,91.23,68.46,91.25,68.40,91.25,68.42,91.25,68.44,91.25,68.45,91.27,68.41,91.26,68.42,91.26,68.44,91.26,68.45
ND_osfESSHr3Jk_frame007788_l.jpg,0,-380.36,322.02,-380.75,321.48,-381.17,321.16,-381.55,321.09,-381.71,321.31,-380.93,320.84,-381.43,320.81,-381.78,320.95,-382.16,321.15,-380.89,321.07,-381.39,321.28,-381.69,321.51,-381.99,321.71,-380.85,321.52,-381.34,321.56,-381.59,321.76,-381.76,321.87,-380.88,321.89,-381.22,321.86,-381.39,321.96,-381.44,322.01
ND_osfESSHr3Jk_frame013778_l.jpg,0,1298.82,572.38,1298.86,572.30,1298.84,572.24,1298.80,572.27,1298.74,572.31,1298.60,572.22,1298.54,572.30,1298.53,572.39,1298.56,572.50,1298.50,572.30,1298.49,572.42,1298.52,572.53,1298.61,572.63,1298.48,572.42,1298.45,572.52,1298.48,572.63,1298.57,572.72,1298.49,572.51,1298.46,572.59,1298.48,572.68,1298.53,572.75
ND_osfESSHr3Jk_frame020367_l.jpg,0,1059.71,454.55,1059.69,454.34,1059.63,454.24,1059.56,454.22,1059.50,454.20,1059.36,454.25,1059.41,454.25,1059.53,454.30,1059.64,454.35,1059.30,454.37,1059.44,454.42,1059.57,454.44,1059.68,454.44,1059.34,454.52,1059.50,454.53,1059.63,454.52,1059.70,454.47,1059.41,454.63,1059.53,454.62,1059.62,454.60,1059.68,454.57
ND_osfESSHr3Jk_frame021565_r.jpg,0,-6.11,-211.03,-6.40,-211.30,-6.69,-211.40,-6.95,-211.32,-7.16,-211.11,-7.05,-211.12,-7.37,-211.11,-7.56,-211.12,-7.78,-211.10,-7.08,-210.87,-7.28,-210.88,-7.09,-211.00,-6.88,-211.02,-6.90,-210.67,-7.12,-210.79,-6.97,-210.94,-6.70,-210.98,-6.73,-210.55,-6.87,-210.69,-6.76,-210.83,-6.61,-210.97
ND_osfESSHr3Jk_frame026357_l.jpg,0,930.85,337.37,930.99,337.24,931.12,337.23,931.24,337.24,931.40,337.23,930.89,337.14,930.88,337.17,930.97,337.23,931.09,337.31,930.79,337.24,930.92,337.32,931.03,337.39,931.17,337.46,930.75,337.39,930.86,337.43,930.98,337.49,931.12,337.55,930.74,337.51,930.80,337.56,930.87,337.62,930.96,337.68
ND_osfESSHr3Jk_frame027555_r.jpg,0,683.68,781.14,683.78,781.31,683.74,781.47,683.70,781.60,683.72,781.77,683.71,781.46,683.64,781.61,683.59,781.72,683.54,781.85,683.57,781.43,683.51,781.59,683.45,781.71,683.41,781.85,683.46,781.38,683.41,781.53,683.35,781.65,683.31,781.77,683.38,781.34,683.36,781.46,683.33,781.56,683.31,781.67
ND_otcSv1Azxtw_frame000001_r.jpg,0,14.65,0.00,14.65,0.00,14.65,0.00,14.65,0.00,14.65,0.00,14.65,0.00,14.65,0.00,14.65,0.00,14.65,0.00,14.65,0.00,14.65,0.00,14.65,0.00,14.65,0.00,14.65,0.00,14.65,0.00,14.65,0.00,14.65,0.00,14.65,0.00,14.65,0.00,14.65,0.00,14.65,0.00
ND_otcSv1Azxtw_frame000901_l.jpg,0,638.77,144.09,638.85,144.08,638.93,144.10,638.98,144.16,639.05,144.22,638.94,144.22,639.01,144.28,639.06,144.31,639.11,144.32,638.93,144.27,639.00,144.32,639.04,144.30,639.07,144.27,638.90,144.28,638.97,144.31,639.01,144.29,639.03,144.26,638.88,144.27,638.93,144.28,638.97,144.27,638.99,144.24
ND_otcSv1Azxtw_frame001501_r.jpg,0,571.49,356.15,571.40,356.30,571.34,356.47,571.35,356.63,571.40,356.80,571.59,356.62,571.63,356.81,571.57,356.92,571.46,356.98,571.68,356.66,571.74,356.84,571.65,356.91,571.50,356.92,571.70,356.62,571.73,356.77,571.68,356.90,571.55,356.97,571.68,356.57,571.69,356.69,571.68,356.80,571.63,356.88
ND_otcSv1Azxtw_frame001801_r.jpg,0,80.70,-189.98,80.93,-189.89,81.12,-189.83,81.25,-189.76,81.37,-189.72,81.27,-189.90,81.44,-189.81,81.55,-189.72,81.67,-189.62,81.21,-189.90,81.40,-189.83,81.52,-189.74,81.65,-189.63,81.05,-189.87,81.23,-189.84,81.37,-189.78,81.52,-189.69,80.91,-189.83,81.00,-189.80,81.08,-189.78,81.18,-189.77
ND_oumI9ZBOWfw_frame000898_r.jpg,0,207.28,295.46,207.25,295.48,207.23,295.49,207.22,295.48,207.22,295.47,207.22,295.45,207.22,295.46,207.23,295.47,207.24,295.48,207.23,295.43,207.23,295.44,207.24,295.45,207.25,295.46,207.25,295.42,207.25,295.43,207.25,295.44,207.26,295.46,207.27,295.42,207.27,295.43,207.27,295.43,207.27,295.45
ND_oumI9ZBOWfw_frame005383_r.jpg,0,366.54,595.35,366.55,595.44,366.56,595.52,366.57,595.57,366.58,595.63,366.62,595.59,366.58,595.66,366.53,595.63,366.56,595.58,366.61,595.59,366.54,595.65,366.50,595.61,366.53,595.57,366.57,595.55,366.53,595.62,366.48,595.60,366.49,595.55,366.52,595.52,366.50,595.57,366.47,595.57,366.48,595.53
ND_p0l5Gm5eS98_frame000001_r.jpg,0,-138.92,587.48,-139.13,587.63,-139.31,587.59,-139.40,587.45,-139.49,587.31,-139.10,587.66,-139.29,587.50,-139.40,587.38,-139.49,587.28,-139.01,587.51,-139.22,587.37,-139.37,587.27,-139.52,587.19,-138.95,587.33,-139.15,587.23,-139.33,587.15,-139.50,587.11,-138.93,587.18,-139.08,587.12,-139.22,587.06,-139.40,587.01
ND_p0l5Gm5eS98_frame000301_l.jpg,0,185.71,514.77,185.58,514.61,185.45,514.55,185.31,514.55,185.14,514.53,185.25,514.81,185.04,514.82,184.95,514.82,184.84,514.84,185.29,514.99,185.30,515.10,185.44,515.04,185.57,514.91,185.45,515.10,185.56,515.10,185.70,514.99,185.81,514.85,185.59,515.16,185.69,515.12,185.80,515.04,185.87,514.91
ND_pANs9ARYsF4_frame000001_l.jpg,0,-116.20,17.32,-115.92,17.39,-115.71,17.44,-115.55,17.50,-115.34,17.49,-115.75,17.61,-115.70,17.85,-115.65,18.01,-115.61,18.20,-115.89,17.72,-115.82,17.95,-115.77,18.12,-115.71,18.31,-116.07,17.78,-115.96,17.96,-115.89,18.13,-115.81,18.31,-116.21,17.82,-116.13,17.94,-116.07,18.06,-116.00,18.20
ND_pCkdeO2Rhzc_frame003301_l.jpg,0,982.11,274.04,982.08,273.70,982.13,273.41,982.23,273.19,982.35,272.91,982.31,273.60,982.61,273.46,982.62,273.40,982.50,273.44,982.50,273.76,982.71,273.56,982.64,273.53,982.48,273.58,982.65,273.92,982.78,273.69,982.71,273.64,982.58,273.68,982.76,274.03,982.86,273.84,982.82,273.75,982.71,273.74
ND_pCkdeO2Rhzc_frame003901_r.jpg,0,680.65,724.90,680.63,724.81,680.71,724.78,680.82,724.81,680.97,724.84,680.78,724.89,680.92,724.85,680.93,724.79,680.88,724.74,680.87,724.94,680.99,724.86,680.97,724.78,680.90,724.73,680.93,724.96,681.01,724.86,680.98,724.78,680.91,724.74,680.97,724.95,681.01,724.88,680.98,724.80,680.92,724.77
ND_pD4e6J8bCwo_frame000301_l.jpg,0,-70.64,363.45,-70.87,363.34,-71.04,363.28,-71.11,363.17,-71.11,363.06,-70.92,362.96,-70.99,362.82,-71.06,362.89,-71.10,363.03,-70.81,362.94,-70.91,362.94,-70.97,363.05,-71.04,363.19,-70.70,363.04,-70.82,363.00,-70.89,363.10,-70.94,363.23,-70.63,363.14,-70.73,363.09,-70.78,363.15,-70.84,363.24
ND_pD4e6J8bCwo_frame000601_l.jpg,0,-154.81,284.26,-154.90,284.02,-155.07,283.93,-155.20,283.92,-155.37,283.95,-155.08,284.01,-155.22,284.05,-155.33,284.03,-155.35,283.99,-155.15,284.17,-155.37,284.11,-155.46,284.07,-155.47,284.01,-155.19,284.32,-155.33,284.21,-155.28,284.18,-155.12,284.19,-155.22,284.43,-155.32,284.35,-155.28,284.30,-155.15,284.29
ND_pFHyMulKLoM_frame003191_l.jpg,0,-84.03,-194.25,-83.62,-194.38,-83.30,-194.43,-83.10,-194.37,-83.08,-194.27,-83.44,-194.78,-83.20,-194.78,-83.08,-194.56,-83.05,-194.32,-83.62,-194.71,-83.40,-194.44,-83.29,-194.20,-83.23,-194.00,-83.83,-194.49,-83.61,-194.24,-83.52,-194.04,-83.50,-194.00,-83.97,-194.28,-83.81,-194.09,-83.72,-193.96,-83.66,-193.95
ND_pFHyMulKLoM_frame003771_l.jpg,0,231.57,241.14,231.63,241.11,231.67,241.11,231.71,241.13,231.76,241.15,231.70,241.13,231.74,241.15,231.76,241.17,231.76,241.18,231.69,241.16,231.74,241.19,231.75,241.20,231.75,241.21,231.67,241.20,231.72,241.22,231.73,241.22,231.72,241.22,231.66,241.23,231.69,241.24,231.70,241.24,231.70,241.23
ND_pFHyMulKLoM_frame005511_l.jpg,0,338.92,50.91,338.99,50.88,339.05,50.88,339.08,50.91,339.09,50.95,339.01,50.89,339.02,50.91,339.04,50.94,339.06,50.99,338.98,50.94,338.99,50.99,339.02,51.04,339.06,51.08,338.94,50.98,338.97,51.04,339.00,51.09,339.04,51.13,338.93,51.02,338.95,51.06,338.98,51.10,339.01,51.12
ND_pgXuwX8tk3c_frame001751_r.jpg,0,390.02,453.07,390.10,452.94,390.20,452.92,390.29,452.93,390.38,452.89,390.20,453.01,390.36,453.02,390.46,453.01,390.57,452.98,390.23,453.13,390.37,453.14,390.48,453.13,390.60,453.11,390.24,453.22,390.36,453.23,390.48,453.23,390.59,453.20,390.26,453.28,390.35,453.28,390.44,453.28,390.54,453.26
ND_pjhcSiPImCA_frame003001_l.jpg,0,538.43,380.80,538.60,380.79,538.72,380.82,538.80,380.89,538.86,380.98,538.76,380.79,538.86,380.87,538.89,380.95,538.89,381.01,538.72,380.84,538.78,380.97,538.81,381.05,538.82,381.10,538.63,380.92,538.70,381.01,538.73,381.08,538.74,381.10,538.56,380.98,538.63,381.04,538.68,381.10,538.73,381.16
ND_pjhcSiPImCA_frame003301_l.jpg,0,524.91,388.78,525.07,388.76,525.19,388.80,525.27,388.86,525.33,388.97,525.23,388.76,525.33,388.84,525.35,388.92,525.34,388.98,525.19,388.82,525.25,388.94,525.27,389.03,525.27,389.06,525.10,388.89,525.18,388.99,525.20,389.05,525.20,389.06,525.04,388.95,525.11,389.01,525.16,389.07,525.22,389.13
ND_pqjyTJ1ydVA_frame002094_l.jpg,0,821.92,49.95,822.12,49.78,822.34,49.70,822.52,49.76,822.70,49.90,822.56,49.78,822.80,49.83,822.90,49.90,822.97,49.96,822.60,49.94,822.78,50.06,822.74,50.08,822.65,50.05,822.50,50.12,822.65,50.24,822.58,50.23,822.50,50.18,822.42,50.25,822.47,50.33,822.39,50.31,822.31,50.26
ND_q0ptuAVU1GQ_frame000300_l.jpg,0,584.06,451.84,584.17,451.80,584.27,451.76,584.36,451.78,584.46,451.81,584.25,451.92,584.33,452.00,584.40,452.03,584.47,452.05,584.23,452.01,584.32,452.09,584.39,452.11,584.46,452.12,584.20,452.06,584.29,452.12,584.36,452.15,584.43,452.16,584.19,452.09,584.25,452.14,584.30,452.17,584.36,452.19
ND_q0ptuAVU1GQ_frame000898_r.jpg,0,619.17,352.27,619.15,352.15,619.15,352.07,619.15,352.02,619.15,351.97,619.02,352.10,619.05,352.04,619.10,351.99,619.17,351.94,619.02,352.15,619.07,352.09,619.12,352.04,619.18,351.98,619.07,352.22,619.11,352.14,619.16,352.09,619.22,352.03,619.12,352.27,619.14,352.21,619.18,352.16,619.21,352.11
ND_q0ptuAVU1GQ_frame002692_l.jpg,0,463.61,62.34,463.65,62.37,463.88,62.41,464.09,62.50,464.37,62.58,463.77,62.86,463.87,63.11,464.02,63.21,464.22,63.28,463.87,62.98,464.10,63.11,464.29,63.11,464.48,63.12,463.97,62.93,464.17,62.99,464.37,62.99,464.52,62.98,464.05,62.86,464.20,62.84,464.35,62.83,464.50,62.84
ND_q0ptuAVU1GQ_frame002991_r.jpg,0,492.35,449.88,492.27,449.96,492.25,450.05,492.25,450.13,492.25,450.25,492.35,450.14,492.36,450.24,492.36,450.30,492.36,450.38,492.41,450.16,492.41,450.26,492.41,450.33,492.39,450.41,492.45,450.14,492.43,450.23,492.42,450.31,492.41,450.38,492.46,450.12,492.43,450.18,492.42,450.24,492.43,450.31
ND_q0ptuAVU1GQ_frame007177_l.jpg,0,698.76,324.40,698.73,324.50,698.68,324.57,698.61,324.59,698.53,324.59,698.58,324.56,698.49,324.58,698.45,324.59,698.42,324.59,698.53,324.51,698.48,324.53,698.51,324.53,698.55,324.52,698.53,324.44,698.50,324.48,698.52,324.47,698.55,324.46,698.53,324.39,698.51,324.42,698.53,324.42,698.56,324.41
ND_q0ptuAVU1GQ_frame007476_r.jpg,0,507.90,352.97,507.80,352.91,507.69,352.88,507.62,352.93,507.54,353.03,507.56,352.91,507.44,352.94,507.37,352.98,507.27,353.01,507.54,352.99,507.43,353.01,507.34,353.04,507.24,353.05,507.60,353.07,507.49,353.07,507.39,353.08,507.29,353.08,507.65,353.13,507.57,353.15,507.50,353.17,507.43,353.17
ND_qDUelfiAZbk_frame046645_l.jpg,0,-650.00,-557.85,-650.24,-558.56,-650.83,-559.01,-651.52,-559.17,-652.39,-559.31,-650.93,-560.01,-651.54,-560.57,-652.09,-560.76,-652.73,-560.89,-651.26,-559.91,-652.03,-560.17,-652.61,-560.27,-653.20,-560.41,-651.45,-559.34,-652.11,-559.59,-652.71,-559.62,-653.18,-559.79,-651.62,-558.83,-652.06,-559.05,-652.47,-559.15,-652.86,-559.34
ND_qKO5IgZC-Cc_frame030501_r.jpg,0,-611.41,-1100.80,-611.31,-1100.57,-611.07,-1100.72,-610.91,-1100.94,-610.77,-1101.51,-613.03,-1100.31,-614.01,-1100.20,-613.82,-1100.77,-613.21,-1101.27,-613.65,-1100.72,-613.79,-1101.46,-613.16,-1101.85,-612.37,-1102.04,-613.73,-1101.30,-613.73,-1101.88,-613.13,-1102.37,-612.35,-1102.61,-613.64,-1101.83,-613.64,-1102.07,-613.18,-1102.41,-612.54,-1102.59
ND_qSaapzxph7M_frame000901_l.jpg,0,717.96,317.99,718.04,317.94,718.11,317.91,718.18,317.91,718.25,317.89,718.16,317.90,718.24,317.92,718.29,317.94,718.33,317.97,718.16,317.95,718.24,317.97,718.28,317.99,718.30,318.00,718.13,318.01,718.20,318.02,718.21,318.02,718.18,318.01,718.11,318.06,718.16,318.05,718.16,318.05,718.14,318.04
ND_qVUfJbi_dQI_frame006932_r.jpg,0,883.25,215.88,883.18,215.80,883.14,215.73,883.08,215.69,882.99,215.66,883.02,215.79,882.95,215.74,882.95,215.76,882.99,215.79,883.00,215.86,882.92,215.88,882.95,215.89,883.01,215.88,883.03,215.93,882.96,215.96,882.99,215.96,883.05,215.92,883.05,215.98,883.00,216.00,883.04,216.00,883.07,215.97
ND_qVUfJbi_dQI_frame014819_r.jpg,0,321.40,366.83,321.38,366.69,321.32,366.58,321.22,366.54,321.08,366.52,321.18,366.54,321.06,366.47,320.97,366.45,320.89,366.45,321.10,366.60,320.99,366.53,320.92,366.52,320.86,366.52,321.08,366.70,320.98,366.63,320.91,366.62,320.89,366.61,321.07,366.79,320.99,366.76,320.94,366.74,320.93,366.73
ND_qXYXx84Iylo_frame010765_l.jpg,0,463.67,-115.29,463.90,-115.54,464.11,-115.62,464.30,-115.65,464.55,-115.64,463.77,-115.87,463.77,-116.01,463.94,-115.95,464.14,-115.85,463.63,-115.76,463.83,-115.68,464.00,-115.58,464.13,-115.53,463.55,-115.53,463.77,-115.46,463.95,-115.37,464.05,-115.35,463.53,-115.33,463.71,-115.29,463.85,-115.24,463.93,-115.22
ND_q_xPuLW82xY_frame000301_r.jpg,0,-69.41,115.73,-69.62,115.88,-69.81,115.82,-69.94,115.75,-69.99,115.57,-69.68,116.07,-69.68,116.18,-69.78,116.14,-69.93,116.04,-69.61,115.97,-69.73,115.96,-69.87,115.86,-69.98,115.76,-69.54,115.80,-69.72,115.77,-69.87,115.68,-69.98,115.62,-69.50,115.65,-69.64,115.61,-69.76,115.55,-69.92,115.50
ND_q_xPuLW82xY_frame001201_r.jpg,0,-31.42,441.32,-31.49,441.39,-31.57,441.42,-31.62,441.46,-31.64,441.51,-31.45,441.57,-31.49,441.63,-31.54,441.63,-31.60,441.61,-31.42,441.58,-31.43,441.66,-31.48,441.66,-31.55,441.64,-31.40,441.53,-31.43,441.61,-31.49,441.64,-31.56,441.63,-31.40,441.49,-31.44,441.54,-31.49,441.56,-31.55,441.57
ND_qaG1jxIwZnk_frame002251_l.jpg,0,461.93,-232.72,462.32,-233.19,462.53,-233.63,462.72,-234.04,462.96,-234.46,463.40,-233.14,463.85,-233.43,463.95,-233.74,463.84,-234.06,463.47,-232.94,463.70,-233.37,463.69,-233.72,463.43,-234.05,463.21,-232.79,463.46,-233.19,463.43,-233.55,463.14,-233.85,462.96,-232.74,463.15,-233.02,463.12,-233.31,462.92,-233.55
ND_qbkUXw-6BZo_frame027555_r.jpg,0,841.30,458.14,841.28,458.12,841.24,458.10,841.20,458.11,841.17,458.14,841.15,458.12,841.11,458.16,841.13,458.19,841.18,458.20,841.12,458.15,841.10,458.20,841.13,458.23,841.18,458.24,841.14,458.18,841.11,458.23,841.15,458.26,841.20,458.26,841.15,458.21,841.14,458.25,841.16,458.27,841.20,458.27
ND_qbkUXw-6BZo_frame040134_r.jpg,0,730.49,624.95,730.44,624.85,730.39,624.85,730.23,624.86,730.09,624.73,730.10,624.91,729.93,624.93,729.81,624.92,729.67,624.92,729.99,624.94,729.81,624.94,729.68,624.93,729.53,624.94,729.99,624.92,729.82,624.94,729.67,624.94,729.53,624.93,730.01,624.89,729.88,624.92,729.77,624.95,729.64,624.94
ND_qgl-ougO1jk_frame001501_r.jpg,0,-95.29,167.96,-95.58,167.86,-95.66,167.62,-95.70,167.40,-95.74,167.10,-95.63,167.55,-95.67,167.29,-95.72,167.16,-95.77,167.14,-95.46,167.43,-95.58,167.18,-95.66,167.07,-95.75,167.04,-95.27,167.39,-95.44,167.20,-95.58,167.08,-95.70,167.05,-95.15,167.36,-95.24,167.22,-95.36,167.11,-95.51,167.06
ND_qi-9y8ml424_frame007201_l.jpg,0,734.00,-154.65,733.93,-154.82,733.65,-154.89,733.39,-154.93,733.15,-155.08,733.24,-155.08,732.95,-155.08,732.77,-155.03,732.55,-154.97,733.03,-154.93,732.90,-154.75,732.78,-154.60,732.60,-154.47,733.04,-154.68,732.86,-154.58,732.69,-154.46,732.50,-154.35,733.08,-154.45,732.89,-154.33,732.72,-154.20,732.52,-154.08
ND_qi-9y8ml424_frame016801_r.jpg,0,1724.39,190.46,1724.66,190.35,1725.00,190.30,1725.29,190.29,1725.68,190.31,1725.11,189.77,1725.47,189.75,1725.68,189.87,1725.93,190.00,1725.18,189.73,1725.54,189.76,1725.74,189.94,1725.94,190.14,1725.14,189.89,1725.45,189.97,1725.66,190.16,1725.89,190.32,1725.12,190.06,1725.31,190.18,1725.48,190.30,1725.74,190.42
ND_qiIi_GGUy9Y_frame002001_l.jpg,0,449.48,99.93,449.53,99.91,449.58,99.99,449.68,100.10,449.70,100.25,449.82,100.25,450.05,100.33,450.22,100.32,450.41,100.28,449.95,100.32,450.19,100.32,450.36,100.28,450.54,100.24,450.01,100.26,450.21,100.25,450.39,100.21,450.55,100.16,450.05,100.17,450.19,100.17,450.32,100.13,450.42,100.09
ND_qiIi_GGUy9Y_frame002501_l.jpg,0,448.45,151.34,448.64,151.22,448.81,151.17,448.96,151.19,449.09,151.29,448.92,151.15,449.11,151.14,449.24,151.18,449.35,151.24,448.93,151.26,449.11,151.31,449.17,151.38,449.13,151.42,448.86,151.41,449.03,151.45,449.05,151.49,448.98,151.48,448.80,151.53,448.92,151.57,448.99,151.59,448.98,151.58
ND_ql-xA80pw1c_frame005251_r.jpg,0,725.63,574.09,725.62,573.92,725.61,573.78,725.58,573.67,725.53,573.51,725.82,573.85,725.88,573.76,725.92,573.66,725.97,573.55,725.93,573.92,726.03,573.90,726.10,573.84,726.17,573.76,725.97,574.00,726.05,573.98,726.12,573.93,726.16,573.84,726.00,574.05,726.06,574.07,726.13,574.08,726.17,574.05
ND_ql-xA80pw1c_frame006001_l.jpg,0,450.69,152.32,450.74,152.14,450.83,152.01,450.91,151.89,450.94,151.73,450.91,151.91,451.02,151.80,451.11,151.72,451.21,151.64,450.99,151.97,451.08,151.86,451.18,151.79,451.29,151.73,451.03,152.11,451.14,152.01,451.25,151.95,451.36,151.88,451.06,152.21,451.17,152.20,451.27,152.20,451.38,152.19
ND_qnY7Cx-jA5g_frame000301_l.jpg,0,73.26,288.94,73.42,288.91,73.52,288.87,73.59,288.85,73.66,288.83,73.49,288.69,73.57,288.62,73.63,288.66,73.69,288.74,73.42,288.67,73.51,288.64,73.59,288.70,73.64,288.80,73.32,288.73,73.38,288.64,73.45,288.66,73.52,288.74,73.26,288.79,73.23,288.74,73.24,288.73,73.30,288.76
ND_qnY7Cx-jA5g_frame000601_r.jpg,0,-158.05,116.09,-158.21,116.32,-158.41,116.29,-158.57,116.21,-158.73,116.13,-158.20,116.49,-158.41,116.40,-158.54,116.32,-158.61,116.23,-158.16,116.35,-158.39,116.29,-158.55,116.24,-158.66,116.20,-158.15,116.15,-158.36,116.17,-158.53,116.16,-158.64,116.15,-158.16,116.00,-158.32,116.03,-158.45,116.05,-158.63,116.09
ND_qnY7Cx-jA5g_frame000901_l.jpg,0,135.62,256.55,135.73,256.43,135.88,256.44,135.94,256.57,135.93,256.72,135.52,256.46,135.53,256.61,135.67,256.69,135.83,256.72,135.42,256.61,135.48,256.78,135.63,256.84,135.79,256.82,135.40,256.76,135.50,256.87,135.67,256.89,135.81,256.86,135.42,256.88,135.52,256.96,135.65,256.98,135.73,256.92
ND_qnY7Cx-jA5g_frame001201_r.jpg,0,-38.18,369.24,-38.24,369.41,-38.26,369.45,-38.34,369.39,-38.44,369.30,-38.08,369.36,-38.19,369.28,-38.34,369.24,-38.45,369.25,-38.06,369.19,-38.27,369.14,-38.43,369.12,-38.61,369.12,-38.10,369.03,-38.28,369.06,-38.45,369.08,-38.61,369.13,-38.17,368.92,-38.29,368.91,-38.42,368.93,-38.55,368.98
ND_qoa6K2vNBSI_frame004187_l.jpg,0,-2.40,295.05,-2.62,294.77,-2.71,294.49,-2.67,294.24,-2.47,294.16,-2.41,294.20,-2.53,293.92,-2.62,293.74,-2.69,293.53,-2.17,294.19,-2.36,294.15,-2.46,294.31,-2.37,294.51,-2.01,294.34,-2.19,294.22,-2.27,294.40,-2.22,294.63,-1.92,294.48,-1.93,294.30,-2.03,294.35,-2.13,294.46
ND_qwPhYkzvkFI_frame001197_l.jpg,0,102.08,94.04,102.02,93.92,101.94,93.86,101.86,93.82,101.79,93.78,101.80,93.90,101.72,93.89,101.75,93.87,101.83,93.85,101.78,93.97,101.75,93.95,101.82,93.93,101.90,93.90,101.83,94.04,101.88,93.97,101.96,93.95,102.00,93.95,101.89,94.08,101.94,94.03,102.00,94.01,102.06,93.98
ND_qwPhYkzvkFI_frame001795_l.jpg,0,148.38,129.36,148.36,129.34,148.34,129.32,148.32,129.31,148.30,129.30,148.31,129.33,148.29,129.32,148.30,129.31,148.31,129.30,148.31,129.34,148.32,129.32,148.34,129.31,148.35,129.32,148.33,129.35,148.34,129.33,148.36,129.32,148.37,129.32,148.34,129.36,148.35,129.34,148.36,129.34,148.37,129.34
ND_qxqZJH3SfN4_frame013456_l.jpg,0,967.99,816.55,967.91,816.61,967.84,816.70,967.78,816.78,967.72,816.83,967.63,816.63,967.50,816.68,967.45,816.76,967.44,816.87,967.60,816.65,967.53,816.76,967.54,816.86,967.60,816.91,967.66,816.67,967.60,816.77,967.64,816.86,967.69,816.84,967.72,816.69,967.67,816.76,967.70,816.81,967.74,816.81
ND_qxqZJH3SfN4_frame013755_r.jpg,0,580.19,671.13,580.00,671.12,579.85,671.14,579.72,671.17,579.53,671.19,579.78,671.38,579.65,671.41,579.57,671.40,579.47,671.43,579.81,671.45,579.66,671.44,579.55,671.44,579.43,671.48,579.91,671.42,579.75,671.43,579.63,671.44,579.49,671.46,579.98,671.38,579.87,671.39,579.77,671.41,579.64,671.45
ND_qxqZJH3SfN4_frame015549_l.jpg,0,874.47,100.67,874.50,100.53,874.48,100.47,874.42,100.43,874.33,100.35,874.23,100.47,874.12,100.41,874.05,100.36,873.97,100.30,874.10,100.49,873.96,100.41,873.86,100.35,873.76,100.31,874.05,100.52,873.91,100.47,873.79,100.43,873.67,100.40,874.03,100.52,873.91,100.51,873.80,100.49,873.68,100.48
ND_qxqZJH3SfN4_frame016147_r.jpg,0,361.26,270.40,361.27,270.26,361.31,270.07,361.33,269.91,361.28,269.70,361.49,269.92,361.61,269.75,361.55,269.63,361.44,269.53,361.50,269.87,361.39,269.71,361.25,269.67,361.10,269.68,361.42,269.91,361.30,269.82,361.16,269.86,361.04,269.93,361.34,269.95,361.22,269.97,361.14,270.05,361.03,270.14
ND_r0gqRCQNol8_frame007251_l.jpg,0,201.99,-102.64,201.65,-102.63,201.40,-102.59,201.19,-102.57,200.99,-102.56,201.38,-103.10,201.21,-103.31,201.09,-103.41,200.97,-103.50,201.52,-103.24,201.43,-103.46,201.35,-103.47,201.27,-103.43,201.74,-103.23,201.63,-103.42,201.57,-103.47,201.48,-103.45,201.91,-103.17,201.86,-103.32,201.82,-103.38,201.75,-103.36
ND_r0gqRCQNol8_frame009751_l.jpg,0,865.56,-1.53,865.84,-1.47,866.08,-1.43,866.29,-1.36,866.51,-1.39,866.27,-1.32,866.49,-1.20,866.66,-1.17,866.84,-1.11,866.26,-1.41,866.50,-1.36,866.67,-1.34,866.87,-1.30,866.13,-1.56,866.34,-1.64,866.50,-1.76,866.67,-1.86,866.02,-1.70,866.16,-1.78,866.28,-1.86,866.44,-1.91
ND_r11s_hjbcSU_frame002401_r.jpg,0,-315.35,-124.34,-315.89,-124.83,-316.40,-125.08,-316.84,-125.22,-317.36,-125.48,-316.13,-125.55,-316.54,-125.73,-316.89,-125.53,-317.21,-125.22,-316.01,-125.34,-316.54,-125.23,-316.90,-125.01,-317.26,-124.77,-315.88,-124.88,-316.38,-124.83,-316.76,-124.62,-317.06,-124.46,-315.82,-124.48,-316.21,-124.44,-316.52,-124.37,-316.86,-124.31
ND_r4Bfx5mGIgY_frame004751_r.jpg,0,297.03,16.64,296.67,16.09,296.62,15.60,296.81,15.23,297.32,14.94,296.59,15.29,296.85,14.79,297.11,14.85,297.27,15.08,296.95,15.29,297.15,14.77,297.42,14.62,297.61,14.70,297.36,15.50,297.61,15.06,297.89,14.78,298.15,14.51,297.69,15.66,297.78,15.32,297.89,15.14,297.85,15.12
ND_r96NJ_mGSx8_frame028501_r.jpg,0,10.04,169.77,10.06,169.78,10.06,169.80,10.06,169.82,10.06,169.85,10.04,169.82,10.04,169.85,10.04,169.86,10.05,169.88,10.03,169.83,10.04,169.85,10.05,169.87,10.06,169.87,10.03,169.83,10.04,169.85,10.05,169.86,10.06,169.87,10.03,169.82,10.04,169.84,10.04,169.85,10.05,169.86
ND_r96NJ_mGSx8_frame044401_r.jpg,0,-37.16,18.77,-37.21,18.77,-37.24,18.81,-37.27,18.85,-37.31,18.89,-37.32,18.78,-37.37,18.82,-37.39,18.85,-37.40,18.89,-37.32,18.81,-37.35,18.85,-37.37,18.89,-37.38,18.93,-37.30,18.83,-37.32,18.87,-37.34,18.91,-37.35,18.93,-37.27,18.85,-37.28,18.88,-37.30,18.91,-37.31,18.94
ND_rEIY_zu38vg_frame001201_r.jpg,0,-72.06,-408.77,-71.95,-408.79,-71.81,-408.99,-71.63,-409.20,-71.35,-409.62,-72.19,-409.56,-71.89,-409.85,-71.60,-409.90,-71.29,-409.82,-72.19,-409.85,-71.84,-410.06,-71.54,-410.13,-71.24,-410.11,-72.06,-409.92,-71.79,-410.14,-71.47,-410.24,-71.18,-410.25,-71.91,-409.93,-71.74,-410.18,-71.55,-410.37,-71.31,-410.44
ND_rM0IFmcstzU_frame006878_l.jpg,0,725.19,445.52,725.26,445.50,725.28,445.54,725.27,445.59,725.30,445.64,725.09,445.52,725.10,445.62,725.18,445.67,725.26,445.69,725.01,445.58,725.02,445.70,725.08,445.78,725.16,445.86,724.98,445.66,724.98,445.75,725.04,445.84,725.12,445.91,724.99,445.72,724.99,445.79,725.03,445.85,725.09,445.90
ND_rM0IFmcstzU_frame008971_l.jpg,0,1030.72,386.85,1030.84,386.99,1030.80,387.16,1030.72,387.30,1030.64,387.46,1030.62,387.10,1030.54,387.27,1030.54,387.43,1030.57,387.58,1030.45,387.11,1030.40,387.30,1030.43,387.45,1030.52,387.57,1030.35,387.10,1030.33,387.27,1030.36,387.42,1030.47,387.52,1030.30,387.12,1030.29,387.24,1030.32,387.36,1030.42,387.41
ND_rM0IFmcstzU_frame014353_l.jpg,0,490.14,423.12,490.08,423.06,490.02,423.00,489.98,423.05,489.96,423.13,489.87,423.25,489.83,423.37,489.94,423.38,490.05,423.32,489.89,423.37,489.95,423.50,490.07,423.49,490.16,423.40,489.98,423.44,490.04,423.52,490.16,423.47,490.23,423.37,490.07,423.48,490.13,423.48,490.21,423.43,490.25,423.36
ND_rVeaWrPFfCI_frame017101_l.jpg,0,941.88,232.36,941.89,232.19,941.93,232.06,941.89,232.02,941.78,232.08,941.58,231.97,941.41,231.90,941.32,231.90,941.26,231.93,941.46,232.04,941.34,232.05,941.29,232.09,941.26,232.11,941.43,232.20,941.33,232.18,941.28,232.23,941.27,232.24,941.43,232.33,941.34,232.30,941.30,232.33,941.30,232.34
ND_rVeaWrPFfCI_frame025201_l.jpg,0,221.83,-3.31,222.00,-3.39,222.20,-3.39,222.37,-3.41,222.52,-3.42,222.23,-3.74,222.41,-3.81,222.54,-3.75,222.66,-3.65,222.24,-3.76,222.43,-3.79,222.54,-3.68,222.61,-3.54,222.20,-3.66,222.38,-3.71,222.52,-3.62,222.60,-3.49,222.18,-3.56,222.32,-3.55,222.42,-3.49,222.53,-3.38
ND_rVeaWrPFfCI_frame025501_r.jpg,0,-210.65,170.17,-210.73,170.02,-210.94,169.78,-211.17,169.60,-211.51,169.44,-210.59,169.35,-210.81,169.08,-211.04,169.03,-211.31,168.99,-210.61,169.21,-210.93,169.19,-211.17,169.24,-211.44,169.25,-210.70,169.27,-210.94,169.28,-211.15,169.39,-211.35,169.50,-210.81,169.35,-210.95,169.40,-211.06,169.50,-211.22,169.59
ND_rWUhzTrz2a8_frame011363_l.jpg,0,211.96,234.77,212.01,234.53,212.07,234.33,212.18,234.19,212.33,234.02,212.38,234.34,212.58,234.24,212.70,234.19,212.81,234.15,212.50,234.46,212.70,234.40,212.82,234.37,212.92,234.33,212.52,234.63,212.70,234.57,212.83,234.53,212.91,234.48,212.51,234.76,212.64,234.72,212.75,234.69,212.81,234.64
ND_rWUhzTrz2a8_frame019735_r.jpg,0,373.06,298.40,372.99,298.37,372.92,298.31,372.83,298.25,372.68,298.16,373.17,298.10,373.19,297.99,373.13,297.91,373.05,297.82,373.22,297.99,373.25,297.86,373.11,297.85,372.96,297.89,373.20,297.95,373.18,297.82,373.04,297.81,372.89,297.86,373.15,297.93,373.13,297.81,373.08,297.72,373.04,297.60
ND_rWUhzTrz2a8_frame026911_r.jpg,0,250.88,458.95,250.83,458.88,250.78,458.83,250.74,458.79,250.68,458.74,250.85,458.77,250.77,458.78,250.76,458.82,250.76,458.86,250.87,458.78,250.81,458.82,250.78,458.86,250.78,458.88,250.89,458.84,250.84,458.87,250.80,458.90,250.78,458.91,250.90,458.88,250.86,458.91,250.84,458.95,250.81,458.95
ND_rWrAK1bXa_Q_frame008401_r.jpg,0,1039.51,-124.07,1040.10,-124.07,1040.60,-124.07,1040.99,-124.23,1041.57,-124.23,1040.85,-124.59,1041.26,-124.88,1041.53,-125.10,1041.81,-125.32,1040.68,-124.92,1041.04,-125.23,1041.30,-125.45,1041.57,-125.66,1040.28,-125.11,1040.65,-125.34,1040.93,-125.59,1041.23,-125.76,1039.97,-125.25,1040.19,-125.40,1040.40,-125.58,1040.62,-125.69
ND_r_x2lsHtTs4_frame002393_l.jpg,0,585.93,256.35,586.05,256.45,586.10,256.58,586.08,256.71,586.05,256.86,585.94,256.58,585.88,256.72,585.86,256.83,585.83,256.95,585.81,256.61,585.75,256.73,585.72,256.84,585.69,256.97,585.73,256.61,585.68,256.72,585.63,256.83,585.59,256.94,585.68,256.62,585.64,256.71,585.60,256.79,585.54,256.88
ND_r_xcdfVYZQc_frame009601_r.jpg,0,186.12,102.00,186.09,102.01,186.05,102.02,186.01,102.03,185.96,102.04,186.01,101.97,185.97,102.00,185.95,102.02,185.92,102.05,185.99,101.97,185.96,101.99,185.93,102.02,185.90,102.04,186.00,101.98,185.97,101.99,185.94,102.01,185.92,102.04,186.01,101.99,185.99,102.00,185.96,102.01,185.94,102.02
ND_r_xcdfVYZQc_frame028501_l.jpg,0,289.92,105.12,289.98,105.11,290.03,105.12,290.06,105.14,290.11,105.15,289.98,105.08,290.01,105.13,290.04,105.16,290.06,105.21,289.94,105.10,289.96,105.12,289.99,105.16,290.02,105.20,289.90,105.13,289.93,105.15,289.96,105.19,289.98,105.21,289.88,105.16,289.90,105.18,289.92,105.20,289.94,105.22
ND_r_xcdfVYZQc_frame028801_l.jpg,0,296.38,108.77,296.43,108.74,296.47,108.72,296.50,108.71,296.53,108.72,296.41,108.66,296.44,108.70,296.46,108.73,296.49,108.77,296.36,108.67,296.37,108.67,296.39,108.69,296.43,108.73,296.33,108.72,296.37,108.73,296.40,108.77,296.41,108.78,296.32,108.75,296.34,108.76,296.37,108.79,296.38,108.80
ND_raIqEPxZptQ_frame000901_l.jpg,0,-130.70,94.86,-130.81,94.61,-130.88,94.39,-131.02,94.27,-131.24,94.38,-130.96,94.56,-131.16,94.48,-131.23,94.43,-131.19,94.45,-131.02,94.73,-131.22,94.61,-131.36,94.52,-131.52,94.43,-131.05,94.91,-131.24,94.85,-131.35,94.77,-131.34,94.71,-131.09,95.03,-131.20,95.03,-131.26,94.97,-131.20,94.92
ND_raTa2cqdVWY_frame005101_r.jpg,0,281.47,194.11,281.65,194.15,281.80,194.12,281.93,194.10,282.08,194.07,281.79,193.99,281.89,194.00,281.95,194.06,282.00,194.13,281.70,193.96,281.81,193.98,281.87,194.06,281.93,194.17,281.58,194.00,281.67,193.98,281.74,194.05,281.79,194.16,281.48,194.05,281.48,194.03,281.49,194.05,281.52,194.08
ND_raTa2cqdVWY_frame010501_l.jpg,0,373.25,132.56,373.17,132.52,373.10,132.53,373.04,132.57,372.99,132.66,373.17,132.61,373.10,132.64,373.03,132.66,372.96,132.68,373.19,132.69,373.11,132.73,373.04,132.76,372.96,132.77,373.21,132.74,373.13,132.78,373.05,132.80,372.98,132.78,373.20,132.78,373.15,132.82,373.09,132.83,373.03,132.81
ND_rnqmYXINUWo_frame001197_r.jpg,0,-327.38,-223.52,-327.58,-223.44,-327.71,-223.18,-327.76,-222.89,-327.83,-222.65,-327.52,-222.78,-327.83,-222.56,-328.02,-222.68,-328.15,-222.88,-327.48,-222.56,-327.84,-222.63,-328.07,-222.74,-328.31,-222.90,-327.50,-222.55,-327.83,-222.57,-328.08,-222.69,-328.28,-222.89,-327.55,-222.58,-327.74,-222.43,-327.95,-222.39,-328.21,-222.48
ND_rnqmYXINUWo_frame001496_l.jpg,0,56.78,-647.13,57.35,-646.80,57.88,-646.40,58.33,-646.03,58.71,-645.37,57.18,-645.48,57.72,-645.02,58.17,-645.03,58.49,-645.25,56.90,-645.19,57.46,-644.81,57.89,-645.00,58.15,-645.41,56.73,-645.28,57.27,-644.98,57.74,-645.10,58.01,-645.44,56.68,-645.42,57.06,-645.21,57.45,-645.22,57.72,-645.45
ND_rnsm05HTPYs_frame000251_r.jpg,0,-161.40,-222.44,-161.55,-222.31,-161.79,-222.04,-161.94,-221.74,-161.95,-221.30,-161.21,-221.65,-161.45,-221.35,-161.67,-221.20,-161.92,-221.01,-161.10,-221.43,-161.20,-221.09,-161.48,-221.01,-161.80,-221.07,-161.14,-221.39,-161.29,-221.19,-161.60,-221.15,-161.87,-221.32,-161.23,-221.38,-161.33,-221.24,-161.50,-221.15,-161.71,-221.21
ND_s1ydWiSlCEo_frame000301_l.jpg,0,493.78,506.07,493.96,505.88,494.12,505.82,494.23,505.79,494.33,505.81,494.00,505.59,494.16,505.56,494.28,505.65,494.39,505.78,493.95,505.66,494.14,505.67,494.25,505.78,494.35,505.89,493.91,505.83,494.10,505.87,494.25,505.95,494.41,506.01,493.90,505.97,494.04,506.00,494.16,506.05,494.30,506.10
ND_s2uiSleJVDI_frame020931_r.jpg,0,389.54,531.50,389.46,531.54,389.41,531.58,389.39,531.64,389.39,531.72,389.45,531.65,389.41,531.71,389.39,531.76,389.37,531.81,389.50,531.67,389.47,531.73,389.45,531.78,389.43,531.81,389.56,531.67,389.54,531.73,389.52,531.78,389.49,531.79,389.60,531.67,389.59,531.72,389.57,531.74,389.53,531.75
ND_s41o3SbsC3E_frame006301_l.jpg,0,-705.45,-116.50,-704.65,-116.30,-703.96,-116.51,-703.38,-116.97,-702.77,-117.70,-703.13,-115.58,-702.25,-115.71,-701.74,-116.05,-701.25,-116.55,-703.03,-115.76,-702.27,-116.18,-701.84,-116.64,-701.48,-117.17,-703.35,-116.23,-702.61,-116.51,-702.14,-117.00,-701.84,-117.45,-703.64,-116.70,-703.11,-116.91,-702.74,-117.22,-702.53,-117.48
ND_s7wneDVjEbk_frame000301_r.jpg,0,-263.41,153.43,-263.24,153.31,-263.22,153.23,-263.17,153.33,-263.28,153.37,-263.64,153.54,-263.29,153.76,-263.02,153.68,-262.91,153.47,-263.80,153.81,-263.42,153.94,-263.14,153.87,-263.10,153.65,-263.81,154.04,-263.45,154.08,-263.19,153.98,-263.11,153.86,-263.75,154.21,-263.50,154.17,-263.32,154.11,-263.29,154.02
ND_s7wneDVjEbk_frame000901_l.jpg,0,72.31,144.59,72.52,144.78,72.61,145.02,72.62,145.25,72.67,145.50,72.35,145.19,72.35,145.47,72.41,145.64,72.49,145.76,72.16,145.26,72.24,145.50,72.36,145.60,72.48,145.68,72.03,145.22,72.17,145.42,72.29,145.51,72.39,145.56,71.97,145.18,72.09,145.31,72.20,145.40,72.30,145.45
ND_s9wcKl74AvI_frame004201_r.jpg,0,100.68,64.34,100.81,64.34,100.89,64.27,100.96,64.22,101.05,64.18,100.89,64.16,100.97,64.08,101.03,64.04,101.09,63.98,100.82,64.12,100.87,64.04,100.90,63.99,100.95,63.91,100.73,64.15,100.75,64.08,100.74,64.02,100.75,63.94,100.66,64.19,100.65,64.14,100.62,64.10,100.59,64.03
ND_s9wcKl74AvI_frame004801_l.jpg,0,284.01,111.63,284.10,111.53,284.16,111.45,284.21,111.39,284.25,111.31,284.11,111.38,284.21,111.37,284.28,111.40,284.32,111.44,284.08,111.42,284.19,111.45,284.26,111.50,284.27,111.54,284.07,111.51,284.17,111.52,284.23,111.56,284.22,111.58,284.07,111.59,284.14,111.58,284.18,111.59,284.17,111.59
ND_s9wcKl74AvI_frame012301_r.jpg,0,213.09,128.57,213.04,128.51,212.99,128.48,212.94,128.49,212.87,128.50,212.96,128.44,212.90,128.44,212.86,128.46,212.81,128.48,212.95,128.47,212.89,128.50,212.85,128.52,212.80,128.54,212.95,128.53,212.91,128.54,212.87,128.57,212.82,128.58,212.96,128.57,212.93,128.58,212.90,128.59,212.85,128.61
ND_s9wcKl74AvI_frame012601_r.jpg,0,230.99,208.86,230.94,208.78,230.88,208.75,230.81,208.75,230.72,208.75,230.83,208.72,230.76,208.68,230.71,208.69,230.65,208.71,230.81,208.76,230.73,208.79,230.69,208.82,230.63,208.85,230.81,208.83,230.75,208.85,230.70,208.88,230.64,208.91,230.82,208.88,230.78,208.90,230.74,208.93,230.68,208.96
ND_s9wcKl74AvI_frame013801_r.jpg,0,-111.64,98.26,-111.60,98.14,-111.59,98.05,-111.57,97.98,-111.55,97.88,-111.65,98.08,-111.62,98.04,-111.57,98.02,-111.49,98.00,-111.66,98.14,-111.60,98.13,-111.53,98.12,-111.44,98.11,-111.64,98.23,-111.59,98.21,-111.53,98.20,-111.47,98.18,-111.61,98.30,-111.58,98.30,-111.56,98.31,-111.53,98.32
ND_sAw7qMrSKq8_frame000001_l.jpg,0,640.48,417.73,640.48,417.67,640.47,417.64,640.51,417.62,640.57,417.61,640.58,417.74,640.65,417.78,640.70,417.80,640.76,417.83,640.64,417.79,640.71,417.81,640.76,417.84,640.82,417.86,640.67,417.80,640.73,417.81,640.79,417.83,640.85,417.84,640.69,417.79,640.74,417.80,640.78,417.82,640.81,417.84
ND_sBI6RAVC2wk_frame003290_l.jpg,0,325.38,334.31,325.37,334.31,325.32,334.33,325.26,334.35,325.17,334.37,325.24,334.19,325.17,334.23,325.15,334.29,325.16,334.37,325.19,334.17,325.13,334.25,325.12,334.31,325.13,334.39,325.16,334.20,325.13,334.27,325.14,334.34,325.18,334.40,325.15,334.24,325.13,334.28,325.14,334.34,325.19,334.37
ND_sBI6RAVC2wk_frame004486_l.jpg,0,299.83,310.64,299.78,310.64,299.72,310.65,299.65,310.69,299.58,310.76,299.60,310.58,299.54,310.65,299.54,310.72,299.55,310.79,299.56,310.60,299.51,310.67,299.52,310.73,299.56,310.79,299.58,310.64,299.53,310.69,299.55,310.75,299.59,310.79,299.60,310.68,299.56,310.71,299.57,310.75,299.61,310.77
ND_sBI6RAVC2wk_frame008971_l.jpg,0,385.65,296.31,385.61,296.24,385.54,296.22,385.48,296.24,385.41,296.28,385.43,296.23,385.37,296.25,385.38,296.28,385.44,296.30,385.40,296.29,385.39,296.32,385.44,296.34,385.51,296.32,385.43,296.36,385.42,296.37,385.48,296.36,385.55,296.34,385.46,296.41,385.47,296.41,385.51,296.39,385.56,296.37
ND_sMnLI9LE_Tg_frame015250_l.jpg,0,572.73,43.27,572.86,43.17,573.00,43.14,573.13,43.17,573.20,43.32,573.15,43.14,573.31,43.15,573.41,43.18,573.54,43.21,573.17,43.23,573.25,43.32,573.19,43.33,573.09,43.30,573.12,43.35,573.17,43.40,573.10,43.40,573.02,43.37,573.06,43.44,573.09,43.46,573.05,43.46,572.99,43.44
ND_sMnLI9LE_Tg_frame019436_r.jpg,0,421.47,-43.03,421.52,-42.93,421.60,-42.84,421.69,-42.78,421.74,-42.71,421.77,-42.92,421.88,-42.86,421.92,-42.79,421.94,-42.70,421.82,-42.95,421.94,-42.91,421.98,-42.83,421.98,-42.73,421.80,-42.98,421.91,-42.94,421.97,-42.87,421.99,-42.78,421.77,-42.98,421.82,-42.91,421.84,-42.84,421.84,-42.76
ND_sMnLI9LE_Tg_frame021828_l.jpg,0,335.91,-191.90,336.58,-191.73,337.13,-191.64,337.43,-191.30,337.44,-190.71,337.16,-191.31,337.37,-190.75,337.28,-190.65,337.14,-190.76,336.87,-191.08,336.99,-190.52,336.92,-190.52,336.85,-190.70,336.41,-190.94,336.58,-190.45,336.52,-190.46,336.46,-190.63,336.05,-190.81,336.13,-190.45,336.10,-190.49,336.06,-190.68
ND_sN46Jl1PXl4_frame000898_l.jpg,0,377.61,-193.58,377.81,-193.57,377.93,-193.67,378.00,-193.72,378.00,-193.70,377.99,-193.82,378.05,-193.75,377.99,-193.66,377.92,-193.60,377.94,-193.88,377.98,-193.73,377.92,-193.63,377.85,-193.52,377.83,-193.85,377.90,-193.72,377.85,-193.60,377.78,-193.50,377.75,-193.80,377.81,-193.71,377.77,-193.63,377.71,-193.56
ND_sOodxRUR8A8_frame001201_r.jpg,0,562.37,659.80,562.39,659.83,562.39,659.86,562.38,659.89,562.38,659.89,562.34,659.89,562.33,659.89,562.35,659.87,562.37,659.86,562.31,659.88,562.31,659.88,562.32,659.87,562.34,659.85,562.29,659.85,562.29,659.86,562.30,659.85,562.32,659.84,562.29,659.82,562.28,659.83,562.28,659.82,562.29,659.82
ND_sPO4tj_YefQ_frame001197_r.jpg,0,-491.58,-783.44,-490.70,-782.70,-489.85,-781.85,-489.13,-781.15,-488.37,-780.16,-488.19,-783.09,-487.39,-782.10,-487.40,-781.28,-487.46,-780.35,-487.85,-783.35,-487.30,-782.27,-487.72,-781.46,-488.54,-780.94,-488.29,-783.37,-487.62,-782.45,-487.96,-781.54,-488.72,-781.01,-488.74,-783.23,-488.25,-782.58,-488.27,-781.88,-488.75,-781.41
ND_sRK3zmeTxMQ_frame004751_l.jpg,0,-606.88,-228.58,-607.20,-229.18,-607.48,-229.60,-607.68,-230.28,-608.10,-231.33,-606.17,-230.95,-606.24,-232.00,-606.91,-232.24,-607.64,-231.98,-605.89,-231.33,-606.00,-232.32,-606.72,-232.53,-607.46,-232.23,-606.01,-231.21,-606.06,-232.14,-606.81,-232.41,-607.53,-232.13,-606.26,-231.08,-606.32,-231.75,-606.86,-231.99,-607.34,-231.77
ND_sTzu9qhgRRc_frame001751_l.jpg,0,-312.38,-544.43,-311.88,-543.95,-311.66,-543.58,-311.60,-543.19,-311.49,-542.68,-311.78,-543.92,-311.63,-543.53,-311.61,-543.11,-311.60,-542.62,-312.23,-544.04,-312.29,-543.57,-312.33,-543.11,-312.36,-542.60,-312.73,-544.12,-312.82,-543.73,-312.89,-543.26,-312.92,-542.75,-313.11,-544.11,-313.30,-543.94,-313.41,-543.64,-313.42,-543.27
ND_sZV7Q2bjDMU_frame000901_l.jpg,0,-375.18,-146.15,-375.47,-146.51,-375.83,-146.76,-376.18,-146.91,-376.62,-147.08,-375.72,-147.32,-376.17,-147.44,-376.45,-147.29,-376.71,-147.06,-375.76,-147.29,-376.15,-147.09,-376.30,-146.83,-376.20,-146.61,-375.76,-146.99,-376.11,-146.86,-376.10,-146.59,-375.84,-146.54,-375.79,-146.72,-376.03,-146.67,-375.97,-146.49,-375.73,-146.45
ND_s_DkNwBzIJY_frame003301_l.jpg,0,1209.37,-128.24,1209.27,-128.17,1209.19,-128.04,1209.08,-127.87,1208.97,-127.64,1208.78,-127.80,1208.63,-127.52,1208.67,-127.31,1208.70,-127.08,1208.75,-127.63,1208.78,-127.35,1208.91,-127.19,1209.05,-127.04,1208.90,-127.56,1208.98,-127.36,1209.15,-127.23,1209.33,-127.17,1209.06,-127.52,1209.16,-127.43,1209.29,-127.37,1209.43,-127.31
ND_sb4n2c60zCM_frame000301_l.jpg,0,-10.89,187.33,-10.96,187.34,-11.02,187.35,-11.07,187.33,-11.13,187.30,-11.05,187.25,-11.12,187.24,-11.16,187.25,-11.19,187.28,-11.05,187.22,-11.11,187.22,-11.14,187.24,-11.17,187.29,-11.01,187.22,-11.07,187.23,-11.11,187.25,-11.13,187.30,-10.99,187.24,-11.03,187.24,-11.07,187.26,-11.08,187.29
ND_sfldKq57pNo_frame005084_l.jpg,0,806.70,449.96,806.67,449.96,806.63,449.97,806.56,449.99,806.45,450.01,806.45,449.85,806.34,449.78,806.27,449.76,806.18,449.77,806.38,449.86,806.28,449.78,806.19,449.77,806.09,449.77,806.38,449.91,806.27,449.87,806.18,449.87,806.09,449.88,806.39,449.97,806.30,449.96,806.23,449.97,806.16,449.97
ND_sg5AC-oKIuw_frame000301_l.jpg,0,6.46,200.86,6.63,200.60,6.78,200.40,6.94,200.27,7.21,200.24,6.93,200.55,7.17,200.42,7.17,200.39,7.07,200.43,7.00,200.74,7.19,200.65,7.12,200.63,6.98,200.63,6.99,200.94,7.17,200.84,7.10,200.81,6.95,200.83,6.99,201.08,7.10,200.98,7.04,200.95,6.93,200.94
ND_sg5AC-oKIuw_frame000601_l.jpg,0,99.63,126.19,99.79,125.94,99.95,125.76,100.12,125.65,100.34,125.54,99.92,125.65,100.12,125.55,100.29,125.51,100.47,125.46,99.94,125.76,100.17,125.67,100.34,125.62,100.47,125.59,99.94,125.97,100.11,125.84,100.28,125.77,100.38,125.74,99.95,126.14,100.08,126.06,100.17,126.02,100.13,126.02
ND_siSZfZUKP-g_frame005751_r.jpg,0,539.10,-53.22,539.12,-53.31,539.15,-53.37,539.23,-53.40,539.32,-53.36,539.33,-53.41,539.42,-53.39,539.45,-53.35,539.46,-53.32,539.40,-53.35,539.47,-53.34,539.49,-53.30,539.49,-53.27,539.40,-53.26,539.48,-53.28,539.50,-53.25,539.50,-53.24,539.39,-53.19,539.45,-53.18,539.48,-53.17,539.48,-53.18
ND_siSZfZUKP-g_frame008501_r.jpg,0,669.73,222.42,669.69,222.42,669.66,222.41,669.63,222.39,669.59,222.40,669.65,222.36,669.61,222.34,669.59,222.33,669.56,222.34,669.65,222.34,669.62,222.32,669.59,222.31,669.56,222.31,669.66,222.35,669.63,222.34,669.60,222.34,669.57,222.34,669.67,222.35,669.65,222.35,669.62,222.35,669.60,222.35
ND_siSZfZUKP-g_frame009751_r.jpg,0,373.51,-154.87,373.34,-154.77,373.25,-154.64,373.18,-154.51,373.08,-154.35,373.34,-154.49,373.33,-154.37,373.32,-154.29,373.33,-154.18,373.43,-154.50,373.42,-154.37,373.41,-154.28,373.42,-154.15,373.52,-154.60,373.49,-154.48,373.48,-154.37,373.48,-154.25,373.57,-154.70,373.57,-154.61,373.57,-154.53,373.58,-154.42
ND_srBCM3Nwi4Q_frame001197_r.jpg,0,-92.77,-412.76,-92.36,-412.49,-91.98,-412.51,-91.67,-412.52,-91.22,-412.50,-92.09,-412.61,-91.83,-412.81,-91.61,-412.96,-91.35,-413.08,-92.16,-412.93,-91.89,-413.20,-91.65,-413.39,-91.39,-413.59,-92.27,-413.22,-91.96,-413.33,-91.70,-413.48,-91.45,-413.60,-92.33,-413.43,-92.07,-413.40,-91.83,-413.37,-91.57,-413.41
ND_srBCM3Nwi4Q_frame003589_l.jpg,0,-47.10,300.70,-47.26,300.43,-47.47,300.29,-47.63,300.16,-47.76,300.05,-47.08,300.01,-47.11,299.81,-47.23,299.77,-47.38,299.81,-46.97,300.07,-47.11,299.96,-47.24,299.93,-47.43,299.94,-46.93,300.25,-47.04,300.10,-47.17,300.05,-47.35,300.06,-46.93,300.41,-47.01,300.29,-47.12,300.22,-47.26,300.20
ND_st090C5cO_E_frame004486_r.jpg,0,1238.89,95.50,1238.90,95.60,1238.93,95.69,1238.97,95.77,1239.02,95.86,1239.08,95.68,1239.10,95.78,1239.03,95.79,1238.95,95.79,1239.13,95.67,1239.14,95.77,1239.07,95.78,1238.99,95.78,1239.12,95.64,1239.14,95.73,1239.08,95.77,1239.00,95.78,1239.10,95.62,1239.11,95.69,1239.08,95.74,1239.02,95.75
ND_st090C5cO_E_frame012260_r.jpg,0,723.30,232.49,723.09,232.32,722.89,232.23,722.70,232.21,722.46,232.25,722.68,232.50,722.46,232.56,722.33,232.52,722.30,232.42,722.66,232.67,722.47,232.61,722.41,232.49,722.46,232.33,722.75,232.77,722.58,232.67,722.53,232.54,722.53,232.38,722.84,232.83,722.72,232.73,722.67,232.61,722.63,232.48
ND_t0to0I4MgNg_frame008387_l.jpg,0,1057.82,-169.96,1058.10,-170.39,1058.60,-170.60,1059.10,-170.68,1059.62,-170.67,1059.24,-170.80,1059.86,-170.80,1060.07,-170.72,1060.10,-170.70,1059.51,-170.50,1060.08,-170.46,1060.07,-170.34,1059.85,-170.30,1059.44,-170.03,1059.95,-170.14,1059.96,-170.05,1059.71,-170.00,1059.33,-169.64,1059.69,-169.75,1059.75,-169.74,1059.60,-169.74
ND_t7q5x1TrXN4_frame000601_l.jpg,0,-329.30,339.67,-329.46,339.23,-329.76,339.05,-330.02,339.00,-330.33,338.97,-329.66,339.07,-329.96,339.10,-330.24,339.11,-330.54,339.11,-329.75,339.34,-330.15,339.33,-330.43,339.34,-330.75,339.30,-329.83,339.65,-330.17,339.55,-330.47,339.52,-330.78,339.45,-329.91,339.87,-330.13,339.73,-330.34,339.64,-330.63,339.50
ND_tAYHKWSGD3k_frame000718_r.jpg,0,410.75,56.94,410.71,57.23,410.62,57.39,410.56,57.51,410.58,57.57,411.07,57.57,410.93,57.67,410.78,57.67,410.61,57.68,411.17,57.51,410.97,57.59,410.81,57.60,410.61,57.62,411.13,57.36,410.97,57.49,410.79,57.53,410.60,57.56,411.07,57.24,410.95,57.35,410.83,57.43,410.67,57.48
ND_tAYHKWSGD3k_frame006693_r.jpg,0,531.36,503.89,531.36,504.06,531.46,504.14,531.55,504.14,531.70,504.11,531.28,504.09,531.32,504.14,531.38,504.17,531.44,504.20,531.31,504.00,531.39,504.03,531.50,504.07,531.61,504.12,531.37,503.89,531.45,503.94,531.56,503.97,531.65,504.04,531.44,503.82,531.51,503.84,531.59,503.86,531.68,503.92
ND_tAYHKWSGD3k_frame008605_r.jpg,0,1130.80,502.03,1130.89,502.16,1130.92,502.31,1130.95,502.43,1130.97,502.60,1131.15,502.30,1131.21,502.44,1131.12,502.50,1131.03,502.47,1131.15,502.32,1131.19,502.46,1131.10,502.53,1131.00,502.53,1131.05,502.30,1131.11,502.43,1131.04,502.53,1130.96,502.55,1130.96,502.29,1130.96,502.39,1130.93,502.47,1130.89,502.57
ND_tAYHKWSGD3k_frame010995_r.jpg,0,-305.19,-3.31,-305.65,-3.05,-306.11,-2.68,-306.44,-2.32,-306.78,-2.06,-306.88,-3.08,-307.49,-3.18,-307.83,-2.97,-308.09,-2.57,-306.97,-3.06,-307.29,-2.59,-306.93,-2.34,-306.60,-2.52,-306.68,-2.97,-306.85,-2.45,-306.43,-2.28,-306.22,-2.63,-306.40,-2.83,-306.55,-2.50,-306.31,-2.33,-306.08,-2.50
ND_tAYHKWSGD3k_frame013385_r.jpg,0,375.40,172.41,375.32,172.51,375.30,172.59,375.32,172.57,375.39,172.54,375.11,172.38,375.16,172.42,375.23,172.47,375.32,172.54,375.13,172.26,375.20,172.31,375.27,172.37,375.34,172.44,375.22,172.18,375.25,172.21,375.32,172.27,375.39,172.34,375.32,172.14,375.38,172.16,375.45,172.20,375.50,172.29
ND_tJqoIT44ykY_frame003290_l.jpg,0,-142.05,-522.09,-142.23,-522.22,-142.45,-522.10,-142.66,-521.93,-142.84,-521.73,-142.98,-522.50,-143.39,-522.57,-143.64,-522.48,-143.89,-522.32,-143.16,-522.38,-143.50,-522.21,-143.68,-522.01,-143.87,-521.83,-143.11,-522.14,-143.39,-522.01,-143.59,-521.82,-143.76,-521.71,-143.04,-521.91,-143.23,-521.81,-143.39,-521.68,-143.56,-521.58
ND_tQ_sCECKhPI_frame001001_r.jpg,0,98.05,-536.62,98.43,-536.34,98.96,-536.21,99.44,-536.19,99.99,-536.40,99.25,-536.96,99.82,-536.91,99.95,-536.64,99.85,-536.27,99.41,-537.27,99.73,-536.85,99.71,-536.50,99.40,-536.19,99.36,-537.36,99.61,-536.91,99.49,-536.51,99.13,-536.30,99.32,-537.34,99.50,-537.02,99.38,-536.70,99.09,-536.60
ND_tRpJ9tsrDUY_frame000501_l.jpg,0,-333.29,285.79,-333.88,285.41,-334.44,285.23,-334.93,285.18,-335.37,285.08,-334.23,284.41,-334.81,284.29,-335.18,284.45,-335.57,284.71,-334.11,284.45,-334.64,284.48,-335.00,284.73,-335.32,285.07,-333.92,284.82,-334.42,284.77,-334.81,285.02,-335.12,285.30,-333.82,285.18,-334.21,285.18,-334.55,285.29,-334.93,285.41
ND_tTWxMP8QFXM_frame001501_r.jpg,0,685.37,512.82,685.29,512.71,685.24,512.63,685.18,512.56,685.10,512.46,685.13,512.72,685.12,512.68,685.14,512.63,685.17,512.56,685.16,512.77,685.14,512.73,685.16,512.66,685.18,512.57,685.24,512.82,685.19,512.77,685.18,512.70,685.17,512.61,685.31,512.85,685.27,512.80,685.23,512.75,685.19,512.69
ND_tYW5qbhTzOA_frame013456_r.jpg,0,392.29,290.51,392.36,290.57,392.38,290.66,392.36,290.73,392.37,290.77,392.28,290.63,392.31,290.74,392.34,290.79,392.36,290.79,392.19,290.64,392.23,290.74,392.26,290.80,392.27,290.83,392.13,290.64,392.15,290.74,392.18,290.81,392.19,290.83,392.10,290.65,392.10,290.73,392.12,290.78,392.16,290.80
ND_tYW5qbhTzOA_frame025416_r.jpg,0,-495.20,-395.86,-494.67,-395.49,-494.31,-395.20,-494.20,-394.68,-494.12,-394.03,-495.08,-394.97,-495.09,-394.31,-495.02,-393.84,-494.93,-393.36,-495.60,-394.83,-495.63,-394.15,-495.53,-393.68,-495.35,-393.26,-495.98,-394.79,-495.97,-394.19,-495.85,-393.70,-495.66,-393.36,-496.20,-394.73,-496.25,-394.30,-496.17,-393.90,-495.95,-393.58
ND_tYW5qbhTzOA_frame034685_l.jpg,0,669.71,389.64,669.78,389.65,669.83,389.66,669.85,389.68,669.90,389.66,669.71,389.63,669.68,389.63,669.66,389.63,669.63,389.64,669.64,389.65,669.59,389.66,669.55,389.66,669.51,389.67,669.59,389.69,669.55,389.69,669.50,389.69,669.46,389.69,669.57,389.73,669.52,389.73,669.48,389.74,669.45,389.74
ND_tZUElxm2gCo_frame009001_l.jpg,0,668.69,175.37,668.75,175.52,668.73,175.67,668.65,175.77,668.55,175.86,668.57,175.67,668.48,175.80,668.52,175.84,668.57,175.80,668.45,175.65,668.41,175.79,668.46,175.81,668.51,175.76,668.39,175.59,668.37,175.73,668.42,175.76,668.45,175.73,668.36,175.55,668.31,175.63,668.33,175.68,668.39,175.67
ND_tZUElxm2gCo_frame009251_r.jpg,0,794.94,276.92,795.01,276.98,795.05,277.02,795.08,277.07,795.07,277.08,794.93,277.14,794.97,277.13,794.99,277.08,795.03,277.04,794.85,277.13,794.88,277.14,794.91,277.10,794.94,277.05,794.80,277.07,794.80,277.10,794.83,277.07,794.86,277.04,794.76,277.01,794.71,277.03,794.68,277.03,794.67,277.04
ND_tb6iS8wZRH4_frame001501_r.jpg,0,89.70,-111.83,89.69,-111.71,89.66,-111.63,89.60,-111.60,89.55,-111.57,89.62,-111.74,89.55,-111.74,89.46,-111.72,89.38,-111.68,89.56,-111.82,89.46,-111.81,89.37,-111.78,89.28,-111.73,89.51,-111.89,89.42,-111.87,89.33,-111.83,89.25,-111.77,89.48,-111.92,89.40,-111.91,89.34,-111.87,89.28,-111.82
ND_tb6iS8wZRH4_frame019751_l.jpg,0,290.95,97.84,290.99,97.82,291.04,97.82,291.08,97.84,291.11,97.84,291.04,97.92,291.11,97.94,291.14,97.92,291.15,97.88,291.05,97.96,291.11,97.95,291.13,97.92,291.13,97.88,291.04,97.97,291.10,97.95,291.12,97.92,291.12,97.90,291.04,97.97,291.08,97.95,291.10,97.93,291.08,97.91
ND_tdL1Ux_b-xw_frame001197_r.jpg,0,662.28,130.10,662.70,129.95,663.06,129.52,663.38,129.11,663.76,128.55,662.50,128.94,662.94,128.51,663.32,128.41,663.74,128.37,662.31,128.60,662.79,128.26,663.18,128.20,663.63,128.20,662.23,128.54,662.70,128.27,663.15,128.19,663.63,128.14,662.25,128.54,662.60,128.41,662.95,128.33,663.38,128.28
ND_tqKhS7CmSgM_frame000601_l.jpg,0,-204.84,241.70,-205.01,241.39,-205.22,241.16,-205.47,241.03,-205.77,240.89,-205.11,240.80,-205.43,240.70,-205.61,240.82,-205.71,241.03,-205.14,240.84,-205.47,240.89,-205.64,241.03,-205.68,241.22,-205.18,241.07,-205.47,241.05,-205.60,241.19,-205.50,241.32,-205.23,241.27,-205.44,241.24,-205.49,241.33,-205.37,241.41
ND_tqvx3nsNngk_frame005401_l.jpg,0,587.00,-8.60,587.08,-8.71,587.19,-8.74,587.28,-8.77,587.38,-8.85,587.12,-8.80,587.14,-8.84,587.16,-8.86,587.17,-8.89,587.10,-8.73,587.17,-8.73,587.22,-8.73,587.26,-8.73,587.09,-8.64,587.18,-8.63,587.24,-8.60,587.31,-8.58,587.09,-8.56,587.17,-8.56,587.23,-8.54,587.31,-8.53
ND_tqvx3nsNngk_frame006001_r.jpg,0,-51.75,-567.86,-51.61,-567.54,-51.68,-567.17,-51.67,-566.84,-51.63,-566.46,-50.83,-567.45,-50.42,-567.43,-50.21,-567.28,-50.00,-567.06,-50.66,-567.53,-50.27,-567.46,-50.11,-567.24,-49.98,-566.95,-50.72,-567.60,-50.38,-567.48,-50.21,-567.24,-50.06,-566.97,-50.82,-567.63,-50.59,-567.51,-50.44,-567.34,-50.23,-567.15
ND_tqvx3nsNngk_frame007801_l.jpg,0,307.19,45.60,307.46,45.40,307.72,45.37,307.94,45.37,308.20,45.33,307.57,45.31,307.60,45.15,307.68,45.08,307.81,45.02,307.50,45.50,307.59,45.50,307.76,45.56,307.98,45.63,307.42,45.73,307.55,45.77,307.72,45.85,307.93,45.91,307.39,45.91,307.52,46.02,307.66,46.13,307.81,46.22
ND_tqvx3nsNngk_frame014101_l.jpg,0,775.38,443.37,775.44,443.34,775.45,443.39,775.46,443.45,775.47,443.49,775.34,443.38,775.37,443.46,775.43,443.49,775.49,443.51,775.28,443.44,775.34,443.51,775.41,443.53,775.48,443.54,775.27,443.49,775.33,443.55,775.40,443.57,775.46,443.56,775.27,443.53,775.32,443.56,775.38,443.58,775.43,443.57
ND_tqvx3nsNngk_frame018001_r.jpg,0,382.03,226.36,381.99,226.46,381.99,226.54,381.96,226.56,381.94,226.57,382.07,226.40,382.02,226.40,381.93,226.41,381.83,226.43,382.09,226.29,382.01,226.29,381.92,226.32,381.82,226.37,382.06,226.20,382.04,226.18,381.94,226.20,381.85,226.26,382.02,226.14,382.03,226.09,381.98,226.07,381.92,226.08
ND_tuBEc4Vocrc_frame000501_l.jpg,0,327.31,-225.75,327.68,-225.62,327.90,-225.38,328.01,-225.10,328.02,-224.82,327.66,-225.45,327.74,-225.09,327.83,-224.87,327.88,-224.70,327.40,-225.36,327.53,-225.02,327.62,-224.98,327.59,-225.08,327.15,-225.28,327.34,-225.01,327.43,-225.01,327.36,-225.14,326.99,-225.20,327.17,-225.04,327.23,-225.05,327.19,-225.16
ND_tyqD_vf0dNA_frame011662_l.jpg,0,384.20,288.77,384.17,288.61,384.13,288.47,384.08,288.37,384.00,288.23,384.35,288.68,384.39,288.69,384.47,288.65,384.59,288.55,384.49,288.76,384.66,288.78,384.79,288.71,384.90,288.59,384.58,288.81,384.73,288.80,384.85,288.71,384.92,288.56,384.64,288.81,384.76,288.79,384.86,288.72,384.88,288.61
ND_tzAXBXvj0DM_frame000300_l.jpg,0,-30.52,-21.25,-30.25,-21.27,-30.09,-21.41,-30.00,-21.59,-30.05,-21.83,-29.87,-21.42,-29.64,-21.50,-29.54,-21.62,-29.47,-21.78,-29.93,-21.53,-29.80,-21.70,-29.73,-21.86,-29.66,-22.02,-30.10,-21.63,-30.02,-21.82,-30.00,-21.99,-29.99,-22.15,-30.25,-21.70,-30.18,-21.83,-30.14,-21.94,-30.07,-22.08
ND_tzAXBXvj0DM_frame000599_r.jpg,0,57.03,-36.67,57.18,-36.60,57.32,-36.58,57.46,-36.59,57.59,-36.53,57.37,-36.81,57.54,-36.76,57.62,-36.69,57.74,-36.63,57.38,-36.93,57.55,-36.88,57.66,-36.83,57.79,-36.78,57.35,-36.98,57.46,-37.06,57.59,-37.07,57.70,-37.00,57.33,-37.00,57.44,-37.03,57.49,-36.95,57.47,-36.85
ND_u0YnpZTJzOY_frame004751_l.jpg,0,283.79,-267.01,284.16,-267.20,284.48,-267.18,284.75,-267.12,285.09,-266.95,284.49,-267.24,284.81,-267.11,284.91,-267.00,284.98,-266.92,284.42,-267.03,284.72,-266.86,284.71,-266.87,284.58,-266.96,284.27,-266.78,284.57,-266.71,284.55,-266.72,284.40,-266.83,284.18,-266.59,284.39,-266.58,284.38,-266.63,284.27,-266.72
ND_u0YnpZTJzOY_frame006251_l.jpg,0,662.50,223.69,662.53,223.49,662.65,223.41,662.77,223.37,662.93,223.32,662.63,223.41,662.78,223.36,662.89,223.33,662.98,223.30,662.70,223.51,662.86,223.45,662.98,223.40,663.10,223.35,662.76,223.64,662.89,223.55,663.00,223.49,663.10,223.42,662.80,223.72,662.90,223.68,662.98,223.62,663.04,223.55
ND_u0YnpZTJzOY_frame008751_r.jpg,0,-21.87,-177.32,-21.95,-177.20,-21.99,-177.17,-22.02,-177.22,-22.05,-177.33,-21.93,-177.07,-22.02,-177.08,-22.07,-177.13,-22.10,-177.18,-21.92,-177.12,-22.03,-177.13,-22.08,-177.14,-22.11,-177.15,-21.91,-177.22,-22.00,-177.19,-22.06,-177.19,-22.09,-177.19,-21.92,-177.29,-21.98,-177.26,-22.00,-177.26,-22.01,-177.25
ND_u0YnpZTJzOY_frame009751_l.jpg,0,509.37,53.77,509.61,53.75,509.76,53.75,509.89,53.73,510.07,53.76,509.73,53.55,509.88,53.62,509.92,53.76,509.97,53.91,509.61,53.56,509.74,53.70,509.75,53.81,509.73,53.85,509.47,53.66,509.61,53.77,509.63,53.86,509.59,53.84,509.37,53.76,509.48,53.84,509.49,53.88,509.46,53.86
ND_u0YnpZTJzOY_frame013001_r.jpg,0,507.73,131.28,507.73,131.22,507.71,131.14,507.71,131.06,507.71,130.97,507.77,131.05,507.76,130.97,507.71,130.95,507.65,130.97,507.76,131.03,507.70,130.98,507.67,131.02,507.70,131.07,507.73,131.06,507.68,131.04,507.66,131.09,507.70,131.14,507.70,131.08,507.67,131.10,507.68,131.14,507.71,131.18
ND_u0YnpZTJzOY_frame014001_r.jpg,0,366.85,286.62,366.83,286.65,366.85,286.67,366.92,286.64,367.02,286.52,367.08,286.59,367.14,286.53,367.03,286.52,366.96,286.56,367.14,286.49,367.05,286.43,366.96,286.47,366.92,286.53,367.13,286.41,367.08,286.36,366.96,286.41,366.90,286.48,367.09,286.34,367.12,286.30,367.05,286.31,366.96,286.36
ND_uBFU0GrLk2E_frame004187_l.jpg,0,468.49,0.42,468.53,0.01,468.68,-0.31,468.91,-0.58,469.03,-0.95,469.29,-0.22,469.39,-0.64,469.26,-0.85,469.05,-0.99,469.53,-0.13,469.53,-0.53,469.33,-0.72,469.07,-0.84,469.53,-0.00,469.62,-0.37,469.45,-0.60,469.21,-0.72,469.47,0.07,469.71,-0.05,469.76,-0.29,469.69,-0.50
ND_uJ_tHcUMMf4_frame006878_l.jpg,0,291.78,463.98,292.33,463.77,292.79,463.78,293.17,463.90,293.61,464.05,292.89,463.73,293.24,464.09,293.27,464.17,293.11,464.06,292.79,464.01,293.09,464.35,293.00,464.31,292.86,464.17,292.54,464.33,292.90,464.49,292.85,464.48,292.75,464.40,292.36,464.59,292.65,464.61,292.65,464.60,292.54,464.55
ND_uJiHUn1WvD4_frame010466_l.jpg,0,494.09,23.46,494.38,23.26,494.51,23.22,494.61,23.21,494.83,23.24,494.33,22.73,494.46,22.50,494.60,22.45,494.75,22.40,494.15,22.73,494.17,22.46,494.30,22.39,494.49,22.37,494.00,22.90,494.11,22.80,494.26,22.87,494.46,22.97,493.91,23.08,494.09,23.15,494.22,23.27,494.43,23.42
ND_uJiHUn1WvD4_frame022725_r.jpg,0,445.67,384.50,445.65,384.52,445.64,384.54,445.63,384.55,445.63,384.53,445.60,384.51,445.61,384.52,445.63,384.53,445.65,384.53,445.60,384.49,445.62,384.50,445.63,384.51,445.65,384.51,445.62,384.47,445.63,384.48,445.64,384.48,445.66,384.49,445.63,384.46,445.64,384.46,445.65,384.46,445.67,384.47
ND_uJiHUn1WvD4_frame024519_l.jpg,0,887.07,447.64,887.12,447.64,887.16,447.64,887.20,447.65,887.22,447.68,887.19,447.62,887.23,447.65,887.23,447.68,887.22,447.71,887.18,447.63,887.21,447.66,887.22,447.70,887.22,447.73,887.15,447.65,887.19,447.67,887.20,447.71,887.20,447.74,887.13,447.67,887.15,447.67,887.17,447.69,887.18,447.71
ND_uVAqgqQY7UM_frame000898_r.jpg,0,-168.08,311.84,-168.30,311.74,-168.49,311.73,-168.65,311.79,-168.86,311.86,-168.62,311.88,-168.79,311.98,-168.86,312.04,-168.93,312.08,-168.60,312.03,-168.71,312.12,-168.72,312.14,-168.74,312.12,-168.48,312.14,-168.63,312.20,-168.68,312.22,-168.72,312.17,-168.39,312.22,-168.50,312.30,-168.58,312.34,-168.65,312.33
ND_uVTdzTCsvTQ_frame006579_r.jpg,0,314.90,-138.40,314.66,-138.41,314.60,-138.37,314.54,-138.30,314.41,-138.36,314.48,-138.04,314.40,-137.93,314.42,-138.04,314.46,-138.20,314.60,-137.93,314.55,-137.93,314.57,-138.09,314.59,-138.25,314.78,-137.94,314.69,-137.89,314.68,-138.05,314.70,-138.22,314.92,-137.98,314.85,-137.94,314.79,-138.02,314.74,-138.15
ND_uVTdzTCsvTQ_frame008074_r.jpg,0,276.65,-156.11,276.61,-156.03,276.48,-155.85,276.39,-155.66,276.23,-155.44,276.75,-155.57,276.58,-155.38,276.41,-155.36,276.23,-155.33,276.74,-155.44,276.56,-155.29,276.39,-155.28,276.20,-155.32,276.67,-155.45,276.54,-155.30,276.35,-155.29,276.21,-155.38,276.58,-155.48,276.50,-155.36,276.38,-155.32,276.24,-155.36
ND_uVTdzTCsvTQ_frame020632_r.jpg,0,547.73,302.99,547.74,302.95,547.75,302.93,547.77,302.93,547.80,302.94,547.74,302.95,547.76,302.95,547.78,302.94,547.82,302.94,547.74,302.98,547.78,302.98,547.81,302.98,547.84,302.97,547.76,303.01,547.78,303.01,547.82,303.00,547.85,303.00,547.77,303.03,547.79,303.03,547.81,303.02,547.84,303.02
ND_uVTdzTCsvTQ_frame020931_r.jpg,0,554.91,296.32,554.87,296.27,554.84,296.26,554.80,296.25,554.74,296.25,554.80,296.26,554.75,296.24,554.72,296.24,554.69,296.25,554.79,296.29,554.74,296.30,554.71,296.31,554.67,296.32,554.80,296.33,554.75,296.34,554.72,296.35,554.68,296.36,554.80,296.36,554.78,296.37,554.75,296.39,554.72,296.40
ND_uVTdzTCsvTQ_frame022127_r.jpg,0,576.54,290.80,576.57,290.76,576.61,290.75,576.65,290.76,576.71,290.78,576.59,290.81,576.62,290.83,576.66,290.84,576.70,290.84,576.59,290.85,576.65,290.87,576.69,290.87,576.73,290.85,576.60,290.88,576.65,290.89,576.70,290.89,576.74,290.89,576.61,290.90,576.65,290.91,576.68,290.91,576.72,290.90
ND_uVTdzTCsvTQ_frame023024_l.jpg,0,619.21,292.27,619.25,292.23,619.29,292.21,619.34,292.21,619.37,292.20,619.28,292.27,619.33,292.29,619.37,292.29,619.40,292.27,619.29,292.32,619.34,292.32,619.38,292.31,619.41,292.29,619.29,292.35,619.34,292.35,619.37,292.33,619.40,292.32,619.29,292.37,619.33,292.36,619.36,292.35,619.37,292.34
ND_uZmDSPcAhdQ_frame002101_l.jpg,0,491.23,-70.37,491.47,-70.29,491.66,-70.25,491.82,-70.19,491.83,-70.08,491.54,-69.88,491.72,-69.81,491.83,-69.82,491.91,-69.85,491.42,-69.79,491.58,-69.81,491.68,-69.88,491.73,-69.96,491.28,-69.83,491.44,-69.82,491.50,-69.91,491.49,-70.02,491.20,-69.88,491.29,-69.86,491.33,-69.94,491.35,-70.05
ND_uZmDSPcAhdQ_frame003301_r.jpg,0,343.87,-112.47,343.77,-112.40,343.69,-112.26,343.63,-112.13,343.55,-111.95,343.85,-112.11,343.74,-111.97,343.65,-111.89,343.54,-111.81,343.90,-112.02,343.78,-111.91,343.67,-111.88,343.55,-111.93,343.91,-112.02,343.77,-111.96,343.65,-111.98,343.57,-112.08,343.90,-112.03,343.79,-112.05,343.69,-112.08,343.55,-112.11
ND_uZmDSPcAhdQ_frame004201_r.jpg,0,409.15,-92.82,408.99,-92.76,408.87,-92.64,408.82,-92.50,408.83,-92.31,409.00,-92.46,408.93,-92.29,408.85,-92.23,408.75,-92.22,409.08,-92.37,408.99,-92.23,408.90,-92.18,408.78,-92.21,409.15,-92.37,409.04,-92.26,408.94,-92.19,408.81,-92.20,409.18,-92.38,409.09,-92.32,409.01,-92.25,408.92,-92.22
ND_uZmDSPcAhdQ_frame007501_l.jpg,0,998.68,-112.02,998.80,-111.81,998.87,-111.63,998.88,-111.46,998.88,-111.25,998.61,-111.46,998.76,-111.39,998.85,-111.49,998.84,-111.59,998.49,-111.46,998.66,-111.46,998.76,-111.55,998.78,-111.67,998.43,-111.57,998.59,-111.51,998.69,-111.60,998.65,-111.72,998.42,-111.66,998.53,-111.59,998.61,-111.63,998.64,-111.74
ND_ualAchumHu4_frame000901_l.jpg,0,976.28,187.45,976.39,187.01,976.40,186.78,976.39,186.58,976.54,186.44,975.80,186.48,975.56,186.22,975.66,186.18,975.88,186.21,975.54,186.63,975.61,186.47,975.84,186.47,976.14,186.50,975.47,186.96,975.30,186.71,975.37,186.61,975.57,186.56,975.48,187.22,975.25,187.12,975.13,187.00,975.13,186.86
ND_ualAchumHu4_frame012601_l.jpg,0,218.47,-647.54,218.39,-647.86,218.27,-648.06,218.02,-648.17,217.74,-648.23,217.42,-648.50,216.90,-648.47,216.76,-648.19,216.72,-647.82,217.07,-648.34,216.62,-648.19,216.50,-647.89,216.49,-647.57,217.01,-647.94,216.54,-647.91,216.20,-647.74,215.92,-647.57,217.01,-647.58,216.65,-647.51,216.36,-647.38,216.03,-647.25
ND_uc6rpZ4Mg3Y_frame001251_r.jpg,0,36.59,57.28,36.48,56.78,36.57,56.38,36.77,56.07,37.08,55.79,37.12,56.20,37.35,55.82,37.50,55.55,37.65,55.25,37.41,56.30,37.37,56.03,37.16,56.07,36.87,56.18,37.50,56.57,37.43,56.22,37.22,56.19,36.99,56.31,37.51,56.76,37.52,56.48,37.41,56.34,37.20,56.35
ND_uuVwMN8pH6E_frame000251_r.jpg,0,-165.71,-49.79,-165.63,-49.51,-165.79,-49.34,-165.94,-49.20,-166.09,-48.99,-165.63,-49.27,-165.78,-49.13,-165.93,-49.05,-166.04,-49.03,-165.76,-49.35,-165.89,-49.16,-166.03,-49.05,-166.14,-48.98,-165.92,-49.48,-166.02,-49.28,-166.13,-49.13,-166.24,-48.96,-166.04,-49.58,-166.10,-49.43,-166.17,-49.30,-166.25,-49.12
ND_v03sbLQy91o_frame011101_r.jpg,0,437.44,-220.52,437.24,-220.63,437.23,-220.86,437.05,-220.89,436.89,-220.63,436.68,-220.77,436.49,-220.55,436.63,-220.42,436.85,-220.45,436.61,-220.65,436.45,-220.42,436.57,-220.28,436.76,-220.32,436.70,-220.46,436.53,-220.27,436.65,-220.16,436.83,-220.23,436.79,-220.30,436.67,-220.16,436.79,-220.11,436.93,-220.19
ND_v0NASovhA2A_frame002101_l.jpg,0,-350.67,-629.01,-350.57,-628.88,-350.43,-628.68,-350.22,-628.52,-350.02,-628.22,-349.92,-628.88,-349.58,-628.86,-349.36,-628.79,-349.10,-628.72,-349.76,-628.86,-349.43,-628.81,-349.20,-628.71,-348.94,-628.64,-349.79,-628.80,-349.50,-628.78,-349.25,-628.70,-349.00,-628.65,-349.87,-628.72,-349.66,-628.65,-349.47,-628.58,-349.23,-628.55
ND_v0NASovhA2A_frame005101_r.jpg,0,192.52,-566.69,192.95,-566.46,193.39,-566.23,193.80,-566.11,194.28,-566.21,193.63,-567.10,194.10,-567.35,194.44,-567.37,194.80,-567.27,193.70,-567.43,194.18,-567.58,194.53,-567.48,194.80,-567.18,193.59,-567.54,194.01,-567.60,194.41,-567.54,194.70,-567.28,193.51,-567.55,193.83,-567.56,194.12,-567.54,194.41,-567.40
ND_v7F5bq-Rtog_frame015601_r.jpg,0,-104.65,-346.47,-105.12,-346.10,-105.46,-345.90,-105.74,-345.75,-105.95,-345.48,-105.82,-346.40,-106.04,-346.22,-105.90,-345.96,-105.65,-345.71,-105.66,-346.65,-105.74,-346.37,-105.53,-346.08,-105.29,-345.81,-105.26,-346.77,-105.44,-346.51,-105.25,-346.17,-105.06,-345.89,-104.92,-346.80,-105.07,-346.61,-104.95,-346.33,-104.80,-346.14
ND_vB2MAjpebno_frame000241_l.jpg,0,784.01,451.53,784.08,451.58,784.13,451.61,784.13,451.67,784.14,451.72,784.09,451.70,784.10,451.77,784.10,451.77,784.09,451.75,784.04,451.73,784.04,451.79,784.04,451.77,784.04,451.75,783.99,451.71,783.98,451.77,783.99,451.78,783.99,451.76,783.95,451.70,783.94,451.74,783.94,451.75,783.94,451.75
ND_vDKXqlWiH1Q_frame000240_r.jpg,0,-47.12,194.97,-47.08,195.30,-47.20,195.52,-47.40,195.60,-47.73,195.63,-47.29,195.35,-47.52,195.51,-47.71,195.63,-47.92,195.76,-47.49,195.19,-47.70,195.42,-47.69,195.49,-47.51,195.43,-47.64,195.04,-47.76,195.31,-47.68,195.38,-47.48,195.30,-47.75,194.96,-47.77,195.17,-47.71,195.27,-47.59,195.23
ND_vDKXqlWiH1Q_frame000718_l.jpg,0,25.99,-158.54,25.85,-158.61,25.71,-158.59,25.65,-158.54,25.55,-158.50,25.90,-158.24,25.96,-158.15,26.03,-158.13,26.12,-158.11,26.09,-158.13,26.24,-158.03,26.38,-158.00,26.52,-158.00,26.27,-158.15,26.42,-158.09,26.59,-158.14,26.69,-158.28,26.41,-158.21,26.54,-158.17,26.66,-158.22,26.71,-158.33
ND_vDKXqlWiH1Q_frame010517_r.jpg,0,622.08,365.99,622.19,365.92,622.30,365.89,622.38,365.92,622.44,366.02,622.39,365.90,622.49,365.96,622.48,366.00,622.45,366.02,622.41,365.98,622.49,366.04,622.46,366.08,622.43,366.10,622.36,366.07,622.45,366.09,622.43,366.12,622.40,366.13,622.32,366.14,622.39,366.16,622.43,366.18,622.44,366.18
ND_vF0CXcVNX-o_frame000898_r.jpg,0,723.84,-409.76,724.13,-409.44,724.29,-409.18,724.49,-409.05,724.60,-408.81,724.73,-409.37,724.94,-409.12,724.98,-408.90,725.04,-408.65,724.69,-409.47,724.96,-409.31,725.09,-409.12,725.26,-408.91,724.44,-409.56,724.55,-409.27,724.52,-409.00,724.51,-408.71,724.21,-409.60,724.28,-409.43,724.30,-409.26,724.34,-409.05
ND_vJND_qs0qGM_frame002001_r.jpg,0,257.04,-282.80,257.70,-283.20,258.15,-283.81,258.41,-284.29,258.69,-284.66,257.63,-284.77,258.08,-285.32,258.38,-285.17,258.65,-284.71,257.36,-285.09,257.98,-285.47,258.38,-285.33,258.67,-284.82,257.17,-284.93,257.87,-284.98,258.23,-284.58,258.49,-284.02,257.12,-284.73,257.64,-284.79,258.06,-284.58,258.36,-284.14
ND_vKYC6B51nZQ_frame028154_r.jpg,0,219.94,-271.10,219.59,-270.82,219.25,-270.56,219.06,-270.24,218.77,-269.84,219.76,-269.97,219.67,-269.52,219.43,-269.42,219.19,-269.57,219.96,-269.81,219.72,-269.46,219.44,-269.53,219.24,-269.81,220.07,-269.91,219.83,-269.59,219.52,-269.56,219.27,-269.78,220.10,-270.02,219.92,-269.80,219.69,-269.67,219.43,-269.71
ND_vQ6zj0275sY_frame014951_l.jpg,0,539.45,565.18,539.54,565.12,539.64,565.11,539.72,565.16,539.78,565.21,539.58,565.20,539.69,565.23,539.69,565.21,539.63,565.20,539.57,565.29,539.68,565.30,539.68,565.27,539.63,565.27,539.56,565.35,539.66,565.35,539.67,565.32,539.64,565.32,539.56,565.39,539.64,565.38,539.65,565.36,539.62,565.36
ND_vQ6zj0275sY_frame015549_r.jpg,0,434.57,290.84,434.50,290.88,434.43,290.90,434.40,290.95,434.38,291.02,434.49,291.02,434.46,291.08,434.43,291.09,434.41,291.07,434.53,291.05,434.51,291.11,434.49,291.12,434.45,291.09,434.58,291.04,434.55,291.10,434.52,291.11,434.48,291.10,434.60,291.02,434.59,291.07,434.56,291.10,434.52,291.10
ND_vQ6zj0275sY_frame016147_l.jpg,0,536.37,371.45,536.46,371.43,536.55,371.46,536.62,371.51,536.71,371.54,536.51,371.58,536.59,371.64,536.65,371.62,536.67,371.59,536.49,371.65,536.58,371.66,536.62,371.62,536.65,371.58,536.46,371.67,536.55,371.66,536.59,371.62,536.60,371.60,536.46,371.68,536.52,371.67,536.55,371.64,536.55,371.61
ND_vQ6zj0275sY_frame017044_l.jpg,0,-492.10,-365.27,-492.39,-365.50,-492.92,-365.82,-493.42,-366.04,-494.12,-366.27,-492.50,-366.80,-493.13,-366.98,-493.58,-366.91,-494.10,-366.86,-492.57,-367.06,-493.06,-367.47,-493.53,-367.36,-493.90,-367.03,-492.66,-366.91,-493.21,-367.07,-493.68,-366.90,-493.99,-366.58,-492.79,-366.72,-493.19,-366.74,-493.55,-366.69,-494.01,-366.67
ND_vQ6zj0275sY_frame017941_r.jpg,0,458.78,-453.88,459.00,-453.61,459.30,-453.39,459.56,-453.21,459.90,-452.95,459.76,-453.74,460.08,-453.52,460.12,-453.28,460.11,-453.01,459.90,-453.86,460.07,-453.54,460.05,-453.27,459.95,-452.98,459.82,-453.91,459.99,-453.61,460.00,-453.31,459.91,-453.03,459.71,-453.89,459.86,-453.69,459.91,-453.47,459.86,-453.24
ND_vq47hQ2Zlok_frame003901_r.jpg,0,718.31,236.04,718.28,236.25,718.40,236.40,718.52,236.54,718.69,236.70,718.54,236.32,718.67,236.49,718.72,236.60,718.77,236.71,718.69,236.25,718.74,236.39,718.78,236.48,718.85,236.58,718.77,236.18,718.77,236.34,718.79,236.46,718.83,236.59,718.81,236.14,718.81,236.26,718.82,236.35,718.87,236.49
ND_vq47hQ2Zlok_frame006601_r.jpg,0,648.33,-264.71,648.90,-265.04,649.67,-265.03,650.38,-265.00,651.05,-264.51,650.22,-266.08,651.08,-265.93,651.00,-265.38,650.62,-264.92,650.49,-265.98,651.21,-265.60,651.06,-265.03,650.62,-264.58,650.39,-265.49,651.01,-265.15,650.93,-264.55,650.64,-264.04,650.28,-265.00,650.73,-264.77,650.70,-264.37,650.41,-264.08
ND_vqM6Km5JK-Y_frame000479_r.jpg,0,-248.66,-278.34,-248.35,-278.08,-248.17,-277.95,-248.15,-277.78,-248.27,-277.61,-248.00,-278.10,-248.02,-277.80,-248.11,-277.58,-248.24,-277.34,-248.15,-278.19,-248.22,-277.86,-248.29,-277.61,-248.34,-277.33,-248.44,-278.25,-248.41,-277.97,-248.45,-277.70,-248.47,-277.43,-248.67,-278.25,-248.68,-278.14,-248.72,-277.97,-248.71,-277.77
ND_vtYcSfphOr4_frame000601_l.jpg,0,257.56,308.14,257.76,308.08,257.92,308.05,258.06,308.06,258.22,308.09,257.99,308.06,258.15,308.12,258.25,308.18,258.31,308.24,257.95,308.15,258.10,308.24,258.19,308.32,258.23,308.36,257.85,308.26,257.99,308.34,258.08,308.42,258.11,308.46,257.78,308.36,257.87,308.43,257.95,308.49,258.00,308.51
ND_vwdzzN8ppho_frame001251_l.jpg,0,387.18,371.36,387.17,371.46,387.12,371.55,387.06,371.62,386.96,371.67,387.07,371.65,386.95,371.67,386.88,371.68,386.80,371.70,387.00,371.64,386.90,371.66,386.82,371.67,386.75,371.68,386.97,371.56,386.88,371.60,386.81,371.61,386.75,371.63,386.94,371.49,386.89,371.53,386.84,371.56,386.78,371.60
ND_vyJDNTxvY_8_frame000251_r.jpg,0,325.29,432.32,325.18,432.28,325.08,432.31,325.01,432.35,324.95,432.39,325.05,432.43,325.01,432.46,325.04,432.40,325.09,432.33,325.10,432.50,325.13,432.43,325.18,432.37,325.23,432.30,325.19,432.51,325.20,432.46,325.25,432.39,325.29,432.32,325.27,432.50,325.28,432.48,325.32,432.43,325.33,432.38
ND_vyJDNTxvY_8_frame003751_r.jpg,0,312.02,208.34,311.96,208.40,311.91,208.47,311.91,208.54,311.96,208.62,312.03,208.55,311.99,208.62,311.95,208.62,311.89,208.61,312.09,208.57,312.03,208.63,311.97,208.64,311.91,208.64,312.11,208.55,312.10,208.63,312.04,208.65,311.98,208.64,312.12,208.53,312.11,208.59,312.07,208.62,312.01,208.63
ND_vyJDNTxvY_8_frame013751_l.jpg,0,453.01,319.56,453.09,319.48,453.18,319.46,453.26,319.46,453.36,319.44,453.27,319.53,453.36,319.54,453.41,319.53,453.47,319.53,453.27,319.58,453.33,319.54,453.38,319.52,453.42,319.50,453.21,319.61,453.27,319.56,453.28,319.51,453.28,319.48,453.16,319.62,453.22,319.61,453.22,319.58,453.20,319.54
ND_vzBIUh3J2Pc_frame000300_l.jpg,0,645.66,-242.99,645.83,-242.94,645.86,-242.82,645.88,-242.70,645.97,-242.56,645.65,-242.90,645.67,-242.72,645.73,-242.57,645.80,-242.40,645.48,-242.84,645.47,-242.65,645.55,-242.50,645.65,-242.34,645.37,-242.77,645.37,-242.61,645.42,-242.44,645.48,-242.27,645.31,-242.70,645.25,-242.57,645.20,-242.46,645.12,-242.33
ND_w84oHWToySQ_frame003001_r.jpg,0,583.36,-171.17,583.59,-171.38,584.01,-171.50,584.45,-171.65,584.91,-171.99,583.68,-172.54,584.19,-172.81,584.57,-172.69,584.98,-172.48,583.76,-172.79,584.29,-172.99,584.67,-172.83,584.98,-172.50,583.88,-172.68,584.28,-172.90,584.66,-172.69,584.82,-172.27,584.02,-172.52,584.31,-172.68,584.60,-172.64,584.79,-172.36
ND_wDv2CmXLPHU_frame001795_r.jpg,0,-234.87,245.32,-234.65,245.31,-234.51,245.35,-234.46,245.50,-234.45,245.63,-234.80,245.46,-234.73,245.68,-234.60,245.82,-234.48,245.91,-234.96,245.60,-234.84,245.83,-234.70,245.97,-234.56,246.08,-235.06,245.72,-234.93,245.92,-234.79,246.07,-234.67,246.18,-235.11,245.81,-235.02,245.97,-234.92,246.06,-234.83,246.09
ND_wDv2CmXLPHU_frame008074_r.jpg,0,206.36,518.88,206.36,518.85,206.35,518.82,206.33,518.80,206.31,518.79,206.33,518.79,206.30,518.77,206.30,518.78,206.32,518.79,206.30,518.80,206.29,518.79,206.30,518.80,206.32,518.82,206.29,518.83,206.28,518.82,206.29,518.83,206.31,518.84,206.28,518.85,206.28,518.84,206.29,518.85,206.31,518.86
ND_wK2t1mLZ5ts_frame002881_r.jpg,0,664.32,403.21,664.26,403.32,664.24,403.40,664.23,403.46,664.20,403.52,664.40,403.51,664.43,403.61,664.45,403.69,664.45,403.79,664.48,403.51,664.51,403.63,664.54,403.71,664.57,403.80,664.51,403.47,664.56,403.57,664.59,403.65,664.62,403.74,664.52,403.43,664.57,403.49,664.61,403.55,664.64,403.62
ND_wK2t1mLZ5ts_frame012481_r.jpg,0,305.12,241.69,304.95,241.88,304.79,241.91,304.62,241.90,304.48,241.78,304.48,241.86,304.33,241.84,304.41,241.82,304.53,241.79,304.43,241.69,304.34,241.68,304.43,241.69,304.57,241.71,304.51,241.52,304.36,241.54,304.40,241.56,304.51,241.59,304.60,241.40,304.46,241.40,304.37,241.42,304.30,241.45
ND_wK2t1mLZ5ts_frame021121_r.jpg,0,242.57,242.45,242.54,242.35,242.49,242.27,242.44,242.21,242.36,242.14,242.35,242.30,242.26,242.28,242.19,242.27,242.12,242.25,242.31,242.36,242.22,242.33,242.15,242.32,242.07,242.30,242.32,242.43,242.24,242.40,242.16,242.37,242.09,242.35,242.33,242.49,242.27,242.48,242.22,242.46,242.15,242.45
ND_wO5i6QjjMNc_frame012251_l.jpg,0,602.32,318.03,602.31,317.95,602.32,317.90,602.35,317.86,602.39,317.83,602.30,317.88,602.34,317.84,602.38,317.82,602.42,317.80,602.33,317.90,602.38,317.87,602.42,317.85,602.46,317.82,602.36,317.94,602.41,317.91,602.45,317.88,602.48,317.85,602.39,317.97,602.43,317.95,602.46,317.93,602.49,317.91
ND_wOopKZqe92c_frame000001_l.jpg,0,599.11,1086.45,599.21,1086.35,599.31,1086.31,599.40,1086.33,599.49,1086.38,599.40,1086.40,599.52,1086.41,599.52,1086.39,599.48,1086.38,599.43,1086.48,599.54,1086.50,599.52,1086.47,599.48,1086.45,599.40,1086.55,599.50,1086.55,599.50,1086.52,599.47,1086.51,599.37,1086.60,599.44,1086.57,599.46,1086.55,599.45,1086.54
ND_wOopKZqe92c_frame000901_r.jpg,0,999.65,318.43,1000.19,317.84,1000.68,317.90,1001.06,318.16,1001.39,318.46,1000.26,317.35,1000.74,317.64,1001.12,317.87,1001.20,317.90,1000.11,317.73,1000.74,317.87,1001.22,317.99,1001.60,318.05,1000.00,318.30,1000.57,318.31,1001.09,318.45,1001.58,318.57,999.99,318.76,1000.41,318.62,1000.81,318.59,1001.33,318.61
ND_wRlXrDq6Q2c_frame000601_r.jpg,0,268.93,-97.45,269.05,-97.30,268.97,-97.23,268.92,-97.10,268.75,-97.03,268.87,-96.87,268.77,-96.72,268.72,-96.74,268.65,-96.81,268.68,-96.85,268.61,-96.88,268.65,-97.05,268.72,-97.26,268.54,-96.99,268.55,-97.04,268.65,-97.21,268.75,-97.38,268.44,-97.12,268.49,-97.14,268.55,-97.26,268.66,-97.44
ND_wWX4ON2h3AA_frame001001_l.jpg,0,755.92,191.95,755.94,191.75,755.86,191.60,755.77,191.48,755.61,191.37,755.92,191.44,755.91,191.26,755.89,191.15,755.87,191.03,755.83,191.46,755.81,191.30,755.79,191.19,755.77,191.06,755.74,191.57,755.64,191.50,755.66,191.59,755.76,191.68,755.67,191.66,755.61,191.65,755.64,191.72,755.73,191.78
ND_waf93G_2pQU_frame002393_l.jpg,0,982.65,503.92,982.74,503.96,982.80,504.02,982.81,504.08,982.81,504.16,982.81,504.07,982.82,504.16,982.81,504.21,982.80,504.24,982.76,504.10,982.76,504.19,982.75,504.24,982.74,504.28,982.69,504.10,982.70,504.18,982.69,504.24,982.68,504.27,982.63,504.11,982.63,504.16,982.63,504.21,982.63,504.24
ND_waf93G_2pQU_frame004187_l.jpg,0,725.66,540.27,725.72,540.24,725.80,540.25,725.84,540.30,725.88,540.36,725.88,540.29,725.90,540.36,725.88,540.40,725.87,540.42,725.88,540.35,725.90,540.42,725.88,540.45,725.85,540.47,725.83,540.40,725.86,540.46,725.84,540.49,725.81,540.50,725.78,540.43,725.80,540.48,725.80,540.52,725.78,540.53
ND_waf93G_2pQU_frame005981_r.jpg,0,233.89,193.10,234.10,193.02,234.31,193.04,234.50,193.07,234.72,193.18,234.53,193.08,234.75,193.15,234.90,193.19,235.07,193.22,234.54,193.22,234.76,193.26,234.92,193.27,235.11,193.25,234.42,193.36,234.62,193.36,234.79,193.40,234.97,193.36,234.31,193.47,234.46,193.48,234.59,193.50,234.73,193.48
ND_waf93G_2pQU_frame013157_l.jpg,0,880.74,347.77,880.82,347.76,880.88,347.79,880.92,347.83,880.97,347.86,880.91,347.88,880.94,347.93,880.93,347.91,880.91,347.88,880.88,347.93,880.88,347.93,880.87,347.90,880.86,347.87,880.82,347.94,880.83,347.94,880.82,347.91,880.80,347.89,880.77,347.94,880.78,347.94,880.77,347.91,880.76,347.88
ND_weJxZ1ZrKPk_frame008074_r.jpg,0,310.14,162.14,310.10,162.10,310.07,162.08,310.03,162.08,309.98,162.08,310.02,162.11,309.98,162.11,309.96,162.12,309.92,162.13,310.01,162.14,309.98,162.14,309.95,162.14,309.92,162.15,310.03,162.17,309.99,162.16,309.96,162.16,309.93,162.16,310.04,162.19,310.01,162.19,309.99,162.18,309.96,162.18
ND_weJxZ1ZrKPk_frame014951_l.jpg,0,284.46,225.47,284.45,225.44,284.42,225.42,284.39,225.40,284.38,225.37,284.34,225.44,284.29,225.46,284.30,225.49,284.33,225.52,284.31,225.47,284.33,225.52,284.37,225.53,284.42,225.53,284.32,225.51,284.34,225.54,284.39,225.55,284.43,225.53,284.34,225.54,284.36,225.55,284.39,225.55,284.42,225.54
ND_weJxZ1ZrKPk_frame024519_l.jpg,0,442.17,219.73,442.21,219.69,442.25,219.67,442.29,219.69,442.30,219.73,442.21,219.67,442.23,219.70,442.26,219.72,442.29,219.75,442.19,219.71,442.23,219.74,442.26,219.76,442.30,219.78,442.19,219.75,442.23,219.77,442.26,219.79,442.30,219.81,442.19,219.78,442.22,219.79,442.25,219.80,442.28,219.82
ND_weJxZ1ZrKPk_frame026612_r.jpg,0,-5.24,-369.77,-5.32,-369.74,-5.52,-369.68,-5.72,-369.56,-5.95,-369.33,-5.89,-369.66,-6.09,-369.46,-5.99,-369.29,-5.79,-369.19,-6.00,-369.56,-6.09,-369.31,-5.92,-369.19,-5.70,-369.17,-5.93,-369.45,-6.05,-369.27,-5.87,-369.15,-5.65,-369.16,-5.84,-369.35,-5.92,-369.24,-5.82,-369.15,-5.65,-369.14
ND_wmDgiSHsre4_frame027555_r.jpg,0,163.52,527.30,163.31,527.31,163.17,527.28,163.12,527.28,163.14,527.28,163.19,527.54,163.17,527.47,163.13,527.36,163.07,527.24,163.29,527.56,163.19,527.45,163.10,527.35,162.99,527.26,163.43,527.50,163.27,527.47,163.15,527.40,163.02,527.35,163.52,527.42,163.40,527.42,163.29,527.42,163.16,527.43
ND_wmDgiSHsre4_frame038936_r.jpg,0,15.49,309.64,15.47,309.60,15.35,309.41,15.27,309.21,15.08,309.00,15.23,309.01,15.10,308.76,14.95,308.63,14.82,308.42,15.06,308.88,14.78,309.00,14.64,309.20,14.56,309.47,14.94,308.96,14.74,309.11,14.73,309.37,14.85,309.61,14.83,309.07,14.70,309.19,14.71,309.39,14.81,309.58
ND_wrNx_4YLBxY_frame001501_r.jpg,0,-302.47,95.14,-302.77,94.84,-302.93,94.63,-303.25,94.45,-303.70,94.38,-303.61,95.17,-303.77,94.72,-303.46,94.71,-303.26,95.01,-303.78,95.38,-303.80,94.94,-303.47,94.85,-303.31,95.16,-303.71,95.45,-303.81,95.04,-303.47,94.91,-303.24,95.18,-303.63,95.43,-303.78,95.16,-303.53,95.05,-303.35,95.24
ND_wvXgshdp3x8_frame000721_l.jpg,0,276.99,568.74,277.07,568.74,277.21,568.72,277.33,568.77,277.45,568.88,277.38,568.79,277.52,568.88,277.61,568.94,277.71,568.99,277.42,568.86,277.55,568.95,277.65,569.00,277.75,569.05,277.37,568.94,277.49,568.99,277.60,569.04,277.71,569.09,277.30,569.00,277.40,569.03,277.49,569.06,277.58,569.09
ND_wvXgshdp3x8_frame008641_r.jpg,0,-80.46,53.96,-80.66,53.84,-80.86,53.74,-81.06,53.72,-81.27,53.71,-81.07,54.07,-81.28,54.19,-81.42,54.15,-81.53,54.02,-81.12,54.18,-81.34,54.14,-81.44,54.01,-81.51,53.84,-81.04,54.20,-81.25,54.16,-81.39,54.05,-81.49,53.89,-80.97,54.18,-81.12,54.14,-81.24,54.08,-81.38,53.98
ND_wwUD3pTeru8_frame000801_r.jpg,0,-161.31,171.39,-161.53,171.22,-161.72,171.11,-161.83,170.98,-161.96,170.82,-161.72,170.94,-161.87,170.83,-161.85,170.69,-161.74,170.68,-161.59,170.89,-161.71,170.70,-161.64,170.71,-161.54,170.86,-161.39,170.91,-161.49,170.72,-161.43,170.76,-161.37,170.93,-161.23,170.92,-161.28,170.79,-161.27,170.77,-161.25,170.87
ND_wwUD3pTeru8_frame001001_l.jpg,0,8.03,-59.97,8.19,-60.42,8.42,-60.69,8.65,-60.91,8.94,-61.07,8.09,-60.94,8.44,-61.06,8.71,-61.04,8.97,-60.95,8.08,-60.79,8.47,-60.87,8.76,-60.88,9.08,-60.85,8.14,-60.48,8.44,-60.68,8.74,-60.72,9.00,-60.68,8.24,-60.23,8.44,-60.39,8.67,-60.47,8.95,-60.54
ND_wyVcHRbFGis_frame000601_r.jpg,0,163.67,453.69,163.67,453.75,163.70,453.79,163.73,453.82,163.75,453.88,163.60,453.82,163.60,453.87,163.64,453.88,163.67,453.86,163.59,453.82,163.63,453.86,163.66,453.86,163.70,453.87,163.61,453.80,163.63,453.84,163.67,453.85,163.70,453.86,163.63,453.78,163.64,453.81,163.66,453.83,163.69,453.83
ND_x--Ch6-evUY_frame010167_l.jpg,0,-435.01,-580.38,-435.05,-580.92,-434.99,-581.25,-435.12,-581.44,-435.52,-581.51,-435.83,-581.70,-436.35,-581.93,-436.69,-581.95,-437.02,-581.88,-436.18,-581.53,-436.68,-581.62,-436.96,-581.59,-437.20,-581.54,-436.31,-581.09,-436.72,-581.25,-437.01,-581.25,-437.19,-581.23,-436.38,-580.72,-436.72,-580.75,-436.99,-580.72,-437.21,-580.70
ND_xBT4FtcekUo_frame002251_r.jpg,0,102.88,-410.98,103.36,-411.25,103.96,-411.56,104.44,-411.93,104.92,-412.53,103.50,-412.74,104.05,-413.25,104.55,-413.11,104.78,-412.61,103.47,-413.06,104.20,-413.11,104.62,-412.77,104.71,-412.18,103.46,-412.93,104.04,-413.07,104.54,-412.78,104.59,-412.22,103.53,-412.72,103.88,-412.92,104.26,-412.77,104.29,-412.38
ND_xBT4FtcekUo_frame002751_r.jpg,0,50.40,-80.80,50.80,-80.80,51.13,-80.83,51.42,-80.87,51.79,-80.93,51.28,-81.23,51.53,-81.50,51.68,-81.68,51.83,-81.89,51.16,-81.45,51.40,-81.69,51.56,-81.85,51.74,-82.02,50.89,-81.56,51.12,-81.78,51.26,-81.96,51.39,-82.09,50.68,-81.63,50.80,-81.82,50.92,-81.98,51.07,-82.05
ND_xCMe3LXN3uk_frame008101_l.jpg,0,-588.60,-558.26,-588.95,-559.10,-588.99,-559.80,-589.16,-560.33,-589.42,-560.91,-589.20,-559.73,-589.92,-559.88,-590.43,-559.87,-591.03,-559.84,-589.30,-559.31,-590.04,-559.37,-590.33,-559.27,-590.30,-559.16,-589.40,-558.70,-590.06,-558.87,-590.24,-558.80,-589.99,-558.72,-589.54,-558.22,-590.02,-558.35,-590.12,-558.34,-589.90,-558.35
ND_xCS2cjqqQNw_frame000301_l.jpg,0,619.90,408.44,619.94,408.38,619.95,408.32,619.98,408.28,620.00,408.21,619.95,408.45,619.98,408.48,620.02,408.49,620.06,408.51,619.96,408.52,620.00,408.57,620.04,408.60,620.08,408.63,619.98,408.57,620.01,408.61,620.05,408.64,620.09,408.67,620.00,408.60,620.02,408.64,620.05,408.67,620.08,408.70
ND_xCS2cjqqQNw_frame000901_l.jpg,0,598.68,361.33,598.70,361.24,598.74,361.16,598.80,361.12,598.86,361.07,598.74,361.26,598.81,361.25,598.87,361.23,598.94,361.21,598.77,361.33,598.86,361.31,598.93,361.28,599.00,361.25,598.80,361.39,598.88,361.37,598.95,361.34,599.01,361.30,598.83,361.43,598.88,361.41,598.94,361.39,598.99,361.36
ND_xCS2cjqqQNw_frame002101_r.jpg,0,438.45,6.61,438.45,6.77,438.51,6.88,438.60,6.96,438.70,7.08,438.69,6.91,438.81,6.97,438.84,7.02,438.80,7.05,438.76,6.86,438.79,6.92,438.70,6.91,438.61,6.88,438.76,6.77,438.71,6.83,438.60,6.81,438.51,6.79,438.74,6.70,438.68,6.74,438.60,6.73,438.53,6.72
ND_xCS2cjqqQNw_frame004801_r.jpg,0,279.09,393.00,279.02,393.07,278.98,393.12,278.99,393.18,279.01,393.23,279.08,393.23,279.12,393.30,279.14,393.34,279.15,393.36,279.14,393.23,279.17,393.29,279.19,393.31,279.16,393.34,279.18,393.18,279.19,393.24,279.20,393.28,279.17,393.31,279.21,393.13,279.21,393.18,279.21,393.22,279.20,393.26
ND_xHurRMXc2Z0_frame005101_l.jpg,0,607.78,208.29,607.80,208.23,607.85,208.16,607.93,208.12,608.02,208.12,607.98,208.11,608.07,208.09,608.13,208.10,608.20,208.09,608.04,208.14,608.14,208.13,608.21,208.14,608.29,208.13,608.05,208.21,608.14,208.19,608.22,208.18,608.30,208.17,608.05,208.28,608.12,208.26,608.18,208.25,608.26,208.23
ND_xHurRMXc2Z0_frame007801_r.jpg,0,933.28,110.16,933.35,110.23,933.37,110.30,933.36,110.36,933.30,110.42,933.37,110.30,933.35,110.39,933.32,110.44,933.28,110.48,933.31,110.29,933.29,110.37,933.27,110.42,933.26,110.42,933.24,110.27,933.26,110.35,933.25,110.39,933.24,110.38,933.19,110.27,933.20,110.33,933.20,110.36,933.22,110.35
ND_xHurRMXc2Z0_frame012601_l.jpg,0,681.65,241.34,681.65,241.25,681.65,241.22,681.66,241.24,681.65,241.28,681.58,241.31,681.61,241.35,681.69,241.34,681.74,241.31,681.60,241.40,681.71,241.40,681.78,241.37,681.82,241.32,681.64,241.47,681.74,241.44,681.81,241.39,681.82,241.35,681.69,241.50,681.76,241.48,681.81,241.45,681.81,241.41
ND_xNm5D2FvBC0_frame001201_r.jpg,0,653.63,394.80,653.61,394.85,653.59,394.90,653.58,394.94,653.57,395.00,653.68,394.93,653.71,394.98,653.72,395.01,653.74,395.05,653.72,394.93,653.75,394.97,653.76,395.01,653.75,395.05,653.73,394.90,653.75,394.94,653.76,394.98,653.73,395.01,653.73,394.89,653.73,394.92,653.73,394.95,653.70,394.97
ND_xOq_fiao6pE_frame003361_l.jpg,0,-556.85,-356.96,-556.98,-357.63,-557.36,-358.28,-557.84,-358.81,-558.44,-359.55,-556.93,-359.31,-557.59,-359.87,-558.16,-359.77,-558.71,-359.44,-557.13,-359.42,-557.93,-359.64,-558.49,-359.47,-558.96,-359.17,-557.42,-359.02,-558.10,-359.27,-558.72,-359.19,-559.25,-359.09,-557.72,-358.64,-558.13,-358.95,-558.55,-359.08,-559.00,-359.20
ND_xOq_fiao6pE_frame016561_r.jpg,0,-595.57,-454.44,-595.71,-455.25,-596.04,-456.02,-596.43,-456.65,-596.90,-457.53,-595.02,-456.85,-595.60,-457.55,-596.14,-457.84,-596.82,-458.01,-594.98,-456.93,-595.69,-457.43,-596.25,-457.74,-596.88,-457.91,-595.23,-456.54,-595.75,-457.13,-596.37,-457.37,-596.80,-457.37,-595.54,-456.20,-595.80,-456.70,-596.20,-456.97,-596.51,-456.97
ND_xPcegtqgxgw_frame006001_r.jpg,0,118.12,-305.31,118.57,-304.98,118.70,-304.49,118.80,-304.08,118.88,-303.84,119.56,-304.90,119.60,-304.41,119.56,-304.06,119.50,-303.65,119.56,-304.92,119.61,-304.40,119.59,-304.01,119.57,-303.58,119.23,-304.92,119.40,-304.47,119.39,-304.06,119.30,-303.69,118.93,-304.86,119.11,-304.58,119.25,-304.30,119.36,-304.01
ND_xPcegtqgxgw_frame015301_r.jpg,0,437.36,-508.93,437.60,-508.78,437.85,-508.56,438.07,-508.39,438.33,-508.15,438.28,-508.92,438.56,-508.73,438.70,-508.54,438.87,-508.34,438.36,-508.96,438.66,-508.82,438.72,-508.58,438.63,-508.34,438.25,-508.93,438.51,-508.77,438.53,-508.51,438.40,-508.33,438.13,-508.86,438.29,-508.73,438.36,-508.56,438.31,-508.43
ND_xU9W8VqWFYo_frame010466_l.jpg,0,968.31,-81.54,968.29,-81.61,968.25,-81.64,968.22,-81.67,968.18,-81.69,968.17,-81.63,968.12,-81.64,968.09,-81.65,968.06,-81.66,968.14,-81.59,968.10,-81.60,968.08,-81.61,968.05,-81.62,968.16,-81.54,968.11,-81.56,968.08,-81.56,968.06,-81.58,968.17,-81.51,968.13,-81.52,968.10,-81.52,968.06,-81.52
ND_xUvRYPaeOa0_frame000601_l.jpg,0,846.82,553.74,846.88,553.78,846.94,553.80,846.99,553.81,847.04,553.83,846.92,553.92,846.95,553.98,846.98,554.02,847.01,554.07,846.87,553.95,846.89,554.01,846.89,554.07,846.90,554.12,846.81,553.94,846.82,554.00,846.80,554.05,846.79,554.11,846.77,553.92,846.74,553.96,846.72,553.99,846.69,554.02
ND_xUvRYPaeOa0_frame000901_l.jpg,0,884.33,550.71,884.39,550.71,884.45,550.73,884.47,550.78,884.46,550.81,884.46,550.84,884.51,550.87,884.51,550.88,884.51,550.88,884.43,550.89,884.47,550.93,884.48,550.97,884.50,551.01,884.37,550.89,884.39,550.96,884.39,551.01,884.39,551.06,884.32,550.89,884.29,550.93,884.27,550.97,884.24,551.01
ND_xUvRYPaeOa0_frame007801_r.jpg,0,770.17,336.60,770.15,336.68,770.15,336.72,770.15,336.75,770.12,336.79,770.24,336.68,770.30,336.69,770.34,336.70,770.39,336.72,770.31,336.64,770.36,336.67,770.41,336.70,770.45,336.71,770.36,336.62,770.40,336.64,770.46,336.67,770.51,336.70,770.39,336.61,770.44,336.63,770.49,336.66,770.56,336.69
ND_xUvRYPaeOa0_frame012601_l.jpg,0,553.66,259.70,553.82,259.59,553.92,259.48,554.02,259.43,554.04,259.43,554.09,259.67,554.23,259.67,554.30,259.64,554.37,259.60,554.06,259.73,554.14,259.66,554.17,259.59,554.21,259.51,553.94,259.74,554.03,259.67,554.06,259.59,554.09,259.49,553.84,259.73,553.91,259.68,553.95,259.64,553.99,259.57
ND_xVbTABl6CBQ_frame000291_r.jpg,0,-113.26,65.06,-113.03,64.97,-112.81,64.90,-112.65,64.72,-112.49,64.46,-113.02,64.41,-113.00,64.13,-112.90,63.95,-112.76,63.76,-113.09,64.26,-112.96,64.00,-112.75,64.03,-112.57,64.16,-113.13,64.28,-112.97,64.07,-112.75,64.11,-112.56,64.25,-113.14,64.33,-113.05,64.16,-112.88,64.12,-112.72,64.19
ND_xrt8hjXoJD0_frame008672_r.jpg,0,339.81,-101.67,339.98,-101.73,340.34,-101.83,340.66,-101.88,341.09,-101.81,340.44,-102.36,340.84,-102.41,341.08,-102.30,341.35,-102.18,340.60,-102.44,340.98,-102.41,341.20,-102.23,341.39,-102.02,340.64,-102.31,340.97,-102.28,341.22,-102.12,341.38,-101.95,340.68,-102.15,340.92,-102.14,341.11,-102.07,341.27,-101.99
ND_xsKDlRGubgM_frame001795_r.jpg,0,-22.16,21.88,-22.12,21.95,-22.05,21.97,-21.98,21.99,-21.89,22.00,-22.24,22.05,-22.32,22.11,-22.37,22.15,-22.42,22.20,-22.30,22.07,-22.38,22.12,-22.43,22.17,-22.48,22.22,-22.32,22.06,-22.38,22.11,-22.43,22.17,-22.48,22.22,-22.32,22.06,-22.36,22.10,-22.40,22.15,-22.42,22.19
ND_y4AcnuX1yKY_frame009841_l.jpg,0,78.47,-61.37,78.68,-61.56,78.84,-61.70,78.98,-61.82,79.13,-61.98,79.09,-61.40,79.20,-61.38,79.20,-61.43,79.22,-61.48,79.06,-61.26,79.10,-61.32,79.08,-61.41,79.05,-61.52,78.89,-61.17,78.97,-61.27,78.96,-61.36,78.93,-61.48,78.75,-61.14,78.81,-61.22,78.81,-61.31,78.78,-61.42
ND_y6HE3k8dChI_frame007001_l.jpg,0,236.08,141.28,236.19,141.30,236.24,141.38,236.26,141.45,236.29,141.55,236.20,141.42,236.22,141.52,236.25,141.58,236.28,141.61,236.14,141.47,236.18,141.56,236.22,141.58,236.25,141.58,236.09,141.49,236.14,141.56,236.18,141.57,236.19,141.56,236.05,141.50,236.10,141.54,236.13,141.55,236.15,141.54
ND_y6HE3k8dChI_frame010501_r.jpg,0,-39.45,-8.58,-39.52,-8.47,-39.52,-8.37,-39.50,-8.28,-39.52,-8.15,-39.41,-8.25,-39.34,-8.19,-39.31,-8.15,-39.26,-8.11,-39.32,-8.27,-39.32,-8.25,-39.37,-8.33,-39.42,-8.38,-39.26,-8.35,-39.28,-8.30,-39.34,-8.37,-39.39,-8.42,-39.23,-8.42,-39.24,-8.37,-39.29,-8.40,-39.35,-8.44
ND_y6HE3k8dChI_frame012001_l.jpg,0,124.41,115.82,124.47,115.77,124.52,115.76,124.57,115.77,124.63,115.79,124.56,115.78,124.62,115.80,124.66,115.81,124.71,115.82,124.57,115.82,124.63,115.83,124.67,115.84,124.70,115.84,124.56,115.87,124.60,115.86,124.61,115.85,124.60,115.84,124.54,115.90,124.57,115.88,124.58,115.87,124.57,115.86
ND_y6HE3k8dChI_frame014001_l.jpg,0,245.92,118.69,245.97,118.68,246.00,118.66,246.03,118.64,246.05,118.63,245.99,118.61,246.01,118.61,246.02,118.63,246.03,118.66,245.96,118.60,245.98,118.59,245.98,118.61,246.00,118.64,245.93,118.61,245.94,118.59,245.96,118.61,245.98,118.64,245.91,118.63,245.92,118.61,245.93,118.62,245.95,118.63
ND_y6HE3k8dChI_frame014251_l.jpg,0,260.00,101.57,260.05,101.56,260.09,101.54,260.11,101.52,260.14,101.50,260.07,101.49,260.09,101.48,260.10,101.50,260.12,101.53,260.04,101.48,260.05,101.46,260.07,101.49,260.08,101.52,260.01,101.50,260.02,101.47,260.04,101.49,260.06,101.52,259.98,101.52,259.99,101.50,260.01,101.50,260.03,101.51
ND_yDAk9E_b8As_frame001197_r.jpg,0,-193.81,-300.33,-193.93,-300.65,-194.01,-301.08,-194.16,-301.51,-194.27,-302.10,-194.95,-301.05,-195.14,-301.58,-195.01,-301.93,-194.78,-302.30,-195.16,-301.15,-195.25,-301.68,-194.95,-301.93,-194.58,-302.09,-195.04,-301.17,-195.42,-301.43,-195.29,-301.77,-194.99,-301.98,-194.86,-301.22,-194.97,-301.49,-194.89,-301.72,-194.69,-301.87
ND_yGwjhewXPl4_frame000001_l.jpg,0,45.65,246.72,45.80,246.75,45.92,246.75,46.02,246.77,46.15,246.76,45.89,246.77,45.98,246.77,46.04,246.78,46.10,246.77,45.82,246.81,45.87,246.80,45.90,246.81,45.94,246.79,45.72,246.85,45.74,246.86,45.74,246.87,45.75,246.88,45.65,246.88,45.63,246.93,45.59,246.97,45.57,247.00
ND_yGwjhewXPl4_frame000301_l.jpg,0,125.90,191.30,125.98,191.20,126.04,191.10,126.07,191.02,126.10,191.02,125.93,190.98,126.01,190.90,126.08,190.94,126.15,191.00,125.88,190.98,125.97,190.92,126.05,190.94,126.13,190.98,125.86,191.05,125.88,190.95,125.96,190.93,126.05,190.95,125.86,191.11,125.82,191.06,125.87,191.03,125.93,191.02
ND_yGwjhewXPl4_frame001201_r.jpg,0,8.43,233.31,8.36,233.26,8.31,233.27,8.28,233.27,8.21,233.26,8.27,233.34,8.21,233.35,8.18,233.34,8.12,233.35,8.31,233.39,8.28,233.36,8.32,233.32,8.31,233.35,8.37,233.41,8.34,233.39,8.37,233.34,8.36,233.38,8.42,233.41,8.41,233.43,8.43,233.38,8.43,233.39
ND_yJQ0RdsCMII_frame000301_l.jpg,0,327.50,784.67,327.41,784.63,327.32,784.58,327.26,784.61,327.20,784.67,327.26,784.82,327.22,784.93,327.22,785.01,327.24,785.08,327.30,784.91,327.31,785.01,327.33,785.07,327.34,785.13,327.39,784.95,327.38,785.02,327.40,785.09,327.41,785.14,327.48,784.96,327.47,785.02,327.47,785.08,327.45,785.14
ND_yJmV0dKOT7w_frame000898_r.jpg,0,-48.53,301.04,-48.57,301.13,-48.57,301.21,-48.55,301.28,-48.55,301.37,-48.49,301.25,-48.46,301.33,-48.48,301.34,-48.51,301.32,-48.42,301.25,-48.42,301.32,-48.45,301.31,-48.49,301.29,-48.38,301.21,-48.39,301.28,-48.42,301.29,-48.47,301.28,-48.36,301.18,-48.37,301.23,-48.39,301.26,-48.43,301.27
ND_yJmV0dKOT7w_frame001496_l.jpg,0,131.92,271.04,131.87,270.96,131.92,270.90,132.00,270.90,132.08,270.95,131.86,271.10,131.97,271.05,132.03,270.98,132.10,270.90,131.93,271.18,132.02,271.08,132.08,271.00,132.15,270.91,132.02,271.21,132.08,271.11,132.13,271.02,132.17,270.93,132.09,271.21,132.13,271.13,132.16,271.06,132.17,270.98
ND_yOBPdAlmeCA_frame000001_r.jpg,0,-113.64,-56.39,-113.35,-56.19,-113.09,-56.10,-112.84,-56.05,-112.60,-56.01,-112.90,-56.42,-112.61,-56.32,-112.50,-56.26,-112.42,-56.18,-112.89,-56.65,-112.62,-56.55,-112.45,-56.46,-112.28,-56.33,-113.00,-56.81,-112.75,-56.70,-112.56,-56.59,-112.39,-56.42,-113.08,-56.91,-112.89,-56.90,-112.78,-56.79,-112.70,-56.61
ND_yUv0yxeltHY_frame017044_r.jpg,0,465.55,205.81,465.48,205.61,465.36,205.41,465.23,205.24,465.05,205.04,465.00,205.45,464.91,205.21,464.92,205.03,464.97,204.84,464.90,205.45,465.01,205.23,465.18,205.16,465.34,205.24,464.96,205.49,465.04,205.28,465.24,205.26,465.29,205.42,465.04,205.49,465.07,205.34,465.22,205.31,465.27,205.40
ND_yUv0yxeltHY_frame031097_l.jpg,0,371.91,183.83,371.95,183.78,372.06,183.74,372.17,183.74,372.27,183.82,372.21,183.70,372.29,183.78,372.30,183.84,372.29,183.85,372.27,183.74,372.34,183.82,372.33,183.88,372.32,183.90,372.26,183.82,372.35,183.85,372.36,183.91,372.34,183.93,372.24,183.90,372.33,183.89,372.39,183.91,372.41,183.93
ND_yUv0yxeltHY_frame031695_l.jpg,0,467.29,228.45,467.36,228.40,467.47,228.34,467.58,228.34,467.70,228.42,467.61,228.29,467.73,228.35,467.75,228.42,467.74,228.45,467.67,228.33,467.76,228.41,467.73,228.47,467.69,228.47,467.65,228.42,467.76,228.46,467.72,228.51,467.67,228.51,467.63,228.50,467.72,228.51,467.73,228.54,467.70,228.55
ND_yUv0yxeltHY_frame035283_l.jpg,0,485.24,148.34,485.33,148.23,485.44,148.16,485.56,148.14,485.69,148.20,485.58,148.13,485.71,148.15,485.74,148.19,485.71,148.22,485.63,148.20,485.76,148.21,485.78,148.25,485.75,148.28,485.61,148.31,485.74,148.28,485.82,148.29,485.86,148.30,485.59,148.41,485.68,148.41,485.76,148.43,485.85,148.44
ND_yZd2KP9kyh0_frame004801_r.jpg,0,380.41,438.57,380.49,438.65,380.54,438.68,380.57,438.66,380.62,438.65,380.67,438.59,380.69,438.60,380.64,438.61,380.57,438.64,380.67,438.52,380.67,438.53,380.61,438.56,380.56,438.61,380.61,438.48,380.61,438.52,380.57,438.57,380.53,438.63,380.55,438.46,380.56,438.51,380.55,438.57,380.53,438.61
ND_yZd2KP9kyh0_frame006001_r.jpg,0,239.11,422.44,239.20,422.47,239.26,422.53,239.33,422.57,239.39,422.64,239.37,422.46,239.42,422.54,239.39,422.60,239.36,422.66,239.37,422.46,239.42,422.55,239.40,422.61,239.37,422.67,239.32,422.48,239.37,422.55,239.35,422.61,239.31,422.64,239.27,422.50,239.31,422.55,239.33,422.60,239.36,422.66
ND_yZd2KP9kyh0_frame010501_l.jpg,0,352.70,301.26,352.66,301.32,352.66,301.43,352.67,301.52,352.66,301.65,352.87,301.42,352.84,301.56,352.77,301.62,352.68,301.64,352.96,301.47,352.90,301.59,352.81,301.63,352.71,301.58,352.97,301.49,352.94,301.61,352.83,301.64,352.74,301.59,352.96,301.52,352.97,301.61,352.91,301.67,352.83,301.69
ND_ybaKqfYV7vU_frame001501_r.jpg,0,16.11,51.63,16.22,51.75,16.30,51.75,16.44,51.71,16.72,51.56,16.37,51.19,16.67,51.12,16.90,51.27,16.97,51.51,16.48,50.94,16.77,51.18,16.73,51.37,16.47,51.44,16.59,50.87,16.86,51.10,16.83,51.33,16.61,51.49,16.70,50.87,16.82,51.05,16.68,51.19,16.46,51.15
ND_yg6T30VasC4_frame000001_r.jpg,0,371.82,203.25,371.83,203.17,371.82,203.10,371.80,203.03,371.78,203.01,371.70,203.06,371.75,202.99,371.79,203.04,371.77,203.08,371.66,203.05,371.73,203.00,371.77,203.05,371.75,203.09,371.66,203.08,371.72,203.03,371.78,203.07,371.75,203.12,371.68,203.09,371.72,203.06,371.76,203.10,371.75,203.14
ND_ykYYHDmjCEk_frame000301_l.jpg,0,221.41,293.18,221.38,293.12,221.33,293.08,221.30,293.05,221.26,293.02,221.25,293.11,221.20,293.12,221.18,293.10,221.19,293.07,221.25,293.14,221.23,293.10,221.27,293.07,221.31,293.05,221.28,293.17,221.28,293.13,221.32,293.10,221.36,293.08,221.31,293.19,221.30,293.16,221.33,293.13,221.36,293.12
ND_ykuBELaEbSw_frame000301_l.jpg,0,-189.74,68.48,-189.77,68.18,-189.75,67.95,-189.80,67.77,-190.05,67.72,-189.94,68.08,-190.14,67.98,-190.22,67.93,-190.18,67.96,-190.05,68.23,-190.26,68.10,-190.33,68.03,-190.29,68.02,-190.13,68.40,-190.31,68.26,-190.25,68.25,-190.09,68.33,-190.21,68.52,-190.35,68.43,-190.28,68.42,-190.14,68.45
ND_yr_hS-Qn4HY_frame000001_r.jpg,0,84.38,263.87,84.38,263.84,84.40,263.82,84.42,263.80,84.45,263.80,84.41,263.84,84.44,263.82,84.43,263.81,84.42,263.81,84.43,263.86,84.45,263.83,84.45,263.81,84.44,263.80,84.45,263.87,84.46,263.84,84.46,263.83,84.45,263.82,84.46,263.88,84.47,263.86,84.46,263.85,84.46,263.85
ND_yt3zTvnc53I_frame000293_r.jpg,0,142.48,40.69,142.33,40.59,142.29,40.48,142.30,40.38,142.42,40.26,142.33,40.67,142.33,40.66,142.35,40.53,142.37,40.40,142.47,40.70,142.49,40.60,142.49,40.46,142.49,40.33,142.61,40.69,142.60,40.62,142.57,40.47,142.54,40.34,142.71,40.67,142.72,40.59,142.68,40.49,142.62,40.39
ND_ywinZG_Amzg_frame006301_r.jpg,0,227.35,236.56,227.41,236.54,227.47,236.53,227.53,236.54,227.60,236.55,227.50,236.64,227.58,236.65,227.62,236.62,227.63,236.58,227.51,236.68,227.58,236.67,227.61,236.63,227.62,236.58,227.50,236.69,227.56,236.67,227.59,236.64,227.60,236.60,227.48,236.68,227.53,236.67,227.56,236.65,227.57,236.61
ND_yz9IWvj1YWw_frame002152_r.jpg,0,596.93,225.97,596.95,225.98,597.00,225.95,597.04,225.91,597.09,225.84,596.93,225.83,596.97,225.77,597.02,225.74,597.08,225.75,596.94,225.77,596.99,225.71,597.05,225.70,597.12,225.70,596.96,225.75,597.00,225.69,597.05,225.66,597.11,225.65,596.99,225.75,597.04,225.71,597.08,225.67,597.12,225.62
ND_yz9IWvj1YWw_frame008844_l.jpg,0,528.70,291.86,528.74,291.77,528.77,291.69,528.81,291.63,528.86,291.54,528.91,291.73,528.97,291.69,528.98,291.65,528.96,291.61,528.93,291.78,528.93,291.73,528.91,291.69,528.88,291.65,528.90,291.83,528.91,291.77,528.88,291.74,528.85,291.72,528.86,291.86,528.88,291.82,528.87,291.80,528.84,291.78
ND_yz9IWvj1YWw_frame009800_r.jpg,0,686.19,404.27,686.28,404.33,686.35,404.37,686.44,404.40,686.55,404.43,686.44,404.44,686.55,404.45,686.62,404.42,686.69,404.39,686.47,404.40,686.57,404.39,686.64,404.36,686.70,404.33,686.44,404.32,686.54,404.34,686.61,404.31,686.67,404.29,686.42,404.25,686.49,404.26,686.56,404.27,686.61,404.28
ND_z-MgSfetfpA_frame024251_r.jpg,0,295.74,298.42,295.78,298.42,295.85,298.27,295.90,298.11,295.96,297.86,295.47,298.11,295.57,297.95,295.74,297.90,295.95,297.89,295.41,297.94,295.62,297.84,295.81,297.85,295.99,297.95,295.47,297.86,295.66,297.79,295.86,297.82,296.01,297.94,295.55,297.80,295.71,297.77,295.86,297.80,296.04,297.88
ND_z2HIU2XcaY8_frame006579_r.jpg,0,4.64,-372.21,4.87,-371.59,4.70,-371.08,4.40,-370.73,3.84,-370.58,4.50,-370.88,4.38,-370.32,4.26,-370.09,4.16,-370.27,4.09,-370.98,3.76,-370.54,3.52,-370.22,3.34,-369.89,3.77,-371.27,3.64,-370.81,3.60,-370.51,3.76,-370.50,3.55,-371.49,3.58,-371.14,3.64,-370.90,3.74,-370.69
ND_zEeONAt2qv8_frame000601_r.jpg,0,404.34,327.37,404.36,327.53,404.28,327.63,404.18,327.68,404.06,327.73,404.31,327.61,404.17,327.67,404.09,327.70,404.01,327.74,404.23,327.55,404.11,327.62,404.02,327.67,403.94,327.72,404.16,327.46,404.07,327.56,403.98,327.62,403.91,327.69,404.10,327.41,404.04,327.49,403.99,327.55,403.92,327.63
ND_zEeONAt2qv8_frame004801_r.jpg,0,283.04,477.90,282.96,477.87,282.88,477.85,282.81,477.84,282.70,477.79,282.87,478.02,282.85,478.09,282.84,478.13,282.81,478.19,282.93,478.08,282.89,478.15,282.86,478.18,282.80,478.21,283.01,478.09,282.96,478.15,282.94,478.20,282.89,478.23,283.08,478.09,283.04,478.13,283.01,478.18,282.97,478.21
ND_zEoyPl4WIeI_frame014251_l.jpg,0,514.14,334.16,514.06,333.93,514.12,333.78,514.22,333.68,514.34,333.56,514.19,333.97,514.35,333.94,514.48,333.80,514.59,333.64,514.37,334.09,514.56,333.91,514.69,333.77,514.85,333.61,514.52,334.18,514.66,334.02,514.79,333.85,514.91,333.67,514.63,334.21,514.72,334.11,514.81,333.98,514.84,333.85
ND_zEoyPl4WIeI_frame025501_r.jpg,0,408.64,418.34,408.67,418.43,408.60,418.49,408.53,418.56,408.44,418.66,408.51,418.47,408.44,418.57,408.40,418.63,408.36,418.70,408.43,418.46,408.39,418.57,408.38,418.64,408.39,418.71,408.39,418.45,408.39,418.56,408.40,418.64,408.46,418.68,408.38,418.46,408.38,418.53,408.40,418.59,408.46,418.65
ND_zMZ19xhz4co_frame006579_l.jpg,0,303.89,-420.54,303.94,-420.93,304.11,-421.20,304.35,-421.36,304.57,-421.53,304.56,-421.22,304.82,-421.42,304.96,-421.55,305.10,-421.67,304.75,-421.04,305.02,-421.20,305.19,-421.31,305.39,-421.42,304.75,-420.78,305.01,-420.91,305.19,-420.99,305.35,-421.07,304.71,-420.58,304.91,-420.67,305.05,-420.73,305.15,-420.81
ND_zYmfOPDTUTU_frame002101_l.jpg,0,150.42,621.63,150.52,621.57,150.61,621.55,150.69,621.57,150.78,621.60,150.67,621.61,150.76,621.65,150.81,621.66,150.85,621.67,150.67,621.69,150.75,621.72,150.79,621.73,150.83,621.74,150.62,621.75,150.71,621.77,150.75,621.78,150.80,621.79,150.59,621.79,150.65,621.82,150.69,621.83,150.74,621.84
ND_z_u5T2ZjUUs_frame009322_l.jpg,0,999.60,216.13,999.50,215.99,999.39,215.89,999.38,215.78,999.46,215.65,999.66,216.00,999.77,215.90,999.84,215.77,999.89,215.61,999.82,216.04,999.95,215.89,1000.02,215.75,1000.07,215.59,999.94,216.05,1000.03,215.90,1000.10,215.75,1000.15,215.59,1000.02,216.03,1000.10,215.94,1000.15,215.83,1000.16,215.70
ND_z_u5T2ZjUUs_frame015775_r.jpg,0,595.55,2.94,595.90,2.53,596.19,2.03,596.43,1.58,596.83,1.03,595.67,1.32,596.07,0.94,596.43,0.96,596.87,1.07,595.54,1.14,596.11,1.12,596.49,1.19,596.95,1.27,595.53,1.33,596.08,1.36,596.50,1.52,596.96,1.63,595.61,1.53,595.99,1.45,596.36,1.47,596.81,1.50
ND_z_vFpfShqYA_frame019201_r.jpg,0,832.63,228.50,832.58,228.41,832.50,228.37,832.41,228.39,832.34,228.40,832.38,228.36,832.28,228.34,832.22,228.34,832.15,228.34,832.34,228.43,832.24,228.43,832.25,228.46,832.32,228.46,832.36,228.51,832.27,228.51,832.30,228.53,832.38,228.53,832.38,228.58,832.32,228.56,832.32,228.57,832.37,228.56
ND_zeFrAgI_2_o_frame000901_l.jpg,0,-125.53,66.13,-126.04,66.04,-126.45,66.17,-126.75,66.33,-126.79,66.42,-126.23,65.40,-126.49,65.69,-126.50,66.00,-126.37,66.24,-125.96,65.36,-126.15,65.71,-126.22,66.02,-126.19,66.16,-125.64,65.55,-125.92,65.75,-126.03,66.07,-125.97,66.18,-125.42,65.76,-125.66,65.86,-125.75,66.11,-125.76,66.25
ND_zhJUXKmj2sk_frame000001_l.jpg,0,-241.37,47.66,-241.51,47.40,-241.74,47.22,-241.97,47.10,-242.25,46.96,-241.56,46.80,-241.78,46.57,-241.97,46.47,-242.17,46.34,-241.59,46.78,-241.86,46.65,-242.08,46.60,-242.31,46.55,-241.64,46.96,-241.87,46.81,-242.11,46.80,-242.27,46.80,-241.71,47.12,-241.86,47.00,-242.03,46.94,-242.17,46.91
ND_ziSsE9PIEQk_frame004751_l.jpg,0,-10.33,-395.42,-9.89,-396.29,-9.48,-396.93,-8.86,-397.09,-8.25,-396.58,-8.73,-396.59,-8.06,-397.01,-8.31,-396.83,-8.80,-396.57,-8.43,-396.05,-7.76,-396.34,-8.11,-396.21,-8.66,-396.07,-8.43,-395.41,-7.81,-395.74,-8.03,-395.74,-8.49,-395.66,-8.45,-394.96,-7.93,-395.11,-7.92,-395.24,-8.18,-395.35
ND_zlg0s8fM99Y_frame007201_r.jpg,0,1452.51,776.14,1452.99,775.59,1453.02,774.82,1452.98,774.13,1452.72,773.24,1452.09,774.69,1451.93,773.84,1452.22,773.41,1452.64,773.02,1451.51,774.50,1451.89,773.85,1452.16,773.39,1452.41,772.82,1451.23,774.52,1451.73,773.99,1452.13,773.63,1452.53,773.21,1451.12,774.52,1451.48,774.09,1451.86,773.80,1452.35,773.49
ND_zq_LRaBgc24_frame003553_r.jpg,0,869.56,-61.66,869.50,-61.50,869.46,-61.36,869.42,-61.24,869.37,-61.08,869.68,-61.25,869.68,-61.12,869.59,-61.12,869.48,-61.16,869.75,-61.26,869.69,-61.14,869.59,-61.20,869.55,-61.30,869.76,-61.35,869.71,-61.22,869.60,-61.24,869.51,-61.31,869.74,-61.42,869.73,-61.32,869.65,-61.29,869.57,-61.32
ND_zq_LRaBgc24_frame006513_r.jpg,0,38.70,51.75,38.80,51.64,38.88,51.65,38.97,51.68,39.09,51.75,38.67,51.47,38.62,51.38,38.70,51.44,38.76,51.51,38.58,51.53,38.52,51.48,38.60,51.54,38.70,51.58,38.53,51.64,38.52,51.64,38.62,51.70,38.71,51.71,38.51,51.74,38.53,51.74,38.61,51.76,38.70,51.75
ND_zrkIoGMBcFg_frame001201_l.jpg,0,-359.70,174.25,-359.95,174.44,-360.22,174.81,-360.50,175.27,-360.90,175.80,-361.23,174.58,-361.58,175.13,-361.48,175.56,-361.16,175.94,-361.46,174.72,-361.55,175.34,-361.29,175.72,-360.82,175.88,-361.28,174.88,-361.41,175.40,-361.13,175.79,-360.68,175.83,-361.06,175.05,-361.19,175.40,-361.01,175.68,-360.70,175.72
ND_zvVJVN2A9d4_frame000300_r.jpg,0,-197.67,-161.22,-197.45,-160.87,-197.67,-160.68,-198.00,-160.48,-198.27,-160.30,-197.86,-161.06,-198.11,-160.53,-198.16,-160.26,-198.12,-160.41,-198.28,-161.21,-198.45,-160.69,-198.47,-160.35,-198.28,-160.52,-198.59,-161.25,-198.70,-160.76,-198.62,-160.43,-198.44,-160.54,-198.80,-161.21,-198.80,-160.85,-198.72,-160.57,-198.55,-160.59
ND_zwaSsEG3GdY_frame010466_l.jpg,0,-641.87,-523.02,-642.69,-523.70,-643.26,-524.36,-643.68,-525.08,-644.01,-525.82,-642.28,-525.61,-642.89,-526.42,-643.43,-526.78,-644.03,-526.85,-641.76,-525.90,-642.02,-526.83,-642.55,-527.15,-643.24,-527.02,-641.43,-525.62,-641.81,-526.42,-642.39,-526.79,-643.12,-526.74,-641.31,-525.33,-641.55,-525.92,-642.01,-526.25,-642.57,-526.34
ND_zwq7QfKjJD0_frame000001_r.jpg,0,598.69,440.54,598.68,440.56,598.68,440.58,598.68,440.60,598.68,440.63,598.71,440.60,598.71,440.63,598.71,440.64,598.70,440.66,598.72,440.60,598.72,440.63,598.72,440.64,598.71,440.66,598.72,440.59,598.71,440.62,598.70,440.63,598.69,440.64,598.71,440.59,598.70,440.60,598.70,440.62,598.69,440.63
ND_zwq7QfKjJD0_frame014101_l.jpg,0,718.01,502.79,718.01,502.73,718.04,502.73,718.08,502.74,718.14,502.70,717.94,502.78,717.91,502.78,717.91,502.78,717.92,502.79,717.94,502.85,717.93,502.88,717.93,502.92,717.93,502.95,717.97,502.90,718.00,502.95,718.03,503.00,718.07,503.03,718.00,502.93,718.04,502.97,718.07,503.00,718.09,503.03
ND_zwq7QfKjJD0_frame015001_r.jpg,0,291.04,478.44,290.90,478.45,290.79,478.49,290.73,478.58,290.66,478.69,290.80,478.65,290.76,478.76,290.73,478.82,290.69,478.89,290.85,478.73,290.79,478.82,290.76,478.89,290.70,478.95,290.93,478.75,290.85,478.82,290.80,478.90,290.73,478.96,290.98,478.75,290.93,478.81,290.88,478.86,290.81,478.92
